Job started at: Mon Oct 20 21:46:57 CEST 2025
Running on node: cn0878
Job ID: 10340371
CPUs: 16
Memory: 100GB

🔧 Testing OpenReview client...
🔍 Testing invitation: ICLR.cc/2024/Conference/-/Submission
✅ Successfully connected! Found 3 notes for ICLR.cc/2024/Conference/-/Submission.
📄 Sample note ID: cXs5md5wAq
📝 Sample title: {'value': 'Modelling Microbial Communities with Graph Neural Networks'}
📁 Output directory: /ceph/hpc/home/euweihez/topcon/d2025d08-005-users/iclr_2026
🎯 Targeting ICLR 2026 papers
🚀 Starting crawl for unlimited ICLR 2026 papers...
📄 PDF downloads enabled
🔍 Fetching papers...
Searching for ICLR 2026 submissions...
Trying invitation: ICLR.cc/2026/Conference/-/Submission
Fetching all notes for ICLR.cc/2026/Conference/-/Submission with reviews (using directReplies)...
Found 19746 papers with invitation: ICLR.cc/2026/Conference/-/Submission
📊 Found 19746 papers
Downloaded supplementary_material for zzTQISAGUp (2.1MB) -> zzTQISAGUp.zip
Skipping supplementary_material for zzJTo7ujql: size 45.4MB exceeds 10MB limit
Downloaded supplementary_material for zz06hwkH37 (0.0MB) -> zz06hwkH37.zip
Downloaded supplementary_material for zyp9QT5Gf1 (0.0MB) -> zyp9QT5Gf1.zip
Downloaded supplementary_material for zyRmy0Ch9a (2.0MB) -> zyRmy0Ch9a.zip
Downloaded supplementary_material for zyLI9LEmry (0.0MB) -> zyLI9LEmry.zip
Downloaded supplementary_material for zyCjizqOxB (4.3MB) -> zyCjizqOxB.zip
Downloaded supplementary_material for zxsLio384j (0.5MB) -> zxsLio384j.zip
Downloaded supplementary_material for zxlbh55PhC (1.8MB) -> zxlbh55PhC.zip
Skipping supplementary_material for zxito57J6x: size 77.6MB exceeds 10MB limit
Downloaded supplementary_material for zwZpT1ZBpl (5.3MB) -> zwZpT1ZBpl.zip
Skipping supplementary_material for zwLpUxiqSE: size 28.6MB exceeds 10MB limit
Downloaded supplementary_material for zvzrDQTk1n (1.9MB) -> zvzrDQTk1n.zip
Downloaded supplementary_material for zvdDRZJlea (7.3MB) -> zvdDRZJlea.zip
Skipping supplementary_material for zvUiJqGRZx: size 31.8MB exceeds 10MB limit
Downloaded supplementary_material for zvL42fmtbG (2.0MB) -> zvL42fmtbG.zip
Downloaded supplementary_material for zvHqmW4NkP (0.1MB) -> zvHqmW4NkP.zip
Skipping supplementary_material for zv91fpVOGc: size 33.4MB exceeds 10MB limit
Downloaded supplementary_material for zuvcCOnm27 (3.3MB) -> zuvcCOnm27.zip
Skipping supplementary_material for zuYXSoOzYG: size 30.7MB exceeds 10MB limit
Downloaded supplementary_material for zuGt6TYYtS (2.0MB) -> zuGt6TYYtS.zip
Downloaded supplementary_material for zu2BjeEwRJ (16.4MB) -> zu2BjeEwRJ.zip
Downloaded supplementary_material for ztGHhyicWs (0.1MB) -> ztGHhyicWs.zip
Downloaded supplementary_material for ztEKLEUNKS (13.2MB) -> ztEKLEUNKS.zip
Downloaded supplementary_material for zt7IPzsXrT (0.2MB) -> zt7IPzsXrT.zip
Downloaded supplementary_material for zrQkWSecMR (0.1MB) -> zrQkWSecMR.zip
Skipping supplementary_material for zqcYoxXiN3: size 41.0MB exceeds 10MB limit
Downloaded supplementary_material for zqOCacBD3P (0.7MB) -> zqOCacBD3P.zip
Downloaded supplementary_material for zq40cmz1JD (0.4MB) -> zq40cmz1JD.zip
Downloaded supplementary_material for zph7e5JaXc (0.0MB) -> zph7e5JaXc.zip
Downloaded supplementary_material for zowuEuRZXs (0.4MB) -> zowuEuRZXs.zip
Downloaded supplementary_material for zonBdwUL26 (1.7MB) -> zonBdwUL26.zip
Downloaded supplementary_material for zoYPlgX1bH (0.3MB) -> zoYPlgX1bH.zip
Downloaded supplementary_material for zmZsWCGzUV (0.4MB) -> zmZsWCGzUV.zip
Skipping supplementary_material for zlNZBxQZIC: size 96.8MB exceeds 10MB limit
Downloaded supplementary_material for zkeRriSIEl (0.2MB) -> zkeRriSIEl.zip
Downloaded supplementary_material for zkAAVuTbwY (14.2MB) -> zkAAVuTbwY.zip
Downloaded supplementary_material for zjFOF6oZb5 (0.7MB) -> zjFOF6oZb5.zip
Downloaded supplementary_material for zilyretTjq (12.9MB) -> zilyretTjq.zip
Skipping supplementary_material for zifQaLogHV: size 24.4MB exceeds 10MB limit
Downloaded supplementary_material for ziP9zetlLp (1.2MB) -> ziP9zetlLp.zip
Skipping supplementary_material for ziKFH7whvy: size 53.7MB exceeds 10MB limit
Skipping supplementary_material for zhqiPuLQHU: size 78.8MB exceeds 10MB limit
Downloaded supplementary_material for zhXSs3hdFR (0.1MB) -> zhXSs3hdFR.zip
Downloaded supplementary_material for zhI2L3mDoM (1.4MB) -> zhI2L3mDoM.zip
Downloaded supplementary_material for zgs0L72R4c (0.1MB) -> zgs0L72R4c.zip
Skipping supplementary_material for zgqFQM8VNe: size 95.7MB exceeds 10MB limit
Downloaded supplementary_material for zgNQGoqKS4 (2.3MB) -> zgNQGoqKS4.zip
Downloaded supplementary_material for zftquoHTgS (0.1MB) -> zftquoHTgS.zip
Downloaded supplementary_material for zfruJR2oxw (2.3MB) -> zfruJR2oxw.zip
Skipping supplementary_material for zfrb8tikzS: size 34.1MB exceeds 10MB limit
Downloaded supplementary_material for zfkINmO7WZ (0.1MB) -> zfkINmO7WZ.zip
Downloaded supplementary_material for zfZxymLbSv (1.1MB) -> zfZxymLbSv.zip
Downloaded supplementary_material for zfVICPB5Sv (0.1MB) -> zfVICPB5Sv.zip
Downloaded supplementary_material for zeBKTZEiCv (1.6MB) -> zeBKTZEiCv.zip
Downloaded supplementary_material for zdvlLxRWSn (0.0MB) -> zdvlLxRWSn.zip
Downloaded supplementary_material for zdm4B2dp0V (0.9MB) -> zdm4B2dp0V.zip
Downloaded supplementary_material for zd9R2T4HiX (1.2MB) -> zd9R2T4HiX.zip
Skipping supplementary_material for zcmL592XRG: size 21.9MB exceeds 10MB limit
Downloaded supplementary_material for zcAwK50ft0 (19.6MB) -> zcAwK50ft0.zip
Downloaded supplementary_material for zc1ezBrr5m (0.0MB) -> zc1ezBrr5m.zip
Downloaded supplementary_material for zbiWoFe60O (0.0MB) -> zbiWoFe60O.zip
Downloaded supplementary_material for zbdhhlIy8o (0.1MB) -> zbdhhlIy8o.zip
Downloaded supplementary_material for zbNWwHLJFw (0.1MB) -> zbNWwHLJFw.zip
Downloaded supplementary_material for zbHpRwzrq5 (16.5MB) -> zbHpRwzrq5.zip
Downloaded supplementary_material for zbHlT1aRJM (0.3MB) -> zbHlT1aRJM.zip
Downloaded supplementary_material for zaw5conN6J (3.3MB) -> zaw5conN6J.zip
Downloaded supplementary_material for zZZKAytEGm (0.4MB) -> zZZKAytEGm.zip
Downloaded supplementary_material for zZNYUkBS77 (5.9MB) -> zZNYUkBS77.zip
Downloaded supplementary_material for zZ7NdQ9kob (3.3MB) -> zZ7NdQ9kob.zip
Downloaded supplementary_material for zZ2RhS3nRI (17.7MB) -> zZ2RhS3nRI.zip
Downloaded supplementary_material for zWs891LGPS (0.0MB) -> zWs891LGPS.zip
Skipping supplementary_material for zWRmev5IQ4: size 92.0MB exceeds 10MB limit
Downloaded supplementary_material for zWQFfMfKYp (1.0MB) -> zWQFfMfKYp.zip
Downloaded supplementary_material for zWL3AwI4kq (0.0MB) -> zWL3AwI4kq.zip
Downloaded supplementary_material for zW1U6SW9ra (1.1MB) -> zW1U6SW9ra.zip
Downloaded supplementary_material for zV1hR6wWFK (0.0MB) -> zV1hR6wWFK.zip
Downloaded supplementary_material for zUkBSNDrMx (0.7MB) -> zUkBSNDrMx.zip
Downloaded supplementary_material for zTXtIi4ZhN (0.0MB) -> zTXtIi4ZhN.zip
Downloaded supplementary_material for zTLMPYaF6F (5.6MB) -> zTLMPYaF6F.zip
Downloaded supplementary_material for zT1HyxGHYS (0.1MB) -> zT1HyxGHYS.zip
Downloaded supplementary_material for zSsNzxjWP4 (0.6MB) -> zSsNzxjWP4.zip
Skipping supplementary_material for zSeZnOC79K: size 72.7MB exceeds 10MB limit
Downloaded supplementary_material for zS9Fwi8Ta9 (0.3MB) -> zS9Fwi8Ta9.zip
Downloaded supplementary_material for zQu9QNL0in (1.1MB) -> zQu9QNL0in.zip
Downloaded supplementary_material for zOaKaSMwdn (0.0MB) -> zOaKaSMwdn.zip
Downloaded supplementary_material for zOWljZMbCm (0.7MB) -> zOWljZMbCm.zip
Skipping supplementary_material for zNCNEOhKps: size 22.7MB exceeds 10MB limit
Downloaded supplementary_material for zMIIHeKivz (0.4MB) -> zMIIHeKivz.zip
Downloaded supplementary_material for zMAIP3FZ6g (0.1MB) -> zMAIP3FZ6g.zip
Downloaded supplementary_material for zLcTDEqDmS (0.1MB) -> zLcTDEqDmS.zip
Downloaded supplementary_material for zLAZhVIYpT (0.4MB) -> zLAZhVIYpT.zip
Downloaded supplementary_material for zL9wxlDExi (15.3MB) -> zL9wxlDExi.zip
Downloaded supplementary_material for zKduIgwo5z (5.8MB) -> zKduIgwo5z.zip
Downloaded supplementary_material for zKQSyT7a7n (9.1MB) -> zKQSyT7a7n.zip
Downloaded supplementary_material for zJaqyxO7K7 (5.5MB) -> zJaqyxO7K7.zip
Downloaded supplementary_material for zHexNab8uH (5.6MB) -> zHexNab8uH.zip
Downloaded supplementary_material for zGxAx4WFHO (0.1MB) -> zGxAx4WFHO.zip
Skipping supplementary_material for zGtTQTD1zu: size 95.8MB exceeds 10MB limit
Skipping supplementary_material for zG6QVv6wGs: size 56.5MB exceeds 10MB limit
Downloaded supplementary_material for zFkopTvclB (12.6MB) -> zFkopTvclB.zip
Downloaded supplementary_material for zFUkXQj6U6 (3.9MB) -> zFUkXQj6U6.zip
Downloaded supplementary_material for zF7GyVXVw6 (3.8MB) -> zF7GyVXVw6.zip
Downloaded supplementary_material for zDh96pfydF (0.0MB) -> zDh96pfydF.zip
Downloaded supplementary_material for zCwTMRtASZ (0.1MB) -> zCwTMRtASZ.zip
Downloaded supplementary_material for zCadrJ32Xn (1.7MB) -> zCadrJ32Xn.zip
Downloaded supplementary_material for zCZcbRsc4g (0.0MB) -> zCZcbRsc4g.zip
Downloaded supplementary_material for zCYXhSy9UH (19.2MB) -> zCYXhSy9UH.zip
Downloaded supplementary_material for zCBGe9AqJZ (0.2MB) -> zCBGe9AqJZ.zip
Downloaded supplementary_material for zBvSFeZRL8 (16.6MB) -> zBvSFeZRL8.zip
Downloaded supplementary_material for zB84FcNK2m (4.2MB) -> zB84FcNK2m.zip
Downloaded supplementary_material for zAtrBcGsyf (0.1MB) -> zAtrBcGsyf.zip
Downloaded supplementary_material for zAdC99LPZU (0.0MB) -> zAdC99LPZU.zip
Downloaded supplementary_material for z9wjti8GoJ (7.9MB) -> z9wjti8GoJ.zip
Downloaded supplementary_material for z9kAjjRejs (2.0MB) -> z9kAjjRejs.zip
Downloaded supplementary_material for z9MlGsQbzR (10.9MB) -> z9MlGsQbzR.zip
Downloaded supplementary_material for z8xjWmyQSZ (1.1MB) -> z8xjWmyQSZ.zip
Skipping supplementary_material for z8BN7KyaPl: size 88.6MB exceeds 10MB limit
Skipping supplementary_material for z7nS4MgMS7: size 93.6MB exceeds 10MB limit
Skipping supplementary_material for z7ilspv4uH: size 32.0MB exceeds 10MB limit
Downloaded supplementary_material for z7V6wDn32y (1.5MB) -> z7V6wDn32y.zip
Skipping supplementary_material for z7KTJgA9Ue: size 58.5MB exceeds 10MB limit
Skipping supplementary_material for z6uWNKEbo0: size 48.1MB exceeds 10MB limit
Downloaded supplementary_material for z6pXpXufuO (5.1MB) -> z6pXpXufuO.zip
Downloaded supplementary_material for z62rRFnNaX (0.0MB) -> z62rRFnNaX.zip
Downloaded supplementary_material for z5caL4aXLt (0.1MB) -> z5caL4aXLt.zip
Downloaded supplementary_material for z5cPEZ4n6i (0.0MB) -> z5cPEZ4n6i.zip
Downloaded supplementary_material for z5CwjJgw3i (15.3MB) -> z5CwjJgw3i.zip
Downloaded supplementary_material for z55Fut1CRw (0.7MB) -> z55Fut1CRw.zip
Downloaded supplementary_material for z4kwbzLmqG (0.0MB) -> z4kwbzLmqG.zip
Skipping supplementary_material for z45L1eYoHE: size 77.1MB exceeds 10MB limit
Downloaded supplementary_material for z1yPH2Rska (4.0MB) -> z1yPH2Rska.zip
Downloaded supplementary_material for z1M5egqvJX (12.8MB) -> z1M5egqvJX.zip
Skipping supplementary_material for z0QLeooEEf: size 80.1MB exceeds 10MB limit
Skipping supplementary_material for yz7fL5vfpn: size 75.1MB exceeds 10MB limit
Downloaded supplementary_material for yz29QCGVzC (0.5MB) -> yz29QCGVzC.zip
Skipping supplementary_material for yye5kN9jH7: size 32.6MB exceeds 10MB limit
Downloaded supplementary_material for yy2FLVlaoY (1.7MB) -> yy2FLVlaoY.zip
Downloaded supplementary_material for yxx6XiXwx2 (0.3MB) -> yxx6XiXwx2.zip
Skipping supplementary_material for yx00QWzKEF: size 21.8MB exceeds 10MB limit
Downloaded supplementary_material for ywPINvcN95 (0.1MB) -> ywPINvcN95.zip
Skipping supplementary_material for ytowjGMISZ: size 81.3MB exceeds 10MB limit
Downloaded supplementary_material for ytiKTxE5up (2.3MB) -> ytiKTxE5up.zip
Downloaded supplementary_material for ytbX1CRzah (0.0MB) -> ytbX1CRzah.zip
Skipping supplementary_material for ytCDRzvf5f: size 21.2MB exceeds 10MB limit
Downloaded supplementary_material for yt9TW2WtpG (0.2MB) -> yt9TW2WtpG.zip
Downloaded supplementary_material for yt40xuRBA9 (0.1MB) -> yt40xuRBA9.zip
Skipping supplementary_material for ysT0BCmZ3S: size 49.9MB exceeds 10MB limit
Downloaded supplementary_material for ys80cc2N5M (3.6MB) -> ys80cc2N5M.zip
Skipping supplementary_material for yrVAA0czRz: size 39.9MB exceeds 10MB limit
Downloaded supplementary_material for yphdYy9rEx (10.5MB) -> yphdYy9rEx.zip
Downloaded supplementary_material for ypc7mvGVNm (6.8MB) -> ypc7mvGVNm.zip
Skipping supplementary_material for ynim5u2N4i: size 77.2MB exceeds 10MB limit
Skipping supplementary_material for ynT6rqo4Lp: size 39.0MB exceeds 10MB limit
Downloaded supplementary_material for ymJuBifPUy (16.3MB) -> ymJuBifPUy.zip
Downloaded supplementary_material for ylr6WArKQN (11.4MB) -> ylr6WArKQN.zip
Downloaded supplementary_material for yli4zJhJB0 (11.1MB) -> yli4zJhJB0.zip
Downloaded supplementary_material for ylaKpd7tmA (6.6MB) -> ylaKpd7tmA.zip
Downloaded supplementary_material for yk3QBsB43u (0.1MB) -> yk3QBsB43u.zip
Skipping supplementary_material for yjrVOxjkDR: size 90.5MB exceeds 10MB limit
Downloaded supplementary_material for yjo4WycX7p (0.7MB) -> yjo4WycX7p.zip
Downloaded supplementary_material for yjFkeQ2ynQ (1.2MB) -> yjFkeQ2ynQ.zip
Downloaded supplementary_material for yj9cg8rBcL (0.0MB) -> yj9cg8rBcL.zip
Skipping supplementary_material for yiNVIcAfg9: size 20.6MB exceeds 10MB limit
Downloaded supplementary_material for yiMlVBAoQi (13.9MB) -> yiMlVBAoQi.zip
Downloaded supplementary_material for yhqCTAFy0O (7.1MB) -> yhqCTAFy0O.zip
Downloaded supplementary_material for yhhbL9T1QB (0.0MB) -> yhhbL9T1QB.zip
Skipping supplementary_material for yfqHr7l2tG: size 87.9MB exceeds 10MB limit
Downloaded supplementary_material for yfk6c39omW (0.0MB) -> yfk6c39omW.zip
Downloaded supplementary_material for yfiOYXvsX5 (4.1MB) -> yfiOYXvsX5.zip
Skipping supplementary_material for yfhP1GZINZ: size 51.5MB exceeds 10MB limit
Skipping supplementary_material for yfUBcAr1Pr: size 65.4MB exceeds 10MB limit
Downloaded supplementary_material for yfM2e8Icsw (13.7MB) -> yfM2e8Icsw.zip
Skipping supplementary_material for yfLpRFuMwK: size 76.6MB exceeds 10MB limit
Downloaded supplementary_material for yem3izGXnD (0.0MB) -> yem3izGXnD.zip
Skipping supplementary_material for yeHBrNVZoV: size 72.1MB exceeds 10MB limit
Downloaded supplementary_material for ydVFxjjtbA (0.8MB) -> ydVFxjjtbA.zip
Skipping supplementary_material for yd55HULWM1: size 35.6MB exceeds 10MB limit
Downloaded supplementary_material for ybffyf7LE7 (3.8MB) -> ybffyf7LE7.zip
Skipping supplementary_material for yaZKdPdwZl: size 92.1MB exceeds 10MB limit
Downloaded supplementary_material for yaUtClCGWA (1.5MB) -> yaUtClCGWA.zip
Downloaded supplementary_material for yaL9vBuJpD (0.4MB) -> yaL9vBuJpD.zip
Downloaded supplementary_material for ya12uarRYU (3.0MB) -> ya12uarRYU.zip
Downloaded supplementary_material for ya00JrKTjp (0.0MB) -> ya00JrKTjp.zip
Downloaded supplementary_material for yZirk1CoZQ (0.1MB) -> yZirk1CoZQ.zip
Skipping supplementary_material for yZaTmUOW1o: size 45.6MB exceeds 10MB limit
Skipping supplementary_material for yXiSPBMrTT: size 91.3MB exceeds 10MB limit
Downloaded supplementary_material for yXJO7kVfvz (0.1MB) -> yXJO7kVfvz.zip
Downloaded supplementary_material for yXDjrFpBtp (6.2MB) -> yXDjrFpBtp.zip
Skipping supplementary_material for yWwrgcBoK3: size 26.3MB exceeds 10MB limit
Skipping supplementary_material for yTzFfHOyyU: size 52.2MB exceeds 10MB limit
Skipping supplementary_material for yTUNl6jYGU: size 26.3MB exceeds 10MB limit
Downloaded supplementary_material for ySp8faVj6k (0.0MB) -> ySp8faVj6k.zip
Downloaded supplementary_material for ySLgxJKvgK (14.9MB) -> ySLgxJKvgK.zip
Downloaded supplementary_material for yRtgZ1K8hO (1.0MB) -> yRtgZ1K8hO.zip
Downloaded supplementary_material for yResLmrVO1 (0.0MB) -> yResLmrVO1.zip
Downloaded supplementary_material for yR5QX5cTEy (0.4MB) -> yR5QX5cTEy.zip
💾 Saved chunk: 1 (500 papers)
Downloaded supplementary_material for yQ7ssakeKM (0.0MB) -> yQ7ssakeKM.zip
Downloaded supplementary_material for yOkek71cG5 (0.1MB) -> yOkek71cG5.zip
Downloaded supplementary_material for yOOQxdQBQe (0.0MB) -> yOOQxdQBQe.zip
Downloaded supplementary_material for yOMeLIvpXq (0.9MB) -> yOMeLIvpXq.zip
Downloaded supplementary_material for yNVoSoxM0u (5.9MB) -> yNVoSoxM0u.zip
Downloaded supplementary_material for yMMb3rCuNM (3.4MB) -> yMMb3rCuNM.zip
Downloaded supplementary_material for yLxuoueGpH (0.0MB) -> yLxuoueGpH.zip
Skipping supplementary_material for yLL2oDvWSn: size 24.2MB exceeds 10MB limit
Downloaded supplementary_material for yLA9l9hykz (0.0MB) -> yLA9l9hykz.zip
Downloaded supplementary_material for yKsIC2emJt (0.9MB) -> yKsIC2emJt.zip
Downloaded supplementary_material for yK2ELO31lT (1.0MB) -> yK2ELO31lT.zip
Downloaded supplementary_material for yJzMPGtakp (4.2MB) -> yJzMPGtakp.zip
Downloaded supplementary_material for yJiMANMsz2 (2.5MB) -> yJiMANMsz2.zip
Downloaded supplementary_material for yI79EvEm8G (1.4MB) -> yI79EvEm8G.zip
Downloaded supplementary_material for yHUjWb6eMe (0.1MB) -> yHUjWb6eMe.zip
Downloaded supplementary_material for yGNLtD7VQ2 (0.3MB) -> yGNLtD7VQ2.zip
Downloaded supplementary_material for yG2WrLenxd (2.0MB) -> yG2WrLenxd.zip
Downloaded supplementary_material for yFFvGTtw81 (1.1MB) -> yFFvGTtw81.zip
Downloaded supplementary_material for yF17OOCRO4 (0.0MB) -> yF17OOCRO4.zip
Downloaded supplementary_material for yEpE0QPpf8 (1.8MB) -> yEpE0QPpf8.zip
Downloaded supplementary_material for yEfKDCbtv1 (10.6MB) -> yEfKDCbtv1.zip
Downloaded supplementary_material for yEKyIwJvvl (7.7MB) -> yEKyIwJvvl.zip
Downloaded supplementary_material for yDbJHQlrbf (4.4MB) -> yDbJHQlrbf.zip
Downloaded supplementary_material for yDLD3D95w3 (1.0MB) -> yDLD3D95w3.zip
Downloaded supplementary_material for yCTpYe3UOL (0.1MB) -> yCTpYe3UOL.zip
Downloaded supplementary_material for yBpzF8hp3J (0.0MB) -> yBpzF8hp3J.zip
Skipping supplementary_material for yBdD8T5LfB: size 74.3MB exceeds 10MB limit
Downloaded supplementary_material for yBSoEHMN6p (0.2MB) -> yBSoEHMN6p.zip
Skipping supplementary_material for yBFUqdJFZn: size 26.1MB exceeds 10MB limit
Downloaded supplementary_material for yBDBCpEzsO (7.6MB) -> yBDBCpEzsO.zip
Downloaded supplementary_material for yBArAkXNcZ (0.4MB) -> yBArAkXNcZ.zip
Skipping supplementary_material for yAns9ibCaE: size 22.2MB exceeds 10MB limit
Skipping supplementary_material for yAdQNUBmVj: size 49.4MB exceeds 10MB limit
Downloaded supplementary_material for yAIosXyiOy (0.0MB) -> yAIosXyiOy.zip
Downloaded supplementary_material for y9SV71G8fP (1.9MB) -> y9SV71G8fP.zip
Downloaded supplementary_material for y9OpI6xMbA (5.2MB) -> y9OpI6xMbA.zip
Skipping supplementary_material for y9FPxcxWyh: size 65.8MB exceeds 10MB limit
Downloaded supplementary_material for y8vwDwygeM (4.9MB) -> y8vwDwygeM.zip
Skipping supplementary_material for y8jS7mDurI: size 28.7MB exceeds 10MB limit
Downloaded supplementary_material for y8Kzu9SKpv (0.4MB) -> y8Kzu9SKpv.zip
Skipping supplementary_material for y7wAuwErpL: size 92.1MB exceeds 10MB limit
Skipping supplementary_material for y7duXr0JXF: size 42.0MB exceeds 10MB limit
Skipping supplementary_material for y7VeiCT7HG: size 29.9MB exceeds 10MB limit
Downloaded supplementary_material for y7SrBOHz7F (0.4MB) -> y7SrBOHz7F.zip
Downloaded supplementary_material for y7HV7KT3Bd (4.3MB) -> y7HV7KT3Bd.zip
Downloaded supplementary_material for y6yrEPkSKM (0.1MB) -> y6yrEPkSKM.zip
Downloaded supplementary_material for y6piOp5MSO (0.0MB) -> y6piOp5MSO.zip
Downloaded supplementary_material for y6je0oiwEg (0.1MB) -> y6je0oiwEg.zip
Skipping supplementary_material for y6XJZlEC2x: size 85.2MB exceeds 10MB limit
Downloaded supplementary_material for y5GYHWCmco (4.7MB) -> y5GYHWCmco.zip
Downloaded supplementary_material for y5CaJb17Fn (0.1MB) -> y5CaJb17Fn.zip
Skipping supplementary_material for y4y7fvcR8W: size 41.6MB exceeds 10MB limit
Downloaded supplementary_material for y4kAMUBqLq (1.1MB) -> y4kAMUBqLq.zip
Downloaded supplementary_material for y4LTYbGXkc (3.2MB) -> y4LTYbGXkc.zip
Downloaded supplementary_material for y4791a4W9E (6.7MB) -> y4791a4W9E.zip
Downloaded supplementary_material for y3bTy8ao1N (0.8MB) -> y3bTy8ao1N.zip
Downloaded supplementary_material for y3UkklvoW9 (6.6MB) -> y3UkklvoW9.zip
Skipping supplementary_material for y39XbEp1vK: size 89.4MB exceeds 10MB limit
Downloaded supplementary_material for y2QHVETUqJ (0.1MB) -> y2QHVETUqJ.zip
Downloaded supplementary_material for y1sf15RoY0 (8.8MB) -> y1sf15RoY0.zip
Downloaded supplementary_material for y1EQ5EH5zF (0.8MB) -> y1EQ5EH5zF.zip
Downloaded supplementary_material for y13mtWvmoG (0.1MB) -> y13mtWvmoG.zip
Downloaded supplementary_material for y0gom847Oy (0.0MB) -> y0gom847Oy.zip
Skipping supplementary_material for y0KyBu5gfz: size 63.6MB exceeds 10MB limit
Downloaded supplementary_material for xzRGxKmeEG (0.1MB) -> xzRGxKmeEG.zip
Skipping supplementary_material for xyJ6ivc8ZU: size 48.0MB exceeds 10MB limit
Downloaded supplementary_material for xxsacQ3tdb (9.5MB) -> xxsacQ3tdb.zip
Downloaded supplementary_material for xvzwLMgX3U (13.3MB) -> xvzwLMgX3U.zip
Skipping supplementary_material for xvRpSz6rr6: size 33.6MB exceeds 10MB limit
Skipping supplementary_material for xvQarojMGO: size 68.1MB exceeds 10MB limit
Downloaded supplementary_material for xvGyyh6MG7 (2.8MB) -> xvGyyh6MG7.zip
Downloaded supplementary_material for xuxIViH3Gy (3.6MB) -> xuxIViH3Gy.zip
Downloaded supplementary_material for xus9xNjuCI (1.9MB) -> xus9xNjuCI.zip
Skipping supplementary_material for xufpYfKi89: size 55.6MB exceeds 10MB limit
Skipping supplementary_material for xszAt23a17: size 79.5MB exceeds 10MB limit
Downloaded supplementary_material for xsPWWSod4M (1.4MB) -> xsPWWSod4M.zip
Downloaded supplementary_material for xsKW2XSpyk (17.0MB) -> xsKW2XSpyk.zip
Skipping supplementary_material for xrjgNjckVB: size 66.3MB exceeds 10MB limit
Downloaded supplementary_material for xqlxtkOhDX (0.4MB) -> xqlxtkOhDX.zip
Downloaded supplementary_material for xpxgepkpRO (1.0MB) -> xpxgepkpRO.zip
Downloaded supplementary_material for xpHiVf0xhf (0.0MB) -> xpHiVf0xhf.zip
Downloaded supplementary_material for xoiJ1FOqHr (0.0MB) -> xoiJ1FOqHr.zip
Downloaded supplementary_material for xo4MHUjiDL (13.7MB) -> xo4MHUjiDL.zip
Downloaded supplementary_material for xnQTMZAbZ0 (6.0MB) -> xnQTMZAbZ0.zip
Downloaded supplementary_material for xn9fS09Yir (0.0MB) -> xn9fS09Yir.zip
Downloaded supplementary_material for xmsbFPmsOz (0.0MB) -> xmsbFPmsOz.zip
Downloaded supplementary_material for xmP7ZpjPQ5 (0.0MB) -> xmP7ZpjPQ5.zip
Skipping supplementary_material for xlr3NqxUqY: size 89.5MB exceeds 10MB limit
Downloaded supplementary_material for xlextm1d24 (0.1MB) -> xlextm1d24.zip
Downloaded supplementary_material for xks5wt2er8 (0.0MB) -> xks5wt2er8.zip
Downloaded supplementary_material for xkbjNJi0eb (2.7MB) -> xkbjNJi0eb.zip
Skipping supplementary_material for xkRMJ1Y7Um: size 49.8MB exceeds 10MB limit
Downloaded supplementary_material for xk8EqWDPQw (11.3MB) -> xk8EqWDPQw.zip
Downloaded supplementary_material for xjufT7vTnb (1.2MB) -> xjufT7vTnb.zip
Downloaded supplementary_material for xirYW6JGcN (0.0MB) -> xirYW6JGcN.zip
Downloaded supplementary_material for xiTrskqWph (0.0MB) -> xiTrskqWph.zip
Downloaded supplementary_material for xiGpZZo9sx (0.0MB) -> xiGpZZo9sx.zip
Downloaded supplementary_material for xhS4ouGBJt (3.1MB) -> xhS4ouGBJt.zip
Downloaded supplementary_material for xggSxCFQbA (4.3MB) -> xggSxCFQbA.zip
Skipping supplementary_material for xg0fmtqh8d: size 21.5MB exceeds 10MB limit
Downloaded supplementary_material for xf4ykWUcDH (5.5MB) -> xf4ykWUcDH.zip
Downloaded supplementary_material for xf0pldrWcz (0.2MB) -> xf0pldrWcz.zip
Skipping supplementary_material for xe67yPwL7W: size 33.5MB exceeds 10MB limit
Downloaded supplementary_material for xbyebbS1ZF (0.0MB) -> xbyebbS1ZF.zip
Downloaded supplementary_material for xbtPNDv58N (9.1MB) -> xbtPNDv58N.zip
Downloaded supplementary_material for xbW0fytR2D (0.0MB) -> xbW0fytR2D.zip
Downloaded supplementary_material for xalTjNXVHb (0.8MB) -> xalTjNXVHb.zip
Downloaded supplementary_material for xafFC4h8OO (0.1MB) -> xafFC4h8OO.zip
Downloaded supplementary_material for xaKwnFpBxq (2.6MB) -> xaKwnFpBxq.zip
Downloaded supplementary_material for xa3oLRQG55 (0.3MB) -> xa3oLRQG55.zip
Skipping supplementary_material for xZqtRHMID9: size 27.1MB exceeds 10MB limit
Downloaded supplementary_material for xYNZ5swfJG (8.2MB) -> xYNZ5swfJG.zip
Failed to download supplementary_material for xYEBEQThke: ('Connection broken: IncompleteRead(82378724 bytes read, 8459125 more expected)', IncompleteRead(82378724 bytes read, 8459125 more expected))
Downloaded supplementary_material for xYCTkyqtu3 (1.1MB) -> xYCTkyqtu3.zip
Downloaded supplementary_material for xWTjMkkjrO (0.0MB) -> xWTjMkkjrO.zip
Downloaded supplementary_material for xVuEdAfnKT (1.7MB) -> xVuEdAfnKT.zip
Downloaded supplementary_material for xVB9AivJa5 (1.6MB) -> xVB9AivJa5.zip
Downloaded supplementary_material for xURArpl40L (0.0MB) -> xURArpl40L.zip
Downloaded supplementary_material for xTbFeDhdRG (10.1MB) -> xTbFeDhdRG.zip
Downloaded supplementary_material for xTVKObXd5r (0.0MB) -> xTVKObXd5r.zip
Skipping supplementary_material for xTP2g8e986: size 28.9MB exceeds 10MB limit
Downloaded supplementary_material for xSa19DAieH (0.0MB) -> xSa19DAieH.zip
Downloaded supplementary_material for xRy3olU4GT (8.2MB) -> xRy3olU4GT.zip
Downloaded supplementary_material for xRjOrcj08o (1.3MB) -> xRjOrcj08o.zip
Downloaded supplementary_material for xRgtzijvgc (0.0MB) -> xRgtzijvgc.zip
Downloaded supplementary_material for xRXILtRLtS (0.4MB) -> xRXILtRLtS.zip
Downloaded supplementary_material for xPxoZuosIe (0.1MB) -> xPxoZuosIe.zip
Downloaded supplementary_material for xPEsxcO7F7 (6.6MB) -> xPEsxcO7F7.zip
Downloaded supplementary_material for xPBsWooORO (0.0MB) -> xPBsWooORO.zip
Downloaded supplementary_material for xOMBWdMGWt (0.0MB) -> xOMBWdMGWt.zip
Skipping supplementary_material for xNhbMyXsJn: size 29.4MB exceeds 10MB limit
Downloaded supplementary_material for xNUgwvJ115 (0.0MB) -> xNUgwvJ115.zip
Downloaded supplementary_material for xLZDKIUcCc (1.3MB) -> xLZDKIUcCc.zip
Downloaded supplementary_material for xKRA2pkUy7 (0.0MB) -> xKRA2pkUy7.zip
Downloaded supplementary_material for xJtxpJ6QdD (1.2MB) -> xJtxpJ6QdD.zip
Downloaded supplementary_material for xJT4fXJr1Q (0.1MB) -> xJT4fXJr1Q.zip
Downloaded supplementary_material for xIycolc5Xw (0.4MB) -> xIycolc5Xw.zip
Skipping supplementary_material for xH0pSRWbFi: size 94.5MB exceeds 10MB limit
Skipping supplementary_material for xFo13SaHQm: size 24.8MB exceeds 10MB limit
Downloaded supplementary_material for xFdT63wm5e (0.1MB) -> xFdT63wm5e.zip
Downloaded supplementary_material for xEgjOxM5dZ (0.0MB) -> xEgjOxM5dZ.zip
Downloaded supplementary_material for xCelVyUVO2 (0.0MB) -> xCelVyUVO2.zip
Skipping supplementary_material for xCatVTpI4K: size 63.0MB exceeds 10MB limit
Downloaded supplementary_material for xCYFRyGI38 (0.9MB) -> xCYFRyGI38.zip
Skipping supplementary_material for xCAum9gOkj: size 87.0MB exceeds 10MB limit
Downloaded supplementary_material for xBW2FIfswU (0.0MB) -> xBW2FIfswU.zip
Skipping supplementary_material for xBQvvkg4Wc: size 81.4MB exceeds 10MB limit
Skipping supplementary_material for xAaW436epC: size 45.1MB exceeds 10MB limit
Downloaded supplementary_material for x8tl75Yznn (9.6MB) -> x8tl75Yznn.zip
Skipping supplementary_material for x79tGDQd7Z: size 88.8MB exceeds 10MB limit
Skipping supplementary_material for x77sW1KUNE: size 33.3MB exceeds 10MB limit
Downloaded supplementary_material for x6yXotTOLz (13.3MB) -> x6yXotTOLz.zip
Skipping supplementary_material for x6tMP01Imy: size 46.2MB exceeds 10MB limit
Skipping supplementary_material for x6bG2Hoqdf: size 30.3MB exceeds 10MB limit
Skipping supplementary_material for x66u6TEDUw: size 89.3MB exceeds 10MB limit
Downloaded supplementary_material for x5HDAixMaK (0.0MB) -> x5HDAixMaK.zip
Skipping supplementary_material for x4vwdjckZ6: size 30.4MB exceeds 10MB limit
Downloaded supplementary_material for x46qJUo38Q (3.7MB) -> x46qJUo38Q.zip
Downloaded supplementary_material for x446ASYlCt (0.4MB) -> x446ASYlCt.zip
Downloaded supplementary_material for x3c4um7jJX (1.1MB) -> x3c4um7jJX.zip
Downloaded supplementary_material for x3WyBB7Fma (2.9MB) -> x3WyBB7Fma.zip
Downloaded supplementary_material for x2DWTywZ1i (15.4MB) -> x2DWTywZ1i.zip
Skipping supplementary_material for x1FRyko9eC: size 88.3MB exceeds 10MB limit
Downloaded supplementary_material for x0xBJxrVTy (0.6MB) -> x0xBJxrVTy.zip
Downloaded supplementary_material for x0g7d96cp2 (0.1MB) -> x0g7d96cp2.zip
Downloaded supplementary_material for wzX6hi5QGj (0.0MB) -> wzX6hi5QGj.zip
Skipping supplementary_material for wzJKBQN71B: size 28.8MB exceeds 10MB limit
Skipping supplementary_material for wyauZpoqRK: size 44.3MB exceeds 10MB limit
Skipping supplementary_material for wySMuWHmt4: size 20.6MB exceeds 10MB limit
Skipping supplementary_material for wyK7RH9jf5: size 77.3MB exceeds 10MB limit
Downloaded supplementary_material for wyJ4YagQqw (4.5MB) -> wyJ4YagQqw.zip
Skipping supplementary_material for wyIlqIMMnZ: size 65.0MB exceeds 10MB limit
Downloaded supplementary_material for wyCnT4BUsT (14.6MB) -> wyCnT4BUsT.zip
Downloaded supplementary_material for wy41I8a3Mr (0.4MB) -> wy41I8a3Mr.zip
Skipping supplementary_material for wwXP9eqWeW: size 33.7MB exceeds 10MB limit
Downloaded supplementary_material for wwA0X3UfAn (0.1MB) -> wwA0X3UfAn.zip
Downloaded supplementary_material for wvxq3qNzHB (0.5MB) -> wvxq3qNzHB.zip
Downloaded supplementary_material for wviOOX5JVn (0.6MB) -> wviOOX5JVn.zip
Skipping supplementary_material for wvebgelKnP: size 39.1MB exceeds 10MB limit
Downloaded supplementary_material for wvUdQQoEWt (0.9MB) -> wvUdQQoEWt.zip
Downloaded supplementary_material for wvT56qK50w (4.4MB) -> wvT56qK50w.zip
Downloaded supplementary_material for wuvwqe5n9J (0.0MB) -> wuvwqe5n9J.zip
Downloaded supplementary_material for wunWpzNKfl (0.0MB) -> wunWpzNKfl.zip
Skipping supplementary_material for wua8fMn2mm: size 25.0MB exceeds 10MB limit
Downloaded supplementary_material for wsnse46kRO (7.6MB) -> wsnse46kRO.zip
Skipping supplementary_material for wqCwcTZsrv: size 23.9MB exceeds 10MB limit
Skipping supplementary_material for wpQCA4yMkq: size 86.4MB exceeds 10MB limit
Downloaded supplementary_material for wonSO0gOan (1.5MB) -> wonSO0gOan.zip
Downloaded supplementary_material for woJuNveik3 (0.0MB) -> woJuNveik3.zip
Downloaded supplementary_material for wo5y09nns1 (2.4MB) -> wo5y09nns1.zip
Skipping supplementary_material for wnOklPZERE: size 46.5MB exceeds 10MB limit
Downloaded supplementary_material for wnIanx0r0w (0.0MB) -> wnIanx0r0w.zip
💾 Saved chunk: 2 (500 papers)
Downloaded supplementary_material for wmEJKCFzMT (0.8MB) -> wmEJKCFzMT.zip
Downloaded supplementary_material for wleUyyqTz2 (5.7MB) -> wleUyyqTz2.zip
Downloaded supplementary_material for wkzi3ZHUWz (4.3MB) -> wkzi3ZHUWz.zip
Downloaded supplementary_material for wkkei3kopv (0.0MB) -> wkkei3kopv.zip
Downloaded supplementary_material for wkPwINSKak (9.9MB) -> wkPwINSKak.zip
Skipping supplementary_material for wgGlLBIJ6h: size 62.9MB exceeds 10MB limit
Skipping supplementary_material for wg3mF6dve0: size 69.7MB exceeds 10MB limit
Downloaded supplementary_material for wf73W2xatC (15.1MB) -> wf73W2xatC.zip
Downloaded supplementary_material for wePt91W0OZ (5.2MB) -> wePt91W0OZ.zip
Skipping supplementary_material for wdiyHGoswX: size 57.3MB exceeds 10MB limit
Downloaded supplementary_material for wdY1VxgHK6 (14.2MB) -> wdY1VxgHK6.zip
Skipping supplementary_material for wdFdObhQnG: size 24.2MB exceeds 10MB limit
Skipping supplementary_material for wd3nWzmE7i: size 37.4MB exceeds 10MB limit
Downloaded supplementary_material for wcTuZG9P2o (11.1MB) -> wcTuZG9P2o.zip
Downloaded supplementary_material for wcInjlUp8V (7.3MB) -> wcInjlUp8V.zip
Downloaded supplementary_material for wcHDud2NYG (12.7MB) -> wcHDud2NYG.zip
Downloaded supplementary_material for wbg5x0OoqB (2.0MB) -> wbg5x0OoqB.zip
Downloaded supplementary_material for wb83wO41QT (0.5MB) -> wb83wO41QT.zip
Downloaded supplementary_material for wb05ver1k8 (9.6MB) -> wb05ver1k8.zip
Downloaded supplementary_material for waW1m3imhR (3.3MB) -> waW1m3imhR.zip
Skipping supplementary_material for wYwY5irrjl: size 52.6MB exceeds 10MB limit
Downloaded supplementary_material for wYYOdt3f3L (0.6MB) -> wYYOdt3f3L.zip
Downloaded supplementary_material for wXuIseXdmE (0.3MB) -> wXuIseXdmE.zip
Downloaded supplementary_material for wXan3GYeHL (0.0MB) -> wXan3GYeHL.zip
Skipping supplementary_material for wX6L6TevaQ: size 20.4MB exceeds 10MB limit
Skipping supplementary_material for wWvrC9oajI: size 42.7MB exceeds 10MB limit
Skipping supplementary_material for wWuljhGHs2: size 81.8MB exceeds 10MB limit
Downloaded supplementary_material for wWla66rbdk (10.0MB) -> wWla66rbdk.zip
Downloaded supplementary_material for wUzBBsrdB1 (0.2MB) -> wUzBBsrdB1.zip
Skipping supplementary_material for wT45bJeDb3: size 23.3MB exceeds 10MB limit
Downloaded supplementary_material for wSUysJXv07 (1.0MB) -> wSUysJXv07.zip
Downloaded supplementary_material for wQDZhn04Ar (1.2MB) -> wQDZhn04Ar.zip
Downloaded supplementary_material for wOubHRUZQU (0.0MB) -> wOubHRUZQU.zip
Downloaded supplementary_material for wOPPdBRh9X (0.0MB) -> wOPPdBRh9X.zip
Downloaded supplementary_material for wONGmN1hXL (3.7MB) -> wONGmN1hXL.zip
Failed to download supplementary_material for wNtdVoqEmr: ('Connection broken: IncompleteRead(10223310 bytes read, 78216927 more expected)', IncompleteRead(10223310 bytes read, 78216927 more expected))
Downloaded supplementary_material for wNNgeOTouT (0.0MB) -> wNNgeOTouT.zip
Downloaded supplementary_material for wNAUAPfceN (0.1MB) -> wNAUAPfceN.zip
Downloaded supplementary_material for wM7uVwV1Za (2.7MB) -> wM7uVwV1Za.zip
Downloaded supplementary_material for wLcTAJ7DF9 (0.0MB) -> wLcTAJ7DF9.zip
Skipping supplementary_material for wLMEtQ5wBa: size 88.9MB exceeds 10MB limit
Downloaded supplementary_material for wL3LrVW0by (0.0MB) -> wL3LrVW0by.zip
Downloaded supplementary_material for wKzj9Z1FJ1 (12.1MB) -> wKzj9Z1FJ1.zip
Downloaded supplementary_material for wKX9OL0leb (1.3MB) -> wKX9OL0leb.zip
Downloaded supplementary_material for wKRHgF0VTo (0.4MB) -> wKRHgF0VTo.zip
Downloaded supplementary_material for wKPQXtVejB (3.8MB) -> wKPQXtVejB.zip
Downloaded supplementary_material for wJtD28wGV1 (3.2MB) -> wJtD28wGV1.zip
Skipping supplementary_material for wJl0xeQ0s0: size 77.0MB exceeds 10MB limit
Skipping supplementary_material for wJhhCmbFzY: size 54.0MB exceeds 10MB limit
Downloaded supplementary_material for wJgaHyJaDD (12.9MB) -> wJgaHyJaDD.zip
Skipping supplementary_material for wIYWEYLztY: size 40.0MB exceeds 10MB limit
Downloaded supplementary_material for wIGG5HVGd8 (0.2MB) -> wIGG5HVGd8.zip
Downloaded supplementary_material for wHuVdpnUFp (0.1MB) -> wHuVdpnUFp.zip
Downloaded supplementary_material for wH2KwMOojc (0.0MB) -> wH2KwMOojc.zip
Skipping supplementary_material for wFSOtyvQ9d: size 22.0MB exceeds 10MB limit
Downloaded supplementary_material for wEuWyQnLY5 (2.6MB) -> wEuWyQnLY5.zip
Downloaded supplementary_material for wDhD0EWomR (0.0MB) -> wDhD0EWomR.zip
Downloaded supplementary_material for wDSx3HGb5S (19.0MB) -> wDSx3HGb5S.zip
Downloaded supplementary_material for wDHaTrs8UT (0.1MB) -> wDHaTrs8UT.zip
Downloaded supplementary_material for wCV1efgkyV (8.5MB) -> wCV1efgkyV.zip
Skipping supplementary_material for wCRZbspSZi: size 26.4MB exceeds 10MB limit
Skipping supplementary_material for wCKjR9LTar: size 57.2MB exceeds 10MB limit
Downloaded supplementary_material for wCBNxp1qWe (0.0MB) -> wCBNxp1qWe.zip
Downloaded supplementary_material for wBaNdkd4sr (0.0MB) -> wBaNdkd4sr.zip
Skipping supplementary_material for wAn6LwdcYQ: size 49.3MB exceeds 10MB limit
Downloaded supplementary_material for wA6dvVnKe8 (0.2MB) -> wA6dvVnKe8.zip
Skipping supplementary_material for w8ksWcSuFb: size 30.9MB exceeds 10MB limit
Downloaded supplementary_material for w8VvosbQax (0.9MB) -> w8VvosbQax.zip
Skipping supplementary_material for w7xpNeFIbb: size 41.5MB exceeds 10MB limit
Downloaded supplementary_material for w7hGj6pT8d (0.0MB) -> w7hGj6pT8d.zip
Downloaded supplementary_material for w70fv82Vft (0.1MB) -> w70fv82Vft.zip
Downloaded supplementary_material for w5k4FfyNnP (3.6MB) -> w5k4FfyNnP.zip
Downloaded supplementary_material for w5UbwWejhc (0.1MB) -> w5UbwWejhc.zip
Downloaded supplementary_material for w4WaG9dpEb (6.6MB) -> w4WaG9dpEb.zip
Downloaded supplementary_material for w2tnhhMbXv (0.3MB) -> w2tnhhMbXv.zip
Downloaded supplementary_material for w27mNVSvLr (0.1MB) -> w27mNVSvLr.zip
Downloaded supplementary_material for w0rVXs6QJM (0.0MB) -> w0rVXs6QJM.zip
Downloaded supplementary_material for w0XhHcXfKv (0.1MB) -> w0XhHcXfKv.zip
Downloaded supplementary_material for w025bYRVkO (0.2MB) -> w025bYRVkO.zip
Downloaded supplementary_material for vznmtmUPmA (19.1MB) -> vznmtmUPmA.zip
Downloaded supplementary_material for vzlDdOzXAh (0.3MB) -> vzlDdOzXAh.zip
Skipping supplementary_material for vzkEX2SwFD: size 23.2MB exceeds 10MB limit
Downloaded supplementary_material for vzZx2awlA8 (11.7MB) -> vzZx2awlA8.zip
Skipping supplementary_material for vyeac15K0J: size 21.9MB exceeds 10MB limit
Downloaded supplementary_material for vycvHlBzGP (0.1MB) -> vycvHlBzGP.zip
Downloaded supplementary_material for vxlTrWwY4y (0.8MB) -> vxlTrWwY4y.zip
Downloaded supplementary_material for vxkzW4ljeX (0.0MB) -> vxkzW4ljeX.zip
Skipping supplementary_material for vxiyM9HJw4: size 56.4MB exceeds 10MB limit
Downloaded supplementary_material for vwgrHsmKuH (15.4MB) -> vwgrHsmKuH.zip
Downloaded supplementary_material for vvyVDF4Xf4 (0.5MB) -> vvyVDF4Xf4.zip
Downloaded supplementary_material for vvSrgJIdvn (1.6MB) -> vvSrgJIdvn.zip
Skipping supplementary_material for vvFmFfoaIT: size 80.4MB exceeds 10MB limit
Downloaded supplementary_material for vv8EcCoBfr (0.0MB) -> vv8EcCoBfr.zip
Downloaded supplementary_material for vuzL4ImPKW (0.0MB) -> vuzL4ImPKW.zip
Downloaded supplementary_material for vuyk1fSaE4 (0.4MB) -> vuyk1fSaE4.zip
Downloaded supplementary_material for vuMabnSok0 (1.7MB) -> vuMabnSok0.zip
Downloaded supplementary_material for vu1IEpdUQh (1.5MB) -> vu1IEpdUQh.zip
Skipping supplementary_material for vu0wCqW51g: size 64.0MB exceeds 10MB limit
Downloaded supplementary_material for vslAHwTxzP (0.3MB) -> vslAHwTxzP.zip
Downloaded supplementary_material for vsLZPkKCAB (0.7MB) -> vsLZPkKCAB.zip
Downloaded supplementary_material for vs0NxGAUO9 (0.1MB) -> vs0NxGAUO9.zip
Downloaded supplementary_material for vrwTC598H0 (1.3MB) -> vrwTC598H0.zip
Skipping supplementary_material for vrheHeTbhM: size 64.7MB exceeds 10MB limit
Skipping supplementary_material for vrY91av397: size 86.5MB exceeds 10MB limit
Downloaded supplementary_material for vrXAFcqUro (0.2MB) -> vrXAFcqUro.zip
Downloaded supplementary_material for vrUqxxnU9A (0.7MB) -> vrUqxxnU9A.zip
Downloaded supplementary_material for vrBZs2UL5n (0.8MB) -> vrBZs2UL5n.zip
Downloaded supplementary_material for vr6bwTvhH7 (0.8MB) -> vr6bwTvhH7.zip
Downloaded supplementary_material for vqVzEIYY6v (0.0MB) -> vqVzEIYY6v.zip
Downloaded supplementary_material for vqNg2Vl8o1 (0.0MB) -> vqNg2Vl8o1.zip
Downloaded supplementary_material for vprM1GQdmx (17.1MB) -> vprM1GQdmx.zip
Downloaded supplementary_material for vphWR1NwGW (0.5MB) -> vphWR1NwGW.zip
Downloaded supplementary_material for vpKXTmMtBQ (1.9MB) -> vpKXTmMtBQ.zip
Downloaded supplementary_material for vpCHB2zfpO (0.1MB) -> vpCHB2zfpO.zip
Skipping supplementary_material for voqtsqYS6j: size 20.8MB exceeds 10MB limit
Skipping supplementary_material for voqdJhz26e: size 37.0MB exceeds 10MB limit
Downloaded supplementary_material for vnipyA8c9V (0.6MB) -> vnipyA8c9V.zip
Downloaded supplementary_material for vndn1Wrult (3.9MB) -> vndn1Wrult.zip
Downloaded supplementary_material for vmQ02I4vxh (10.2MB) -> vmQ02I4vxh.zip
Skipping supplementary_material for vmBIF25KLf: size 38.0MB exceeds 10MB limit
Skipping supplementary_material for vm8lNKLfuo: size 35.9MB exceeds 10MB limit
Downloaded supplementary_material for vm8TSA37Na (0.0MB) -> vm8TSA37Na.zip
Downloaded supplementary_material for vlpAgjkw39 (4.7MB) -> vlpAgjkw39.zip
Downloaded supplementary_material for vklNOdnRbs (0.0MB) -> vklNOdnRbs.zip
Downloaded supplementary_material for viX7rUMzwg (6.3MB) -> viX7rUMzwg.zip
Downloaded supplementary_material for viUSX7QMRJ (2.4MB) -> viUSX7QMRJ.zip
Skipping supplementary_material for vhrovHIeE4: size 88.0MB exceeds 10MB limit
Downloaded supplementary_material for vhhwY0AVgu (0.1MB) -> vhhwY0AVgu.zip
Downloaded supplementary_material for vg8RDsCZbJ (0.0MB) -> vg8RDsCZbJ.zip
Downloaded supplementary_material for vf6FxFj1OK (0.5MB) -> vf6FxFj1OK.zip
Downloaded supplementary_material for veL6ZAMFmb (3.4MB) -> veL6ZAMFmb.zip
Downloaded supplementary_material for ve0q46za2O (0.4MB) -> ve0q46za2O.zip
Downloaded supplementary_material for vd4eNAdtO6 (1.5MB) -> vd4eNAdtO6.zip
Downloaded supplementary_material for vd4bU3uq8a (2.0MB) -> vd4bU3uq8a.zip
Downloaded supplementary_material for vc9Tj11LNE (0.1MB) -> vc9Tj11LNE.zip
Skipping supplementary_material for vc3P7CcBLe: size 43.7MB exceeds 10MB limit
Downloaded supplementary_material for vbZqb8od8P (7.5MB) -> vbZqb8od8P.zip
Downloaded supplementary_material for vanVyHsl30 (3.8MB) -> vanVyHsl30.zip
Skipping supplementary_material for vaflHrZhlY: size 20.2MB exceeds 10MB limit
Downloaded supplementary_material for vaMVik1WmL (0.0MB) -> vaMVik1WmL.zip
Downloaded supplementary_material for va4FWa5TDN (0.1MB) -> va4FWa5TDN.zip
Downloaded supplementary_material for vZOFjAvekt (0.0MB) -> vZOFjAvekt.zip
Downloaded supplementary_material for vZLZyNxeOa (11.3MB) -> vZLZyNxeOa.zip
Downloaded supplementary_material for vXoksdcfqC (0.7MB) -> vXoksdcfqC.zip
Skipping supplementary_material for vWqmI93OcL: size 32.6MB exceeds 10MB limit
Downloaded supplementary_material for vWmICkpSoM (1.3MB) -> vWmICkpSoM.zip
Downloaded supplementary_material for vVMT9ODgwR (0.0MB) -> vVMT9ODgwR.zip
Downloaded supplementary_material for vVGU6qgzC6 (0.0MB) -> vVGU6qgzC6.zip
Downloaded supplementary_material for vUrZaERt8b (2.3MB) -> vUrZaERt8b.zip
Downloaded supplementary_material for vUK9lF2A51 (0.1MB) -> vUK9lF2A51.zip
Downloaded supplementary_material for vTLmHAkoIW (0.1MB) -> vTLmHAkoIW.zip
Downloaded supplementary_material for vT5ZpD7AB4 (0.1MB) -> vT5ZpD7AB4.zip
Downloaded supplementary_material for vSbYEwVFqM (18.1MB) -> vSbYEwVFqM.zip
Downloaded supplementary_material for vSZOEx1QHr (1.5MB) -> vSZOEx1QHr.zip
Downloaded supplementary_material for vSXIEbTVhE (2.2MB) -> vSXIEbTVhE.zip
Downloaded supplementary_material for vRwonhcrbA (5.5MB) -> vRwonhcrbA.zip
Skipping supplementary_material for vRgEutPE4m: size 48.4MB exceeds 10MB limit
Downloaded supplementary_material for vR3wRYaucr (1.6MB) -> vR3wRYaucr.zip
Downloaded supplementary_material for vR2vLgnUvx (11.6MB) -> vR2vLgnUvx.zip
Downloaded supplementary_material for vQf2YR2Kpd (0.2MB) -> vQf2YR2Kpd.zip
Downloaded supplementary_material for vQL6F5vYQN (0.4MB) -> vQL6F5vYQN.zip
Skipping supplementary_material for vQCuq1xjC8: size 31.9MB exceeds 10MB limit
Downloaded supplementary_material for vQ1GRDnZc0 (0.6MB) -> vQ1GRDnZc0.zip
Downloaded supplementary_material for vPjQA6m6CH (0.9MB) -> vPjQA6m6CH.zip
Skipping supplementary_material for vPN4ay2wyu: size 20.3MB exceeds 10MB limit
Downloaded supplementary_material for vPKy3qQG3W (9.2MB) -> vPKy3qQG3W.zip
Downloaded supplementary_material for vOzeSlZIRn (0.2MB) -> vOzeSlZIRn.zip
Downloaded supplementary_material for vOGb8gUMZB (0.1MB) -> vOGb8gUMZB.zip
Downloaded supplementary_material for vNrNba8MEL (0.0MB) -> vNrNba8MEL.zip
Skipping supplementary_material for vN2Z1rZoki: size 80.3MB exceeds 10MB limit
Downloaded supplementary_material for vLFqOoMBol (0.1MB) -> vLFqOoMBol.zip
Skipping supplementary_material for vKVzihkbQo: size 24.0MB exceeds 10MB limit
Downloaded supplementary_material for vKSSZHTdNP (1.6MB) -> vKSSZHTdNP.zip
Skipping supplementary_material for vK6iDcs8SM: size 55.5MB exceeds 10MB limit
Downloaded supplementary_material for vJV22Ig8YG (0.5MB) -> vJV22Ig8YG.zip
Downloaded supplementary_material for vIYrixWi5l (18.0MB) -> vIYrixWi5l.zip
Skipping supplementary_material for vHQ1QJ5TIS: size 87.1MB exceeds 10MB limit
Downloaded supplementary_material for vGxKB0b0uI (0.0MB) -> vGxKB0b0uI.zip
Downloaded supplementary_material for vGqkrrOGty (2.0MB) -> vGqkrrOGty.zip
💾 Saved chunk: 3 (500 papers)
Downloaded supplementary_material for vGe3cv9NDD (0.0MB) -> vGe3cv9NDD.zip
Skipping supplementary_material for vGWA8wqJ7D: size 65.6MB exceeds 10MB limit
Skipping supplementary_material for vGMg9mu4ug: size 63.5MB exceeds 10MB limit
Skipping supplementary_material for vG9vqUwjbu: size 23.9MB exceeds 10MB limit
Downloaded supplementary_material for vFlz8jsfhb (4.5MB) -> vFlz8jsfhb.zip
Downloaded supplementary_material for vFfujX5Ygn (1.1MB) -> vFfujX5Ygn.zip
Downloaded supplementary_material for vFeeVtMx0T (0.5MB) -> vFeeVtMx0T.zip
Downloaded supplementary_material for vF6nYMH8Zx (4.1MB) -> vF6nYMH8Zx.zip
Downloaded supplementary_material for vEZgPr1deb (7.6MB) -> vEZgPr1deb.zip
Downloaded supplementary_material for vDnopL6YG9 (2.5MB) -> vDnopL6YG9.zip
Downloaded supplementary_material for vCyxemIKLL (19.8MB) -> vCyxemIKLL.zip
Skipping supplementary_material for vClBDezZUo: size 40.5MB exceeds 10MB limit
Skipping supplementary_material for vC9S20zsgN: size 89.8MB exceeds 10MB limit
Downloaded supplementary_material for vC6DGcAdWR (0.3MB) -> vC6DGcAdWR.zip
Downloaded supplementary_material for vBmRQHW7en (1.0MB) -> vBmRQHW7en.zip
Downloaded supplementary_material for vBk8rBx06H (0.3MB) -> vBk8rBx06H.zip
Downloaded supplementary_material for vBZXJzFV6x (3.3MB) -> vBZXJzFV6x.zip
Downloaded supplementary_material for vBTzW3UHen (0.4MB) -> vBTzW3UHen.zip
Downloaded supplementary_material for vBJKZ19XGY (0.0MB) -> vBJKZ19XGY.zip
Downloaded supplementary_material for vBEbUTS81u (5.0MB) -> vBEbUTS81u.zip
Downloaded supplementary_material for v9CIPqun2Z (1.3MB) -> v9CIPqun2Z.zip
Downloaded supplementary_material for v8yooSV1AW (0.1MB) -> v8yooSV1AW.zip
Skipping supplementary_material for v8fZ1PbV4D: size 29.1MB exceeds 10MB limit
Skipping supplementary_material for v6ppFkj1e9: size 85.6MB exceeds 10MB limit
Downloaded supplementary_material for v6byS5Dypp (2.6MB) -> v6byS5Dypp.zip
Downloaded supplementary_material for v6XIxJzVWF (0.0MB) -> v6XIxJzVWF.zip
Downloaded supplementary_material for v6HPsCu2R8 (4.4MB) -> v6HPsCu2R8.zip
Downloaded supplementary_material for v5rV5Y1IZv (1.0MB) -> v5rV5Y1IZv.zip
Downloaded supplementary_material for v5qb8BG18G (0.0MB) -> v5qb8BG18G.zip
Downloaded supplementary_material for v4ouQxdDaY (1.4MB) -> v4ouQxdDaY.zip
Downloaded supplementary_material for v4Dmg30Ub5 (11.1MB) -> v4Dmg30Ub5.zip
Downloaded supplementary_material for v3mJ4f4Mnc (0.0MB) -> v3mJ4f4Mnc.zip
Downloaded supplementary_material for v3ejhJxT1W (4.4MB) -> v3ejhJxT1W.zip
Downloaded supplementary_material for v3SzGCfAXN (0.0MB) -> v3SzGCfAXN.zip
Downloaded supplementary_material for v394xbZFlu (0.1MB) -> v394xbZFlu.zip
Skipping supplementary_material for v2mfraZriO: size 96.9MB exceeds 10MB limit
Downloaded supplementary_material for v2PglvLLKT (17.0MB) -> v2PglvLLKT.zip
Downloaded supplementary_material for v1yVNFntqE (0.0MB) -> v1yVNFntqE.zip
Downloaded supplementary_material for v1p4bDnDAP (0.2MB) -> v1p4bDnDAP.zip
Downloaded supplementary_material for v1gaXJDCbf (14.3MB) -> v1gaXJDCbf.zip
Skipping supplementary_material for v1DKz5Vxr7: size 92.0MB exceeds 10MB limit
Downloaded supplementary_material for v0GC10OSlD (15.2MB) -> v0GC10OSlD.zip
Downloaded supplementary_material for uylBfVAAsV (11.1MB) -> uylBfVAAsV.zip
Downloaded supplementary_material for uwyticXBfG (13.4MB) -> uwyticXBfG.zip
Downloaded supplementary_material for uwwo7H3XI1 (0.3MB) -> uwwo7H3XI1.zip
Downloaded supplementary_material for uwoA5iyTC6 (2.4MB) -> uwoA5iyTC6.zip
Downloaded supplementary_material for uvc5qrD3R2 (2.4MB) -> uvc5qrD3R2.zip
Downloaded supplementary_material for uvRApnkdbk (13.3MB) -> uvRApnkdbk.zip
Skipping supplementary_material for uusTA1rBhR: size 71.6MB exceeds 10MB limit
Downloaded supplementary_material for uuk8ukJmD2 (11.2MB) -> uuk8ukJmD2.zip
Skipping supplementary_material for uuCQJtKMqS: size 23.0MB exceeds 10MB limit
Downloaded supplementary_material for utObNTrbSb (3.0MB) -> utObNTrbSb.zip
Downloaded supplementary_material for usw1NVkczu (1.7MB) -> usw1NVkczu.zip
Downloaded supplementary_material for ush2guQNTI (0.1MB) -> ush2guQNTI.zip
Downloaded supplementary_material for usYfUfTG7I (0.1MB) -> usYfUfTG7I.zip
Downloaded supplementary_material for usWILm9KEL (10.0MB) -> usWILm9KEL.zip
Downloaded supplementary_material for us7gZCoTZ0 (1.5MB) -> us7gZCoTZ0.zip
Downloaded supplementary_material for urElUkCUXq (0.2MB) -> urElUkCUXq.zip
Skipping supplementary_material for uqttsSVZbT: size 29.0MB exceeds 10MB limit
Downloaded supplementary_material for uq6nIOoPGG (3.9MB) -> uq6nIOoPGG.zip
Downloaded supplementary_material for uq6UWRgzMr (0.2MB) -> uq6UWRgzMr.zip
Downloaded supplementary_material for upo66G6AAB (1.8MB) -> upo66G6AAB.zip
Downloaded supplementary_material for uphzOS6Axo (0.1MB) -> uphzOS6Axo.zip
Downloaded supplementary_material for upV1K9g7JQ (2.6MB) -> upV1K9g7JQ.zip
Downloaded supplementary_material for upUl6hMYwy (0.0MB) -> upUl6hMYwy.zip
Skipping supplementary_material for upMaonekAE: size 26.8MB exceeds 10MB limit
Downloaded supplementary_material for uobROwBsJm (0.7MB) -> uobROwBsJm.zip
Downloaded supplementary_material for unZhwukf0T (1.1MB) -> unZhwukf0T.zip
Downloaded supplementary_material for unNPxqbrGx (0.4MB) -> unNPxqbrGx.zip
Downloaded supplementary_material for unCCafTmpn (1.4MB) -> unCCafTmpn.zip
Downloaded supplementary_material for un9AWl7llG (0.1MB) -> un9AWl7llG.zip
Skipping supplementary_material for uma6lC4lq9: size 23.6MB exceeds 10MB limit
Downloaded supplementary_material for umVAbmKf1L (0.1MB) -> umVAbmKf1L.zip
Downloaded supplementary_material for umAACdl2uX (0.1MB) -> umAACdl2uX.zip
Downloaded supplementary_material for um7F9IxlwD (0.1MB) -> um7F9IxlwD.zip
Downloaded supplementary_material for ulvp7cbZeU (1.1MB) -> ulvp7cbZeU.zip
Skipping supplementary_material for ularVAZFjX: size 73.3MB exceeds 10MB limit
Downloaded supplementary_material for ulOwQZdSbT (0.6MB) -> ulOwQZdSbT.zip
Downloaded supplementary_material for ulCVfMOo30 (0.0MB) -> ulCVfMOo30.zip
Skipping supplementary_material for ukICJK9jTL: size 24.3MB exceeds 10MB limit
Downloaded supplementary_material for ujCnkSVUYY (0.0MB) -> ujCnkSVUYY.zip
Downloaded supplementary_material for ujBrsQm6Zu (2.1MB) -> ujBrsQm6Zu.zip
Skipping supplementary_material for uj90Ef5zxo: size 21.4MB exceeds 10MB limit
Skipping supplementary_material for uiopHcWPRO: size 77.8MB exceeds 10MB limit
Downloaded supplementary_material for uikLSN1yot (6.9MB) -> uikLSN1yot.zip
Downloaded supplementary_material for uhg3rl2Wi2 (0.4MB) -> uhg3rl2Wi2.zip
Downloaded supplementary_material for uhVlvT3Pk1 (1.0MB) -> uhVlvT3Pk1.zip
Skipping supplementary_material for uhBhPb5pao: size 35.8MB exceeds 10MB limit
Downloaded supplementary_material for uh97fTFeqn (2.3MB) -> uh97fTFeqn.zip
Skipping supplementary_material for ugGIpVfGE6: size 52.1MB exceeds 10MB limit
Downloaded supplementary_material for ufOWYDn9mB (8.6MB) -> ufOWYDn9mB.zip
Downloaded supplementary_material for ueuqZetP7A (19.2MB) -> ueuqZetP7A.zip
Downloaded supplementary_material for uePOSKl6AN (3.6MB) -> uePOSKl6AN.zip
Skipping supplementary_material for udsvsseC6i: size 70.6MB exceeds 10MB limit
Downloaded supplementary_material for udgrpHqw4F (5.1MB) -> udgrpHqw4F.zip
Downloaded supplementary_material for udTDFAshNM (0.2MB) -> udTDFAshNM.zip
Skipping supplementary_material for uclX79Vulw: size 77.1MB exceeds 10MB limit
Downloaded supplementary_material for ucM3915OxX (0.0MB) -> ucM3915OxX.zip
Downloaded supplementary_material for ubaQqVuBnE (0.0MB) -> ubaQqVuBnE.zip
Downloaded supplementary_material for ubZyjXJKhm (0.5MB) -> ubZyjXJKhm.zip
Downloaded supplementary_material for uajSG0jubM (5.8MB) -> uajSG0jubM.zip
Downloaded supplementary_material for uaTqxaRk9V (0.7MB) -> uaTqxaRk9V.zip
Skipping supplementary_material for uZH0kBz5fk: size 90.8MB exceeds 10MB limit
Downloaded supplementary_material for uZBKSOJftu (0.7MB) -> uZBKSOJftu.zip
Downloaded supplementary_material for uZ5KmXsJsB (0.0MB) -> uZ5KmXsJsB.zip
Downloaded supplementary_material for uYsok31soR (7.2MB) -> uYsok31soR.zip
Skipping supplementary_material for uYXHqNg87h: size 50.3MB exceeds 10MB limit
Downloaded supplementary_material for uYOofVezYt (0.8MB) -> uYOofVezYt.zip
Downloaded supplementary_material for uYK6GPVg1O (0.1MB) -> uYK6GPVg1O.zip
Downloaded supplementary_material for uXmbrTlko7 (0.9MB) -> uXmbrTlko7.zip
Downloaded supplementary_material for uXecy0nKiJ (0.0MB) -> uXecy0nKiJ.zip
Downloaded supplementary_material for uWvLZqxjmx (0.4MB) -> uWvLZqxjmx.zip
Downloaded supplementary_material for uVXO6gzVzj (6.5MB) -> uVXO6gzVzj.zip
Downloaded supplementary_material for uVKtkLB6BZ (0.1MB) -> uVKtkLB6BZ.zip
Downloaded supplementary_material for uUq0gemhnv (1.7MB) -> uUq0gemhnv.zip
Downloaded supplementary_material for uUkK2FvoO5 (0.0MB) -> uUkK2FvoO5.zip
Downloaded supplementary_material for uTPQhBGQ89 (0.0MB) -> uTPQhBGQ89.zip
Downloaded supplementary_material for uTK1SNgi1N (3.0MB) -> uTK1SNgi1N.zip
Downloaded supplementary_material for uRDsLCJo2x (0.0MB) -> uRDsLCJo2x.zip
Downloaded supplementary_material for uQzPkWvTyo (9.7MB) -> uQzPkWvTyo.zip
Skipping supplementary_material for uP6RDWHcs7: size 69.3MB exceeds 10MB limit
Downloaded supplementary_material for uOzMs5rTIF (0.3MB) -> uOzMs5rTIF.zip
Skipping supplementary_material for uOt3QNXYy2: size 78.6MB exceeds 10MB limit
Skipping supplementary_material for uO3gGxzu8k: size 26.5MB exceeds 10MB limit
Downloaded supplementary_material for uN5cHI3kpt (9.8MB) -> uN5cHI3kpt.zip
Downloaded supplementary_material for uMcI7jAe8Q (0.0MB) -> uMcI7jAe8Q.zip
Downloaded supplementary_material for uM3VAbVs9j (0.1MB) -> uM3VAbVs9j.zip
Downloaded supplementary_material for uM1km50Pab (0.0MB) -> uM1km50Pab.zip
Downloaded supplementary_material for uLwuPbVegY (0.6MB) -> uLwuPbVegY.zip
Downloaded supplementary_material for uLOZyM12LJ (15.9MB) -> uLOZyM12LJ.zip
Downloaded supplementary_material for uLM3BfKo19 (2.6MB) -> uLM3BfKo19.zip
Downloaded supplementary_material for uKFVZMPppq (15.9MB) -> uKFVZMPppq.zip
Downloaded supplementary_material for uJYtHL698n (0.0MB) -> uJYtHL698n.zip
Downloaded supplementary_material for uJUhi3FQNa (2.7MB) -> uJUhi3FQNa.zip
Downloaded supplementary_material for uJL5ecEp7L (1.0MB) -> uJL5ecEp7L.zip
Downloaded supplementary_material for uJCGMBO6Qx (5.5MB) -> uJCGMBO6Qx.zip
Downloaded supplementary_material for uIJyYkOgAy (3.5MB) -> uIJyYkOgAy.zip
Downloaded supplementary_material for uHZ2Te266M (9.5MB) -> uHZ2Te266M.zip
Downloaded supplementary_material for uHSvfPnG5C (0.1MB) -> uHSvfPnG5C.zip
Downloaded supplementary_material for uGai5lYHlV (6.0MB) -> uGai5lYHlV.zip
Downloaded supplementary_material for uGaR7L3Z1E (2.5MB) -> uGaR7L3Z1E.zip
Downloaded supplementary_material for uGPbHJ0MSe (1.0MB) -> uGPbHJ0MSe.zip
Skipping supplementary_material for uFvGSsTMZN: size 29.3MB exceeds 10MB limit
Skipping supplementary_material for uEyJmixFiA: size 37.7MB exceeds 10MB limit
Downloaded supplementary_material for uEvKoWvOCA (2.2MB) -> uEvKoWvOCA.zip
Downloaded supplementary_material for uEtTUMEipU (4.8MB) -> uEtTUMEipU.zip
Downloaded supplementary_material for uE40prCnsQ (18.3MB) -> uE40prCnsQ.zip
Downloaded supplementary_material for uDQiyW5C1X (0.2MB) -> uDQiyW5C1X.zip
Downloaded supplementary_material for uCx8RAY8ac (0.1MB) -> uCx8RAY8ac.zip
Downloaded supplementary_material for uCBpiZdKML (0.2MB) -> uCBpiZdKML.zip
Downloaded supplementary_material for uBjsMo8ylJ (0.2MB) -> uBjsMo8ylJ.zip
Downloaded supplementary_material for uBfVripJRy (5.5MB) -> uBfVripJRy.zip
Downloaded supplementary_material for uBesDjCdNT (0.1MB) -> uBesDjCdNT.zip
Skipping supplementary_material for u9pQM2B59U: size 94.3MB exceeds 10MB limit
Downloaded supplementary_material for u76eqlCDUp (0.2MB) -> u76eqlCDUp.zip
Downloaded supplementary_material for u6vDv51J9o (0.1MB) -> u6vDv51J9o.zip
Downloaded supplementary_material for u6fc354gfS (3.5MB) -> u6fc354gfS.zip
Downloaded supplementary_material for u6XIzTeDx3 (0.2MB) -> u6XIzTeDx3.zip
Downloaded supplementary_material for u6JLh0BO5h (1.8MB) -> u6JLh0BO5h.zip
Downloaded supplementary_material for u5JuTb5dbm (0.1MB) -> u5JuTb5dbm.zip
Downloaded supplementary_material for u4wq305mNS (9.6MB) -> u4wq305mNS.zip
Downloaded supplementary_material for u4vQPWy3Vk (19.5MB) -> u4vQPWy3Vk.zip
Downloaded supplementary_material for u3I4tDGhDV (14.3MB) -> u3I4tDGhDV.zip
Downloaded supplementary_material for u1hR5eP98V (0.7MB) -> u1hR5eP98V.zip
Skipping supplementary_material for u1OWn3ayY1: size 88.8MB exceeds 10MB limit
Downloaded supplementary_material for u0WgL0Ijcs (0.0MB) -> u0WgL0Ijcs.zip
Downloaded supplementary_material for u0G565Jd3C (0.1MB) -> u0G565Jd3C.zip
Downloaded supplementary_material for u02Tgg4UYg (0.6MB) -> u02Tgg4UYg.zip
Skipping supplementary_material for tzHI7fvsw0: size 24.3MB exceeds 10MB limit
Downloaded supplementary_material for tz9mJmgrdM (0.0MB) -> tz9mJmgrdM.zip
Skipping supplementary_material for tz5GRv9Vzu: size 88.2MB exceeds 10MB limit
Skipping supplementary_material for tysSSTIvYM: size 39.5MB exceeds 10MB limit
Downloaded supplementary_material for tysOWd3RWm (2.9MB) -> tysOWd3RWm.zip
Downloaded supplementary_material for txvc61ONbs (9.5MB) -> txvc61ONbs.zip
Downloaded supplementary_material for twbMFL0DMp (0.0MB) -> twbMFL0DMp.zip
Downloaded supplementary_material for tvFF19XsQq (2.2MB) -> tvFF19XsQq.zip
Downloaded supplementary_material for tv0Sz8A9Tc (5.3MB) -> tv0Sz8A9Tc.zip
Downloaded supplementary_material for tuXj7h7hH1 (0.1MB) -> tuXj7h7hH1.zip
Downloaded supplementary_material for tuK01yGJbt (0.2MB) -> tuK01yGJbt.zip
Downloaded supplementary_material for tt2UjLNKvr (0.0MB) -> tt2UjLNKvr.zip
Downloaded supplementary_material for tsxwloasw5 (16.5MB) -> tsxwloasw5.zip
Skipping supplementary_material for tsfjjfhEz7: size 89.0MB exceeds 10MB limit
Skipping supplementary_material for tryFvnBKjy: size 73.3MB exceeds 10MB limit
Downloaded supplementary_material for trbY9hhqFz (0.1MB) -> trbY9hhqFz.zip
Skipping supplementary_material for trBEiQFkxw: size 33.4MB exceeds 10MB limit
Downloaded supplementary_material for tr6vRn2aPg (0.1MB) -> tr6vRn2aPg.zip
Skipping supplementary_material for tqOBZbW6j8: size 80.7MB exceeds 10MB limit
Downloaded supplementary_material for tp9y1547fH (20.0MB) -> tp9y1547fH.zip
Downloaded supplementary_material for tmV2sOZ8TV (0.0MB) -> tmV2sOZ8TV.zip
Downloaded supplementary_material for tmTpi5swZ7 (0.1MB) -> tmTpi5swZ7.zip
Downloaded supplementary_material for tmIRNo66Rg (19.2MB) -> tmIRNo66Rg.zip
Skipping supplementary_material for tmAK9FJr5X: size 40.8MB exceeds 10MB limit
Downloaded supplementary_material for tm0JBV4P0G (1.2MB) -> tm0JBV4P0G.zip
Downloaded supplementary_material for tlyi0cShxS (0.1MB) -> tlyi0cShxS.zip
Downloaded supplementary_material for tlHwfavblS (0.8MB) -> tlHwfavblS.zip
Downloaded supplementary_material for tlA3GKpMHT (0.2MB) -> tlA3GKpMHT.zip
Downloaded supplementary_material for tl5bbHE78p (13.1MB) -> tl5bbHE78p.zip
Downloaded supplementary_material for tkLlJWJbgl (10.1MB) -> tkLlJWJbgl.zip
Skipping supplementary_material for tkLDNUzL80: size 86.9MB exceeds 10MB limit
Downloaded supplementary_material for tkE29O0jzF (0.0MB) -> tkE29O0jzF.zip
Downloaded supplementary_material for tjAQ06CbR7 (0.2MB) -> tjAQ06CbR7.zip
Downloaded supplementary_material for tiQaO3f1QB (2.9MB) -> tiQaO3f1QB.zip
Downloaded supplementary_material for tiGgCFVsIM (0.0MB) -> tiGgCFVsIM.zip
Skipping supplementary_material for tiBoNGGaNC: size 87.6MB exceeds 10MB limit
Downloaded supplementary_material for thoPskdIcE (0.3MB) -> thoPskdIcE.zip
Downloaded supplementary_material for theeeNBSTG (17.0MB) -> theeeNBSTG.zip
Downloaded supplementary_material for thLQd7uK3C (0.0MB) -> thLQd7uK3C.zip
Downloaded supplementary_material for tgnXCCjKE3 (0.8MB) -> tgnXCCjKE3.zip
Downloaded supplementary_material for tgcbMml49n (0.0MB) -> tgcbMml49n.zip
Downloaded supplementary_material for tg19FVh3p1 (7.9MB) -> tg19FVh3p1.zip
Downloaded supplementary_material for tfGuvCp50e (0.0MB) -> tfGuvCp50e.zip
Skipping supplementary_material for terdVfnoc5: size 27.4MB exceeds 10MB limit
Downloaded supplementary_material for tephmbQcQG (4.7MB) -> tephmbQcQG.zip
Downloaded supplementary_material for teFnaEdG2j (0.1MB) -> teFnaEdG2j.zip
Downloaded supplementary_material for te7wQcN2ef (0.0MB) -> te7wQcN2ef.zip
💾 Saved chunk: 4 (500 papers)
Downloaded supplementary_material for tdF6Wnoc6U (0.0MB) -> tdF6Wnoc6U.zip
Downloaded supplementary_material for tcbh5eKGPr (0.4MB) -> tcbh5eKGPr.zip
Downloaded supplementary_material for tc2UsBeODW (14.4MB) -> tc2UsBeODW.zip
Downloaded supplementary_material for tbALWKCJGj (0.0MB) -> tbALWKCJGj.zip
Downloaded supplementary_material for tb8DabMbMq (0.6MB) -> tb8DabMbMq.zip
Skipping supplementary_material for tam6kdvoun: size 87.6MB exceeds 10MB limit
Downloaded supplementary_material for tal1W7XOoJ (0.2MB) -> tal1W7XOoJ.zip
Skipping supplementary_material for taOzU6e5hf: size 52.7MB exceeds 10MB limit
Skipping supplementary_material for ta9kRYFNLY: size 84.5MB exceeds 10MB limit
Downloaded supplementary_material for ta8BKRa1bl (0.0MB) -> ta8BKRa1bl.zip
Downloaded supplementary_material for tZXWWpVmbk (0.0MB) -> tZXWWpVmbk.zip
Downloaded supplementary_material for tY9yPAT3PU (0.2MB) -> tY9yPAT3PU.zip
Downloaded supplementary_material for tXsE2wKPvx (5.4MB) -> tXsE2wKPvx.zip
Downloaded supplementary_material for tXk68oFo7i (0.1MB) -> tXk68oFo7i.zip
Downloaded supplementary_material for tX0cSOvBnS (0.4MB) -> tX0cSOvBnS.zip
Downloaded supplementary_material for tVJIKd6CLF (1.1MB) -> tVJIKd6CLF.zip
Downloaded supplementary_material for tV4yO6bOoy (0.0MB) -> tV4yO6bOoy.zip
Downloaded supplementary_material for tTZGP1d1A8 (0.7MB) -> tTZGP1d1A8.zip
Skipping supplementary_material for tT2zjMR00Y: size 26.7MB exceeds 10MB limit
Downloaded supplementary_material for tScIJzVyNG (0.0MB) -> tScIJzVyNG.zip
Downloaded supplementary_material for tRk1nofSmz (4.3MB) -> tRk1nofSmz.zip
Downloaded supplementary_material for tRRHVUwP2B (8.9MB) -> tRRHVUwP2B.zip
Skipping supplementary_material for tRLShDqhmi: size 47.6MB exceeds 10MB limit
Skipping supplementary_material for tRJ7ywHnCs: size 21.8MB exceeds 10MB limit
Downloaded supplementary_material for tQwcW0zoJ4 (0.0MB) -> tQwcW0zoJ4.zip
Downloaded supplementary_material for tPhcrP75OP (0.3MB) -> tPhcrP75OP.zip
Downloaded supplementary_material for tPQ5jfrVDB (2.3MB) -> tPQ5jfrVDB.zip
Skipping supplementary_material for tPKzNHV07m: size 47.5MB exceeds 10MB limit
Downloaded supplementary_material for tPHwl3iUlG (0.0MB) -> tPHwl3iUlG.zip
Downloaded supplementary_material for tOxPaWiA18 (0.7MB) -> tOxPaWiA18.zip
Downloaded supplementary_material for tO7Je5SFF1 (0.2MB) -> tO7Je5SFF1.zip
Downloaded supplementary_material for tO3ASKZlok (0.0MB) -> tO3ASKZlok.zip
Downloaded supplementary_material for tMzuMWiE82 (0.0MB) -> tMzuMWiE82.zip
Downloaded supplementary_material for tLkqgoNsmb (4.7MB) -> tLkqgoNsmb.zip
Downloaded supplementary_material for tLY219JUaK (0.5MB) -> tLY219JUaK.zip
Downloaded supplementary_material for tKyAD2LhnI (2.3MB) -> tKyAD2LhnI.zip
Downloaded supplementary_material for tKPHgfjcu4 (0.2MB) -> tKPHgfjcu4.zip
Downloaded supplementary_material for tKO2l8oICt (11.8MB) -> tKO2l8oICt.zip
Downloaded supplementary_material for tJU1wP6bW7 (0.1MB) -> tJU1wP6bW7.zip
Downloaded supplementary_material for tHKxko3j2m (0.0MB) -> tHKxko3j2m.zip
Skipping supplementary_material for tGZL95HAyw: size 53.1MB exceeds 10MB limit
Skipping supplementary_material for tGM8q8ukp4: size 64.0MB exceeds 10MB limit
Downloaded supplementary_material for tFxPXesFQ1 (0.7MB) -> tFxPXesFQ1.zip
Downloaded supplementary_material for tFNsosNMHT (0.0MB) -> tFNsosNMHT.zip
Downloaded supplementary_material for tFEAzYdz92 (0.0MB) -> tFEAzYdz92.zip
Downloaded supplementary_material for tEhUqT9ich (0.0MB) -> tEhUqT9ich.zip
Downloaded supplementary_material for tEezDE0vWt (4.2MB) -> tEezDE0vWt.zip
Downloaded supplementary_material for tEZrGZa7MK (0.7MB) -> tEZrGZa7MK.zip
Downloaded supplementary_material for tEI2PFk25l (0.1MB) -> tEI2PFk25l.zip
Skipping supplementary_material for tDdeW2puHW: size 25.3MB exceeds 10MB limit
Skipping supplementary_material for tDVMV5OCmL: size 73.0MB exceeds 10MB limit
Downloaded supplementary_material for tDNr5rt47g (2.8MB) -> tDNr5rt47g.zip
Downloaded supplementary_material for tCjYJ01Jbk (0.0MB) -> tCjYJ01Jbk.zip
Downloaded supplementary_material for tCFYwPdmT4 (0.1MB) -> tCFYwPdmT4.zip
Downloaded supplementary_material for tBf2SUzfZw (0.0MB) -> tBf2SUzfZw.zip
Downloaded supplementary_material for tAtRvCRPBN (0.0MB) -> tAtRvCRPBN.zip
Downloaded supplementary_material for tAb8aUxuzd (1.7MB) -> tAb8aUxuzd.zip
Downloaded supplementary_material for tAJiFOx8YF (5.4MB) -> tAJiFOx8YF.zip
Downloaded supplementary_material for t9itJDrZwy (0.3MB) -> t9itJDrZwy.zip
Downloaded supplementary_material for t85Ni0LwjC (0.0MB) -> t85Ni0LwjC.zip
Downloaded supplementary_material for t6Q9B6jUQt (0.3MB) -> t6Q9B6jUQt.zip
Downloaded supplementary_material for t61E9Mc85V (6.2MB) -> t61E9Mc85V.zip
Downloaded supplementary_material for t5uLZSRjhF (0.0MB) -> t5uLZSRjhF.zip
Downloaded supplementary_material for t5cYJlV6aJ (17.5MB) -> t5cYJlV6aJ.zip
Downloaded supplementary_material for t5GUEuIsxR (2.6MB) -> t5GUEuIsxR.zip
Downloaded supplementary_material for t4dfdNdg7y (0.6MB) -> t4dfdNdg7y.zip
Downloaded supplementary_material for t4WNcclzLE (0.1MB) -> t4WNcclzLE.zip
Skipping supplementary_material for t4JdCfKraB: size 43.9MB exceeds 10MB limit
Downloaded supplementary_material for t38nZqqi3Z (0.3MB) -> t38nZqqi3Z.zip
Downloaded supplementary_material for t33kMzEAg8 (0.4MB) -> t33kMzEAg8.zip
Skipping supplementary_material for t21xf6rxqY: size 39.6MB exceeds 10MB limit
Skipping supplementary_material for t1vMYl1yhe: size 64.1MB exceeds 10MB limit
Downloaded supplementary_material for t1RNseMrGj (19.1MB) -> t1RNseMrGj.zip
Downloaded supplementary_material for t11DNWQatJ (8.3MB) -> t11DNWQatJ.zip
Skipping supplementary_material for t0fsGqGVVL: size 92.0MB exceeds 10MB limit
Downloaded supplementary_material for t0fU6t3Skw (0.0MB) -> t0fU6t3Skw.zip
Skipping supplementary_material for t0HRTCrLJd: size 27.2MB exceeds 10MB limit
Skipping supplementary_material for szTtIL0IFx: size 78.4MB exceeds 10MB limit
Downloaded supplementary_material for sz2gtTBVIq (2.9MB) -> sz2gtTBVIq.zip
Downloaded supplementary_material for syvfsHSqm2 (0.1MB) -> syvfsHSqm2.zip
Downloaded supplementary_material for synVz5n0I8 (0.1MB) -> synVz5n0I8.zip
Skipping supplementary_material for syfWdclGE1: size 54.5MB exceeds 10MB limit
Downloaded supplementary_material for syJD0WPaUe (0.0MB) -> syJD0WPaUe.zip
Downloaded supplementary_material for sy3xeNQ5qU (15.0MB) -> sy3xeNQ5qU.zip
Skipping supplementary_material for sy2Pp7bXxl: size 42.4MB exceeds 10MB limit
Downloaded supplementary_material for sxeAVcWpNu (10.6MB) -> sxeAVcWpNu.zip
Skipping supplementary_material for sx6nm3vLli: size 39.2MB exceeds 10MB limit
Downloaded supplementary_material for swwelQtLRn (0.0MB) -> swwelQtLRn.zip
Skipping supplementary_material for swiL18PmUV: size 61.2MB exceeds 10MB limit
Downloaded supplementary_material for svyjoTT47M (14.6MB) -> svyjoTT47M.zip
Downloaded supplementary_material for svQuvBYaCA (0.6MB) -> svQuvBYaCA.zip
Downloaded supplementary_material for ssfwoqbg3H (16.4MB) -> ssfwoqbg3H.zip
Downloaded supplementary_material for ssWi0rC3mx (0.3MB) -> ssWi0rC3mx.zip
Skipping supplementary_material for srrvKbcoRB: size 20.3MB exceeds 10MB limit
Downloaded supplementary_material for srLqdXZHR0 (0.0MB) -> srLqdXZHR0.zip
Downloaded supplementary_material for sqVgpiCoKU (0.6MB) -> sqVgpiCoKU.zip
Skipping supplementary_material for spio7kWIWr: size 72.0MB exceeds 10MB limit
Downloaded supplementary_material for spdYeZG3zT (6.8MB) -> spdYeZG3zT.zip
Downloaded supplementary_material for sp1Wr40egd (3.1MB) -> sp1Wr40egd.zip
Downloaded supplementary_material for sooLoD9VSf (1.5MB) -> sooLoD9VSf.zip
Skipping supplementary_material for sokvfawAYu: size 53.9MB exceeds 10MB limit
Skipping supplementary_material for soeWR3TyfK: size 27.7MB exceeds 10MB limit
Downloaded supplementary_material for snbY9Uj0Gx (4.6MB) -> snbY9Uj0Gx.zip
Downloaded supplementary_material for slTQdWWQI9 (0.0MB) -> slTQdWWQI9.zip
Skipping supplementary_material for skctEx59f2: size 37.6MB exceeds 10MB limit
Downloaded supplementary_material for sjnErRHXf3 (2.7MB) -> sjnErRHXf3.zip
Skipping supplementary_material for sjIDaRwX84: size 35.6MB exceeds 10MB limit
Downloaded supplementary_material for sieYp1CpYk (0.0MB) -> sieYp1CpYk.zip
Downloaded supplementary_material for shywrceKra (4.3MB) -> shywrceKra.zip
Downloaded supplementary_material for sgvL0zuDeZ (0.0MB) -> sgvL0zuDeZ.zip
Downloaded supplementary_material for sgeaftKRwz (0.0MB) -> sgeaftKRwz.zip
Downloaded supplementary_material for sg3UNWKVFt (0.0MB) -> sg3UNWKVFt.zip
Downloaded supplementary_material for sfrVLzsmlf (1.7MB) -> sfrVLzsmlf.zip
Downloaded supplementary_material for sf6jyFrUri (4.0MB) -> sf6jyFrUri.zip
Skipping supplementary_material for seyWxIzcAn: size 33.8MB exceeds 10MB limit
Downloaded supplementary_material for seuufmeTI3 (0.3MB) -> seuufmeTI3.zip
Downloaded supplementary_material for setRMvmjDt (0.3MB) -> setRMvmjDt.zip
Downloaded supplementary_material for ser00zCWC2 (18.3MB) -> ser00zCWC2.zip
Skipping supplementary_material for seC2zjI0Ki: size 32.9MB exceeds 10MB limit
Skipping supplementary_material for se2kmUQL80: size 91.9MB exceeds 10MB limit
Downloaded supplementary_material for sdj9XRJElt (1.4MB) -> sdj9XRJElt.zip
Downloaded supplementary_material for sdfDzBgUAy (7.4MB) -> sdfDzBgUAy.zip
Downloaded supplementary_material for sdbvTqONk4 (1.5MB) -> sdbvTqONk4.zip
Downloaded supplementary_material for sdBXVZkodr (5.3MB) -> sdBXVZkodr.zip
Downloaded supplementary_material for scgtQSpROE (0.1MB) -> scgtQSpROE.zip
Downloaded supplementary_material for sbvdUNO12X (0.1MB) -> sbvdUNO12X.zip
Downloaded supplementary_material for sbfiK1nHOB (0.3MB) -> sbfiK1nHOB.zip
Downloaded supplementary_material for sbapQyunYK (4.0MB) -> sbapQyunYK.zip
Skipping supplementary_material for sa0udzVW4M: size 68.8MB exceeds 10MB limit
Downloaded supplementary_material for sZIkXA6pMh (2.6MB) -> sZIkXA6pMh.zip
Downloaded supplementary_material for sZGAPq2W2t (0.1MB) -> sZGAPq2W2t.zip
Downloaded supplementary_material for sX9HbELwLO (4.1MB) -> sX9HbELwLO.zip
Skipping supplementary_material for sWs0cCuM8I: size 39.7MB exceeds 10MB limit
Downloaded supplementary_material for sW7yGAAnGq (1.1MB) -> sW7yGAAnGq.zip
Skipping supplementary_material for sVBJ2Jib9E: size 24.7MB exceeds 10MB limit
Skipping supplementary_material for sV2qR9QIEo: size 85.3MB exceeds 10MB limit
Downloaded supplementary_material for sV1wSPy9kj (11.5MB) -> sV1wSPy9kj.zip
Skipping supplementary_material for sUEdpZCHdp: size 63.0MB exceeds 10MB limit
Downloaded supplementary_material for sTwMHXReLc (0.6MB) -> sTwMHXReLc.zip
Downloaded supplementary_material for sTv1IhZjA9 (0.1MB) -> sTv1IhZjA9.zip
Downloaded supplementary_material for sTkJdbVxsI (0.0MB) -> sTkJdbVxsI.zip
Skipping supplementary_material for sTfIhVn7TM: size 23.7MB exceeds 10MB limit
Downloaded supplementary_material for sTPKDKn5ig (0.1MB) -> sTPKDKn5ig.zip
Downloaded supplementary_material for sSbEEHNEsL (2.6MB) -> sSbEEHNEsL.zip
Downloaded supplementary_material for sSTDQSksTr (0.2MB) -> sSTDQSksTr.zip
Downloaded supplementary_material for sS6yP4WQw0 (12.5MB) -> sS6yP4WQw0.zip
Downloaded supplementary_material for sPRK6XefjY (0.0MB) -> sPRK6XefjY.zip
Downloaded supplementary_material for sNk22RlNmy (0.1MB) -> sNk22RlNmy.zip
Downloaded supplementary_material for sNJ2zrlT13 (0.4MB) -> sNJ2zrlT13.zip
Downloaded supplementary_material for sMvDwYNSa4 (0.1MB) -> sMvDwYNSa4.zip
Downloaded supplementary_material for sLkis6UGKk (0.5MB) -> sLkis6UGKk.zip
Downloaded supplementary_material for sLcRCH1U68 (1.9MB) -> sLcRCH1U68.zip
Downloaded supplementary_material for sLIk7DauaJ (8.5MB) -> sLIk7DauaJ.zip
Downloaded supplementary_material for sL0gkGGhLL (0.0MB) -> sL0gkGGhLL.zip
Downloaded supplementary_material for sL0NpgJRMs (7.0MB) -> sL0NpgJRMs.zip
Skipping supplementary_material for sKUUqrezRT: size 34.2MB exceeds 10MB limit
Downloaded supplementary_material for sJxz6o5jKM (12.3MB) -> sJxz6o5jKM.zip
Downloaded supplementary_material for sJI2JCggyD (0.1MB) -> sJI2JCggyD.zip
Skipping supplementary_material for sJCs8mqPsY: size 43.2MB exceeds 10MB limit
Downloaded supplementary_material for sIjFXzEOOH (0.1MB) -> sIjFXzEOOH.zip
Downloaded supplementary_material for sGsZaw88DM (6.6MB) -> sGsZaw88DM.zip
Downloaded supplementary_material for sGeoILywEZ (0.1MB) -> sGeoILywEZ.zip
Downloaded supplementary_material for sG8dGZMaub (13.2MB) -> sG8dGZMaub.zip
Downloaded supplementary_material for sFjxg8cyJS (3.6MB) -> sFjxg8cyJS.zip
Skipping supplementary_material for sEKJYLnTpA: size 84.6MB exceeds 10MB limit
Downloaded supplementary_material for sD18KHrPbB (0.1MB) -> sD18KHrPbB.zip
Downloaded supplementary_material for sCCF4ygDAw (0.3MB) -> sCCF4ygDAw.zip
Downloaded supplementary_material for sC4cXcXlIz (9.2MB) -> sC4cXcXlIz.zip
Skipping supplementary_material for s9eVX36UBl: size 29.2MB exceeds 10MB limit
Downloaded supplementary_material for s8usvGHYlk (0.1MB) -> s8usvGHYlk.zip
Downloaded supplementary_material for s8Ch842XtS (1.1MB) -> s8Ch842XtS.zip
Downloaded supplementary_material for s7wGbha7dr (0.9MB) -> s7wGbha7dr.zip
Downloaded supplementary_material for s7q4Sh7PPo (3.6MB) -> s7q4Sh7PPo.zip
Downloaded supplementary_material for s7oURFZTQD (0.3MB) -> s7oURFZTQD.zip
Downloaded supplementary_material for s6MBBiKsIP (0.7MB) -> s6MBBiKsIP.zip
Downloaded supplementary_material for s633mMGHYZ (2.0MB) -> s633mMGHYZ.zip
Downloaded supplementary_material for s5mwg63B02 (0.4MB) -> s5mwg63B02.zip
Downloaded supplementary_material for s5a8zBPFfe (1.6MB) -> s5a8zBPFfe.zip
Downloaded supplementary_material for s5XJibyXlZ (0.1MB) -> s5XJibyXlZ.zip
Downloaded supplementary_material for s4jpvJv6I8 (0.2MB) -> s4jpvJv6I8.zip
Downloaded supplementary_material for s3ausR8BjZ (15.5MB) -> s3ausR8BjZ.zip
Downloaded supplementary_material for s2hxd8JghB (1.8MB) -> s2hxd8JghB.zip
Downloaded supplementary_material for s1avhccyvg (0.1MB) -> s1avhccyvg.zip
Downloaded supplementary_material for s1H22o72kx (0.3MB) -> s1H22o72kx.zip
Skipping supplementary_material for s0zLtkY7iu: size 32.8MB exceeds 10MB limit
Downloaded supplementary_material for s0bcLLcoQj (1.1MB) -> s0bcLLcoQj.zip
💾 Saved chunk: 5 (500 papers)
Downloaded supplementary_material for rzi77zNngG (0.2MB) -> rzi77zNngG.zip
Downloaded supplementary_material for rzJlQi3rAd (0.9MB) -> rzJlQi3rAd.zip
Downloaded supplementary_material for ryC6pXobCw (13.2MB) -> ryC6pXobCw.zip
Skipping supplementary_material for rxcbZb7fVC: size 51.5MB exceeds 10MB limit
Downloaded supplementary_material for rxZdaKhu2I (0.1MB) -> rxZdaKhu2I.zip
Failed to download supplementary_material for rxQnMSNCUs: ('Connection broken: IncompleteRead(22200212 bytes read, 9905832 more expected)', IncompleteRead(22200212 bytes read, 9905832 more expected))
Downloaded supplementary_material for rxJP0jWqX4 (0.0MB) -> rxJP0jWqX4.zip
Downloaded supplementary_material for rx4UKPSi3K (13.7MB) -> rx4UKPSi3K.zip
Skipping supplementary_material for rwo7bVlnzo: size 58.8MB exceeds 10MB limit
Downloaded supplementary_material for rw0vvcHZPe (0.7MB) -> rw0vvcHZPe.zip
Downloaded supplementary_material for rvpDHfoTd2 (0.1MB) -> rvpDHfoTd2.zip
Downloaded supplementary_material for ruc8X3bxZc (17.5MB) -> ruc8X3bxZc.zip
Downloaded supplementary_material for rubeJmT1XM (0.0MB) -> rubeJmT1XM.zip
Downloaded supplementary_material for ruWfr6DJeE (4.0MB) -> ruWfr6DJeE.zip
Downloaded supplementary_material for rtcX9qOBaz (2.7MB) -> rtcX9qOBaz.zip
Downloaded supplementary_material for rrdXjkCWze (8.6MB) -> rrdXjkCWze.zip
Downloaded supplementary_material for rrbKiGMA5s (7.7MB) -> rrbKiGMA5s.zip
Skipping supplementary_material for rrXxoH2jgF: size 71.7MB exceeds 10MB limit
Skipping supplementary_material for rr9rkKBoXe: size 37.3MB exceeds 10MB limit
Downloaded supplementary_material for rprrF4hJL6 (0.1MB) -> rprrF4hJL6.zip
Downloaded supplementary_material for rp51BU7LeW (6.2MB) -> rp51BU7LeW.zip
Downloaded supplementary_material for rp2RDBRA0Y (5.2MB) -> rp2RDBRA0Y.zip
Downloaded supplementary_material for rmvO5WRb58 (6.8MB) -> rmvO5WRb58.zip
Downloaded supplementary_material for rmYbgsehTd (0.0MB) -> rmYbgsehTd.zip
Skipping supplementary_material for rmDA02o8MV: size 88.7MB exceeds 10MB limit
Downloaded supplementary_material for rm6rHG7p9n (0.3MB) -> rm6rHG7p9n.zip
Skipping supplementary_material for rlu2dDSP7i: size 32.3MB exceeds 10MB limit
Downloaded supplementary_material for rlq9aKsY7T (0.0MB) -> rlq9aKsY7T.zip
Downloaded supplementary_material for rliomlNj45 (0.0MB) -> rliomlNj45.zip
Skipping supplementary_material for rlZeILv3fm: size 78.1MB exceeds 10MB limit
Downloaded supplementary_material for rlADfdxA1I (7.7MB) -> rlADfdxA1I.zip
Downloaded supplementary_material for rkthPeHvAX (0.0MB) -> rkthPeHvAX.zip
Skipping supplementary_material for rkfbUc3kO4: size 89.1MB exceeds 10MB limit
Downloaded supplementary_material for rkIw2GqYEt (0.3MB) -> rkIw2GqYEt.zip
Downloaded supplementary_material for riOevy2RwZ (0.0MB) -> riOevy2RwZ.zip
Skipping supplementary_material for rhV6QTMqq1: size 51.0MB exceeds 10MB limit
Downloaded supplementary_material for rhD7ZuFAjU (0.0MB) -> rhD7ZuFAjU.zip
Downloaded supplementary_material for rh09TrBXHD (0.1MB) -> rh09TrBXHD.zip
Downloaded supplementary_material for rgzzE3Ypsq (0.0MB) -> rgzzE3Ypsq.zip
Skipping supplementary_material for rgUj3GsGi7: size 41.7MB exceeds 10MB limit
Downloaded supplementary_material for rfJ41gK9Ct (0.1MB) -> rfJ41gK9Ct.zip
Skipping supplementary_material for refcXHU1Nh: size 24.1MB exceeds 10MB limit
Downloaded supplementary_material for rdmiNHjYMq (0.0MB) -> rdmiNHjYMq.zip
Downloaded supplementary_material for rcdGXD2dfW (0.2MB) -> rcdGXD2dfW.zip
Skipping supplementary_material for rbNOhbdQ0v: size 79.9MB exceeds 10MB limit
Skipping supplementary_material for raVuVPbnQL: size 46.7MB exceeds 10MB limit
Downloaded supplementary_material for raBRIPsdVb (6.3MB) -> raBRIPsdVb.zip
Failed to download supplementary_material for rZyQVls8TD: ('Connection broken: IncompleteRead(5242574 bytes read, 80359671 more expected)', IncompleteRead(5242574 bytes read, 80359671 more expected))
Downloaded supplementary_material for rZVOroOwLA (3.8MB) -> rZVOroOwLA.zip
Downloaded supplementary_material for rYbYbgeaEv (1.1MB) -> rYbYbgeaEv.zip
Downloaded supplementary_material for rXpTZyucal (0.1MB) -> rXpTZyucal.zip
Downloaded supplementary_material for rXai4fyJbE (3.4MB) -> rXai4fyJbE.zip
Skipping supplementary_material for rXQc3luUmj: size 31.7MB exceeds 10MB limit
Downloaded supplementary_material for rVtuG50yBc (0.4MB) -> rVtuG50yBc.zip
Downloaded supplementary_material for rUjjlGBwLb (1.0MB) -> rUjjlGBwLb.zip
Downloaded supplementary_material for rUae3adg0C (0.1MB) -> rUae3adg0C.zip
Downloaded supplementary_material for rUaEdm1Icq (4.9MB) -> rUaEdm1Icq.zip
Downloaded supplementary_material for rUDEPUZAvL (5.1MB) -> rUDEPUZAvL.zip
Skipping supplementary_material for rU4vv847NX: size 35.8MB exceeds 10MB limit
Downloaded supplementary_material for rTte3iUsXV (0.8MB) -> rTte3iUsXV.zip
Skipping supplementary_material for rTlPfuKTNg: size 46.4MB exceeds 10MB limit
Skipping supplementary_material for rTCSFOzVcK: size 25.5MB exceeds 10MB limit
Downloaded supplementary_material for rRvlnXFZJu (0.6MB) -> rRvlnXFZJu.zip
Downloaded supplementary_material for rRB1bYErbL (0.0MB) -> rRB1bYErbL.zip
Downloaded supplementary_material for rR0MyCGoyU (4.1MB) -> rR0MyCGoyU.zip
Downloaded supplementary_material for rPVEIAJ0cC (2.2MB) -> rPVEIAJ0cC.zip
Downloaded supplementary_material for rP6LGu8qPo (0.0MB) -> rP6LGu8qPo.zip
Skipping supplementary_material for rP4hDWP5KM: size 37.9MB exceeds 10MB limit
Skipping supplementary_material for rNl8XiSHiJ: size 38.3MB exceeds 10MB limit
Downloaded supplementary_material for rNgVmU52KY (0.7MB) -> rNgVmU52KY.zip
Downloaded supplementary_material for rNNSuV4ZP9 (7.8MB) -> rNNSuV4ZP9.zip
Skipping supplementary_material for rN2vHhbnuv: size 67.5MB exceeds 10MB limit
Downloaded supplementary_material for rMnZbCOhSS (0.5MB) -> rMnZbCOhSS.zip
Downloaded supplementary_material for rLyEQeolUO (7.7MB) -> rLyEQeolUO.zip
Downloaded supplementary_material for rLG74JvrxS (8.9MB) -> rLG74JvrxS.zip
Downloaded supplementary_material for rKJ7A30lQQ (0.3MB) -> rKJ7A30lQQ.zip
Downloaded supplementary_material for rJwaRB4M6v (0.1MB) -> rJwaRB4M6v.zip
Downloaded supplementary_material for rJo7VKjqCf (0.0MB) -> rJo7VKjqCf.zip
Skipping supplementary_material for rJilRU8D3c: size 48.4MB exceeds 10MB limit
Downloaded supplementary_material for rJcMv7q1jH (0.2MB) -> rJcMv7q1jH.zip
Skipping supplementary_material for rJ6N6sunaU: size 26.1MB exceeds 10MB limit
Downloaded supplementary_material for rIMOXvaLAe (8.6MB) -> rIMOXvaLAe.zip
Downloaded supplementary_material for rI2Fa13fUL (0.2MB) -> rI2Fa13fUL.zip
Downloaded supplementary_material for rHT7SjEKl4 (0.0MB) -> rHT7SjEKl4.zip
Downloaded supplementary_material for rHMV9aFVR8 (12.4MB) -> rHMV9aFVR8.zip
Downloaded supplementary_material for rGoJxYibgj (0.1MB) -> rGoJxYibgj.zip
Downloaded supplementary_material for rFzbAobYvb (18.3MB) -> rFzbAobYvb.zip
Downloaded supplementary_material for rFmEPL6svs (0.0MB) -> rFmEPL6svs.zip
Downloaded supplementary_material for rFAQRmjVMf (0.2MB) -> rFAQRmjVMf.zip
Downloaded supplementary_material for rE64yoFKY9 (0.2MB) -> rE64yoFKY9.zip
Downloaded supplementary_material for rDhCPKrZw7 (2.5MB) -> rDhCPKrZw7.zip
Skipping supplementary_material for rDWvX5dxGC: size 28.3MB exceeds 10MB limit
Skipping supplementary_material for rCNe4N7cP4: size 95.0MB exceeds 10MB limit
Downloaded supplementary_material for rCHZPRf6BH (0.0MB) -> rCHZPRf6BH.zip
Downloaded supplementary_material for rBt9aW3Mx7 (0.6MB) -> rBt9aW3Mx7.zip
Downloaded supplementary_material for rAjHUNXybH (0.2MB) -> rAjHUNXybH.zip
Downloaded supplementary_material for rAeAKiy116 (0.0MB) -> rAeAKiy116.zip
Skipping supplementary_material for rAUPsRr0mO: size 60.5MB exceeds 10MB limit
Downloaded supplementary_material for r9Uw9kKjUy (0.1MB) -> r9Uw9kKjUy.zip
Skipping supplementary_material for r9AJisFLLo: size 24.1MB exceeds 10MB limit
Downloaded supplementary_material for r6fNn987rr (0.0MB) -> r6fNn987rr.zip
Downloaded supplementary_material for r6AIjb0u0O (0.0MB) -> r6AIjb0u0O.zip
Downloaded supplementary_material for r5wBgnVcju (0.0MB) -> r5wBgnVcju.zip
Skipping supplementary_material for r5o6PWgzav: size 96.0MB exceeds 10MB limit
Downloaded supplementary_material for r5WpkObeYa (0.2MB) -> r5WpkObeYa.zip
Downloaded supplementary_material for r5I3AnVAjE (0.0MB) -> r5I3AnVAjE.zip
Downloaded supplementary_material for r4ZamwBE8P (12.2MB) -> r4ZamwBE8P.zip
Downloaded supplementary_material for r4TvgVFo9L (2.6MB) -> r4TvgVFo9L.zip
Downloaded supplementary_material for r4FVyCSeXN (8.8MB) -> r4FVyCSeXN.zip
Downloaded supplementary_material for r4BjURAEN2 (1.4MB) -> r4BjURAEN2.zip
Downloaded supplementary_material for r3hc5aayC1 (1.4MB) -> r3hc5aayC1.zip
Downloaded supplementary_material for r1WEQzkCQv (3.2MB) -> r1WEQzkCQv.zip
Downloaded supplementary_material for r12Cz05mUT (3.2MB) -> r12Cz05mUT.zip
Downloaded supplementary_material for r0L9GwlnzP (0.4MB) -> r0L9GwlnzP.zip
Downloaded supplementary_material for r0BFucF2dH (1.9MB) -> r0BFucF2dH.zip
Skipping supplementary_material for qyBr9zmxce: size 87.1MB exceeds 10MB limit
Downloaded supplementary_material for qxbhZ5fClE (0.0MB) -> qxbhZ5fClE.zip
Skipping supplementary_material for qwsCjNSHMz: size 60.9MB exceeds 10MB limit
Downloaded supplementary_material for qwA04SZeCa (10.4MB) -> qwA04SZeCa.zip
Skipping supplementary_material for qtjLwGTvGR: size 37.6MB exceeds 10MB limit
Skipping supplementary_material for qtLkYI6tq2: size 96.7MB exceeds 10MB limit
Skipping supplementary_material for qswPmdtuPM: size 25.7MB exceeds 10MB limit
Downloaded supplementary_material for qsaZxgKAtk (9.0MB) -> qsaZxgKAtk.zip
Downloaded supplementary_material for qsLpaAhvzb (0.4MB) -> qsLpaAhvzb.zip
Downloaded supplementary_material for qrhod4eC16 (1.1MB) -> qrhod4eC16.zip
Skipping supplementary_material for qrgQ3IrOa5: size 30.0MB exceeds 10MB limit
Skipping supplementary_material for qreuQQYQPE: size 65.3MB exceeds 10MB limit
Downloaded supplementary_material for qrSYVqY367 (0.1MB) -> qrSYVqY367.zip
Downloaded supplementary_material for qr8leFAPrd (0.2MB) -> qr8leFAPrd.zip
Downloaded supplementary_material for qr2ADtjaGp (0.0MB) -> qr2ADtjaGp.zip
Skipping supplementary_material for qqij8fCGDl: size 54.3MB exceeds 10MB limit
Downloaded supplementary_material for qpZhbxVXY4 (0.1MB) -> qpZhbxVXY4.zip
Downloaded supplementary_material for qosa4cpy2i (0.0MB) -> qosa4cpy2i.zip
Downloaded supplementary_material for qnvvoECibL (0.0MB) -> qnvvoECibL.zip
Skipping supplementary_material for qmtcxAPQu8: size 84.0MB exceeds 10MB limit
Skipping supplementary_material for qmEyJadwHA: size 89.3MB exceeds 10MB limit
Skipping supplementary_material for qmCpJtFZra: size 20.5MB exceeds 10MB limit
Downloaded supplementary_material for qlw6nC3BqP (0.0MB) -> qlw6nC3BqP.zip
Downloaded supplementary_material for qlf6y1A4Zu (0.0MB) -> qlf6y1A4Zu.zip
Skipping supplementary_material for ql75YH2GhG: size 78.1MB exceeds 10MB limit
Skipping supplementary_material for qkddTMfmdn: size 26.0MB exceeds 10MB limit
Downloaded supplementary_material for qkKUG56s5r (0.2MB) -> qkKUG56s5r.zip
Downloaded supplementary_material for qkGhc3l5py (0.3MB) -> qkGhc3l5py.zip
Downloaded supplementary_material for qjvaOmg4f6 (8.3MB) -> qjvaOmg4f6.zip
Downloaded supplementary_material for qiyZOtsTe0 (0.5MB) -> qiyZOtsTe0.zip
Downloaded supplementary_material for qins7MdufH (0.0MB) -> qins7MdufH.zip
Downloaded supplementary_material for qiduLvfi63 (2.3MB) -> qiduLvfi63.zip
Downloaded supplementary_material for qiOIqQ9CwA (4.3MB) -> qiOIqQ9CwA.zip
Downloaded supplementary_material for qhglCWZsuh (0.0MB) -> qhglCWZsuh.zip
Downloaded supplementary_material for qhLjdFHdXm (0.0MB) -> qhLjdFHdXm.zip
Downloaded supplementary_material for qgNs5NmQB7 (0.3MB) -> qgNs5NmQB7.zip
Downloaded supplementary_material for qg7YsQX1p4 (11.7MB) -> qg7YsQX1p4.zip
Downloaded supplementary_material for qfkTRsPqFB (0.0MB) -> qfkTRsPqFB.zip
Downloaded supplementary_material for qfIMtZQspu (0.3MB) -> qfIMtZQspu.zip
Downloaded supplementary_material for qeziG97WUZ (1.9MB) -> qeziG97WUZ.zip
Downloaded supplementary_material for qetBM8nLkf (0.2MB) -> qetBM8nLkf.zip
Downloaded supplementary_material for qepfd7N6W6 (8.8MB) -> qepfd7N6W6.zip
Downloaded supplementary_material for qccGDaGCtz (8.5MB) -> qccGDaGCtz.zip
Downloaded supplementary_material for qcIVaOzd3i (0.0MB) -> qcIVaOzd3i.zip
Downloaded supplementary_material for qcFbW8bstj (8.8MB) -> qcFbW8bstj.zip
Downloaded supplementary_material for qbtHYeUjfz (1.0MB) -> qbtHYeUjfz.zip
Downloaded supplementary_material for qaI3cLFsiX (0.2MB) -> qaI3cLFsiX.zip
Skipping supplementary_material for qZhk7prB7v: size 38.5MB exceeds 10MB limit
Downloaded supplementary_material for qZgKaHkRjl (2.0MB) -> qZgKaHkRjl.zip
Downloaded supplementary_material for qZPIyCf5ke (0.7MB) -> qZPIyCf5ke.zip
Downloaded supplementary_material for qYu4wj7O3z (4.1MB) -> qYu4wj7O3z.zip
Downloaded supplementary_material for qYhYrj91l2 (14.3MB) -> qYhYrj91l2.zip
Downloaded supplementary_material for qYcZVezPW7 (6.1MB) -> qYcZVezPW7.zip
Skipping supplementary_material for qXlWhgkpBp: size 49.7MB exceeds 10MB limit
Skipping supplementary_material for qXfRXfAHOK: size 72.0MB exceeds 10MB limit
Downloaded supplementary_material for qXVmmj8J0T (0.0MB) -> qXVmmj8J0T.zip
Downloaded supplementary_material for qW05yhm3Zo (4.7MB) -> qW05yhm3Zo.zip
Downloaded supplementary_material for qVadFFSfrI (5.7MB) -> qVadFFSfrI.zip
Downloaded supplementary_material for qVQVVZMRVT (0.4MB) -> qVQVVZMRVT.zip
Downloaded supplementary_material for qVMYlK6Joc (0.4MB) -> qVMYlK6Joc.zip
Skipping supplementary_material for qUwOlwao20: size 36.9MB exceeds 10MB limit
Downloaded supplementary_material for qUsw7vHOnp (5.6MB) -> qUsw7vHOnp.zip
Downloaded supplementary_material for qUQARlAx5y (18.8MB) -> qUQARlAx5y.zip
Skipping supplementary_material for qUJZX8LwMp: size 96.4MB exceeds 10MB limit
Downloaded supplementary_material for qTqAL2t8Aa (10.8MB) -> qTqAL2t8Aa.zip
Downloaded supplementary_material for qTTmUJFG38 (5.0MB) -> qTTmUJFG38.zip
💾 Saved chunk: 6 (500 papers)
Downloaded supplementary_material for qTRqmMOOrH (0.0MB) -> qTRqmMOOrH.zip
Downloaded supplementary_material for qTFdf6BhMs (0.0MB) -> qTFdf6BhMs.zip
Downloaded supplementary_material for qTELJPPOX8 (2.7MB) -> qTELJPPOX8.zip
Downloaded supplementary_material for qSs6tJ5RjC (13.4MB) -> qSs6tJ5RjC.zip
Downloaded supplementary_material for qSak1Hjfdq (5.3MB) -> qSak1Hjfdq.zip
Downloaded supplementary_material for qSO5tjYBTw (3.1MB) -> qSO5tjYBTw.zip
Downloaded supplementary_material for qSJIz364pO (0.1MB) -> qSJIz364pO.zip
Downloaded supplementary_material for qRpP2JGqnK (7.1MB) -> qRpP2JGqnK.zip
Downloaded supplementary_material for qRTJWXentH (0.6MB) -> qRTJWXentH.zip
Downloaded supplementary_material for qRGKHBE5RY (0.4MB) -> qRGKHBE5RY.zip
Skipping supplementary_material for qR2TjMZ10B: size 87.7MB exceeds 10MB limit
Downloaded supplementary_material for qQzY7SLpEV (19.1MB) -> qQzY7SLpEV.zip
Skipping supplementary_material for qQW9Dp9rWB: size 79.2MB exceeds 10MB limit
Downloaded supplementary_material for qQ5MZ5Mx7p (1.7MB) -> qQ5MZ5Mx7p.zip
Downloaded supplementary_material for qPwSoOQPrI (0.4MB) -> qPwSoOQPrI.zip
Downloaded supplementary_material for qOyF214xmg (0.1MB) -> qOyF214xmg.zip
Downloaded supplementary_material for qO7g1dToiO (17.7MB) -> qO7g1dToiO.zip
Downloaded supplementary_material for qLnX2CiF1O (0.3MB) -> qLnX2CiF1O.zip
Downloaded supplementary_material for qKdg1fL7lc (7.3MB) -> qKdg1fL7lc.zip
Skipping supplementary_material for qKaMU1l7Lc: size 26.0MB exceeds 10MB limit
Downloaded supplementary_material for qK43vBvOZ7 (1.5MB) -> qK43vBvOZ7.zip
Downloaded supplementary_material for qJsShqQgWw (0.1MB) -> qJsShqQgWw.zip
Downloaded supplementary_material for qJQQCF2ySC (0.0MB) -> qJQQCF2ySC.zip
Downloaded supplementary_material for qJLKOryYeR (3.8MB) -> qJLKOryYeR.zip
Downloaded supplementary_material for qIujRzzWnd (0.9MB) -> qIujRzzWnd.zip
Downloaded supplementary_material for qImzresc4C (0.1MB) -> qImzresc4C.zip
Downloaded supplementary_material for qIbGpiNHhs (0.0MB) -> qIbGpiNHhs.zip
Downloaded supplementary_material for qIUR54yyro (1.2MB) -> qIUR54yyro.zip
Downloaded supplementary_material for qIFutkLgRE (15.2MB) -> qIFutkLgRE.zip
Downloaded supplementary_material for qIFFC9RTwf (0.9MB) -> qIFFC9RTwf.zip
Downloaded supplementary_material for qHm5GePxTh (5.0MB) -> qHm5GePxTh.zip
Downloaded supplementary_material for qHfPIVFGxs (0.3MB) -> qHfPIVFGxs.zip
Skipping supplementary_material for qGihS60jfT: size 21.7MB exceeds 10MB limit
Downloaded supplementary_material for qG2wDVvELP (0.0MB) -> qG2wDVvELP.zip
Skipping supplementary_material for qF6VdXNR5g: size 94.3MB exceeds 10MB limit
Downloaded supplementary_material for qEkzamffGT (0.0MB) -> qEkzamffGT.zip
Downloaded supplementary_material for qEjWihLFol (15.7MB) -> qEjWihLFol.zip
Downloaded supplementary_material for qE5RqmebGG (4.0MB) -> qE5RqmebGG.zip
Downloaded supplementary_material for qDQAiayjQI (0.2MB) -> qDQAiayjQI.zip
Downloaded supplementary_material for qDGiMrUVmc (0.8MB) -> qDGiMrUVmc.zip
Downloaded supplementary_material for qCsbYJZRA5 (7.1MB) -> qCsbYJZRA5.zip
Downloaded supplementary_material for qCaq3jGb0S (0.1MB) -> qCaq3jGb0S.zip
Downloaded supplementary_material for qCM2vo896B (0.0MB) -> qCM2vo896B.zip
Skipping supplementary_material for qCEfTg5nUx: size 21.9MB exceeds 10MB limit
Downloaded supplementary_material for qBy7nYDgEa (0.1MB) -> qBy7nYDgEa.zip
Downloaded supplementary_material for qBknFL81JO (0.0MB) -> qBknFL81JO.zip
Downloaded supplementary_material for qBVIaEz6Nc (7.6MB) -> qBVIaEz6Nc.zip
Downloaded supplementary_material for qBAV2DEvAC (8.4MB) -> qBAV2DEvAC.zip
Downloaded supplementary_material for qA42mWsnbl (2.3MB) -> qA42mWsnbl.zip
Downloaded supplementary_material for q9XfCTwaJ6 (16.7MB) -> q9XfCTwaJ6.zip
Downloaded supplementary_material for q97pnOxCZB (0.2MB) -> q97pnOxCZB.zip
Downloaded supplementary_material for q6wVgopVnq (1.2MB) -> q6wVgopVnq.zip
Downloaded supplementary_material for q6RfdJ4bnZ (4.2MB) -> q6RfdJ4bnZ.zip
Downloaded supplementary_material for q62POvqTLb (1.8MB) -> q62POvqTLb.zip
Downloaded supplementary_material for q5ePtZc9N7 (10.6MB) -> q5ePtZc9N7.zip
Downloaded supplementary_material for q5TSIEE7WM (5.3MB) -> q5TSIEE7WM.zip
Downloaded supplementary_material for q5HIj8V6kW (0.1MB) -> q5HIj8V6kW.zip
Skipping supplementary_material for q57PbzNl1c: size 82.5MB exceeds 10MB limit
Downloaded supplementary_material for q4qxtaKVAU (17.0MB) -> q4qxtaKVAU.zip
Downloaded supplementary_material for q2VKSHWhAS (1.6MB) -> q2VKSHWhAS.zip
Skipping supplementary_material for q1mk8ELkcd: size 24.9MB exceeds 10MB limit
Downloaded supplementary_material for q1Waov7fd2 (1.7MB) -> q1Waov7fd2.zip
Downloaded supplementary_material for q1TpQ6guwX (0.0MB) -> q1TpQ6guwX.zip
Downloaded supplementary_material for q196xGhRMa (4.3MB) -> q196xGhRMa.zip
Downloaded supplementary_material for q0X9SiXiRO (0.0MB) -> q0X9SiXiRO.zip
Skipping supplementary_material for pzRDviUmbH: size 96.3MB exceeds 10MB limit
Downloaded supplementary_material for pzFhtpkabh (0.8MB) -> pzFhtpkabh.zip
Downloaded supplementary_material for pz1tpHPiM3 (6.4MB) -> pz1tpHPiM3.zip
Downloaded supplementary_material for pym3JRajmW (1.7MB) -> pym3JRajmW.zip
Downloaded supplementary_material for pye62xAoi4 (0.0MB) -> pye62xAoi4.zip
Downloaded supplementary_material for pxZvtuWTtO (15.7MB) -> pxZvtuWTtO.zip
Downloaded supplementary_material for pwkZFrmSS8 (0.3MB) -> pwkZFrmSS8.zip
Skipping supplementary_material for pwcV9JCrAB: size 36.4MB exceeds 10MB limit
Downloaded supplementary_material for pwVSmK71cS (0.1MB) -> pwVSmK71cS.zip
Downloaded supplementary_material for pwQcEDph2I (2.2MB) -> pwQcEDph2I.zip
Downloaded supplementary_material for pwBxnCcptN (6.3MB) -> pwBxnCcptN.zip
Skipping supplementary_material for pvq53fGnRq: size 74.1MB exceeds 10MB limit
Skipping supplementary_material for puBVb9vTah: size 36.9MB exceeds 10MB limit
Downloaded supplementary_material for pthfNJWGrE (9.6MB) -> pthfNJWGrE.zip
Downloaded supplementary_material for ptazA0dhbc (0.1MB) -> ptazA0dhbc.zip
Downloaded supplementary_material for ptFP9yT9DK (2.4MB) -> ptFP9yT9DK.zip
Skipping supplementary_material for psJiUopUt7: size 23.9MB exceeds 10MB limit
Downloaded supplementary_material for psEcdvhOJx (0.2MB) -> psEcdvhOJx.zip
Downloaded supplementary_material for przS2C3rub (1.1MB) -> przS2C3rub.zip
Downloaded supplementary_material for pr68D2Bo42 (0.0MB) -> pr68D2Bo42.zip
Downloaded supplementary_material for ppQWp8yrm7 (0.0MB) -> ppQWp8yrm7.zip
Downloaded supplementary_material for pn7tcJU4YN (0.0MB) -> pn7tcJU4YN.zip
Downloaded supplementary_material for pm8B4HZVKr (0.0MB) -> pm8B4HZVKr.zip
Downloaded supplementary_material for pllMq0U0VT (0.2MB) -> pllMq0U0VT.zip
Downloaded supplementary_material for pliEmukDsv (0.0MB) -> pliEmukDsv.zip
Skipping supplementary_material for pkdcOdekrp: size 85.0MB exceeds 10MB limit
Skipping supplementary_material for pjXSfyhifn: size 59.5MB exceeds 10MB limit
Skipping supplementary_material for pjBQRDmx9u: size 86.9MB exceeds 10MB limit
Skipping supplementary_material for piylyBPSau: size 68.6MB exceeds 10MB limit
Downloaded supplementary_material for pi4tbBMLsM (0.1MB) -> pi4tbBMLsM.zip
Downloaded supplementary_material for ph68z0OGHX (2.2MB) -> ph68z0OGHX.zip
Downloaded supplementary_material for pglOZvHNVR (0.0MB) -> pglOZvHNVR.zip
Downloaded supplementary_material for peMOI4RjmJ (1.4MB) -> peMOI4RjmJ.zip
Downloaded supplementary_material for pc3ZW7lmaV (0.0MB) -> pc3ZW7lmaV.zip
Downloaded supplementary_material for pbXHmLQXVS (0.3MB) -> pbXHmLQXVS.zip
Downloaded supplementary_material for pbMzwCnGpq (0.0MB) -> pbMzwCnGpq.zip
Downloaded supplementary_material for pabByp2986 (1.1MB) -> pabByp2986.zip
Downloaded supplementary_material for pZs4hhemXc (0.0MB) -> pZs4hhemXc.zip
Downloaded supplementary_material for pZj2DhfaVD (4.5MB) -> pZj2DhfaVD.zip
Downloaded supplementary_material for pZiS1OcLZq (3.6MB) -> pZiS1OcLZq.zip
Downloaded supplementary_material for pZfkXlyTK8 (0.7MB) -> pZfkXlyTK8.zip
Downloaded supplementary_material for pZ8wBzJ9gX (0.2MB) -> pZ8wBzJ9gX.zip
Downloaded supplementary_material for pYW3WeOwHV (1.9MB) -> pYW3WeOwHV.zip
Skipping supplementary_material for pYMd0tRzPP: size 40.2MB exceeds 10MB limit
Skipping supplementary_material for pY7NPetIsZ: size 21.2MB exceeds 10MB limit
Skipping supplementary_material for pWi3tvhhmx: size 25.3MB exceeds 10MB limit
Downloaded supplementary_material for pWX9PUbqPj (10.9MB) -> pWX9PUbqPj.zip
Failed to download supplementary_material for pW3xAzdmVs: ('Connection broken: IncompleteRead(6422223 bytes read, 724123 more expected)', IncompleteRead(6422223 bytes read, 724123 more expected))
Downloaded supplementary_material for pUOFDjnKXY (0.0MB) -> pUOFDjnKXY.zip
Downloaded supplementary_material for pTxSLUgTsz (9.2MB) -> pTxSLUgTsz.zip
Downloaded supplementary_material for pTY3j7MOEx (11.4MB) -> pTY3j7MOEx.zip
Downloaded supplementary_material for pSyuFl8mau (0.7MB) -> pSyuFl8mau.zip
Skipping supplementary_material for pSwlegpXZ0: size 57.0MB exceeds 10MB limit
Skipping supplementary_material for pSgvlDjNOM: size 35.3MB exceeds 10MB limit
Downloaded supplementary_material for pS9jc2zxQz (0.7MB) -> pS9jc2zxQz.zip
Downloaded supplementary_material for pRwc6v6bP1 (0.2MB) -> pRwc6v6bP1.zip
Downloaded supplementary_material for pRARYIDGF8 (0.4MB) -> pRARYIDGF8.zip
Downloaded supplementary_material for pQyJr7WPgG (0.8MB) -> pQyJr7WPgG.zip
Skipping supplementary_material for pPa5mIFj5p: size 27.9MB exceeds 10MB limit
Downloaded supplementary_material for pPWQUdhYSV (16.1MB) -> pPWQUdhYSV.zip
Downloaded supplementary_material for pPKqLyWiNr (1.8MB) -> pPKqLyWiNr.zip
Downloaded supplementary_material for pP8XVJX3cI (1.3MB) -> pP8XVJX3cI.zip
Downloaded supplementary_material for pON6HlMkoK (0.7MB) -> pON6HlMkoK.zip
Skipping supplementary_material for pODHH9DLeA: size 62.3MB exceeds 10MB limit
Skipping supplementary_material for pNzgwJqLg1: size 32.8MB exceeds 10MB limit
Downloaded supplementary_material for pNwCWIBHBC (0.4MB) -> pNwCWIBHBC.zip
Downloaded supplementary_material for pMdKnxkFRw (0.1MB) -> pMdKnxkFRw.zip
Downloaded supplementary_material for pKKtSi88fH (11.5MB) -> pKKtSi88fH.zip
Downloaded supplementary_material for pJoSE7Cvj0 (0.1MB) -> pJoSE7Cvj0.zip
Downloaded supplementary_material for pJgSBfExDn (4.9MB) -> pJgSBfExDn.zip
Downloaded supplementary_material for pJ2ywh8vpW (14.5MB) -> pJ2ywh8vpW.zip
Downloaded supplementary_material for pIFZtIjHyB (11.7MB) -> pIFZtIjHyB.zip
Downloaded supplementary_material for pI9n8wAR80 (0.0MB) -> pI9n8wAR80.zip
Skipping supplementary_material for pHyMt2zWFY: size 28.3MB exceeds 10MB limit
Skipping supplementary_material for pHxWsgPZAT: size 29.8MB exceeds 10MB limit
Downloaded supplementary_material for pHscguBJS7 (0.6MB) -> pHscguBJS7.zip
Downloaded supplementary_material for pHckxhmBlI (0.0MB) -> pHckxhmBlI.zip
Downloaded supplementary_material for pHCetk0F8m (17.1MB) -> pHCetk0F8m.zip
Downloaded supplementary_material for pG0WTde3pR (1.6MB) -> pG0WTde3pR.zip
Skipping supplementary_material for pFxyiDo9dy: size 28.7MB exceeds 10MB limit
Downloaded supplementary_material for pFByPVh6bd (1.2MB) -> pFByPVh6bd.zip
Downloaded supplementary_material for pEt2m1wZsg (5.2MB) -> pEt2m1wZsg.zip
Downloaded supplementary_material for pE7trvliXi (3.6MB) -> pE7trvliXi.zip
Skipping supplementary_material for pDDqLAaNWM: size 48.1MB exceeds 10MB limit
Skipping supplementary_material for pCaZqJ3f7M: size 27.2MB exceeds 10MB limit
Skipping supplementary_material for pCaR8Rj7mp: size 29.4MB exceeds 10MB limit
Downloaded supplementary_material for pCSx1ZjYcn (0.7MB) -> pCSx1ZjYcn.zip
Skipping supplementary_material for pBySAuS5H5: size 26.9MB exceeds 10MB limit
Skipping supplementary_material for pBjy4ek2QV: size 28.9MB exceeds 10MB limit
Downloaded supplementary_material for pBUaAPVUm3 (0.1MB) -> pBUaAPVUm3.zip
Downloaded supplementary_material for pAIB6Odtsu (0.5MB) -> pAIB6Odtsu.zip
Downloaded supplementary_material for p9uryyZ5bw (1.7MB) -> p9uryyZ5bw.zip
Downloaded supplementary_material for p9u9qw2q1j (0.0MB) -> p9u9qw2q1j.zip
Downloaded supplementary_material for p9azaewKgh (0.2MB) -> p9azaewKgh.zip
Downloaded supplementary_material for p9Hc1o6By5 (16.5MB) -> p9Hc1o6By5.zip
Downloaded supplementary_material for p9A1oyktVB (7.8MB) -> p9A1oyktVB.zip
Downloaded supplementary_material for p8sBNCqQUY (0.0MB) -> p8sBNCqQUY.zip
Skipping supplementary_material for p7wDMVUJ0b: size 31.2MB exceeds 10MB limit
Skipping supplementary_material for p7YBRutxdS: size 25.9MB exceeds 10MB limit
Downloaded supplementary_material for p6mPrnFp8N (0.1MB) -> p6mPrnFp8N.zip
Downloaded supplementary_material for p6Ek7Qg577 (1.3MB) -> p6Ek7Qg577.zip
Downloaded supplementary_material for p66qXIp5jv (0.0MB) -> p66qXIp5jv.zip
Downloaded supplementary_material for p5yByOjvXY (0.1MB) -> p5yByOjvXY.zip
Downloaded supplementary_material for p2xCepZMyW (0.1MB) -> p2xCepZMyW.zip
Skipping supplementary_material for p2rmqkkrOn: size 84.3MB exceeds 10MB limit
Downloaded supplementary_material for p2HAR5Qz6C (8.2MB) -> p2HAR5Qz6C.zip
Downloaded supplementary_material for p0kabcRgJZ (0.1MB) -> p0kabcRgJZ.zip
Downloaded supplementary_material for p0hLWIPCri (1.3MB) -> p0hLWIPCri.zip
Downloaded supplementary_material for p0XNfv3cEe (9.9MB) -> p0XNfv3cEe.zip
Downloaded supplementary_material for p0Qylf8AGA (1.6MB) -> p0Qylf8AGA.zip
Downloaded supplementary_material for p072J56yo4 (19.0MB) -> p072J56yo4.zip
Downloaded supplementary_material for ozBXXB6eWg (9.5MB) -> ozBXXB6eWg.zip
Skipping supplementary_material for oyxExc7TEl: size 93.5MB exceeds 10MB limit
Downloaded supplementary_material for oySbAiD69E (0.0MB) -> oySbAiD69E.zip
Downloaded supplementary_material for oy4fc9h9oT (0.0MB) -> oy4fc9h9oT.zip
Downloaded supplementary_material for oxT5WJtjHE (1.3MB) -> oxT5WJtjHE.zip
Downloaded supplementary_material for owv9VvPwOW (2.9MB) -> owv9VvPwOW.zip
Downloaded supplementary_material for owZ6KNAtYU (0.0MB) -> owZ6KNAtYU.zip
Skipping supplementary_material for ovSDneawKY: size 87.4MB exceeds 10MB limit
Downloaded supplementary_material for ourMOktSsW (1.8MB) -> ourMOktSsW.zip
Downloaded supplementary_material for otrng1WHxG (7.2MB) -> otrng1WHxG.zip
Skipping supplementary_material for osxP6FafPZ: size 91.5MB exceeds 10MB limit
Downloaded supplementary_material for os7OLubIMI (0.0MB) -> os7OLubIMI.zip
Downloaded supplementary_material for orzX69D5UO (0.0MB) -> orzX69D5UO.zip
Downloaded supplementary_material for orwQupGIl0 (5.2MB) -> orwQupGIl0.zip
Downloaded supplementary_material for or4QrWzTMD (1.0MB) -> or4QrWzTMD.zip
Downloaded supplementary_material for oqP3qkHAsA (0.9MB) -> oqP3qkHAsA.zip
Downloaded supplementary_material for opU91paIvZ (0.0MB) -> opU91paIvZ.zip
Downloaded supplementary_material for opG4m2U0Oo (0.2MB) -> opG4m2U0Oo.zip
Downloaded supplementary_material for op8GfkUMYI (0.0MB) -> op8GfkUMYI.zip
Downloaded supplementary_material for ooqnLFagKq (14.8MB) -> ooqnLFagKq.zip
Downloaded supplementary_material for ooiR5tMN3J (0.7MB) -> ooiR5tMN3J.zip
Skipping supplementary_material for ooROvpmxMV: size 47.2MB exceeds 10MB limit
Downloaded supplementary_material for onkWWltsSa (0.2MB) -> onkWWltsSa.zip
💾 Saved chunk: 7 (500 papers)
Downloaded supplementary_material for omxSBcv8TF (0.0MB) -> omxSBcv8TF.zip
Skipping supplementary_material for omEK0fdKDD: size 92.5MB exceeds 10MB limit
Downloaded supplementary_material for ol78tbpqyu (4.1MB) -> ol78tbpqyu.zip
Downloaded supplementary_material for ol5VP3cO0P (0.0MB) -> ol5VP3cO0P.zip
Downloaded supplementary_material for okyrSW1JGJ (1.0MB) -> okyrSW1JGJ.zip
Skipping supplementary_material for okFtlQxTLJ: size 84.3MB exceeds 10MB limit
Downloaded supplementary_material for ojvo3uYVjM (3.1MB) -> ojvo3uYVjM.zip
Downloaded supplementary_material for ojpZXQgS2i (0.0MB) -> ojpZXQgS2i.zip
Downloaded supplementary_material for ojcyMKpbyk (13.8MB) -> ojcyMKpbyk.zip
Downloaded supplementary_material for oj6A9hrNdL (6.0MB) -> oj6A9hrNdL.zip
Downloaded supplementary_material for oj2Xj8WXih (8.1MB) -> oj2Xj8WXih.zip
Downloaded supplementary_material for oijKOpfSmX (3.1MB) -> oijKOpfSmX.zip
Downloaded supplementary_material for ohpsnceMSb (8.8MB) -> ohpsnceMSb.zip
Downloaded supplementary_material for ohpmwYMYzT (1.1MB) -> ohpmwYMYzT.zip
Downloaded supplementary_material for ohmo21slB3 (0.0MB) -> ohmo21slB3.zip
Downloaded supplementary_material for ohedxNATR9 (0.1MB) -> ohedxNATR9.zip
Downloaded supplementary_material for ogMxCjdCCq (0.1MB) -> ogMxCjdCCq.zip
Skipping supplementary_material for og9fnUKHjw: size 24.2MB exceeds 10MB limit
Downloaded supplementary_material for ofx045aRDC (0.0MB) -> ofx045aRDC.zip
Downloaded supplementary_material for ofYuPZ0sK0 (0.1MB) -> ofYuPZ0sK0.zip
Downloaded supplementary_material for ofOdN0RTDz (1.5MB) -> ofOdN0RTDz.zip
Downloaded supplementary_material for ofJaimOZBF (0.8MB) -> ofJaimOZBF.zip
Downloaded supplementary_material for of7Fg5FADI (0.6MB) -> of7Fg5FADI.zip
Downloaded supplementary_material for oeQO4aEVDn (0.1MB) -> oeQO4aEVDn.zip
Downloaded supplementary_material for odsl3gqVSX (3.6MB) -> odsl3gqVSX.zip
Downloaded supplementary_material for odmeUlWta8 (0.4MB) -> odmeUlWta8.zip
Downloaded supplementary_material for odMc2ZRGcw (0.3MB) -> odMc2ZRGcw.zip
Downloaded supplementary_material for od4K9lSkWK (4.3MB) -> od4K9lSkWK.zip
Downloaded supplementary_material for obapzpANpf (2.4MB) -> obapzpANpf.zip
Downloaded supplementary_material for ob7PJs8kPU (0.1MB) -> ob7PJs8kPU.zip
Downloaded supplementary_material for oa7L4vcJ77 (0.1MB) -> oa7L4vcJ77.zip
Downloaded supplementary_material for oZJFY2BQt2 (0.2MB) -> oZJFY2BQt2.zip
Downloaded supplementary_material for oZGsCCcq3H (1.0MB) -> oZGsCCcq3H.zip
Skipping supplementary_material for oZ9f1pwXEM: size 39.4MB exceeds 10MB limit
Downloaded supplementary_material for oXgxHVTqcm (3.6MB) -> oXgxHVTqcm.zip
Downloaded supplementary_material for oXYZHg7HiZ (0.4MB) -> oXYZHg7HiZ.zip
Downloaded supplementary_material for oWzLIDYime (0.1MB) -> oWzLIDYime.zip
Downloaded supplementary_material for oWifJcwS2H (7.0MB) -> oWifJcwS2H.zip
Downloaded supplementary_material for oWagByDNPc (0.0MB) -> oWagByDNPc.zip
Downloaded supplementary_material for oWWAeLEdE3 (1.5MB) -> oWWAeLEdE3.zip
Downloaded supplementary_material for oWFtI0cNsE (4.4MB) -> oWFtI0cNsE.zip
Skipping supplementary_material for oTGJZtrprx: size 76.5MB exceeds 10MB limit
Downloaded supplementary_material for oSX9aenbea (11.8MB) -> oSX9aenbea.zip
Skipping supplementary_material for oSUjUvs999: size 34.8MB exceeds 10MB limit
Downloaded supplementary_material for oRnOH9N3Bl (1.3MB) -> oRnOH9N3Bl.zip
Skipping supplementary_material for oRmo4p1KEE: size 34.5MB exceeds 10MB limit
Failed to download supplementary_material for oRYzpI3cmJ: ('Connection broken: IncompleteRead(58826752 bytes read, 28856392 more expected)', IncompleteRead(58826752 bytes read, 28856392 more expected))
Downloaded supplementary_material for oRHmIKfBpq (18.5MB) -> oRHmIKfBpq.zip
Downloaded supplementary_material for oPDPnzNHQC (0.5MB) -> oPDPnzNHQC.zip
Downloaded supplementary_material for oOmLS1TlPE (1.4MB) -> oOmLS1TlPE.zip
Downloaded supplementary_material for oOSEF3TVb3 (0.0MB) -> oOSEF3TVb3.zip
Downloaded supplementary_material for oMG8HjvrbS (1.4MB) -> oMG8HjvrbS.zip
Skipping supplementary_material for oMDK2F8kjH: size 51.5MB exceeds 10MB limit
Skipping supplementary_material for oM69q4817x: size 64.2MB exceeds 10MB limit
Downloaded supplementary_material for oLl4zjx6rz (0.0MB) -> oLl4zjx6rz.zip
Downloaded supplementary_material for oKKVLHFzZ8 (1.8MB) -> oKKVLHFzZ8.zip
Downloaded supplementary_material for oKGe5wcMbt (0.0MB) -> oKGe5wcMbt.zip
Downloaded supplementary_material for oKG6F733z6 (0.0MB) -> oKG6F733z6.zip
Downloaded supplementary_material for oK0ISeb5Dw (0.4MB) -> oK0ISeb5Dw.zip
Downloaded supplementary_material for oJoLQlnNiB (0.0MB) -> oJoLQlnNiB.zip
Skipping supplementary_material for oJZYmlVtwD: size 52.9MB exceeds 10MB limit
Downloaded supplementary_material for oJ8i3FQVEf (0.1MB) -> oJ8i3FQVEf.zip
Downloaded supplementary_material for oIvIsK5AwB (0.1MB) -> oIvIsK5AwB.zip
Downloaded supplementary_material for oIjxs733Kp (5.3MB) -> oIjxs733Kp.zip
Downloaded supplementary_material for oIiQZfnSxP (8.1MB) -> oIiQZfnSxP.zip
Downloaded supplementary_material for oIdzliJAeA (0.5MB) -> oIdzliJAeA.zip
Downloaded supplementary_material for oHEaIwPv9s (10.8MB) -> oHEaIwPv9s.zip
Downloaded supplementary_material for oGo1DhxlbL (3.9MB) -> oGo1DhxlbL.zip
Downloaded supplementary_material for oGbzk8xuVT (1.0MB) -> oGbzk8xuVT.zip
Skipping supplementary_material for oFsNco4aMm: size 83.5MB exceeds 10MB limit
Failed to download supplementary_material for oEtrDiFOFF: ('Connection broken: IncompleteRead(4062926 bytes read, 32648208 more expected)', IncompleteRead(4062926 bytes read, 32648208 more expected))
Downloaded supplementary_material for oD9RwlFqEE (18.7MB) -> oD9RwlFqEE.zip
Downloaded supplementary_material for oCkPzCR4f4 (0.0MB) -> oCkPzCR4f4.zip
Downloaded supplementary_material for oBJWG4JE2M (0.1MB) -> oBJWG4JE2M.zip
Failed to download supplementary_material for oATS6CUmC7: ('Connection broken: IncompleteRead(10354382 bytes read, 1725336 more expected)', IncompleteRead(10354382 bytes read, 1725336 more expected))
Skipping supplementary_material for o9vH0vDHEN: size 66.2MB exceeds 10MB limit
Downloaded supplementary_material for o7avj3PWNC (12.0MB) -> o7avj3PWNC.zip
Downloaded supplementary_material for o7HKyfd5mk (3.2MB) -> o7HKyfd5mk.zip
Downloaded supplementary_material for o6L4LbeTeQ (1.3MB) -> o6L4LbeTeQ.zip
Downloaded supplementary_material for o5cw2Xgnmz (0.0MB) -> o5cw2Xgnmz.zip
Downloaded supplementary_material for o5U7hM8T95 (4.9MB) -> o5U7hM8T95.zip
Downloaded supplementary_material for o4VooeFajh (0.1MB) -> o4VooeFajh.zip
Downloaded supplementary_material for o3huLE12q5 (2.8MB) -> o3huLE12q5.zip
Downloaded supplementary_material for o2k64ag4HA (0.1MB) -> o2k64ag4HA.zip
Downloaded supplementary_material for o29E01Q6bv (8.1MB) -> o29E01Q6bv.zip
Skipping supplementary_material for o1sF4XaFdY: size 37.4MB exceeds 10MB limit
Downloaded supplementary_material for o1aGo0GzBo (5.2MB) -> o1aGo0GzBo.zip
Downloaded supplementary_material for o10i4HzZ0U (0.0MB) -> o10i4HzZ0U.zip
Downloaded supplementary_material for o0YMFmWfml (15.4MB) -> o0YMFmWfml.zip
Downloaded supplementary_material for o04FuYtHiZ (12.1MB) -> o04FuYtHiZ.zip
Downloaded supplementary_material for nzwfj47tT9 (7.3MB) -> nzwfj47tT9.zip
Downloaded supplementary_material for nzodtGccEM (10.7MB) -> nzodtGccEM.zip
Downloaded supplementary_material for nzEf4dAsEw (2.5MB) -> nzEf4dAsEw.zip
Downloaded supplementary_material for nz4ZqbrBEi (11.8MB) -> nz4ZqbrBEi.zip
Downloaded supplementary_material for nxtIIt0dCF (1.1MB) -> nxtIIt0dCF.zip
Downloaded supplementary_material for nxmBUymHIQ (0.2MB) -> nxmBUymHIQ.zip
Skipping supplementary_material for nvu9jVEqoo: size 44.0MB exceeds 10MB limit
Downloaded supplementary_material for nvmIfDdaaH (5.6MB) -> nvmIfDdaaH.zip
Downloaded supplementary_material for nupbCYlmEE (4.7MB) -> nupbCYlmEE.zip
Downloaded supplementary_material for nun5z71GRX (8.6MB) -> nun5z71GRX.zip
Downloaded supplementary_material for nuAQ0okd8i (0.0MB) -> nuAQ0okd8i.zip
Downloaded supplementary_material for ntkYaHqlAX (0.3MB) -> ntkYaHqlAX.zip
Downloaded supplementary_material for nsqu9ug4Kp (0.6MB) -> nsqu9ug4Kp.zip
Downloaded supplementary_material for nsmow1yhEE (0.1MB) -> nsmow1yhEE.zip
Downloaded supplementary_material for nsNpsCpVG1 (0.0MB) -> nsNpsCpVG1.zip
Downloaded supplementary_material for nraPBoEJfU (0.4MB) -> nraPBoEJfU.zip
Downloaded supplementary_material for nrVbL1CK1A (0.1MB) -> nrVbL1CK1A.zip
Downloaded supplementary_material for nrUsCBW3oT (0.9MB) -> nrUsCBW3oT.zip
Downloaded supplementary_material for nrBJ0Uvj7c (0.1MB) -> nrBJ0Uvj7c.zip
Skipping supplementary_material for nr3HyJhNne: size 22.1MB exceeds 10MB limit
Downloaded supplementary_material for nqNOcGsZy2 (0.0MB) -> nqNOcGsZy2.zip
Downloaded supplementary_material for npxQKeYHw7 (0.7MB) -> npxQKeYHw7.zip
Downloaded supplementary_material for npIDiwja5P (0.6MB) -> npIDiwja5P.zip
Downloaded supplementary_material for noNpK9Vt8l (0.5MB) -> noNpK9Vt8l.zip
Downloaded supplementary_material for noLMXTqgCp (11.7MB) -> noLMXTqgCp.zip
Downloaded supplementary_material for nnwvwge40d (6.6MB) -> nnwvwge40d.zip
Downloaded supplementary_material for nnN2TKlS5C (0.0MB) -> nnN2TKlS5C.zip
Skipping supplementary_material for nmBPWfG7cr: size 68.1MB exceeds 10MB limit
Downloaded supplementary_material for nlgQsugmGw (0.6MB) -> nlgQsugmGw.zip
Skipping supplementary_material for nlJX6Hwyl0: size 26.4MB exceeds 10MB limit
Downloaded supplementary_material for nlFVmB4EOu (0.6MB) -> nlFVmB4EOu.zip
Skipping supplementary_material for nk33zCmbH7: size 93.3MB exceeds 10MB limit
Downloaded supplementary_material for njHuM9AmzX (0.1MB) -> njHuM9AmzX.zip
Skipping supplementary_material for nhFebxzbTl: size 79.4MB exceeds 10MB limit
Downloaded supplementary_material for ngwbYGykrW (0.1MB) -> ngwbYGykrW.zip
Skipping supplementary_material for ngfIm9aPsH: size 25.1MB exceeds 10MB limit
Skipping supplementary_material for ngOOlatCK6: size 62.5MB exceeds 10MB limit
Downloaded supplementary_material for ng4KgSRAW8 (0.4MB) -> ng4KgSRAW8.zip
Downloaded supplementary_material for nfVKTJ1MJ3 (0.0MB) -> nfVKTJ1MJ3.zip
Skipping supplementary_material for nfOnCngWtp: size 25.8MB exceeds 10MB limit
Downloaded supplementary_material for nfMzqKhobR (18.8MB) -> nfMzqKhobR.zip
Downloaded supplementary_material for neVlXBxXjz (0.4MB) -> neVlXBxXjz.zip
Downloaded supplementary_material for ndwwcYvEFQ (0.0MB) -> ndwwcYvEFQ.zip
Skipping supplementary_material for ndilONnABZ: size 89.7MB exceeds 10MB limit
Skipping supplementary_material for ncobdaVCPB: size 28.0MB exceeds 10MB limit
Downloaded supplementary_material for ncc1Wz02Fc (8.8MB) -> ncc1Wz02Fc.zip
Downloaded supplementary_material for nbjsM4zFPG (0.0MB) -> nbjsM4zFPG.zip
Downloaded supplementary_material for nbhDNDDZMe (13.4MB) -> nbhDNDDZMe.zip
Skipping supplementary_material for naYMDn0l19: size 39.8MB exceeds 10MB limit
Skipping supplementary_material for nY91ZOfB5M: size 37.0MB exceeds 10MB limit
Skipping supplementary_material for nY8looE4lO: size 34.6MB exceeds 10MB limit
Downloaded supplementary_material for nXVenJ6KFI (7.0MB) -> nXVenJ6KFI.zip
Skipping supplementary_material for nXLXjAir6m: size 60.6MB exceeds 10MB limit
Downloaded supplementary_material for nVnPqLtO8r (0.1MB) -> nVnPqLtO8r.zip
Skipping supplementary_material for nV9CzBfPWZ: size 71.7MB exceeds 10MB limit
Downloaded supplementary_material for nV3SAjFlyv (1.0MB) -> nV3SAjFlyv.zip
Downloaded supplementary_material for nU4Fv2yXN1 (0.0MB) -> nU4Fv2yXN1.zip
Downloaded supplementary_material for nTDn4OMiym (3.0MB) -> nTDn4OMiym.zip
Downloaded supplementary_material for nT7UlrSJzF (2.5MB) -> nT7UlrSJzF.zip
Downloaded supplementary_material for nRS87hbAqU (0.3MB) -> nRS87hbAqU.zip
Downloaded supplementary_material for nQuhfvgnkb (5.4MB) -> nQuhfvgnkb.zip
Downloaded supplementary_material for nQiV6kQpEc (3.2MB) -> nQiV6kQpEc.zip
Downloaded supplementary_material for nPgpc4WzcB (0.0MB) -> nPgpc4WzcB.zip
Downloaded supplementary_material for nPWlYPJkJS (1.8MB) -> nPWlYPJkJS.zip
Downloaded supplementary_material for nOXCfIdhD9 (0.2MB) -> nOXCfIdhD9.zip
Downloaded supplementary_material for nNmd4pPSck (0.8MB) -> nNmd4pPSck.zip
Downloaded supplementary_material for nLikuHmC98 (0.0MB) -> nLikuHmC98.zip
Downloaded supplementary_material for nLVmi5OKql (0.0MB) -> nLVmi5OKql.zip
Downloaded supplementary_material for nJvgBolRcR (13.6MB) -> nJvgBolRcR.zip
Downloaded supplementary_material for nJeqJDl8k6 (7.2MB) -> nJeqJDl8k6.zip
Downloaded supplementary_material for nIrF8xF0uN (9.5MB) -> nIrF8xF0uN.zip
Downloaded supplementary_material for nIk4bviF8z (0.0MB) -> nIk4bviF8z.zip
Downloaded supplementary_material for nIYtXmeY3F (0.9MB) -> nIYtXmeY3F.zip
Downloaded supplementary_material for nIOIfHHYzk (0.0MB) -> nIOIfHHYzk.zip
Downloaded supplementary_material for nHrYBGujps (1.9MB) -> nHrYBGujps.zip
Downloaded supplementary_material for nHW64r5KFG (2.5MB) -> nHW64r5KFG.zip
Downloaded supplementary_material for nHEMumYcwt (3.1MB) -> nHEMumYcwt.zip
Downloaded supplementary_material for nGizKVBCgn (0.2MB) -> nGizKVBCgn.zip
Downloaded supplementary_material for nGLefuWScZ (0.7MB) -> nGLefuWScZ.zip
Skipping supplementary_material for nGIydjpyLD: size 49.3MB exceeds 10MB limit
Downloaded supplementary_material for nFjj8NEBqv (0.0MB) -> nFjj8NEBqv.zip
Skipping supplementary_material for nFTdyfz4fC: size 58.6MB exceeds 10MB limit
Downloaded supplementary_material for nErnNhJx2o (1.5MB) -> nErnNhJx2o.zip
Skipping supplementary_material for nEjeFmx5cA: size 89.5MB exceeds 10MB limit
Downloaded supplementary_material for nCP9kyST95 (0.2MB) -> nCP9kyST95.zip
Downloaded supplementary_material for nCEs0tSwc2 (14.9MB) -> nCEs0tSwc2.zip
Skipping supplementary_material for nCAODkpsPJ: size 90.5MB exceeds 10MB limit
Skipping supplementary_material for nBta7psl5J: size 53.9MB exceeds 10MB limit
Downloaded supplementary_material for nBCApflsHM (1.0MB) -> nBCApflsHM.zip
Downloaded supplementary_material for nAT8s1VfU2 (0.7MB) -> nAT8s1VfU2.zip
💾 Saved chunk: 8 (500 papers)
Downloaded supplementary_material for n9cGjk78RK (0.3MB) -> n9cGjk78RK.zip
Downloaded supplementary_material for n9Ps1SFOlE (1.6MB) -> n9Ps1SFOlE.zip
Failed to download supplementary_material for n8s5RILeBs: ('Connection broken: IncompleteRead(15638232 bytes read, 77605647 more expected)', IncompleteRead(15638232 bytes read, 77605647 more expected))
Downloaded supplementary_material for n80azZM1A6 (0.3MB) -> n80azZM1A6.zip
Skipping supplementary_material for n7viYE7Xbo: size 83.8MB exceeds 10MB limit
Downloaded supplementary_material for n7YfFCNhjb (3.2MB) -> n7YfFCNhjb.zip
Downloaded supplementary_material for n7Kbly3UeX (7.1MB) -> n7Kbly3UeX.zip
Downloaded supplementary_material for n6kIYzPRPL (5.8MB) -> n6kIYzPRPL.zip
Downloaded supplementary_material for n6XbPGStit (0.1MB) -> n6XbPGStit.zip
Downloaded supplementary_material for n5dkjiplv4 (15.9MB) -> n5dkjiplv4.zip
Downloaded supplementary_material for n5bPL58uMC (12.6MB) -> n5bPL58uMC.zip
Downloaded supplementary_material for n5RKFmC8Zl (1.0MB) -> n5RKFmC8Zl.zip
Skipping supplementary_material for n577FC6CKk: size 41.7MB exceeds 10MB limit
Skipping supplementary_material for n41veICTrg: size 36.0MB exceeds 10MB limit
Downloaded supplementary_material for n3KUrCwc32 (10.6MB) -> n3KUrCwc32.zip
Downloaded supplementary_material for n2WDmnGJZ3 (1.9MB) -> n2WDmnGJZ3.zip
Downloaded supplementary_material for n2RM4uVFSM (10.2MB) -> n2RM4uVFSM.zip
Downloaded supplementary_material for n2CIy5Bm8M (0.3MB) -> n2CIy5Bm8M.zip
Downloaded supplementary_material for n1HBsszaY6 (4.4MB) -> n1HBsszaY6.zip
Skipping supplementary_material for n0WDVWqgzC: size 36.3MB exceeds 10MB limit
Downloaded supplementary_material for mzlScdrryB (9.2MB) -> mzlScdrryB.zip
Downloaded supplementary_material for mzAchylAtf (2.4MB) -> mzAchylAtf.zip
Downloaded supplementary_material for mxz5RqhCMe (8.1MB) -> mxz5RqhCMe.zip
Downloaded supplementary_material for mxjk4G4ATb (13.9MB) -> mxjk4G4ATb.zip
Skipping supplementary_material for mx9jLnzQGr: size 38.4MB exceeds 10MB limit
Downloaded supplementary_material for mwgYORsqtv (0.0MB) -> mwgYORsqtv.zip
Skipping supplementary_material for mw5ik8co5S: size 58.6MB exceeds 10MB limit
Downloaded supplementary_material for mvWQYIjDsx (0.0MB) -> mvWQYIjDsx.zip
Downloaded supplementary_material for mvCGnsgIs4 (19.7MB) -> mvCGnsgIs4.zip
Downloaded supplementary_material for muJ0EYIXFC (1.4MB) -> muJ0EYIXFC.zip
Skipping supplementary_material for mu8sO1Vw0C: size 45.7MB exceeds 10MB limit
Downloaded supplementary_material for mteZOi0xyu (0.0MB) -> mteZOi0xyu.zip
Downloaded supplementary_material for mtdyZsa47V (0.0MB) -> mtdyZsa47V.zip
Downloaded supplementary_material for msX2KKICRr (0.9MB) -> msX2KKICRr.zip
Downloaded supplementary_material for msBSL6JnkZ (0.1MB) -> msBSL6JnkZ.zip
Downloaded supplementary_material for mruL1LDjzV (0.0MB) -> mruL1LDjzV.zip
Downloaded supplementary_material for mqNKv0brqk (3.6MB) -> mqNKv0brqk.zip
Downloaded supplementary_material for mq43BAAos0 (1.0MB) -> mq43BAAos0.zip
Downloaded supplementary_material for mq1kHw6IUX (9.8MB) -> mq1kHw6IUX.zip
Downloaded supplementary_material for mpAMH1OyMO (1.1MB) -> mpAMH1OyMO.zip
Downloaded supplementary_material for movNwgQtDt (1.2MB) -> movNwgQtDt.zip
Downloaded supplementary_material for moBqB1CUym (0.0MB) -> moBqB1CUym.zip
Downloaded supplementary_material for mo7u21GoQv (19.6MB) -> mo7u21GoQv.zip
Downloaded supplementary_material for mnfqJQSd6B (13.5MB) -> mnfqJQSd6B.zip
Downloaded supplementary_material for mnI8CFj2WP (0.8MB) -> mnI8CFj2WP.zip
Downloaded supplementary_material for mmkbgNlrJB (0.5MB) -> mmkbgNlrJB.zip
Skipping supplementary_material for mkxJoP74rp: size 33.6MB exceeds 10MB limit
Downloaded supplementary_material for mkoeblmWvN (0.7MB) -> mkoeblmWvN.zip
Downloaded supplementary_material for mkQAd11ovn (0.1MB) -> mkQAd11ovn.zip
Failed to download supplementary_material for mjmDFmGue5: ('Connection broken: IncompleteRead(47087486 bytes read, 49371229 more expected)', IncompleteRead(47087486 bytes read, 49371229 more expected))
Skipping supplementary_material for mjkGXdgm4T: size 37.3MB exceeds 10MB limit
Skipping supplementary_material for mj5EJe50X2: size 25.6MB exceeds 10MB limit
Downloaded supplementary_material for miNzDqDENd (0.1MB) -> miNzDqDENd.zip
Downloaded supplementary_material for mhJ9jO7ue8 (1.4MB) -> mhJ9jO7ue8.zip
Skipping supplementary_material for mhHlsuGNRW: size 90.0MB exceeds 10MB limit
Skipping supplementary_material for mh5388TZJ4: size 51.8MB exceeds 10MB limit
Downloaded supplementary_material for mgTjEVzyXu (0.1MB) -> mgTjEVzyXu.zip
Downloaded supplementary_material for mfIbSouoaZ (2.3MB) -> mfIbSouoaZ.zip
Downloaded supplementary_material for mf35JXqWHS (2.8MB) -> mf35JXqWHS.zip
Downloaded supplementary_material for mex3rvs2KX (0.1MB) -> mex3rvs2KX.zip
Downloaded supplementary_material for meRHki4HwQ (0.6MB) -> meRHki4HwQ.zip
Skipping supplementary_material for mcxuhnQgLj: size 57.3MB exceeds 10MB limit
Downloaded supplementary_material for mcUWhTcqTx (0.2MB) -> mcUWhTcqTx.zip
Downloaded supplementary_material for mcITTf5FXA (13.7MB) -> mcITTf5FXA.zip
Downloaded supplementary_material for maYDrS6TvM (17.0MB) -> maYDrS6TvM.zip
Downloaded supplementary_material for mZT0dxJvc0 (13.0MB) -> mZT0dxJvc0.zip
Downloaded supplementary_material for mYP33u1QBK (0.1MB) -> mYP33u1QBK.zip
Downloaded supplementary_material for mYNi6X3XWY (3.1MB) -> mYNi6X3XWY.zip
Downloaded supplementary_material for mXuzDDVXxi (0.0MB) -> mXuzDDVXxi.zip
Skipping supplementary_material for mXtV92SPxW: size 20.5MB exceeds 10MB limit
Skipping supplementary_material for mXs50PdLiJ: size 52.7MB exceeds 10MB limit
Downloaded supplementary_material for mXjHo6sDMe (0.1MB) -> mXjHo6sDMe.zip
Skipping supplementary_material for mXXLliOV20: size 50.5MB exceeds 10MB limit
Skipping supplementary_material for mXQslpfSU5: size 20.5MB exceeds 10MB limit
Downloaded supplementary_material for mXPeXZ1KWT (10.7MB) -> mXPeXZ1KWT.zip
Downloaded supplementary_material for mX8b64iUaa (0.1MB) -> mX8b64iUaa.zip
Downloaded supplementary_material for mWoMyDEfbM (6.7MB) -> mWoMyDEfbM.zip
Downloaded supplementary_material for mWPQA3nNFj (8.9MB) -> mWPQA3nNFj.zip
Downloaded supplementary_material for mWN6cpA6Wr (9.3MB) -> mWN6cpA6Wr.zip
Downloaded supplementary_material for mWKvHBINSl (0.0MB) -> mWKvHBINSl.zip
Downloaded supplementary_material for mW3pn67O8Y (4.4MB) -> mW3pn67O8Y.zip
Skipping supplementary_material for mVo6cyFR6C: size 26.3MB exceeds 10MB limit
Downloaded supplementary_material for mVFFqmvkDi (0.0MB) -> mVFFqmvkDi.zip
Downloaded supplementary_material for mVCsM9xJMd (0.3MB) -> mVCsM9xJMd.zip
Downloaded supplementary_material for mVBTsebsK4 (0.8MB) -> mVBTsebsK4.zip
Failed to download supplementary_material for mUTN9VIaSy: ('Connection broken: IncompleteRead(1179343 bytes read, 129784 more expected)', IncompleteRead(1179343 bytes read, 129784 more expected))
Downloaded supplementary_material for mUIGdUTtk2 (0.0MB) -> mUIGdUTtk2.zip
Skipping supplementary_material for mU8Ubd8aNK: size 73.0MB exceeds 10MB limit
Downloaded supplementary_material for mU00BTMaSw (0.0MB) -> mU00BTMaSw.zip
Downloaded supplementary_material for mTWBMdTuav (11.3MB) -> mTWBMdTuav.zip
Downloaded supplementary_material for mTOBSI4bAH (0.1MB) -> mTOBSI4bAH.zip
Skipping supplementary_material for mSqGIpQkXU: size 66.2MB exceeds 10MB limit
Downloaded supplementary_material for mRjzWksbGR (7.5MB) -> mRjzWksbGR.zip
Downloaded supplementary_material for mRXv4cYncW (8.2MB) -> mRXv4cYncW.zip
Downloaded supplementary_material for mR00rZEgEF (0.6MB) -> mR00rZEgEF.zip
Downloaded supplementary_material for mPaCjGhJE1 (0.0MB) -> mPaCjGhJE1.zip
Downloaded supplementary_material for mOz9jVYxsD (3.1MB) -> mOz9jVYxsD.zip
Downloaded supplementary_material for mOSRwj2iIL (0.0MB) -> mOSRwj2iIL.zip
Downloaded supplementary_material for mNeitRAdWV (0.2MB) -> mNeitRAdWV.zip
Downloaded supplementary_material for mNQJ9odBvy (0.0MB) -> mNQJ9odBvy.zip
Skipping supplementary_material for mN7tlqf6Yi: size 68.8MB exceeds 10MB limit
Skipping supplementary_material for mN49LupE8l: size 43.5MB exceeds 10MB limit
Downloaded supplementary_material for mMhlqK79Nm (4.5MB) -> mMhlqK79Nm.zip
Downloaded supplementary_material for mMdnPMzeN2 (1.3MB) -> mMdnPMzeN2.zip
Downloaded supplementary_material for mMNvByerft (0.5MB) -> mMNvByerft.zip
Downloaded supplementary_material for mMB3Y1ERqi (1.3MB) -> mMB3Y1ERqi.zip
Downloaded supplementary_material for mL3uFW2ME9 (0.0MB) -> mL3uFW2ME9.zip
Downloaded supplementary_material for mKgUAO41zf (0.0MB) -> mKgUAO41zf.zip
Downloaded supplementary_material for mKPpS6n3cZ (0.3MB) -> mKPpS6n3cZ.zip
Downloaded supplementary_material for mKJKDNmCg2 (0.1MB) -> mKJKDNmCg2.zip
Downloaded supplementary_material for mKFbXHpOjb (0.1MB) -> mKFbXHpOjb.zip
Downloaded supplementary_material for mJiPqOzc3O (0.3MB) -> mJiPqOzc3O.zip
Downloaded supplementary_material for mJSL9qU8DW (15.9MB) -> mJSL9qU8DW.zip
Downloaded supplementary_material for mIeKe74W43 (0.0MB) -> mIeKe74W43.zip
Skipping supplementary_material for mHFaflQv93: size 91.6MB exceeds 10MB limit
Skipping supplementary_material for mEspnOwfPv: size 51.1MB exceeds 10MB limit
Skipping supplementary_material for mDYLZLMxQn: size 61.7MB exceeds 10MB limit
Skipping supplementary_material for mDOZjDwDwQ: size 30.2MB exceeds 10MB limit
Skipping supplementary_material for mA1kdpQejk: size 85.0MB exceeds 10MB limit
Skipping supplementary_material for m9oP8W9MLX: size 35.1MB exceeds 10MB limit
Skipping supplementary_material for m7AQM9H6wa: size 22.2MB exceeds 10MB limit
Skipping supplementary_material for m6mRGNO7Yj: size 24.9MB exceeds 10MB limit
Skipping supplementary_material for m55I8B1DGs: size 43.2MB exceeds 10MB limit
Skipping supplementary_material for m3rZ7Fdlst: size 92.0MB exceeds 10MB limit
Skipping supplementary_material for m3VzVmgjGC: size 95.9MB exceeds 10MB limit
Skipping supplementary_material for m1hrR1Ji4e: size 91.4MB exceeds 10MB limit
Skipping supplementary_material for lxAZ0ivDeB: size 31.1MB exceeds 10MB limit
Skipping supplementary_material for lwqeXDYKWJ: size 28.7MB exceeds 10MB limit
Failed to download supplementary_material for lvLnFzRyLx: ('Connection broken: IncompleteRead(88940455 bytes read, 6113652 more expected)', IncompleteRead(88940455 bytes read, 6113652 more expected))
Skipping supplementary_material for lro42pRwOl: size 21.5MB exceeds 10MB limit
Skipping supplementary_material for lopEqVaufB: size 22.8MB exceeds 10MB limit
Skipping supplementary_material for lk86ohBGnp: size 63.4MB exceeds 10MB limit
Skipping supplementary_material for ljaMSMEYBI: size 43.3MB exceeds 10MB limit
Skipping supplementary_material for lj1qwU6Gxs: size 76.5MB exceeds 10MB limit
Skipping supplementary_material for li1vfqDzRD: size 23.9MB exceeds 10MB limit
Skipping supplementary_material for lglTxzfw4g: size 89.3MB exceeds 10MB limit
Skipping supplementary_material for lejOV6j3cj: size 31.4MB exceeds 10MB limit
Skipping supplementary_material for lddpNkrgXV: size 94.0MB exceeds 10MB limit
💾 Saved chunk: 9 (500 papers)
Skipping supplementary_material for lYearSsgXj: size 21.9MB exceeds 10MB limit
Skipping supplementary_material for lYNsZdKn5R: size 22.1MB exceeds 10MB limit
Skipping supplementary_material for lUZWXXOU2z: size 40.1MB exceeds 10MB limit
Skipping supplementary_material for lSdxyAQNXD: size 87.4MB exceeds 10MB limit
Skipping supplementary_material for lQxSGO2kBa: size 23.9MB exceeds 10MB limit
Skipping supplementary_material for lPMPFeioCZ: size 20.7MB exceeds 10MB limit
Skipping supplementary_material for lJKdOYFF5W: size 26.4MB exceeds 10MB limit
Skipping supplementary_material for lHp9ef3kfm: size 55.1MB exceeds 10MB limit
Skipping supplementary_material for lHfUG7iFaJ: size 87.0MB exceeds 10MB limit
Skipping supplementary_material for lFn1Bb1ZMD: size 61.7MB exceeds 10MB limit
Skipping supplementary_material for lA4VkYKUyi: size 73.3MB exceeds 10MB limit
Skipping supplementary_material for l9dRkT8u1I: size 30.5MB exceeds 10MB limit
Skipping supplementary_material for l5re5ppqrX: size 27.2MB exceeds 10MB limit
Skipping supplementary_material for kxVjQhkAWz: size 83.9MB exceeds 10MB limit
Skipping supplementary_material for kvEGQWemVx: size 25.5MB exceeds 10MB limit
Skipping supplementary_material for kpLRYtPGt3: size 34.3MB exceeds 10MB limit
Skipping supplementary_material for kkBOIsrCXh: size 66.7MB exceeds 10MB limit
Skipping supplementary_material for kjZEdwqhtU: size 87.5MB exceeds 10MB limit
Skipping supplementary_material for kjVBqkLrJa: size 27.9MB exceeds 10MB limit
Skipping supplementary_material for kjCzhKVzEJ: size 35.0MB exceeds 10MB limit
Skipping supplementary_material for kflYZjGumW: size 47.6MB exceeds 10MB limit
Skipping supplementary_material for kfRGA3mPOu: size 20.4MB exceeds 10MB limit
Skipping supplementary_material for kdPmsMVhZf: size 40.5MB exceeds 10MB limit
Skipping supplementary_material for kcFEpBagea: size 67.8MB exceeds 10MB limit
Skipping supplementary_material for kbuGvzBJg4: size 21.8MB exceeds 10MB limit
Downloaded supplementary_material for kbi0o0xQS5 (9.6MB) -> kbi0o0xQS5.zip
Skipping supplementary_material for kNGNferBxb: size 53.2MB exceeds 10MB limit
Skipping supplementary_material for kL9nYFvs6O: size 67.1MB exceeds 10MB limit
Skipping supplementary_material for kKvEleeIsa: size 31.1MB exceeds 10MB limit
Skipping supplementary_material for kIT1aA8SbY: size 44.3MB exceeds 10MB limit
Skipping supplementary_material for kGgHappUSR: size 27.6MB exceeds 10MB limit
Skipping supplementary_material for kE3ODBSDFQ: size 54.3MB exceeds 10MB limit
Skipping supplementary_material for kDqH5KmRWR: size 28.9MB exceeds 10MB limit
Skipping supplementary_material for kDqG03v05B: size 32.1MB exceeds 10MB limit
Skipping supplementary_material for kBsBUqEVES: size 90.9MB exceeds 10MB limit
Skipping supplementary_material for k9Fl07O6yH: size 34.4MB exceeds 10MB limit
💾 Saved chunk: 10 (500 papers)
Skipping supplementary_material for k8KIwW4f7P: size 77.7MB exceeds 10MB limit
Skipping supplementary_material for k49lMF1ckB: size 84.2MB exceeds 10MB limit
Skipping supplementary_material for k3Cyx3Uets: size 72.1MB exceeds 10MB limit
Skipping supplementary_material for k2nsulWyQ8: size 23.1MB exceeds 10MB limit
Skipping supplementary_material for k2Cdf5kSGo: size 24.5MB exceeds 10MB limit
Skipping supplementary_material for k2CKteHKZO: size 50.6MB exceeds 10MB limit
Skipping supplementary_material for jwkdKpioHJ: size 68.7MB exceeds 10MB limit
Skipping supplementary_material for jtrhwfgseW: size 40.8MB exceeds 10MB limit
Skipping supplementary_material for jtoXERb5oA: size 37.3MB exceeds 10MB limit
Skipping supplementary_material for jsoCCOseOb: size 28.5MB exceeds 10MB limit
Skipping supplementary_material for jrFJWpDZvq: size 33.8MB exceeds 10MB limit
Skipping supplementary_material for jpdVhi0y2I: size 26.6MB exceeds 10MB limit
Skipping supplementary_material for jp4dzBilqH: size 66.1MB exceeds 10MB limit
Skipping supplementary_material for jhtNOz7NLw: size 29.0MB exceeds 10MB limit
Skipping supplementary_material for jhan3NJ5x1: size 84.2MB exceeds 10MB limit
Skipping supplementary_material for jg8JIKBAlb: size 54.8MB exceeds 10MB limit
Skipping supplementary_material for je3ezjX4LD: size 33.0MB exceeds 10MB limit
Skipping supplementary_material for jdoW4zmDg3: size 70.0MB exceeds 10MB limit
Skipping supplementary_material for jcFH0AUux2: size 40.7MB exceeds 10MB limit
Skipping supplementary_material for jZnmOOJX1e: size 49.7MB exceeds 10MB limit
Skipping supplementary_material for jY21fwcrjr: size 25.8MB exceeds 10MB limit
Skipping supplementary_material for jXgDfBpwHH: size 56.0MB exceeds 10MB limit
Skipping supplementary_material for jXf15mkuhg: size 40.8MB exceeds 10MB limit
Skipping supplementary_material for jXZZbraJpG: size 45.0MB exceeds 10MB limit
Skipping supplementary_material for jUNmW3s45i: size 48.9MB exceeds 10MB limit
Skipping supplementary_material for jRi824qGpS: size 20.6MB exceeds 10MB limit
Skipping supplementary_material for jMZpXvDDbB: size 53.6MB exceeds 10MB limit
Skipping supplementary_material for jHPCXOi9LU: size 31.7MB exceeds 10MB limit
Skipping supplementary_material for jG9W6nAwVz: size 37.4MB exceeds 10MB limit
Skipping supplementary_material for jFHaK889Jv: size 59.9MB exceeds 10MB limit
Skipping supplementary_material for jDkKquWRgd: size 91.0MB exceeds 10MB limit
Skipping supplementary_material for jDSrbmo0sY: size 58.4MB exceeds 10MB limit
Skipping supplementary_material for jCykSSfU98: size 34.8MB exceeds 10MB limit
Skipping supplementary_material for jCctxI1BGF: size 31.0MB exceeds 10MB limit
Skipping supplementary_material for jCQVjd4vrX: size 64.6MB exceeds 10MB limit
Skipping supplementary_material for jBztvOiCKE: size 63.8MB exceeds 10MB limit
Skipping supplementary_material for j9mSh3TdZW: size 70.8MB exceeds 10MB limit
Skipping supplementary_material for j7Vt2lp2jX: size 37.8MB exceeds 10MB limit
Skipping supplementary_material for j3htU5i01r: size 21.5MB exceeds 10MB limit
Skipping supplementary_material for j1T34Sj84y: size 31.7MB exceeds 10MB limit
Skipping supplementary_material for iu5fSByDUZ: size 65.0MB exceeds 10MB limit
Skipping supplementary_material for itSbHJklyd: size 23.9MB exceeds 10MB limit
Skipping supplementary_material for isNjWnVsUR: size 78.4MB exceeds 10MB limit
Skipping supplementary_material for ioYdy7aghG: size 97.5MB exceeds 10MB limit
Skipping supplementary_material for ilhWL2WPvS: size 55.3MB exceeds 10MB limit
Skipping supplementary_material for iiBjaiikJG: size 24.1MB exceeds 10MB limit
Skipping supplementary_material for ihi5tVOupB: size 34.5MB exceeds 10MB limit
Skipping supplementary_material for ih1oyr0j6y: size 37.5MB exceeds 10MB limit
Skipping supplementary_material for ifesxQxlJp: size 41.6MB exceeds 10MB limit
Skipping supplementary_material for iexhzXxLV5: size 71.8MB exceeds 10MB limit
Skipping supplementary_material for ichO81Ezt8: size 41.5MB exceeds 10MB limit
Skipping supplementary_material for ibXhUapwcz: size 34.8MB exceeds 10MB limit
💾 Saved chunk: 11 (500 papers)
Skipping supplementary_material for iajaxDd9BO: size 76.4MB exceeds 10MB limit
Skipping supplementary_material for iZyBEbq6jR: size 51.2MB exceeds 10MB limit
Skipping supplementary_material for iYVh7UKmfn: size 61.8MB exceeds 10MB limit
Skipping supplementary_material for iXp4UywUfr: size 60.0MB exceeds 10MB limit
Skipping supplementary_material for iRjGhXuye8: size 93.6MB exceeds 10MB limit
Skipping supplementary_material for iRWqcnBlLQ: size 25.1MB exceeds 10MB limit
Skipping supplementary_material for iRIoT8NUu2: size 77.9MB exceeds 10MB limit
Skipping supplementary_material for iQWZRFISKd: size 35.5MB exceeds 10MB limit
Skipping supplementary_material for iQKzHeLDrN: size 73.2MB exceeds 10MB limit
Skipping supplementary_material for iJPiyQGhWf: size 59.4MB exceeds 10MB limit
Skipping supplementary_material for iJNM7KY8FD: size 24.9MB exceeds 10MB limit
Skipping supplementary_material for iJ7cyttpVj: size 63.8MB exceeds 10MB limit
Skipping supplementary_material for iHQIacMKka: size 22.0MB exceeds 10MB limit
Skipping supplementary_material for iH7mSOTR4q: size 45.7MB exceeds 10MB limit
Skipping supplementary_material for iGDv1e4rFY: size 34.0MB exceeds 10MB limit
Skipping supplementary_material for i9cWwfSDz1: size 60.1MB exceeds 10MB limit
Skipping supplementary_material for i9c9tT5dFq: size 27.9MB exceeds 10MB limit
Skipping supplementary_material for i6SA9rGTAB: size 54.8MB exceeds 10MB limit
Skipping supplementary_material for i5PwwnqRLA: size 43.6MB exceeds 10MB limit
Skipping supplementary_material for hyJV4HYCnw: size 83.2MB exceeds 10MB limit
Skipping supplementary_material for hxrTmEuMrP: size 47.4MB exceeds 10MB limit
Skipping supplementary_material for hxGdAUn3sB: size 43.1MB exceeds 10MB limit
Skipping supplementary_material for hvT2vfxD84: size 37.2MB exceeds 10MB limit
Skipping supplementary_material for hm97o1wQ9W: size 29.9MB exceeds 10MB limit
Skipping supplementary_material for higDU3itix: size 97.2MB exceeds 10MB limit
Skipping supplementary_material for hidBHy1CAw: size 70.1MB exceeds 10MB limit
Skipping supplementary_material for hi26HXfPT7: size 72.1MB exceeds 10MB limit
Skipping supplementary_material for hgMsOJOm1c: size 40.8MB exceeds 10MB limit
Skipping supplementary_material for hg0lpcHdWk: size 37.0MB exceeds 10MB limit
Skipping supplementary_material for hfPUieLcQw: size 63.2MB exceeds 10MB limit
Skipping supplementary_material for hfMfYMoRLk: size 45.3MB exceeds 10MB limit
Skipping supplementary_material for he86smZzRk: size 65.9MB exceeds 10MB limit
Skipping supplementary_material for hdErPCTui6: size 92.0MB exceeds 10MB limit
Skipping supplementary_material for hcA3sq27kR: size 94.5MB exceeds 10MB limit
Skipping supplementary_material for hagNoZpM11: size 25.2MB exceeds 10MB limit
Skipping supplementary_material for haVf5e4Q6C: size 55.5MB exceeds 10MB limit
Skipping supplementary_material for hYsqBf3Uad: size 72.7MB exceeds 10MB limit
Skipping supplementary_material for hTTfQG7fwN: size 85.3MB exceeds 10MB limit
Skipping supplementary_material for hSUlL8K1Ec: size 46.2MB exceeds 10MB limit
Skipping supplementary_material for hRuTBS07C7: size 26.6MB exceeds 10MB limit
Skipping supplementary_material for hR39xH7rm3: size 96.4MB exceeds 10MB limit
Skipping supplementary_material for hQxYUw8bKQ: size 28.3MB exceeds 10MB limit
Skipping supplementary_material for hQ4Ph3TNYK: size 86.7MB exceeds 10MB limit
Skipping supplementary_material for hPz3doftL4: size 69.7MB exceeds 10MB limit
Skipping supplementary_material for hOywXVc7Qq: size 85.1MB exceeds 10MB limit
Skipping supplementary_material for hMxlumpguU: size 44.1MB exceeds 10MB limit
Skipping supplementary_material for hMZbIIHMDI: size 51.4MB exceeds 10MB limit
Skipping supplementary_material for hLweUPBz7k: size 42.5MB exceeds 10MB limit
Skipping supplementary_material for hKAW8gcnTx: size 48.7MB exceeds 10MB limit
Skipping supplementary_material for hJasHYdECc: size 38.6MB exceeds 10MB limit
Downloaded supplementary_material for hIBMCDOwMI (0.6MB) -> hIBMCDOwMI.zip
Skipping supplementary_material for hGipI51ljh: size 28.7MB exceeds 10MB limit
Skipping supplementary_material for hFzrP5mw24: size 43.8MB exceeds 10MB limit
Skipping supplementary_material for hFiNgXOT8p: size 71.0MB exceeds 10MB limit
Skipping supplementary_material for hDM3YphhVx: size 68.8MB exceeds 10MB limit
Skipping supplementary_material for h6sijPQXoZ: size 24.8MB exceeds 10MB limit
💾 Saved chunk: 12 (500 papers)
Skipping supplementary_material for h497VpgFKd: size 26.4MB exceeds 10MB limit
Skipping supplementary_material for h3pdqoIk1b: size 23.3MB exceeds 10MB limit
Skipping supplementary_material for h2iWDKEIEt: size 47.8MB exceeds 10MB limit
Skipping supplementary_material for h05AulYT7g: size 47.6MB exceeds 10MB limit
Skipping supplementary_material for gzynHSyjUe: size 80.6MB exceeds 10MB limit
Skipping supplementary_material for gwavfvxSwg: size 58.4MB exceeds 10MB limit
Skipping supplementary_material for gvFOB8VCMr: size 50.2MB exceeds 10MB limit
Skipping supplementary_material for gv74C0eOpW: size 52.5MB exceeds 10MB limit
Skipping supplementary_material for gv2cr8kABL: size 90.0MB exceeds 10MB limit
Skipping supplementary_material for guXFowAqLQ: size 46.5MB exceeds 10MB limit
Skipping supplementary_material for guUrm5IRQS: size 90.1MB exceeds 10MB limit
Skipping supplementary_material for guUaZN0kyC: size 23.9MB exceeds 10MB limit
Skipping supplementary_material for gkf81Ciu9K: size 41.8MB exceeds 10MB limit
Skipping supplementary_material for gkTx4sPyAw: size 40.9MB exceeds 10MB limit
Skipping supplementary_material for gk8WMxzIQP: size 43.4MB exceeds 10MB limit
Skipping supplementary_material for gk6OC3XIZW: size 81.4MB exceeds 10MB limit
Skipping supplementary_material for ghcnO9J9PI: size 21.8MB exceeds 10MB limit
Skipping supplementary_material for gcAcJz5uBy: size 24.2MB exceeds 10MB limit
Skipping supplementary_material for gXjOsBcXIR: size 43.2MB exceeds 10MB limit
Skipping supplementary_material for gVbPWbA97s: size 94.3MB exceeds 10MB limit
Skipping supplementary_material for gRdEcs0qdd: size 24.0MB exceeds 10MB limit
Skipping supplementary_material for gQPD83DrGp: size 88.3MB exceeds 10MB limit
Skipping supplementary_material for gNOj6BknS0: size 26.9MB exceeds 10MB limit
Skipping supplementary_material for gF51sPe5Yc: size 50.5MB exceeds 10MB limit
Skipping supplementary_material for gE29pT2T3e: size 60.4MB exceeds 10MB limit
Skipping supplementary_material for gCHEQFuv1j: size 34.2MB exceeds 10MB limit
Skipping supplementary_material for g1Aq2U1L3T: size 73.0MB exceeds 10MB limit
Skipping supplementary_material for g11dXeWKyX: size 29.9MB exceeds 10MB limit
Skipping supplementary_material for g0Vw52zai8: size 68.9MB exceeds 10MB limit
Skipping supplementary_material for g0EbJrKFQJ: size 67.6MB exceeds 10MB limit
Skipping supplementary_material for fzmittHfq3: size 47.2MB exceeds 10MB limit
Skipping supplementary_material for fzZAh18s9G: size 68.1MB exceeds 10MB limit
Skipping supplementary_material for fxlrnYBOZ4: size 21.3MB exceeds 10MB limit
Skipping supplementary_material for fvCHkWbdgX: size 33.0MB exceeds 10MB limit
Skipping supplementary_material for ftLqH4tgrh: size 26.2MB exceeds 10MB limit
Skipping supplementary_material for fsP1eBxACA: size 53.9MB exceeds 10MB limit
Skipping supplementary_material for fqqmeg61yd: size 49.6MB exceeds 10MB limit
Skipping supplementary_material for fotzssBy3o: size 35.0MB exceeds 10MB limit
Skipping supplementary_material for foOyv8KTj7: size 22.6MB exceeds 10MB limit
Skipping supplementary_material for fm79KXJIUQ: size 23.7MB exceeds 10MB limit
Skipping supplementary_material for fkYrply0w3: size 29.6MB exceeds 10MB limit
Skipping supplementary_material for fhEwTOLYNZ: size 23.8MB exceeds 10MB limit
Skipping supplementary_material for fg75K9ZK8k: size 94.9MB exceeds 10MB limit
Skipping supplementary_material for ffyPJ4wFO4: size 26.7MB exceeds 10MB limit
Skipping supplementary_material for ff3gboFkss: size 49.9MB exceeds 10MB limit
Skipping supplementary_material for fbGmSV6tUw: size 32.6MB exceeds 10MB limit
Skipping supplementary_material for fTad4GXyR9: size 67.9MB exceeds 10MB limit
Skipping supplementary_material for fT8FrhGNo0: size 28.7MB exceeds 10MB limit
💾 Saved chunk: 13 (500 papers)
Skipping supplementary_material for fQ0ESh72CK: size 77.8MB exceeds 10MB limit
Skipping supplementary_material for fLLCmC53u9: size 73.5MB exceeds 10MB limit
Skipping supplementary_material for fK2pCgoavb: size 96.6MB exceeds 10MB limit
Skipping supplementary_material for fHLtSxDFKC: size 76.1MB exceeds 10MB limit
Skipping supplementary_material for fCZf20wK6p: size 39.1MB exceeds 10MB limit
Skipping supplementary_material for fAVvvZq6Y2: size 62.6MB exceeds 10MB limit
Skipping supplementary_material for f7p0F2X6XN: size 91.5MB exceeds 10MB limit
Skipping supplementary_material for f5LVpApGOw: size 30.9MB exceeds 10MB limit
Skipping supplementary_material for f17aMuQIPz: size 56.3MB exceeds 10MB limit
Skipping supplementary_material for ewdqbKskUL: size 49.7MB exceeds 10MB limit
Skipping supplementary_material for euMVC1DO4k: size 20.3MB exceeds 10MB limit
Skipping supplementary_material for esM0zdV3NO: size 38.7MB exceeds 10MB limit
Skipping supplementary_material for eqcDckWHik: size 60.9MB exceeds 10MB limit
Skipping supplementary_material for epbzV3FLcI: size 28.8MB exceeds 10MB limit
Skipping supplementary_material for enprG5H9aD: size 51.2MB exceeds 10MB limit
Skipping supplementary_material for em0jPLYjaS: size 36.8MB exceeds 10MB limit
Skipping supplementary_material for eiBp7rsc3K: size 36.4MB exceeds 10MB limit
Skipping supplementary_material for eflUxFmIhZ: size 94.9MB exceeds 10MB limit
Failed to download supplementary_material for ecbEfXdqrV: ('Connection broken: IncompleteRead(32702354 bytes read, 55730290 more expected)', IncompleteRead(32702354 bytes read, 55730290 more expected))
Skipping supplementary_material for ebe9uW2yQA: size 20.2MB exceeds 10MB limit
Skipping supplementary_material for eZZDbYR3RH: size 59.5MB exceeds 10MB limit
Skipping supplementary_material for eXXsUer975: size 44.3MB exceeds 10MB limit
Skipping supplementary_material for eWe8zqGvs5: size 88.0MB exceeds 10MB limit
Skipping supplementary_material for eTMWHOBW6T: size 45.0MB exceeds 10MB limit
Failed to download supplementary_material for eSf8Sz74IG: ('Connection broken: IncompleteRead(57507757 bytes read, 3654509 more expected)', IncompleteRead(57507757 bytes read, 3654509 more expected))
Skipping supplementary_material for eR7E4LMPtR: size 43.2MB exceeds 10MB limit
Skipping supplementary_material for eQ4kdm5iYj: size 68.3MB exceeds 10MB limit
Failed to download supplementary_material for ePycZoAvYQ: ('Connection broken: IncompleteRead(45752025 bytes read, 6573016 more expected)', IncompleteRead(45752025 bytes read, 6573016 more expected))
Skipping supplementary_material for ePRnK88z5p: size 20.4MB exceeds 10MB limit
Skipping supplementary_material for eNmANCkefl: size 91.9MB exceeds 10MB limit
Skipping supplementary_material for eJ8p42r755: size 32.3MB exceeds 10MB limit
Skipping supplementary_material for eIpe2XsnRU: size 85.7MB exceeds 10MB limit
Skipping supplementary_material for eGwRxSuApK: size 43.0MB exceeds 10MB limit
Skipping supplementary_material for eFwJZIN9eI: size 31.7MB exceeds 10MB limit
Skipping supplementary_material for eCXpA14KHd: size 40.5MB exceeds 10MB limit
Skipping supplementary_material for e9cV4xSjbR: size 23.6MB exceeds 10MB limit
Skipping supplementary_material for e97PUwaiIi: size 91.2MB exceeds 10MB limit
Skipping supplementary_material for e8P4Oo8S6U: size 34.7MB exceeds 10MB limit
Skipping supplementary_material for e61YQdLIam: size 38.1MB exceeds 10MB limit
Skipping supplementary_material for e5l1sD0nk2: size 36.2MB exceeds 10MB limit
Skipping supplementary_material for e0lqp1QhVX: size 48.3MB exceeds 10MB limit
Skipping supplementary_material for e0RmOknoM4: size 49.6MB exceeds 10MB limit
Skipping supplementary_material for dxHPqQindP: size 95.5MB exceeds 10MB limit
Skipping supplementary_material for dwNXKkiP51: size 21.0MB exceeds 10MB limit
Skipping supplementary_material for dtExkh4l4z: size 62.2MB exceeds 10MB limit
Skipping supplementary_material for ds8bBklDV5: size 28.2MB exceeds 10MB limit
💾 Saved chunk: 14 (500 papers)
Skipping supplementary_material for dpVQPM6P3q: size 58.3MB exceeds 10MB limit
Skipping supplementary_material for doWshSA5i3: size 86.5MB exceeds 10MB limit
Skipping supplementary_material for deplugB2m5: size 36.3MB exceeds 10MB limit
Skipping supplementary_material for dZ09ayDALD: size 87.7MB exceeds 10MB limit
Skipping supplementary_material for dWEQpTkr1v: size 93.6MB exceeds 10MB limit
Skipping supplementary_material for dW2ToB9u89: size 42.7MB exceeds 10MB limit
Skipping supplementary_material for dVCOrh99ZB: size 47.6MB exceeds 10MB limit
Skipping supplementary_material for dUoqAziyKj: size 82.3MB exceeds 10MB limit
Skipping supplementary_material for dTYbqgvZmc: size 85.5MB exceeds 10MB limit
Skipping supplementary_material for dT3ZciXvNX: size 93.3MB exceeds 10MB limit
Skipping supplementary_material for dMFKprC7vR: size 68.0MB exceeds 10MB limit
Skipping supplementary_material for dLaUZKBzta: size 38.1MB exceeds 10MB limit
Skipping supplementary_material for dJKhjK4zpp: size 48.2MB exceeds 10MB limit
Skipping supplementary_material for dIqJaNbHmP: size 42.2MB exceeds 10MB limit
Skipping supplementary_material for dGE8GNOLKs: size 65.8MB exceeds 10MB limit
Skipping supplementary_material for dDvLeDjBOa: size 45.8MB exceeds 10MB limit
Skipping supplementary_material for dCJZR0P4T5: size 41.1MB exceeds 10MB limit
Skipping supplementary_material for d9H63Iatgd: size 57.3MB exceeds 10MB limit
Skipping supplementary_material for d6vMek58Zv: size 31.3MB exceeds 10MB limit
Skipping supplementary_material for d6mwFoLkg2: size 65.3MB exceeds 10MB limit
Skipping supplementary_material for d1wuA8oIH0: size 42.2MB exceeds 10MB limit
Skipping supplementary_material for d08yOXs1Dl: size 69.2MB exceeds 10MB limit
Skipping supplementary_material for cz6SbHgGEn: size 38.1MB exceeds 10MB limit
Skipping supplementary_material for cvAZKWA1HZ: size 29.3MB exceeds 10MB limit
Skipping supplementary_material for cthzUgBUn7: size 56.9MB exceeds 10MB limit
Skipping supplementary_material for crOQJrWrdU: size 65.2MB exceeds 10MB limit
Skipping supplementary_material for cmmu25plng: size 52.0MB exceeds 10MB limit
Skipping supplementary_material for ci4PveaHtr: size 40.0MB exceeds 10MB limit
Skipping supplementary_material for cgr5OAXe3q: size 38.7MB exceeds 10MB limit
Skipping supplementary_material for cfxnpmYC7N: size 43.8MB exceeds 10MB limit
Skipping supplementary_material for cWczH8ontO: size 45.2MB exceeds 10MB limit
Skipping supplementary_material for cVX3VqO8BO: size 27.6MB exceeds 10MB limit
Skipping supplementary_material for cTzmLqlQZv: size 84.7MB exceeds 10MB limit
Skipping supplementary_material for cTqGsLYkRl: size 55.8MB exceeds 10MB limit
Skipping supplementary_material for cTekVoqmpm: size 25.7MB exceeds 10MB limit
Skipping supplementary_material for cSNijSgcC6: size 29.1MB exceeds 10MB limit
Skipping supplementary_material for cReExMQLiK: size 61.8MB exceeds 10MB limit
Skipping supplementary_material for cQV1uWcBfl: size 56.5MB exceeds 10MB limit
💾 Saved chunk: 15 (500 papers)
Skipping supplementary_material for cKZw9ycVHy: size 59.6MB exceeds 10MB limit
Skipping supplementary_material for cGhpmJIOAh: size 54.4MB exceeds 10MB limit
Skipping supplementary_material for cEAOqt6guL: size 29.2MB exceeds 10MB limit
Skipping supplementary_material for cDc95lucVL: size 21.8MB exceeds 10MB limit
Skipping supplementary_material for c8oAL6i2yR: size 22.4MB exceeds 10MB limit
Skipping supplementary_material for c7vpjzlDR9: size 45.0MB exceeds 10MB limit
Skipping supplementary_material for c6x919YHOD: size 27.5MB exceeds 10MB limit
Skipping supplementary_material for c6JwTiFXvL: size 70.9MB exceeds 10MB limit
Skipping supplementary_material for c2EfS9E5CJ: size 66.1MB exceeds 10MB limit
Skipping supplementary_material for c1bTcrDmt4: size 44.9MB exceeds 10MB limit
Skipping supplementary_material for c0QRZMKwSb: size 48.2MB exceeds 10MB limit
Skipping supplementary_material for bvvBOwDQ0c: size 24.3MB exceeds 10MB limit
Skipping supplementary_material for blJXE07r7I: size 55.1MB exceeds 10MB limit
Skipping supplementary_material for bjApyTEoRf: size 69.2MB exceeds 10MB limit
Skipping supplementary_material for bisWxwcK8D: size 86.2MB exceeds 10MB limit
Skipping supplementary_material for biJqDcw6i9: size 96.8MB exceeds 10MB limit
Skipping supplementary_material for behsr8o1Xz: size 97.5MB exceeds 10MB limit
Skipping supplementary_material for bbuxDoRD2D: size 71.9MB exceeds 10MB limit
Skipping supplementary_material for bbAN9PPcI1: size 62.0MB exceeds 10MB limit
Skipping supplementary_material for baomU18Dgb: size 69.6MB exceeds 10MB limit
Skipping supplementary_material for bYzGyEssk4: size 68.3MB exceeds 10MB limit
Skipping supplementary_material for bYA07SdHoS: size 30.9MB exceeds 10MB limit
Skipping supplementary_material for bXRrwS4ViR: size 42.6MB exceeds 10MB limit
Skipping supplementary_material for bVsVbmI0qC: size 78.6MB exceeds 10MB limit
Skipping supplementary_material for bTcFHJo1Zk: size 25.1MB exceeds 10MB limit
Skipping supplementary_material for bQyPTtOBoM: size 47.6MB exceeds 10MB limit
Skipping supplementary_material for bPVLklCEcO: size 80.1MB exceeds 10MB limit
Skipping supplementary_material for bPM2KgvK53: size 72.2MB exceeds 10MB limit
Skipping supplementary_material for bKymxfD47b: size 76.9MB exceeds 10MB limit
Skipping supplementary_material for bGPDviEtZ1: size 39.7MB exceeds 10MB limit
Skipping supplementary_material for bEL7xaBdJf: size 24.5MB exceeds 10MB limit
Skipping supplementary_material for b8avf4F2hn: size 21.7MB exceeds 10MB limit
Skipping supplementary_material for b6KiY3jlvS: size 80.2MB exceeds 10MB limit
Skipping supplementary_material for b1Vipm34s6: size 43.6MB exceeds 10MB limit
Skipping supplementary_material for ayAx2YnfmD: size 65.3MB exceeds 10MB limit
Skipping supplementary_material for avwNGWtiHF: size 72.7MB exceeds 10MB limit
Skipping supplementary_material for apaLoTumdO: size 91.9MB exceeds 10MB limit
Skipping supplementary_material for aoNqu2N8MC: size 22.8MB exceeds 10MB limit
Skipping supplementary_material for anvRacYUHe: size 20.5MB exceeds 10MB limit
💾 Saved chunk: 16 (500 papers)
Skipping supplementary_material for aiZG7mRi43: size 84.3MB exceeds 10MB limit
Skipping supplementary_material for ahihizs0m6: size 25.1MB exceeds 10MB limit
Skipping supplementary_material for afRg6IS1Sc: size 27.4MB exceeds 10MB limit
Skipping supplementary_material for adIRd7KZsw: size 94.8MB exceeds 10MB limit
Skipping supplementary_material for abxVxyXNhW: size 76.4MB exceeds 10MB limit
Skipping supplementary_material for aa6sCNPy32: size 89.1MB exceeds 10MB limit
Skipping supplementary_material for aVa7etWnwF: size 75.6MB exceeds 10MB limit
Skipping supplementary_material for aTP1IM6alo: size 91.9MB exceeds 10MB limit
Skipping supplementary_material for aMs6FtNaY5: size 92.8MB exceeds 10MB limit
Skipping supplementary_material for aKyBCsPOHB: size 26.2MB exceeds 10MB limit
Skipping supplementary_material for aKCYSL14HX: size 48.9MB exceeds 10MB limit
Skipping supplementary_material for aGu4XzefBh: size 31.4MB exceeds 10MB limit
Skipping supplementary_material for a7TVXy8DqU: size 31.4MB exceeds 10MB limit
Skipping supplementary_material for a5rZNSuRbp: size 22.2MB exceeds 10MB limit
Skipping supplementary_material for a5lL1ygtkG: size 61.8MB exceeds 10MB limit
Skipping supplementary_material for a4Got6azjF: size 53.6MB exceeds 10MB limit
Skipping supplementary_material for a3CUE06G5Y: size 30.4MB exceeds 10MB limit
Skipping supplementary_material for a2XmC7rHIU: size 72.9MB exceeds 10MB limit
Skipping supplementary_material for a19MA0ksbc: size 27.8MB exceeds 10MB limit
Skipping supplementary_material for ZzH6xDdpTP: size 58.7MB exceeds 10MB limit
Skipping supplementary_material for ZzF9V0H6Vi: size 90.0MB exceeds 10MB limit
Skipping supplementary_material for ZwwFuVQv64: size 47.7MB exceeds 10MB limit
Skipping supplementary_material for ZvzFdAbnbw: size 40.0MB exceeds 10MB limit
Skipping supplementary_material for ZtPIBpVojC: size 97.0MB exceeds 10MB limit
Skipping supplementary_material for ZsvGCzpaVD: size 85.0MB exceeds 10MB limit
Skipping supplementary_material for ZsGQLxOpjt: size 40.6MB exceeds 10MB limit
Skipping supplementary_material for ZbfLR9NbNF: size 36.9MB exceeds 10MB limit
Skipping supplementary_material for Zb3yuOZVDN: size 26.1MB exceeds 10MB limit
Skipping supplementary_material for Za1lSj86XG: size 64.9MB exceeds 10MB limit
Skipping supplementary_material for ZVECa939aG: size 58.1MB exceeds 10MB limit
Skipping supplementary_material for ZTb4YmHD9n: size 42.9MB exceeds 10MB limit
Skipping supplementary_material for ZR3HNkT2cj: size 52.5MB exceeds 10MB limit
Skipping supplementary_material for ZNbzdBIWSd: size 28.1MB exceeds 10MB limit
Skipping supplementary_material for ZNFe2PvTr7: size 38.0MB exceeds 10MB limit
Skipping supplementary_material for ZMQAGxMmE2: size 38.1MB exceeds 10MB limit
💾 Saved chunk: 17 (500 papers)
Skipping supplementary_material for ZC2N9q8USm: size 42.5MB exceeds 10MB limit
Skipping supplementary_material for ZBZU3YA05J: size 25.3MB exceeds 10MB limit
Skipping supplementary_material for Z6fMBQ86XU: size 47.7MB exceeds 10MB limit
Skipping supplementary_material for Z6KGt1veeP: size 30.0MB exceeds 10MB limit
Skipping supplementary_material for Z3SH1xlFs6: size 77.7MB exceeds 10MB limit
Skipping supplementary_material for Z10pxu0Q7X: size 60.5MB exceeds 10MB limit
Skipping supplementary_material for Z0jDtLL7aM: size 84.7MB exceeds 10MB limit
Skipping supplementary_material for Z06LNjqU1g: size 63.9MB exceeds 10MB limit
Skipping supplementary_material for YwawhlWdtm: size 92.4MB exceeds 10MB limit
Skipping supplementary_material for YsQM7sQl0j: size 62.2MB exceeds 10MB limit
Skipping supplementary_material for YqRuSEEXb5: size 83.4MB exceeds 10MB limit
Skipping supplementary_material for Yp6P3a4nSY: size 78.3MB exceeds 10MB limit
Skipping supplementary_material for Ylf5t1j4Yu: size 68.1MB exceeds 10MB limit
Skipping supplementary_material for YgMGDCFH01: size 25.1MB exceeds 10MB limit
Skipping supplementary_material for Yef9HRWesf: size 80.1MB exceeds 10MB limit
Skipping supplementary_material for YeWsA0VFZ5: size 36.4MB exceeds 10MB limit
Skipping supplementary_material for YbQxus1KEa: size 82.7MB exceeds 10MB limit
Skipping supplementary_material for YXZ4m3QCvg: size 22.6MB exceeds 10MB limit
Skipping supplementary_material for YWCHLdNGVU: size 72.7MB exceeds 10MB limit
Skipping supplementary_material for YVEQTMndCk: size 75.2MB exceeds 10MB limit
Skipping supplementary_material for YV5Zgv8pdg: size 44.1MB exceeds 10MB limit
Skipping supplementary_material for YUOxux1lIu: size 83.9MB exceeds 10MB limit
Skipping supplementary_material for YPPD3Gf8mc: size 94.8MB exceeds 10MB limit
Skipping supplementary_material for YKTJJCNXF4: size 21.8MB exceeds 10MB limit
Skipping supplementary_material for YJHuiCMkHS: size 38.5MB exceeds 10MB limit
Skipping supplementary_material for YJFdc3Xt0K: size 72.6MB exceeds 10MB limit
Skipping supplementary_material for YFNHJrFFvO: size 37.1MB exceeds 10MB limit
Skipping supplementary_material for YDmkmdoC3M: size 74.4MB exceeds 10MB limit
Skipping supplementary_material for YAYhkZYRNY: size 33.0MB exceeds 10MB limit
Skipping supplementary_material for YA4IaLOaHH: size 56.3MB exceeds 10MB limit
Skipping supplementary_material for Xzcllrc6gb: size 72.4MB exceeds 10MB limit
Skipping supplementary_material for XwnjMZWe1Y: size 35.8MB exceeds 10MB limit
Skipping supplementary_material for XwFXJ38jET: size 52.4MB exceeds 10MB limit
Skipping supplementary_material for XpddZpGck9: size 93.2MB exceeds 10MB limit
Skipping supplementary_material for Xpd6ZYm4js: size 47.0MB exceeds 10MB limit
Skipping supplementary_material for Xpci9b7ccw: size 89.3MB exceeds 10MB limit
Skipping supplementary_material for XoT51yzqz7: size 24.1MB exceeds 10MB limit
Skipping supplementary_material for Xn33bU71m4: size 28.0MB exceeds 10MB limit
Skipping supplementary_material for XmpEzCzn5U: size 58.1MB exceeds 10MB limit
Skipping supplementary_material for XklgQBPw1x: size 40.0MB exceeds 10MB limit
Skipping supplementary_material for Xi1jkajWi9: size 75.3MB exceeds 10MB limit
💾 Saved chunk: 18 (500 papers)
Skipping supplementary_material for XguSzViX02: size 65.2MB exceeds 10MB limit
Skipping supplementary_material for XefQQhQucN: size 94.5MB exceeds 10MB limit
Skipping supplementary_material for XbMp83tvK7: size 36.9MB exceeds 10MB limit
Skipping supplementary_material for XZhDjhVwma: size 21.3MB exceeds 10MB limit
Skipping supplementary_material for XSc8Fi0Mm2: size 65.0MB exceeds 10MB limit
Skipping supplementary_material for XQfRnmOzY8: size 33.5MB exceeds 10MB limit
Skipping supplementary_material for XNDoZaLRsW: size 82.8MB exceeds 10MB limit
Skipping supplementary_material for XLiUcvHfzS: size 71.3MB exceeds 10MB limit
Skipping supplementary_material for XKAcf5UbwD: size 24.4MB exceeds 10MB limit
Skipping supplementary_material for XJclc9Eabd: size 76.2MB exceeds 10MB limit
Skipping supplementary_material for XJXZXuTj11: size 64.9MB exceeds 10MB limit
Skipping supplementary_material for XFw2EPRUUR: size 23.6MB exceeds 10MB limit
Skipping supplementary_material for XFrCbkHM8C: size 59.2MB exceeds 10MB limit
Skipping supplementary_material for XFNMmznPTj: size 31.6MB exceeds 10MB limit
Skipping supplementary_material for XEkQu1ZWGN: size 70.2MB exceeds 10MB limit
Skipping supplementary_material for XBzIhhwv8d: size 72.0MB exceeds 10MB limit
Skipping supplementary_material for XAXT7A8EWh: size 71.3MB exceeds 10MB limit
Skipping supplementary_material for X96Ei9n34a: size 95.4MB exceeds 10MB limit
Skipping supplementary_material for X7ITc8NmSv: size 35.9MB exceeds 10MB limit
Skipping supplementary_material for X6mpiUEWPe: size 21.1MB exceeds 10MB limit
Skipping supplementary_material for X5U5bdG1Gd: size 86.4MB exceeds 10MB limit
Skipping supplementary_material for X2yzXtH4wp: size 37.2MB exceeds 10MB limit
Skipping supplementary_material for X1qSwfzPo1: size 21.3MB exceeds 10MB limit
Skipping supplementary_material for X1gKlHIdig: size 23.6MB exceeds 10MB limit
Skipping supplementary_material for X0MaP5AOIF: size 46.4MB exceeds 10MB limit
Skipping supplementary_material for WxTlAbRUE6: size 45.6MB exceeds 10MB limit
Skipping supplementary_material for WtbIU6tDc3: size 84.9MB exceeds 10MB limit
Skipping supplementary_material for WrUIGjX73K: size 87.7MB exceeds 10MB limit
Skipping supplementary_material for WrEQFwWCdT: size 38.2MB exceeds 10MB limit
Skipping supplementary_material for Wr1IDzjttB: size 56.9MB exceeds 10MB limit
Skipping supplementary_material for WqSEVQRlUB: size 23.8MB exceeds 10MB limit
Skipping supplementary_material for WjqO2pNfh2: size 34.2MB exceeds 10MB limit
Skipping supplementary_material for WXFfMLyB6y: size 36.4MB exceeds 10MB limit
Skipping supplementary_material for WVhgFSKniL: size 55.6MB exceeds 10MB limit
Skipping supplementary_material for WT9jewYFNQ: size 91.4MB exceeds 10MB limit
Skipping supplementary_material for WRmU41PpEK: size 54.6MB exceeds 10MB limit
Skipping supplementary_material for WRk1aOhKNk: size 45.1MB exceeds 10MB limit
Skipping supplementary_material for WPJnLvQrP3: size 36.6MB exceeds 10MB limit
Skipping supplementary_material for WLeXLQac97: size 21.3MB exceeds 10MB limit
Skipping supplementary_material for WIXohR7mEo: size 57.7MB exceeds 10MB limit
Skipping supplementary_material for WGqibe5H3W: size 89.9MB exceeds 10MB limit
Skipping supplementary_material for WGErZvT5jA: size 76.2MB exceeds 10MB limit
Skipping supplementary_material for WFpZjEogVH: size 38.7MB exceeds 10MB limit
Skipping supplementary_material for WEuJlEJmX8: size 59.2MB exceeds 10MB limit
Skipping supplementary_material for WCY0l6z3Rm: size 72.9MB exceeds 10MB limit
Skipping supplementary_material for W8ZFwYKbXo: size 81.3MB exceeds 10MB limit
Skipping supplementary_material for W7jtBYjNO4: size 89.9MB exceeds 10MB limit
Skipping supplementary_material for W7YRskO47j: size 40.4MB exceeds 10MB limit
Skipping supplementary_material for W7QcymYxXK: size 51.1MB exceeds 10MB limit
Skipping supplementary_material for W6gbWvvovB: size 58.8MB exceeds 10MB limit
💾 Saved chunk: 19 (500 papers)
Skipping supplementary_material for VygcUtobkg: size 44.7MB exceeds 10MB limit
Skipping supplementary_material for Vsoor99Ts6: size 52.0MB exceeds 10MB limit
Skipping supplementary_material for Vj1ZEBsStT: size 34.3MB exceeds 10MB limit
Skipping supplementary_material for VgZ8BJkneV: size 28.1MB exceeds 10MB limit
Skipping supplementary_material for VgVeQpagf7: size 63.3MB exceeds 10MB limit
Skipping supplementary_material for VesLZukY5E: size 34.7MB exceeds 10MB limit
Skipping supplementary_material for VdVV24KSWK: size 20.7MB exceeds 10MB limit
Skipping supplementary_material for VYQuICALXj: size 24.7MB exceeds 10MB limit
Skipping supplementary_material for VStKtgGXUc: size 77.0MB exceeds 10MB limit
Skipping supplementary_material for VSWjHIveqZ: size 56.9MB exceeds 10MB limit
Skipping supplementary_material for VS9fKe0bLn: size 48.9MB exceeds 10MB limit
Skipping supplementary_material for VPSDRWSoni: size 25.3MB exceeds 10MB limit
Skipping supplementary_material for VKnohUr6EW: size 83.3MB exceeds 10MB limit
Skipping supplementary_material for VIYNWGb3TL: size 35.6MB exceeds 10MB limit
Skipping supplementary_material for VGYgG2GH0d: size 82.0MB exceeds 10MB limit
Skipping supplementary_material for VG5iE3rzLz: size 35.3MB exceeds 10MB limit
Skipping supplementary_material for VFyOrKqiDY: size 30.8MB exceeds 10MB limit
Skipping supplementary_material for VBew6vESGL: size 91.9MB exceeds 10MB limit
Skipping supplementary_material for VAISvCsrvG: size 38.4MB exceeds 10MB limit
Skipping supplementary_material for V66pMNOVC2: size 63.7MB exceeds 10MB limit
Skipping supplementary_material for V4c1VeXFrZ: size 73.4MB exceeds 10MB limit
Skipping supplementary_material for V35oo1SVGH: size 52.1MB exceeds 10MB limit
Skipping supplementary_material for V1i58pZmp3: size 30.2MB exceeds 10MB limit
Skipping supplementary_material for Uzku7RZXvI: size 28.6MB exceeds 10MB limit
Skipping supplementary_material for UyAJQQPU4W: size 54.4MB exceeds 10MB limit
Skipping supplementary_material for UuBFviV8Gz: size 42.9MB exceeds 10MB limit
Skipping supplementary_material for UmOdd5KQ8K: size 36.6MB exceeds 10MB limit
Skipping supplementary_material for UmCzGf4qNh: size 50.8MB exceeds 10MB limit
Skipping supplementary_material for UlqwTqZgqP: size 21.9MB exceeds 10MB limit
Skipping supplementary_material for Uhqmmpx4Rx: size 24.9MB exceeds 10MB limit
Skipping supplementary_material for Uh8NGna3VE: size 32.9MB exceeds 10MB limit
Skipping supplementary_material for UfbyxnSus9: size 67.2MB exceeds 10MB limit
Skipping supplementary_material for Uf8X57bQIr: size 39.4MB exceeds 10MB limit
Skipping supplementary_material for UeufAyipBS: size 81.2MB exceeds 10MB limit
Skipping supplementary_material for UcaSiq18Tb: size 85.2MB exceeds 10MB limit
Skipping supplementary_material for Uc89k7HaUb: size 25.7MB exceeds 10MB limit
Skipping supplementary_material for UavntTtUSC: size 89.6MB exceeds 10MB limit
Skipping supplementary_material for UZalsOhToM: size 29.2MB exceeds 10MB limit
Skipping supplementary_material for UZ00ac4eqA: size 48.5MB exceeds 10MB limit
Skipping supplementary_material for UYm4DvmxBj: size 88.2MB exceeds 10MB limit
Skipping supplementary_material for UYFanpQgqN: size 24.6MB exceeds 10MB limit
Skipping supplementary_material for UXC6u3SuP4: size 79.5MB exceeds 10MB limit
Skipping supplementary_material for UWi94bRsgm: size 53.8MB exceeds 10MB limit
Skipping supplementary_material for USMgLvZk1X: size 60.3MB exceeds 10MB limit
Skipping supplementary_material for URpbmVEsqB: size 63.5MB exceeds 10MB limit
💾 Saved chunk: 20 (500 papers)
Skipping supplementary_material for URPXhnWdBF: size 90.2MB exceeds 10MB limit
Skipping supplementary_material for ULXYZCms41: size 82.8MB exceeds 10MB limit
Skipping supplementary_material for ULTWUuGhC3: size 94.1MB exceeds 10MB limit
Skipping supplementary_material for UJvkXnuozY: size 34.5MB exceeds 10MB limit
Skipping supplementary_material for UHyJqF1mqJ: size 32.2MB exceeds 10MB limit
Skipping supplementary_material for UHm5HIo8CO: size 42.2MB exceeds 10MB limit
Skipping supplementary_material for UFwgg44VZq: size 58.7MB exceeds 10MB limit
Skipping supplementary_material for UEamVVlLBd: size 22.4MB exceeds 10MB limit
Skipping supplementary_material for U4gD6pQQkG: size 32.0MB exceeds 10MB limit
Skipping supplementary_material for U2jxHXuOX9: size 88.0MB exceeds 10MB limit
Skipping supplementary_material for U2j9ZNgHqw: size 38.9MB exceeds 10MB limit
Skipping supplementary_material for U004uqALWl: size 92.8MB exceeds 10MB limit
Skipping supplementary_material for TyxMbTd2V5: size 20.1MB exceeds 10MB limit
Skipping supplementary_material for TyWs6rWWHb: size 61.6MB exceeds 10MB limit
Skipping supplementary_material for Tv7UTgTz7T: size 59.0MB exceeds 10MB limit
Skipping supplementary_material for TtlCRjCJOT: size 51.7MB exceeds 10MB limit
Skipping supplementary_material for TtALfYr3Hp: size 20.2MB exceeds 10MB limit
Skipping supplementary_material for TnLFRhLuZ6: size 82.6MB exceeds 10MB limit
Skipping supplementary_material for TkhPnmP4GS: size 27.6MB exceeds 10MB limit
Skipping supplementary_material for TkerLrovDn: size 94.1MB exceeds 10MB limit
Skipping supplementary_material for TjeVPTtSwa: size 45.1MB exceeds 10MB limit
Skipping supplementary_material for TjTuObGe27: size 53.2MB exceeds 10MB limit
Skipping supplementary_material for Ti8u9Ak6wf: size 92.5MB exceeds 10MB limit
Skipping supplementary_material for ThsYRbpv2F: size 68.4MB exceeds 10MB limit
Skipping supplementary_material for TeyHNq4WlI: size 30.1MB exceeds 10MB limit
Skipping supplementary_material for Tcw42NlBdw: size 27.1MB exceeds 10MB limit
Failed to download supplementary_material for TcmsiSkN5T: ('Connection broken: IncompleteRead(33988608 bytes read, 47526308 more expected)', IncompleteRead(33988608 bytes read, 47526308 more expected))
Skipping supplementary_material for TbbMyr3E0x: size 46.8MB exceeds 10MB limit
Skipping supplementary_material for Tb9qAxT3xv: size 25.0MB exceeds 10MB limit
Skipping supplementary_material for TX3oGD99CJ: size 86.2MB exceeds 10MB limit
Skipping supplementary_material for TWmS4o41oA: size 32.7MB exceeds 10MB limit
Skipping supplementary_material for TWOivcMZmk: size 26.9MB exceeds 10MB limit
Skipping supplementary_material for TWMiVfRwSF: size 22.3MB exceeds 10MB limit
Skipping supplementary_material for TW8ps0YirX: size 57.7MB exceeds 10MB limit
Skipping supplementary_material for TW7XJCRgV5: size 31.5MB exceeds 10MB limit
Skipping supplementary_material for TVP0p4f2Su: size 92.5MB exceeds 10MB limit
Skipping supplementary_material for TTfqiRjoCa: size 56.9MB exceeds 10MB limit
Skipping supplementary_material for TPJEZDn5zo: size 91.5MB exceeds 10MB limit
Skipping supplementary_material for TOP2MNW9Bp: size 54.7MB exceeds 10MB limit
Skipping supplementary_material for TNqbfqSPoD: size 29.6MB exceeds 10MB limit
Skipping supplementary_material for TM24xMadn3: size 39.0MB exceeds 10MB limit
Skipping supplementary_material for TJ3DqFiGau: size 25.2MB exceeds 10MB limit
Skipping supplementary_material for TImzB3SxUO: size 61.8MB exceeds 10MB limit
Skipping supplementary_material for TEfnpx2DwG: size 24.8MB exceeds 10MB limit
Failed to download supplementary_material for TCIf9E6WWL: ('Connection broken: IncompleteRead(27475103 bytes read, 6442906 more expected)', IncompleteRead(27475103 bytes read, 6442906 more expected))
Skipping supplementary_material for TBYUb1OyY5: size 86.3MB exceeds 10MB limit
Skipping supplementary_material for TAjEC2tHpa: size 68.5MB exceeds 10MB limit
Skipping supplementary_material for TAKA812wuY: size 42.7MB exceeds 10MB limit
Skipping supplementary_material for T8T6TKGTUF: size 94.3MB exceeds 10MB limit
Skipping supplementary_material for T8Dev99qnz: size 34.3MB exceeds 10MB limit
Skipping supplementary_material for T5KBO4IeM2: size 30.7MB exceeds 10MB limit
Skipping supplementary_material for T3i7Ifeatk: size 80.0MB exceeds 10MB limit
Skipping supplementary_material for T29Oa85nzw: size 24.7MB exceeds 10MB limit
Skipping supplementary_material for T0em4hJCQb: size 80.4MB exceeds 10MB limit
Skipping supplementary_material for T03kNBYq81: size 23.7MB exceeds 10MB limit
Skipping supplementary_material for SyQqXAdWUq: size 66.3MB exceeds 10MB limit
💾 Saved chunk: 21 (500 papers)
Skipping supplementary_material for StpFxymia9: size 51.2MB exceeds 10MB limit
Skipping supplementary_material for SsUjdSVdUl: size 26.7MB exceeds 10MB limit
Skipping supplementary_material for SrT2Sw0i6o: size 50.4MB exceeds 10MB limit
Skipping supplementary_material for SqQYMnfyLS: size 47.0MB exceeds 10MB limit
Skipping supplementary_material for SqPLEZ66BO: size 74.1MB exceeds 10MB limit
Skipping supplementary_material for Sq35OGr2d2: size 22.1MB exceeds 10MB limit
Skipping supplementary_material for SorAYYUwB2: size 36.2MB exceeds 10MB limit
Skipping supplementary_material for Snf7vos1Xp: size 32.2MB exceeds 10MB limit
Skipping supplementary_material for Smc4U2aDzW: size 53.0MB exceeds 10MB limit
Skipping supplementary_material for SjjXr9mnlk: size 43.6MB exceeds 10MB limit
Skipping supplementary_material for SiYNm21ifi: size 83.1MB exceeds 10MB limit
Skipping supplementary_material for SbdSEtJALs: size 55.9MB exceeds 10MB limit
Skipping supplementary_material for SaiDRQU7Ez: size 27.5MB exceeds 10MB limit
Skipping supplementary_material for SaBwaLcHNZ: size 82.2MB exceeds 10MB limit
Skipping supplementary_material for SY78p0rIYt: size 96.5MB exceeds 10MB limit
Skipping supplementary_material for SVgTPbCq5U: size 89.3MB exceeds 10MB limit
Skipping supplementary_material for STPO8onj9d: size 39.2MB exceeds 10MB limit
Skipping supplementary_material for SSbcfUg1Af: size 30.7MB exceeds 10MB limit
Skipping supplementary_material for SP7W06tphZ: size 22.1MB exceeds 10MB limit
Skipping supplementary_material for SL3GBvdwKw: size 84.7MB exceeds 10MB limit
Skipping supplementary_material for SKTxKHumh3: size 44.0MB exceeds 10MB limit
Skipping supplementary_material for SGsxxbAjXH: size 42.1MB exceeds 10MB limit
Skipping supplementary_material for SESeW4EvPd: size 77.1MB exceeds 10MB limit
Skipping supplementary_material for SCCbnM6H3z: size 24.1MB exceeds 10MB limit
Skipping supplementary_material for SBdMBTSwx1: size 90.0MB exceeds 10MB limit
Skipping supplementary_material for SAOhTI3yHW: size 59.4MB exceeds 10MB limit
Skipping supplementary_material for S8bmkHXqgT: size 31.3MB exceeds 10MB limit
Skipping supplementary_material for S7iS6dY2Qi: size 47.7MB exceeds 10MB limit
Skipping supplementary_material for S77KqxyEEj: size 33.5MB exceeds 10MB limit
Skipping supplementary_material for S4PCF1YxoR: size 25.5MB exceeds 10MB limit
Skipping supplementary_material for S3kSOFhs5m: size 40.0MB exceeds 10MB limit
Skipping supplementary_material for S3YAqJk653: size 28.5MB exceeds 10MB limit
Skipping supplementary_material for S1OCRfHJAg: size 21.9MB exceeds 10MB limit
Skipping supplementary_material for Rx4RIf0bMO: size 28.5MB exceeds 10MB limit
Skipping supplementary_material for RvCkgg7pdt: size 46.3MB exceeds 10MB limit
Skipping supplementary_material for RsletK8757: size 93.7MB exceeds 10MB limit
Skipping supplementary_material for RnuB0Nlbd5: size 85.1MB exceeds 10MB limit
Failed to download supplementary_material for RiU4WP0ld9: ('Connection broken: IncompleteRead(9134080 bytes read, 68286646 more expected)', IncompleteRead(9134080 bytes read, 68286646 more expected))
Skipping supplementary_material for RgOHRYHX5L: size 32.0MB exceeds 10MB limit
Skipping supplementary_material for RgGfzrflx6: size 34.9MB exceeds 10MB limit
Skipping supplementary_material for RebPBMrMmk: size 49.1MB exceeds 10MB limit
Skipping supplementary_material for RY4IHaDLik: size 60.2MB exceeds 10MB limit
Skipping supplementary_material for RXdPAizyGU: size 81.1MB exceeds 10MB limit
Skipping supplementary_material for RTTYGeC2Io: size 78.8MB exceeds 10MB limit
Skipping supplementary_material for RRJ7Djz58u: size 42.8MB exceeds 10MB limit
Skipping supplementary_material for RPowYXiRmW: size 80.4MB exceeds 10MB limit
💾 Saved chunk: 22 (500 papers)
Skipping supplementary_material for RMRmPKo5X3: size 20.1MB exceeds 10MB limit
Skipping supplementary_material for RI3SmeizL2: size 30.2MB exceeds 10MB limit
Failed to download supplementary_material for RI0oNr1b0y: ('Connection broken: IncompleteRead(66674556 bytes read, 20289465 more expected)', IncompleteRead(66674556 bytes read, 20289465 more expected))
Skipping supplementary_material for RBuVfiOFvI: size 20.0MB exceeds 10MB limit
Skipping supplementary_material for RBNDBm6OLe: size 80.1MB exceeds 10MB limit
Skipping supplementary_material for RAEJAW5Gfi: size 49.0MB exceeds 10MB limit
Skipping supplementary_material for R4SgZt0wNd: size 65.9MB exceeds 10MB limit
Skipping supplementary_material for R4FoJvqfWN: size 38.0MB exceeds 10MB limit
Skipping supplementary_material for R40rS2afQ3: size 46.7MB exceeds 10MB limit
Skipping supplementary_material for R3hGfRjx3B: size 54.1MB exceeds 10MB limit
Skipping supplementary_material for R1u1qWfosc: size 63.6MB exceeds 10MB limit
Skipping supplementary_material for R1NUjHPUQI: size 21.0MB exceeds 10MB limit
Skipping supplementary_material for R1LiVnIHID: size 42.8MB exceeds 10MB limit
Skipping supplementary_material for QyRgxUS8bV: size 82.5MB exceeds 10MB limit
Skipping supplementary_material for QxvDyJP7g9: size 36.6MB exceeds 10MB limit
Skipping supplementary_material for QtfALPluAj: size 41.8MB exceeds 10MB limit
Skipping supplementary_material for Qt8yN1rrFe: size 41.4MB exceeds 10MB limit
Skipping supplementary_material for QqjUfdPkkb: size 67.4MB exceeds 10MB limit
Skipping supplementary_material for QpAoHpV9si: size 67.3MB exceeds 10MB limit
Skipping supplementary_material for QmgEUx2Cd7: size 34.9MB exceeds 10MB limit
Skipping supplementary_material for Qlk5I6TI2D: size 57.3MB exceeds 10MB limit
Skipping supplementary_material for QjyLNKm9mx: size 35.8MB exceeds 10MB limit
Skipping supplementary_material for Qjw3LTVKpV: size 23.8MB exceeds 10MB limit
Skipping supplementary_material for QihJMqm2aX: size 80.6MB exceeds 10MB limit
Skipping supplementary_material for QhTPOdA6CD: size 68.0MB exceeds 10MB limit
Skipping supplementary_material for Qdu92a5DiM: size 61.6MB exceeds 10MB limit
Skipping supplementary_material for QaAgHKbJop: size 23.3MB exceeds 10MB limit
Skipping supplementary_material for QXc2NBJFHr: size 65.9MB exceeds 10MB limit
Skipping supplementary_material for QWuXU0qNX0: size 52.8MB exceeds 10MB limit
Skipping supplementary_material for QU8rk0eZgp: size 47.3MB exceeds 10MB limit
Skipping supplementary_material for QU3lZqxXnM: size 68.9MB exceeds 10MB limit
Skipping supplementary_material for QSmwRnw8GP: size 88.2MB exceeds 10MB limit
Skipping supplementary_material for QRm2CEZH41: size 23.4MB exceeds 10MB limit
Skipping supplementary_material for QNHjSRO8xE: size 72.6MB exceeds 10MB limit
Skipping supplementary_material for QN0PplUVdt: size 54.7MB exceeds 10MB limit
Skipping supplementary_material for QMMlaI9VbR: size 57.2MB exceeds 10MB limit
Skipping supplementary_material for QLiXtWEAkq: size 34.2MB exceeds 10MB limit
Skipping supplementary_material for QJJMUErY1k: size 28.9MB exceeds 10MB limit
Skipping supplementary_material for QIpMLMnAxh: size 20.7MB exceeds 10MB limit
Skipping supplementary_material for QHNu3atxMb: size 53.6MB exceeds 10MB limit
Skipping supplementary_material for QEWzozst9q: size 33.4MB exceeds 10MB limit
Skipping supplementary_material for QCRWjbp4p0: size 66.1MB exceeds 10MB limit
Skipping supplementary_material for Q7YwCym2jH: size 21.4MB exceeds 10MB limit
Skipping supplementary_material for Q7I6vYRHJg: size 34.6MB exceeds 10MB limit
Skipping supplementary_material for Q6ZkCHgcGr: size 87.3MB exceeds 10MB limit
Skipping supplementary_material for Q60D8jF4KI: size 25.4MB exceeds 10MB limit
Skipping supplementary_material for Q5tYMLa2Bf: size 38.6MB exceeds 10MB limit
Skipping supplementary_material for Q4LtkLD3r8: size 54.0MB exceeds 10MB limit
Skipping supplementary_material for Q3t0QBVFSG: size 48.0MB exceeds 10MB limit
💾 Saved chunk: 23 (500 papers)
Skipping supplementary_material for Pwag2BlEZC: size 84.6MB exceeds 10MB limit
Skipping supplementary_material for Poi2sv1K8n: size 79.8MB exceeds 10MB limit
Skipping supplementary_material for Po5oIiwXws: size 41.5MB exceeds 10MB limit
Skipping supplementary_material for PklMD8PwUy: size 36.2MB exceeds 10MB limit
Skipping supplementary_material for PiwfjPYEUI: size 44.1MB exceeds 10MB limit
Skipping supplementary_material for PiB9VXYFZE: size 77.4MB exceeds 10MB limit
Skipping supplementary_material for Pg7gwolvo9: size 66.5MB exceeds 10MB limit
Skipping supplementary_material for Pf8OJjKeT5: size 25.8MB exceeds 10MB limit
Skipping supplementary_material for Patx6MRipw: size 67.7MB exceeds 10MB limit
Skipping supplementary_material for PZIW3oZbSf: size 24.2MB exceeds 10MB limit
Skipping supplementary_material for PZ02vYzmYX: size 50.5MB exceeds 10MB limit
Skipping supplementary_material for PVtZnUh04m: size 66.8MB exceeds 10MB limit
Skipping supplementary_material for PTDaG0NytX: size 52.4MB exceeds 10MB limit
Skipping supplementary_material for PSgps4JXTb: size 88.6MB exceeds 10MB limit
Skipping supplementary_material for PS43wqCSME: size 42.9MB exceeds 10MB limit
Skipping supplementary_material for PRrJEjcGKX: size 53.4MB exceeds 10MB limit
Skipping supplementary_material for PRR120c01e: size 85.6MB exceeds 10MB limit
Skipping supplementary_material for PMDxFlbxaj: size 91.2MB exceeds 10MB limit
Skipping supplementary_material for PL0tJOfm7I: size 53.7MB exceeds 10MB limit
Skipping supplementary_material for P8RzsaEN2s: size 33.1MB exceeds 10MB limit
Skipping supplementary_material for P7zBSCs4Xt: size 76.5MB exceeds 10MB limit
Skipping supplementary_material for P3O0fNmnWa: size 72.7MB exceeds 10MB limit
Skipping supplementary_material for P23YpnH3kq: size 24.4MB exceeds 10MB limit
Skipping supplementary_material for OwinX7PI83: size 30.1MB exceeds 10MB limit
Skipping supplementary_material for OwZ9osapdP: size 77.9MB exceeds 10MB limit
Skipping supplementary_material for OvzxjANR83: size 66.3MB exceeds 10MB limit
Skipping supplementary_material for Ovu02vITZN: size 33.7MB exceeds 10MB limit
Skipping supplementary_material for OuW3gCJRBK: size 41.3MB exceeds 10MB limit
Skipping supplementary_material for OuHF69rzK7: size 84.0MB exceeds 10MB limit
Skipping supplementary_material for OsevyadodL: size 55.4MB exceeds 10MB limit
Skipping supplementary_material for OrgL5DsU0f: size 96.2MB exceeds 10MB limit
Skipping supplementary_material for OqZ7bm28Xx: size 71.3MB exceeds 10MB limit
Skipping supplementary_material for Oq3yRhFp0t: size 48.3MB exceeds 10MB limit
Skipping supplementary_material for Omf1As3tZt: size 39.0MB exceeds 10MB limit
Skipping supplementary_material for OmRdnZA9rn: size 91.5MB exceeds 10MB limit
Skipping supplementary_material for OiWyf1BNtC: size 55.0MB exceeds 10MB limit
Skipping supplementary_material for OhvYHqvlJs: size 62.7MB exceeds 10MB limit
Skipping supplementary_material for Ohgtvp48En: size 29.8MB exceeds 10MB limit
Failed to download supplementary_material for Oe5Min0Na2: ('Connection broken: IncompleteRead(35294620 bytes read, 3190518 more expected)', IncompleteRead(35294620 bytes read, 3190518 more expected))
Skipping supplementary_material for OcLNKpcY4J: size 28.0MB exceeds 10MB limit
Skipping supplementary_material for ObPVTptRC8: size 26.6MB exceeds 10MB limit
Skipping supplementary_material for OXo4Tp4LI0: size 58.1MB exceeds 10MB limit
Skipping supplementary_material for OXOGZxjCsN: size 46.6MB exceeds 10MB limit
Skipping supplementary_material for OWkkFaq1IZ: size 92.8MB exceeds 10MB limit
💾 Saved chunk: 24 (500 papers)
Skipping supplementary_material for OQIMv0WBig: size 58.8MB exceeds 10MB limit
Skipping supplementary_material for OPFE1zPYbU: size 51.4MB exceeds 10MB limit
Skipping supplementary_material for OMmgRRh5YL: size 77.1MB exceeds 10MB limit
Skipping supplementary_material for OMOjEkE5rd: size 44.8MB exceeds 10MB limit
Skipping supplementary_material for OKm3w71ymP: size 66.8MB exceeds 10MB limit
Skipping supplementary_material for OJh7oBCYhL: size 87.6MB exceeds 10MB limit
Skipping supplementary_material for OIXQUG0mf6: size 23.5MB exceeds 10MB limit
Skipping supplementary_material for OHaFgEa0yZ: size 36.2MB exceeds 10MB limit
Skipping supplementary_material for OHZRUCa1HW: size 27.5MB exceeds 10MB limit
Skipping supplementary_material for OHFNJoNtjW: size 21.5MB exceeds 10MB limit
Skipping supplementary_material for ODB82HDp0V: size 68.1MB exceeds 10MB limit
Skipping supplementary_material for OCJmVjyzN7: size 69.5MB exceeds 10MB limit
Skipping supplementary_material for OC2OXjfaM7: size 63.0MB exceeds 10MB limit
Skipping supplementary_material for O9J20MsmRl: size 60.1MB exceeds 10MB limit
Skipping supplementary_material for O6stE173BD: size 27.1MB exceeds 10MB limit
Skipping supplementary_material for O64T48CprS: size 43.0MB exceeds 10MB limit
Skipping supplementary_material for O5uoS9ICec: size 51.7MB exceeds 10MB limit
Skipping supplementary_material for O5tuESInD0: size 61.6MB exceeds 10MB limit
Skipping supplementary_material for O4rR59WKHL: size 86.4MB exceeds 10MB limit
Skipping supplementary_material for O4itsgc4fS: size 21.8MB exceeds 10MB limit
Skipping supplementary_material for O4Tv5Cmpbv: size 23.2MB exceeds 10MB limit
Skipping supplementary_material for O4Oy7NsSwG: size 27.2MB exceeds 10MB limit
Skipping supplementary_material for O3CuUy5XAX: size 20.0MB exceeds 10MB limit
Skipping supplementary_material for O0czoZPSZ1: size 54.9MB exceeds 10MB limit
Skipping supplementary_material for O0BRg90v1Y: size 50.9MB exceeds 10MB limit
Skipping supplementary_material for NvHFk2D2g3: size 53.5MB exceeds 10MB limit
Skipping supplementary_material for NuGAhTDYTd: size 26.9MB exceeds 10MB limit
Skipping supplementary_material for Nu1D2IsmWH: size 95.2MB exceeds 10MB limit
Skipping supplementary_material for NteaYNay7g: size 33.1MB exceeds 10MB limit
Skipping supplementary_material for NqtYz3A8tQ: size 32.8MB exceeds 10MB limit
Skipping supplementary_material for NmxEQakIPK: size 31.2MB exceeds 10MB limit
Skipping supplementary_material for NmWf0gLufZ: size 23.0MB exceeds 10MB limit
Skipping supplementary_material for NjefSiNlcP: size 25.4MB exceeds 10MB limit
Skipping supplementary_material for Nd0dt1B5Ec: size 57.7MB exceeds 10MB limit
Skipping supplementary_material for NcjrimXYUe: size 42.1MB exceeds 10MB limit
Skipping supplementary_material for Nbl43eAVaE: size 75.9MB exceeds 10MB limit
Skipping supplementary_material for NXbWJzwCD6: size 78.0MB exceeds 10MB limit
Skipping supplementary_material for NXQvejGBFx: size 23.0MB exceeds 10MB limit
Skipping supplementary_material for NVRVyyNCAl: size 76.9MB exceeds 10MB limit
Skipping supplementary_material for NRWI7NRaFD: size 66.2MB exceeds 10MB limit
Skipping supplementary_material for NMKVz3hQfz: size 33.2MB exceeds 10MB limit
Skipping supplementary_material for NLsUsrOIuh: size 81.9MB exceeds 10MB limit
Skipping supplementary_material for NLgJcADMtr: size 36.7MB exceeds 10MB limit
Skipping supplementary_material for NFCNFvDYfE: size 34.7MB exceeds 10MB limit
Skipping supplementary_material for NE6g1C90LT: size 26.6MB exceeds 10MB limit
Skipping supplementary_material for NChBLvOr7I: size 73.4MB exceeds 10MB limit
Skipping supplementary_material for N8PDzscNhg: size 41.6MB exceeds 10MB limit
Skipping supplementary_material for N8INgB3xJO: size 42.9MB exceeds 10MB limit
Skipping supplementary_material for N6ZYsmzMDQ: size 69.2MB exceeds 10MB limit
Skipping supplementary_material for N4O70NauD9: size 56.3MB exceeds 10MB limit
Skipping supplementary_material for N3WAcxTX6J: size 30.0MB exceeds 10MB limit
Skipping supplementary_material for N32MEJqbPu: size 29.5MB exceeds 10MB limit
Skipping supplementary_material for N24tJCUJ1F: size 85.2MB exceeds 10MB limit
Skipping supplementary_material for N22lDHYrXe: size 73.0MB exceeds 10MB limit
Skipping supplementary_material for N1DfzTVuUY: size 20.1MB exceeds 10MB limit
Skipping supplementary_material for MzpSOMTt3Z: size 23.0MB exceeds 10MB limit
Skipping supplementary_material for MxOc71g88y: size 52.6MB exceeds 10MB limit
Skipping supplementary_material for MrJoBgN1VO: size 30.0MB exceeds 10MB limit
Skipping supplementary_material for Mr9a9XuLTI: size 80.5MB exceeds 10MB limit
💾 Saved chunk: 25 (500 papers)
Skipping supplementary_material for MnQD69han5: size 52.9MB exceeds 10MB limit
Skipping supplementary_material for MnDbIdDZ4u: size 82.4MB exceeds 10MB limit
Skipping supplementary_material for MfDyickxQA: size 83.5MB exceeds 10MB limit
Skipping supplementary_material for Mc4AIAvS4R: size 33.8MB exceeds 10MB limit
Skipping supplementary_material for Mc0Mm9qkDv: size 69.3MB exceeds 10MB limit
Skipping supplementary_material for MbMzoQ91Gk: size 85.8MB exceeds 10MB limit
Skipping supplementary_material for Ma0LTdFVeL: size 69.6MB exceeds 10MB limit
Skipping supplementary_material for MWu9EU6nkM: size 45.4MB exceeds 10MB limit
Skipping supplementary_material for MW7eI7oPeI: size 24.7MB exceeds 10MB limit
Skipping supplementary_material for MTxDx1FJJX: size 96.9MB exceeds 10MB limit
Skipping supplementary_material for MTWFfKw3sd: size 58.6MB exceeds 10MB limit
Skipping supplementary_material for MT7xXCWp3f: size 24.3MB exceeds 10MB limit
Skipping supplementary_material for MSm0VFL9pq: size 25.5MB exceeds 10MB limit
Skipping supplementary_material for MSlgyX9SZ3: size 84.3MB exceeds 10MB limit
Skipping supplementary_material for MOiS7FKbl2: size 41.4MB exceeds 10MB limit
Skipping supplementary_material for MISTUbwgZs: size 26.7MB exceeds 10MB limit
Skipping supplementary_material for MIRtxjuZF6: size 85.3MB exceeds 10MB limit
Skipping supplementary_material for MIGwwETVWa: size 32.6MB exceeds 10MB limit
Skipping supplementary_material for MHA8oTxoei: size 97.2MB exceeds 10MB limit
Failed to download supplementary_material for MGgAJ8yy2D: ('Connection broken: IncompleteRead(69271552 bytes read, 6320583 more expected)', IncompleteRead(69271552 bytes read, 6320583 more expected))
Skipping supplementary_material for MExRopJDwZ: size 62.8MB exceeds 10MB limit
Skipping supplementary_material for MDulpv6NRF: size 32.7MB exceeds 10MB limit
Skipping supplementary_material for MDRp9XhGtS: size 48.7MB exceeds 10MB limit
Skipping supplementary_material for MDHVDfUrDz: size 55.5MB exceeds 10MB limit
Skipping supplementary_material for MCya4TeDW6: size 45.3MB exceeds 10MB limit
Skipping supplementary_material for MCnbUQsSmo: size 62.5MB exceeds 10MB limit
Skipping supplementary_material for MCb0u5GpLj: size 40.4MB exceeds 10MB limit
Skipping supplementary_material for MC5KhOUT7r: size 68.7MB exceeds 10MB limit
Skipping supplementary_material for MBMabJjm7M: size 49.3MB exceeds 10MB limit
Skipping supplementary_material for MAB0rl5k9M: size 97.5MB exceeds 10MB limit
Skipping supplementary_material for M8RZOT1XWm: size 46.3MB exceeds 10MB limit
Skipping supplementary_material for M7NTM8vhB8: size 68.3MB exceeds 10MB limit
Skipping supplementary_material for M47SWYubR5: size 21.1MB exceeds 10MB limit
Skipping supplementary_material for M3uTWE4FhR: size 72.3MB exceeds 10MB limit
Skipping supplementary_material for M2KLWLHzX0: size 26.9MB exceeds 10MB limit
Skipping supplementary_material for M19J8UGguq: size 76.2MB exceeds 10MB limit
Skipping supplementary_material for Ly6NP07Rw5: size 44.8MB exceeds 10MB limit
Skipping supplementary_material for Lx9bTKeLz0: size 64.8MB exceeds 10MB limit
Skipping supplementary_material for LwMmeo6MJz: size 92.7MB exceeds 10MB limit
Skipping supplementary_material for LvyDiPIBw4: size 44.9MB exceeds 10MB limit
Skipping supplementary_material for Lvbxfawy7Q: size 80.5MB exceeds 10MB limit
Skipping supplementary_material for LuZjiUNuFL: size 20.4MB exceeds 10MB limit
Skipping supplementary_material for Lu7WPPkmOq: size 35.6MB exceeds 10MB limit
Skipping supplementary_material for Lt7VDm7zTL: size 21.6MB exceeds 10MB limit
Skipping supplementary_material for LnKLT5apxB: size 27.8MB exceeds 10MB limit
Skipping supplementary_material for LmTceJPy6B: size 54.8MB exceeds 10MB limit
Skipping supplementary_material for LktUOZayG9: size 28.1MB exceeds 10MB limit
Skipping supplementary_material for LhwPy8NMoN: size 35.6MB exceeds 10MB limit
Skipping supplementary_material for LfkPlFTfe0: size 62.6MB exceeds 10MB limit
Failed to download supplementary_material for LYUpZLDObv: ('Connection broken: IncompleteRead(23534315 bytes read, 31850242 more expected)', IncompleteRead(23534315 bytes read, 31850242 more expected))
Skipping supplementary_material for LWS5Gkx0mT: size 46.5MB exceeds 10MB limit
Skipping supplementary_material for LVXc2Jvjme: size 30.8MB exceeds 10MB limit
Skipping supplementary_material for LVXZIWjxbq: size 45.5MB exceeds 10MB limit
Skipping supplementary_material for LRpJ5sYgcy: size 86.8MB exceeds 10MB limit
Skipping supplementary_material for LRA5z3oXOI: size 79.3MB exceeds 10MB limit
Skipping supplementary_material for LQv9LU2Ufg: size 64.1MB exceeds 10MB limit
Skipping supplementary_material for LQSlLfKAoZ: size 23.6MB exceeds 10MB limit
Skipping supplementary_material for LPFoqBacji: size 43.9MB exceeds 10MB limit
Skipping supplementary_material for LNkeiyIp4f: size 51.5MB exceeds 10MB limit
Skipping supplementary_material for LHwhjl2J6T: size 33.7MB exceeds 10MB limit
Skipping supplementary_material for LGmO9VvuP5: size 53.2MB exceeds 10MB limit
💾 Saved chunk: 26 (500 papers)
Skipping supplementary_material for L5fkzfdSsZ: size 75.3MB exceeds 10MB limit
Skipping supplementary_material for L3Or2mhuCH: size 95.6MB exceeds 10MB limit
Skipping supplementary_material for L3DMIq0CRJ: size 27.8MB exceeds 10MB limit
Skipping supplementary_material for L2rfd2Czbj: size 29.1MB exceeds 10MB limit
Skipping supplementary_material for L0pYHTvAH6: size 30.2MB exceeds 10MB limit
Skipping supplementary_material for L0HW2sjKjO: size 65.0MB exceeds 10MB limit
Skipping supplementary_material for Ky02MLYr2r: size 61.1MB exceeds 10MB limit
Skipping supplementary_material for KttCXdjj4w: size 46.5MB exceeds 10MB limit
Skipping supplementary_material for KtrFXlvgrK: size 20.2MB exceeds 10MB limit
Skipping supplementary_material for KryACG4LGT: size 50.7MB exceeds 10MB limit
Skipping supplementary_material for KrhLCdXmh9: size 95.2MB exceeds 10MB limit
Skipping supplementary_material for Kq9MMEynGW: size 72.6MB exceeds 10MB limit
Skipping supplementary_material for KpKvtdJ6Fd: size 67.8MB exceeds 10MB limit
Skipping supplementary_material for KnpJBJpNDe: size 90.4MB exceeds 10MB limit
Skipping supplementary_material for KnDkteVLTn: size 46.2MB exceeds 10MB limit
Skipping supplementary_material for Kk3NIumx0M: size 78.6MB exceeds 10MB limit
Skipping supplementary_material for KjlLwRsiUE: size 31.2MB exceeds 10MB limit
Skipping supplementary_material for KgyyIk59Nx: size 93.3MB exceeds 10MB limit
Skipping supplementary_material for KeJqoEVOeY: size 29.6MB exceeds 10MB limit
Skipping supplementary_material for Ke5lWBOS3o: size 96.2MB exceeds 10MB limit
Skipping supplementary_material for KbXl2jfFRn: size 37.4MB exceeds 10MB limit
Skipping supplementary_material for KZKQ8Iifab: size 26.0MB exceeds 10MB limit
Skipping supplementary_material for KWeX6tYno6: size 52.8MB exceeds 10MB limit
Skipping supplementary_material for KRQZvECXpN: size 48.3MB exceeds 10MB limit
Skipping supplementary_material for KR1ktPNJkC: size 26.7MB exceeds 10MB limit
Skipping supplementary_material for KOvRxAMBzV: size 28.0MB exceeds 10MB limit
Skipping supplementary_material for KNEE1Xue75: size 71.5MB exceeds 10MB limit
Skipping supplementary_material for KLU4Eb2U2A: size 32.5MB exceeds 10MB limit
Skipping supplementary_material for KKFv9Rl022: size 54.8MB exceeds 10MB limit
Skipping supplementary_material for KJkC2pwSXy: size 53.4MB exceeds 10MB limit
Skipping supplementary_material for KFu4p3pd11: size 85.3MB exceeds 10MB limit
Failed to download supplementary_material for KFXpfw5k1f: ('Connection broken: IncompleteRead(2490062 bytes read, 76113457 more expected)', IncompleteRead(2490062 bytes read, 76113457 more expected))
Skipping supplementary_material for KF7sO7S4kG: size 77.6MB exceeds 10MB limit
Skipping supplementary_material for K6Zl3gAtMu: size 82.3MB exceeds 10MB limit
Skipping supplementary_material for K6Aq4HTG8M: size 26.3MB exceeds 10MB limit
Skipping supplementary_material for K6AYxvp3jl: size 91.3MB exceeds 10MB limit
Skipping supplementary_material for K5NCPjdUtN: size 30.2MB exceeds 10MB limit
Skipping supplementary_material for K0RarSYqYg: size 72.6MB exceeds 10MB limit
Skipping supplementary_material for JzZhhhxniR: size 75.4MB exceeds 10MB limit
Skipping supplementary_material for JxmjzC6syB: size 43.1MB exceeds 10MB limit
Skipping supplementary_material for JoLPWCskyl: size 25.7MB exceeds 10MB limit
Skipping supplementary_material for JdbqDiguyO: size 28.5MB exceeds 10MB limit
💾 Saved chunk: 27 (500 papers)
Skipping supplementary_material for JYjVCFgHYI: size 64.2MB exceeds 10MB limit
Skipping supplementary_material for JWsSjdDjZJ: size 32.4MB exceeds 10MB limit
Skipping supplementary_material for JTUOGo7NFD: size 51.1MB exceeds 10MB limit
Skipping supplementary_material for JOkqoUpF0c: size 46.4MB exceeds 10MB limit
Skipping supplementary_material for JLe9xfd0ln: size 28.0MB exceeds 10MB limit
Skipping supplementary_material for JKr77ZmZcM: size 60.2MB exceeds 10MB limit
Skipping supplementary_material for JKoytS8x0O: size 92.5MB exceeds 10MB limit
Skipping supplementary_material for JKIa2rTxdB: size 59.5MB exceeds 10MB limit
Skipping supplementary_material for JGiSS7hLRT: size 58.9MB exceeds 10MB limit
Skipping supplementary_material for JEYWpFGzvn: size 25.9MB exceeds 10MB limit
Skipping supplementary_material for JCujsFnDS7: size 32.6MB exceeds 10MB limit
Skipping supplementary_material for J9qGnGOfuY: size 41.2MB exceeds 10MB limit
Skipping supplementary_material for J9UNPqDALc: size 71.1MB exceeds 10MB limit
Skipping supplementary_material for J7xDwZSyI4: size 35.4MB exceeds 10MB limit
Skipping supplementary_material for J3pD74YkdA: size 74.0MB exceeds 10MB limit
Skipping supplementary_material for J2WeAMiSZh: size 26.8MB exceeds 10MB limit
Skipping supplementary_material for J0c9gLAfjg: size 35.8MB exceeds 10MB limit
Skipping supplementary_material for IzlaRUHncO: size 96.4MB exceeds 10MB limit
Skipping supplementary_material for IyTA7a9ppZ: size 81.5MB exceeds 10MB limit
Skipping supplementary_material for IwjXdoum4W: size 21.0MB exceeds 10MB limit
Skipping supplementary_material for IuigXFBGHI: size 83.7MB exceeds 10MB limit
Skipping supplementary_material for It3uSEW3oZ: size 37.3MB exceeds 10MB limit
Skipping supplementary_material for Ir0HMkRpYb: size 63.1MB exceeds 10MB limit
Skipping supplementary_material for ImRhA9xmay: size 32.0MB exceeds 10MB limit
Skipping supplementary_material for Ilnbgf1eeS: size 84.8MB exceeds 10MB limit
Skipping supplementary_material for IljH2Bt6jO: size 24.3MB exceeds 10MB limit
Skipping supplementary_material for Iio6islT2Z: size 23.6MB exceeds 10MB limit
Skipping supplementary_material for IezZyvgdO3: size 52.6MB exceeds 10MB limit
Skipping supplementary_material for Ic65R0Tbc1: size 45.4MB exceeds 10MB limit
Downloaded supplementary_material for IajjifoLwo (0.0MB) -> IajjifoLwo.zip
Downloaded supplementary_material for IaeZcYpRxD (3.9MB) -> IaeZcYpRxD.zip
Downloaded supplementary_material for Ia0EZQgalH (0.1MB) -> Ia0EZQgalH.zip
Skipping supplementary_material for IXNZNDZNVp: size 53.1MB exceeds 10MB limit
Skipping supplementary_material for IWt4ERrdYp: size 61.8MB exceeds 10MB limit
Downloaded supplementary_material for IW8D0Ouv0Q (0.0MB) -> IW8D0Ouv0Q.zip
Downloaded supplementary_material for IW5zL9QJUg (2.9MB) -> IW5zL9QJUg.zip
Downloaded supplementary_material for IVk47syp1Q (0.3MB) -> IVk47syp1Q.zip
Skipping supplementary_material for IVDKVa9UmW: size 34.3MB exceeds 10MB limit
Skipping supplementary_material for IVAlYCqdvW: size 95.3MB exceeds 10MB limit
Skipping supplementary_material for ITvVX8jaOM: size 69.8MB exceeds 10MB limit
Downloaded supplementary_material for ITeuGb2bYg (1.1MB) -> ITeuGb2bYg.zip
Skipping supplementary_material for ISnSmfGOzz: size 46.7MB exceeds 10MB limit
Downloaded supplementary_material for ISZPRsh5YV (12.9MB) -> ISZPRsh5YV.zip
Skipping supplementary_material for IPrvnMoKHM: size 63.9MB exceeds 10MB limit
Skipping supplementary_material for INy8guZqrm: size 46.2MB exceeds 10MB limit
Skipping supplementary_material for INr5TSooxR: size 60.8MB exceeds 10MB limit
Skipping supplementary_material for INnZIRw2XE: size 36.4MB exceeds 10MB limit
Skipping supplementary_material for ILdBjlgibb: size 57.2MB exceeds 10MB limit
Skipping supplementary_material for ILWHV6MZOJ: size 47.9MB exceeds 10MB limit
Skipping supplementary_material for IKB9uhMVH9: size 44.6MB exceeds 10MB limit
Skipping supplementary_material for IIBeaZNQaY: size 81.5MB exceeds 10MB limit
Downloaded supplementary_material for IHwx5ioIP2 (0.1MB) -> IHwx5ioIP2.zip
Downloaded supplementary_material for IGYQ4c92e2 (16.5MB) -> IGYQ4c92e2.zip
Downloaded supplementary_material for IGMX4Ybjs9 (0.5MB) -> IGMX4Ybjs9.zip
Skipping supplementary_material for IFuoniZ7Pk: size 35.0MB exceeds 10MB limit
Downloaded supplementary_material for IF0L7HSs3K (0.1MB) -> IF0L7HSs3K.zip
Skipping supplementary_material for IDdUGp5EJU: size 69.6MB exceeds 10MB limit
Downloaded supplementary_material for IDQdJphVxR (0.1MB) -> IDQdJphVxR.zip
Downloaded supplementary_material for IDJabw9ri3 (11.5MB) -> IDJabw9ri3.zip
Downloaded supplementary_material for IDGX3ZJJzm (0.0MB) -> IDGX3ZJJzm.zip
Downloaded supplementary_material for ICbXEwqpga (12.8MB) -> ICbXEwqpga.zip
Skipping supplementary_material for IC5WZt23gv: size 49.8MB exceeds 10MB limit
Downloaded supplementary_material for IBKZTaJa0U (2.9MB) -> IBKZTaJa0U.zip
Downloaded supplementary_material for IAnIlFsPEW (2.3MB) -> IAnIlFsPEW.zip
Downloaded supplementary_material for IAj49Jwc9l (15.4MB) -> IAj49Jwc9l.zip
Skipping supplementary_material for IAXBLI2vo5: size 24.0MB exceeds 10MB limit
Skipping supplementary_material for I9pQJJWKn3: size 56.1MB exceeds 10MB limit
Downloaded supplementary_material for I9o2OkPwCX (0.2MB) -> I9o2OkPwCX.zip
Downloaded supplementary_material for I9iai932rK (7.3MB) -> I9iai932rK.zip
Downloaded supplementary_material for I9f5NdjBvK (1.7MB) -> I9f5NdjBvK.zip
Downloaded supplementary_material for I9P0Yu73if (0.5MB) -> I9P0Yu73if.zip
Downloaded supplementary_material for I94Eg6cu7P (7.5MB) -> I94Eg6cu7P.zip
Downloaded supplementary_material for I8q4MZb4OP (0.1MB) -> I8q4MZb4OP.zip
Downloaded supplementary_material for I8a6bc9rmz (5.9MB) -> I8a6bc9rmz.zip
Downloaded supplementary_material for I88toT6Leg (8.6MB) -> I88toT6Leg.zip
Downloaded supplementary_material for I80at0vIk2 (1.0MB) -> I80at0vIk2.zip
Downloaded supplementary_material for I7nAk5pGcq (2.2MB) -> I7nAk5pGcq.zip
Skipping supplementary_material for I7fTPLT8A9: size 93.5MB exceeds 10MB limit
Downloaded supplementary_material for I7NVyPAoq9 (0.0MB) -> I7NVyPAoq9.zip
Downloaded supplementary_material for I6xjMoLY3j (0.3MB) -> I6xjMoLY3j.zip
💾 Saved chunk: 28 (500 papers)
Downloaded supplementary_material for I6pTDAQE8V (3.5MB) -> I6pTDAQE8V.zip
Skipping supplementary_material for I6LUSZMJLa: size 31.0MB exceeds 10MB limit
Downloaded supplementary_material for I66uArUBJM (2.7MB) -> I66uArUBJM.zip
Downloaded supplementary_material for I5gVxYNLxI (4.4MB) -> I5gVxYNLxI.zip
Downloaded supplementary_material for I4OTAuTTVR (0.0MB) -> I4OTAuTTVR.zip
Skipping supplementary_material for I43IOiimO6: size 81.3MB exceeds 10MB limit
Downloaded supplementary_material for I3uFqoUZ2Y (0.1MB) -> I3uFqoUZ2Y.zip
Downloaded supplementary_material for I3spHvRHqo (0.0MB) -> I3spHvRHqo.zip
Downloaded supplementary_material for I3Ct1eDmVI (1.4MB) -> I3Ct1eDmVI.zip
Downloaded supplementary_material for I2wq6fFSef (0.1MB) -> I2wq6fFSef.zip
Downloaded supplementary_material for I2hLjiqNAv (3.8MB) -> I2hLjiqNAv.zip
Skipping supplementary_material for I2fqa6381g: size 60.2MB exceeds 10MB limit
Downloaded supplementary_material for I2aO05fIEG (0.3MB) -> I2aO05fIEG.zip
Skipping supplementary_material for I2Sz167GlO: size 50.4MB exceeds 10MB limit
Downloaded supplementary_material for I1garriWB7 (0.1MB) -> I1garriWB7.zip
Downloaded supplementary_material for I0yfD1zLZI (0.0MB) -> I0yfD1zLZI.zip
Downloaded supplementary_material for I0s7USllLz (0.0MB) -> I0s7USllLz.zip
Downloaded supplementary_material for Hze2lxCX6D (4.3MB) -> Hze2lxCX6D.zip
Downloaded supplementary_material for Hz96UqwkNW (8.1MB) -> Hz96UqwkNW.zip
Skipping supplementary_material for HyZwf1rt4s: size 22.2MB exceeds 10MB limit
Downloaded supplementary_material for HyNWlZd4iO (0.2MB) -> HyNWlZd4iO.zip
Skipping supplementary_material for Hxzjxu4y6A: size 51.8MB exceeds 10MB limit
Downloaded supplementary_material for HwdZWbgMsb (2.4MB) -> HwdZWbgMsb.zip
Skipping supplementary_material for HwcwLBATQT: size 50.8MB exceeds 10MB limit
Downloaded supplementary_material for HwTfgBHT1T (0.0MB) -> HwTfgBHT1T.zip
Downloaded supplementary_material for HvnXrTdyTe (0.1MB) -> HvnXrTdyTe.zip
Downloaded supplementary_material for Hvge3NzkJN (0.1MB) -> Hvge3NzkJN.zip
Skipping supplementary_material for HvVw6IQMk6: size 21.8MB exceeds 10MB limit
Downloaded supplementary_material for HvOKarTubb (4.9MB) -> HvOKarTubb.zip
Downloaded supplementary_material for HufTLkTOJh (0.1MB) -> HufTLkTOJh.zip
Downloaded supplementary_material for Hude2v2AEX (0.0MB) -> Hude2v2AEX.zip
Downloaded supplementary_material for HrpRxHHd57 (0.0MB) -> HrpRxHHd57.zip
Downloaded supplementary_material for HrXFxKTFqk (0.5MB) -> HrXFxKTFqk.zip
Downloaded supplementary_material for HrB7sYLd5N (1.3MB) -> HrB7sYLd5N.zip
Downloaded supplementary_material for HpXGsaMPeB (14.0MB) -> HpXGsaMPeB.zip
Skipping supplementary_material for HpIxllcNtb: size 35.8MB exceeds 10MB limit
Downloaded supplementary_material for Hp2vMoz62H (3.0MB) -> Hp2vMoz62H.zip
Downloaded supplementary_material for HoUIYpitfo (2.3MB) -> HoUIYpitfo.zip
Skipping supplementary_material for HlsFKjrHSw: size 21.3MB exceeds 10MB limit
Skipping supplementary_material for Hl3HR6Scs2: size 31.1MB exceeds 10MB limit
Downloaded supplementary_material for Hkt7jR3JFV (15.0MB) -> Hkt7jR3JFV.zip
Skipping supplementary_material for HkpqT07shd: size 59.9MB exceeds 10MB limit
Downloaded supplementary_material for HjwrSWaMEm (0.1MB) -> HjwrSWaMEm.zip
Skipping supplementary_material for HjLv1tCGPD: size 53.9MB exceeds 10MB limit
Downloaded supplementary_material for HjCEvsXbNV (5.6MB) -> HjCEvsXbNV.zip
Downloaded supplementary_material for Hj8Dc14nk1 (5.3MB) -> Hj8Dc14nk1.zip
Downloaded supplementary_material for HhmuDEH80X (15.2MB) -> HhmuDEH80X.zip
Downloaded supplementary_material for HhXOVhO3ia (11.4MB) -> HhXOVhO3ia.zip
Downloaded supplementary_material for HgdXXylDjs (19.5MB) -> HgdXXylDjs.zip
Downloaded supplementary_material for HfiRzzmFt8 (0.7MB) -> HfiRzzmFt8.zip
Downloaded supplementary_material for HfiNG4QCFs (0.2MB) -> HfiNG4QCFs.zip
Downloaded supplementary_material for HfeaBo6juX (0.9MB) -> HfeaBo6juX.zip
Downloaded supplementary_material for HfRJDTBuSr (2.2MB) -> HfRJDTBuSr.zip
Downloaded supplementary_material for Hf7jMztvve (1.9MB) -> Hf7jMztvve.zip
Downloaded supplementary_material for Hf0h5mTd4K (6.2MB) -> Hf0h5mTd4K.zip
Skipping supplementary_material for HdEpZE3wFa: size 35.8MB exceeds 10MB limit
Downloaded supplementary_material for HcytH0HSaG (0.1MB) -> HcytH0HSaG.zip
Downloaded supplementary_material for Hcux3hyTMH (0.5MB) -> Hcux3hyTMH.zip
Skipping supplementary_material for HcubxPWpw7: size 25.2MB exceeds 10MB limit
Skipping supplementary_material for HcivRSezJp: size 53.4MB exceeds 10MB limit
Downloaded supplementary_material for Hc9uTCTeDf (3.6MB) -> Hc9uTCTeDf.zip
Downloaded supplementary_material for Hc71kKCEFG (0.0MB) -> Hc71kKCEFG.zip
Skipping supplementary_material for HbRihpurRr: size 80.6MB exceeds 10MB limit
Skipping supplementary_material for Ha075JDMZR: size 82.6MB exceeds 10MB limit
Downloaded supplementary_material for HZYuyNkBdD (0.0MB) -> HZYuyNkBdD.zip
Downloaded supplementary_material for HZMmM3Dmri (0.1MB) -> HZMmM3Dmri.zip
Downloaded supplementary_material for HZ0YvjVzpj (5.5MB) -> HZ0YvjVzpj.zip
Downloaded supplementary_material for HYiHhe2QoX (0.0MB) -> HYiHhe2QoX.zip
Skipping supplementary_material for HYQXJYzmFU: size 40.1MB exceeds 10MB limit
Downloaded supplementary_material for HYJLgGQQ33 (0.3MB) -> HYJLgGQQ33.zip
Downloaded supplementary_material for HXiIuSIztB (8.4MB) -> HXiIuSIztB.zip
Downloaded supplementary_material for HWxHUO15Yy (0.1MB) -> HWxHUO15Yy.zip
Downloaded supplementary_material for HWSQ4aQklz (0.9MB) -> HWSQ4aQklz.zip
Downloaded supplementary_material for HW2jd9vfCU (0.3MB) -> HW2jd9vfCU.zip
Downloaded supplementary_material for HW1Vmjr6In (0.6MB) -> HW1Vmjr6In.zip
Downloaded supplementary_material for HVciz8hi1c (0.3MB) -> HVciz8hi1c.zip
Skipping supplementary_material for HVSaxqPN3f: size 34.6MB exceeds 10MB limit
Downloaded supplementary_material for HUsmdUgBoY (0.6MB) -> HUsmdUgBoY.zip
Downloaded supplementary_material for HUmX5C9uF4 (0.7MB) -> HUmX5C9uF4.zip
Downloaded supplementary_material for HUUjoM4sOt (1.6MB) -> HUUjoM4sOt.zip
Downloaded supplementary_material for HTlkxdEDWo (0.3MB) -> HTlkxdEDWo.zip
Downloaded supplementary_material for HSqfxmwXix (19.1MB) -> HSqfxmwXix.zip
Downloaded supplementary_material for HSWE9aceZb (0.5MB) -> HSWE9aceZb.zip
Skipping supplementary_material for HQuboWvFA1: size 69.6MB exceeds 10MB limit
Skipping supplementary_material for HQgXW3rCkl: size 27.6MB exceeds 10MB limit
Downloaded supplementary_material for HQcCd0laFq (0.2MB) -> HQcCd0laFq.zip
Downloaded supplementary_material for HPxkDRdgMO (6.3MB) -> HPxkDRdgMO.zip
Downloaded supplementary_material for HOsQrIAbKH (0.0MB) -> HOsQrIAbKH.zip
Downloaded supplementary_material for HOHbOENNyx (0.1MB) -> HOHbOENNyx.zip
Downloaded supplementary_material for HODPRXYGKw (0.7MB) -> HODPRXYGKw.zip
Downloaded supplementary_material for HMkwfZl61l (11.7MB) -> HMkwfZl61l.zip
Downloaded supplementary_material for HMapYMkcrl (4.1MB) -> HMapYMkcrl.zip
Skipping supplementary_material for HM7OkY1jFw: size 25.1MB exceeds 10MB limit
Downloaded supplementary_material for HKSp4U69dy (0.7MB) -> HKSp4U69dy.zip
Skipping supplementary_material for HJIm7Ds3kF: size 22.8MB exceeds 10MB limit
Skipping supplementary_material for HHNQSXaLkF: size 32.6MB exceeds 10MB limit
Skipping supplementary_material for HE6j2jtjII: size 73.0MB exceeds 10MB limit
Skipping supplementary_material for HDfQE1EWpC: size 86.4MB exceeds 10MB limit
Skipping supplementary_material for HD6cS13hlh: size 32.1MB exceeds 10MB limit
Skipping supplementary_material for HCp1xl0sol: size 63.9MB exceeds 10MB limit
Skipping supplementary_material for HBwCzOFwxF: size 34.4MB exceeds 10MB limit
Skipping supplementary_material for HA8KSQW7SO: size 63.8MB exceeds 10MB limit
Downloaded supplementary_material for HA85FbDxFV (0.0MB) -> HA85FbDxFV.zip
Downloaded supplementary_material for H8tismBT3Q (0.0MB) -> H8tismBT3Q.zip
Downloaded supplementary_material for H8qm5rqGZY (0.0MB) -> H8qm5rqGZY.zip
Downloaded supplementary_material for H8UFAU9gJ2 (0.1MB) -> H8UFAU9gJ2.zip
Downloaded supplementary_material for H8JAWv0HNr (5.1MB) -> H8JAWv0HNr.zip
Downloaded supplementary_material for H6taGjlrew (0.4MB) -> H6taGjlrew.zip
Skipping supplementary_material for H6rDX4w6Al: size 95.7MB exceeds 10MB limit
Downloaded supplementary_material for H6m5TIKl2W (2.3MB) -> H6m5TIKl2W.zip
Downloaded supplementary_material for H6PLJnnK6e (6.6MB) -> H6PLJnnK6e.zip
Downloaded supplementary_material for H5mWJwM20M (0.3MB) -> H5mWJwM20M.zip
Downloaded supplementary_material for H5dgCAG5a9 (0.8MB) -> H5dgCAG5a9.zip
Downloaded supplementary_material for H5DhRrKUDh (0.0MB) -> H5DhRrKUDh.zip
Skipping supplementary_material for H4VySIfvZE: size 87.2MB exceeds 10MB limit
Skipping supplementary_material for H4SyKHjd4c: size 88.2MB exceeds 10MB limit
Skipping supplementary_material for H4RgGzx4iL: size 26.9MB exceeds 10MB limit
Downloaded supplementary_material for H4RVXhicSj (0.0MB) -> H4RVXhicSj.zip
Downloaded supplementary_material for H40iUTVhuq (0.0MB) -> H40iUTVhuq.zip
Downloaded supplementary_material for H3hZPLrs4X (1.2MB) -> H3hZPLrs4X.zip
Skipping supplementary_material for H3UYMUYxWR: size 49.6MB exceeds 10MB limit
Downloaded supplementary_material for H3CisTbYkR (0.0MB) -> H3CisTbYkR.zip
Downloaded supplementary_material for H2e5TerulJ (0.9MB) -> H2e5TerulJ.zip
Downloaded supplementary_material for H27kvyG4qf (1.0MB) -> H27kvyG4qf.zip
Downloaded supplementary_material for H1s6SBhzlg (0.0MB) -> H1s6SBhzlg.zip
Downloaded supplementary_material for H1ofGvKeAz (0.4MB) -> H1ofGvKeAz.zip
Downloaded supplementary_material for H1TLl1CJUn (16.4MB) -> H1TLl1CJUn.zip
Skipping supplementary_material for H1KDMNOKQn: size 75.9MB exceeds 10MB limit
Downloaded supplementary_material for H1GLFKk0xE (0.9MB) -> H1GLFKk0xE.zip
Downloaded supplementary_material for GzdVJEE3IW (0.7MB) -> GzdVJEE3IW.zip
Downloaded supplementary_material for Gytb40h5CW (1.5MB) -> Gytb40h5CW.zip
Downloaded supplementary_material for GymjF88oGQ (0.0MB) -> GymjF88oGQ.zip
Skipping supplementary_material for GyIsbRjUpx: size 44.9MB exceeds 10MB limit
Skipping supplementary_material for GxPtLwLSOL: size 20.6MB exceeds 10MB limit
Downloaded supplementary_material for GxKb08oD67 (0.0MB) -> GxKb08oD67.zip
Downloaded supplementary_material for GvPdSWZT31 (14.3MB) -> GvPdSWZT31.zip
Downloaded supplementary_material for GvK1y3xqmh (0.0MB) -> GvK1y3xqmh.zip
Downloaded supplementary_material for Gv2HOWWDGC (0.1MB) -> Gv2HOWWDGC.zip
Skipping supplementary_material for Guo2XGgxZA: size 46.3MB exceeds 10MB limit
Downloaded supplementary_material for GuncMyZ3uN (2.6MB) -> GuncMyZ3uN.zip
Downloaded supplementary_material for GuCkBGef6C (0.4MB) -> GuCkBGef6C.zip
Downloaded supplementary_material for GtxAu3AogM (1.4MB) -> GtxAu3AogM.zip
Downloaded supplementary_material for GtqmPJf00A (15.4MB) -> GtqmPJf00A.zip
Downloaded supplementary_material for GsLvRPAfoU (2.9MB) -> GsLvRPAfoU.zip
Downloaded supplementary_material for GrkKmKRKw7 (0.0MB) -> GrkKmKRKw7.zip
Downloaded supplementary_material for GqNgK7LXBn (0.0MB) -> GqNgK7LXBn.zip
Downloaded supplementary_material for Gq7cBZC04L (0.3MB) -> Gq7cBZC04L.zip
Downloaded supplementary_material for GpHPHzgkEv (0.5MB) -> GpHPHzgkEv.zip
Skipping supplementary_material for GpHG7VwbIY: size 26.2MB exceeds 10MB limit
Downloaded supplementary_material for GofFHwumFW (19.9MB) -> GofFHwumFW.zip
Downloaded supplementary_material for Gl2XTqL9T7 (0.0MB) -> Gl2XTqL9T7.zip
Downloaded supplementary_material for Gk6umqW74m (0.2MB) -> Gk6umqW74m.zip
Downloaded supplementary_material for GjQ5JXpRQF (3.2MB) -> GjQ5JXpRQF.zip
Downloaded supplementary_material for GjPD0WkBST (0.0MB) -> GjPD0WkBST.zip
Skipping supplementary_material for GiaF5cFIpI: size 41.5MB exceeds 10MB limit
Skipping supplementary_material for GhqnOEXQh3: size 92.8MB exceeds 10MB limit
Downloaded supplementary_material for GgPNq4pzsI (0.2MB) -> GgPNq4pzsI.zip
Downloaded supplementary_material for GgBv8mo9Aw (0.0MB) -> GgBv8mo9Aw.zip
Downloaded supplementary_material for GgBrQCdC2L (0.0MB) -> GgBrQCdC2L.zip
Downloaded supplementary_material for GfVKK5sKit (7.7MB) -> GfVKK5sKit.zip
Downloaded supplementary_material for GfPwZwZ9xZ (17.5MB) -> GfPwZwZ9xZ.zip
Downloaded supplementary_material for GeKMezBiA5 (0.7MB) -> GeKMezBiA5.zip
Downloaded supplementary_material for Ge1DKuzWTO (0.5MB) -> Ge1DKuzWTO.zip
Downloaded supplementary_material for Gdpv6fBqrX (3.3MB) -> Gdpv6fBqrX.zip
Downloaded supplementary_material for GdPkzF3WuX (0.1MB) -> GdPkzF3WuX.zip
Downloaded supplementary_material for GcVVJ1zu3Y (1.1MB) -> GcVVJ1zu3Y.zip
Downloaded supplementary_material for Gc1zx6G4HP (6.8MB) -> Gc1zx6G4HP.zip
Skipping supplementary_material for Gba02UMvrG: size 21.2MB exceeds 10MB limit
Downloaded supplementary_material for GbT529vD5y (0.0MB) -> GbT529vD5y.zip
Downloaded supplementary_material for GbNQyQEJOo (0.0MB) -> GbNQyQEJOo.zip
Downloaded supplementary_material for Gb4vF9ORgM (0.5MB) -> Gb4vF9ORgM.zip
Downloaded supplementary_material for GZ9uSxY3Yn (0.0MB) -> GZ9uSxY3Yn.zip
Downloaded supplementary_material for GYWuixnyvu (1.9MB) -> GYWuixnyvu.zip
Downloaded supplementary_material for GYOk55KNeQ (1.2MB) -> GYOk55KNeQ.zip
Downloaded supplementary_material for GYJFJz9Dy5 (0.0MB) -> GYJFJz9Dy5.zip
Skipping supplementary_material for GYCYHJ3OJK: size 29.1MB exceeds 10MB limit
Downloaded supplementary_material for GXcN0MuN1q (0.6MB) -> GXcN0MuN1q.zip
Downloaded supplementary_material for GXAsUKNyqN (4.4MB) -> GXAsUKNyqN.zip
💾 Saved chunk: 29 (500 papers)
Downloaded supplementary_material for GWWG9V8CSo (9.6MB) -> GWWG9V8CSo.zip
Downloaded supplementary_material for GVhyxRwmoE (1.8MB) -> GVhyxRwmoE.zip
Downloaded supplementary_material for GV87Kv70EN (0.1MB) -> GV87Kv70EN.zip
Downloaded supplementary_material for GULnhNbvb9 (0.1MB) -> GULnhNbvb9.zip
Downloaded supplementary_material for GUFzf1LRBR (1.3MB) -> GUFzf1LRBR.zip
Downloaded supplementary_material for GU2197a3Lm (0.4MB) -> GU2197a3Lm.zip
Downloaded supplementary_material for GTl9MwNkvx (0.1MB) -> GTl9MwNkvx.zip
Downloaded supplementary_material for GTFISI3Clc (1.8MB) -> GTFISI3Clc.zip
Downloaded supplementary_material for GSjDtnjcEM (4.2MB) -> GSjDtnjcEM.zip
Downloaded supplementary_material for GSLoB1myS8 (2.0MB) -> GSLoB1myS8.zip
Downloaded supplementary_material for GRfN9CJQ59 (0.0MB) -> GRfN9CJQ59.zip
Downloaded supplementary_material for GRElsj9W2t (16.7MB) -> GRElsj9W2t.zip
Downloaded supplementary_material for GQvYxsTocq (1.4MB) -> GQvYxsTocq.zip
Downloaded supplementary_material for GP5RHZnEsw (19.9MB) -> GP5RHZnEsw.zip
Downloaded supplementary_material for GOS2K3JzOi (2.9MB) -> GOS2K3JzOi.zip
Downloaded supplementary_material for GODFBZhFcX (1.8MB) -> GODFBZhFcX.zip
Downloaded supplementary_material for GN8OdkTo3B (0.8MB) -> GN8OdkTo3B.zip
Skipping supplementary_material for GMxQHTyO2T: size 65.1MB exceeds 10MB limit
Skipping supplementary_material for GMR9BUsPbq: size 33.0MB exceeds 10MB limit
Downloaded supplementary_material for GMP1S4R6Ke (0.0MB) -> GMP1S4R6Ke.zip
Skipping supplementary_material for GMCyL7Xs9R: size 52.7MB exceeds 10MB limit
Downloaded supplementary_material for GLlx240C5B (12.7MB) -> GLlx240C5B.zip
Skipping supplementary_material for GLOOoWqbCV: size 64.6MB exceeds 10MB limit
Downloaded supplementary_material for GL3Vl1NPeY (0.1MB) -> GL3Vl1NPeY.zip
Skipping supplementary_material for GKvb3HCyNk: size 94.4MB exceeds 10MB limit
Skipping supplementary_material for GK4rznYwhn: size 80.9MB exceeds 10MB limit
Skipping supplementary_material for GJnatqABL8: size 24.4MB exceeds 10MB limit
Skipping supplementary_material for GJfWu4BjoI: size 77.3MB exceeds 10MB limit
Downloaded supplementary_material for GJ9gHw8kan (0.7MB) -> GJ9gHw8kan.zip
Downloaded supplementary_material for GIzoGvVD3w (0.3MB) -> GIzoGvVD3w.zip
Skipping supplementary_material for GIoNMdPLLO: size 89.1MB exceeds 10MB limit
Downloaded supplementary_material for GGYXjJJpWc (6.4MB) -> GGYXjJJpWc.zip
Downloaded supplementary_material for GG9OqLP0vO (1.9MB) -> GG9OqLP0vO.zip
Downloaded supplementary_material for GG7YQnsdhp (7.5MB) -> GG7YQnsdhp.zip
Downloaded supplementary_material for GG01lCopSK (0.8MB) -> GG01lCopSK.zip
Downloaded supplementary_material for GFw23AL2hx (2.7MB) -> GFw23AL2hx.zip
Downloaded supplementary_material for GFiE20JQ37 (0.0MB) -> GFiE20JQ37.zip
Downloaded supplementary_material for GFU5yCbILk (2.4MB) -> GFU5yCbILk.zip
Downloaded supplementary_material for GEsTLuJy1q (2.4MB) -> GEsTLuJy1q.zip
Downloaded supplementary_material for GECUTH82ze (1.9MB) -> GECUTH82ze.zip
Downloaded supplementary_material for GE0b5aQAvm (0.0MB) -> GE0b5aQAvm.zip
Downloaded supplementary_material for GE0IFoDx8a (3.8MB) -> GE0IFoDx8a.zip
Downloaded supplementary_material for GDwWsLRtUF (0.5MB) -> GDwWsLRtUF.zip
Downloaded supplementary_material for GDn2UoLASE (0.0MB) -> GDn2UoLASE.zip
Downloaded supplementary_material for GDYueXtKXT (3.2MB) -> GDYueXtKXT.zip
Downloaded supplementary_material for GCZH9CNhPK (15.1MB) -> GCZH9CNhPK.zip
Downloaded supplementary_material for GBjrWvtMW4 (1.0MB) -> GBjrWvtMW4.zip
Downloaded supplementary_material for GBfxT4EYrc (4.0MB) -> GBfxT4EYrc.zip
Skipping supplementary_material for GBTUVO9vkj: size 20.3MB exceeds 10MB limit
Downloaded supplementary_material for GBSGToE97J (0.2MB) -> GBSGToE97J.zip
Downloaded supplementary_material for GAh52Zncfk (0.1MB) -> GAh52Zncfk.zip
Skipping supplementary_material for GAVA5zqtVB: size 85.3MB exceeds 10MB limit
Downloaded supplementary_material for G9bpAoc47a (0.3MB) -> G9bpAoc47a.zip
Downloaded supplementary_material for G8xyzI2eQb (0.0MB) -> G8xyzI2eQb.zip
Downloaded supplementary_material for G8tP1Z9dLy (0.0MB) -> G8tP1Z9dLy.zip
Downloaded supplementary_material for G8HnUTlMpt (0.0MB) -> G8HnUTlMpt.zip
Skipping supplementary_material for G8GcKviwBE: size 68.2MB exceeds 10MB limit
Downloaded supplementary_material for G7fHaxLTx5 (0.0MB) -> G7fHaxLTx5.zip
Downloaded supplementary_material for G7brpD608I (0.3MB) -> G7brpD608I.zip
Skipping supplementary_material for G7OqPC2OeR: size 82.0MB exceeds 10MB limit
Skipping supplementary_material for G62YUhn02k: size 64.2MB exceeds 10MB limit
Downloaded supplementary_material for G4I23g5Ugh (1.9MB) -> G4I23g5Ugh.zip
Downloaded supplementary_material for G3gm7QBeMc (0.8MB) -> G3gm7QBeMc.zip
Skipping supplementary_material for G33Iemmj3Z: size 50.4MB exceeds 10MB limit
Downloaded supplementary_material for G2yRrFdEmK (9.2MB) -> G2yRrFdEmK.zip
Downloaded supplementary_material for G2tXkeIRoR (0.1MB) -> G2tXkeIRoR.zip
Downloaded supplementary_material for G1o4HNtOLO (0.1MB) -> G1o4HNtOLO.zip
Downloaded supplementary_material for G1fFulgfd8 (0.0MB) -> G1fFulgfd8.zip
Downloaded supplementary_material for G14LfMzf1w (5.2MB) -> G14LfMzf1w.zip
Downloaded supplementary_material for FzTQF5mf3n (0.1MB) -> FzTQF5mf3n.zip
Downloaded supplementary_material for Fz3JWBVLG8 (0.2MB) -> Fz3JWBVLG8.zip
Downloaded supplementary_material for FyQPpkASsV (0.6MB) -> FyQPpkASsV.zip
Downloaded supplementary_material for Fy7V5dalvX (0.1MB) -> Fy7V5dalvX.zip
Skipping supplementary_material for Fy1EoIaAzQ: size 49.6MB exceeds 10MB limit
Downloaded supplementary_material for Fxz0aaGSNY (0.1MB) -> Fxz0aaGSNY.zip
Skipping supplementary_material for FwtKMYHov7: size 25.8MB exceeds 10MB limit
Downloaded supplementary_material for FwPbnIEGpk (9.6MB) -> FwPbnIEGpk.zip
Skipping supplementary_material for FvMyAMbbX0: size 29.1MB exceeds 10MB limit
Downloaded supplementary_material for Fuhmh86Ckv (0.4MB) -> Fuhmh86Ckv.zip
Downloaded supplementary_material for FufeCZazvr (7.3MB) -> FufeCZazvr.zip
Downloaded supplementary_material for FtmJiQJrPf (9.2MB) -> FtmJiQJrPf.zip
Downloaded supplementary_material for FtdbdoGbk3 (1.8MB) -> FtdbdoGbk3.zip
Downloaded supplementary_material for FtXnVaiaiE (5.2MB) -> FtXnVaiaiE.zip
Downloaded supplementary_material for FtL9eEmU6v (2.6MB) -> FtL9eEmU6v.zip
Downloaded supplementary_material for FsrXpdcjqu (6.1MB) -> FsrXpdcjqu.zip
Downloaded supplementary_material for Fs5LNZD4g0 (1.8MB) -> Fs5LNZD4g0.zip
Downloaded supplementary_material for FrwqxlUqdL (0.0MB) -> FrwqxlUqdL.zip
Downloaded supplementary_material for Frha3JV1T1 (9.3MB) -> Frha3JV1T1.zip
Skipping supplementary_material for FrXTQED0Nt: size 42.7MB exceeds 10MB limit
Downloaded supplementary_material for FrP85x1meL (14.4MB) -> FrP85x1meL.zip
Skipping supplementary_material for FqDmvMZish: size 46.8MB exceeds 10MB limit
Downloaded supplementary_material for FpjH12hcqt (0.1MB) -> FpjH12hcqt.zip
Downloaded supplementary_material for Fopv5Hpm1C (0.0MB) -> Fopv5Hpm1C.zip
Downloaded supplementary_material for FooLtc0uvn (1.1MB) -> FooLtc0uvn.zip
Downloaded supplementary_material for FoFZweJ9Ow (0.3MB) -> FoFZweJ9Ow.zip
Downloaded supplementary_material for Fo5stCxzoD (0.1MB) -> Fo5stCxzoD.zip
Downloaded supplementary_material for Fn2rSOnpNf (0.7MB) -> Fn2rSOnpNf.zip
Skipping supplementary_material for FmichQWA5c: size 65.7MB exceeds 10MB limit
Downloaded supplementary_material for FlcMckO6x5 (0.0MB) -> FlcMckO6x5.zip
Downloaded supplementary_material for FlAdTTRnWY (0.3MB) -> FlAdTTRnWY.zip
Skipping supplementary_material for FkdxBEF9gf: size 84.6MB exceeds 10MB limit
Downloaded supplementary_material for FkaDML963W (2.2MB) -> FkaDML963W.zip
Downloaded supplementary_material for FkTEc3XEL6 (0.0MB) -> FkTEc3XEL6.zip
Downloaded supplementary_material for FjTYIRufJp (0.9MB) -> FjTYIRufJp.zip
Downloaded supplementary_material for Fj6LakRHcT (1.1MB) -> Fj6LakRHcT.zip
Skipping supplementary_material for FileqNzZzn: size 46.6MB exceeds 10MB limit
Failed to download supplementary_material for FihSkzyxdv: ('Connection broken: IncompleteRead(31420303 bytes read, 59246478 more expected)', IncompleteRead(31420303 bytes read, 59246478 more expected))
Skipping supplementary_material for Fcf5fLmaeG: size 67.6MB exceeds 10MB limit
Downloaded supplementary_material for FWEGmkHTJX (0.0MB) -> FWEGmkHTJX.zip
Downloaded supplementary_material for FVmWGMIoES (1.1MB) -> FVmWGMIoES.zip
Downloaded supplementary_material for FUiOZXchu5 (11.0MB) -> FUiOZXchu5.zip
Downloaded supplementary_material for FTZfVHWAIq (0.9MB) -> FTZfVHWAIq.zip
Downloaded supplementary_material for FStqfhYUSI (3.3MB) -> FStqfhYUSI.zip
Downloaded supplementary_material for FSkseQQgPu (0.0MB) -> FSkseQQgPu.zip
Downloaded supplementary_material for FSOoR1ZFtf (1.9MB) -> FSOoR1ZFtf.zip
Downloaded supplementary_material for FSMk1uw8In (8.5MB) -> FSMk1uw8In.zip
Downloaded supplementary_material for FSL1J2gmJV (0.0MB) -> FSL1J2gmJV.zip
Downloaded supplementary_material for FSHrinMArK (11.1MB) -> FSHrinMArK.zip
Skipping supplementary_material for FS1KoskTtD: size 71.5MB exceeds 10MB limit
Skipping supplementary_material for FRp8cu1aKF: size 32.5MB exceeds 10MB limit
Skipping supplementary_material for FRTZhAzWRC: size 21.8MB exceeds 10MB limit
Downloaded supplementary_material for FQ8KX1pxeo (0.3MB) -> FQ8KX1pxeo.zip
Downloaded supplementary_material for FQ2dMjf88y (1.6MB) -> FQ2dMjf88y.zip
Downloaded supplementary_material for FPsmHDFtTx (1.8MB) -> FPsmHDFtTx.zip
Skipping supplementary_material for FPpIE5lCCM: size 30.4MB exceeds 10MB limit
Downloaded supplementary_material for FPLNSx1jmL (4.0MB) -> FPLNSx1jmL.zip
Downloaded supplementary_material for FOx2BWIQyF (0.3MB) -> FOx2BWIQyF.zip
Skipping supplementary_material for FOnAdLo0tM: size 46.0MB exceeds 10MB limit
Downloaded supplementary_material for FOJQnYMbUC (0.0MB) -> FOJQnYMbUC.zip
Downloaded supplementary_material for FNnJIf4ymV (0.2MB) -> FNnJIf4ymV.zip
Skipping supplementary_material for FNlNH0iFOx: size 93.8MB exceeds 10MB limit
Downloaded supplementary_material for FNWNG1ftuw (7.8MB) -> FNWNG1ftuw.zip
Skipping supplementary_material for FMOn4cjJKG: size 31.1MB exceeds 10MB limit
Downloaded supplementary_material for FLmgVrgJo6 (0.3MB) -> FLmgVrgJo6.zip
Skipping supplementary_material for FKEHiHU4bN: size 33.2MB exceeds 10MB limit
Downloaded supplementary_material for FJTdyG8jeJ (0.0MB) -> FJTdyG8jeJ.zip
Skipping supplementary_material for FJT0nTDKPX: size 38.5MB exceeds 10MB limit
Downloaded supplementary_material for FIL4NsipXQ (0.2MB) -> FIL4NsipXQ.zip
Downloaded supplementary_material for FHtQqj5yzr (0.0MB) -> FHtQqj5yzr.zip
Skipping supplementary_material for FHTt9ipAra: size 41.5MB exceeds 10MB limit
Downloaded supplementary_material for FFxkFMU89E (11.2MB) -> FFxkFMU89E.zip
Downloaded supplementary_material for FFnbfI84bP (5.9MB) -> FFnbfI84bP.zip
Skipping supplementary_material for FFTmMa6tph: size 78.3MB exceeds 10MB limit
Downloaded supplementary_material for FFIn2TH7aU (0.6MB) -> FFIn2TH7aU.zip
Downloaded supplementary_material for FExLO2WABj (0.2MB) -> FExLO2WABj.zip
Downloaded supplementary_material for FE3FVddJaT (15.9MB) -> FE3FVddJaT.zip
Skipping supplementary_material for FDDKQD0Imb: size 71.0MB exceeds 10MB limit
Downloaded supplementary_material for FAgro0MDDp (6.0MB) -> FAgro0MDDp.zip
Downloaded supplementary_material for FA5gun3gmm (0.2MB) -> FA5gun3gmm.zip
Downloaded supplementary_material for F9rO9Ve4u8 (0.0MB) -> F9rO9Ve4u8.zip
Downloaded supplementary_material for F8a6dAw3Yg (0.0MB) -> F8a6dAw3Yg.zip
Downloaded supplementary_material for F7rUng23nw (3.7MB) -> F7rUng23nw.zip
Downloaded supplementary_material for F7iGQGPy5p (0.2MB) -> F7iGQGPy5p.zip
Downloaded supplementary_material for F6w8LcJJFA (0.0MB) -> F6w8LcJJFA.zip
Downloaded supplementary_material for F6DzptrpGI (0.0MB) -> F6DzptrpGI.zip
Downloaded supplementary_material for F5bDWU4M0J (7.6MB) -> F5bDWU4M0J.zip
Downloaded supplementary_material for F4dntnOqDE (6.8MB) -> F4dntnOqDE.zip
Downloaded supplementary_material for F4TgVGhxJc (0.3MB) -> F4TgVGhxJc.zip
Downloaded supplementary_material for F4LBDJtsDX (11.9MB) -> F4LBDJtsDX.zip
Skipping supplementary_material for F1nx5KRRzM: size 22.6MB exceeds 10MB limit
Skipping supplementary_material for F1ZD5wi02T: size 41.8MB exceeds 10MB limit
Skipping supplementary_material for F1QDWRizFA: size 48.9MB exceeds 10MB limit
Downloaded supplementary_material for F0XWYqYWJC (0.0MB) -> F0XWYqYWJC.zip
Downloaded supplementary_material for F0ApXB8eVc (6.6MB) -> F0ApXB8eVc.zip
Downloaded supplementary_material for Ezfgx1RVdY (1.1MB) -> Ezfgx1RVdY.zip
Downloaded supplementary_material for EzJowEZ1UJ (0.0MB) -> EzJowEZ1UJ.zip
Downloaded supplementary_material for EzHQZ991im (0.4MB) -> EzHQZ991im.zip
💾 Saved chunk: 30 (500 papers)
Downloaded supplementary_material for EyswpODUEL (0.6MB) -> EyswpODUEL.zip
Downloaded supplementary_material for EyY8wLpjS5 (3.6MB) -> EyY8wLpjS5.zip
Downloaded supplementary_material for EyVDFe2YWC (19.3MB) -> EyVDFe2YWC.zip
Skipping supplementary_material for EyH8Fu3vtZ: size 23.0MB exceeds 10MB limit
Downloaded supplementary_material for ExobfZ35x1 (0.0MB) -> ExobfZ35x1.zip
Downloaded supplementary_material for ExCYvLZJmE (0.3MB) -> ExCYvLZJmE.zip
Skipping supplementary_material for EwdWR6lfvW: size 59.6MB exceeds 10MB limit
Downloaded supplementary_material for Ev1GnFiKES (0.0MB) -> Ev1GnFiKES.zip
Skipping supplementary_material for Eu25AOvORb: size 28.5MB exceeds 10MB limit
Downloaded supplementary_material for Etu7q4KcZ7 (3.2MB) -> Etu7q4KcZ7.zip
Downloaded supplementary_material for EsumhpzFK9 (0.1MB) -> EsumhpzFK9.zip
Downloaded supplementary_material for EsIeSG8Hbv (1.1MB) -> EsIeSG8Hbv.zip
Downloaded supplementary_material for ErnvfmSX0P (0.0MB) -> ErnvfmSX0P.zip
Downloaded supplementary_material for ErED2dvR7Z (15.6MB) -> ErED2dvR7Z.zip
Skipping supplementary_material for Er7Jkzu3ox: size 70.9MB exceeds 10MB limit
Downloaded supplementary_material for Epd2N9b76r (5.5MB) -> Epd2N9b76r.zip
Downloaded supplementary_material for EozFFKuYgx (2.1MB) -> EozFFKuYgx.zip
Skipping supplementary_material for EoZKimMYXi: size 94.5MB exceeds 10MB limit
Downloaded supplementary_material for EnA3YTB0dp (0.1MB) -> EnA3YTB0dp.zip
Downloaded supplementary_material for EmIdvvqFPc (0.0MB) -> EmIdvvqFPc.zip
Downloaded supplementary_material for EltjRajCVI (1.1MB) -> EltjRajCVI.zip
Downloaded supplementary_material for Els0yUtxNK (0.1MB) -> Els0yUtxNK.zip
Downloaded supplementary_material for EkTm1JCUEH (0.1MB) -> EkTm1JCUEH.zip
Downloaded supplementary_material for EkJre2zEkK (0.0MB) -> EkJre2zEkK.zip
Downloaded supplementary_material for Ejsv4PIv0k (0.1MB) -> Ejsv4PIv0k.zip
Downloaded supplementary_material for EjiJmiA6ea (0.0MB) -> EjiJmiA6ea.zip
Downloaded supplementary_material for EjH5I9ziug (0.1MB) -> EjH5I9ziug.zip
Skipping supplementary_material for EiixYyuXfW: size 68.1MB exceeds 10MB limit
Downloaded supplementary_material for EiJbxZTtDj (1.7MB) -> EiJbxZTtDj.zip
Skipping supplementary_material for EhsuuR3yyT: size 78.7MB exceeds 10MB limit
Downloaded supplementary_material for EhqJWMSElB (6.0MB) -> EhqJWMSElB.zip
Skipping supplementary_material for EhA4znYsuG: size 85.0MB exceeds 10MB limit
Downloaded supplementary_material for Eh3Q5umKYN (0.1MB) -> Eh3Q5umKYN.zip
Downloaded supplementary_material for Egmvi2RWnj (0.1MB) -> Egmvi2RWnj.zip
Skipping supplementary_material for Eg3KqoI9tS: size 23.0MB exceeds 10MB limit
Downloaded supplementary_material for EfxT5mUQgS (12.1MB) -> EfxT5mUQgS.zip
Downloaded supplementary_material for EfsV41FTRQ (0.3MB) -> EfsV41FTRQ.zip
Skipping supplementary_material for EetMA6RCpD: size 79.5MB exceeds 10MB limit
Downloaded supplementary_material for Eed6XsFNJ5 (7.5MB) -> Eed6XsFNJ5.zip
Downloaded supplementary_material for EcygLrP7je (0.1MB) -> EcygLrP7je.zip
Downloaded supplementary_material for EcbUaXJb9s (5.1MB) -> EcbUaXJb9s.zip
Downloaded supplementary_material for EbsplMNfaT (8.1MB) -> EbsplMNfaT.zip
Skipping supplementary_material for EbrPXZTVJ9: size 57.6MB exceeds 10MB limit
Downloaded supplementary_material for EbjbESm8MD (0.2MB) -> EbjbESm8MD.zip
Skipping supplementary_material for EbbCRpnOaC: size 83.1MB exceeds 10MB limit
Downloaded supplementary_material for EbV2YIKU9o (14.4MB) -> EbV2YIKU9o.zip
Downloaded supplementary_material for EbIL1Po0Vf (0.0MB) -> EbIL1Po0Vf.zip
Skipping supplementary_material for EaWllvg21z: size 95.9MB exceeds 10MB limit
Downloaded supplementary_material for EaGQ5luZtf (0.1MB) -> EaGQ5luZtf.zip
Downloaded supplementary_material for EZ2TH4rPwG (6.4MB) -> EZ2TH4rPwG.zip
Downloaded supplementary_material for EYwbHIXJ1k (2.1MB) -> EYwbHIXJ1k.zip
Downloaded supplementary_material for EYOwByRzU5 (0.4MB) -> EYOwByRzU5.zip
Failed to download supplementary_material for EXiQr9FBqH: ('Connection broken: IncompleteRead(37158862 bytes read, 20340447 more expected)', IncompleteRead(37158862 bytes read, 20340447 more expected))
Skipping supplementary_material for EJ680UQeZG: size 58.7MB exceeds 10MB limit
Downloaded supplementary_material for EIztkUMIZB (4.3MB) -> EIztkUMIZB.zip
Skipping supplementary_material for EIA1tpKYL7: size 35.6MB exceeds 10MB limit
Downloaded supplementary_material for EHGZhNWU10 (12.8MB) -> EHGZhNWU10.zip
Skipping supplementary_material for EFOMez9cBW: size 52.2MB exceeds 10MB limit
Downloaded supplementary_material for EEs6I4cO7S (0.0MB) -> EEs6I4cO7S.zip
Downloaded supplementary_material for EEdobb9oWl (0.3MB) -> EEdobb9oWl.zip
Skipping supplementary_material for EEA5IwSUXU: size 24.7MB exceeds 10MB limit
Skipping supplementary_material for EDz39N1Crc: size 48.6MB exceeds 10MB limit
Skipping supplementary_material for EDgdbdjr4c: size 22.7MB exceeds 10MB limit
Skipping supplementary_material for EA80Zib9UI: size 71.2MB exceeds 10MB limit
Downloaded supplementary_material for E9zStzWz6M (3.2MB) -> E9zStzWz6M.zip
Skipping supplementary_material for E9heQLPNGh: size 65.7MB exceeds 10MB limit
Downloaded supplementary_material for E7mrnBuMFd (0.0MB) -> E7mrnBuMFd.zip
Downloaded supplementary_material for E7ZZRnBQU7 (0.1MB) -> E7ZZRnBQU7.zip
Skipping supplementary_material for E7VL9Zl1Nc: size 83.6MB exceeds 10MB limit
Skipping supplementary_material for E7JzkZCofa: size 62.7MB exceeds 10MB limit
Downloaded supplementary_material for E6jDNtfj6X (2.5MB) -> E6jDNtfj6X.zip
Skipping supplementary_material for E6gnzpQEqR: size 78.3MB exceeds 10MB limit
Downloaded supplementary_material for E5NwyihhEc (0.0MB) -> E5NwyihhEc.zip
Skipping supplementary_material for E4m3ZLleMH: size 44.3MB exceeds 10MB limit
Downloaded supplementary_material for E3bBZ02Qcc (2.3MB) -> E3bBZ02Qcc.zip
Downloaded supplementary_material for E361DSJEyT (0.6MB) -> E361DSJEyT.zip
Downloaded supplementary_material for E1dANKwo4I (2.2MB) -> E1dANKwo4I.zip
Downloaded supplementary_material for E1BB5ijsjg (0.0MB) -> E1BB5ijsjg.zip
Skipping supplementary_material for E14Vr16HwD: size 28.0MB exceeds 10MB limit
Downloaded supplementary_material for E0Qfhma53J (2.3MB) -> E0Qfhma53J.zip
Skipping supplementary_material for DzVdPvGS7N: size 54.4MB exceeds 10MB limit
Downloaded supplementary_material for DzSNH5APPl (0.1MB) -> DzSNH5APPl.zip
Skipping supplementary_material for DyRhoIARfM: size 34.1MB exceeds 10MB limit
Downloaded supplementary_material for DyOXbjStzW (0.4MB) -> DyOXbjStzW.zip
Downloaded supplementary_material for Dxns0cj15A (0.0MB) -> Dxns0cj15A.zip
Downloaded supplementary_material for Dxb9zYD23D (0.1MB) -> Dxb9zYD23D.zip
Downloaded supplementary_material for DxGPQECIJB (1.7MB) -> DxGPQECIJB.zip
Downloaded supplementary_material for DxFh6klsJQ (0.5MB) -> DxFh6klsJQ.zip
Downloaded supplementary_material for DwWorqSjwv (0.7MB) -> DwWorqSjwv.zip
Downloaded supplementary_material for Dw034qKrP5 (0.1MB) -> Dw034qKrP5.zip
Downloaded supplementary_material for DuNf2vPTTK (5.2MB) -> DuNf2vPTTK.zip
Downloaded supplementary_material for DuIJ3Ebv8K (0.2MB) -> DuIJ3Ebv8K.zip
Downloaded supplementary_material for DuDFytFC5Z (2.7MB) -> DuDFytFC5Z.zip
Downloaded supplementary_material for DtxerRpEu7 (19.1MB) -> DtxerRpEu7.zip
Downloaded supplementary_material for Dtj9mwBVNL (4.2MB) -> Dtj9mwBVNL.zip
Downloaded supplementary_material for DsnIcAm2su (3.0MB) -> DsnIcAm2su.zip
Downloaded supplementary_material for DseN5P1aVe (0.1MB) -> DseN5P1aVe.zip
Skipping supplementary_material for DscflMFynS: size 35.7MB exceeds 10MB limit
Downloaded supplementary_material for DsS3xRPSs5 (4.5MB) -> DsS3xRPSs5.zip
Downloaded supplementary_material for DriG3hgh42 (0.0MB) -> DriG3hgh42.zip
Downloaded supplementary_material for DqfKOHqzh9 (0.1MB) -> DqfKOHqzh9.zip
Downloaded supplementary_material for Dqdz9rN19V (0.2MB) -> Dqdz9rN19V.zip
Downloaded supplementary_material for DqZDRf6qJ9 (8.1MB) -> DqZDRf6qJ9.zip
Downloaded supplementary_material for DqAeSBQckF (0.2MB) -> DqAeSBQckF.zip
Downloaded supplementary_material for Dp1RM3gPg8 (8.1MB) -> Dp1RM3gPg8.zip
Downloaded supplementary_material for DotYL0mTxZ (0.3MB) -> DotYL0mTxZ.zip
Downloaded supplementary_material for DoixoDh9za (15.6MB) -> DoixoDh9za.zip
Skipping supplementary_material for Dofaulr5RE: size 39.0MB exceeds 10MB limit
Downloaded supplementary_material for DofaiMRo3b (13.8MB) -> DofaiMRo3b.zip
Downloaded supplementary_material for DoF6K8DDyz (0.1MB) -> DoF6K8DDyz.zip
Skipping supplementary_material for Dnn8SSBJaY: size 28.8MB exceeds 10MB limit
Downloaded supplementary_material for DnmSQE20EQ (6.6MB) -> DnmSQE20EQ.zip
Downloaded supplementary_material for DmoNViA41R (0.0MB) -> DmoNViA41R.zip
Downloaded supplementary_material for DmhbGdwIkr (0.1MB) -> DmhbGdwIkr.zip
Downloaded supplementary_material for Dl1S4EvFwh (1.1MB) -> Dl1S4EvFwh.zip
Downloaded supplementary_material for DkgGu5AzRD (0.0MB) -> DkgGu5AzRD.zip
Skipping supplementary_material for DjefrO8TJr: size 94.0MB exceeds 10MB limit
Downloaded supplementary_material for DjNli4PdZx (0.0MB) -> DjNli4PdZx.zip
Downloaded supplementary_material for DjKPlFEnCk (0.1MB) -> DjKPlFEnCk.zip
Downloaded supplementary_material for DiQ8d2kOxG (1.0MB) -> DiQ8d2kOxG.zip
Skipping supplementary_material for Dgphd9qizu: size 94.2MB exceeds 10MB limit
Downloaded supplementary_material for Dgb7vtSilx (0.5MB) -> Dgb7vtSilx.zip
Downloaded supplementary_material for DgSpW6JZSK (0.0MB) -> DgSpW6JZSK.zip
Downloaded supplementary_material for DgQTPChyG2 (0.4MB) -> DgQTPChyG2.zip
Downloaded supplementary_material for Debxx12J0U (1.4MB) -> Debxx12J0U.zip
Downloaded supplementary_material for DdYBGUySAK (18.7MB) -> DdYBGUySAK.zip
Downloaded supplementary_material for DczVG12sdJ (0.0MB) -> DczVG12sdJ.zip
Downloaded supplementary_material for DbHtCaO4RD (1.2MB) -> DbHtCaO4RD.zip
Downloaded supplementary_material for Db5TUogRSM (0.0MB) -> Db5TUogRSM.zip
Downloaded supplementary_material for DaHOgSDE5U (0.0MB) -> DaHOgSDE5U.zip
Downloaded supplementary_material for DaDHiSZ8bp (19.5MB) -> DaDHiSZ8bp.zip
Skipping supplementary_material for DZcpnudp7f: size 91.4MB exceeds 10MB limit
Downloaded supplementary_material for DZUehXNiBn (0.1MB) -> DZUehXNiBn.zip
Downloaded supplementary_material for DZ76Xr7zct (4.7MB) -> DZ76Xr7zct.zip
Downloaded supplementary_material for DYujKV4Ama (2.4MB) -> DYujKV4Ama.zip
Downloaded supplementary_material for DY6dnkRKo7 (0.1MB) -> DY6dnkRKo7.zip
Skipping supplementary_material for DXZM26qdTv: size 38.5MB exceeds 10MB limit
Skipping supplementary_material for DX9UX6rwlJ: size 42.7MB exceeds 10MB limit
Downloaded supplementary_material for DX2POJEk8C (14.7MB) -> DX2POJEk8C.zip
Downloaded supplementary_material for DVurf4kGag (0.7MB) -> DVurf4kGag.zip
Downloaded supplementary_material for DUtfVs1xxD (13.1MB) -> DUtfVs1xxD.zip
Downloaded supplementary_material for DUr48hxO2h (1.2MB) -> DUr48hxO2h.zip
Skipping supplementary_material for DUe1AFKQBG: size 21.9MB exceeds 10MB limit
Downloaded supplementary_material for DUXG9E8dEO (1.0MB) -> DUXG9E8dEO.zip
Downloaded supplementary_material for DTxx0D9pTf (14.6MB) -> DTxx0D9pTf.zip
Downloaded supplementary_material for DTqbEtXXP3 (9.9MB) -> DTqbEtXXP3.zip
Downloaded supplementary_material for DSq3r8PjpQ (3.5MB) -> DSq3r8PjpQ.zip
💾 Saved chunk: 31 (500 papers)
Skipping supplementary_material for DRthPQNRhA: size 74.2MB exceeds 10MB limit
Downloaded supplementary_material for DRazLe6FAZ (0.5MB) -> DRazLe6FAZ.zip
Downloaded supplementary_material for DR9e3M9Y3y (0.1MB) -> DR9e3M9Y3y.zip
Downloaded supplementary_material for DQlOn3pVvL (0.1MB) -> DQlOn3pVvL.zip
Downloaded supplementary_material for DQ68Sqk0Js (0.0MB) -> DQ68Sqk0Js.zip
Downloaded supplementary_material for DPdev1Gg1o (0.5MB) -> DPdev1Gg1o.zip
Downloaded supplementary_material for DOLF9TUBfa (0.0MB) -> DOLF9TUBfa.zip
Downloaded supplementary_material for DOL96nnJpm (0.1MB) -> DOL96nnJpm.zip
Downloaded supplementary_material for DNgsOhGZBI (0.6MB) -> DNgsOhGZBI.zip
Downloaded supplementary_material for DMoSFziBfu (0.0MB) -> DMoSFziBfu.zip
Downloaded supplementary_material for DM0Y0oL33T (6.8MB) -> DM0Y0oL33T.zip
Downloaded supplementary_material for DLqs8GnD96 (0.0MB) -> DLqs8GnD96.zip
Downloaded supplementary_material for DLfNDCcF2F (0.1MB) -> DLfNDCcF2F.zip
Downloaded supplementary_material for DLcnrY5Uqo (0.1MB) -> DLcnrY5Uqo.zip
Downloaded supplementary_material for DL1Tw0RQub (8.5MB) -> DL1Tw0RQub.zip
Downloaded supplementary_material for DKvfjlXDJt (7.2MB) -> DKvfjlXDJt.zip
Skipping supplementary_material for DKD4QbOKBN: size 33.1MB exceeds 10MB limit
Downloaded supplementary_material for DK4kl9eTIo (0.1MB) -> DK4kl9eTIo.zip
Downloaded supplementary_material for DJRVilWlux (1.4MB) -> DJRVilWlux.zip
Downloaded supplementary_material for DJ6AR99XFA (14.4MB) -> DJ6AR99XFA.zip
Downloaded supplementary_material for DJ2lnkcj4H (0.8MB) -> DJ2lnkcj4H.zip
Skipping supplementary_material for DIPeQTxpe7: size 33.9MB exceeds 10MB limit
Skipping supplementary_material for DBHCRrdsfi: size 32.0MB exceeds 10MB limit
Skipping supplementary_material for D9UFfMdnxU: size 48.7MB exceeds 10MB limit
Skipping supplementary_material for D8ypZxzIvO: size 71.2MB exceeds 10MB limit
Skipping supplementary_material for D8fW5tAHq8: size 22.2MB exceeds 10MB limit
Skipping supplementary_material for Cy3N5Cc1fc: size 31.0MB exceeds 10MB limit
Skipping supplementary_material for CxpKHWqT1n: size 30.2MB exceeds 10MB limit
Skipping supplementary_material for CxLaZWbUjc: size 30.4MB exceeds 10MB limit
Skipping supplementary_material for CwVv9Yfq5e: size 47.0MB exceeds 10MB limit
Skipping supplementary_material for Cvwu959bOs: size 86.0MB exceeds 10MB limit
Skipping supplementary_material for CsHahbRAFZ: size 27.4MB exceeds 10MB limit
Skipping supplementary_material for CoxruEzsd2: size 80.6MB exceeds 10MB limit
Skipping supplementary_material for CoBxmXThM6: size 33.5MB exceeds 10MB limit
Skipping supplementary_material for CkrqfhD4fV: size 48.6MB exceeds 10MB limit
Skipping supplementary_material for CeBJLnb0Iw: size 39.9MB exceeds 10MB limit
Skipping supplementary_material for CaqVssw7rN: size 28.5MB exceeds 10MB limit
Skipping supplementary_material for CVYUcrHKCE: size 43.8MB exceeds 10MB limit
Skipping supplementary_material for CUx9KieuW9: size 33.2MB exceeds 10MB limit
Downloaded supplementary_material for CSfcpGj48W (2.9MB) -> CSfcpGj48W.zip
Downloaded supplementary_material for CSeX6I85Bp (4.4MB) -> CSeX6I85Bp.zip
Skipping supplementary_material for CSUqM5uNCC: size 91.1MB exceeds 10MB limit
Downloaded supplementary_material for CSIo4D7xBG (0.2MB) -> CSIo4D7xBG.zip
Skipping supplementary_material for CRvxecRkI6: size 52.5MB exceeds 10MB limit
Skipping supplementary_material for CRWd9MgCl2: size 29.3MB exceeds 10MB limit
Downloaded supplementary_material for CRBt6DNaBE (19.3MB) -> CRBt6DNaBE.zip
Downloaded supplementary_material for CQnpxZNMvT (0.1MB) -> CQnpxZNMvT.zip
Downloaded supplementary_material for CPhda7grEo (0.0MB) -> CPhda7grEo.zip
Skipping supplementary_material for COrUdVuInH: size 74.0MB exceeds 10MB limit
Downloaded supplementary_material for CNrU5kGJYG (0.1MB) -> CNrU5kGJYG.zip
Downloaded supplementary_material for CNiiO3BU0t (6.4MB) -> CNiiO3BU0t.zip
Downloaded supplementary_material for CNiJg49vyP (0.0MB) -> CNiJg49vyP.zip
Downloaded supplementary_material for CNVL194fO5 (0.5MB) -> CNVL194fO5.zip
Downloaded supplementary_material for CLBVilFk7N (0.2MB) -> CLBVilFk7N.zip
Skipping supplementary_material for CL5D33stq1: size 56.1MB exceeds 10MB limit
Downloaded supplementary_material for CKZ3Gh2wMy (0.2MB) -> CKZ3Gh2wMy.zip
Skipping supplementary_material for CKYsYlRdCM: size 41.3MB exceeds 10MB limit
Downloaded supplementary_material for CJHA6a77Yv (1.2MB) -> CJHA6a77Yv.zip
Downloaded supplementary_material for CHWjetQzYS (0.4MB) -> CHWjetQzYS.zip
Downloaded supplementary_material for CGQnW4raNE (0.2MB) -> CGQnW4raNE.zip
Skipping supplementary_material for CGALrQfkYi: size 94.3MB exceeds 10MB limit
Skipping supplementary_material for CG2VPDZkwM: size 66.8MB exceeds 10MB limit
Skipping supplementary_material for CFuNu8dK4s: size 88.9MB exceeds 10MB limit
Skipping supplementary_material for CFaapfQnVk: size 73.3MB exceeds 10MB limit
Downloaded supplementary_material for CFLlRCyqOf (0.1MB) -> CFLlRCyqOf.zip
Downloaded supplementary_material for CEpNboUJyw (0.1MB) -> CEpNboUJyw.zip
Downloaded supplementary_material for CELYMnherN (0.3MB) -> CELYMnherN.zip
Downloaded supplementary_material for CEJl0gN2gj (0.6MB) -> CEJl0gN2gj.zip
Skipping supplementary_material for CDwG0Bebfo: size 71.5MB exceeds 10MB limit
Downloaded supplementary_material for CDtXjZgMZy (1.7MB) -> CDtXjZgMZy.zip
Downloaded supplementary_material for CCSPm6V5EF (0.6MB) -> CCSPm6V5EF.zip
Skipping supplementary_material for CB9xkb2r2J: size 67.8MB exceeds 10MB limit
Skipping supplementary_material for CAMU0mOR7p: size 26.6MB exceeds 10MB limit
Downloaded supplementary_material for C9GJos8xtd (3.8MB) -> C9GJos8xtd.zip
Downloaded supplementary_material for C8vkRiXKRb (0.2MB) -> C8vkRiXKRb.zip
Downloaded supplementary_material for C8PzDMO8Cs (2.9MB) -> C8PzDMO8Cs.zip
Skipping supplementary_material for C81TnwHiRM: size 59.2MB exceeds 10MB limit
Downloaded supplementary_material for C7M6F0OJ1l (3.7MB) -> C7M6F0OJ1l.zip
Downloaded supplementary_material for C5Ihi4bVQt (3.2MB) -> C5Ihi4bVQt.zip
Downloaded supplementary_material for C4fjIfj8Or (0.1MB) -> C4fjIfj8Or.zip
Skipping supplementary_material for C3pTq4A7zf: size 96.3MB exceeds 10MB limit
Skipping supplementary_material for C3hIHbTRCb: size 22.6MB exceeds 10MB limit
Downloaded supplementary_material for C3I7nIXKHc (0.1MB) -> C3I7nIXKHc.zip
Downloaded supplementary_material for C3FEh03LMO (0.0MB) -> C3FEh03LMO.zip
Downloaded supplementary_material for C35E46tK6T (0.0MB) -> C35E46tK6T.zip
Downloaded supplementary_material for C2RWqJ8OYL (0.1MB) -> C2RWqJ8OYL.zip
Skipping supplementary_material for C1hAtImSHo: size 53.1MB exceeds 10MB limit
Downloaded supplementary_material for C0qgkcCehg (8.4MB) -> C0qgkcCehg.zip
Skipping supplementary_material for C0PmueVVZU: size 40.3MB exceeds 10MB limit
Downloaded supplementary_material for BzNf90Csfa (0.0MB) -> BzNf90Csfa.zip
Downloaded supplementary_material for Bxxdz07CDp (1.4MB) -> Bxxdz07CDp.zip
Skipping supplementary_material for BxrhsH3uzB: size 34.2MB exceeds 10MB limit
Downloaded supplementary_material for BxeJLOrKDF (10.2MB) -> BxeJLOrKDF.zip
Skipping supplementary_material for BwvJx2JP11: size 26.3MB exceeds 10MB limit
Skipping supplementary_material for BvirMuKWV1: size 40.7MB exceeds 10MB limit
Downloaded supplementary_material for BuNhkdvEDz (0.2MB) -> BuNhkdvEDz.zip
Downloaded supplementary_material for BuJ2C6iZRG (5.8MB) -> BuJ2C6iZRG.zip
Downloaded supplementary_material for BtU29vylui (11.2MB) -> BtU29vylui.zip
Downloaded supplementary_material for BtQLBWr6zI (0.1MB) -> BtQLBWr6zI.zip
Downloaded supplementary_material for BsY20r9FOM (13.2MB) -> BsY20r9FOM.zip
Downloaded supplementary_material for BsPRQZaBqb (0.3MB) -> BsPRQZaBqb.zip
Downloaded supplementary_material for Bs7VVm6rjC (2.5MB) -> Bs7VVm6rjC.zip
Downloaded supplementary_material for BrnmjYFtX8 (0.0MB) -> BrnmjYFtX8.zip
Downloaded supplementary_material for BrQcP0YRb7 (0.6MB) -> BrQcP0YRb7.zip
Downloaded supplementary_material for BrO4ZB6JIK (0.0MB) -> BrO4ZB6JIK.zip
Skipping supplementary_material for BqaChqppVh: size 87.7MB exceeds 10MB limit
Downloaded supplementary_material for BqV8qbLDqR (2.5MB) -> BqV8qbLDqR.zip
Skipping supplementary_material for BqOmsYIe7M: size 92.5MB exceeds 10MB limit
Downloaded supplementary_material for Bq0CAUrMCC (0.0MB) -> Bq0CAUrMCC.zip
Downloaded supplementary_material for BpyR6Wkl1c (10.3MB) -> BpyR6Wkl1c.zip
Downloaded supplementary_material for BpxyBAMHCN (0.1MB) -> BpxyBAMHCN.zip
Downloaded supplementary_material for BpgCOFefcE (1.7MB) -> BpgCOFefcE.zip
💾 Saved chunk: 32 (500 papers)
Downloaded supplementary_material for BpBW4gJofo (3.3MB) -> BpBW4gJofo.zip
Downloaded supplementary_material for BoFQUFmXIz (0.2MB) -> BoFQUFmXIz.zip
Downloaded supplementary_material for BmkOKYfbmV (0.1MB) -> BmkOKYfbmV.zip
Downloaded supplementary_material for BlKB91pkCd (0.0MB) -> BlKB91pkCd.zip
Downloaded supplementary_material for BkyyIfTEgG (0.3MB) -> BkyyIfTEgG.zip
Skipping supplementary_material for BjlmBIKQee: size 39.5MB exceeds 10MB limit
Skipping supplementary_material for BjZvLXvLZW: size 27.6MB exceeds 10MB limit
Skipping supplementary_material for BjElYlJKMj: size 54.1MB exceeds 10MB limit
Downloaded supplementary_material for Biz1vpQeLI (13.4MB) -> Biz1vpQeLI.zip
Downloaded supplementary_material for Bibt0JTvpx (0.1MB) -> Bibt0JTvpx.zip
Downloaded supplementary_material for BiXwSIIMIq (3.7MB) -> BiXwSIIMIq.zip
Skipping supplementary_material for Bi7CPaOMHC: size 61.9MB exceeds 10MB limit
Downloaded supplementary_material for Bi440h4ktC (0.8MB) -> Bi440h4ktC.zip
Downloaded supplementary_material for BhyVA99U4b (4.0MB) -> BhyVA99U4b.zip
Downloaded supplementary_material for BhqFWlYKUi (0.1MB) -> BhqFWlYKUi.zip
Downloaded supplementary_material for BhNVSmIKln (0.2MB) -> BhNVSmIKln.zip
Downloaded supplementary_material for BgX4s1d2d0 (1.6MB) -> BgX4s1d2d0.zip
Downloaded supplementary_material for Bfuj1qeoOU (0.1MB) -> Bfuj1qeoOU.zip
Downloaded supplementary_material for BfCwzmyaMO (0.1MB) -> BfCwzmyaMO.zip
Downloaded supplementary_material for Bf6wHMSBAz (7.7MB) -> Bf6wHMSBAz.zip
Skipping supplementary_material for Bf6C60cqYU: size 40.2MB exceeds 10MB limit
Skipping supplementary_material for BeTZGuerU0: size 67.3MB exceeds 10MB limit
Downloaded supplementary_material for BeMtzSH1d7 (0.0MB) -> BeMtzSH1d7.zip
Downloaded supplementary_material for Be72SJOCjJ (0.4MB) -> Be72SJOCjJ.zip
Downloaded supplementary_material for BdzayGKKVc (1.7MB) -> BdzayGKKVc.zip
Downloaded supplementary_material for BdhQWT0y9s (7.8MB) -> BdhQWT0y9s.zip
Downloaded supplementary_material for BdeUsYlyIf (0.2MB) -> BdeUsYlyIf.zip
Skipping supplementary_material for BcoaVyC8mK: size 65.5MB exceeds 10MB limit
Skipping supplementary_material for BbVSpL9ACG: size 61.0MB exceeds 10MB limit
Skipping supplementary_material for BamabJR7Ed: size 49.1MB exceeds 10MB limit
Downloaded supplementary_material for BaYELDYvC1 (0.1MB) -> BaYELDYvC1.zip
Downloaded supplementary_material for BaG67KNavy (0.0MB) -> BaG67KNavy.zip
Skipping supplementary_material for Ba5hOI2SkF: size 43.8MB exceeds 10MB limit
Downloaded supplementary_material for Ba1R0hXD4N (6.8MB) -> Ba1R0hXD4N.zip
Downloaded supplementary_material for BZMQotjBwW (0.1MB) -> BZMQotjBwW.zip
Downloaded supplementary_material for BYBKqpZteT (4.0MB) -> BYBKqpZteT.zip
Skipping supplementary_material for BY8ATqW8vm: size 29.9MB exceeds 10MB limit
Downloaded supplementary_material for BXwMPYDsT5 (0.4MB) -> BXwMPYDsT5.zip
Skipping supplementary_material for BVwDuMfUsh: size 20.8MB exceeds 10MB limit
Downloaded supplementary_material for BViZkEr0IA (7.5MB) -> BViZkEr0IA.zip
Downloaded supplementary_material for BV4oHxGBx7 (0.1MB) -> BV4oHxGBx7.zip
Skipping supplementary_material for BUd2FPvJb2: size 56.6MB exceeds 10MB limit
Downloaded supplementary_material for BTe5VLBjPg (7.7MB) -> BTe5VLBjPg.zip
Downloaded supplementary_material for BT9rsod6Hc (3.2MB) -> BT9rsod6Hc.zip
Downloaded supplementary_material for BSxpnPlVhl (1.2MB) -> BSxpnPlVhl.zip
Downloaded supplementary_material for BS0PhDOaJ7 (0.0MB) -> BS0PhDOaJ7.zip
Skipping supplementary_material for BRoAjhYWoQ: size 78.5MB exceeds 10MB limit
Downloaded supplementary_material for BRDgQzdtWr (0.3MB) -> BRDgQzdtWr.zip
Downloaded supplementary_material for BR2ItBcqOo (4.5MB) -> BR2ItBcqOo.zip
Downloaded supplementary_material for BQwGPv4DTe (17.4MB) -> BQwGPv4DTe.zip
Downloaded supplementary_material for BQQ34bv25t (11.8MB) -> BQQ34bv25t.zip
Skipping supplementary_material for BQOFU9qO5j: size 62.6MB exceeds 10MB limit
Downloaded supplementary_material for BQIzu1T6F0 (5.4MB) -> BQIzu1T6F0.zip
Downloaded supplementary_material for BQASoLmREU (0.2MB) -> BQASoLmREU.zip
Downloaded supplementary_material for BQ0jaVCZRK (11.7MB) -> BQ0jaVCZRK.zip
Downloaded supplementary_material for BPqe5ffGwe (10.4MB) -> BPqe5ffGwe.zip
Downloaded supplementary_material for BOsuSLbD8L (5.1MB) -> BOsuSLbD8L.zip
Downloaded supplementary_material for BOafce7DJS (0.7MB) -> BOafce7DJS.zip
Skipping supplementary_material for BOENl7Bk49: size 45.6MB exceeds 10MB limit
Downloaded supplementary_material for BNtGjamZ3S (6.4MB) -> BNtGjamZ3S.zip
Downloaded supplementary_material for BNrznHRILy (16.6MB) -> BNrznHRILy.zip
Downloaded supplementary_material for BNRylXgEgw (2.4MB) -> BNRylXgEgw.zip
Downloaded supplementary_material for BN4vhB5IRy (0.4MB) -> BN4vhB5IRy.zip
Downloaded supplementary_material for BN0lSx0p3n (7.9MB) -> BN0lSx0p3n.zip
Downloaded supplementary_material for BLhQv7iF3q (0.0MB) -> BLhQv7iF3q.zip
Downloaded supplementary_material for BLfcuMF4vi (17.1MB) -> BLfcuMF4vi.zip
Downloaded supplementary_material for BLOIB8CwBI (0.0MB) -> BLOIB8CwBI.zip
Downloaded supplementary_material for BLCQ2TK3lV (0.2MB) -> BLCQ2TK3lV.zip
Skipping supplementary_material for BKRJowxP3H: size 33.8MB exceeds 10MB limit
Skipping supplementary_material for BK7Mk5d4WE: size 89.5MB exceeds 10MB limit
Downloaded supplementary_material for BK5iPNVUdl (0.3MB) -> BK5iPNVUdl.zip
Downloaded supplementary_material for BHSSV1nHvU (0.0MB) -> BHSSV1nHvU.zip
Skipping supplementary_material for BFiK4TVYeq: size 54.4MB exceeds 10MB limit
Skipping supplementary_material for BFb4ACHayj: size 70.0MB exceeds 10MB limit
Downloaded supplementary_material for BEEf7eQVuq (0.2MB) -> BEEf7eQVuq.zip
Downloaded supplementary_material for BDywttV73U (3.5MB) -> BDywttV73U.zip
Downloaded supplementary_material for BDNctVKwuD (0.0MB) -> BDNctVKwuD.zip
Downloaded supplementary_material for BCtNVMdfeA (0.1MB) -> BCtNVMdfeA.zip
Downloaded supplementary_material for BC7YLA0zJ0 (0.0MB) -> BC7YLA0zJ0.zip
Downloaded supplementary_material for BBlE9cuKFa (0.0MB) -> BBlE9cuKFa.zip
Downloaded supplementary_material for BBS9057dPV (1.3MB) -> BBS9057dPV.zip
Downloaded supplementary_material for BBNrtWVMSG (0.3MB) -> BBNrtWVMSG.zip
Downloaded supplementary_material for BBAmK1eiCI (0.0MB) -> BBAmK1eiCI.zip
Downloaded supplementary_material for BAwXV3Y0cc (0.1MB) -> BAwXV3Y0cc.zip
Downloaded supplementary_material for BAskirM6hM (6.2MB) -> BAskirM6hM.zip
Downloaded supplementary_material for B9iMn59jFE (0.0MB) -> B9iMn59jFE.zip
Skipping supplementary_material for B92Lzl1b3j: size 49.7MB exceeds 10MB limit
Downloaded supplementary_material for B8yPBPvmpj (3.1MB) -> B8yPBPvmpj.zip
Downloaded supplementary_material for B8nSGoGiJr (0.1MB) -> B8nSGoGiJr.zip
Downloaded supplementary_material for B8eIc9783S (0.2MB) -> B8eIc9783S.zip
Downloaded supplementary_material for B7r8ZkBk4F (2.3MB) -> B7r8ZkBk4F.zip
Downloaded supplementary_material for B5w4bh1ryU (1.1MB) -> B5w4bh1ryU.zip
Downloaded supplementary_material for B5eIW9X4EW (2.0MB) -> B5eIW9X4EW.zip
Skipping supplementary_material for B5NEdEQH1K: size 94.9MB exceeds 10MB limit
Downloaded supplementary_material for B4YEuDpdIL (13.1MB) -> B4YEuDpdIL.zip
Downloaded supplementary_material for B4SCegRJOA (9.2MB) -> B4SCegRJOA.zip
Downloaded supplementary_material for B3jlwFJ2mb (0.5MB) -> B3jlwFJ2mb.zip
Downloaded supplementary_material for B3YVTwlt5C (1.2MB) -> B3YVTwlt5C.zip
Skipping supplementary_material for B2iqbCQviR: size 25.5MB exceeds 10MB limit
Downloaded supplementary_material for B2Neq64sm6 (13.1MB) -> B2Neq64sm6.zip
Downloaded supplementary_material for B2FQwbyxIZ (0.6MB) -> B2FQwbyxIZ.zip
Downloaded supplementary_material for B2DRmwStm9 (0.0MB) -> B2DRmwStm9.zip
Downloaded supplementary_material for B291oHzQq0 (13.7MB) -> B291oHzQq0.zip
Skipping supplementary_material for B1pHQZS5LO: size 67.6MB exceeds 10MB limit
Downloaded supplementary_material for B0qUqxBOT6 (0.0MB) -> B0qUqxBOT6.zip
Downloaded supplementary_material for B0pwjqqVxL (0.0MB) -> B0pwjqqVxL.zip
Downloaded supplementary_material for B0W5XcWNSl (0.0MB) -> B0W5XcWNSl.zip
Downloaded supplementary_material for B0LBNJyEkO (0.0MB) -> B0LBNJyEkO.zip
Downloaded supplementary_material for B0C0bt2R7l (9.0MB) -> B0C0bt2R7l.zip
Downloaded supplementary_material for B02EqvyiF3 (0.1MB) -> B02EqvyiF3.zip
Downloaded supplementary_material for AzsN1qdLwv (3.2MB) -> AzsN1qdLwv.zip
Downloaded supplementary_material for Azgxj7ZGCX (0.2MB) -> Azgxj7ZGCX.zip
Skipping supplementary_material for AzbqTZAfvW: size 36.5MB exceeds 10MB limit
Downloaded supplementary_material for AzHK6ummZ1 (0.0MB) -> AzHK6ummZ1.zip
Downloaded supplementary_material for AyX26Srw0r (0.0MB) -> AyX26Srw0r.zip
Skipping supplementary_material for AyJPSnE1bq: size 34.0MB exceeds 10MB limit
Downloaded supplementary_material for AxdOmqDdIo (16.4MB) -> AxdOmqDdIo.zip
Skipping supplementary_material for AwowReRWXI: size 47.5MB exceeds 10MB limit
Downloaded supplementary_material for AwRIQV177K (2.9MB) -> AwRIQV177K.zip
Skipping supplementary_material for AvW39dAR8R: size 96.7MB exceeds 10MB limit
Downloaded supplementary_material for AuzSDvSUzg (2.9MB) -> AuzSDvSUzg.zip
Downloaded supplementary_material for AtbRCnvcrZ (0.1MB) -> AtbRCnvcrZ.zip
Downloaded supplementary_material for AsejOhJuNB (0.8MB) -> AsejOhJuNB.zip
Skipping supplementary_material for AsWjldujdO: size 54.5MB exceeds 10MB limit
Downloaded supplementary_material for AsVH1FQGuR (0.0MB) -> AsVH1FQGuR.zip
Skipping supplementary_material for AryG8SZxUa: size 35.1MB exceeds 10MB limit
Downloaded supplementary_material for ArU2CeB7Tm (16.2MB) -> ArU2CeB7Tm.zip
Skipping supplementary_material for Ar078WR3um: size 95.4MB exceeds 10MB limit
Downloaded supplementary_material for AqCG1RUbyO (4.1MB) -> AqCG1RUbyO.zip
Skipping supplementary_material for AorEBT2QLl: size 66.3MB exceeds 10MB limit
Downloaded supplementary_material for AoCqLYhTD8 (2.1MB) -> AoCqLYhTD8.zip
Downloaded supplementary_material for Anh6VfNM22 (17.5MB) -> Anh6VfNM22.zip
Skipping supplementary_material for AnY0zJ8adz: size 89.8MB exceeds 10MB limit
Downloaded supplementary_material for An8l3CXqGJ (0.0MB) -> An8l3CXqGJ.zip
Skipping supplementary_material for AmczI1k3Yk: size 68.0MB exceeds 10MB limit
Downloaded supplementary_material for Am95bfE207 (0.1MB) -> Am95bfE207.zip
Downloaded supplementary_material for AlqrnU93o7 (11.3MB) -> AlqrnU93o7.zip
Downloaded supplementary_material for AlcHdWZZoF (7.0MB) -> AlcHdWZZoF.zip
Downloaded supplementary_material for AlJK6bFbAo (15.8MB) -> AlJK6bFbAo.zip
Downloaded supplementary_material for AkLyfa0dQN (0.1MB) -> AkLyfa0dQN.zip
Downloaded supplementary_material for AjaicwLUmj (0.0MB) -> AjaicwLUmj.zip
Downloaded supplementary_material for AiBUm6iKBf (0.1MB) -> AiBUm6iKBf.zip
Downloaded supplementary_material for AhwAsF89EG (0.1MB) -> AhwAsF89EG.zip
Skipping supplementary_material for AhtDnPyfOE: size 45.8MB exceeds 10MB limit
Downloaded supplementary_material for Ahdsg2nkNH (0.0MB) -> Ahdsg2nkNH.zip
Downloaded supplementary_material for Ah1630bQ5z (0.4MB) -> Ah1630bQ5z.zip
Downloaded supplementary_material for AgZr1UEoQI (0.0MB) -> AgZr1UEoQI.zip
Skipping supplementary_material for AepuXqQM4X: size 32.1MB exceeds 10MB limit
Skipping supplementary_material for AeIGeRFDAy: size 22.9MB exceeds 10MB limit
Downloaded supplementary_material for AdzuScvQzp (0.4MB) -> AdzuScvQzp.zip
Downloaded supplementary_material for AcDx2tUZPb (4.7MB) -> AcDx2tUZPb.zip
Downloaded supplementary_material for AbmOOdWwYD (9.0MB) -> AbmOOdWwYD.zip
Downloaded supplementary_material for Abc7drPNDu (0.8MB) -> Abc7drPNDu.zip
Downloaded supplementary_material for AaZVrbElhC (0.0MB) -> AaZVrbElhC.zip
Downloaded supplementary_material for AZj5yAHN8z (0.0MB) -> AZj5yAHN8z.zip
Downloaded supplementary_material for AZghddZY0r (6.4MB) -> AZghddZY0r.zip
Downloaded supplementary_material for AZ1EqNzhBh (0.9MB) -> AZ1EqNzhBh.zip
Downloaded supplementary_material for AYH7uBK1Gg (0.2MB) -> AYH7uBK1Gg.zip
Downloaded supplementary_material for AY3QtM0mQ9 (0.0MB) -> AY3QtM0mQ9.zip
Downloaded supplementary_material for AXFuBS3ujj (7.6MB) -> AXFuBS3ujj.zip
Downloaded supplementary_material for AWo15PWl5J (4.2MB) -> AWo15PWl5J.zip
Skipping supplementary_material for AVv0zeFlZE: size 53.1MB exceeds 10MB limit
Downloaded supplementary_material for AUXvYQlQLZ (1.8MB) -> AUXvYQlQLZ.zip
Downloaded supplementary_material for AUKeDukcUi (0.0MB) -> AUKeDukcUi.zip
Downloaded supplementary_material for AT7hCh6HB7 (0.0MB) -> AT7hCh6HB7.zip
Downloaded supplementary_material for ASwVqmDOv9 (13.2MB) -> ASwVqmDOv9.zip
Downloaded supplementary_material for AScQDQqVXY (2.6MB) -> AScQDQqVXY.zip
Downloaded supplementary_material for ASK3jSLkJi (2.8MB) -> ASK3jSLkJi.zip
Skipping supplementary_material for ARlWghTilp: size 54.9MB exceeds 10MB limit
Downloaded supplementary_material for ARWB0SNmFR (0.2MB) -> ARWB0SNmFR.zip
Downloaded supplementary_material for ARUNL5lh88 (2.2MB) -> ARUNL5lh88.zip
Downloaded supplementary_material for ARDsBYnarO (0.0MB) -> ARDsBYnarO.zip
Skipping supplementary_material for AQo1SEElNb: size 81.6MB exceeds 10MB limit
Downloaded supplementary_material for AQEnNqRuUU (3.2MB) -> AQEnNqRuUU.zip
Downloaded supplementary_material for APjCXYORXO (0.9MB) -> APjCXYORXO.zip
Downloaded supplementary_material for APgSIyWZT7 (5.3MB) -> APgSIyWZT7.zip
Skipping supplementary_material for APCJj5r6Os: size 40.4MB exceeds 10MB limit
Downloaded supplementary_material for AOcAQl4IMY (14.0MB) -> AOcAQl4IMY.zip
Downloaded supplementary_material for AOUa1Ae9qg (11.3MB) -> AOUa1Ae9qg.zip
Downloaded supplementary_material for ANpswta433 (0.0MB) -> ANpswta433.zip
Skipping supplementary_material for ANknPNy4ta: size 33.7MB exceeds 10MB limit
Skipping supplementary_material for ANbAB0tXv3: size 64.9MB exceeds 10MB limit
Downloaded supplementary_material for ANKQqRicBM (0.1MB) -> ANKQqRicBM.zip
Downloaded supplementary_material for ALpn1nQj5R (0.1MB) -> ALpn1nQj5R.zip
Downloaded supplementary_material for ALgBKWHNRV (1.0MB) -> ALgBKWHNRV.zip
Downloaded supplementary_material for ALCHB2UEgH (0.2MB) -> ALCHB2UEgH.zip
Downloaded supplementary_material for AKUSUkWj6p (0.2MB) -> AKUSUkWj6p.zip
Downloaded supplementary_material for AIXU95yPGF (0.3MB) -> AIXU95yPGF.zip
Downloaded supplementary_material for AIONsRr6n7 (0.4MB) -> AIONsRr6n7.zip
Downloaded supplementary_material for AIKURJjxXT (3.0MB) -> AIKURJjxXT.zip
Downloaded supplementary_material for AII8ADdDHt (0.1MB) -> AII8ADdDHt.zip
Downloaded supplementary_material for AHpi1JrsQy (0.2MB) -> AHpi1JrsQy.zip
Downloaded supplementary_material for AGOUFfHYnX (0.5MB) -> AGOUFfHYnX.zip
Downloaded supplementary_material for AGL62jMF9y (6.3MB) -> AGL62jMF9y.zip
Downloaded supplementary_material for AGF74rk4fS (0.1MB) -> AGF74rk4fS.zip
Downloaded supplementary_material for AGCOnxvJAh (0.1MB) -> AGCOnxvJAh.zip
Skipping supplementary_material for AG7fjg5azU: size 88.3MB exceeds 10MB limit
Skipping supplementary_material for AFJMB9SkHT: size 26.6MB exceeds 10MB limit
Downloaded supplementary_material for AEszIYnVos (6.8MB) -> AEszIYnVos.zip
💾 Saved chunk: 33 (500 papers)
Downloaded supplementary_material for AEgyitdRWf (8.0MB) -> AEgyitdRWf.zip
Downloaded supplementary_material for AE98vmT1HJ (0.3MB) -> AE98vmT1HJ.zip
Downloaded supplementary_material for ADFXCeYXvR (0.8MB) -> ADFXCeYXvR.zip
Downloaded supplementary_material for ACroNFU7Do (0.0MB) -> ACroNFU7Do.zip
Downloaded supplementary_material for ACWBlCfcVY (0.1MB) -> ACWBlCfcVY.zip
Skipping supplementary_material for AC1XQjy8Sa: size 65.9MB exceeds 10MB limit
Downloaded supplementary_material for ABdgMoJhlO (10.7MB) -> ABdgMoJhlO.zip
Failed to download supplementary_material for ABA4KBVz1w: ('Connection broken: IncompleteRead(68042752 bytes read, 26519836 more expected)', IncompleteRead(68042752 bytes read, 26519836 more expected))
Downloaded supplementary_material for AB3jM3iMaW (11.7MB) -> AB3jM3iMaW.zip
Downloaded supplementary_material for AAHBCpfzRs (0.0MB) -> AAHBCpfzRs.zip
Downloaded supplementary_material for A9sDqFy82S (0.1MB) -> A9sDqFy82S.zip
Downloaded supplementary_material for A9LCIRxXP9 (19.2MB) -> A9LCIRxXP9.zip
Downloaded supplementary_material for A9Ha2CCGYt (9.9MB) -> A9Ha2CCGYt.zip
Failed to download supplementary_material for A9EP0RPrTL: ('Connection broken: IncompleteRead(25296569 bytes read, 35553095 more expected)', IncompleteRead(25296569 bytes read, 35553095 more expected))
Downloaded supplementary_material for A8wfXZkoMs (0.5MB) -> A8wfXZkoMs.zip
Downloaded supplementary_material for A8tt0dTYCC (0.1MB) -> A8tt0dTYCC.zip
Downloaded supplementary_material for A8UKo53z3R (0.0MB) -> A8UKo53z3R.zip
Downloaded supplementary_material for A8JuOtpAUM (0.2MB) -> A8JuOtpAUM.zip
Downloaded supplementary_material for A7v4VgOf3Y (2.3MB) -> A7v4VgOf3Y.zip
Downloaded supplementary_material for A7jXhEXORd (0.2MB) -> A7jXhEXORd.zip
Downloaded supplementary_material for A5z9VkfTIo (6.2MB) -> A5z9VkfTIo.zip
Downloaded supplementary_material for A5AejTTloS (0.2MB) -> A5AejTTloS.zip
Downloaded supplementary_material for A4koL4Zqam (0.3MB) -> A4koL4Zqam.zip
Skipping supplementary_material for A4kEu2A023: size 94.1MB exceeds 10MB limit
Downloaded supplementary_material for A35w0pornd (12.9MB) -> A35w0pornd.zip
Skipping supplementary_material for A2JF06XcPG: size 66.8MB exceeds 10MB limit
Downloaded supplementary_material for A2FvWrV4o4 (1.2MB) -> A2FvWrV4o4.zip
Downloaded supplementary_material for A196is84CC (0.4MB) -> A196is84CC.zip
Downloaded supplementary_material for A0kvufiUAU (0.1MB) -> A0kvufiUAU.zip
Downloaded supplementary_material for A0YvRCa5jM (3.8MB) -> A0YvRCa5jM.zip
Skipping supplementary_material for 9zVvlSKDZx: size 74.6MB exceeds 10MB limit
Downloaded supplementary_material for 9z9mgVpXyE (0.0MB) -> 9z9mgVpXyE.zip
Downloaded supplementary_material for 9xTDY3xARD (0.1MB) -> 9xTDY3xARD.zip
Downloaded supplementary_material for 9wzdgG6eUa (0.0MB) -> 9wzdgG6eUa.zip
Downloaded supplementary_material for 9vMXKNSqI2 (5.7MB) -> 9vMXKNSqI2.zip
Downloaded supplementary_material for 9uZZL2kPwG (1.6MB) -> 9uZZL2kPwG.zip
Downloaded supplementary_material for 9u48tyo4DD (0.0MB) -> 9u48tyo4DD.zip
Downloaded supplementary_material for 9ttjYx3NJQ (4.3MB) -> 9ttjYx3NJQ.zip
Downloaded supplementary_material for 9tFRj7cmrS (10.4MB) -> 9tFRj7cmrS.zip
Downloaded supplementary_material for 9rvefNQN1C (0.1MB) -> 9rvefNQN1C.zip
Downloaded supplementary_material for 9rseeCQjav (1.0MB) -> 9rseeCQjav.zip
Downloaded supplementary_material for 9rjvqK7kqx (5.0MB) -> 9rjvqK7kqx.zip
Downloaded supplementary_material for 9rCRy58TPF (0.1MB) -> 9rCRy58TPF.zip
Downloaded supplementary_material for 9qptRqz37Q (0.2MB) -> 9qptRqz37Q.zip
Downloaded supplementary_material for 9qbKOaF8YJ (6.1MB) -> 9qbKOaF8YJ.zip
Downloaded supplementary_material for 9ps2joMieU (0.3MB) -> 9ps2joMieU.zip
Downloaded supplementary_material for 9pfWYxYHAn (0.2MB) -> 9pfWYxYHAn.zip
Skipping supplementary_material for 9pVOX5UcBV: size 69.8MB exceeds 10MB limit
Downloaded supplementary_material for 9pNWZLVZ4r (5.9MB) -> 9pNWZLVZ4r.zip
Downloaded supplementary_material for 9p2l8ue94K (11.9MB) -> 9p2l8ue94K.zip
Downloaded supplementary_material for 9o1BV4nGd5 (0.0MB) -> 9o1BV4nGd5.zip
Downloaded supplementary_material for 9nxCJP4q0i (0.1MB) -> 9nxCJP4q0i.zip
Skipping supplementary_material for 9m5EU9QqNJ: size 61.2MB exceeds 10MB limit
Skipping supplementary_material for 9lycwRxAOI: size 59.5MB exceeds 10MB limit
Downloaded supplementary_material for 9lPq01iKOV (2.1MB) -> 9lPq01iKOV.zip
Downloaded supplementary_material for 9jcB40wjk3 (0.6MB) -> 9jcB40wjk3.zip
Downloaded supplementary_material for 9jQkmGunGo (3.7MB) -> 9jQkmGunGo.zip
Downloaded supplementary_material for 9iTdKS4SRQ (17.7MB) -> 9iTdKS4SRQ.zip
Downloaded supplementary_material for 9h5MCXYu3y (9.6MB) -> 9h5MCXYu3y.zip
Downloaded supplementary_material for 9h2c2rMSY1 (0.2MB) -> 9h2c2rMSY1.zip
Downloaded supplementary_material for 9glgMTTZb9 (6.0MB) -> 9glgMTTZb9.zip
Downloaded supplementary_material for 9gJBhkLRat (0.7MB) -> 9gJBhkLRat.zip
Skipping supplementary_material for 9fw3g2jFbc: size 78.8MB exceeds 10MB limit
Downloaded supplementary_material for 9fqGBSLBX8 (0.2MB) -> 9fqGBSLBX8.zip
Downloaded supplementary_material for 9eWajl9SoK (0.3MB) -> 9eWajl9SoK.zip
Downloaded supplementary_material for 9e9wHUkC8Q (16.6MB) -> 9e9wHUkC8Q.zip
Downloaded supplementary_material for 9d73uBBJSj (0.0MB) -> 9d73uBBJSj.zip
Downloaded supplementary_material for 9d1ytPxL1g (0.0MB) -> 9d1ytPxL1g.zip
Downloaded supplementary_material for 9ckLDyDUI6 (0.2MB) -> 9ckLDyDUI6.zip
Downloaded supplementary_material for 9cUdn8GKId (0.2MB) -> 9cUdn8GKId.zip
Skipping supplementary_material for 9cLPurIZMj: size 22.8MB exceeds 10MB limit
Downloaded supplementary_material for 9asuGOncOi (10.4MB) -> 9asuGOncOi.zip
Downloaded supplementary_material for 9aaiQbIUND (0.2MB) -> 9aaiQbIUND.zip
Downloaded supplementary_material for 9ZzkbyV17M (1.3MB) -> 9ZzkbyV17M.zip
Failed to download supplementary_material for 9ZrjgzlAuh: ('Connection broken: IncompleteRead(11796174 bytes read, 82182057 more expected)', IncompleteRead(11796174 bytes read, 82182057 more expected))
Skipping supplementary_material for 9XZcqgdzrS: size 69.2MB exceeds 10MB limit
Skipping supplementary_material for 9VWeXhINgq: size 82.5MB exceeds 10MB limit
Skipping supplementary_material for 9PWyFDedjx: size 90.9MB exceeds 10MB limit
Skipping supplementary_material for 9ODjjrRBQi: size 45.3MB exceeds 10MB limit
Skipping supplementary_material for 9O1IpZ0F4h: size 89.8MB exceeds 10MB limit
Skipping supplementary_material for 9NDmVHQ6sx: size 45.4MB exceeds 10MB limit
Skipping supplementary_material for 9LlHnXuBU0: size 78.2MB exceeds 10MB limit
Skipping supplementary_material for 9LYsvna4Sk: size 34.0MB exceeds 10MB limit
Skipping supplementary_material for 9JCknIXbDo: size 25.3MB exceeds 10MB limit
Skipping supplementary_material for 9HeKCYl1zl: size 28.1MB exceeds 10MB limit
Skipping supplementary_material for 9HSvvFH3ga: size 42.1MB exceeds 10MB limit
Skipping supplementary_material for 9D1NpyX5fu: size 62.5MB exceeds 10MB limit
Skipping supplementary_material for 96p1eBUVaN: size 26.8MB exceeds 10MB limit
Skipping supplementary_material for 955hVLJdfP: size 41.7MB exceeds 10MB limit
Skipping supplementary_material for 90mRxCvkmf: size 23.8MB exceeds 10MB limit
Skipping supplementary_material for 8yKSnpZjyd: size 83.0MB exceeds 10MB limit
Skipping supplementary_material for 8wm1HEfPss: size 42.0MB exceeds 10MB limit
Skipping supplementary_material for 8w9aPoj2zK: size 20.8MB exceeds 10MB limit
Downloaded supplementary_material for 8rMJFiz38Y (0.6MB) -> 8rMJFiz38Y.zip
Downloaded supplementary_material for 8qQrEcsdls (0.0MB) -> 8qQrEcsdls.zip
Downloaded supplementary_material for 8qKY6g0AS8 (1.4MB) -> 8qKY6g0AS8.zip
Downloaded supplementary_material for 8pkJD7KqIE (2.1MB) -> 8pkJD7KqIE.zip
Downloaded supplementary_material for 8pQsiFyTQi (2.9MB) -> 8pQsiFyTQi.zip
Downloaded supplementary_material for 8pDcEIvmcP (0.1MB) -> 8pDcEIvmcP.zip
Downloaded supplementary_material for 8ouiJi04JZ (1.2MB) -> 8ouiJi04JZ.zip
Downloaded supplementary_material for 8oRi7CEj6A (0.3MB) -> 8oRi7CEj6A.zip
Downloaded supplementary_material for 8o7iV9l27T (0.0MB) -> 8o7iV9l27T.zip
Downloaded supplementary_material for 8nc2hOOEOJ (9.4MB) -> 8nc2hOOEOJ.zip
Downloaded supplementary_material for 8ltY9T6l4L (0.5MB) -> 8ltY9T6l4L.zip
Skipping supplementary_material for 8lHWG9Isnc: size 43.5MB exceeds 10MB limit
Skipping supplementary_material for 8ixcRzGuff: size 81.9MB exceeds 10MB limit
Skipping supplementary_material for 8fxgi5Vfpz: size 29.8MB exceeds 10MB limit
💾 Saved chunk: 34 (500 papers)
Skipping supplementary_material for 8eYOBBgP05: size 80.0MB exceeds 10MB limit
Downloaded supplementary_material for 8cwaRXwpFf (0.0MB) -> 8cwaRXwpFf.zip
Downloaded supplementary_material for 8csiEcwVsK (0.1MB) -> 8csiEcwVsK.zip
Downloaded supplementary_material for 8cj7ydwaaK (0.0MB) -> 8cj7ydwaaK.zip
Downloaded supplementary_material for 8cDoHzqDXP (5.2MB) -> 8cDoHzqDXP.zip
Downloaded supplementary_material for 8bjuA06JXB (0.0MB) -> 8bjuA06JXB.zip
Skipping supplementary_material for 8bM7MkxJee: size 42.8MB exceeds 10MB limit
Downloaded supplementary_material for 8bLa8PILyO (0.5MB) -> 8bLa8PILyO.zip
Skipping supplementary_material for 8bJs2ElHGM: size 38.0MB exceeds 10MB limit
Downloaded supplementary_material for 8aT5yt8Vmt (8.8MB) -> 8aT5yt8Vmt.zip
Skipping supplementary_material for 8aFYx2mDyE: size 90.5MB exceeds 10MB limit
Downloaded supplementary_material for 8YlFBmNYVV (3.7MB) -> 8YlFBmNYVV.zip
Skipping supplementary_material for 8XNKIR3CEn: size 27.5MB exceeds 10MB limit
Downloaded supplementary_material for 8WS5nDWIWE (4.6MB) -> 8WS5nDWIWE.zip
Downloaded supplementary_material for 8VSrk2CaBr (3.4MB) -> 8VSrk2CaBr.zip
Skipping supplementary_material for 8UkQbRNmHL: size 61.1MB exceeds 10MB limit
Skipping supplementary_material for 8UZpmrxoLG: size 33.5MB exceeds 10MB limit
Downloaded supplementary_material for 8TkNRNboyg (11.8MB) -> 8TkNRNboyg.zip
Skipping supplementary_material for 8TgzLrWgrk: size 68.9MB exceeds 10MB limit
Downloaded supplementary_material for 8RV6H50OSf (0.8MB) -> 8RV6H50OSf.zip
Downloaded supplementary_material for 8QLgyh1vHQ (0.0MB) -> 8QLgyh1vHQ.zip
Downloaded supplementary_material for 8PaDdLuVKN (0.3MB) -> 8PaDdLuVKN.zip
Downloaded supplementary_material for 8OrJvzPdUm (3.9MB) -> 8OrJvzPdUm.zip
Downloaded supplementary_material for 8OD1ymZxY9 (0.2MB) -> 8OD1ymZxY9.zip
Skipping supplementary_material for 8NXCwNjFNR: size 21.6MB exceeds 10MB limit
Downloaded supplementary_material for 8N2f6nbeUL (1.2MB) -> 8N2f6nbeUL.zip
Downloaded supplementary_material for 8LZrXh9hhL (0.1MB) -> 8LZrXh9hhL.zip
Skipping supplementary_material for 8LAc5kzjhz: size 28.7MB exceeds 10MB limit
Downloaded supplementary_material for 8L83ZbFDjk (0.5MB) -> 8L83ZbFDjk.zip
Downloaded supplementary_material for 8KeX9cW9Xa (1.5MB) -> 8KeX9cW9Xa.zip
Downloaded supplementary_material for 8K0xDNYx9Y (0.0MB) -> 8K0xDNYx9Y.zip
Downloaded supplementary_material for 8Jylj3K02W (14.2MB) -> 8Jylj3K02W.zip
Downloaded supplementary_material for 8JgaMrEw52 (0.1MB) -> 8JgaMrEw52.zip
Downloaded supplementary_material for 8H1HmGH8ua (0.0MB) -> 8H1HmGH8ua.zip
Skipping supplementary_material for 8GSpNEHYIn: size 82.3MB exceeds 10MB limit
Downloaded supplementary_material for 8FnyRB90Bg (0.0MB) -> 8FnyRB90Bg.zip
Skipping supplementary_material for 8FihPljvWf: size 39.3MB exceeds 10MB limit
Downloaded supplementary_material for 8F9aMllvWm (2.1MB) -> 8F9aMllvWm.zip
Downloaded supplementary_material for 8DxZUqYZ51 (6.3MB) -> 8DxZUqYZ51.zip
Downloaded supplementary_material for 8DCDq2pQ6c (0.4MB) -> 8DCDq2pQ6c.zip
Downloaded supplementary_material for 8CrDqURqM3 (0.4MB) -> 8CrDqURqM3.zip
Skipping supplementary_material for 8CnU2kchiw: size 39.5MB exceeds 10MB limit
Downloaded supplementary_material for 8CZshTogXk (1.8MB) -> 8CZshTogXk.zip
Downloaded supplementary_material for 8CZOn1fFvb (5.7MB) -> 8CZOn1fFvb.zip
Downloaded supplementary_material for 8B8CEDMRlN (0.0MB) -> 8B8CEDMRlN.zip
Downloaded supplementary_material for 8B1vsFiLin (1.6MB) -> 8B1vsFiLin.zip
Downloaded supplementary_material for 8AJfcafUeH (0.2MB) -> 8AJfcafUeH.zip
Downloaded supplementary_material for 8AJbbbe2ni (0.2MB) -> 8AJbbbe2ni.zip
Downloaded supplementary_material for 89gxHJkCXk (0.0MB) -> 89gxHJkCXk.zip
Downloaded supplementary_material for 89Cafo48YM (2.3MB) -> 89Cafo48YM.zip
Downloaded supplementary_material for 88ZLp7xYxw (0.0MB) -> 88ZLp7xYxw.zip
Downloaded supplementary_material for 88UhuL0QSd (0.1MB) -> 88UhuL0QSd.zip
Skipping supplementary_material for 88RKxlFUNY: size 80.2MB exceeds 10MB limit
Skipping supplementary_material for 883lVZEH6m: size 26.2MB exceeds 10MB limit
Downloaded supplementary_material for 87nlsvruui (0.0MB) -> 87nlsvruui.zip
Downloaded supplementary_material for 86N4MriK7U (0.1MB) -> 86N4MriK7U.zip
Skipping supplementary_material for 86DunY8cY5: size 53.4MB exceeds 10MB limit
Downloaded supplementary_material for 868nFW51hw (0.0MB) -> 868nFW51hw.zip
Downloaded supplementary_material for 84vy8ZomFn (0.0MB) -> 84vy8ZomFn.zip
Skipping supplementary_material for 84Av9JbTrM: size 92.7MB exceeds 10MB limit
Skipping supplementary_material for 83F6YF4Hz6: size 59.3MB exceeds 10MB limit
Downloaded supplementary_material for 82dbfUN3uf (0.0MB) -> 82dbfUN3uf.zip
Downloaded supplementary_material for 82XCBdf8G2 (0.6MB) -> 82XCBdf8G2.zip
Downloaded supplementary_material for 81mxnkcW43 (13.3MB) -> 81mxnkcW43.zip
Downloaded supplementary_material for 81dCbpP7cs (0.4MB) -> 81dCbpP7cs.zip
Skipping supplementary_material for 80vjyj5o7l: size 95.0MB exceeds 10MB limit
Skipping supplementary_material for 80vdaC5DsD: size 47.1MB exceeds 10MB limit
Downloaded supplementary_material for 80rSu6iYo0 (0.2MB) -> 80rSu6iYo0.zip
Skipping supplementary_material for 80JylHgQn1: size 94.8MB exceeds 10MB limit
Downloaded supplementary_material for 80552WurUJ (0.3MB) -> 80552WurUJ.zip
Downloaded supplementary_material for 7zm2yY5BEI (0.7MB) -> 7zm2yY5BEI.zip
Downloaded supplementary_material for 7zJThFXtxz (0.1MB) -> 7zJThFXtxz.zip
Downloaded supplementary_material for 7yYhsfQROU (0.0MB) -> 7yYhsfQROU.zip
Downloaded supplementary_material for 7xqqptZP0x (4.4MB) -> 7xqqptZP0x.zip
Downloaded supplementary_material for 7xjoTuaNmN (1.3MB) -> 7xjoTuaNmN.zip
Skipping supplementary_material for 7wjFjOzCtB: size 56.8MB exceeds 10MB limit
Downloaded supplementary_material for 7wbrFQvfdH (3.5MB) -> 7wbrFQvfdH.zip
Downloaded supplementary_material for 7wX5uL459y (7.8MB) -> 7wX5uL459y.zip
Downloaded supplementary_material for 7wDrVecfsx (3.2MB) -> 7wDrVecfsx.zip
Downloaded supplementary_material for 7vpehpWnnY (0.1MB) -> 7vpehpWnnY.zip
Downloaded supplementary_material for 7uFbs68MSI (7.1MB) -> 7uFbs68MSI.zip
Skipping supplementary_material for 7tlLpQpGlx: size 33.5MB exceeds 10MB limit
Downloaded supplementary_material for 7tcH8CeSA2 (1.8MB) -> 7tcH8CeSA2.zip
Downloaded supplementary_material for 7tAfOGcqz8 (5.9MB) -> 7tAfOGcqz8.zip
Downloaded supplementary_material for 7t0vUDDDI6 (0.5MB) -> 7t0vUDDDI6.zip
Skipping supplementary_material for 7saU0zPkpZ: size 33.5MB exceeds 10MB limit
Downloaded supplementary_material for 7s3SQMiN3L (0.0MB) -> 7s3SQMiN3L.zip
Downloaded supplementary_material for 7s0VmieMcS (13.2MB) -> 7s0VmieMcS.zip
Skipping supplementary_material for 7rvMexIZA1: size 76.0MB exceeds 10MB limit
Downloaded supplementary_material for 7ruA2rXG42 (1.8MB) -> 7ruA2rXG42.zip
Downloaded supplementary_material for 7rfdenlP1L (0.3MB) -> 7rfdenlP1L.zip
Downloaded supplementary_material for 7qNbWQTV26 (0.0MB) -> 7qNbWQTV26.zip
Downloaded supplementary_material for 7pz6luKIPw (0.0MB) -> 7pz6luKIPw.zip
Downloaded supplementary_material for 7puF5JOkKk (0.0MB) -> 7puF5JOkKk.zip
Downloaded supplementary_material for 7noPldewfE (3.8MB) -> 7noPldewfE.zip
Downloaded supplementary_material for 7n5eoDZdZ5 (0.8MB) -> 7n5eoDZdZ5.zip
Skipping supplementary_material for 7n0at94O2H: size 86.4MB exceeds 10MB limit
Skipping supplementary_material for 7mVZy4mI1J: size 21.2MB exceeds 10MB limit
Downloaded supplementary_material for 7mPpK9MelC (0.4MB) -> 7mPpK9MelC.zip
Skipping supplementary_material for 7m2Dqz9g05: size 47.0MB exceeds 10MB limit
Downloaded supplementary_material for 7m20ik88pw (1.0MB) -> 7m20ik88pw.zip
Downloaded supplementary_material for 7lzq9mMVxq (0.3MB) -> 7lzq9mMVxq.zip
Downloaded supplementary_material for 7lw6s9ELfr (4.3MB) -> 7lw6s9ELfr.zip
Downloaded supplementary_material for 7lgQernr2Z (18.2MB) -> 7lgQernr2Z.zip
Downloaded supplementary_material for 7kiL7mNrxG (3.3MB) -> 7kiL7mNrxG.zip
Downloaded supplementary_material for 7kZQsiy36f (0.0MB) -> 7kZQsiy36f.zip
Downloaded supplementary_material for 7kC8ORye4l (0.0MB) -> 7kC8ORye4l.zip
Downloaded supplementary_material for 7jXxQ9bGoU (2.8MB) -> 7jXxQ9bGoU.zip
Downloaded supplementary_material for 7j85GkcPX1 (2.6MB) -> 7j85GkcPX1.zip
Downloaded supplementary_material for 7iwqu82yOC (0.2MB) -> 7iwqu82yOC.zip
Downloaded supplementary_material for 7h2jWhnB2e (6.1MB) -> 7h2jWhnB2e.zip
Downloaded supplementary_material for 7fwd3vjipk (0.2MB) -> 7fwd3vjipk.zip
Downloaded supplementary_material for 7fn75St2Ee (0.3MB) -> 7fn75St2Ee.zip
Downloaded supplementary_material for 7etgmbZvN8 (0.2MB) -> 7etgmbZvN8.zip
Downloaded supplementary_material for 7ei1uOYUY0 (6.6MB) -> 7ei1uOYUY0.zip
Skipping supplementary_material for 7eLE4mfEpz: size 79.2MB exceeds 10MB limit
Downloaded supplementary_material for 7dTqUaY2Kl (0.0MB) -> 7dTqUaY2Kl.zip
Downloaded supplementary_material for 7cecAmjinr (0.3MB) -> 7cecAmjinr.zip
Downloaded supplementary_material for 7cMzTpbJHC (0.8MB) -> 7cMzTpbJHC.zip
Downloaded supplementary_material for 7cEMkTu7Lf (0.1MB) -> 7cEMkTu7Lf.zip
Skipping supplementary_material for 7a95PGL0Up: size 33.4MB exceeds 10MB limit
Downloaded supplementary_material for 7ZvJkafUrd (1.2MB) -> 7ZvJkafUrd.zip
Downloaded supplementary_material for 7ZqFjYzInJ (0.1MB) -> 7ZqFjYzInJ.zip
Downloaded supplementary_material for 7ZRF2ZkJpt (0.8MB) -> 7ZRF2ZkJpt.zip
Downloaded supplementary_material for 7ZD9fSljxY (0.8MB) -> 7ZD9fSljxY.zip
Skipping supplementary_material for 7Yayy5fNLg: size 22.3MB exceeds 10MB limit
Downloaded supplementary_material for 7XonwHRkTS (0.0MB) -> 7XonwHRkTS.zip
Downloaded supplementary_material for 7XIFYoRB3I (12.4MB) -> 7XIFYoRB3I.zip
Downloaded supplementary_material for 7WLtbB0pay (0.2MB) -> 7WLtbB0pay.zip
Downloaded supplementary_material for 7W2w6pPvGA (12.3MB) -> 7W2w6pPvGA.zip
Skipping supplementary_material for 7VEECFBzmm: size 82.0MB exceeds 10MB limit
Skipping supplementary_material for 7TlCUD2tQI: size 35.7MB exceeds 10MB limit
Skipping supplementary_material for 7Sph4KyeYO: size 75.6MB exceeds 10MB limit
Skipping supplementary_material for 7SkGH9yW3s: size 43.7MB exceeds 10MB limit
Skipping supplementary_material for 7SgSMKM2KF: size 21.4MB exceeds 10MB limit
Downloaded supplementary_material for 7RyvWhdiqp (14.0MB) -> 7RyvWhdiqp.zip
Skipping supplementary_material for 7Rsswlh58w: size 23.8MB exceeds 10MB limit
Downloaded supplementary_material for 7Rfyx8EZea (0.7MB) -> 7Rfyx8EZea.zip
Downloaded supplementary_material for 7R8ohzWB4i (0.5MB) -> 7R8ohzWB4i.zip
Downloaded supplementary_material for 7QtKdabBP9 (17.8MB) -> 7QtKdabBP9.zip
Downloaded supplementary_material for 7QlJcWwd14 (2.2MB) -> 7QlJcWwd14.zip
Downloaded supplementary_material for 7QjQ1mpNMX (6.4MB) -> 7QjQ1mpNMX.zip
Downloaded supplementary_material for 7QZanjCD6M (8.5MB) -> 7QZanjCD6M.zip
Skipping supplementary_material for 7QVxGhSPYy: size 40.0MB exceeds 10MB limit
Skipping supplementary_material for 7QFf05KrOm: size 23.4MB exceeds 10MB limit
Downloaded supplementary_material for 7PORoDlSS4 (3.2MB) -> 7PORoDlSS4.zip
Downloaded supplementary_material for 7OT8OUhOFb (8.7MB) -> 7OT8OUhOFb.zip
Downloaded supplementary_material for 7NsfPL57mm (0.1MB) -> 7NsfPL57mm.zip
Downloaded supplementary_material for 7NlTuZcP99 (0.4MB) -> 7NlTuZcP99.zip
Downloaded supplementary_material for 7M6ryCABIc (2.6MB) -> 7M6ryCABIc.zip
Skipping supplementary_material for 7L7kmHHfgf: size 28.5MB exceeds 10MB limit
Downloaded supplementary_material for 7K8mS5QNkf (3.6MB) -> 7K8mS5QNkf.zip
Downloaded supplementary_material for 7JRNqfeWGM (5.3MB) -> 7JRNqfeWGM.zip
Downloaded supplementary_material for 7Izu4XMELq (0.2MB) -> 7Izu4XMELq.zip
Downloaded supplementary_material for 7GRhavWDoi (0.6MB) -> 7GRhavWDoi.zip
Downloaded supplementary_material for 7GP64w3K4E (0.3MB) -> 7GP64w3K4E.zip
Skipping supplementary_material for 7FNcl66rFi: size 51.9MB exceeds 10MB limit
Failed to download supplementary_material for 7FM0GBFhe5: ('Connection broken: IncompleteRead(73474048 bytes read, 16261721 more expected)', IncompleteRead(73474048 bytes read, 16261721 more expected))
Skipping supplementary_material for 7F2G3rJGOa: size 59.2MB exceeds 10MB limit
Skipping supplementary_material for 7EYYMXYDkL: size 64.7MB exceeds 10MB limit
Skipping supplementary_material for 7BZuePfFci: size 88.7MB exceeds 10MB limit
Downloaded supplementary_material for 7AXP2RYw2N (1.0MB) -> 7AXP2RYw2N.zip
Downloaded supplementary_material for 79wzDmy6nc (0.7MB) -> 79wzDmy6nc.zip
Downloaded supplementary_material for 79uLTCNMpJ (0.0MB) -> 79uLTCNMpJ.zip
Downloaded supplementary_material for 79uB5YFoMj (1.9MB) -> 79uB5YFoMj.zip
Downloaded supplementary_material for 79qDPs7y8E (0.0MB) -> 79qDPs7y8E.zip
Downloaded supplementary_material for 79BOATBal9 (0.7MB) -> 79BOATBal9.zip
Downloaded supplementary_material for 78zWToSUKj (0.1MB) -> 78zWToSUKj.zip
Downloaded supplementary_material for 78glEsQB0v (0.7MB) -> 78glEsQB0v.zip
Downloaded supplementary_material for 78WdKlYSeO (0.1MB) -> 78WdKlYSeO.zip
Downloaded supplementary_material for 786oOfRVXO (0.0MB) -> 786oOfRVXO.zip
Downloaded supplementary_material for 77VCQs9VSU (0.0MB) -> 77VCQs9VSU.zip
Downloaded supplementary_material for 771P34sqnn (0.0MB) -> 771P34sqnn.zip
Downloaded supplementary_material for 767aZTpsIl (0.2MB) -> 767aZTpsIl.zip
Skipping supplementary_material for 75ce9hnKne: size 72.7MB exceeds 10MB limit
Downloaded supplementary_material for 750tza3sGf (0.1MB) -> 750tza3sGf.zip
Downloaded supplementary_material for 74aPGu5etg (0.0MB) -> 74aPGu5etg.zip
Downloaded supplementary_material for 748bHL2BAv (0.1MB) -> 748bHL2BAv.zip
Downloaded supplementary_material for 73J3hsato3 (9.8MB) -> 73J3hsato3.zip
Downloaded supplementary_material for 73HAQ9K9Ar (7.6MB) -> 73HAQ9K9Ar.zip
Skipping supplementary_material for 72xWFIzG15: size 95.3MB exceeds 10MB limit
Downloaded supplementary_material for 72b05slV0s (0.1MB) -> 72b05slV0s.zip
💾 Saved chunk: 35 (500 papers)
Downloaded supplementary_material for 72TdQJ4kkM (0.0MB) -> 72TdQJ4kkM.zip
Skipping supplementary_material for 72TN9UAtNI: size 53.5MB exceeds 10MB limit
Downloaded supplementary_material for 72MtmxbDT7 (17.4MB) -> 72MtmxbDT7.zip
Downloaded supplementary_material for 71iwUe98cI (0.4MB) -> 71iwUe98cI.zip
Downloaded supplementary_material for 71GdLqicyH (0.7MB) -> 71GdLqicyH.zip
Downloaded supplementary_material for 713ywmTZHv (1.4MB) -> 713ywmTZHv.zip
Skipping supplementary_material for 70n4clRSTj: size 91.1MB exceeds 10MB limit
Downloaded supplementary_material for 70fI4ptT4b (0.0MB) -> 70fI4ptT4b.zip
Downloaded supplementary_material for 6zZGNJRO56 (9.2MB) -> 6zZGNJRO56.zip
Downloaded supplementary_material for 6zNODYRJvI (1.2MB) -> 6zNODYRJvI.zip
Skipping supplementary_material for 6ycBM1nsS3: size 35.5MB exceeds 10MB limit
Downloaded supplementary_material for 6yCZEruFu9 (0.0MB) -> 6yCZEruFu9.zip
Downloaded supplementary_material for 6xMqzn2SN8 (0.5MB) -> 6xMqzn2SN8.zip
Downloaded supplementary_material for 6xLTuBFR5D (1.6MB) -> 6xLTuBFR5D.zip
Downloaded supplementary_material for 6wA4qpyyU9 (0.1MB) -> 6wA4qpyyU9.zip
Skipping supplementary_material for 6vX0LH9Yt7: size 71.6MB exceeds 10MB limit
Downloaded supplementary_material for 6vIc5PdqQV (0.2MB) -> 6vIc5PdqQV.zip
Downloaded supplementary_material for 6tumuDYeny (0.3MB) -> 6tumuDYeny.zip
Downloaded supplementary_material for 6t9YPOZH0w (6.7MB) -> 6t9YPOZH0w.zip
Downloaded supplementary_material for 6sQ6xuxleA (0.0MB) -> 6sQ6xuxleA.zip
Skipping supplementary_material for 6rz7VyAatm: size 25.8MB exceeds 10MB limit
Downloaded supplementary_material for 6rvpzYGNOn (0.9MB) -> 6rvpzYGNOn.zip
Downloaded supplementary_material for 6rm4ZC1nnP (0.1MB) -> 6rm4ZC1nnP.zip
Skipping supplementary_material for 6rCsaBOQON: size 51.6MB exceeds 10MB limit
Downloaded supplementary_material for 6qWUjiKVL5 (0.0MB) -> 6qWUjiKVL5.zip
Skipping supplementary_material for 6pHsT7rLJN: size 28.7MB exceeds 10MB limit
Downloaded supplementary_material for 6p9n68cxGM (10.0MB) -> 6p9n68cxGM.zip
Downloaded supplementary_material for 6oiqYdYFn8 (0.2MB) -> 6oiqYdYFn8.zip
Downloaded supplementary_material for 6nZKT2rL0H (8.3MB) -> 6nZKT2rL0H.zip
Downloaded supplementary_material for 6nDj75cbgH (0.5MB) -> 6nDj75cbgH.zip
Downloaded supplementary_material for 6mpv9kG81P (3.3MB) -> 6mpv9kG81P.zip
Downloaded supplementary_material for 6mLdrpaoRI (0.7MB) -> 6mLdrpaoRI.zip
Downloaded supplementary_material for 6lobo2PXdl (3.5MB) -> 6lobo2PXdl.zip
Skipping supplementary_material for 6lEjX1getx: size 70.5MB exceeds 10MB limit
Skipping supplementary_material for 6kXeg0Ujys: size 54.9MB exceeds 10MB limit
Skipping supplementary_material for 6jzadKYz3W: size 21.9MB exceeds 10MB limit
Downloaded supplementary_material for 6jnjGE2Pac (5.3MB) -> 6jnjGE2Pac.zip
Downloaded supplementary_material for 6jThckejtL (15.0MB) -> 6jThckejtL.zip
Downloaded supplementary_material for 6iZO20TrjG (0.0MB) -> 6iZO20TrjG.zip
Downloaded supplementary_material for 6i6cuKURtr (0.0MB) -> 6i6cuKURtr.zip
Downloaded supplementary_material for 6i1jVAYbHs (0.1MB) -> 6i1jVAYbHs.zip
Downloaded supplementary_material for 6hnjZMWICE (0.8MB) -> 6hnjZMWICE.zip
Downloaded supplementary_material for 6hdzuMTNmX (0.9MB) -> 6hdzuMTNmX.zip
Downloaded supplementary_material for 6hA88VcPsE (3.8MB) -> 6hA88VcPsE.zip
Downloaded supplementary_material for 6fsOkjGGUz (18.8MB) -> 6fsOkjGGUz.zip
Downloaded supplementary_material for 6fibgdyZVI (14.7MB) -> 6fibgdyZVI.zip
Downloaded supplementary_material for 6fHZR6uxNa (0.4MB) -> 6fHZR6uxNa.zip
Downloaded supplementary_material for 6fD38Rnmwu (0.1MB) -> 6fD38Rnmwu.zip
Downloaded supplementary_material for 6f8qlK7wN4 (9.8MB) -> 6f8qlK7wN4.zip
Downloaded supplementary_material for 6ezbdRe90k (1.0MB) -> 6ezbdRe90k.zip
Downloaded supplementary_material for 6eqyiE3Uu1 (5.3MB) -> 6eqyiE3Uu1.zip
Downloaded supplementary_material for 6en51gFQT1 (12.7MB) -> 6en51gFQT1.zip
Skipping supplementary_material for 6ekx5J6mnK: size 82.6MB exceeds 10MB limit
Downloaded supplementary_material for 6dyJj5a6FW (0.0MB) -> 6dyJj5a6FW.zip
Skipping supplementary_material for 6cHUf3Dnxr: size 25.8MB exceeds 10MB limit
Downloaded supplementary_material for 6c2h6mZVfu (1.4MB) -> 6c2h6mZVfu.zip
Downloaded supplementary_material for 6bvAX4PPdG (0.0MB) -> 6bvAX4PPdG.zip
Downloaded supplementary_material for 6bthH14pD8 (0.6MB) -> 6bthH14pD8.zip
Downloaded supplementary_material for 6bt4Ej7tO7 (3.9MB) -> 6bt4Ej7tO7.zip
Downloaded supplementary_material for 6b2StKRZ1H (15.1MB) -> 6b2StKRZ1H.zip
Downloaded supplementary_material for 6arSyD3rJe (0.0MB) -> 6arSyD3rJe.zip
Downloaded supplementary_material for 6akKsczEYY (0.5MB) -> 6akKsczEYY.zip
Downloaded supplementary_material for 6aZxHDw163 (7.0MB) -> 6aZxHDw163.zip
Downloaded supplementary_material for 6a2CJrizrh (3.5MB) -> 6a2CJrizrh.zip
Downloaded supplementary_material for 6ZmmgRpzeR (0.0MB) -> 6ZmmgRpzeR.zip
Downloaded supplementary_material for 6ZietpbPoB (0.1MB) -> 6ZietpbPoB.zip
Downloaded supplementary_material for 6ZfviSf3Mu (3.5MB) -> 6ZfviSf3Mu.zip
Downloaded supplementary_material for 6ZZzta9lRx (8.5MB) -> 6ZZzta9lRx.zip
Skipping supplementary_material for 6ZTcLNmguc: size 41.4MB exceeds 10MB limit
Skipping supplementary_material for 6YNUdnFe3v: size 89.7MB exceeds 10MB limit
Downloaded supplementary_material for 6YMFsGFabM (0.0MB) -> 6YMFsGFabM.zip
Downloaded supplementary_material for 6XpSwo3ZCe (0.6MB) -> 6XpSwo3ZCe.zip
Downloaded supplementary_material for 6XoyxxAfv3 (0.0MB) -> 6XoyxxAfv3.zip
Downloaded supplementary_material for 6XdUI9Cibc (2.3MB) -> 6XdUI9Cibc.zip
Downloaded supplementary_material for 6XATUsHIu0 (11.2MB) -> 6XATUsHIu0.zip
Downloaded supplementary_material for 6WsBGk4Iag (0.0MB) -> 6WsBGk4Iag.zip
Downloaded supplementary_material for 6Wkh0mwzwH (0.1MB) -> 6Wkh0mwzwH.zip
Skipping supplementary_material for 6WGLc72ljG: size 32.6MB exceeds 10MB limit
Skipping supplementary_material for 6VqCOnTVXa: size 22.6MB exceeds 10MB limit
Downloaded supplementary_material for 6UDRtcScwO (2.3MB) -> 6UDRtcScwO.zip
Skipping supplementary_material for 6TwQVKNnYy: size 27.5MB exceeds 10MB limit
Skipping supplementary_material for 6T3wJQhvc3: size 59.0MB exceeds 10MB limit
Downloaded supplementary_material for 6SldMYKw98 (14.4MB) -> 6SldMYKw98.zip
Downloaded supplementary_material for 6SjmpmVKS2 (2.3MB) -> 6SjmpmVKS2.zip
Downloaded supplementary_material for 6RMeoRAfBk (0.0MB) -> 6RMeoRAfBk.zip
Downloaded supplementary_material for 6Qc6sO1jh9 (0.2MB) -> 6Qc6sO1jh9.zip
Downloaded supplementary_material for 6QMQGi9iw9 (0.5MB) -> 6QMQGi9iw9.zip
Downloaded supplementary_material for 6QDFsYxtI1 (0.2MB) -> 6QDFsYxtI1.zip
Downloaded supplementary_material for 6PzGc6bWPc (0.1MB) -> 6PzGc6bWPc.zip
Downloaded supplementary_material for 6PkiUAcTWF (0.1MB) -> 6PkiUAcTWF.zip
Downloaded supplementary_material for 6PTdDAgakU (0.7MB) -> 6PTdDAgakU.zip
Downloaded supplementary_material for 6P3JxS3Pfl (0.3MB) -> 6P3JxS3Pfl.zip
Downloaded supplementary_material for 6OxvdqP6RH (1.2MB) -> 6OxvdqP6RH.zip
Downloaded supplementary_material for 6N2qFixxYZ (7.0MB) -> 6N2qFixxYZ.zip
Downloaded supplementary_material for 6LA7KDjNsy (0.2MB) -> 6LA7KDjNsy.zip
Downloaded supplementary_material for 6L8fgclOTS (14.5MB) -> 6L8fgclOTS.zip
Downloaded supplementary_material for 6L3yCjx9s3 (0.7MB) -> 6L3yCjx9s3.zip
Downloaded supplementary_material for 6Kfbi3ngT1 (1.1MB) -> 6Kfbi3ngT1.zip
Skipping supplementary_material for 6KeQR225Hw: size 89.6MB exceeds 10MB limit
Skipping supplementary_material for 6K08FPo2cf: size 56.3MB exceeds 10MB limit
Skipping supplementary_material for 6J6yU6n5Bp: size 20.9MB exceeds 10MB limit
Skipping supplementary_material for 6J6Fbju95Q: size 69.5MB exceeds 10MB limit
Downloaded supplementary_material for 6IZAOTfXUT (0.0MB) -> 6IZAOTfXUT.zip
Downloaded supplementary_material for 6I9yjRTfuT (6.3MB) -> 6I9yjRTfuT.zip
Skipping supplementary_material for 6GWYvfsfgg: size 28.6MB exceeds 10MB limit
Downloaded supplementary_material for 6GKn8DBmgm (9.9MB) -> 6GKn8DBmgm.zip
Skipping supplementary_material for 6GEl9LPMHz: size 20.7MB exceeds 10MB limit
Downloaded supplementary_material for 6Eg9Y3zSfA (1.2MB) -> 6Eg9Y3zSfA.zip
Downloaded supplementary_material for 6EDpNDns1i (0.4MB) -> 6EDpNDns1i.zip
Downloaded supplementary_material for 6DdkSELUh0 (0.0MB) -> 6DdkSELUh0.zip
Skipping supplementary_material for 6D5Odqol1B: size 75.6MB exceeds 10MB limit
Skipping supplementary_material for 6CaB4gAZwc: size 48.7MB exceeds 10MB limit
Downloaded supplementary_material for 6BhduwrCp3 (0.1MB) -> 6BhduwrCp3.zip
Downloaded supplementary_material for 6B2zZ8EjHG (13.5MB) -> 6B2zZ8EjHG.zip
Downloaded supplementary_material for 6AhDxoT6rq (0.0MB) -> 6AhDxoT6rq.zip
Downloaded supplementary_material for 69mFD2J9rg (1.4MB) -> 69mFD2J9rg.zip
Skipping supplementary_material for 69ah30zkIO: size 36.7MB exceeds 10MB limit
Downloaded supplementary_material for 68TggRP3Bb (3.5MB) -> 68TggRP3Bb.zip
Downloaded supplementary_material for 68M8vHVH8j (3.8MB) -> 68M8vHVH8j.zip
Downloaded supplementary_material for 68FgdHQvJH (1.0MB) -> 68FgdHQvJH.zip
Downloaded supplementary_material for 68DGlhlvD9 (0.5MB) -> 68DGlhlvD9.zip
Downloaded supplementary_material for 67KERrQ3id (8.4MB) -> 67KERrQ3id.zip
Downloaded supplementary_material for 66h1sCMm7F (0.5MB) -> 66h1sCMm7F.zip
Downloaded supplementary_material for 66VOAHVLv6 (0.2MB) -> 66VOAHVLv6.zip
Skipping supplementary_material for 65iJEaVixf: size 24.7MB exceeds 10MB limit
Downloaded supplementary_material for 65ayMQAzlS (0.0MB) -> 65ayMQAzlS.zip
Downloaded supplementary_material for 64f8NQ9Ptj (0.8MB) -> 64f8NQ9Ptj.zip
Downloaded supplementary_material for 64PMEKVZP1 (0.1MB) -> 64PMEKVZP1.zip
Downloaded supplementary_material for 64Ea2Dx0JJ (15.6MB) -> 64Ea2Dx0JJ.zip
Downloaded supplementary_material for 63rRQn8d4I (0.0MB) -> 63rRQn8d4I.zip
Downloaded supplementary_material for 62uxwRcvGr (0.1MB) -> 62uxwRcvGr.zip
Downloaded supplementary_material for 62nHvQRfaw (0.0MB) -> 62nHvQRfaw.zip
Skipping supplementary_material for 61ZKpUeOIw: size 88.9MB exceeds 10MB limit
Downloaded supplementary_material for 60A7rfvJO5 (0.2MB) -> 60A7rfvJO5.zip
Skipping supplementary_material for 601vEMLqie: size 84.0MB exceeds 10MB limit
Downloaded supplementary_material for 5yPP238v4c (7.5MB) -> 5yPP238v4c.zip
Downloaded supplementary_material for 5wLWPLbE5B (8.5MB) -> 5wLWPLbE5B.zip
Downloaded supplementary_material for 5vk1wPDbpk (0.0MB) -> 5vk1wPDbpk.zip
Downloaded supplementary_material for 5txkAwKd12 (0.0MB) -> 5txkAwKd12.zip
Downloaded supplementary_material for 5teUb96ZsF (0.0MB) -> 5teUb96ZsF.zip
Downloaded supplementary_material for 5tdICOjjwI (3.6MB) -> 5tdICOjjwI.zip
Downloaded supplementary_material for 5sLaujF45C (0.0MB) -> 5sLaujF45C.zip
Downloaded supplementary_material for 5qu1Sr7tdC (3.6MB) -> 5qu1Sr7tdC.zip
Downloaded supplementary_material for 5qd7V5TNGV (15.0MB) -> 5qd7V5TNGV.zip
Skipping supplementary_material for 5owXQrvnl2: size 40.7MB exceeds 10MB limit
Skipping supplementary_material for 5o9uKo2Wol: size 73.8MB exceeds 10MB limit
Skipping supplementary_material for 5neiC4vYxV: size 88.2MB exceeds 10MB limit
Skipping supplementary_material for 5majEbTAZa: size 94.7MB exceeds 10MB limit
Skipping supplementary_material for 5llEo7Hx1k: size 75.5MB exceeds 10MB limit
Skipping supplementary_material for 5kPJ0sN2d6: size 30.8MB exceeds 10MB limit
Downloaded supplementary_material for 5jkzTzV5Ao (0.0MB) -> 5jkzTzV5Ao.zip
Skipping supplementary_material for 5ifuK3PRia: size 28.4MB exceeds 10MB limit
Downloaded supplementary_material for 5hrCwqnBng (5.7MB) -> 5hrCwqnBng.zip
Skipping supplementary_material for 5gLUzPYBv4: size 52.6MB exceeds 10MB limit
Skipping supplementary_material for 5ft8vd9rwc: size 52.7MB exceeds 10MB limit
Downloaded supplementary_material for 5fN48w1lhy (9.8MB) -> 5fN48w1lhy.zip
Skipping supplementary_material for 5eqbDG2rKZ: size 37.5MB exceeds 10MB limit
Downloaded supplementary_material for 5ebDXlue3d (2.1MB) -> 5ebDXlue3d.zip
Skipping supplementary_material for 5eFCw1LSIi: size 75.0MB exceeds 10MB limit
Downloaded supplementary_material for 5doZa7g4XL (14.0MB) -> 5doZa7g4XL.zip
Downloaded supplementary_material for 5dUaPi6x9o (0.4MB) -> 5dUaPi6x9o.zip
Downloaded supplementary_material for 5d7prMWHNF (0.0MB) -> 5d7prMWHNF.zip
Downloaded supplementary_material for 5d1M87NQDq (10.1MB) -> 5d1M87NQDq.zip
Downloaded supplementary_material for 5bxmmuRhO6 (0.1MB) -> 5bxmmuRhO6.zip
Downloaded supplementary_material for 5bkAbueJwM (0.3MB) -> 5bkAbueJwM.zip
Downloaded supplementary_material for 5bfUqlOhAH (1.0MB) -> 5bfUqlOhAH.zip
Downloaded supplementary_material for 5bLkvx3rHR (1.4MB) -> 5bLkvx3rHR.zip
Downloaded supplementary_material for 5bJZtzTFYy (0.9MB) -> 5bJZtzTFYy.zip
Downloaded supplementary_material for 5a8HKUk3Yz (0.3MB) -> 5a8HKUk3Yz.zip
Downloaded supplementary_material for 5a2cUmjoKa (0.0MB) -> 5a2cUmjoKa.zip
Skipping supplementary_material for 5Yz9477jtu: size 38.0MB exceeds 10MB limit
Downloaded supplementary_material for 5YXccEP6uc (0.5MB) -> 5YXccEP6uc.zip
Downloaded supplementary_material for 5YRmf6GbNs (0.0MB) -> 5YRmf6GbNs.zip
Skipping supplementary_material for 5YP10Otu4U: size 22.7MB exceeds 10MB limit
Downloaded supplementary_material for 5Y8PMEeAkv (0.0MB) -> 5Y8PMEeAkv.zip
Downloaded supplementary_material for 5Xwm8e6vbh (0.2MB) -> 5Xwm8e6vbh.zip
Skipping supplementary_material for 5XvwXzPRE5: size 21.7MB exceeds 10MB limit
Downloaded supplementary_material for 5XixaecZ8W (3.3MB) -> 5XixaecZ8W.zip
Downloaded supplementary_material for 5XfxEQ2SCt (4.6MB) -> 5XfxEQ2SCt.zip
Downloaded supplementary_material for 5XNnnbEcu5 (0.0MB) -> 5XNnnbEcu5.zip
Downloaded supplementary_material for 5WHpJmo1W1 (0.0MB) -> 5WHpJmo1W1.zip
Downloaded supplementary_material for 5VTzlQWyZ9 (0.1MB) -> 5VTzlQWyZ9.zip
Downloaded supplementary_material for 5UrPAW3uI1 (0.3MB) -> 5UrPAW3uI1.zip
Skipping supplementary_material for 5UbeQDlYDj: size 60.6MB exceeds 10MB limit
Downloaded supplementary_material for 5TlJxG9xbR (10.6MB) -> 5TlJxG9xbR.zip
Downloaded supplementary_material for 5T1vMQldr8 (0.0MB) -> 5T1vMQldr8.zip
💾 Saved chunk: 36 (500 papers)
Skipping supplementary_material for 5T0BXtJxzN: size 51.5MB exceeds 10MB limit
Skipping supplementary_material for 5SkSnAo2Zs: size 29.3MB exceeds 10MB limit
Downloaded supplementary_material for 5SQbPbCU6P (3.1MB) -> 5SQbPbCU6P.zip
Downloaded supplementary_material for 5Rs6MpXD7D (10.3MB) -> 5Rs6MpXD7D.zip
Downloaded supplementary_material for 5Rgn6x9jGn (0.4MB) -> 5Rgn6x9jGn.zip
Downloaded supplementary_material for 5QD0VZdH2Z (1.2MB) -> 5QD0VZdH2Z.zip
Skipping supplementary_material for 5PxFqpIYWC: size 53.2MB exceeds 10MB limit
Downloaded supplementary_material for 5Pnk2W5ma9 (0.1MB) -> 5Pnk2W5ma9.zip
Downloaded supplementary_material for 5PY8HR2Zz6 (0.6MB) -> 5PY8HR2Zz6.zip
Downloaded supplementary_material for 5O4YK4eUeT (0.3MB) -> 5O4YK4eUeT.zip
Downloaded supplementary_material for 5NpCMdGy1A (0.1MB) -> 5NpCMdGy1A.zip
Downloaded supplementary_material for 5MyDW1hzL9 (1.2MB) -> 5MyDW1hzL9.zip
Downloaded supplementary_material for 5MOGAO0YXd (17.3MB) -> 5MOGAO0YXd.zip
Skipping supplementary_material for 5M1YOW3bRq: size 28.8MB exceeds 10MB limit
Downloaded supplementary_material for 5LqRmRAjoX (1.4MB) -> 5LqRmRAjoX.zip
Downloaded supplementary_material for 5Kko8emAEz (3.9MB) -> 5Kko8emAEz.zip
Downloaded supplementary_material for 5K1FG92m5s (1.0MB) -> 5K1FG92m5s.zip
Downloaded supplementary_material for 5Iwj0WW1vT (0.0MB) -> 5Iwj0WW1vT.zip
Downloaded supplementary_material for 5IqvMNQaUg (3.3MB) -> 5IqvMNQaUg.zip
Downloaded supplementary_material for 5IHuwRwMHK (0.1MB) -> 5IHuwRwMHK.zip
Downloaded supplementary_material for 5HzrYMUlRd (0.0MB) -> 5HzrYMUlRd.zip
Downloaded supplementary_material for 5HaRjXai12 (1.6MB) -> 5HaRjXai12.zip
Skipping supplementary_material for 5H8kxW0Efk: size 53.8MB exceeds 10MB limit
Skipping supplementary_material for 5Gtd4LOOZx: size 37.1MB exceeds 10MB limit
Downloaded supplementary_material for 5GsW2c7Y84 (0.1MB) -> 5GsW2c7Y84.zip
Skipping supplementary_material for 5GVfneFvhq: size 56.0MB exceeds 10MB limit
Downloaded supplementary_material for 5FOYGNXRNc (9.2MB) -> 5FOYGNXRNc.zip
Downloaded supplementary_material for 5FAUpLjndj (0.1MB) -> 5FAUpLjndj.zip
Downloaded supplementary_material for 5F93RfQ12T (7.0MB) -> 5F93RfQ12T.zip
Downloaded supplementary_material for 5F2XfLe7An (3.5MB) -> 5F2XfLe7An.zip
Downloaded supplementary_material for 5EqAAgBMWZ (0.0MB) -> 5EqAAgBMWZ.zip
Downloaded supplementary_material for 5EmpOCq1Ql (0.0MB) -> 5EmpOCq1Ql.zip
Downloaded supplementary_material for 5ENCXZyQCK (0.0MB) -> 5ENCXZyQCK.zip
Downloaded supplementary_material for 5EKY1epoff (4.6MB) -> 5EKY1epoff.zip
Skipping supplementary_material for 5EDWoVfmDH: size 22.1MB exceeds 10MB limit
Downloaded supplementary_material for 5DpzzTPnJZ (0.1MB) -> 5DpzzTPnJZ.zip
Downloaded supplementary_material for 5BaWkkZ24s (0.1MB) -> 5BaWkkZ24s.zip
Downloaded supplementary_material for 5BS1VPlzBR (0.2MB) -> 5BS1VPlzBR.zip
Skipping supplementary_material for 5AXO7z4XLz: size 57.0MB exceeds 10MB limit
Downloaded supplementary_material for 5APgTKsnx8 (4.0MB) -> 5APgTKsnx8.zip
Downloaded supplementary_material for 59X3Z8EaZK (2.3MB) -> 59X3Z8EaZK.zip
Downloaded supplementary_material for 59OJOgKLzN (0.5MB) -> 59OJOgKLzN.zip
Downloaded supplementary_material for 59JnUG1oOT (0.0MB) -> 59JnUG1oOT.zip
Downloaded supplementary_material for 583uc6qAGx (0.0MB) -> 583uc6qAGx.zip
Downloaded supplementary_material for 57YfUhcYXd (0.4MB) -> 57YfUhcYXd.zip
Downloaded supplementary_material for 57THeGgNAN (0.9MB) -> 57THeGgNAN.zip
Downloaded supplementary_material for 57IXIg6nZ0 (2.5MB) -> 57IXIg6nZ0.zip
Downloaded supplementary_material for 57Fx3Ck4ot (1.1MB) -> 57Fx3Ck4ot.zip
Downloaded supplementary_material for 57EwidOnSf (7.5MB) -> 57EwidOnSf.zip
Downloaded supplementary_material for 55oAbWpTcO (0.7MB) -> 55oAbWpTcO.zip
Downloaded supplementary_material for 55laGcPNZZ (0.2MB) -> 55laGcPNZZ.zip
Downloaded supplementary_material for 55K9BdoOlo (7.2MB) -> 55K9BdoOlo.zip
Skipping supplementary_material for 54fRCbXKwS: size 51.5MB exceeds 10MB limit
Skipping supplementary_material for 54U3XHf7qq: size 90.9MB exceeds 10MB limit
Downloaded supplementary_material for 54BPFBsT2p (0.4MB) -> 54BPFBsT2p.zip
Downloaded supplementary_material for 540Bsw9Yu8 (0.2MB) -> 540Bsw9Yu8.zip
Downloaded supplementary_material for 53eIDko6N5 (3.0MB) -> 53eIDko6N5.zip
Downloaded supplementary_material for 52oPWsb5a7 (10.3MB) -> 52oPWsb5a7.zip
Downloaded supplementary_material for 52c4trAbmd (0.0MB) -> 52c4trAbmd.zip
Skipping supplementary_material for 51pcTCVQ90: size 49.4MB exceeds 10MB limit
Skipping supplementary_material for 51LIRzF53v: size 25.1MB exceeds 10MB limit
Skipping supplementary_material for 51JEkjP0gF: size 55.2MB exceeds 10MB limit
Skipping supplementary_material for 51Fr7zIA87: size 51.5MB exceeds 10MB limit
Downloaded supplementary_material for 50UD0y2CVP (0.8MB) -> 50UD0y2CVP.zip
Downloaded supplementary_material for 4zrxudTpzn (0.1MB) -> 4zrxudTpzn.zip
Downloaded supplementary_material for 4z7tMSzQET (0.0MB) -> 4z7tMSzQET.zip
Downloaded supplementary_material for 4ytkUWB5GB (0.7MB) -> 4ytkUWB5GB.zip
Downloaded supplementary_material for 4yJDbVBQnX (0.0MB) -> 4yJDbVBQnX.zip
Downloaded supplementary_material for 4xjkRxcYHV (0.0MB) -> 4xjkRxcYHV.zip
Downloaded supplementary_material for 4xPmlk3Zcg (0.1MB) -> 4xPmlk3Zcg.zip
Downloaded supplementary_material for 4xPYLcR0I0 (0.0MB) -> 4xPYLcR0I0.zip
Skipping supplementary_material for 4voMNlRWI7: size 78.8MB exceeds 10MB limit
Downloaded supplementary_material for 4vmm8mlHkS (0.1MB) -> 4vmm8mlHkS.zip
Downloaded supplementary_material for 4vbGn46Bg5 (0.0MB) -> 4vbGn46Bg5.zip
Downloaded supplementary_material for 4vTWdcUobG (0.6MB) -> 4vTWdcUobG.zip
Downloaded supplementary_material for 4uPyOCeN6U (1.2MB) -> 4uPyOCeN6U.zip
Downloaded supplementary_material for 4tyzaAPFMp (5.2MB) -> 4tyzaAPFMp.zip
Downloaded supplementary_material for 4txVmLyDub (0.0MB) -> 4txVmLyDub.zip
Downloaded supplementary_material for 4tlbxaPiXy (1.6MB) -> 4tlbxaPiXy.zip
Downloaded supplementary_material for 4tFOGcnGUd (0.4MB) -> 4tFOGcnGUd.zip
Downloaded supplementary_material for 4t51qDeEq7 (0.0MB) -> 4t51qDeEq7.zip
Downloaded supplementary_material for 4srk2cxr30 (2.7MB) -> 4srk2cxr30.zip
Downloaded supplementary_material for 4smJ6zY7vy (0.9MB) -> 4smJ6zY7vy.zip
Skipping supplementary_material for 4qzHEswjzv: size 61.2MB exceeds 10MB limit
Downloaded supplementary_material for 4qj7qO1fTJ (8.5MB) -> 4qj7qO1fTJ.zip
Downloaded supplementary_material for 4ogYQanXBR (0.4MB) -> 4ogYQanXBR.zip
Downloaded supplementary_material for 4o7Z0DDCEO (0.1MB) -> 4o7Z0DDCEO.zip
Downloaded supplementary_material for 4napHTyx0U (7.6MB) -> 4napHTyx0U.zip
Downloaded supplementary_material for 4nNiYesW6K (0.0MB) -> 4nNiYesW6K.zip
Skipping supplementary_material for 4mOyMTmTD4: size 71.7MB exceeds 10MB limit
Downloaded supplementary_material for 4m7Vkchn99 (0.4MB) -> 4m7Vkchn99.zip
Downloaded supplementary_material for 4luF2gypVw (0.0MB) -> 4luF2gypVw.zip
Downloaded supplementary_material for 4lUoPAXrCe (8.7MB) -> 4lUoPAXrCe.zip
Downloaded supplementary_material for 4lAocDKU1A (0.2MB) -> 4lAocDKU1A.zip
Downloaded supplementary_material for 4lAQBVU2Za (0.0MB) -> 4lAQBVU2Za.zip
Skipping supplementary_material for 4kxXPeVnzs: size 54.1MB exceeds 10MB limit
Skipping supplementary_material for 4kp8SxCgHw: size 26.5MB exceeds 10MB limit
Skipping supplementary_material for 4jcnded6fA: size 60.0MB exceeds 10MB limit
Downloaded supplementary_material for 4jECZ8epaB (0.0MB) -> 4jECZ8epaB.zip
Downloaded supplementary_material for 4iu9Lj0Ist (1.3MB) -> 4iu9Lj0Ist.zip
Downloaded supplementary_material for 4itprlvbRQ (16.6MB) -> 4itprlvbRQ.zip
Downloaded supplementary_material for 4iWwif5C9U (0.0MB) -> 4iWwif5C9U.zip
Downloaded supplementary_material for 4hXoo5MhxZ (2.3MB) -> 4hXoo5MhxZ.zip
Downloaded supplementary_material for 4hKNGmjXVQ (0.3MB) -> 4hKNGmjXVQ.zip
Skipping supplementary_material for 4fm4Rc5fUK: size 88.9MB exceeds 10MB limit
Downloaded supplementary_material for 4fSAi5zFCu (0.0MB) -> 4fSAi5zFCu.zip
Downloaded supplementary_material for 4fOGZWupMM (0.1MB) -> 4fOGZWupMM.zip
Downloaded supplementary_material for 4f4gzyD2Av (2.1MB) -> 4f4gzyD2Av.zip
Downloaded supplementary_material for 4eiydaPgEA (9.1MB) -> 4eiydaPgEA.zip
Downloaded supplementary_material for 4eZqQ0Qs8u (2.7MB) -> 4eZqQ0Qs8u.zip
Downloaded supplementary_material for 4eYSSSDle6 (2.6MB) -> 4eYSSSDle6.zip
Failed to download supplementary_material for 4eLjRj8xMg: ('Connection broken: IncompleteRead(23511040 bytes read, 9308923 more expected)', IncompleteRead(23511040 bytes read, 9308923 more expected))
Skipping supplementary_material for 4eKEAeY6Tz: size 94.2MB exceeds 10MB limit
Skipping supplementary_material for 4dMlAKBwrA: size 89.3MB exceeds 10MB limit
Downloaded supplementary_material for 4cwbfwamtw (0.2MB) -> 4cwbfwamtw.zip
Downloaded supplementary_material for 4c1gAsVd9C (0.1MB) -> 4c1gAsVd9C.zip
Skipping supplementary_material for 4bxBWk9fFW: size 47.6MB exceeds 10MB limit
Downloaded supplementary_material for 4bdCugosNW (0.1MB) -> 4bdCugosNW.zip
Skipping supplementary_material for 4adY8FepXg: size 41.2MB exceeds 10MB limit
Downloaded supplementary_material for 4ZGvMY9M4l (0.0MB) -> 4ZGvMY9M4l.zip
Downloaded supplementary_material for 4YGVnRqaLX (0.0MB) -> 4YGVnRqaLX.zip
Skipping supplementary_material for 4VzVWXUkhf: size 74.5MB exceeds 10MB limit
Skipping supplementary_material for 4VW9HVCRw0: size 30.6MB exceeds 10MB limit
Skipping supplementary_material for 4Uxtzc5Jns: size 76.1MB exceeds 10MB limit
Downloaded supplementary_material for 4UrjpzvAy6 (0.2MB) -> 4UrjpzvAy6.zip
Downloaded supplementary_material for 4UQt76OlL6 (0.6MB) -> 4UQt76OlL6.zip
Downloaded supplementary_material for 4UPTS9eA5E (4.8MB) -> 4UPTS9eA5E.zip
Downloaded supplementary_material for 4TFfiG17ec (0.1MB) -> 4TFfiG17ec.zip
Skipping supplementary_material for 4TAG3aQljJ: size 69.4MB exceeds 10MB limit
Skipping supplementary_material for 4T9ncuf08p: size 42.3MB exceeds 10MB limit
Downloaded supplementary_material for 4T8VIqxPqy (1.2MB) -> 4T8VIqxPqy.zip
Skipping supplementary_material for 4ST2YyTjI7: size 51.0MB exceeds 10MB limit
Downloaded supplementary_material for 4S0yZPVxex (0.0MB) -> 4S0yZPVxex.zip
Skipping supplementary_material for 4RD7LzmP6l: size 58.7MB exceeds 10MB limit
Skipping supplementary_material for 4Q55RwYte9: size 47.7MB exceeds 10MB limit
Skipping supplementary_material for 4P67rCxbbv: size 89.9MB exceeds 10MB limit
Downloaded supplementary_material for 4P1JuJgUQQ (0.1MB) -> 4P1JuJgUQQ.zip
Downloaded supplementary_material for 4NwlXFmbRe (0.2MB) -> 4NwlXFmbRe.zip
Downloaded supplementary_material for 4MuxGYjAYO (1.8MB) -> 4MuxGYjAYO.zip
Downloaded supplementary_material for 4Lop9ReXBP (0.0MB) -> 4Lop9ReXBP.zip
Skipping supplementary_material for 4L6WbrohFX: size 23.9MB exceeds 10MB limit
Downloaded supplementary_material for 4KsBX9qxqe (0.0MB) -> 4KsBX9qxqe.zip
Skipping supplementary_material for 4JJnzhwa04: size 28.8MB exceeds 10MB limit
Downloaded supplementary_material for 4IyhtdUH8T (0.1MB) -> 4IyhtdUH8T.zip
Skipping supplementary_material for 4If1aqKSi8: size 36.7MB exceeds 10MB limit
Downloaded supplementary_material for 4IZzgIyD91 (0.6MB) -> 4IZzgIyD91.zip
Skipping supplementary_material for 4IPIhOgVqz: size 47.9MB exceeds 10MB limit
Downloaded supplementary_material for 4HvbTbO4hI (3.7MB) -> 4HvbTbO4hI.zip
Downloaded supplementary_material for 4HenLycCQ3 (1.4MB) -> 4HenLycCQ3.zip
Skipping supplementary_material for 4HZgkwVVFO: size 89.2MB exceeds 10MB limit
Downloaded supplementary_material for 4FNeXikOgt (9.1MB) -> 4FNeXikOgt.zip
Skipping supplementary_material for 4EIhhQ3bSc: size 33.9MB exceeds 10MB limit
Downloaded supplementary_material for 4EGjzT6w80 (0.1MB) -> 4EGjzT6w80.zip
Downloaded supplementary_material for 4E9uxVIAFP (1.5MB) -> 4E9uxVIAFP.zip
Downloaded supplementary_material for 4DWFxTdsW3 (3.8MB) -> 4DWFxTdsW3.zip
Downloaded supplementary_material for 4BjGVZ7Bxn (7.8MB) -> 4BjGVZ7Bxn.zip
Skipping supplementary_material for 4AnuvEx3an: size 58.7MB exceeds 10MB limit
Downloaded supplementary_material for 4AEivvf9uv (0.6MB) -> 4AEivvf9uv.zip
Downloaded supplementary_material for 49vuDYftSb (0.3MB) -> 49vuDYftSb.zip
Downloaded supplementary_material for 49JcR9oeoo (0.8MB) -> 49JcR9oeoo.zip
Skipping supplementary_material for 48l5oTCu5N: size 83.0MB exceeds 10MB limit
Downloaded supplementary_material for 47l2z9Tgk6 (12.7MB) -> 47l2z9Tgk6.zip
Downloaded supplementary_material for 47eKYCaBIV (0.7MB) -> 47eKYCaBIV.zip
Downloaded supplementary_material for 47ToW7T1iU (0.2MB) -> 47ToW7T1iU.zip
Downloaded supplementary_material for 46jbtZZWen (1.9MB) -> 46jbtZZWen.zip
Downloaded supplementary_material for 466gVY2sBQ (2.6MB) -> 466gVY2sBQ.zip
Skipping supplementary_material for 461VpgnLsi: size 22.5MB exceeds 10MB limit
Downloaded supplementary_material for 45btPYgSSX (2.9MB) -> 45btPYgSSX.zip
Skipping supplementary_material for 45QfLCLBS6: size 87.1MB exceeds 10MB limit
Downloaded supplementary_material for 455AaEhQbu (0.0MB) -> 455AaEhQbu.zip
Downloaded supplementary_material for 44pUhNb083 (1.3MB) -> 44pUhNb083.zip
Downloaded supplementary_material for 44Pc9erEIV (0.0MB) -> 44Pc9erEIV.zip
Skipping supplementary_material for 43zTdoRqY4: size 34.4MB exceeds 10MB limit
Downloaded supplementary_material for 43Ycr1QZXr (0.6MB) -> 43Ycr1QZXr.zip
Skipping supplementary_material for 43LvSiz6af: size 26.8MB exceeds 10MB limit
Downloaded supplementary_material for 41am4lUMuo (0.0MB) -> 41am4lUMuo.zip
Downloaded supplementary_material for 40xP4N4VRL (0.0MB) -> 40xP4N4VRL.zip
Skipping supplementary_material for 40e58sTE5F: size 27.6MB exceeds 10MB limit
Downloaded supplementary_material for 3zrpWrP7LT (0.4MB) -> 3zrpWrP7LT.zip
Downloaded supplementary_material for 3zdoLd2Q93 (3.6MB) -> 3zdoLd2Q93.zip
Downloaded supplementary_material for 3yOpgyOcyd (1.4MB) -> 3yOpgyOcyd.zip
Downloaded supplementary_material for 3yKCsXUso2 (0.3MB) -> 3yKCsXUso2.zip
Downloaded supplementary_material for 3y3hnL7KhS (14.1MB) -> 3y3hnL7KhS.zip
Skipping supplementary_material for 3xvyPnKUpv: size 56.2MB exceeds 10MB limit
Downloaded supplementary_material for 3xkYXuHDA6 (10.6MB) -> 3xkYXuHDA6.zip
Downloaded supplementary_material for 3wMdHl7JQ6 (1.0MB) -> 3wMdHl7JQ6.zip
Downloaded supplementary_material for 3w4kZegWG5 (0.1MB) -> 3w4kZegWG5.zip
Downloaded supplementary_material for 3ut43qNlmw (0.0MB) -> 3ut43qNlmw.zip
Downloaded supplementary_material for 3uWnoW5lPI (1.6MB) -> 3uWnoW5lPI.zip
Downloaded supplementary_material for 3uINmRldVW (0.1MB) -> 3uINmRldVW.zip
Skipping supplementary_material for 3tscL6zGPJ: size 44.5MB exceeds 10MB limit
Downloaded supplementary_material for 3tm37YNMdl (0.3MB) -> 3tm37YNMdl.zip
💾 Saved chunk: 37 (500 papers)
Skipping supplementary_material for 3tGybflFMm: size 46.4MB exceeds 10MB limit
Downloaded supplementary_material for 3sJ4zKToW6 (0.9MB) -> 3sJ4zKToW6.zip
Downloaded supplementary_material for 3rmeUp63dH (2.3MB) -> 3rmeUp63dH.zip
Downloaded supplementary_material for 3rQk0bjhhm (0.3MB) -> 3rQk0bjhhm.zip
Failed to download supplementary_material for 3rJaHWanTm: ('Connection broken: IncompleteRead(9174734 bytes read, 16956969 more expected)', IncompleteRead(9174734 bytes read, 16956969 more expected))
Skipping supplementary_material for 3qJNTjvDrm: size 55.7MB exceeds 10MB limit
Skipping supplementary_material for 3q9vHEqsNx: size 87.7MB exceeds 10MB limit
Skipping supplementary_material for 3lskwxB653: size 74.5MB exceeds 10MB limit
Skipping supplementary_material for 3lm8lWYxiq: size 28.8MB exceeds 10MB limit
Skipping supplementary_material for 3jwVvq5qxJ: size 32.1MB exceeds 10MB limit
Downloaded supplementary_material for 3grV2CE4N0 (0.0MB) -> 3grV2CE4N0.zip
Downloaded supplementary_material for 3fsrvwLRr0 (0.2MB) -> 3fsrvwLRr0.zip
Skipping supplementary_material for 3fIBwnz4Tf: size 38.8MB exceeds 10MB limit
Downloaded supplementary_material for 3f6Rd8TWmu (4.8MB) -> 3f6Rd8TWmu.zip
Downloaded supplementary_material for 3eoCXVxvbZ (2.6MB) -> 3eoCXVxvbZ.zip
Downloaded supplementary_material for 3eYTRBGgFL (0.0MB) -> 3eYTRBGgFL.zip
Downloaded supplementary_material for 3eTr9dGwJv (12.8MB) -> 3eTr9dGwJv.zip
Skipping supplementary_material for 3eOie5dkcN: size 27.5MB exceeds 10MB limit
Downloaded supplementary_material for 3e8nn8GlR7 (0.6MB) -> 3e8nn8GlR7.zip
Downloaded supplementary_material for 3e4vWE1kh8 (0.1MB) -> 3e4vWE1kh8.zip
Downloaded supplementary_material for 3dm2bqPTaI (0.0MB) -> 3dm2bqPTaI.zip
Downloaded supplementary_material for 3dOqgCYiqB (0.1MB) -> 3dOqgCYiqB.zip
Downloaded supplementary_material for 3dNKozB8U7 (1.0MB) -> 3dNKozB8U7.zip
Downloaded supplementary_material for 3d0FRYx0D0 (0.2MB) -> 3d0FRYx0D0.zip
Downloaded supplementary_material for 3cK8gUZWBD (0.1MB) -> 3cK8gUZWBD.zip
Downloaded supplementary_material for 3azIn8ImwP (0.0MB) -> 3azIn8ImwP.zip
Downloaded supplementary_material for 3aVlyVM6yI (6.3MB) -> 3aVlyVM6yI.zip
Downloaded supplementary_material for 3aBWTYGcaT (5.2MB) -> 3aBWTYGcaT.zip
Downloaded supplementary_material for 3Zkyc6x6Uk (0.3MB) -> 3Zkyc6x6Uk.zip
Downloaded supplementary_material for 3Z5Ygk2g1U (0.3MB) -> 3Z5Ygk2g1U.zip
Skipping supplementary_material for 3Z3Is6hnOT: size 59.3MB exceeds 10MB limit
Skipping supplementary_material for 3YUL5LJ3s4: size 32.8MB exceeds 10MB limit
Skipping supplementary_material for 3XxoBwMusJ: size 45.3MB exceeds 10MB limit
Downloaded supplementary_material for 3XRAkZtMPK (0.0MB) -> 3XRAkZtMPK.zip
Downloaded supplementary_material for 3WVihbSW0i (0.2MB) -> 3WVihbSW0i.zip
Skipping supplementary_material for 3VdSuh3sie: size 35.4MB exceeds 10MB limit
Skipping supplementary_material for 3UE3Aatcjy: size 79.5MB exceeds 10MB limit
Skipping supplementary_material for 3U6wH7uAPZ: size 20.2MB exceeds 10MB limit
Failed to download supplementary_material for 3SVLye5fpq: ('Connection broken: IncompleteRead(33964032 bytes read, 10475512 more expected)', IncompleteRead(33964032 bytes read, 10475512 more expected))
Skipping supplementary_material for 3Q5n1uTV1Z: size 36.3MB exceeds 10MB limit
Skipping supplementary_material for 3P1id8cQyT: size 87.3MB exceeds 10MB limit
Skipping supplementary_material for 3O8TAbrMKW: size 82.7MB exceeds 10MB limit
Skipping supplementary_material for 3NbMnPh7vM: size 24.4MB exceeds 10MB limit
Skipping supplementary_material for 3N9yxowAWf: size 43.2MB exceeds 10MB limit
Skipping supplementary_material for 3N0QtlXz6u: size 38.0MB exceeds 10MB limit
Skipping supplementary_material for 3FQV4JHPpY: size 52.5MB exceeds 10MB limit
Skipping supplementary_material for 3AoeNlw5MF: size 22.6MB exceeds 10MB limit
Skipping supplementary_material for 38ioKDbyP7: size 94.1MB exceeds 10MB limit
Skipping supplementary_material for 38LsKBNnAy: size 79.4MB exceeds 10MB limit
Skipping supplementary_material for 36CFsyvsv7: size 30.1MB exceeds 10MB limit
Skipping supplementary_material for 35HahPHrFG: size 37.5MB exceeds 10MB limit
Skipping supplementary_material for 34WC2yucLy: size 37.0MB exceeds 10MB limit
Skipping supplementary_material for 323ximYcsk: size 92.1MB exceeds 10MB limit
Skipping supplementary_material for 31pzK2VSQQ: size 27.1MB exceeds 10MB limit
Skipping supplementary_material for 311AxWM8FU: size 23.1MB exceeds 10MB limit
Skipping supplementary_material for 309pxoSvWr: size 33.8MB exceeds 10MB limit
Skipping supplementary_material for 2zQJHLbyqM: size 23.7MB exceeds 10MB limit
Skipping supplementary_material for 2ytWHufA5j: size 80.0MB exceeds 10MB limit
Skipping supplementary_material for 2xaNU3lgKC: size 60.4MB exceeds 10MB limit
Skipping supplementary_material for 2x9Dat4PBO: size 37.6MB exceeds 10MB limit
Skipping supplementary_material for 2wSORykWAc: size 82.4MB exceeds 10MB limit
Skipping supplementary_material for 2qS5fes4RL: size 86.1MB exceeds 10MB limit
Skipping supplementary_material for 2q5CugVPoK: size 20.1MB exceeds 10MB limit
Skipping supplementary_material for 2nKaqVWaWh: size 60.6MB exceeds 10MB limit
Skipping supplementary_material for 2nBjmUB5PM: size 88.8MB exceeds 10MB limit
Skipping supplementary_material for 2mXRhL4oPS: size 28.1MB exceeds 10MB limit
Skipping supplementary_material for 2fuvTuG4IV: size 76.1MB exceeds 10MB limit
Skipping supplementary_material for 2eL6yXLCh8: size 78.4MB exceeds 10MB limit
Downloaded supplementary_material for 2dJgFSJKbK (0.5MB) -> 2dJgFSJKbK.zip
Downloaded supplementary_material for 2d3j6bt21A (0.0MB) -> 2d3j6bt21A.zip
Downloaded supplementary_material for 2cq8FyBfDk (0.0MB) -> 2cq8FyBfDk.zip
Downloaded supplementary_material for 2bgDXzaYqN (0.0MB) -> 2bgDXzaYqN.zip
Downloaded supplementary_material for 2bbqHOWFTU (1.5MB) -> 2bbqHOWFTU.zip
Downloaded supplementary_material for 2bPyuL6Cda (0.0MB) -> 2bPyuL6Cda.zip
Downloaded supplementary_material for 2aPK9PxPUq (7.3MB) -> 2aPK9PxPUq.zip
Downloaded supplementary_material for 2ZUPeEM3FH (0.0MB) -> 2ZUPeEM3FH.zip
Downloaded supplementary_material for 2YSqaj725G (4.7MB) -> 2YSqaj725G.zip
Downloaded supplementary_material for 2Xd5RlypLx (0.0MB) -> 2Xd5RlypLx.zip
Downloaded supplementary_material for 2XSP20jV0T (0.6MB) -> 2XSP20jV0T.zip
Downloaded supplementary_material for 2XP4HD0NBy (3.2MB) -> 2XP4HD0NBy.zip
Downloaded supplementary_material for 2XMAUP74ig (6.6MB) -> 2XMAUP74ig.zip
Skipping supplementary_material for 2XBAm3Dbnt: size 34.9MB exceeds 10MB limit
Downloaded supplementary_material for 2WZHjN43gB (0.3MB) -> 2WZHjN43gB.zip
Downloaded supplementary_material for 2VyNYUVF2k (0.1MB) -> 2VyNYUVF2k.zip
Skipping supplementary_material for 2VvTtROiWF: size 61.6MB exceeds 10MB limit
Skipping supplementary_material for 2VuPBAH94k: size 26.9MB exceeds 10MB limit
Skipping supplementary_material for 2VsBJwefDC: size 83.4MB exceeds 10MB limit
Downloaded supplementary_material for 2VUuR7CpeY (0.0MB) -> 2VUuR7CpeY.zip
Downloaded supplementary_material for 2U5VWDwhKU (6.6MB) -> 2U5VWDwhKU.zip
Downloaded supplementary_material for 2Tg9RhHsSU (5.2MB) -> 2Tg9RhHsSU.zip
Downloaded supplementary_material for 2TTQjRkgFn (1.1MB) -> 2TTQjRkgFn.zip
Downloaded supplementary_material for 2TK9CLwMGA (0.1MB) -> 2TK9CLwMGA.zip
Downloaded supplementary_material for 2T5SpHS9QQ (2.2MB) -> 2T5SpHS9QQ.zip
Downloaded supplementary_material for 2T4KxtDquV (3.1MB) -> 2T4KxtDquV.zip
Downloaded supplementary_material for 2SbS4tbfIg (0.1MB) -> 2SbS4tbfIg.zip
Downloaded supplementary_material for 2SJsV41CxV (3.0MB) -> 2SJsV41CxV.zip
Downloaded supplementary_material for 2RuSWLQK82 (9.2MB) -> 2RuSWLQK82.zip
Downloaded supplementary_material for 2RmTduxO2t (0.1MB) -> 2RmTduxO2t.zip
Downloaded supplementary_material for 2RIqqNqALN (14.2MB) -> 2RIqqNqALN.zip
Skipping supplementary_material for 2QmiKXfsIr: size 71.8MB exceeds 10MB limit
Downloaded supplementary_material for 2PjBGzP7mw (2.6MB) -> 2PjBGzP7mw.zip
Downloaded supplementary_material for 2PdLKGdtqW (0.7MB) -> 2PdLKGdtqW.zip
Downloaded supplementary_material for 2PP70tFY0S (2.4MB) -> 2PP70tFY0S.zip
Downloaded supplementary_material for 2Ox4O5CCKG (0.1MB) -> 2Ox4O5CCKG.zip
Downloaded supplementary_material for 2OcklgJiU0 (4.2MB) -> 2OcklgJiU0.zip
Downloaded supplementary_material for 2NLkhPex1M (19.7MB) -> 2NLkhPex1M.zip
Skipping supplementary_material for 2LpoMDXuJf: size 72.3MB exceeds 10MB limit
Downloaded supplementary_material for 2KjMQGOm4b (3.7MB) -> 2KjMQGOm4b.zip
Downloaded supplementary_material for 2KgXWnikxR (6.3MB) -> 2KgXWnikxR.zip
Downloaded supplementary_material for 2KTEaY0lLi (0.7MB) -> 2KTEaY0lLi.zip
Downloaded supplementary_material for 2KKDWERRm3 (2.1MB) -> 2KKDWERRm3.zip
Downloaded supplementary_material for 2Jyb1yu3nN (0.1MB) -> 2Jyb1yu3nN.zip
Downloaded supplementary_material for 2JLPQbHABc (0.1MB) -> 2JLPQbHABc.zip
Downloaded supplementary_material for 2J51qUZ0iG (14.9MB) -> 2J51qUZ0iG.zip
Skipping supplementary_material for 2I4a6qsesO: size 29.3MB exceeds 10MB limit
Skipping supplementary_material for 2HGL1Szcp2: size 89.0MB exceeds 10MB limit
Downloaded supplementary_material for 2G1PoH1YHQ (0.3MB) -> 2G1PoH1YHQ.zip
💾 Saved chunk: 38 (500 papers)
Skipping supplementary_material for 2EvMmC23sC: size 38.9MB exceeds 10MB limit
Downloaded supplementary_material for 2EsXd5W0Gm (0.2MB) -> 2EsXd5W0Gm.zip
Skipping supplementary_material for 2EYzLUrAS4: size 33.5MB exceeds 10MB limit
Downloaded supplementary_material for 2E3lJh46FX (0.6MB) -> 2E3lJh46FX.zip
Skipping supplementary_material for 2AyzlxyJur: size 56.0MB exceeds 10MB limit
Skipping supplementary_material for 2A3Q2EtGTF: size 34.1MB exceeds 10MB limit
Skipping supplementary_material for 28VE0XXyAa: size 90.5MB exceeds 10MB limit
Skipping supplementary_material for 24joLkfM76: size 30.1MB exceeds 10MB limit
Skipping supplementary_material for 21dxwzKCPO: size 57.7MB exceeds 10MB limit
Skipping supplementary_material for 1zOp2WPMdZ: size 42.5MB exceeds 10MB limit
Skipping supplementary_material for 1yXsMYyZVj: size 47.5MB exceeds 10MB limit
Skipping supplementary_material for 1vBNAnAgCD: size 50.1MB exceeds 10MB limit
Skipping supplementary_material for 1vAte8dsap: size 27.7MB exceeds 10MB limit
Skipping supplementary_material for 1uZ4LpwtpN: size 30.6MB exceeds 10MB limit
Skipping supplementary_material for 1su9RkTVT9: size 25.5MB exceeds 10MB limit
Downloaded supplementary_material for 1smez00sCm (0.4MB) -> 1smez00sCm.zip
Skipping supplementary_material for 1sNhPjqGub: size 76.8MB exceeds 10MB limit
Downloaded supplementary_material for 1qLZsyJN2t (4.2MB) -> 1qLZsyJN2t.zip
Downloaded supplementary_material for 1pIa8ckFtF (0.4MB) -> 1pIa8ckFtF.zip
Skipping supplementary_material for 1owD7pBbOh: size 51.7MB exceeds 10MB limit
Skipping supplementary_material for 1orI9Cczug: size 34.1MB exceeds 10MB limit
Downloaded supplementary_material for 1oGQCCmydB (0.8MB) -> 1oGQCCmydB.zip
Skipping supplementary_material for 1o0H00pH0y: size 37.1MB exceeds 10MB limit
Downloaded supplementary_material for 1nwMvYnkBM (0.7MB) -> 1nwMvYnkBM.zip
Downloaded supplementary_material for 1nfBm85UGm (1.3MB) -> 1nfBm85UGm.zip
Downloaded supplementary_material for 1n7yRC65E4 (11.2MB) -> 1n7yRC65E4.zip
Downloaded supplementary_material for 1mj4z3ZUeZ (2.8MB) -> 1mj4z3ZUeZ.zip
Downloaded supplementary_material for 1mQT8PXIy8 (0.0MB) -> 1mQT8PXIy8.zip
Downloaded supplementary_material for 1m8ODIMkax (0.4MB) -> 1m8ODIMkax.zip
Downloaded supplementary_material for 1lRK9XD61d (0.9MB) -> 1lRK9XD61d.zip
Skipping supplementary_material for 1kjerw6TNx: size 30.4MB exceeds 10MB limit
Downloaded supplementary_material for 1jBsi98fVe (2.9MB) -> 1jBsi98fVe.zip
Skipping supplementary_material for 1i1PQ6QSdJ: size 42.9MB exceeds 10MB limit
Skipping supplementary_material for 1hYITxAwdz: size 48.8MB exceeds 10MB limit
Downloaded supplementary_material for 1fH0nFuvjo (0.2MB) -> 1fH0nFuvjo.zip
Downloaded supplementary_material for 1fALdE637I (17.8MB) -> 1fALdE637I.zip
Downloaded supplementary_material for 1cypyDBSAl (0.3MB) -> 1cypyDBSAl.zip
Skipping supplementary_material for 1cYgulGvqH: size 34.8MB exceeds 10MB limit
Skipping supplementary_material for 1c6Ao3CpKt: size 66.5MB exceeds 10MB limit
Skipping supplementary_material for 1bz8CA8gPo: size 34.9MB exceeds 10MB limit
Downloaded supplementary_material for 1arXr8LH2d (1.9MB) -> 1arXr8LH2d.zip
Downloaded supplementary_material for 1ZqJ6jj75q (0.7MB) -> 1ZqJ6jj75q.zip
Downloaded supplementary_material for 1XowCDuqSM (0.1MB) -> 1XowCDuqSM.zip
Skipping supplementary_material for 1XYG3pVCWf: size 33.8MB exceeds 10MB limit
Downloaded supplementary_material for 1VgUoPfl3z (17.2MB) -> 1VgUoPfl3z.zip
Downloaded supplementary_material for 1UFcZrQp5w (5.6MB) -> 1UFcZrQp5w.zip
Downloaded supplementary_material for 1TdRdf0fkw (0.7MB) -> 1TdRdf0fkw.zip
Downloaded supplementary_material for 1SdPgRQrr5 (3.0MB) -> 1SdPgRQrr5.zip
Downloaded supplementary_material for 1SHdqm7Eaa (4.5MB) -> 1SHdqm7Eaa.zip
Skipping supplementary_material for 1RgXNloctI: size 81.7MB exceeds 10MB limit
Downloaded supplementary_material for 1QZRnqbb44 (0.0MB) -> 1QZRnqbb44.zip
Skipping supplementary_material for 1QTkoX8XHD: size 26.6MB exceeds 10MB limit
Downloaded supplementary_material for 1Q85tfZaOa (0.0MB) -> 1Q85tfZaOa.zip
Downloaded supplementary_material for 1OZLUrewhw (2.7MB) -> 1OZLUrewhw.zip
Downloaded supplementary_material for 1O8Jye1P0k (0.1MB) -> 1O8Jye1P0k.zip
Skipping supplementary_material for 1NZ3DHF9nT: size 63.5MB exceeds 10MB limit
Skipping supplementary_material for 1NIyjrtxJU: size 59.1MB exceeds 10MB limit
Downloaded supplementary_material for 1Mh2q7L0eY (0.0MB) -> 1Mh2q7L0eY.zip
Downloaded supplementary_material for 1MVeSLvfxU (0.3MB) -> 1MVeSLvfxU.zip
Downloaded supplementary_material for 1MRaiwe2RI (0.5MB) -> 1MRaiwe2RI.zip
Downloaded supplementary_material for 1MHZGpvSDJ (1.2MB) -> 1MHZGpvSDJ.zip
Downloaded supplementary_material for 1MCQzboBrR (0.0MB) -> 1MCQzboBrR.zip
Downloaded supplementary_material for 1Llo9Uln8P (0.2MB) -> 1Llo9Uln8P.zip
Skipping supplementary_material for 1KUMxnrhnH: size 78.3MB exceeds 10MB limit
Downloaded supplementary_material for 1K9wMaRlnw (0.0MB) -> 1K9wMaRlnw.zip
Downloaded supplementary_material for 1J63FJYJKg (0.1MB) -> 1J63FJYJKg.zip
Downloaded supplementary_material for 1InFGGz1D5 (2.9MB) -> 1InFGGz1D5.zip
Skipping supplementary_material for 1IAgMkztsC: size 35.6MB exceeds 10MB limit
Downloaded supplementary_material for 1HjzhdTEC7 (7.7MB) -> 1HjzhdTEC7.zip
Downloaded supplementary_material for 1H1HrHCHyz (0.1MB) -> 1H1HrHCHyz.zip
Skipping supplementary_material for 1GMw3IwEHW: size 44.0MB exceeds 10MB limit
Downloaded supplementary_material for 1FpXsGaYas (3.9MB) -> 1FpXsGaYas.zip
Skipping supplementary_material for 1FnCrZtBNQ: size 90.7MB exceeds 10MB limit
Downloaded supplementary_material for 1FN3Jp2sNq (4.3MB) -> 1FN3Jp2sNq.zip
Skipping supplementary_material for 1FEm5JLpvg: size 47.9MB exceeds 10MB limit
Downloaded supplementary_material for 1EzYKcIZXi (1.8MB) -> 1EzYKcIZXi.zip
Downloaded supplementary_material for 1CoJWNcpmm (0.0MB) -> 1CoJWNcpmm.zip
Downloaded supplementary_material for 1CmmxrAMBl (0.0MB) -> 1CmmxrAMBl.zip
Downloaded supplementary_material for 1Cl84lwpdv (18.5MB) -> 1Cl84lwpdv.zip
Downloaded supplementary_material for 1BGD0eRkik (1.1MB) -> 1BGD0eRkik.zip
Downloaded supplementary_material for 1B7tAhrzT1 (13.1MB) -> 1B7tAhrzT1.zip
Skipping supplementary_material for 1AYy3T3Xjk: size 91.8MB exceeds 10MB limit
Downloaded supplementary_material for 1AFenZBIcW (0.2MB) -> 1AFenZBIcW.zip
Downloaded supplementary_material for 19LHXi9uLw (0.0MB) -> 19LHXi9uLw.zip
Downloaded supplementary_material for 18zzU16FoU (8.1MB) -> 18zzU16FoU.zip
Downloaded supplementary_material for 18pFYYqFiG (0.6MB) -> 18pFYYqFiG.zip
Downloaded supplementary_material for 17h5Sl2EaK (0.4MB) -> 17h5Sl2EaK.zip
Downloaded supplementary_material for 17UDRTRLmp (0.6MB) -> 17UDRTRLmp.zip
Downloaded supplementary_material for 170GODIkgT (0.1MB) -> 170GODIkgT.zip
Downloaded supplementary_material for 16dklduerp (0.0MB) -> 16dklduerp.zip
Downloaded supplementary_material for 16VO5idmo5 (8.9MB) -> 16VO5idmo5.zip
Downloaded supplementary_material for 16MJNrz0xV (1.7MB) -> 16MJNrz0xV.zip
Downloaded supplementary_material for 15HYjY5ol7 (0.8MB) -> 15HYjY5ol7.zip
Downloaded supplementary_material for 14qYxv2jki (11.6MB) -> 14qYxv2jki.zip
Downloaded supplementary_material for 14dlTHVxDX (0.0MB) -> 14dlTHVxDX.zip
Downloaded supplementary_material for 14Sq0m94oA (0.0MB) -> 14Sq0m94oA.zip
Skipping supplementary_material for 1448q0s3zZ: size 29.2MB exceeds 10MB limit
Downloaded supplementary_material for 13r06yROEZ (0.0MB) -> 13r06yROEZ.zip
Skipping supplementary_material for 13jshGCK9i: size 78.9MB exceeds 10MB limit
Downloaded supplementary_material for 11eHIPnWDx (5.9MB) -> 11eHIPnWDx.zip
Downloaded supplementary_material for 10nJk8B7FZ (1.7MB) -> 10nJk8B7FZ.zip
Skipping supplementary_material for 10iBNwPtl2: size 41.8MB exceeds 10MB limit
Downloaded supplementary_material for 10XgR4QORn (18.1MB) -> 10XgR4QORn.zip
Downloaded supplementary_material for 10TkrLM8bW (0.3MB) -> 10TkrLM8bW.zip
Downloaded supplementary_material for 10JEfJtiJM (0.0MB) -> 10JEfJtiJM.zip
Downloaded supplementary_material for 0yu5YbsSgo (4.4MB) -> 0yu5YbsSgo.zip
Downloaded supplementary_material for 0ylAe3Orfy (11.0MB) -> 0ylAe3Orfy.zip
Downloaded supplementary_material for 0yOsSMU1eY (1.3MB) -> 0yOsSMU1eY.zip
Skipping supplementary_material for 0xpakqqTbe: size 90.2MB exceeds 10MB limit
Downloaded supplementary_material for 0xlI09pvBs (1.1MB) -> 0xlI09pvBs.zip
Downloaded supplementary_material for 0wSlFpMsGb (0.7MB) -> 0wSlFpMsGb.zip
Downloaded supplementary_material for 0viCNELbrf (3.5MB) -> 0viCNELbrf.zip
Downloaded supplementary_material for 0vgzrcv4Dr (0.4MB) -> 0vgzrcv4Dr.zip
Downloaded supplementary_material for 0unRcs07Bb (15.3MB) -> 0unRcs07Bb.zip
Downloaded supplementary_material for 0uiWQTYpzb (0.0MB) -> 0uiWQTYpzb.zip
Downloaded supplementary_material for 0ucmlIQTlu (4.3MB) -> 0ucmlIQTlu.zip
Downloaded supplementary_material for 0uRB0irpqi (0.4MB) -> 0uRB0irpqi.zip
Skipping supplementary_material for 0uP1cQ6GW3: size 92.4MB exceeds 10MB limit
Downloaded supplementary_material for 0sXt3wT22y (10.0MB) -> 0sXt3wT22y.zip
Skipping supplementary_material for 0sUghjXZZs: size 79.0MB exceeds 10MB limit
Skipping supplementary_material for 0sPCSssY2r: size 35.3MB exceeds 10MB limit
Downloaded supplementary_material for 0rlc34xAhz (0.0MB) -> 0rlc34xAhz.zip
Downloaded supplementary_material for 0rHEudxV8K (1.5MB) -> 0rHEudxV8K.zip
Downloaded supplementary_material for 0qgcZvtQx0 (0.3MB) -> 0qgcZvtQx0.zip
Skipping supplementary_material for 0pGKVsri2B: size 20.1MB exceeds 10MB limit
Skipping supplementary_material for 0pFcKF2li1: size 46.8MB exceeds 10MB limit
Skipping supplementary_material for 0pCAQoNE5E: size 33.4MB exceeds 10MB limit
Downloaded supplementary_material for 0obDxMfeYu (8.1MB) -> 0obDxMfeYu.zip
Downloaded supplementary_material for 0nvQ5kHXf4 (1.1MB) -> 0nvQ5kHXf4.zip
Downloaded supplementary_material for 0n1YcK0yuQ (4.9MB) -> 0n1YcK0yuQ.zip
Downloaded supplementary_material for 0miqobfGyv (0.3MB) -> 0miqobfGyv.zip
Skipping supplementary_material for 0mBCl2goJr: size 27.9MB exceeds 10MB limit
Downloaded supplementary_material for 0lct7PrPgS (0.8MB) -> 0lct7PrPgS.zip
Downloaded supplementary_material for 0lW2UBiEWN (10.2MB) -> 0lW2UBiEWN.zip
Skipping supplementary_material for 0klioDjSVM: size 41.4MB exceeds 10MB limit
Skipping supplementary_material for 0kZKtWleMS: size 55.0MB exceeds 10MB limit
Downloaded supplementary_material for 0kHbD6ad07 (0.1MB) -> 0kHbD6ad07.zip
Skipping supplementary_material for 0izu8IWJ5z: size 95.3MB exceeds 10MB limit
Downloaded supplementary_material for 0iLBGsGTS9 (0.0MB) -> 0iLBGsGTS9.zip
💾 Saved chunk: 39 (500 papers)
Downloaded supplementary_material for 0hLuQAT3fV (2.2MB) -> 0hLuQAT3fV.zip
Downloaded supplementary_material for 0h5ohpUGY4 (0.0MB) -> 0h5ohpUGY4.zip
Downloaded supplementary_material for 0fvVI2rORC (0.7MB) -> 0fvVI2rORC.zip
Downloaded supplementary_material for 0fib2BYc0L (0.0MB) -> 0fib2BYc0L.zip
Downloaded supplementary_material for 0fg3OTEUFF (0.0MB) -> 0fg3OTEUFF.zip
Downloaded supplementary_material for 0etzWKrS4F (17.0MB) -> 0etzWKrS4F.zip
Downloaded supplementary_material for 0eEtTsnmyo (15.7MB) -> 0eEtTsnmyo.zip
Skipping supplementary_material for 0dnSbhNoTB: size 22.0MB exceeds 10MB limit
Downloaded supplementary_material for 0crU7lZV8n (0.2MB) -> 0crU7lZV8n.zip
Downloaded supplementary_material for 0cmuYj3WeG (0.0MB) -> 0cmuYj3WeG.zip
Downloaded supplementary_material for 0cKUfYFeaf (5.0MB) -> 0cKUfYFeaf.zip
Skipping supplementary_material for 0cBlhTTHfx: size 85.4MB exceeds 10MB limit
Downloaded supplementary_material for 0c9AtxLj3T (0.0MB) -> 0c9AtxLj3T.zip
Skipping supplementary_material for 0c7nAZjyr5: size 39.6MB exceeds 10MB limit
Skipping supplementary_material for 0blfYtdJES: size 89.1MB exceeds 10MB limit
Downloaded supplementary_material for 0b6a2SE23v (2.3MB) -> 0b6a2SE23v.zip
Skipping supplementary_material for 0aj9su59IG: size 35.2MB exceeds 10MB limit
Downloaded supplementary_material for 0aNfWttgHd (0.0MB) -> 0aNfWttgHd.zip
Skipping supplementary_material for 0a4dA6eUHN: size 78.2MB exceeds 10MB limit
Skipping supplementary_material for 0Z7KBFCfUB: size 47.1MB exceeds 10MB limit
Downloaded supplementary_material for 0XiGLcOpLK (0.8MB) -> 0XiGLcOpLK.zip
Downloaded supplementary_material for 0XIsA0PxJM (7.3MB) -> 0XIsA0PxJM.zip
Skipping supplementary_material for 0UMXSQOmDY: size 27.8MB exceeds 10MB limit
Downloaded supplementary_material for 0TPKIbihMF (1.5MB) -> 0TPKIbihMF.zip
Downloaded supplementary_material for 0Sex2H5Jnn (0.4MB) -> 0Sex2H5Jnn.zip
Downloaded supplementary_material for 0SSKmVjj8O (0.1MB) -> 0SSKmVjj8O.zip
Downloaded supplementary_material for 0SNfofDIRF (0.0MB) -> 0SNfofDIRF.zip
Downloaded supplementary_material for 0Rn9oMU6g9 (0.2MB) -> 0Rn9oMU6g9.zip
Downloaded supplementary_material for 0RdAmwfVku (15.8MB) -> 0RdAmwfVku.zip
Downloaded supplementary_material for 0RYazbfSzW (0.0MB) -> 0RYazbfSzW.zip
Skipping supplementary_material for 0QPXvKE4SV: size 24.4MB exceeds 10MB limit
Downloaded supplementary_material for 0Q9zbF9cgQ (13.2MB) -> 0Q9zbF9cgQ.zip
Downloaded supplementary_material for 0PYmHSugcj (0.6MB) -> 0PYmHSugcj.zip
Skipping supplementary_material for 0OxJ4mzaHB: size 30.3MB exceeds 10MB limit
Downloaded supplementary_material for 0OgcBivkr5 (0.0MB) -> 0OgcBivkr5.zip
Downloaded supplementary_material for 0ON2NUoL0C (0.0MB) -> 0ON2NUoL0C.zip
Downloaded supplementary_material for 0OENkI0UgR (0.2MB) -> 0OENkI0UgR.zip
Downloaded supplementary_material for 0O6Xj6ljIN (5.5MB) -> 0O6Xj6ljIN.zip
Downloaded supplementary_material for 0O2gyI9Tt2 (9.9MB) -> 0O2gyI9Tt2.zip
Downloaded supplementary_material for 0NSEOBzGdA (0.3MB) -> 0NSEOBzGdA.zip
Downloaded supplementary_material for 0NC4Y1sYrz (0.1MB) -> 0NC4Y1sYrz.zip
Downloaded supplementary_material for 0MUrJkJYnP (0.4MB) -> 0MUrJkJYnP.zip
Downloaded supplementary_material for 0M6BfcAVMW (2.6MB) -> 0M6BfcAVMW.zip
Downloaded supplementary_material for 0LwWImlpCP (0.5MB) -> 0LwWImlpCP.zip
Downloaded supplementary_material for 0L54sroHRw (0.0MB) -> 0L54sroHRw.zip
Downloaded supplementary_material for 0KiCONP0xD (11.9MB) -> 0KiCONP0xD.zip
Skipping supplementary_material for 0KeKeXK8Hv: size 20.7MB exceeds 10MB limit
Downloaded supplementary_material for 0JfUjV1uIS (0.0MB) -> 0JfUjV1uIS.zip
Downloaded supplementary_material for 0IceiDrfxI (1.0MB) -> 0IceiDrfxI.zip
Downloaded supplementary_material for 0H5iD4he7R (0.1MB) -> 0H5iD4he7R.zip
Skipping supplementary_material for 0GlStRq4Xw: size 27.0MB exceeds 10MB limit
Downloaded supplementary_material for 0GNBqoYcAP (1.3MB) -> 0GNBqoYcAP.zip
Downloaded supplementary_material for 0FhrtdKLtD (5.3MB) -> 0FhrtdKLtD.zip
Downloaded supplementary_material for 0EV92jgJaZ (4.9MB) -> 0EV92jgJaZ.zip
Downloaded supplementary_material for 0DqB1vxGTn (3.5MB) -> 0DqB1vxGTn.zip
Downloaded supplementary_material for 0DekoBl3te (4.8MB) -> 0DekoBl3te.zip
Downloaded supplementary_material for 0Cv9PwL7cI (0.1MB) -> 0Cv9PwL7cI.zip
Downloaded supplementary_material for 0Cv0whP7l8 (0.1MB) -> 0Cv0whP7l8.zip
Downloaded supplementary_material for 0CZAimzcVr (6.0MB) -> 0CZAimzcVr.zip
Skipping supplementary_material for 0CQnhxpE7w: size 22.5MB exceeds 10MB limit
Downloaded supplementary_material for 0BD2dCM4Ig (0.1MB) -> 0BD2dCM4Ig.zip
Downloaded supplementary_material for 0Af7UiJISU (1.6MB) -> 0Af7UiJISU.zip
Downloaded supplementary_material for 0ACUx9pMWJ (1.8MB) -> 0ACUx9pMWJ.zip
Downloaded supplementary_material for 0A4Uf88pog (1.1MB) -> 0A4Uf88pog.zip
Downloaded supplementary_material for 0A3qzLmRHd (17.1MB) -> 0A3qzLmRHd.zip
Downloaded supplementary_material for 09lmwhDqZ3 (0.2MB) -> 09lmwhDqZ3.zip
Downloaded supplementary_material for 08tuDzMDEn (4.6MB) -> 08tuDzMDEn.zip
Downloaded supplementary_material for 08KOxSjRyj (18.0MB) -> 08KOxSjRyj.zip
Downloaded supplementary_material for 072P11r1wu (16.1MB) -> 072P11r1wu.zip
Downloaded supplementary_material for 06upBSlAUy (8.1MB) -> 06upBSlAUy.zip
Downloaded supplementary_material for 06bDxmgdE0 (0.6MB) -> 06bDxmgdE0.zip
Skipping supplementary_material for 05pfP2khzx: size 76.7MB exceeds 10MB limit
Downloaded supplementary_material for 05hNleYOcG (0.3MB) -> 05hNleYOcG.zip
Skipping supplementary_material for 040ClRXMf3: size 91.6MB exceeds 10MB limit
Downloaded supplementary_material for 03u504EDJp (0.3MB) -> 03u504EDJp.zip
Downloaded supplementary_material for 03MfCNn3pF (0.0MB) -> 03MfCNn3pF.zip
Downloaded supplementary_material for 00UQtHqB2k (0.4MB) -> 00UQtHqB2k.zip
🗂️  Paper mapping saved to /ceph/hpc/home/euweihez/topcon/d2025d08-005-users/iclr_2026/iclr_2026_paper_mapping_20251021_080553.json
📊 CSV summary saved to /ceph/hpc/home/euweihez/topcon/d2025d08-005-users/iclr_2026/iclr_2026_summary_20251021_080553.csv

✅ Crawl completed!
📊 Total papers processed: 19746
📥 PDFs successfully downloaded: 19667
📎 Supplements successfully downloaded: 5887
❌ PDF download failures: 79
📈 PDF success rate: 99.6%
📈 Supplement success rate: 29.8%
✅ Crawl completed! Collected 19746 papers.

Job finished at: Tue Oct 21 08:05:54 CEST 2025
