Starting Task ID: 3
Initializing Qwen Client with model: qwen3-vl-8b-instruct
Using Data Root: /ceph/hpc/home/euweihez/topcon/d2025d08-005-users/data_src/balanced/balanced_cv/cv/balanced_cv
--- SHARD INFO ---
Job ID: 3 / 4
Processing indices: 2430 to 3238 (Total: 808 papers)
Outputting to: /ceph/hpc/home/euweihez/topcon/d2025d08-005-users/img_description/cv/image_descriptions_3.json
------------------
[kRjLBXWn1T] figure_5.jpg -> classified as: Plots / Charts
[kRjLBXWn1T] figure_6.jpg -> classified as: Architecture Diagram
[kRjLBXWn1T] figure_9.jpg -> classified as: Plots / Charts
[kRjLBXWn1T] figure_13.jpg -> classified as: Qualitative Examples
[kRjLBXWn1T] figure_2.jpg -> classified as: Architecture Diagram
[kRjLBXWn1T] figure_11.jpg -> classified as: Qualitative Examples
[kRjLBXWn1T] figure_7.jpg -> classified as: Plots / Charts
[kRjLBXWn1T] figure_3.jpg -> classified as: Plots / Charts
[kRjLBXWn1T] figure_4.jpg -> classified as: Qualitative Examples
[kRjLBXWn1T] figure_1.jpg -> classified as: Qualitative Examples
[kRjLBXWn1T] figure_8.jpg -> classified as: Qualitative Examples
[kRjLBXWn1T] figure_12.jpg -> classified as: Qualitative Examples
[kRjLBXWn1T] figure_14.jpg -> classified as: Qualitative Examples
[kRjLBXWn1T] figure_10.jpg -> classified as: Qualitative Examples
[kSdWcw5mkp] figure_5.jpg -> classified as: Qualitative Examples
[kSdWcw5mkp] figure_6.jpg -> classified as: Qualitative Examples
[kSdWcw5mkp] figure_9.jpg -> classified as: Qualitative Examples
[kSdWcw5mkp] figure_13.jpg -> classified as: Qualitative Examples
[kSdWcw5mkp] figure_2.jpg -> classified as: Plots / Charts
[kSdWcw5mkp] figure_11.jpg -> classified as: Qualitative Examples
[kSdWcw5mkp] figure_7.jpg -> classified as: Qualitative Examples
[kSdWcw5mkp] figure_3.jpg -> classified as: Qualitative Examples
[kSdWcw5mkp] figure_4.jpg -> classified as: Plots / Charts
[kSdWcw5mkp] figure_1.jpg -> classified as: Qualitative Examples
[kSdWcw5mkp] figure_8.jpg -> classified as: Qualitative Examples
[kSdWcw5mkp] figure_12.jpg -> classified as: Qualitative Examples
[kSdWcw5mkp] figure_14.jpg -> classified as: Qualitative Examples
[kSdWcw5mkp] figure_10.jpg -> classified as: Qualitative Examples
[kUL0QFvWim] figure_5.jpg -> classified as: Plots / Charts
[kUL0QFvWim] figure_6.jpg -> classified as: Plots / Charts
[kUL0QFvWim] figure_2.jpg -> classified as: Architecture Diagram
[kUL0QFvWim] figure_7.jpg -> classified as: Other
  -> Skipping second pass (Other)
[kUL0QFvWim] figure_3.jpg -> classified as: Plots / Charts
[kUL0QFvWim] figure_4.jpg -> classified as: Plots / Charts
[kUsXwE98Cs] figure_19.jpg -> classified as: Qualitative Examples
[kUsXwE98Cs] figure_24.jpg -> classified as: Other
  -> Skipping second pass (Other)
[kUsXwE98Cs] figure_5.jpg -> classified as: Plots / Charts
[kUsXwE98Cs] figure_6.jpg -> classified as: Plots / Charts
[kUsXwE98Cs] figure_9.jpg -> classified as: Plots / Charts
[kUsXwE98Cs] figure_13.jpg -> classified as: Plots / Charts
[kUsXwE98Cs] figure_15.jpg -> classified as: Qualitative Examples
[kUsXwE98Cs] figure_2.jpg -> classified as: Architecture Diagram
[kUsXwE98Cs] figure_20.jpg -> classified as: Qualitative Examples
[kUsXwE98Cs] figure_11.jpg -> classified as: Qualitative Examples
[kUsXwE98Cs] figure_7.jpg -> classified as: Plots / Charts
[kUsXwE98Cs] figure_3.jpg -> classified as: Other
  -> Skipping second pass (Other)
[kUsXwE98Cs] figure_4.jpg -> classified as: Qualitative Examples
[kUsXwE98Cs] figure_1.jpg -> classified as: Qualitative Examples
[kUsXwE98Cs] figure_8.jpg -> classified as: Plots / Charts
[kUsXwE98Cs] figure_12.jpg -> classified as: Qualitative Examples
[kUsXwE98Cs] figure_26.jpg -> classified as: Architecture Diagram
[kUsXwE98Cs] figure_14.jpg -> classified as: Plots / Charts
[kUsXwE98Cs] figure_10.jpg -> classified as: Plots / Charts
[kUuKFW7DIF] figure_2.jpg -> classified as: Architecture Diagram
[kUuKFW7DIF] figure_3.jpg -> classified as: Plots / Charts
[kUuKFW7DIF] figure_4.jpg -> classified as: Plots / Charts
[kUuKFW7DIF] figure_1.jpg -> classified as: Architecture Diagram
[kWELXBKl54] figure_5.jpg -> classified as: Architecture Diagram
[kWELXBKl54] figure_2.jpg -> classified as: Qualitative Examples
[kWELXBKl54] figure_3.jpg -> classified as: Architecture Diagram
[kWELXBKl54] figure_4.jpg -> classified as: Plots / Charts
[kWELXBKl54] figure_1.jpg -> classified as: Qualitative Examples
[kWGHZuW5yJ] figure_A10.jpg -> classified as: Qualitative Examples
[kWGHZuW5yJ] figure_A7.jpg -> classified as: Qualitative Examples
[kWGHZuW5yJ] figure_5.jpg -> classified as: Qualitative Examples
[kWGHZuW5yJ] figure_A1.jpg -> classified as: Other
  -> Skipping second pass (Other)
[kWGHZuW5yJ] figure_6.jpg -> classified as: Plots / Charts
[kWGHZuW5yJ] figure_A2.jpg -> classified as: Qualitative Examples
[kWGHZuW5yJ] figure_A12.jpg -> classified as: Qualitative Examples
[kWGHZuW5yJ] figure_2.jpg -> classified as: Qualitative Examples
[kWGHZuW5yJ] figure_A11.jpg -> classified as: Qualitative Examples
[kWGHZuW5yJ] figure_3.jpg -> classified as: Qualitative Examples
[kWGHZuW5yJ] figure_4.jpg -> classified as: Plots / Charts
[kWGHZuW5yJ] figure_A6.jpg -> classified as: Plots / Charts
[kWGHZuW5yJ] figure_A13.jpg -> classified as: Qualitative Examples
[kWGHZuW5yJ] figure_1.jpg -> classified as: Plots / Charts
[kWGHZuW5yJ] figure_A14.jpg -> classified as: Qualitative Examples
[kWGHZuW5yJ] figure_A4.jpg -> classified as: Plots / Charts
[kWGHZuW5yJ] figure_A5.jpg -> classified as: Other
  -> Skipping second pass (Other)
[kWGHZuW5yJ] figure_A9.jpg -> classified as: Qualitative Examples
[kWGHZuW5yJ] figure_A3.jpg -> classified as: Qualitative Examples
[kWRKNDU6uN] figure_5.jpg -> classified as: Plots / Charts
[kWRKNDU6uN] figure_6.jpg -> classified as: Plots / Charts
[kWRKNDU6uN] figure_9.jpg -> classified as: Plots / Charts
[kWRKNDU6uN] figure_2.jpg -> classified as: Plots / Charts
[kWRKNDU6uN] figure_7.jpg -> classified as: Plots / Charts
[kWRKNDU6uN] figure_3.jpg -> classified as: Qualitative Examples
[kWRKNDU6uN] figure_4.jpg -> classified as: Plots / Charts
[kWRKNDU6uN] figure_1.jpg -> classified as: Other
  -> Skipping second pass (Other)
[kWRKNDU6uN] figure_8.jpg -> classified as: Plots / Charts
[kXHEBK9uAY] figure_5.jpg -> classified as: Qualitative Examples
[kXHEBK9uAY] figure_2.jpg -> classified as: Plots / Charts
[kXHEBK9uAY] figure_3.jpg -> classified as: Qualitative Examples
[kXHEBK9uAY] figure_4.jpg -> classified as: Qualitative Examples
[kXHEBK9uAY] figure_1.jpg -> classified as: Architecture Diagram
[kZEXgtMNNo] figure_5.jpg -> classified as: Plots / Charts
[kZEXgtMNNo] figure_2.jpg -> classified as: Qualitative Examples
[kZEXgtMNNo] figure_7.jpg -> classified as: Plots / Charts
[kZEXgtMNNo] figure_3.jpg -> classified as: Plots / Charts
[kZEXgtMNNo] figure_4.jpg -> classified as: Plots / Charts
[kZEXgtMNNo] figure_1.jpg -> classified as: Architecture Diagram
[kZvor5aaz7] figure_5.jpg -> classified as: Qualitative Examples
[kZvor5aaz7] figure_6.jpg -> classified as: Qualitative Examples
[kZvor5aaz7] figure_2.jpg -> classified as: Qualitative Examples
[kZvor5aaz7] figure_3.jpg -> classified as: Qualitative Examples
[kZvor5aaz7] figure_4.jpg -> classified as: Qualitative Examples
[kZvor5aaz7] figure_1.jpg -> classified as: Architecture Diagram
[kam84eEmub] figure_2.jpg -> classified as: Plots / Charts
[kam84eEmub] figure_3.jpg -> classified as: Plots / Charts
[kam84eEmub] figure_4.jpg -> classified as: Plots / Charts
[kam84eEmub] figure_1.jpg -> classified as: Architecture Diagram
[kdriw2a8sl] figure_5.jpg -> classified as: Qualitative Examples
[kdriw2a8sl] figure_2.jpg -> classified as: Qualitative Examples
[kdriw2a8sl] figure_3.jpg -> classified as: Qualitative Examples
[kdriw2a8sl] figure_4.jpg -> classified as: Qualitative Examples
[kdriw2a8sl] figure_1.jpg -> classified as: Plots / Charts
[kfsgz2Ldd7] figure_5.jpg -> classified as: Plots / Charts
[kfsgz2Ldd7] figure_6.jpg -> classified as: Plots / Charts
[kfsgz2Ldd7] figure_9.jpg -> classified as: Qualitative Examples
[kfsgz2Ldd7] figure_2.jpg -> classified as: Plots / Charts
[kfsgz2Ldd7] figure_7.jpg -> classified as: Plots / Charts
[kfsgz2Ldd7] figure_3.jpg -> classified as: Qualitative Examples
[kfsgz2Ldd7] figure_4.jpg -> classified as: Plots / Charts
[kfsgz2Ldd7] figure_1.jpg -> classified as: Plots / Charts
[kfsgz2Ldd7] figure_8.jpg -> classified as: Plots / Charts
[kfsgz2Ldd7] figure_10.jpg -> classified as: Qualitative Examples
[khAE1sTMdX] figure_2.jpg -> classified as: Architecture Diagram
[khAE1sTMdX] figure_3.jpg -> classified as: Qualitative Examples
[khAE1sTMdX] figure_1.jpg -> classified as: Architecture Diagram
[kkGIbmpCHU] figure_5.jpg -> classified as: Plots / Charts
[kkGIbmpCHU] figure_6.jpg -> classified as: Plots / Charts
[kkGIbmpCHU] figure_9.jpg -> classified as: Plots / Charts
[kkGIbmpCHU] figure_13.jpg -> classified as: Plots / Charts
[kkGIbmpCHU] figure_15.jpg -> classified as: Plots / Charts
[kkGIbmpCHU] figure_2.jpg -> classified as: Architecture Diagram
[kkGIbmpCHU] figure_11.jpg -> classified as: Plots / Charts
[kkGIbmpCHU] figure_7.jpg -> classified as: Plots / Charts
[kkGIbmpCHU] figure_3.jpg -> classified as: Architecture Diagram
[kkGIbmpCHU] figure_4.jpg -> classified as: Architecture Diagram
[kkGIbmpCHU] figure_1.jpg -> classified as: Plots / Charts
[kkGIbmpCHU] figure_8.jpg -> classified as: Plots / Charts
[kkGIbmpCHU] figure_12.jpg -> classified as: Plots / Charts
[kkGIbmpCHU] figure_14.jpg -> classified as: Plots / Charts
[kkGIbmpCHU] figure_10.jpg -> classified as: Plots / Charts
[kkpVgxHQ1S] figure_5.jpg -> classified as: Qualitative Examples
[kkpVgxHQ1S] figure_6.jpg -> classified as: Plots / Charts
[kkpVgxHQ1S] figure_9.jpg -> classified as: Qualitative Examples
[kkpVgxHQ1S] figure_13.jpg -> classified as: Qualitative Examples
[kkpVgxHQ1S] figure_2.jpg -> classified as: Architecture Diagram
[kkpVgxHQ1S] figure_(a)_stingray_great.jpg -> classified as: Qualitative Examples
[kkpVgxHQ1S] figure_11.jpg -> classified as: Qualitative Examples
[kkpVgxHQ1S] figure_(f)_indian_elephant.jpg -> classified as: Qualitative Examples
[kkpVgxHQ1S] figure_7.jpg -> classified as: Qualitative Examples
[kkpVgxHQ1S] figure_(d)_meerkat_ice.jpg -> classified as: Qualitative Examples
[kkpVgxHQ1S] figure_3.jpg -> classified as: Qualitative Examples
[kkpVgxHQ1S] figure_4.jpg -> classified as: Qualitative Examples
[kkpVgxHQ1S] figure_(c)_poodle_dalmatian.jpg -> classified as: Qualitative Examples
[kkpVgxHQ1S] figure_(b)_kite_rooster.jpg -> classified as: Qualitative Examples
[kkpVgxHQ1S] figure_1.jpg -> classified as: Qualitative Examples
[kkpVgxHQ1S] figure_8.jpg -> classified as: Qualitative Examples
[kkpVgxHQ1S] figure_12.jpg -> classified as: Qualitative Examples
[kkpVgxHQ1S] figure_(e)_marmot_porcupine.jpg -> classified as: Qualitative Examples
[kkpVgxHQ1S] figure_14.jpg -> classified as: Qualitative Examples
[kkpVgxHQ1S] figure_10.jpg -> classified as: Qualitative Examples
[kmhNK0fs8c] figure_5.jpg -> classified as: Qualitative Examples
[kmhNK0fs8c] figure_6.jpg -> classified as: Qualitative Examples
[kmhNK0fs8c] figure_9.jpg -> classified as: Plots / Charts
[kmhNK0fs8c] figure_2.jpg -> classified as: Architecture Diagram
[kmhNK0fs8c] figure_7.jpg -> classified as: Qualitative Examples
[kmhNK0fs8c] figure_3.jpg -> classified as: Plots / Charts
[kmhNK0fs8c] figure_4.jpg -> classified as: Qualitative Examples
[kmhNK0fs8c] figure_1.jpg -> classified as: Plots / Charts
[kmhNK0fs8c] figure_8.jpg -> classified as: Plots / Charts
[kpEz4Bxs6e] figure_5.jpg -> classified as: Plots / Charts
[kpEz4Bxs6e] figure_6.jpg -> classified as: Qualitative Examples
[kpEz4Bxs6e] figure_9.jpg -> classified as: Qualitative Examples
[kpEz4Bxs6e] figure_2.jpg -> classified as: Plots / Charts
[kpEz4Bxs6e] figure_11.jpg -> classified as: Qualitative Examples
[kpEz4Bxs6e] figure_7.jpg -> classified as: Plots / Charts
[kpEz4Bxs6e] figure_3.jpg -> classified as: Architecture Diagram
[kpEz4Bxs6e] figure_4.jpg -> classified as: Plots / Charts
[kpEz4Bxs6e] figure_1.jpg -> classified as: Plots / Charts
[kpEz4Bxs6e] figure_8.jpg -> classified as: Qualitative Examples
[kpEz4Bxs6e] figure_10.jpg -> classified as: Qualitative Examples
[kqHxpHKMSz] figure_5.jpg -> classified as: Qualitative Examples
[kqHxpHKMSz] figure_6.jpg -> classified as: Qualitative Examples
[kqHxpHKMSz] figure_9.jpg -> classified as: Plots / Charts
[kqHxpHKMSz] figure_2.jpg -> classified as: Architecture Diagram
[kqHxpHKMSz] figure_7.jpg -> classified as: Qualitative Examples
[kqHxpHKMSz] figure_3.jpg -> classified as: Qualitative Examples
[kqHxpHKMSz] figure_4.jpg -> classified as: Qualitative Examples
[kqHxpHKMSz] figure_1.jpg -> classified as: Qualitative Examples
[kqHxpHKMSz] figure_8.jpg -> classified as: Qualitative Examples
[kqZCOliBhV] figure_unnamed_figure_1.jpg -> classified as: Qualitative Examples
[kqZCOliBhV] figure_5.jpg -> classified as: Qualitative Examples
[kqZCOliBhV] figure_6.jpg -> classified as: Plots / Charts
[kqZCOliBhV] figure_2.jpg -> classified as: Architecture Diagram
[kqZCOliBhV] figure_11.jpg -> classified as: Plots / Charts
[kqZCOliBhV] figure_7.jpg -> classified as: Qualitative Examples
[kqZCOliBhV] figure_3.jpg -> classified as: Qualitative Examples
[kqZCOliBhV] figure_unnamed_figure.jpg -> classified as: Qualitative Examples
[kqZCOliBhV] figure_4.jpg -> classified as: Qualitative Examples
[kqZCOliBhV] figure_1.jpg -> classified as: Architecture Diagram
[kqZCOliBhV] figure_8.jpg -> classified as: Plots / Charts
[kqZCOliBhV] figure_12.jpg -> classified as: Plots / Charts
[kqZCOliBhV] figure_16.jpg -> classified as: Qualitative Examples
[kqZCOliBhV] figure_10.jpg -> classified as: Plots / Charts
[kqq95wrZWp] figure_19.jpg -> classified as: Qualitative Examples
[kqq95wrZWp] figure_5.jpg -> classified as: Qualitative Examples
[kqq95wrZWp] figure_6.jpg -> classified as: Plots / Charts
[kqq95wrZWp] figure_9.jpg -> classified as: Qualitative Examples
[kqq95wrZWp] figure_18.jpg -> classified as: Qualitative Examples
[kqq95wrZWp] figure_13.jpg -> classified as: Qualitative Examples
[kqq95wrZWp] figure_15.jpg -> classified as: Qualitative Examples
[kqq95wrZWp] figure_2.jpg -> classified as: Architecture Diagram
[kqq95wrZWp] figure_11.jpg -> classified as: Plots / Charts
[kqq95wrZWp] figure_3.jpg -> classified as: Qualitative Examples
[kqq95wrZWp] figure_4.jpg -> classified as: Qualitative Examples
[kqq95wrZWp] figure_17.jpg -> classified as: Qualitative Examples
[kqq95wrZWp] figure_1.jpg -> classified as: Plots / Charts
[kqq95wrZWp] figure_8.jpg -> classified as: Plots / Charts
[kqq95wrZWp] figure_12.jpg -> classified as: Qualitative Examples
[kqq95wrZWp] figure_14.jpg -> classified as: Qualitative Examples
[kqq95wrZWp] figure_16.jpg -> classified as: Qualitative Examples
[kqq95wrZWp] figure_10.jpg -> classified as: Qualitative Examples
[ktG8Tun1Cy] figure_“a_DSLR_photo_4.jpg -> classified as: Qualitative Examples
[ktG8Tun1Cy] figure_“a_DSLR_photo_5.jpg -> classified as: Qualitative Examples
[ktG8Tun1Cy] figure_“a_DSLR_photo_3.jpg -> classified as: Qualitative Examples
[ktG8Tun1Cy] figure_“a_DSLR_photo_7.jpg -> classified as: Qualitative Examples
[ktG8Tun1Cy] figure_“a_zoomed_out.jpg -> classified as: Qualitative Examples
[ktG8Tun1Cy] figure_“a_DSLR_photo_6.jpg -> classified as: Qualitative Examples
[ktG8Tun1Cy] figure_6.jpg -> classified as: Qualitative Examples
[ktG8Tun1Cy] figure_2.jpg -> classified as: Plots / Charts
[ktG8Tun1Cy] figure_“a_DSLR_photo_2.jpg -> classified as: Qualitative Examples
[ktG8Tun1Cy] figure_“a_zoomed_out_3.jpg -> classified as: Qualitative Examples
[ktG8Tun1Cy] figure_“a_DSLR_photo.jpg -> classified as: Qualitative Examples
[ktG8Tun1Cy] figure_7.jpg -> classified as: Qualitative Examples
[ktG8Tun1Cy] figure_“a_wide_angle.jpg -> classified as: Qualitative Examples
[ktG8Tun1Cy] figure_3.jpg -> classified as: Qualitative Examples
[ktG8Tun1Cy] figure_4.jpg -> classified as: Qualitative Examples
[ktG8Tun1Cy] figure_“a_zoomed_out_1.jpg -> classified as: Qualitative Examples
[ktG8Tun1Cy] figure_“a_zoomed_out_2.jpg -> classified as: Qualitative Examples
[ktG8Tun1Cy] figure_1.jpg -> classified as: Qualitative Examples
[ktG8Tun1Cy] figure_“a_DSLR_photo_1.jpg -> classified as: Qualitative Examples
[ktG8Tun1Cy] figure_“a_zoomed_out_4.jpg -> classified as: Qualitative Examples
[ktJAF3lxbi] figure_5.jpg -> classified as: Plots / Charts
[ktJAF3lxbi] figure_6.jpg -> classified as: Plots / Charts
[ktJAF3lxbi] figure_9.jpg -> classified as: Qualitative Examples
[ktJAF3lxbi] figure_2.jpg -> classified as: Plots / Charts
[ktJAF3lxbi] figure_7.jpg -> classified as: Plots / Charts
[ktJAF3lxbi] figure_3.jpg -> classified as: Plots / Charts
[ktJAF3lxbi] figure_4.jpg -> classified as: Plots / Charts
[ktJAF3lxbi] figure_1.jpg -> classified as: Qualitative Examples
[ktJAF3lxbi] figure_8.jpg -> classified as: Qualitative Examples
[ktJAF3lxbi] figure_10.jpg -> classified as: Qualitative Examples
[ktdETU9JBg] figure_’An_old_castle’.jpg -> classified as: Other
  -> Skipping second pass (Other)
[ktdETU9JBg] figure_’A_lighthouse’_Spatial.jpg -> classified as: Other
  -> Skipping second pass (Other)
[ktdETU9JBg] figure_Original.jpg -> classified as: Other
  -> Skipping second pass (Other)
[ktdETU9JBg] figure_’An_old_castle’_1.jpg -> classified as: Other
  -> Skipping second pass (Other)
[ktdETU9JBg] figure_5.jpg -> classified as: Qualitative Examples
[ktdETU9JBg] figure_6.jpg -> classified as: Qualitative Examples
[ktdETU9JBg] figure_9.jpg -> classified as: Plots / Charts
[ktdETU9JBg] figure_13.jpg -> classified as: Qualitative Examples
[ktdETU9JBg] figure_’A_lighthouse_with_1.jpg -> classified as: Teaser Image
[ktdETU9JBg] figure_15.jpg -> classified as: Qualitative Examples
[ktdETU9JBg] figure_2.jpg -> classified as: Architecture Diagram
[ktdETU9JBg] figure_11.jpg -> classified as: Plots / Charts
[ktdETU9JBg] figure_7.jpg -> classified as: Plots / Charts
[ktdETU9JBg] figure_3.jpg -> classified as: Plots / Charts
[ktdETU9JBg] figure_4.jpg -> classified as: Plots / Charts
[ktdETU9JBg] figure_No_text_Spatial.jpg -> classified as: Other
  -> Skipping second pass (Other)
[ktdETU9JBg] figure_1.jpg -> classified as: Qualitative Examples
[ktdETU9JBg] figure_8.jpg -> classified as: Plots / Charts
[ktdETU9JBg] figure_12.jpg -> classified as: Other
  -> Skipping second pass (Other)
[ktdETU9JBg] figure_’A_lighthouse_with.jpg -> classified as: Other
  -> Skipping second pass (Other)
[ktdETU9JBg] figure_14.jpg -> classified as: Qualitative Examples
[ktdETU9JBg] figure_16.jpg -> classified as: Plots / Charts
[ktdETU9JBg] figure_10.jpg -> classified as: Qualitative Examples
[kuutidLf6R] figure_5.jpg -> classified as: Plots / Charts
[kuutidLf6R] figure_6.jpg -> classified as: Plots / Charts
[kuutidLf6R] figure_9.jpg -> classified as: Plots / Charts
[kuutidLf6R] figure_2.jpg -> classified as: Plots / Charts
[kuutidLf6R] figure_11.jpg -> classified as: Qualitative Examples
[kuutidLf6R] figure_7.jpg -> classified as: Plots / Charts
[kuutidLf6R] figure_3.jpg -> classified as: Plots / Charts
[kuutidLf6R] figure_4.jpg -> classified as: Plots / Charts
[kuutidLf6R] figure_1.jpg -> classified as: Qualitative Examples
[kuutidLf6R] figure_8.jpg -> classified as: Plots / Charts
[kuutidLf6R] figure_10.jpg -> classified as: Plots / Charts
[kv5xE1p3jz] figure_5.jpg -> classified as: Qualitative Examples
[kv5xE1p3jz] figure_6.jpg -> classified as: Qualitative Examples
[kv5xE1p3jz] figure_9.jpg -> classified as: Qualitative Examples
[kv5xE1p3jz] figure_13.jpg -> classified as: Qualitative Examples
[kv5xE1p3jz] figure_2.jpg -> classified as: Architecture Diagram
[kv5xE1p3jz] figure_11.jpg -> classified as: Qualitative Examples
[kv5xE1p3jz] figure_3.jpg -> classified as: Qualitative Examples
[kv5xE1p3jz] figure_4.jpg -> classified as: Qualitative Examples
[kv5xE1p3jz] figure_A_photo_of.jpg -> classified as: Qualitative Examples
[kv5xE1p3jz] figure_1.jpg -> classified as: Qualitative Examples
[kv5xE1p3jz] figure_8.jpg -> classified as: Plots / Charts
[kv5xE1p3jz] figure_12.jpg -> classified as: Qualitative Examples
[kv5xE1p3jz] figure_10.jpg -> classified as: Qualitative Examples
[kwY3eL3QVh] figure_5.jpg -> classified as: Plots / Charts
[kwY3eL3QVh] figure_6.jpg -> classified as: Qualitative Examples
[kwY3eL3QVh] figure_9.jpg -> classified as: Architecture Diagram
[kwY3eL3QVh] figure_13.jpg -> classified as: Qualitative Examples
[kwY3eL3QVh] figure_15.jpg -> classified as: Plots / Charts
[kwY3eL3QVh] figure_2.jpg -> classified as: Qualitative Examples
[kwY3eL3QVh] figure_11.jpg -> classified as: Qualitative Examples
[kwY3eL3QVh] figure_7.jpg -> classified as: Plots / Charts
[kwY3eL3QVh] figure_3.jpg -> classified as: Plots / Charts
[kwY3eL3QVh] figure_4.jpg -> classified as: Plots / Charts
[kwY3eL3QVh] figure_1.jpg -> classified as: Architecture Diagram
[kwY3eL3QVh] figure_8.jpg -> classified as: Qualitative Examples
[kwY3eL3QVh] figure_12.jpg -> classified as: Qualitative Examples
[kwY3eL3QVh] figure_14.jpg -> classified as: Qualitative Examples
[kwY3eL3QVh] figure_16.jpg -> classified as: Qualitative Examples
[kwY3eL3QVh] figure_10.jpg -> classified as: Qualitative Examples
[kwqhn2VuG4] figure_5.jpg -> classified as: Plots / Charts
[kwqhn2VuG4] figure_6.jpg -> classified as: Plots / Charts
[kwqhn2VuG4] figure_9.jpg -> classified as: Plots / Charts
[kwqhn2VuG4] figure_2.jpg -> classified as: Architecture Diagram
[kwqhn2VuG4] figure_7.jpg -> classified as: Plots / Charts
[kwqhn2VuG4] figure_3.jpg -> classified as: Plots / Charts
[kwqhn2VuG4] figure_4.jpg -> classified as: Plots / Charts
[kwqhn2VuG4] figure_1.jpg -> classified as: Architecture Diagram
[kwqhn2VuG4] figure_8.jpg -> classified as: Plots / Charts
[kwqhn2VuG4] figure_10.jpg -> classified as: Plots / Charts
[kx2XZlmgB1] figure_5.jpg -> classified as: Qualitative Examples
[kx2XZlmgB1] figure_6.jpg -> classified as: Plots / Charts
[kx2XZlmgB1] figure_9.jpg -> classified as: Qualitative Examples
[kx2XZlmgB1] figure_2.jpg -> classified as: Architecture Diagram
[kx2XZlmgB1] figure_7.jpg -> classified as: Plots / Charts
[kx2XZlmgB1] figure_3.jpg -> classified as: Architecture Diagram
[kx2XZlmgB1] figure_4.jpg -> classified as: Qualitative Examples
[kx2XZlmgB1] figure_1.jpg -> classified as: Qualitative Examples
[kx2XZlmgB1] figure_8.jpg -> classified as: Qualitative Examples
[kx2XZlmgB1] figure_10.jpg -> classified as: Qualitative Examples
[kxD2LlPr40] figure_5.jpg -> classified as: Plots / Charts
[kxD2LlPr40] figure_A1.jpg -> classified as: Plots / Charts
[kxD2LlPr40] figure_6.jpg -> classified as: Plots / Charts
[kxD2LlPr40] figure_A2.jpg -> classified as: Plots / Charts
[kxD2LlPr40] figure_2.jpg -> classified as: Architecture Diagram
[kxD2LlPr40] figure_7.jpg -> classified as: Plots / Charts
[kxD2LlPr40] figure_3.jpg -> classified as: Plots / Charts
[kxD2LlPr40] figure_4.jpg -> classified as: Plots / Charts
[kxD2LlPr40] figure_A6.jpg -> classified as: Architecture Diagram
[kxD2LlPr40] figure_1.jpg -> classified as: Plots / Charts
[kxD2LlPr40] figure_A4.jpg -> classified as: Plots / Charts
[kxD2LlPr40] figure_A5.jpg -> classified as: Qualitative Examples
[kxD2LlPr40] figure_A3.jpg -> classified as: Plots / Charts
[kxFtMHItrf] figure_EnGAN_Uretinex_SNR-Net.jpg -> classified as: Qualitative Examples
[kxFtMHItrf] figure_5.jpg -> classified as: Qualitative Examples
[kxFtMHItrf] figure_6.jpg -> classified as: Qualitative Examples
[kxFtMHItrf] figure_Input_nGAN_Uretinex.jpg -> classified as: Qualitative Examples
[kxFtMHItrf] figure_Input.jpg -> classified as: Qualitative Examples
[kxFtMHItrf] figure_2.jpg -> classified as: Plots / Charts
[kxFtMHItrf] figure_7.jpg -> classified as: Qualitative Examples
[kxFtMHItrf] figure_3.jpg -> classified as: Architecture Diagram
[kxFtMHItrf] figure_4.jpg -> classified as: Qualitative Examples
[kxFtMHItrf] figure_Input_Illu._Illu..jpg -> classified as: Qualitative Examples
[kxFtMHItrf] figure_1.jpg -> classified as: Qualitative Examples
[kxLMnvnZv0] figure_A1.jpg -> classified as: Qualitative Examples
[kxLMnvnZv0] figure_A2.jpg -> classified as: Qualitative Examples
[kxLMnvnZv0] figure_2.jpg -> classified as: Architecture Diagram
[kxLMnvnZv0] figure_3.jpg -> classified as: Architecture Diagram
[kxLMnvnZv0] figure_1.jpg -> classified as: Plots / Charts
[kxLMnvnZv0] figure_A4.jpg -> classified as: Architecture Diagram
[kxLMnvnZv0] figure_A5.jpg -> classified as: Architecture Diagram
[kxLMnvnZv0] figure_A3.jpg -> classified as: Plots / Charts
[ky2JYPKkml] figure_5.jpg -> classified as: Qualitative Examples
[ky2JYPKkml] figure_2.jpg -> classified as: Architecture Diagram
[ky2JYPKkml] figure_3.jpg -> classified as: Plots / Charts
[ky2JYPKkml] figure_4.jpg -> classified as: Plots / Charts
[ky2JYPKkml] figure_1.jpg -> classified as: Architecture Diagram
[kzGuiRXZrQ] figure_5.jpg -> classified as: Plots / Charts
[kzGuiRXZrQ] figure_6.jpg -> classified as: Plots / Charts
[kzGuiRXZrQ] figure_9.jpg -> classified as: Plots / Charts
[kzGuiRXZrQ] figure_2.jpg -> classified as: Plots / Charts
[kzGuiRXZrQ] figure_7.jpg -> classified as: Plots / Charts
[kzGuiRXZrQ] figure_3.jpg -> classified as: Architecture Diagram
[kzGuiRXZrQ] figure_4.jpg -> classified as: Plots / Charts
[kzGuiRXZrQ] figure_1.jpg -> classified as: Plots / Charts
[kzGuiRXZrQ] figure_8.jpg -> classified as: Plots / Charts
[kzGuiRXZrQ] figure_10.jpg -> classified as: Plots / Charts
[l0pPTGMqZt] figure_5.jpg -> classified as: Plots / Charts
[l0pPTGMqZt] figure_6.jpg -> classified as: Plots / Charts
[l0pPTGMqZt] figure_2.jpg -> classified as: Qualitative Examples
[l0pPTGMqZt] figure_7.jpg -> classified as: Plots / Charts
[l0pPTGMqZt] figure_4.jpg -> classified as: Plots / Charts
[l0pPTGMqZt] figure_1.jpg -> classified as: Plots / Charts
[l0pPTGMqZt] figure_8.jpg -> classified as: Plots / Charts
[l0t2rumAvR] figure_A.jpg -> classified as: Qualitative Examples
[l0t2rumAvR] figure_2.jpg -> classified as: Architecture Diagram
[l0t2rumAvR] figure_F.jpg -> classified as: Qualitative Examples
[l0t2rumAvR] figure_B.jpg -> classified as: Qualitative Examples
[l0t2rumAvR] figure_E.jpg -> classified as: Plots / Charts
[l0t2rumAvR] figure_3.jpg -> classified as: Architecture Diagram
[l0t2rumAvR] figure_D.jpg -> classified as: Plots / Charts
[l0t2rumAvR] figure_C.jpg -> classified as: Qualitative Examples
[l0t2rumAvR] figure_1.jpg -> classified as: Architecture Diagram
[l1U6sEgYkb] figure_5.jpg -> classified as: Architecture Diagram
[l1U6sEgYkb] figure_6.jpg -> classified as: Plots / Charts
[l1U6sEgYkb] figure_2.jpg -> classified as: Architecture Diagram
[l1U6sEgYkb] figure_7.jpg -> classified as: Qualitative Examples
[l1U6sEgYkb] figure_3.jpg -> classified as: Architecture Diagram
[l1U6sEgYkb] figure_4.jpg -> classified as: Qualitative Examples
[l1U6sEgYkb] figure_1.jpg -> classified as: Plots / Charts
[l2zFn6TIQi] figure_30.jpg -> classified as: Qualitative Examples
[l2zFn6TIQi] figure_19.jpg -> classified as: Qualitative Examples
[l2zFn6TIQi] figure_6_1.jpg -> classified as: Qualitative Examples
[l2zFn6TIQi] figure_23.jpg -> classified as: Qualitative Examples
[l2zFn6TIQi] figure_29.jpg -> classified as: Plots / Charts
[l2zFn6TIQi] figure_24.jpg -> classified as: Qualitative Examples
[l2zFn6TIQi] figure_(a)_2_tier.jpg -> classified as: Plots / Charts
[l2zFn6TIQi] figure_6_2.jpg -> classified as: Qualitative Examples
[l2zFn6TIQi] figure_5.jpg -> classified as: Qualitative Examples
[l2zFn6TIQi] figure_6.jpg -> classified as: Plots / Charts
[l2zFn6TIQi] figure_9.jpg -> classified as: Plots / Charts
[l2zFn6TIQi] figure_22.jpg -> classified as: Qualitative Examples
[l2zFn6TIQi] figure_18.jpg -> classified as: Qualitative Examples
[l2zFn6TIQi] figure_13.jpg -> classified as: Plots / Charts
[l2zFn6TIQi] figure_15.jpg -> classified as: Plots / Charts
[l2zFn6TIQi] figure_2.jpg -> classified as: Plots / Charts
[l2zFn6TIQi] figure_20.jpg -> classified as: Qualitative Examples
[l2zFn6TIQi] figure_11.jpg -> classified as: Plots / Charts
[l2zFn6TIQi] figure_7.jpg -> classified as: Qualitative Examples
[l2zFn6TIQi] figure_3.jpg -> classified as: Plots / Charts
[l2zFn6TIQi] figure_4.jpg -> classified as: Plots / Charts
[l2zFn6TIQi] figure_31.jpg -> classified as: Plots / Charts
[l2zFn6TIQi] figure_17.jpg -> classified as: Plots / Charts
[l2zFn6TIQi] figure_1.jpg -> classified as: Qualitative Examples
[l2zFn6TIQi] figure_21_1.jpg -> classified as: Qualitative Examples
[l2zFn6TIQi] figure_8.jpg -> classified as: Architecture Diagram
[l2zFn6TIQi] figure_25.jpg -> classified as: Qualitative Examples
[l2zFn6TIQi] figure_21.jpg -> classified as: Qualitative Examples
[l2zFn6TIQi] figure_26.jpg -> classified as: Plots / Charts
[l2zFn6TIQi] figure_14.jpg -> classified as: Plots / Charts
[l2zFn6TIQi] figure_32.jpg -> classified as: Plots / Charts
[l2zFn6TIQi] figure_16.jpg -> classified as: Plots / Charts
[l2zFn6TIQi] figure_10.jpg -> classified as: Plots / Charts
[l60EM8md3t] figure_5.jpg -> classified as: Qualitative Examples
[l60EM8md3t] figure_2.jpg -> classified as: Plots / Charts
[l60EM8md3t] figure_3.jpg -> classified as: Plots / Charts
[l60EM8md3t] figure_4.jpg -> classified as: Qualitative Examples
[l60EM8md3t] figure_1.jpg -> classified as: Plots / Charts
[lAhWGOkpSR] figure_5.jpg -> classified as: Qualitative Examples
[lAhWGOkpSR] figure_6.jpg -> classified as: Plots / Charts
[lAhWGOkpSR] figure_9.jpg -> classified as: Qualitative Examples
[lAhWGOkpSR] figure_2.jpg -> classified as: Architecture Diagram
[lAhWGOkpSR] figure_7.jpg -> classified as: Plots / Charts
[lAhWGOkpSR] figure_3.jpg -> classified as: Qualitative Examples
[lAhWGOkpSR] figure_4.jpg -> classified as: Architecture Diagram
[lAhWGOkpSR] figure_1.jpg -> classified as: Plots / Charts
[lAhWGOkpSR] figure_8.jpg -> classified as: Qualitative Examples
[lBY65YaAho] figure_5.jpg -> classified as: Plots / Charts
[lBY65YaAho] figure_2.jpg -> classified as: Architecture Diagram
[lBY65YaAho] figure_3.jpg -> classified as: Plots / Charts
[lBY65YaAho] figure_4.jpg -> classified as: Plots / Charts
[lBY65YaAho] figure_1.jpg -> classified as: Plots / Charts
[lBdE9r5XZV] figure_19.jpg -> classified as: Qualitative Examples
[lBdE9r5XZV] figure_5.jpg -> classified as: Plots / Charts
[lBdE9r5XZV] figure_6.jpg -> classified as: Architecture Diagram
[lBdE9r5XZV] figure_9.jpg -> classified as: Qualitative Examples
[lBdE9r5XZV] figure_18.jpg -> classified as: Qualitative Examples
[lBdE9r5XZV] figure_13.jpg -> classified as: Qualitative Examples
[lBdE9r5XZV] figure_2.jpg -> classified as: Architecture Diagram
[lBdE9r5XZV] figure_20.jpg -> classified as: Qualitative Examples
[lBdE9r5XZV] figure_11.jpg -> classified as: Qualitative Examples
[lBdE9r5XZV] figure_7.jpg -> classified as: Qualitative Examples
[lBdE9r5XZV] figure_3.jpg -> classified as: Plots / Charts
[lBdE9r5XZV] figure_4.jpg -> classified as: Plots / Charts
[lBdE9r5XZV] figure_17.jpg -> classified as: Qualitative Examples
[lBdE9r5XZV] figure_1.jpg -> classified as: Qualitative Examples
[lBdE9r5XZV] figure_8.jpg -> classified as: Qualitative Examples
[lBdE9r5XZV] figure_14.jpg -> classified as: Qualitative Examples
[lBdE9r5XZV] figure_16.jpg -> classified as: Qualitative Examples
[lBdE9r5XZV] figure_10.jpg -> classified as: Plots / Charts
[lCasyP21Bf] figure_6.jpg -> classified as: Architecture Diagram
[lCasyP21Bf] figure_2.jpg -> classified as: Plots / Charts
[lCasyP21Bf] figure_7.jpg -> classified as: Plots / Charts
[lCasyP21Bf] figure_3.jpg -> classified as: Plots / Charts
[lCasyP21Bf] figure_1.jpg -> classified as: Plots / Charts
[lCasyP21Bf] figure_8.jpg -> classified as: Plots / Charts
[lDbjooxLkD] figure_5.jpg -> classified as: Plots / Charts
[lDbjooxLkD] figure_6.jpg -> classified as: Plots / Charts
[lDbjooxLkD] figure_9.jpg -> classified as: Plots / Charts
[lDbjooxLkD] figure_13.jpg -> classified as: Plots / Charts
[lDbjooxLkD] figure_2.jpg -> classified as: Plots / Charts
[lDbjooxLkD] figure_11.jpg -> classified as: Plots / Charts
[lDbjooxLkD] figure_7.jpg -> classified as: Plots / Charts
[lDbjooxLkD] figure_3.jpg -> classified as: Plots / Charts
[lDbjooxLkD] figure_4.jpg -> classified as: Plots / Charts
[lDbjooxLkD] figure_1.jpg -> classified as: Plots / Charts
[lDbjooxLkD] figure_12.jpg -> classified as: Plots / Charts
[lDbjooxLkD] figure_10.jpg -> classified as: Plots / Charts
[lE9s40eZgJ] figure_3.jpg -> classified as: Plots / Charts
[lE9s40eZgJ] figure_4.jpg -> classified as: Plots / Charts
[lE9s40eZgJ] figure_1.jpg -> classified as: Qualitative Examples
[lEmm0hYA2u] figure_2.jpg -> classified as: Plots / Charts
[lEmm0hYA2u] figure_3.jpg -> classified as: Plots / Charts
[lEmm0hYA2u] figure_4.jpg -> classified as: Plots / Charts
[lEmm0hYA2u] figure_1.jpg -> classified as: Plots / Charts
[lFYj0oibGR] figure_5.jpg -> classified as: Plots / Charts
[lFYj0oibGR] figure_6.jpg -> classified as: Plots / Charts
[lFYj0oibGR] figure_9.jpg -> classified as: Plots / Charts
[lFYj0oibGR] figure_2.jpg -> classified as: Architecture Diagram
[lFYj0oibGR] figure_11.jpg -> classified as: Architecture Diagram
[lFYj0oibGR] figure_7.jpg -> classified as: Qualitative Examples
[lFYj0oibGR] figure_3.jpg -> classified as: Plots / Charts
[lFYj0oibGR] figure_4.jpg -> classified as: Qualitative Examples
[lFYj0oibGR] figure_1.jpg -> classified as: Architecture Diagram
[lFYj0oibGR] figure_8.jpg -> classified as: Plots / Charts
[lFYj0oibGR] figure_10.jpg -> classified as: Qualitative Examples
[lGUyAuuTYZ] figure_5.jpg -> classified as: Plots / Charts
[lGUyAuuTYZ] figure_2.jpg -> classified as: Plots / Charts
[lGUyAuuTYZ] figure_3.jpg -> classified as: Architecture Diagram
[lGUyAuuTYZ] figure_4.jpg -> classified as: Plots / Charts
[lGUyAuuTYZ] figure_1.jpg -> classified as: Plots / Charts
[lIVRgt4nLv] figure_5.jpg -> classified as: Plots / Charts
[lIVRgt4nLv] figure_6.jpg -> classified as: Plots / Charts
[lIVRgt4nLv] figure_9.jpg -> classified as: Qualitative Examples
[lIVRgt4nLv] figure_13.jpg -> classified as: Qualitative Examples
[lIVRgt4nLv] figure_15.jpg -> classified as: Qualitative Examples
[lIVRgt4nLv] figure_2.jpg -> classified as: Plots / Charts
[lIVRgt4nLv] figure_11.jpg -> classified as: Qualitative Examples
[lIVRgt4nLv] figure_7.jpg -> classified as: Plots / Charts
[lIVRgt4nLv] figure_3.jpg -> classified as: Architecture Diagram
[lIVRgt4nLv] figure_4.jpg -> classified as: Architecture Diagram
[lIVRgt4nLv] figure_17.jpg -> classified as: Qualitative Examples
[lIVRgt4nLv] figure_1.jpg -> classified as: Architecture Diagram
[lIVRgt4nLv] figure_8.jpg -> classified as: Architecture Diagram
[lIVRgt4nLv] figure_12.jpg -> classified as: Qualitative Examples
[lIVRgt4nLv] figure_14.jpg -> classified as: Plots / Charts
[lIVRgt4nLv] figure_16.jpg -> classified as: Qualitative Examples
[lIVRgt4nLv] figure_10.jpg -> classified as: Qualitative Examples
[lJkOCMP2aW] figure_5.jpg -> classified as: Plots / Charts
[lJkOCMP2aW] figure_6.jpg -> classified as: Plots / Charts
[lJkOCMP2aW] figure_2.jpg -> classified as: Architecture Diagram
[lJkOCMP2aW] figure_3.jpg -> classified as: Architecture Diagram
[lJkOCMP2aW] figure_4.jpg -> classified as: Plots / Charts
[lJkOCMP2aW] figure_1.jpg -> classified as: Plots / Charts
[lJpqxFgWCM] figure_A7.jpg -> classified as: Qualitative Examples
[lJpqxFgWCM] figure_A1.jpg -> classified as: Qualitative Examples
[lJpqxFgWCM] figure_A8.jpg -> classified as: Qualitative Examples
[lJpqxFgWCM] figure_A2.jpg -> classified as: Qualitative Examples
[lJpqxFgWCM] figure_2.jpg -> classified as: Qualitative Examples
[lJpqxFgWCM] figure_3.jpg -> classified as: Architecture Diagram
[lJpqxFgWCM] figure_4.jpg -> classified as: Qualitative Examples
[lJpqxFgWCM] figure_A6.jpg -> classified as: Qualitative Examples
[lJpqxFgWCM] figure_1.jpg -> classified as: Qualitative Examples
[lJpqxFgWCM] figure_A4.jpg -> classified as: Plots / Charts
[lJpqxFgWCM] figure_A5.jpg -> classified as: Qualitative Examples
[lJpqxFgWCM] figure_A3.jpg -> classified as: Plots / Charts
[lK2V2E2MNv] figure_5.jpg -> classified as: Architecture Diagram
[lK2V2E2MNv] figure_6.jpg -> classified as: Qualitative Examples
[lK2V2E2MNv] figure_2.jpg -> classified as: Architecture Diagram
[lK2V2E2MNv] figure_7.jpg -> classified as: Plots / Charts
[lK2V2E2MNv] figure_3.jpg -> classified as: Qualitative Examples
[lK2V2E2MNv] figure_4.jpg -> classified as: Qualitative Examples
[lK2V2E2MNv] figure_1.jpg -> classified as: Architecture Diagram
[lK2V2E2MNv] figure_8.jpg -> classified as: Plots / Charts
[lK4QHgjUU8] figure_5.jpg -> classified as: Plots / Charts
[lK4QHgjUU8] figure_6.jpg -> classified as: Plots / Charts
[lK4QHgjUU8] figure_9.jpg -> classified as: Qualitative Examples
[lK4QHgjUU8] figure_2.jpg -> classified as: Architecture Diagram
[lK4QHgjUU8] figure_7.jpg -> classified as: Plots / Charts
[lK4QHgjUU8] figure_3.jpg -> classified as: Qualitative Examples
[lK4QHgjUU8] figure_4.jpg -> classified as: Qualitative Examples
[lK4QHgjUU8] figure_1.jpg -> classified as: Plots / Charts
[lK4QHgjUU8] figure_8.jpg -> classified as: Qualitative Examples
[lKK50q2MtV] figure_5.jpg -> classified as: Qualitative Examples
[lKK50q2MtV] figure_6.jpg -> classified as: Qualitative Examples
[lKK50q2MtV] figure_2.jpg -> classified as: Qualitative Examples
[lKK50q2MtV] figure_7.jpg -> classified as: Qualitative Examples
[lKK50q2MtV] figure_3.jpg -> classified as: Qualitative Examples
[lKK50q2MtV] figure_4.jpg -> classified as: Architecture Diagram
[lKK50q2MtV] figure_1.jpg -> classified as: Qualitative Examples
[lMcoxeMYYw] figure_5.jpg -> classified as: Other
  -> Skipping second pass (Other)
[lMcoxeMYYw] figure_6.jpg -> classified as: Qualitative Examples
[lMcoxeMYYw] figure_2.jpg -> classified as: Architecture Diagram
[lMcoxeMYYw] figure_3.jpg -> classified as: Qualitative Examples
[lMcoxeMYYw] figure_1.jpg -> classified as: Qualitative Examples
[lMcoxeMYYw] figure_8.jpg -> classified as: Qualitative Examples
[lNZJyEDxy4] figure_5.jpg -> classified as: Other
  -> Skipping second pass (Other)
[lNZJyEDxy4] figure_6.jpg -> classified as: Plots / Charts
[lNZJyEDxy4] figure_9.jpg -> classified as: Other
  -> Skipping second pass (Other)
[lNZJyEDxy4] figure_2.jpg -> classified as: Plots / Charts
[lNZJyEDxy4] figure_7.jpg -> classified as: Plots / Charts
[lNZJyEDxy4] figure_3.jpg -> classified as: Plots / Charts
[lNZJyEDxy4] figure_4.jpg -> classified as: Plots / Charts
[lNZJyEDxy4] figure_1.jpg -> classified as: Architecture Diagram
[lNZJyEDxy4] figure_8.jpg -> classified as: Plots / Charts
[lNZJyEDxy4] figure_10.jpg -> classified as: Qualitative Examples
[lOwkOIUJtx] figure_(c)_Foveal-peripheral_views_1.jpg -> classified as: Qualitative Examples
[lOwkOIUJtx] figure_5.jpg -> classified as: Plots / Charts
[lOwkOIUJtx] figure_9.jpg -> classified as: Qualitative Examples
[lOwkOIUJtx] figure_2.jpg -> classified as: Qualitative Examples
[lOwkOIUJtx] figure_7.jpg -> classified as: Qualitative Examples
[lOwkOIUJtx] figure_3.jpg -> classified as: Plots / Charts
[lOwkOIUJtx] figure_4.jpg -> classified as: Plots / Charts
[lOwkOIUJtx] figure_(c)_Foveal-peripheral_views.jpg -> classified as: Qualitative Examples
[lOwkOIUJtx] figure_1.jpg -> classified as: Architecture Diagram
[lOwkOIUJtx] figure_8.jpg -> classified as: Qualitative Examples
[lOwkOIUJtx] figure_10.jpg -> classified as: Qualitative Examples
[lR3rk7ysXz] figure_5.jpg -> classified as: Plots / Charts
[lR3rk7ysXz] figure_6.jpg -> classified as: Plots / Charts
[lR3rk7ysXz] figure_9.jpg -> classified as: Plots / Charts
[lR3rk7ysXz] figure_13.jpg -> classified as: Plots / Charts
[lR3rk7ysXz] figure_2.jpg -> classified as: Qualitative Examples
[lR3rk7ysXz] figure_11.jpg -> classified as: Plots / Charts
[lR3rk7ysXz] figure_7.jpg -> classified as: Plots / Charts
[lR3rk7ysXz] figure_3.jpg -> classified as: Plots / Charts
[lR3rk7ysXz] figure_4.jpg -> classified as: Plots / Charts
[lR3rk7ysXz] figure_1.jpg -> classified as: Plots / Charts
[lR3rk7ysXz] figure_8.jpg -> classified as: Plots / Charts
[lR3rk7ysXz] figure_12.jpg -> classified as: Plots / Charts
[lR3rk7ysXz] figure_14.jpg -> classified as: Plots / Charts
[lR3rk7ysXz] figure_10.jpg -> classified as: Qualitative Examples
[lROh08eK6n] figure_5.jpg -> classified as: Other
  -> Skipping second pass (Other)
[lROh08eK6n] figure_6.jpg -> classified as: Plots / Charts
[lROh08eK6n] figure_9.jpg -> classified as: Plots / Charts
[lROh08eK6n] figure_13.jpg -> classified as: Plots / Charts
[lROh08eK6n] figure_15.jpg -> classified as: Qualitative Examples
[lROh08eK6n] figure_2.jpg -> classified as: Architecture Diagram
[lROh08eK6n] figure_11.jpg -> classified as: Plots / Charts
[lROh08eK6n] figure_7.jpg -> classified as: Plots / Charts
[lROh08eK6n] figure_3.jpg -> classified as: Plots / Charts
[lROh08eK6n] figure_4.jpg -> classified as: Architecture Diagram
[lROh08eK6n] figure_1.jpg -> classified as: Architecture Diagram
[lROh08eK6n] figure_8.jpg -> classified as: Plots / Charts
[lROh08eK6n] figure_12.jpg -> classified as: Plots / Charts
[lROh08eK6n] figure_14.jpg -> classified as: Plots / Charts
[lROh08eK6n] figure_16.jpg -> classified as: Qualitative Examples
[lROh08eK6n] figure_10.jpg -> classified as: Plots / Charts
[lS2SGfWizd] figure_30.jpg -> classified as: Qualitative Examples
[lS2SGfWizd] figure_19.jpg -> classified as: Qualitative Examples
[lS2SGfWizd] figure_23.jpg -> classified as: Qualitative Examples
[lS2SGfWizd] figure_29.jpg -> classified as: Qualitative Examples
[lS2SGfWizd] figure_24.jpg -> classified as: Qualitative Examples
[lS2SGfWizd] figure_6.jpg -> classified as: Plots / Charts
[lS2SGfWizd] figure_9.jpg -> classified as: Qualitative Examples
[lS2SGfWizd] figure_22.jpg -> classified as: Qualitative Examples
[lS2SGfWizd] figure_28.jpg -> classified as: Qualitative Examples
[lS2SGfWizd] figure_18.jpg -> classified as: Qualitative Examples
[lS2SGfWizd] figure_Listing_2__Modified.jpg -> classified as: Other
  -> Skipping second pass (Other)
[lS2SGfWizd] figure_13.jpg -> classified as: Qualitative Examples
[lS2SGfWizd] figure_15.jpg -> classified as: Qualitative Examples
[lS2SGfWizd] figure_2.jpg -> classified as: Plots / Charts
[lS2SGfWizd] figure_20.jpg -> classified as: Qualitative Examples
[lS2SGfWizd] figure_11.jpg -> classified as: Qualitative Examples
[lS2SGfWizd] figure_7.jpg -> classified as: Plots / Charts
[lS2SGfWizd] figure_34.jpg -> classified as: Qualitative Examples
[lS2SGfWizd] figure_3.jpg -> classified as: Plots / Charts
[lS2SGfWizd] figure_33.jpg -> classified as: Qualitative Examples
[lS2SGfWizd] figure_4.jpg -> classified as: Plots / Charts
[lS2SGfWizd] figure_31.jpg -> classified as: Qualitative Examples
[lS2SGfWizd] figure_17.jpg -> classified as: Qualitative Examples
[lS2SGfWizd] figure_1.jpg -> classified as: Plots / Charts
[lS2SGfWizd] figure_27.jpg -> classified as: Qualitative Examples
[lS2SGfWizd] figure_8.jpg -> classified as: Qualitative Examples
[lS2SGfWizd] figure_12.jpg -> classified as: Qualitative Examples
[lS2SGfWizd] figure_25.jpg -> classified as: Qualitative Examples
[lS2SGfWizd] figure_21.jpg -> classified as: Qualitative Examples
[lS2SGfWizd] figure_26.jpg -> classified as: Qualitative Examples
[lS2SGfWizd] figure_14.jpg -> classified as: Qualitative Examples
[lS2SGfWizd] figure_32.jpg -> classified as: Qualitative Examples
[lS2SGfWizd] figure_16.jpg -> classified as: Qualitative Examples
[lS2SGfWizd] figure_10.jpg -> classified as: Qualitative Examples
[lSYPdXPuD9] figure_5.jpg -> classified as: Qualitative Examples
[lSYPdXPuD9] figure_6.jpg -> classified as: Qualitative Examples
[lSYPdXPuD9] figure_2.jpg -> classified as: Qualitative Examples
[lSYPdXPuD9] figure_3.jpg -> classified as: Architecture Diagram
[lSYPdXPuD9] figure_4.jpg -> classified as: Architecture Diagram
[lTrrnNdkOX] figure_5.jpg -> classified as: Qualitative Examples
[lTrrnNdkOX] figure_6.jpg -> classified as: Qualitative Examples
[lTrrnNdkOX] figure_9.jpg -> classified as: Plots / Charts
[lTrrnNdkOX] figure_2.jpg -> classified as: Plots / Charts
[lTrrnNdkOX] figure_11.jpg -> classified as: Qualitative Examples
[lTrrnNdkOX] figure_7.jpg -> classified as: Plots / Charts
[lTrrnNdkOX] figure_3.jpg -> classified as: Architecture Diagram
[lTrrnNdkOX] figure_4.jpg -> classified as: Architecture Diagram
[lTrrnNdkOX] figure_1.jpg -> classified as: Qualitative Examples
[lTrrnNdkOX] figure_8.jpg -> classified as: Qualitative Examples
[lTrrnNdkOX] figure_10.jpg -> classified as: Plots / Charts
[lVZ7Tafw51] figure_5.jpg -> classified as: Plots / Charts
[lVZ7Tafw51] figure_6.jpg -> classified as: Plots / Charts
[lVZ7Tafw51] figure_2.jpg -> classified as: Architecture Diagram
[lVZ7Tafw51] figure_7.jpg -> classified as: Plots / Charts
[lVZ7Tafw51] figure_3.jpg -> classified as: Plots / Charts
[lVZ7Tafw51] figure_4.jpg -> classified as: Architecture Diagram
[lVZ7Tafw51] figure_1.jpg -> classified as: Plots / Charts
[lVZ7Tafw51] figure_8.jpg -> classified as: Plots / Charts
[lVp97zZ5i8] figure_5.jpg -> classified as: Plots / Charts
[lVp97zZ5i8] figure_6.jpg -> classified as: Architecture Diagram
[lVp97zZ5i8] figure_2.jpg -> classified as: Architecture Diagram
[lVp97zZ5i8] figure_7.jpg -> classified as: Qualitative Examples
[lVp97zZ5i8] figure_3.jpg -> classified as: Architecture Diagram
[lVp97zZ5i8] figure_4.jpg -> classified as: Qualitative Examples
[lVp97zZ5i8] figure_1.jpg -> classified as: Other
  -> Skipping second pass (Other)
[lYtY3RV5nv] figure_5.jpg -> classified as: Plots / Charts
[lYtY3RV5nv] figure_9.jpg -> classified as: Other
  -> Skipping second pass (Other)
[lYtY3RV5nv] figure_2.jpg -> classified as: Qualitative Examples
[lYtY3RV5nv] figure_3.jpg -> classified as: Qualitative Examples
[lYtY3RV5nv] figure_4.jpg -> classified as: Qualitative Examples
[lYtY3RV5nv] figure_1.jpg -> classified as: Qualitative Examples
[lYtY3RV5nv] figure_8.jpg -> classified as: Other
  -> Skipping second pass (Other)
[ldVkAO09Km] figure_5.jpg -> classified as: Plots / Charts
[ldVkAO09Km] figure_6.jpg -> classified as: Plots / Charts
[ldVkAO09Km] figure_9.jpg -> classified as: Plots / Charts
[ldVkAO09Km] figure_2.jpg -> classified as: Plots / Charts
[ldVkAO09Km] figure_11.jpg -> classified as: Plots / Charts
[ldVkAO09Km] figure_7.jpg -> classified as: Plots / Charts
[ldVkAO09Km] figure_3.jpg -> classified as: Plots / Charts
[ldVkAO09Km] figure_4.jpg -> classified as: Plots / Charts
[ldVkAO09Km] figure_1.jpg -> classified as: Qualitative Examples
[ldVkAO09Km] figure_8.jpg -> classified as: Plots / Charts
[ldVkAO09Km] figure_10.jpg -> classified as: Plots / Charts
[le4IoZZHy1] figure_44.jpg -> classified as: Plots / Charts
[le4IoZZHy1] figure_30.jpg -> classified as: Qualitative Examples
[le4IoZZHy1] figure_43.jpg -> classified as: Plots / Charts
[le4IoZZHy1] figure_19.jpg -> classified as: Qualitative Examples
[le4IoZZHy1] figure_23.jpg -> classified as: Qualitative Examples
[le4IoZZHy1] figure_29.jpg -> classified as: Qualitative Examples
[le4IoZZHy1] figure_24.jpg -> classified as: Qualitative Examples
[le4IoZZHy1] figure_9.jpg -> classified as: Plots / Charts
[le4IoZZHy1] figure_42.jpg -> classified as: Plots / Charts
[le4IoZZHy1] figure_39.jpg -> classified as: Qualitative Examples
[le4IoZZHy1] figure_22.jpg -> classified as: Qualitative Examples
[le4IoZZHy1] figure_28.jpg -> classified as: Qualitative Examples
[le4IoZZHy1] figure_18.jpg -> classified as: Qualitative Examples
[le4IoZZHy1] figure_13.jpg -> classified as: Qualitative Examples
[le4IoZZHy1] figure_15.jpg -> classified as: Qualitative Examples
[le4IoZZHy1] figure_2.jpg -> classified as: Plots / Charts
[le4IoZZHy1] figure_38.jpg -> classified as: Qualitative Examples
[le4IoZZHy1] figure_20.jpg -> classified as: Qualitative Examples
[le4IoZZHy1] figure_11.jpg -> classified as: Qualitative Examples
[le4IoZZHy1] figure_35.jpg -> classified as: Qualitative Examples
[le4IoZZHy1] figure_7.jpg -> classified as: Plots / Charts
[le4IoZZHy1] figure_34.jpg -> classified as: Qualitative Examples
[le4IoZZHy1] figure_3.jpg -> classified as: Plots / Charts
[le4IoZZHy1] figure_33.jpg -> classified as: Qualitative Examples
[le4IoZZHy1] figure_4.jpg -> classified as: Plots / Charts
[le4IoZZHy1] figure_36.jpg -> classified as: Other
  -> Skipping second pass (Other)
[le4IoZZHy1] figure_40.jpg -> classified as: Qualitative Examples
[le4IoZZHy1] figure_31.jpg -> classified as: Qualitative Examples
[le4IoZZHy1] figure_17.jpg -> classified as: Qualitative Examples
[le4IoZZHy1] figure_41.jpg -> classified as: Other
  -> Skipping second pass (Other)
[le4IoZZHy1] figure_1.jpg -> classified as: Qualitative Examples
[le4IoZZHy1] figure_27.jpg -> classified as: Qualitative Examples
[le4IoZZHy1] figure_37.jpg -> classified as: Qualitative Examples
[le4IoZZHy1] figure_8.jpg -> classified as: Plots / Charts
[le4IoZZHy1] figure_12.jpg -> classified as: Qualitative Examples
[le4IoZZHy1] figure_25.jpg -> classified as: Qualitative Examples
[le4IoZZHy1] figure_21.jpg -> classified as: Qualitative Examples
[le4IoZZHy1] figure_14.jpg -> classified as: Qualitative Examples
[le4IoZZHy1] figure_32.jpg -> classified as: Qualitative Examples
[le4IoZZHy1] figure_16.jpg -> classified as: Qualitative Examples
[le4IoZZHy1] figure_10.jpg -> classified as: Architecture Diagram
[leBbjaUxut] figure_61.jpg -> classified as: Qualitative Examples
[leBbjaUxut] figure_44.jpg -> classified as: Qualitative Examples
[leBbjaUxut] figure_30.jpg -> classified as: Plots / Charts
[leBbjaUxut] figure_43.jpg -> classified as: Qualitative Examples
[leBbjaUxut] figure_19.jpg -> classified as: Qualitative Examples
[leBbjaUxut] figure_71.jpg -> classified as: Qualitative Examples
[leBbjaUxut] figure_82.jpg -> classified as: Other
  -> Skipping second pass (Other)
[leBbjaUxut] figure_63.jpg -> classified as: Qualitative Examples
[leBbjaUxut] figure_54.jpg -> classified as: Qualitative Examples
[leBbjaUxut] figure_69.jpg -> classified as: Qualitative Examples
[leBbjaUxut] figure_23.jpg -> classified as: Qualitative Examples
[leBbjaUxut] figure_47.jpg -> classified as: Qualitative Examples
[leBbjaUxut] figure_62.jpg -> classified as: Qualitative Examples
[leBbjaUxut] figure_64.jpg -> classified as: Qualitative Examples
[leBbjaUxut] figure_29.jpg -> classified as: Plots / Charts
[leBbjaUxut] figure_24.jpg -> classified as: Qualitative Examples
[leBbjaUxut] figure_5.jpg -> classified as: Plots / Charts
[leBbjaUxut] figure_86.jpg -> classified as: Qualitative Examples
[leBbjaUxut] figure_6.jpg -> classified as: Plots / Charts
[leBbjaUxut] figure_57.jpg -> classified as: Qualitative Examples
[leBbjaUxut] figure_90.jpg -> classified as: Qualitative Examples
[leBbjaUxut] figure_9.jpg -> classified as: Plots / Charts
[leBbjaUxut] figure_42.jpg -> classified as: Qualitative Examples
[leBbjaUxut] figure_46.jpg -> classified as: Qualitative Examples
[leBbjaUxut] figure_39.jpg -> classified as: Qualitative Examples
[leBbjaUxut] figure_89.jpg -> classified as: Qualitative Examples
[leBbjaUxut] figure_22.jpg -> classified as: Plots / Charts
[leBbjaUxut] figure_28.jpg -> classified as: Qualitative Examples
[leBbjaUxut] figure_18.jpg -> classified as: Plots / Charts
[leBbjaUxut] figure_13.jpg -> classified as: Plots / Charts
[leBbjaUxut] figure_85.jpg -> classified as: Qualitative Examples
[leBbjaUxut] figure_15.jpg -> classified as: Plots / Charts
[leBbjaUxut] figure_55.jpg -> classified as: Qualitative Examples
[leBbjaUxut] figure_2.jpg -> classified as: Architecture Diagram
[leBbjaUxut] figure_38.jpg -> classified as: Qualitative Examples
[leBbjaUxut] figure_20.jpg -> classified as: Plots / Charts
[leBbjaUxut] figure_75.jpg -> classified as: Qualitative Examples
[leBbjaUxut] figure_81.jpg -> classified as: Qualitative Examples
[leBbjaUxut] figure_91.jpg -> classified as: Qualitative Examples
[leBbjaUxut] figure_67.jpg -> classified as: Qualitative Examples
[leBbjaUxut] figure_53.jpg -> classified as: Qualitative Examples
[leBbjaUxut] figure_88.jpg -> classified as: Plots / Charts
[leBbjaUxut] figure_11.jpg -> classified as: Plots / Charts
[leBbjaUxut] figure_87.jpg -> classified as: Qualitative Examples
[leBbjaUxut] figure_60.jpg -> classified as: Qualitative Examples
[leBbjaUxut] figure_68.jpg -> classified as: Qualitative Examples
[leBbjaUxut] figure_35.jpg -> classified as: Plots / Charts
[leBbjaUxut] figure_58.jpg -> classified as: Qualitative Examples
[leBbjaUxut] figure_50.jpg -> classified as: Qualitative Examples
[leBbjaUxut] figure_76.jpg -> classified as: Qualitative Examples
[leBbjaUxut] figure_52.jpg -> classified as: Qualitative Examples
[leBbjaUxut] figure_7.jpg -> classified as: Plots / Charts
[leBbjaUxut] figure_34.jpg -> classified as: Plots / Charts
[leBbjaUxut] figure_49.jpg -> classified as: Qualitative Examples
[leBbjaUxut] figure_3.jpg -> classified as: Plots / Charts
[leBbjaUxut] figure_33.jpg -> classified as: Qualitative Examples
[leBbjaUxut] figure_83.jpg -> classified as: Qualitative Examples
[leBbjaUxut] figure_4.jpg -> classified as: Qualitative Examples
[leBbjaUxut] figure_36.jpg -> classified as: Qualitative Examples
[leBbjaUxut] figure_72.jpg -> classified as: Qualitative Examples
[leBbjaUxut] figure_40.jpg -> classified as: Qualitative Examples
[leBbjaUxut] figure_31.jpg -> classified as: Qualitative Examples
[leBbjaUxut] figure_17.jpg -> classified as: Plots / Charts
[leBbjaUxut] figure_73.jpg -> classified as: Qualitative Examples
[leBbjaUxut] figure_45.jpg -> classified as: Qualitative Examples
[leBbjaUxut] figure_65.jpg -> classified as: Qualitative Examples
[leBbjaUxut] figure_41.jpg -> classified as: Qualitative Examples
[leBbjaUxut] figure_48.jpg -> classified as: Qualitative Examples
[leBbjaUxut] figure_1.jpg -> classified as: Qualitative Examples
[leBbjaUxut] figure_59.jpg -> classified as: Qualitative Examples
[leBbjaUxut] figure_27.jpg -> classified as: Qualitative Examples
[leBbjaUxut] figure_78.jpg -> classified as: Qualitative Examples
[leBbjaUxut] figure_70.jpg -> classified as: Qualitative Examples
[leBbjaUxut] figure_77.jpg -> classified as: Qualitative Examples
[leBbjaUxut] figure_37.jpg -> classified as: Qualitative Examples
[leBbjaUxut] figure_8.jpg -> classified as: Plots / Charts
[leBbjaUxut] figure_51.jpg -> classified as: Qualitative Examples
[leBbjaUxut] figure_12.jpg -> classified as: Plots / Charts
[leBbjaUxut] figure_25.jpg -> classified as: Plots / Charts
[leBbjaUxut] figure_56.jpg -> classified as: Qualitative Examples
[leBbjaUxut] figure_21.jpg -> classified as: Qualitative Examples
[leBbjaUxut] figure_80.jpg -> classified as: Qualitative Examples
[leBbjaUxut] figure_26.jpg -> classified as: Qualitative Examples
[leBbjaUxut] figure_74.jpg -> classified as: Qualitative Examples
[leBbjaUxut] figure_14.jpg -> classified as: Qualitative Examples
[leBbjaUxut] figure_32.jpg -> classified as: Qualitative Examples
[leBbjaUxut] figure_79.jpg -> classified as: Qualitative Examples
[leBbjaUxut] figure_16.jpg -> classified as: Plots / Charts
[leBbjaUxut] figure_66.jpg -> classified as: Qualitative Examples
[leBbjaUxut] figure_10.jpg -> classified as: Plots / Charts
[leBbjaUxut] figure_84.jpg -> classified as: Qualitative Examples
[lgvOSEMEQS] figure_2.jpg -> classified as: Plots / Charts
[lgvOSEMEQS] figure_3.jpg -> classified as: Plots / Charts
[lgvOSEMEQS] figure_1.jpg -> classified as: Architecture Diagram
[lhZEodF8Dn] figure_5.jpg -> classified as: Plots / Charts
[lhZEodF8Dn] figure_6.jpg -> classified as: Plots / Charts
[lhZEodF8Dn] figure_9.jpg -> classified as: Qualitative Examples
[lhZEodF8Dn] figure_2.jpg -> classified as: Plots / Charts
[lhZEodF8Dn] figure_7.jpg -> classified as: Plots / Charts
[lhZEodF8Dn] figure_3.jpg -> classified as: Plots / Charts
[lhZEodF8Dn] figure_4.jpg -> classified as: Plots / Charts
[lhZEodF8Dn] figure_1.jpg -> classified as: Other
  -> Skipping second pass (Other)
[lhZEodF8Dn] figure_8.jpg -> classified as: Qualitative Examples
[lidVssyB7G] figure_5.jpg -> classified as: Plots / Charts
[lidVssyB7G] figure_6.jpg -> classified as: Plots / Charts
[lidVssyB7G] figure_9.jpg -> classified as: Plots / Charts
[lidVssyB7G] figure_13.jpg -> classified as: Plots / Charts
[lidVssyB7G] figure_2.jpg -> classified as: Qualitative Examples
[lidVssyB7G] figure_11.jpg -> classified as: Plots / Charts
[lidVssyB7G] figure_7.jpg -> classified as: Plots / Charts
[lidVssyB7G] figure_3.jpg -> classified as: Plots / Charts
[lidVssyB7G] figure_4.jpg -> classified as: Plots / Charts
[lidVssyB7G] figure_1.jpg -> classified as: Architecture Diagram
[lidVssyB7G] figure_8.jpg -> classified as: Plots / Charts
[lidVssyB7G] figure_12.jpg -> classified as: Qualitative Examples
[lidVssyB7G] figure_10.jpg -> classified as: Plots / Charts
[liuqDwmbQJ] figure_19.jpg -> classified as: Qualitative Examples
[liuqDwmbQJ] figure_Proficiency_Test__there_2.jpg -> classified as: Qualitative Examples
[liuqDwmbQJ] figure_Proficiency_Test__pulling.jpg -> classified as: Qualitative Examples
[liuqDwmbQJ] figure_23.jpg -> classified as: Plots / Charts
[liuqDwmbQJ] figure_Proficiency_Test__there_4.jpg -> classified as: Qualitative Examples
[liuqDwmbQJ] figure_Proficiency_Test__A_1.jpg -> classified as: Qualitative Examples
[liuqDwmbQJ] figure_Proficiency_Test__Someone_4.jpg -> classified as: Qualitative Examples
[liuqDwmbQJ] figure_Proficiency_Test__pouring.jpg -> classified as: Qualitative Examples
[liuqDwmbQJ] figure_Proficiency_Test__pushing.jpg -> classified as: Qualitative Examples
[liuqDwmbQJ] figure_5.jpg -> classified as: Plots / Charts
[liuqDwmbQJ] figure_6.jpg -> classified as: Plots / Charts
[liuqDwmbQJ] figure_9.jpg -> classified as: Plots / Charts
[liuqDwmbQJ] figure_22.jpg -> classified as: Qualitative Examples
[liuqDwmbQJ] figure_18.jpg -> classified as: Qualitative Examples
[liuqDwmbQJ] figure_13.jpg -> classified as: Qualitative Examples
[liuqDwmbQJ] figure_Proficiency_Test__Someone_5.jpg -> classified as: Qualitative Examples
[liuqDwmbQJ] figure_15.jpg -> classified as: Qualitative Examples
[liuqDwmbQJ] figure_2.jpg -> classified as: Other
  -> Skipping second pass (Other)
[liuqDwmbQJ] figure_20.jpg -> classified as: Qualitative Examples
[liuqDwmbQJ] figure_Proficiency_Test__rolling.jpg -> classified as: Qualitative Examples
[liuqDwmbQJ] figure_11.jpg -> classified as: Plots / Charts
[liuqDwmbQJ] figure_Proficiency_Test__there.jpg -> classified as: Qualitative Examples
[liuqDwmbQJ] figure_7.jpg -> classified as: Plots / Charts
[liuqDwmbQJ] figure_3.jpg -> classified as: Plots / Charts
[liuqDwmbQJ] figure_4.jpg -> classified as: Plots / Charts
[liuqDwmbQJ] figure_Proficiency_Test__there_7.jpg -> classified as: Qualitative Examples
[liuqDwmbQJ] figure_17.jpg -> classified as: Qualitative Examples
[liuqDwmbQJ] figure_Proficiency_Test__Someone.jpg -> classified as: Qualitative Examples
[liuqDwmbQJ] figure_Proficiency_Test__Someone_1.jpg -> classified as: Qualitative Examples
[liuqDwmbQJ] figure_1.jpg -> classified as: Qualitative Examples
[liuqDwmbQJ] figure_Proficiency_Test__there_1.jpg -> classified as: Qualitative Examples
[liuqDwmbQJ] figure_Proficiency_Test__Someone_3.jpg -> classified as: Qualitative Examples
[liuqDwmbQJ] figure_Proficiency_Test__there_5.jpg -> classified as: Qualitative Examples
[liuqDwmbQJ] figure_Proficiency_Test__there_3.jpg -> classified as: Qualitative Examples
[liuqDwmbQJ] figure_8.jpg -> classified as: Plots / Charts
[liuqDwmbQJ] figure_12.jpg -> classified as: Plots / Charts
[liuqDwmbQJ] figure_21.jpg -> classified as: Qualitative Examples
[liuqDwmbQJ] figure_Proficiency_Test__A.jpg -> classified as: Qualitative Examples
[liuqDwmbQJ] figure_Proficiency_Test__there_6.jpg -> classified as: Qualitative Examples
[liuqDwmbQJ] figure_14.jpg -> classified as: Qualitative Examples
[liuqDwmbQJ] figure_Proficiency_Test__Someone_2.jpg -> classified as: Qualitative Examples
[liuqDwmbQJ] figure_16.jpg -> classified as: Qualitative Examples
[liuqDwmbQJ] figure_10.jpg -> classified as: Plots / Charts
[lja4JMesmC] figure_5.jpg -> classified as: Plots / Charts
[lja4JMesmC] figure_2.jpg -> classified as: Plots / Charts
[lja4JMesmC] figure_3.jpg -> classified as: Plots / Charts
[lja4JMesmC] figure_4.jpg -> classified as: Plots / Charts
[lja4JMesmC] figure_1.jpg -> classified as: Architecture Diagram
[ll2nz6qwRG] figure_5.jpg -> classified as: Qualitative Examples
[ll2nz6qwRG] figure_6.jpg -> classified as: Qualitative Examples
[ll2nz6qwRG] figure_9.jpg -> classified as: Qualitative Examples
[ll2nz6qwRG] figure_13.jpg -> classified as: Qualitative Examples
[ll2nz6qwRG] figure_15.jpg -> classified as: Qualitative Examples
[ll2nz6qwRG] figure_2.jpg -> classified as: Architecture Diagram
[ll2nz6qwRG] figure_11.jpg -> classified as: Qualitative Examples
[ll2nz6qwRG] figure_7.jpg -> classified as: Qualitative Examples
[ll2nz6qwRG] figure_3.jpg -> classified as: Plots / Charts
[ll2nz6qwRG] figure_4.jpg -> classified as: Plots / Charts
[ll2nz6qwRG] figure_1.jpg -> classified as: Architecture Diagram
[ll2nz6qwRG] figure_8.jpg -> classified as: Plots / Charts
[ll2nz6qwRG] figure_12.jpg -> classified as: Qualitative Examples
[ll2nz6qwRG] figure_14.jpg -> classified as: Qualitative Examples
[ll2nz6qwRG] figure_16.jpg -> classified as: Qualitative Examples
[ll2nz6qwRG] figure_10.jpg -> classified as: Qualitative Examples
[llLnMfrnHj] figure_5.jpg -> classified as: Plots / Charts
[llLnMfrnHj] figure_6.jpg -> classified as: Architecture Diagram
[llLnMfrnHj] figure_2.jpg -> classified as: Plots / Charts
[llLnMfrnHj] figure_7.jpg -> classified as: Plots / Charts
[llLnMfrnHj] figure_3.jpg -> classified as: Architecture Diagram
[llLnMfrnHj] figure_4.jpg -> classified as: Architecture Diagram
[llLnMfrnHj] figure_1.jpg -> classified as: Architecture Diagram
[lm7MRcsFiS] figure_2.jpg -> classified as: Qualitative Examples
[lm7MRcsFiS] figure_3.jpg -> classified as: Other
  -> Skipping second pass (Other)
[lm7MRcsFiS] figure_4.jpg -> classified as: Qualitative Examples
[lm7MRcsFiS] figure_1.jpg -> classified as: Plots / Charts
[lr69PmF2Ov] figure_5.jpg -> classified as: Qualitative Examples
[lr69PmF2Ov] figure_6.jpg -> classified as: Plots / Charts
[lr69PmF2Ov] figure_2.jpg -> classified as: Architecture Diagram
[lr69PmF2Ov] figure_3.jpg -> classified as: Architecture Diagram
[lr69PmF2Ov] figure_4.jpg -> classified as: Plots / Charts
[lr69PmF2Ov] figure_1.jpg -> classified as: Qualitative Examples
[ltutP1Iwqq] figure_viewpoint-limited,_instance-rich_distribution.jpg -> classified as: Qualitative Examples
[ltutP1Iwqq] figure_Toybox__12_categories,.jpg -> classified as: Qualitative Examples
[ltutP1Iwqq] figure_IN-12__12_categories,.jpg -> classified as: Qualitative Examples
[ltutP1Iwqq] figure_viewpoint-rich,_instance-limited_distribution.jpg -> classified as: Qualitative Examples
[lvw3UgeVxS] figure_5.jpg -> classified as: Plots / Charts
[lvw3UgeVxS] figure_6.jpg -> classified as: Plots / Charts
[lvw3UgeVxS] figure_(d)_Bivariate_distribution.jpg -> classified as: Plots / Charts
[lvw3UgeVxS] figure_9.jpg -> classified as: Architecture Diagram
[lvw3UgeVxS] figure_13.jpg -> classified as: Architecture Diagram
[lvw3UgeVxS] figure_(a)_Sequence_length..jpg -> classified as: Plots / Charts
[lvw3UgeVxS] figure_2.jpg -> classified as: Plots / Charts
[lvw3UgeVxS] figure_11.jpg -> classified as: Architecture Diagram
[lvw3UgeVxS] figure_7.jpg -> classified as: Plots / Charts
[lvw3UgeVxS] figure_3.jpg -> classified as: Plots / Charts
[lvw3UgeVxS] figure_4.jpg -> classified as: Plots / Charts
[lvw3UgeVxS] figure_Histogram_of_no..jpg -> classified as: Plots / Charts
[lvw3UgeVxS] figure_1.jpg -> classified as: Architecture Diagram
[lvw3UgeVxS] figure_8.jpg -> classified as: Plots / Charts
[lvw3UgeVxS] figure_12.jpg -> classified as: Architecture Diagram
[lwn5fbqf74] figure_2.jpg -> classified as: Qualitative Examples
[lwn5fbqf74] figure_3.jpg -> classified as: Qualitative Examples
[lwn5fbqf74] figure_4.jpg -> classified as: Plots / Charts
[lwn5fbqf74] figure_1.jpg -> classified as: Architecture Diagram
[m29SV0n6DO] figure_5.jpg -> classified as: Qualitative Examples
[m29SV0n6DO] figure_6.jpg -> classified as: Plots / Charts
[m29SV0n6DO] figure_2.jpg -> classified as: Plots / Charts
[m29SV0n6DO] figure_7.jpg -> classified as: Qualitative Examples
[m29SV0n6DO] figure_3.jpg -> classified as: Plots / Charts
[m29SV0n6DO] figure_4.jpg -> classified as: Plots / Charts
[m29SV0n6DO] figure_1.jpg -> classified as: Architecture Diagram
[m29SV0n6DO] figure_8.jpg -> classified as: Plots / Charts
[m3KuuE2ozw] figure_5.jpg -> classified as: Plots / Charts
[m3KuuE2ozw] figure_6.jpg -> classified as: Plots / Charts
[m3KuuE2ozw] figure_9.jpg -> classified as: Plots / Charts
[m3KuuE2ozw] figure_2.jpg -> classified as: Architecture Diagram
[m3KuuE2ozw] figure_11.jpg -> classified as: Plots / Charts
[m3KuuE2ozw] figure_7.jpg -> classified as: Plots / Charts
[m3KuuE2ozw] figure_3.jpg -> classified as: Architecture Diagram
[m3KuuE2ozw] figure_4.jpg -> classified as: Plots / Charts
[m3KuuE2ozw] figure_1.jpg -> classified as: Other
  -> Skipping second pass (Other)
[m3KuuE2ozw] figure_8.jpg -> classified as: Plots / Charts
[m3KuuE2ozw] figure_10.jpg -> classified as: Plots / Charts
[m3ch3kJL7q] figure_5.jpg -> classified as: Plots / Charts
[m3ch3kJL7q] figure_6.jpg -> classified as: Qualitative Examples
[m3ch3kJL7q] figure_2.jpg -> classified as: Architecture Diagram
[m3ch3kJL7q] figure_7.jpg -> classified as: Qualitative Examples
[m3ch3kJL7q] figure_3.jpg -> classified as: Qualitative Examples
[m3ch3kJL7q] figure_4.jpg -> classified as: Plots / Charts
[m3ch3kJL7q] figure_1.jpg -> classified as: Architecture Diagram
[m3ch3kJL7q] figure_8.jpg -> classified as: Qualitative Examples
[m4Ya9RkEEW] figure_2.jpg -> classified as: Plots / Charts
[m4Ya9RkEEW] figure_3.jpg -> classified as: Plots / Charts
[m4Ya9RkEEW] figure_4.jpg -> classified as: Plots / Charts
[m4Ya9RkEEW] figure_1.jpg -> classified as: Plots / Charts
[m73tETvFkX] figure_5.jpg -> classified as: Qualitative Examples
[m73tETvFkX] figure_2.jpg -> classified as: Architecture Diagram
[m73tETvFkX] figure_3.jpg -> classified as: Plots / Charts
[m73tETvFkX] figure_4.jpg -> classified as: Qualitative Examples
[m73tETvFkX] figure_1.jpg -> classified as: Qualitative Examples
[m8Rk3HLGFx] figure_A_young_and.jpg -> classified as: Qualitative Examples
[m8Rk3HLGFx] figure_5.jpg -> classified as: Qualitative Examples
[m8Rk3HLGFx] figure_6.jpg -> classified as: Qualitative Examples
[m8Rk3HLGFx] figure_9.jpg -> classified as: Architecture Diagram
[m8Rk3HLGFx] figure_15.jpg -> classified as: Qualitative Examples
[m8Rk3HLGFx] figure_2.jpg -> classified as: Architecture Diagram
[m8Rk3HLGFx] figure_A_majestic_eagle.jpg -> classified as: Qualitative Examples
[m8Rk3HLGFx] figure_A_young_child.jpg -> classified as: Qualitative Examples
[m8Rk3HLGFx] figure_A_horse_and.jpg -> classified as: Qualitative Examples
[m8Rk3HLGFx] figure_7.jpg -> classified as: Qualitative Examples
[m8Rk3HLGFx] figure_3.jpg -> classified as: Plots / Charts
[m8Rk3HLGFx] figure_A_sleek_orange.jpg -> classified as: Qualitative Examples
[m8Rk3HLGFx] figure_4.jpg -> classified as: Qualitative Examples
[m8Rk3HLGFx] figure_1.jpg -> classified as: Qualitative Examples
[m8Rk3HLGFx] figure_8.jpg -> classified as: Qualitative Examples
[m8Rk3HLGFx] figure_12.jpg -> classified as: Qualitative Examples
[m8Rk3HLGFx] figure_14.jpg -> classified as: Qualitative Examples
[m8Rk3HLGFx] figure_10.jpg -> classified as: Qualitative Examples
[m8yby1JfbU] figure_5.jpg -> classified as: Plots / Charts
[m8yby1JfbU] figure_2.jpg -> classified as: Architecture Diagram
[m8yby1JfbU] figure_7.jpg -> classified as: Plots / Charts
[m8yby1JfbU] figure_3.jpg -> classified as: Plots / Charts
[m8yby1JfbU] figure_4.jpg -> classified as: Plots / Charts
[m8yby1JfbU] figure_1.jpg -> classified as: Architecture Diagram
[m9RNBZewW2] figure_30.jpg -> classified as: Qualitative Examples
[m9RNBZewW2] figure_19.jpg -> classified as: Plots / Charts
[m9RNBZewW2] figure_23.jpg -> classified as: Qualitative Examples
[m9RNBZewW2] figure_29.jpg -> classified as: Qualitative Examples
[m9RNBZewW2] figure_24.jpg -> classified as: Qualitative Examples
[m9RNBZewW2] figure_5.jpg -> classified as: Architecture Diagram
[m9RNBZewW2] figure_6.jpg -> classified as: Qualitative Examples
[m9RNBZewW2] figure_22.jpg -> classified as: Qualitative Examples
[m9RNBZewW2] figure_28.jpg -> classified as: Qualitative Examples
[m9RNBZewW2] figure_18.jpg -> classified as: Qualitative Examples
[m9RNBZewW2] figure_15.jpg -> classified as: Qualitative Examples
[m9RNBZewW2] figure_2.jpg -> classified as: Qualitative Examples
[m9RNBZewW2] figure_20.jpg -> classified as: Qualitative Examples
[m9RNBZewW2] figure_7.jpg -> classified as: Qualitative Examples
[m9RNBZewW2] figure_3.jpg -> classified as: Architecture Diagram
[m9RNBZewW2] figure_4.jpg -> classified as: Architecture Diagram
[m9RNBZewW2] figure_31.jpg -> classified as: Qualitative Examples
[m9RNBZewW2] figure_1.jpg -> classified as: Qualitative Examples
[m9RNBZewW2] figure_27.jpg -> classified as: Plots / Charts
[m9RNBZewW2] figure_8.jpg -> classified as: Qualitative Examples
[m9RNBZewW2] figure_12.jpg -> classified as: Plots / Charts
[m9RNBZewW2] figure_25.jpg -> classified as: Plots / Charts
[m9RNBZewW2] figure_21.jpg -> classified as: Qualitative Examples
[m9RNBZewW2] figure_26.jpg -> classified as: Plots / Charts
[m9RNBZewW2] figure_14.jpg -> classified as: Qualitative Examples
[m9RNBZewW2] figure_32.jpg -> classified as: Qualitative Examples
[m9RNBZewW2] figure_16.jpg -> classified as: Qualitative Examples
[m9RNBZewW2] figure_10.jpg -> classified as: Qualitative Examples
[mCnWT9OVvK] figure_(a)_Location_of.jpg -> classified as: Plots / Charts
[mCnWT9OVvK] figure_6.jpg -> classified as: Plots / Charts
[mCnWT9OVvK] figure_(a)_GPT-3,_bigram.jpg -> classified as: Plots / Charts
[mCnWT9OVvK] figure_2.jpg -> classified as: Plots / Charts
[mCnWT9OVvK] figure_1.jpg -> classified as: Plots / Charts
[mCnWT9OVvK] figure_8.jpg -> classified as: Plots / Charts
[mDKxlfraAn] figure_5.jpg -> classified as: Plots / Charts
[mDKxlfraAn] figure_6.jpg -> classified as: Plots / Charts
[mDKxlfraAn] figure_2.jpg -> classified as: Architecture Diagram
[mDKxlfraAn] figure_7.jpg -> classified as: Qualitative Examples
[mDKxlfraAn] figure_3.jpg -> classified as: Architecture Diagram
[mDKxlfraAn] figure_4.jpg -> classified as: Qualitative Examples
[mDKxlfraAn] figure_1.jpg -> classified as: Plots / Charts
[mDKxlfraAn] figure_8.jpg -> classified as: Qualitative Examples
[mE52zURNGc] figure_5.jpg -> classified as: Plots / Charts
[mE52zURNGc] figure_6.jpg -> classified as: Plots / Charts
[mE52zURNGc] figure_2.jpg -> classified as: Qualitative Examples
[mE52zURNGc] figure_7.jpg -> classified as: Plots / Charts
[mE52zURNGc] figure_3.jpg -> classified as: Architecture Diagram
[mE52zURNGc] figure_4.jpg -> classified as: Plots / Charts
[mE52zURNGc] figure_1.jpg -> classified as: Qualitative Examples
[mE52zURNGc] figure_8.jpg -> classified as: Qualitative Examples
[mEpqHvbD2h] figure_19.jpg -> classified as: Plots / Charts
[mEpqHvbD2h] figure_23.jpg -> classified as: Qualitative Examples
[mEpqHvbD2h] figure_24.jpg -> classified as: Qualitative Examples
[mEpqHvbD2h] figure_5.jpg -> classified as: Plots / Charts
[mEpqHvbD2h] figure_6.jpg -> classified as: Plots / Charts
[mEpqHvbD2h] figure_9.jpg -> classified as: Plots / Charts
[mEpqHvbD2h] figure_22.jpg -> classified as: Plots / Charts
[mEpqHvbD2h] figure_18.jpg -> classified as: Plots / Charts
[mEpqHvbD2h] figure_13.jpg -> classified as: Plots / Charts
[mEpqHvbD2h] figure_15.jpg -> classified as: Plots / Charts
[mEpqHvbD2h] figure_2.jpg -> classified as: Architecture Diagram
[mEpqHvbD2h] figure_20.jpg -> classified as: Plots / Charts
[mEpqHvbD2h] figure_11.jpg -> classified as: Plots / Charts
[mEpqHvbD2h] figure_7.jpg -> classified as: Plots / Charts
[mEpqHvbD2h] figure_3.jpg -> classified as: Qualitative Examples
[mEpqHvbD2h] figure_4.jpg -> classified as: Plots / Charts
[mEpqHvbD2h] figure_17.jpg -> classified as: Plots / Charts
[mEpqHvbD2h] figure_1.jpg -> classified as: Architecture Diagram
[mEpqHvbD2h] figure_8.jpg -> classified as: Plots / Charts
[mEpqHvbD2h] figure_12.jpg -> classified as: Plots / Charts
[mEpqHvbD2h] figure_21.jpg -> classified as: Plots / Charts
[mEpqHvbD2h] figure_14.jpg -> classified as: Plots / Charts
[mEpqHvbD2h] figure_16.jpg -> classified as: Plots / Charts
[mEpqHvbD2h] figure_10.jpg -> classified as: Qualitative Examples
[mFiGAbvmYS] figure_5.jpg -> classified as: Plots / Charts
[mFiGAbvmYS] figure_6.jpg -> classified as: Plots / Charts
[mFiGAbvmYS] figure_2.jpg -> classified as: Architecture Diagram
[mFiGAbvmYS] figure_7.jpg -> classified as: Qualitative Examples
[mFiGAbvmYS] figure_3.jpg -> classified as: Plots / Charts
[mFiGAbvmYS] figure_4.jpg -> classified as: Qualitative Examples
[mFiGAbvmYS] figure_1.jpg -> classified as: Architecture Diagram
[mFiGAbvmYS] figure_8.jpg -> classified as: Qualitative Examples
[mGHJAyR8w0] figure_2.jpg -> classified as: Plots / Charts
[mGHJAyR8w0] figure_3.jpg -> classified as: Plots / Charts
[mGHJAyR8w0] figure_4.jpg -> classified as: Qualitative Examples
[mGHJAyR8w0] figure_1.jpg -> classified as: Architecture Diagram
[mHF35XVjmm] figure_5.jpg -> classified as: Plots / Charts
[mHF35XVjmm] figure_6.jpg -> classified as: Architecture Diagram
[mHF35XVjmm] figure_9.jpg -> classified as: Qualitative Examples
[mHF35XVjmm] figure_2.jpg -> classified as: Qualitative Examples
[mHF35XVjmm] figure_7.jpg -> classified as: Plots / Charts
[mHF35XVjmm] figure_3.jpg -> classified as: Plots / Charts
[mHF35XVjmm] figure_4.jpg -> classified as: Plots / Charts
[mHF35XVjmm] figure_1.jpg -> classified as: Architecture Diagram
[mHF35XVjmm] figure_(a)_Ground-truth_and.jpg -> classified as: Qualitative Examples
[mIEHIcHGOo] figure_5.jpg -> classified as: Plots / Charts
[mIEHIcHGOo] figure_6.jpg -> classified as: Plots / Charts
[mIEHIcHGOo] figure_2.jpg -> classified as: Architecture Diagram
[mIEHIcHGOo] figure_3.jpg -> classified as: Plots / Charts
[mIEHIcHGOo] figure_4.jpg -> classified as: Plots / Charts
[mIEHIcHGOo] figure_1.jpg -> classified as: Architecture Diagram
[mJ4mgYjDru] figure_30.jpg -> classified as: Plots / Charts
[mJ4mgYjDru] figure_19.jpg -> classified as: Plots / Charts
[mJ4mgYjDru] figure_23.jpg -> classified as: Plots / Charts
[mJ4mgYjDru] figure_29.jpg -> classified as: Plots / Charts
[mJ4mgYjDru] figure_24.jpg -> classified as: Plots / Charts
[mJ4mgYjDru] figure_5.jpg -> classified as: Plots / Charts
[mJ4mgYjDru] figure_6.jpg -> classified as: Plots / Charts
[mJ4mgYjDru] figure_22.jpg -> classified as: Plots / Charts
[mJ4mgYjDru] figure_28.jpg -> classified as: Plots / Charts
[mJ4mgYjDru] figure_18.jpg -> classified as: Plots / Charts
[mJ4mgYjDru] figure_2.jpg -> classified as: Plots / Charts
[mJ4mgYjDru] figure_20.jpg -> classified as: Plots / Charts
[mJ4mgYjDru] figure_ResNet-19_Average_Spike.jpg -> classified as: Plots / Charts
[mJ4mgYjDru] figure_VGG-11_Average_Spike.jpg -> classified as: Plots / Charts
[mJ4mgYjDru] figure_35.jpg -> classified as: Plots / Charts
[mJ4mgYjDru] figure_7.jpg -> classified as: Plots / Charts
[mJ4mgYjDru] figure_34.jpg -> classified as: Plots / Charts
[mJ4mgYjDru] figure_3.jpg -> classified as: Plots / Charts
[mJ4mgYjDru] figure_33.jpg -> classified as: Plots / Charts
[mJ4mgYjDru] figure_4.jpg -> classified as: Plots / Charts
[mJ4mgYjDru] figure_36.jpg -> classified as: Plots / Charts
[mJ4mgYjDru] figure_31.jpg -> classified as: Plots / Charts
[mJ4mgYjDru] figure_17.jpg -> classified as: Plots / Charts
[mJ4mgYjDru] figure_1.jpg -> classified as: Plots / Charts
[mJ4mgYjDru] figure_27.jpg -> classified as: Plots / Charts
[mJ4mgYjDru] figure_8.jpg -> classified as: Plots / Charts
[mJ4mgYjDru] figure_12.jpg -> classified as: Plots / Charts
[mJ4mgYjDru] figure_25.jpg -> classified as: Plots / Charts
[mJ4mgYjDru] figure_21.jpg -> classified as: Plots / Charts
[mJ4mgYjDru] figure_26.jpg -> classified as: Plots / Charts
[mJ4mgYjDru] figure_14.jpg -> classified as: Plots / Charts
[mJ4mgYjDru] figure_32.jpg -> classified as: Plots / Charts
[mJ4mgYjDru] figure_16.jpg -> classified as: Plots / Charts
[mJ4mgYjDru] figure_10.jpg -> classified as: Plots / Charts
[mKM9uoKSBN] figure_5.jpg -> classified as: Plots / Charts
[mKM9uoKSBN] figure_6.jpg -> classified as: Plots / Charts
[mKM9uoKSBN] figure_2.jpg -> classified as: Plots / Charts
[mKM9uoKSBN] figure_7.jpg -> classified as: Plots / Charts
[mKM9uoKSBN] figure_3.jpg -> classified as: Plots / Charts
[mKM9uoKSBN] figure_4.jpg -> classified as: Plots / Charts
[mKM9uoKSBN] figure_1.jpg -> classified as: Qualitative Examples
[mMaQvkMzDi] figure_19.jpg -> classified as: Qualitative Examples
[mMaQvkMzDi] figure_(a)_Object_hallucination..jpg -> classified as: Plots / Charts
[mMaQvkMzDi] figure_5.jpg -> classified as: Other
  -> Skipping second pass (Other)
[mMaQvkMzDi] figure_6.jpg -> classified as: Plots / Charts
[mMaQvkMzDi] figure_9.jpg -> classified as: Plots / Charts
[mMaQvkMzDi] figure_18.jpg -> classified as: Qualitative Examples
[mMaQvkMzDi] figure_15.jpg -> classified as: Qualitative Examples
[mMaQvkMzDi] figure_2.jpg -> classified as: Plots / Charts
[mMaQvkMzDi] figure_20.jpg -> classified as: Qualitative Examples
[mMaQvkMzDi] figure_11.jpg -> classified as: Other
  -> Skipping second pass (Other)
[mMaQvkMzDi] figure_7.jpg -> classified as: Plots / Charts
[mMaQvkMzDi] figure_3.jpg -> classified as: Plots / Charts
[mMaQvkMzDi] figure_4.jpg -> classified as: Plots / Charts
[mMaQvkMzDi] figure_17.jpg -> classified as: Plots / Charts
[mMaQvkMzDi] figure_1.jpg -> classified as: Plots / Charts
[mMaQvkMzDi] figure_8.jpg -> classified as: Plots / Charts
[mMaQvkMzDi] figure_12.jpg -> classified as: Qualitative Examples
[mMaQvkMzDi] figure_21.jpg -> classified as: Qualitative Examples
[mMaQvkMzDi] figure_14.jpg -> classified as: Qualitative Examples
[mMaQvkMzDi] figure_16.jpg -> classified as: Qualitative Examples
[mMaQvkMzDi] figure_10.jpg -> classified as: Qualitative Examples
[mNYF0IHbRy] figure_5.jpg -> classified as: Qualitative Examples
[mNYF0IHbRy] figure_6.jpg -> classified as: Qualitative Examples
[mNYF0IHbRy] figure_9.jpg -> classified as: Qualitative Examples
[mNYF0IHbRy] figure_13.jpg -> classified as: Plots / Charts
[mNYF0IHbRy] figure_2.jpg -> classified as: Architecture Diagram
[mNYF0IHbRy] figure_11.jpg -> classified as: Qualitative Examples
[mNYF0IHbRy] figure_7.jpg -> classified as: Qualitative Examples
[mNYF0IHbRy] figure_3.jpg -> classified as: Plots / Charts
[mNYF0IHbRy] figure_4.jpg -> classified as: Plots / Charts
[mNYF0IHbRy] figure_1.jpg -> classified as: Qualitative Examples
[mNYF0IHbRy] figure_8.jpg -> classified as: Qualitative Examples
[mNYF0IHbRy] figure_12.jpg -> classified as: Qualitative Examples
[mNYF0IHbRy] figure_10.jpg -> classified as: Qualitative Examples
[mP7uV59iJM] figure_5.jpg -> classified as: Qualitative Examples
[mP7uV59iJM] figure_6.jpg -> classified as: Qualitative Examples
[mP7uV59iJM] figure_9.jpg -> classified as: Qualitative Examples
[mP7uV59iJM] figure_2.jpg -> classified as: Architecture Diagram
[mP7uV59iJM] figure_11.jpg -> classified as: Qualitative Examples
[mP7uV59iJM] figure_7.jpg -> classified as: Plots / Charts
[mP7uV59iJM] figure_3.jpg -> classified as: Architecture Diagram
[mP7uV59iJM] figure_4.jpg -> classified as: Qualitative Examples
[mP7uV59iJM] figure_1.jpg -> classified as: Qualitative Examples
[mP7uV59iJM] figure_8.jpg -> classified as: Qualitative Examples
[mP7uV59iJM] figure_12.jpg -> classified as: Qualitative Examples
[mP7uV59iJM] figure_10.jpg -> classified as: Qualitative Examples
[mPyPm9mmc6] figure_5.jpg -> classified as: Qualitative Examples
[mPyPm9mmc6] figure_A1.jpg -> classified as: Plots / Charts
[mPyPm9mmc6] figure_6.jpg -> classified as: Plots / Charts
[mPyPm9mmc6] figure_2.jpg -> classified as: Architecture Diagram
[mPyPm9mmc6] figure_7.jpg -> classified as: Plots / Charts
[mPyPm9mmc6] figure_3.jpg -> classified as: Architecture Diagram
[mPyPm9mmc6] figure_4.jpg -> classified as: Architecture Diagram
[mPyPm9mmc6] figure_1.jpg -> classified as: Architecture Diagram
[mQ55y4s5hj] figure_19.jpg -> classified as: Qualitative Examples
[mQ55y4s5hj] figure_5.jpg -> classified as: Plots / Charts
[mQ55y4s5hj] figure_6.jpg -> classified as: Qualitative Examples
[mQ55y4s5hj] figure_9.jpg -> classified as: Qualitative Examples
[mQ55y4s5hj] figure_18.jpg -> classified as: Qualitative Examples
[mQ55y4s5hj] figure_13.jpg -> classified as: Qualitative Examples
[mQ55y4s5hj] figure_15.jpg -> classified as: Qualitative Examples
[mQ55y4s5hj] figure_2.jpg -> classified as: Qualitative Examples
[mQ55y4s5hj] figure_20.jpg -> classified as: Qualitative Examples
[mQ55y4s5hj] figure_11.jpg -> classified as: Plots / Charts
[mQ55y4s5hj] figure_7.jpg -> classified as: Qualitative Examples
[mQ55y4s5hj] figure_3.jpg -> classified as: Architecture Diagram
[mQ55y4s5hj] figure_4.jpg -> classified as: Architecture Diagram
[mQ55y4s5hj] figure_17.jpg -> classified as: Qualitative Examples
[mQ55y4s5hj] figure_1.jpg -> classified as: Qualitative Examples
[mQ55y4s5hj] figure_8.jpg -> classified as: Plots / Charts
[mQ55y4s5hj] figure_12.jpg -> classified as: Qualitative Examples
[mQ55y4s5hj] figure_21.jpg -> classified as: Qualitative Examples
[mQ55y4s5hj] figure_14.jpg -> classified as: Qualitative Examples
[mQ55y4s5hj] figure_16.jpg -> classified as: Qualitative Examples
[mQ55y4s5hj] figure_10.jpg -> classified as: Qualitative Examples
[mQYHXUUTkU] figure_S_15.jpg -> classified as: Qualitative Examples
[mQYHXUUTkU] figure_5.jpg -> classified as: Qualitative Examples
[mQYHXUUTkU] figure_6.jpg -> classified as: Plots / Charts
[mQYHXUUTkU] figure_S_11.jpg -> classified as: Plots / Charts
[mQYHXUUTkU] figure_2.jpg -> classified as: Plots / Charts
[mQYHXUUTkU] figure_S_17.jpg -> classified as: Plots / Charts
[mQYHXUUTkU] figure_S_12.jpg -> classified as: Plots / Charts
[mQYHXUUTkU] figure_S_2.jpg -> classified as: Qualitative Examples
[mQYHXUUTkU] figure_S_3.jpg -> classified as: Qualitative Examples
[mQYHXUUTkU] figure_7.jpg -> classified as: Plots / Charts
[mQYHXUUTkU] figure_S_8.jpg -> classified as: Qualitative Examples
[mQYHXUUTkU] figure_3.jpg -> classified as: Qualitative Examples
[mQYHXUUTkU] figure_S_9.jpg -> classified as: Qualitative Examples
[mQYHXUUTkU] figure_4.jpg -> classified as: Plots / Charts
[mQYHXUUTkU] figure_S_5.jpg -> classified as: Qualitative Examples
[mQYHXUUTkU] figure_S_18.jpg -> classified as: Plots / Charts
[mQYHXUUTkU] figure_1.jpg -> classified as: Architecture Diagram
[mQYHXUUTkU] figure_S_14.jpg -> classified as: Plots / Charts
[mQYHXUUTkU] figure_S_1.jpg -> classified as: Plots / Charts
[mQYHXUUTkU] figure_S.jpg -> classified as: Plots / Charts
[mQYHXUUTkU] figure_S_13.jpg -> classified as: Qualitative Examples
[mQYHXUUTkU] figure_S_10.jpg -> classified as: Qualitative Examples
[mQYHXUUTkU] figure_S_16.jpg -> classified as: Plots / Charts
[mQYHXUUTkU] figure_S_4.jpg -> classified as: Qualitative Examples
[mQYHXUUTkU] figure_S_7.jpg -> classified as: Qualitative Examples
[mQYHXUUTkU] figure_S_6.jpg -> classified as: Qualitative Examples
[mRw9BuNO9i] figure_5.jpg -> classified as: Plots / Charts
[mRw9BuNO9i] figure_6.jpg -> classified as: Architecture Diagram
[mRw9BuNO9i] figure_9.jpg -> classified as: Plots / Charts
[mRw9BuNO9i] figure_13.jpg -> classified as: Plots / Charts
[mRw9BuNO9i] figure_2.jpg -> classified as: Architecture Diagram
[mRw9BuNO9i] figure_11.jpg -> classified as: Plots / Charts
[mRw9BuNO9i] figure_7.jpg -> classified as: Architecture Diagram
[mRw9BuNO9i] figure_3.jpg -> classified as: Architecture Diagram
[mRw9BuNO9i] figure_4.jpg -> classified as: Architecture Diagram
[mRw9BuNO9i] figure_1.jpg -> classified as: Architecture Diagram
[mRw9BuNO9i] figure_8.jpg -> classified as: Qualitative Examples
[mRw9BuNO9i] figure_12.jpg -> classified as: Plots / Charts
[mRw9BuNO9i] figure_14.jpg -> classified as: Plots / Charts
[mRw9BuNO9i] figure_10.jpg -> classified as: Plots / Charts
[mYgoNEsUDi] figure_2.jpg -> classified as: Qualitative Examples
[mYgoNEsUDi] figure_1.jpg -> classified as: Plots / Charts
[mZfBRjMWq0] figure_5.jpg -> classified as: Qualitative Examples
[mZfBRjMWq0] figure_6.jpg -> classified as: Qualitative Examples
[mZfBRjMWq0] figure_9.jpg -> classified as: Qualitative Examples
[mZfBRjMWq0] figure_13.jpg -> classified as: Qualitative Examples
[mZfBRjMWq0] figure_15.jpg -> classified as: Qualitative Examples
[mZfBRjMWq0] figure_2.jpg -> classified as: Plots / Charts
[mZfBRjMWq0] figure_11.jpg -> classified as: Qualitative Examples
[mZfBRjMWq0] figure_7.jpg -> classified as: Plots / Charts
[mZfBRjMWq0] figure_3.jpg -> classified as: Architecture Diagram
[mZfBRjMWq0] figure_4.jpg -> classified as: Qualitative Examples
[mZfBRjMWq0] figure_1.jpg -> classified as: Architecture Diagram
[mZfBRjMWq0] figure_8.jpg -> classified as: Qualitative Examples
[mZfBRjMWq0] figure_12.jpg -> classified as: Qualitative Examples
[mZfBRjMWq0] figure_14.jpg -> classified as: Qualitative Examples
[mZfBRjMWq0] figure_10.jpg -> classified as: Qualitative Examples
[mZptYYttFj] figure_5.jpg -> classified as: Plots / Charts
[mZptYYttFj] figure_9.jpg -> classified as: Qualitative Examples
[mZptYYttFj] figure_13.jpg -> classified as: Qualitative Examples
[mZptYYttFj] figure_15.jpg -> classified as: Other
  -> Skipping second pass (Other)
[mZptYYttFj] figure_“Alignment”__60_“Coherence”_100.jpg -> classified as: Qualitative Examples
[mZptYYttFj] figure_2.jpg -> classified as: Architecture Diagram
[mZptYYttFj] figure_7.jpg -> classified as: Plots / Charts
[mZptYYttFj] figure_3.jpg -> classified as: Qualitative Examples
[mZptYYttFj] figure_4.jpg -> classified as: Plots / Charts
[mZptYYttFj] figure_1.jpg -> classified as: Qualitative Examples
[mZptYYttFj] figure_10.jpg -> classified as: Qualitative Examples
[mb2ryuZ3wz] figure_19.jpg -> classified as: Qualitative Examples
[mb2ryuZ3wz] figure_128_Token_Reconstruction.jpg -> classified as: Qualitative Examples
[mb2ryuZ3wz] figure_5.jpg -> classified as: Plots / Charts
[mb2ryuZ3wz] figure_6.jpg -> classified as: Plots / Charts
[mb2ryuZ3wz] figure_GT_Image_and.jpg -> classified as: Qualitative Examples
[mb2ryuZ3wz] figure_9.jpg -> classified as: Plots / Charts
[mb2ryuZ3wz] figure_22.jpg -> classified as: Plots / Charts
[mb2ryuZ3wz] figure_18.jpg -> classified as: Qualitative Examples
[mb2ryuZ3wz] figure_13.jpg -> classified as: Plots / Charts
[mb2ryuZ3wz] figure_15.jpg -> classified as: Qualitative Examples
[mb2ryuZ3wz] figure_2.jpg -> classified as: Plots / Charts
[mb2ryuZ3wz] figure_20.jpg -> classified as: Qualitative Examples
[mb2ryuZ3wz] figure_GPT4__The_bathroom.jpg -> classified as: Qualitative Examples
[mb2ryuZ3wz] figure_11.jpg -> classified as: Plots / Charts
[mb2ryuZ3wz] figure_7.jpg -> classified as: Plots / Charts
[mb2ryuZ3wz] figure_3.jpg -> classified as: Plots / Charts
[mb2ryuZ3wz] figure_4.jpg -> classified as: Plots / Charts
[mb2ryuZ3wz] figure_17.jpg -> classified as: Qualitative Examples
[mb2ryuZ3wz] figure_256_Token_Reconstruction.jpg -> classified as: Qualitative Examples
[mb2ryuZ3wz] figure_GPT4__This_bathroom.jpg -> classified as: Qualitative Examples
[mb2ryuZ3wz] figure_1.jpg -> classified as: Architecture Diagram
[mb2ryuZ3wz] figure_32_Token_Reconstruction.jpg -> classified as: Qualitative Examples
[mb2ryuZ3wz] figure_12.jpg -> classified as: Plots / Charts
[mb2ryuZ3wz] figure_21.jpg -> classified as: Qualitative Examples
[mb2ryuZ3wz] figure_14.jpg -> classified as: Plots / Charts
[mb2ryuZ3wz] figure_16.jpg -> classified as: Qualitative Examples
[mhFToLPjM5] figure_5.jpg -> classified as: Qualitative Examples
[mhFToLPjM5] figure_6.jpg -> classified as: Qualitative Examples
[mhFToLPjM5] figure_9.jpg -> classified as: Qualitative Examples
[mhFToLPjM5] figure_13.jpg -> classified as: Qualitative Examples
[mhFToLPjM5] figure_2.jpg -> classified as: Architecture Diagram
[mhFToLPjM5] figure_11.jpg -> classified as: Qualitative Examples
[mhFToLPjM5] figure_7.jpg -> classified as: Qualitative Examples
[mhFToLPjM5] figure_3.jpg -> classified as: Architecture Diagram
[mhFToLPjM5] figure_4.jpg -> classified as: Qualitative Examples
[mhFToLPjM5] figure_1.jpg -> classified as: Qualitative Examples
[mhFToLPjM5] figure_8.jpg -> classified as: Qualitative Examples
[mhFToLPjM5] figure_12.jpg -> classified as: Architecture Diagram
[mhFToLPjM5] figure_14.jpg -> classified as: Qualitative Examples
[mhFToLPjM5] figure_10.jpg -> classified as: Qualitative Examples
[mhgm0IXtHw] figure_“a_woman_standing.jpg -> classified as: Qualitative Examples
[mhgm0IXtHw] figure_5.jpg -> classified as: Plots / Charts
[mhgm0IXtHw] figure_6.jpg -> classified as: Qualitative Examples
[mhgm0IXtHw] figure_9.jpg -> classified as: Qualitative Examples
[mhgm0IXtHw] figure_“a_man_in.jpg -> classified as: Qualitative Examples
[mhgm0IXtHw] figure_“a_woman_with.jpg -> classified as: Qualitative Examples
[mhgm0IXtHw] figure_2.jpg -> classified as: Other
  -> Skipping second pass (Other)
[mhgm0IXtHw] figure_11.jpg -> classified as: Qualitative Examples
[mhgm0IXtHw] figure_7.jpg -> classified as: Qualitative Examples
[mhgm0IXtHw] figure_“a_woman_dives.jpg -> classified as: Qualitative Examples
[mhgm0IXtHw] figure_3.jpg -> classified as: Qualitative Examples
[mhgm0IXtHw] figure_4.jpg -> classified as: Qualitative Examples
[mhgm0IXtHw] figure_“a_cupcake_flower.jpg -> classified as: Qualitative Examples
[mhgm0IXtHw] figure_1.jpg -> classified as: Qualitative Examples
[mhgm0IXtHw] figure_“a_beautiful_young.jpg -> classified as: Qualitative Examples
[mhgm0IXtHw] figure_8.jpg -> classified as: Qualitative Examples
[mhgm0IXtHw] figure_12.jpg -> classified as: Other
  -> Skipping second pass (Other)
[mhgm0IXtHw] figure_“a_young_boy.jpg -> classified as: Qualitative Examples
[mhgm0IXtHw] figure_10.jpg -> classified as: Qualitative Examples
[mivL0akE5E] figure_2.jpg -> classified as: Plots / Charts
[mivL0akE5E] figure_1.jpg -> classified as: Architecture Diagram
[mlJLVigNHp] figure_5.jpg -> classified as: Plots / Charts
[mlJLVigNHp] figure_6.jpg -> classified as: Other
  -> Skipping second pass (Other)
[mlJLVigNHp] figure_7.jpg -> classified as: Plots / Charts
[mlJLVigNHp] figure_3.jpg -> classified as: Other
  -> Skipping second pass (Other)
[mlJLVigNHp] figure_4.jpg -> classified as: Plots / Charts
[mlJLVigNHp] figure_1.jpg -> classified as: Architecture Diagram
[mlJLVigNHp] figure_8.jpg -> classified as: Plots / Charts
[mmSmQ0gNyZ] figure_2.jpg -> classified as: Plots / Charts
[mmSmQ0gNyZ] figure_1.jpg -> classified as: Architecture Diagram
[mmjnr0G8ZY] figure_5.jpg -> classified as: Plots / Charts
[mmjnr0G8ZY] figure_6.jpg -> classified as: Architecture Diagram
[mmjnr0G8ZY] figure_2.jpg -> classified as: Architecture Diagram
[mmjnr0G8ZY] figure_3.jpg -> classified as: Architecture Diagram
[mmjnr0G8ZY] figure_4.jpg -> classified as: Plots / Charts
[mmjnr0G8ZY] figure_1.jpg -> classified as: Plots / Charts
[mmykTCbjXH] figure_5.jpg -> classified as: Plots / Charts
[mmykTCbjXH] figure_6.jpg -> classified as: Plots / Charts
[mmykTCbjXH] figure_2.jpg -> classified as: Plots / Charts
[mmykTCbjXH] figure_3.jpg -> classified as: Architecture Diagram
[mmykTCbjXH] figure_4.jpg -> classified as: Architecture Diagram
[mmykTCbjXH] figure_1.jpg -> classified as: Plots / Charts
[mr2icR6dpD] figure_international_space_stationa.jpg -> classified as: Qualitative Examples
[mr2icR6dpD] figure_6.jpg -> classified as: Qualitative Examples
[mr2icR6dpD] figure_13.jpg -> classified as: Qualitative Examples
[mr2icR6dpD] figure_2.jpg -> classified as: Architecture Diagram
[mr2icR6dpD] figure_11.jpg -> classified as: Qualitative Examples
[mr2icR6dpD] figure_7.jpg -> classified as: Qualitative Examples
[mr2icR6dpD] figure_3.jpg -> classified as: Plots / Charts
[mr2icR6dpD] figure_4.jpg -> classified as: Plots / Charts
[mr2icR6dpD] figure_1.jpg -> classified as: Other
  -> Skipping second pass (Other)
[mr2icR6dpD] figure_8.jpg -> classified as: Qualitative Examples
[mr2icR6dpD] figure_12.jpg -> classified as: Qualitative Examples
[mr2icR6dpD] figure_10.jpg -> classified as: Qualitative Examples
[mu1UUl14cw] figure_5.jpg -> classified as: Qualitative Examples
[mu1UUl14cw] figure_6.jpg -> classified as: Qualitative Examples
[mu1UUl14cw] figure_2.jpg -> classified as: Architecture Diagram
[mu1UUl14cw] figure_3.jpg -> classified as: Plots / Charts
[mu1UUl14cw] figure_4.jpg -> classified as: Architecture Diagram
[mu1UUl14cw] figure_1.jpg -> classified as: Qualitative Examples
[my0RqY48xz] figure_5.jpg -> classified as: Qualitative Examples
[my0RqY48xz] figure_6.jpg -> classified as: Plots / Charts
[my0RqY48xz] figure_9.jpg -> classified as: Plots / Charts
[my0RqY48xz] figure_13.jpg -> classified as: Qualitative Examples
[my0RqY48xz] figure_15.jpg -> classified as: Qualitative Examples
[my0RqY48xz] figure_2.jpg -> classified as: Architecture Diagram
[my0RqY48xz] figure_11.jpg -> classified as: Qualitative Examples
[my0RqY48xz] figure_7.jpg -> classified as: Plots / Charts
[my0RqY48xz] figure_3.jpg -> classified as: Qualitative Examples
[my0RqY48xz] figure_4.jpg -> classified as: Plots / Charts
[my0RqY48xz] figure_17.jpg -> classified as: Qualitative Examples
[my0RqY48xz] figure_1.jpg -> classified as: Plots / Charts
[my0RqY48xz] figure_8.jpg -> classified as: Plots / Charts
[my0RqY48xz] figure_12.jpg -> classified as: Qualitative Examples
[my0RqY48xz] figure_14.jpg -> classified as: Qualitative Examples
[my0RqY48xz] figure_16.jpg -> classified as: Qualitative Examples
[my0RqY48xz] figure_10.jpg -> classified as: Qualitative Examples
[myolhJPuRI] figure_19.jpg -> classified as: Qualitative Examples
[myolhJPuRI] figure_5.jpg -> classified as: Qualitative Examples
[myolhJPuRI] figure_6.jpg -> classified as: Qualitative Examples
[myolhJPuRI] figure_9.jpg -> classified as: Qualitative Examples
[myolhJPuRI] figure_18.jpg -> classified as: Qualitative Examples
[myolhJPuRI] figure_13.jpg -> classified as: Qualitative Examples
[myolhJPuRI] figure_15.jpg -> classified as: Qualitative Examples
[myolhJPuRI] figure_2.jpg -> classified as: Architecture Diagram
[myolhJPuRI] figure_20.jpg -> classified as: Qualitative Examples
[myolhJPuRI] figure_11.jpg -> classified as: Qualitative Examples
[myolhJPuRI] figure_7.jpg -> classified as: Qualitative Examples
[myolhJPuRI] figure_3.jpg -> classified as: Qualitative Examples
[myolhJPuRI] figure_4.jpg -> classified as: Plots / Charts
[myolhJPuRI] figure_17.jpg -> classified as: Qualitative Examples
[myolhJPuRI] figure_1.jpg -> classified as: Qualitative Examples
[myolhJPuRI] figure_8.jpg -> classified as: Plots / Charts
[myolhJPuRI] figure_12.jpg -> classified as: Qualitative Examples
[myolhJPuRI] figure_14.jpg -> classified as: Qualitative Examples
[myolhJPuRI] figure_10.jpg -> classified as: Qualitative Examples
[mz8unSsSsB] figure_5.jpg -> classified as: Plots / Charts
[mz8unSsSsB] figure_6.jpg -> classified as: Plots / Charts
[mz8unSsSsB] figure_9.jpg -> classified as: Other
  -> Skipping second pass (Other)
[mz8unSsSsB] figure_2.jpg -> classified as: Architecture Diagram
[mz8unSsSsB] figure_7.jpg -> classified as: Plots / Charts
[mz8unSsSsB] figure_3.jpg -> classified as: Qualitative Examples
[mz8unSsSsB] figure_4.jpg -> classified as: Plots / Charts
[mz8unSsSsB] figure_1.jpg -> classified as: Qualitative Examples
[mz8unSsSsB] figure_8.jpg -> classified as: Plots / Charts
[mzJAupYURK] figure_5.jpg -> classified as: Plots / Charts
[mzJAupYURK] figure_6.jpg -> classified as: Plots / Charts
[mzJAupYURK] figure_9.jpg -> classified as: Qualitative Examples
[mzJAupYURK] figure_13.jpg -> classified as: Qualitative Examples
[mzJAupYURK] figure_15.jpg -> classified as: Qualitative Examples
[mzJAupYURK] figure_2.jpg -> classified as: Architecture Diagram
[mzJAupYURK] figure_11.jpg -> classified as: Qualitative Examples
[mzJAupYURK] figure_7.jpg -> classified as: Qualitative Examples
[mzJAupYURK] figure_3.jpg -> classified as: Plots / Charts
[mzJAupYURK] figure_4.jpg -> classified as: Plots / Charts
[mzJAupYURK] figure_1.jpg -> classified as: Architecture Diagram
[mzJAupYURK] figure_8.jpg -> classified as: Qualitative Examples
[mzJAupYURK] figure_12.jpg -> classified as: Qualitative Examples
[mzJAupYURK] figure_14.jpg -> classified as: Qualitative Examples
[mzJAupYURK] figure_10.jpg -> classified as: Qualitative Examples
[mzWQ2hOKNX] figure_5.jpg -> classified as: Architecture Diagram
[mzWQ2hOKNX] figure_6.jpg -> classified as: Qualitative Examples
[mzWQ2hOKNX] figure_9.jpg -> classified as: Plots / Charts
[mzWQ2hOKNX] figure_2.jpg -> classified as: Qualitative Examples
[mzWQ2hOKNX] figure_11.jpg -> classified as: Architecture Diagram
[mzWQ2hOKNX] figure_7.jpg -> classified as: Plots / Charts
[mzWQ2hOKNX] figure_3.jpg -> classified as: Architecture Diagram
[mzWQ2hOKNX] figure_4.jpg -> classified as: Architecture Diagram
[mzWQ2hOKNX] figure_1.jpg -> classified as: Qualitative Examples
[mzWQ2hOKNX] figure_10.jpg -> classified as: Plots / Charts
[mzkpLkd1S8] figure_5.jpg -> classified as: Qualitative Examples
[mzkpLkd1S8] figure_6.jpg -> classified as: Qualitative Examples
[mzkpLkd1S8] figure_(b)_$_ell__.jpg -> classified as: Plots / Charts
[mzkpLkd1S8] figure_2.jpg -> classified as: Plots / Charts
[mzkpLkd1S8] figure_7.jpg -> classified as: Qualitative Examples
[mzkpLkd1S8] figure_3.jpg -> classified as: Plots / Charts
[mzkpLkd1S8] figure_4.jpg -> classified as: Plots / Charts
[mzkpLkd1S8] figure_1.jpg -> classified as: Other
  -> Skipping second pass (Other)
[mzo7N2XkJ2] figure_5.jpg -> classified as: Plots / Charts
[mzo7N2XkJ2] figure_6.jpg -> classified as: Plots / Charts
[mzo7N2XkJ2] figure_9.jpg -> classified as: Qualitative Examples
[mzo7N2XkJ2] figure_7.jpg -> classified as: Plots / Charts
[mzo7N2XkJ2] figure_3.jpg -> classified as: Plots / Charts
[mzo7N2XkJ2] figure_4.jpg -> classified as: Plots / Charts
[mzo7N2XkJ2] figure_1.jpg -> classified as: Plots / Charts
[mzo7N2XkJ2] figure_8.jpg -> classified as: Plots / Charts
[mzxKLZNbrQ] figure_5.jpg -> classified as: Plots / Charts
[mzxKLZNbrQ] figure_6.jpg -> classified as: Qualitative Examples
[mzxKLZNbrQ] figure_9.jpg -> classified as: Qualitative Examples
[mzxKLZNbrQ] figure_2.jpg -> classified as: Plots / Charts
[mzxKLZNbrQ] figure_【江河水_第22集】秦昊危机关头舍己为人勇救阚清子尽显真情！_At.jpg -> classified as: Qualitative Examples
[mzxKLZNbrQ] figure_7.jpg -> classified as: Qualitative Examples
[mzxKLZNbrQ] figure_3.jpg -> classified as: Plots / Charts
[mzxKLZNbrQ] figure_治愈系旋律来袭，周华健经典再现《朋友》，珍惜身边的人吧！_Healing_melody.jpg -> classified as: Qualitative Examples
[mzxKLZNbrQ] figure_4.jpg -> classified as: Other
  -> Skipping second pass (Other)
[mzxKLZNbrQ] figure_1.jpg -> classified as: Qualitative Examples
[mzxKLZNbrQ] figure_刘宇宁你把手撒开让我来_Liuyuning,_let.jpg -> classified as: Qualitative Examples
[mzxKLZNbrQ] figure_8.jpg -> classified as: Qualitative Examples
[mzxKLZNbrQ] figure_阿米尔汗直播打麻将王宝强调侃米叔是“你输”—早班机_Amir_Khan.jpg -> classified as: Teaser Image
[n08o3DJtHL] figure_5.jpg -> classified as: Architecture Diagram
[n08o3DJtHL] figure_2.jpg -> classified as: Qualitative Examples
[n08o3DJtHL] figure_†__Has_seen.jpg -> classified as: Plots / Charts
[n08o3DJtHL] figure_3.jpg -> classified as: Qualitative Examples
[n08o3DJtHL] figure_4.jpg -> classified as: Plots / Charts
[n08o3DJtHL] figure_1.jpg -> classified as: Qualitative Examples
[n5PrId7pk5] figure_5.jpg -> classified as: Plots / Charts
[n5PrId7pk5] figure_6.jpg -> classified as: Qualitative Examples
[n5PrId7pk5] figure_9.jpg -> classified as: Qualitative Examples
[n5PrId7pk5] figure_18.jpg -> classified as: Qualitative Examples
[n5PrId7pk5] figure_13.jpg -> classified as: Qualitative Examples
[n5PrId7pk5] figure_15.jpg -> classified as: Qualitative Examples
[n5PrId7pk5] figure_2.jpg -> classified as: Qualitative Examples
[n5PrId7pk5] figure_11.jpg -> classified as: Qualitative Examples
[n5PrId7pk5] figure_7.jpg -> classified as: Plots / Charts
[n5PrId7pk5] figure_3.jpg -> classified as: Plots / Charts
[n5PrId7pk5] figure_4.jpg -> classified as: Plots / Charts
[n5PrId7pk5] figure_17.jpg -> classified as: Qualitative Examples
[n5PrId7pk5] figure_1.jpg -> classified as: Qualitative Examples
[n5PrId7pk5] figure_8.jpg -> classified as: Plots / Charts
[n5PrId7pk5] figure_12.jpg -> classified as: Qualitative Examples
[n5PrId7pk5] figure_14.jpg -> classified as: Qualitative Examples
[n5PrId7pk5] figure_16.jpg -> classified as: Qualitative Examples
[n5PrId7pk5] figure_10.jpg -> classified as: Qualitative Examples
[n64NYyc6rQ] figure_5.jpg -> classified as: Qualitative Examples
[n64NYyc6rQ] figure_6.jpg -> classified as: Qualitative Examples
[n64NYyc6rQ] figure_9.jpg -> classified as: Qualitative Examples
[n64NYyc6rQ] figure_2.jpg -> classified as: Architecture Diagram
[n64NYyc6rQ] figure_11.jpg -> classified as: Qualitative Examples
[n64NYyc6rQ] figure_7.jpg -> classified as: Qualitative Examples
[n64NYyc6rQ] figure_3.jpg -> classified as: Architecture Diagram
[n64NYyc6rQ] figure_4.jpg -> classified as: Qualitative Examples
[n64NYyc6rQ] figure_1.jpg -> classified as: Other
  -> Skipping second pass (Other)
[n64NYyc6rQ] figure_8.jpg -> classified as: Qualitative Examples
[n64NYyc6rQ] figure_10.jpg -> classified as: Qualitative Examples
[nAVejJURqZ] figure_5.jpg -> classified as: Plots / Charts
[nAVejJURqZ] figure_6.jpg -> classified as: Qualitative Examples
[nAVejJURqZ] figure_9.jpg -> classified as: Qualitative Examples
[nAVejJURqZ] figure_2.jpg -> classified as: Architecture Diagram
[nAVejJURqZ] figure_7.jpg -> classified as: Qualitative Examples
[nAVejJURqZ] figure_3.jpg -> classified as: Other
  -> Skipping second pass (Other)
[nAVejJURqZ] figure_4.jpg -> classified as: Qualitative Examples
[nAVejJURqZ] figure_1.jpg -> classified as: Other
  -> Skipping second pass (Other)
[nAVejJURqZ] figure_8.jpg -> classified as: Qualitative Examples
[nAl4bz09Mv] figure_5.jpg -> classified as: Architecture Diagram
[nAl4bz09Mv] figure_6.jpg -> classified as: Qualitative Examples
[nAl4bz09Mv] figure_9.jpg -> classified as: Plots / Charts
[nAl4bz09Mv] figure_2.jpg -> classified as: Plots / Charts
[nAl4bz09Mv] figure_7.jpg -> classified as: Qualitative Examples
[nAl4bz09Mv] figure_3.jpg -> classified as: Architecture Diagram
[nAl4bz09Mv] figure_4.jpg -> classified as: Plots / Charts
[nAl4bz09Mv] figure_1.jpg -> classified as: Plots / Charts
[nAl4bz09Mv] figure_8.jpg -> classified as: Qualitative Examples
[nBZBPXdJlC] figure_2.jpg -> classified as: Qualitative Examples
[nBZBPXdJlC] figure_3.jpg -> classified as: Plots / Charts
[nBZBPXdJlC] figure_4.jpg -> classified as: Plots / Charts
[nBZBPXdJlC] figure_1.jpg -> classified as: Qualitative Examples
[nD5tbHBfut] figure_(b)_Top-3_retrieval.jpg -> classified as: Qualitative Examples
[nD5tbHBfut] figure_6.jpg -> classified as: Qualitative Examples
[nD5tbHBfut] figure_9.jpg -> classified as: Plots / Charts
[nD5tbHBfut] figure_13.jpg -> classified as: Plots / Charts
[nD5tbHBfut] figure_15.jpg -> classified as: Qualitative Examples
[nD5tbHBfut] figure_2.jpg -> classified as: Architecture Diagram
[nD5tbHBfut] figure_11.jpg -> classified as: Qualitative Examples
[nD5tbHBfut] figure_7.jpg -> classified as: Qualitative Examples
[nD5tbHBfut] figure_3.jpg -> classified as: Qualitative Examples
[nD5tbHBfut] figure_Figure_$1_4.jpg -> classified as: Plots / Charts
[nD5tbHBfut] figure_4.jpg -> classified as: Architecture Diagram
[nD5tbHBfut] figure_1.jpg -> classified as: Architecture Diagram
[nD5tbHBfut] figure_8.jpg -> classified as: Plots / Charts
[nD5tbHBfut] figure_12.jpg -> classified as: Qualitative Examples
[nD5tbHBfut] figure_(b)_Top-3_retrieval_1.jpg -> classified as: Qualitative Examples
[nD5tbHBfut] figure_16.jpg -> classified as: Qualitative Examples
[nDmwloEl3N] figure_5.jpg -> classified as: Plots / Charts
[nDmwloEl3N] figure_6.jpg -> classified as: Plots / Charts
[nDmwloEl3N] figure_9.jpg -> classified as: Plots / Charts
[nDmwloEl3N] figure_2.jpg -> classified as: Architecture Diagram
[nDmwloEl3N] figure_11.jpg -> classified as: Plots / Charts
[nDmwloEl3N] figure_7.jpg -> classified as: Qualitative Examples
[nDmwloEl3N] figure_3.jpg -> classified as: Plots / Charts
[nDmwloEl3N] figure_4.jpg -> classified as: Qualitative Examples
[nDmwloEl3N] figure_1.jpg -> classified as: Architecture Diagram
[nDmwloEl3N] figure_8.jpg -> classified as: Plots / Charts
[nDmwloEl3N] figure_12.jpg -> classified as: Plots / Charts
[nDmwloEl3N] figure_10.jpg -> classified as: Plots / Charts
[nEDToD1R8M] figure_5.jpg -> classified as: Plots / Charts
[nEDToD1R8M] figure_6.jpg -> classified as: Plots / Charts
[nEDToD1R8M] figure_9.jpg -> classified as: Qualitative Examples
[nEDToD1R8M] figure_2.jpg -> classified as: Plots / Charts
[nEDToD1R8M] figure_7.jpg -> classified as: Plots / Charts
[nEDToD1R8M] figure_3.jpg -> classified as: Plots / Charts
[nEDToD1R8M] figure_4.jpg -> classified as: Plots / Charts
[nEDToD1R8M] figure_1.jpg -> classified as: Architecture Diagram
[nEDToD1R8M] figure_8.jpg -> classified as: Qualitative Examples
[nEDToD1R8M] figure_10.jpg -> classified as: Qualitative Examples
[nFMS6wF2xq] figure_[Tune-A-Video+Context-Aware_Adapter]_Wonder.jpg -> classified as: Qualitative Examples
[nFMS6wF2xq] figure_[FateZero]_A_person.jpg -> classified as: Qualitative Examples
[nFMS6wF2xq] figure_5.jpg -> classified as: Qualitative Examples
[nFMS6wF2xq] figure_6.jpg -> classified as: Plots / Charts
[nFMS6wF2xq] figure_9.jpg -> classified as: Qualitative Examples
[nFMS6wF2xq] figure_13.jpg -> classified as: Qualitative Examples
[nFMS6wF2xq] figure_15.jpg -> classified as: Qualitative Examples
[nFMS6wF2xq] figure_[Source_video]_A.jpg -> classified as: Qualitative Examples
[nFMS6wF2xq] figure_[FateZero_$^_+$_1.jpg -> classified as: Qualitative Examples
[nFMS6wF2xq] figure_2.jpg -> classified as: Architecture Diagram
[nFMS6wF2xq] figure_11.jpg -> classified as: Qualitative Examples
[nFMS6wF2xq] figure_[Source_video]_A_1.jpg -> classified as: Qualitative Examples
[nFMS6wF2xq] figure_7.jpg -> classified as: Plots / Charts
[nFMS6wF2xq] figure_[FateZero_$^_+$.jpg -> classified as: Qualitative Examples
[nFMS6wF2xq] figure_3.jpg -> classified as: Qualitative Examples
[nFMS6wF2xq] figure_4.jpg -> classified as: Qualitative Examples
[nFMS6wF2xq] figure_[Tune-A-Video]_A_puppy.jpg -> classified as: Qualitative Examples
[nFMS6wF2xq] figure_1.jpg -> classified as: Architecture Diagram
[nFMS6wF2xq] figure_8.jpg -> classified as: Qualitative Examples
[nFMS6wF2xq] figure_12.jpg -> classified as: Plots / Charts
[nFMS6wF2xq] figure_[FateZero]_A_brown.jpg -> classified as: Qualitative Examples
[nFMS6wF2xq] figure_[Tune-A-Video]_A_raccoon.jpg -> classified as: Qualitative Examples
[nFMS6wF2xq] figure_14.jpg -> classified as: Qualitative Examples
[nFMS6wF2xq] figure_[Tune-A-Video+Context-Aware_Adapter]_A.jpg -> classified as: Qualitative Examples
[nFMS6wF2xq] figure_16.jpg -> classified as: Qualitative Examples
[nFMS6wF2xq] figure_10.jpg -> classified as: Qualitative Examples
[nGiGXLnKhl] figure_5.jpg -> classified as: Plots / Charts
[nGiGXLnKhl] figure_2.jpg -> classified as: Architecture Diagram
[nGiGXLnKhl] figure_3.jpg -> classified as: Plots / Charts
[nGiGXLnKhl] figure_4.jpg -> classified as: Plots / Charts
[nGiGXLnKhl] figure_1.jpg -> classified as: Plots / Charts
[nHESwXvxWK] figure_5.jpg -> classified as: Plots / Charts
[nHESwXvxWK] figure_6.jpg -> classified as: Qualitative Examples
[nHESwXvxWK] figure_13.jpg -> classified as: Plots / Charts
[nHESwXvxWK] figure_15.jpg -> classified as: Qualitative Examples
[nHESwXvxWK] figure_2.jpg -> classified as: Plots / Charts
[nHESwXvxWK] figure_11.jpg -> classified as: Plots / Charts
[nHESwXvxWK] figure_7.jpg -> classified as: Qualitative Examples
[nHESwXvxWK] figure_3.jpg -> classified as: Qualitative Examples
[nHESwXvxWK] figure_4.jpg -> classified as: Plots / Charts
[nHESwXvxWK] figure_17.jpg -> classified as: Qualitative Examples
[nHESwXvxWK] figure_1.jpg -> classified as: Plots / Charts
[nHESwXvxWK] figure_8.jpg -> classified as: Plots / Charts
[nHESwXvxWK] figure_12.jpg -> classified as: Plots / Charts
[nHESwXvxWK] figure_14.jpg -> classified as: Qualitative Examples
[nHESwXvxWK] figure_16.jpg -> classified as: Qualitative Examples
[nHESwXvxWK] figure_10.jpg -> classified as: Plots / Charts
[nKSkM5h2VN] figure_2.jpg -> classified as: Architecture Diagram
[nKSkM5h2VN] figure_3.jpg -> classified as: Architecture Diagram
[nKSkM5h2VN] figure_1.jpg -> classified as: Qualitative Examples
[nKvGCUoiuW] figure_19.jpg -> classified as: Qualitative Examples
[nKvGCUoiuW] figure__p_clocks__p_{_40__68__58__91_}_delim_{_32__27__57__42__}_delim_{_13__43__32__63_}_delim_{_65__49__79__65_}_de_lim_{_63__48__78__65_}.jpg -> classified as: Qualitative Examples
[nKvGCUoiuW] figure_[detection]_A_woman.jpg -> classified as: Other
  -> Skipping second pass (Other)
[nKvGCUoiuW] figure_[grounding]_please_describe_1.jpg -> classified as: Other
  -> Skipping second pass (Other)
[nKvGCUoiuW] figure_5.jpg -> classified as: Qualitative Examples
[nKvGCUoiuW] figure_[grounding]_please_describe_2.jpg -> classified as: Other
  -> Skipping second pass (Other)
[nKvGCUoiuW] figure_6.jpg -> classified as: Other
  -> Skipping second pass (Other)
[nKvGCUoiuW] figure__p_sofas__p_{_28__43__41__72_}_delim_{_69__50__98__73__}_delim_{_47__56__59__70_}.jpg -> classified as: Qualitative Examples
[nKvGCUoiuW] figure_18.jpg -> classified as: Qualitative Examples
[nKvGCUoiuW] figure_13.jpg -> classified as: Qualitative Examples
[nKvGCUoiuW] figure_15.jpg -> classified as: Qualitative Examples
[nKvGCUoiuW] figure_[grounding]_please_describe.jpg -> classified as: Other
  -> Skipping second pass (Other)
[nKvGCUoiuW] figure_2.jpg -> classified as: Architecture Diagram
[nKvGCUoiuW] figure_20.jpg -> classified as: Qualitative Examples
[nKvGCUoiuW] figure_11.jpg -> classified as: Other
  -> Skipping second pass (Other)
[nKvGCUoiuW] figure_3.jpg -> classified as: Qualitative Examples
[nKvGCUoiuW] figure_4.jpg -> classified as: Qualitative Examples
[nKvGCUoiuW] figure_17.jpg -> classified as: Qualitative Examples
[nKvGCUoiuW] figure__p_People__p_{_13__63__18__74_}_delim_{_57__69__66__75__}_delim_{_2__66__8__74_}_delim_{_65__69__70__75_}_deli_m_{_1__68__3__73_}_delim_{_49__68__51__71_}sit.jpg -> classified as: Qualitative Examples
[nKvGCUoiuW] figure__p_A_crepe__p_$_.jpg -> classified as: Qualitative Examples
[nKvGCUoiuW] figure_1.jpg -> classified as: Plots / Charts
[nKvGCUoiuW] figure_8.jpg -> classified as: Other
  -> Skipping second pass (Other)
[nKvGCUoiuW] figure_12.jpg -> classified as: Qualitative Examples
[nKvGCUoiuW] figure_14.jpg -> classified as: Qualitative Examples
[nKvGCUoiuW] figure_16.jpg -> classified as: Qualitative Examples
[nKvGCUoiuW] figure_10.jpg -> classified as: Qualitative Examples
[nNYA7tcJSE] figure_5.jpg -> classified as: Qualitative Examples
[nNYA7tcJSE] figure_6.jpg -> classified as: Plots / Charts
[nNYA7tcJSE] figure_9.jpg -> classified as: Qualitative Examples
[nNYA7tcJSE] figure_2.jpg -> classified as: Architecture Diagram
[nNYA7tcJSE] figure_7.jpg -> classified as: Plots / Charts
[nNYA7tcJSE] figure_3.jpg -> classified as: Architecture Diagram
[nNYA7tcJSE] figure_4.jpg -> classified as: Qualitative Examples
[nNYA7tcJSE] figure_1.jpg -> classified as: Qualitative Examples
[nNYA7tcJSE] figure_8.jpg -> classified as: Qualitative Examples
[nNYA7tcJSE] figure_10.jpg -> classified as: Qualitative Examples
[nNyjIMKGCH] figure_5.jpg -> classified as: Qualitative Examples
[nNyjIMKGCH] figure_(4)_Choose_the.jpg -> classified as: Qualitative Examples
[nNyjIMKGCH] figure_2.jpg -> classified as: Qualitative Examples
[nNyjIMKGCH] figure_7.jpg -> classified as: Qualitative Examples
[nNyjIMKGCH] figure_3.jpg -> classified as: Plots / Charts
[nNyjIMKGCH] figure_1.jpg -> classified as: Architecture Diagram
[nR1EEDuov7] figure_5.jpg -> classified as: Plots / Charts
[nR1EEDuov7] figure_6.jpg -> classified as: Plots / Charts
[nR1EEDuov7] figure_7.jpg -> classified as: Plots / Charts
[nR1EEDuov7] figure_3.jpg -> classified as: Plots / Charts
[nR1EEDuov7] figure_4.jpg -> classified as: Qualitative Examples
[nR1EEDuov7] figure_1.jpg -> classified as: Architecture Diagram
[nUp1NvgfOr] figure_2.jpg -> classified as: Architecture Diagram
[nUp1NvgfOr] figure_3.jpg -> classified as: Architecture Diagram
[nUp1NvgfOr] figure_1.jpg -> classified as: Qualitative Examples
[nWT6LxbuGi] figure_2.jpg -> classified as: Plots / Charts
[nWT6LxbuGi] figure_1.jpg -> classified as: Plots / Charts
[nYEw2KHVxl] figure_5.jpg -> classified as: Plots / Charts
[nYEw2KHVxl] figure_6.jpg -> classified as: Plots / Charts
[nYEw2KHVxl] figure_9.jpg -> classified as: Plots / Charts
[nYEw2KHVxl] figure_2.jpg -> classified as: Plots / Charts
[nYEw2KHVxl] figure_11.jpg -> classified as: Plots / Charts
[nYEw2KHVxl] figure_7.jpg -> classified as: Plots / Charts
[nYEw2KHVxl] figure_(a)_The_similarity.jpg -> classified as: Plots / Charts
[nYEw2KHVxl] figure_3.jpg -> classified as: Plots / Charts
[nYEw2KHVxl] figure_4.jpg -> classified as: Plots / Charts
[nYEw2KHVxl] figure_1.jpg -> classified as: Plots / Charts
[nYEw2KHVxl] figure_8.jpg -> classified as: Qualitative Examples
[nYEw2KHVxl] figure_12.jpg -> classified as: Plots / Charts
[nYEw2KHVxl] figure_10.jpg -> classified as: Plots / Charts
[nYjAzwor9R] figure_5.jpg -> classified as: Plots / Charts
[nYjAzwor9R] figure_6.jpg -> classified as: Plots / Charts
[nYjAzwor9R] figure_9.jpg -> classified as: Plots / Charts
[nYjAzwor9R] figure_2.jpg -> classified as: Qualitative Examples
[nYjAzwor9R] figure_7.jpg -> classified as: Plots / Charts
[nYjAzwor9R] figure_3.jpg -> classified as: Plots / Charts
[nYjAzwor9R] figure_4.jpg -> classified as: Plots / Charts
[nYjAzwor9R] figure_1.jpg -> classified as: Architecture Diagram
[nYjAzwor9R] figure_10.jpg -> classified as: Architecture Diagram
[nYpPAT4L3D] figure_5.jpg -> classified as: Plots / Charts
[nYpPAT4L3D] figure_2.jpg -> classified as: Qualitative Examples
[nYpPAT4L3D] figure_3.jpg -> classified as: Architecture Diagram
[nYpPAT4L3D] figure_4.jpg -> classified as: Plots / Charts
[nYpPAT4L3D] figure_1.jpg -> classified as: Qualitative Examples
[nZNWrzDBHG] figure_5.jpg -> classified as: Qualitative Examples
[nZNWrzDBHG] figure_6.jpg -> classified as: Plots / Charts
[nZNWrzDBHG] figure_2.jpg -> classified as: Other
  -> Skipping second pass (Other)
[nZNWrzDBHG] figure_7.jpg -> classified as: Qualitative Examples
[nZNWrzDBHG] figure_3.jpg -> classified as: Plots / Charts
[nZNWrzDBHG] figure_4.jpg -> classified as: Plots / Charts
[nZNWrzDBHG] figure_1.jpg -> classified as: Other
  -> Skipping second pass (Other)
[nZNWrzDBHG] figure_8.jpg -> classified as: Qualitative Examples
[nbngu7H3ko] figure_2.jpg -> classified as: Architecture Diagram
[nbngu7H3ko] figure_3.jpg -> classified as: Qualitative Examples
[nbngu7H3ko] figure_1.jpg -> classified as: Qualitative Examples
[nc5GgFAvtk] figure_5.jpg -> classified as: Plots / Charts
[nc5GgFAvtk] figure_2.jpg -> classified as: Plots / Charts
[nc5GgFAvtk] figure_3.jpg -> classified as: Plots / Charts
[nc5GgFAvtk] figure_1.jpg -> classified as: Architecture Diagram
[nc5GgFAvtk] figure_(b)_Comparison_between.jpg -> classified as: Plots / Charts
[neDGc4slhd] figure_19.jpg -> classified as: Plots / Charts
[neDGc4slhd] figure_23.jpg -> classified as: Plots / Charts
[neDGc4slhd] figure_29.jpg -> classified as: Plots / Charts
[neDGc4slhd] figure_24.jpg -> classified as: Plots / Charts
[neDGc4slhd] figure_5.jpg -> classified as: Plots / Charts
[neDGc4slhd] figure_Average_pairwise_distances_1.jpg -> classified as: Plots / Charts
[neDGc4slhd] figure_6.jpg -> classified as: Plots / Charts
[neDGc4slhd] figure_9.jpg -> classified as: Plots / Charts
[neDGc4slhd] figure_22.jpg -> classified as: Plots / Charts
[neDGc4slhd] figure_28.jpg -> classified as: Plots / Charts
[neDGc4slhd] figure_18.jpg -> classified as: Plots / Charts
[neDGc4slhd] figure_13.jpg -> classified as: Plots / Charts
[neDGc4slhd] figure_15.jpg -> classified as: Plots / Charts
[neDGc4slhd] figure_2.jpg -> classified as: Plots / Charts
[neDGc4slhd] figure_20.jpg -> classified as: Plots / Charts
[neDGc4slhd] figure_Average_pairwise_distances.jpg -> classified as: Plots / Charts
[neDGc4slhd] figure_11.jpg -> classified as: Plots / Charts
[neDGc4slhd] figure_7.jpg -> classified as: Plots / Charts
[neDGc4slhd] figure_3.jpg -> classified as: Plots / Charts
[neDGc4slhd] figure_4.jpg -> classified as: Plots / Charts
[neDGc4slhd] figure_17.jpg -> classified as: Plots / Charts
[neDGc4slhd] figure_1.jpg -> classified as: Architecture Diagram
[neDGc4slhd] figure_27.jpg -> classified as: Plots / Charts
[neDGc4slhd] figure_8.jpg -> classified as: Plots / Charts
[neDGc4slhd] figure_12.jpg -> classified as: Plots / Charts
[neDGc4slhd] figure_25.jpg -> classified as: Plots / Charts
[neDGc4slhd] figure_21.jpg -> classified as: Plots / Charts
[neDGc4slhd] figure_26.jpg -> classified as: Plots / Charts
[neDGc4slhd] figure_14.jpg -> classified as: Plots / Charts
[neDGc4slhd] figure_16.jpg -> classified as: Plots / Charts
[neDGc4slhd] figure_10.jpg -> classified as: Plots / Charts
[nfMyERXNru] figure_5.jpg -> classified as: Qualitative Examples
[nfMyERXNru] figure_6.jpg -> classified as: Qualitative Examples
[nfMyERXNru] figure_9.jpg -> classified as: Qualitative Examples
[nfMyERXNru] figure_11.jpg -> classified as: Qualitative Examples
[nfMyERXNru] figure_7.jpg -> classified as: Qualitative Examples
[nfMyERXNru] figure_3.jpg -> classified as: Qualitative Examples
[nfMyERXNru] figure_1.jpg -> classified as: Architecture Diagram
[nfMyERXNru] figure_8.jpg -> classified as: Qualitative Examples
[nfMyERXNru] figure_10.jpg -> classified as: Qualitative Examples
[nh4vQ1tGCt] figure_5.jpg -> classified as: Qualitative Examples
[nh4vQ1tGCt] figure_6.jpg -> classified as: Qualitative Examples
[nh4vQ1tGCt] figure_9.jpg -> classified as: Qualitative Examples
[nh4vQ1tGCt] figure_2.jpg -> classified as: Qualitative Examples
[nh4vQ1tGCt] figure_7.jpg -> classified as: Qualitative Examples
[nh4vQ1tGCt] figure_3.jpg -> classified as: Qualitative Examples
[nh4vQ1tGCt] figure_4.jpg -> classified as: Qualitative Examples
[nh4vQ1tGCt] figure_1.jpg -> classified as: Architecture Diagram
[nh4vQ1tGCt] figure_8.jpg -> classified as: Qualitative Examples
[nh4vQ1tGCt] figure_10.jpg -> classified as: Qualitative Examples
[nh5tSrqTpe] figure_5.jpg -> classified as: Plots / Charts
[nh5tSrqTpe] figure_6.jpg -> classified as: Architecture Diagram
[nh5tSrqTpe] figure_2.jpg -> classified as: Other
  -> Skipping second pass (Other)
[nh5tSrqTpe] figure_7.jpg -> classified as: Plots / Charts
[nh5tSrqTpe] figure_3.jpg -> classified as: Other
  -> Skipping second pass (Other)
[nh5tSrqTpe] figure_4.jpg -> classified as: Plots / Charts
[nh5tSrqTpe] figure_1.jpg -> classified as: Architecture Diagram
[nh5tSrqTpe] figure_8.jpg -> classified as: Architecture Diagram
[nhgTmx1TZJ] figure_2.jpg -> classified as: Architecture Diagram
[nhgTmx1TZJ] figure_1.jpg -> classified as: Architecture Diagram
[nhwfzqXlfd] figure_5.jpg -> classified as: Plots / Charts
[nhwfzqXlfd] figure_6.jpg -> classified as: Plots / Charts
[nhwfzqXlfd] figure_2.jpg -> classified as: Qualitative Examples
[nhwfzqXlfd] figure_7.jpg -> classified as: Plots / Charts
[nhwfzqXlfd] figure_3.jpg -> classified as: Qualitative Examples
[nhwfzqXlfd] figure_4.jpg -> classified as: Qualitative Examples
[nhwfzqXlfd] figure_1.jpg -> classified as: Architecture Diagram
[njvSBvtiwp] figure_5.jpg -> classified as: Plots / Charts
[njvSBvtiwp] figure_A1.jpg -> classified as: Qualitative Examples
[njvSBvtiwp] figure_6.jpg -> classified as: Qualitative Examples
[njvSBvtiwp] figure_A2.jpg -> classified as: Plots / Charts
[njvSBvtiwp] figure_2.jpg -> classified as: Architecture Diagram
[njvSBvtiwp] figure_7.jpg -> classified as: Plots / Charts
[njvSBvtiwp] figure_3.jpg -> classified as: Architecture Diagram
[njvSBvtiwp] figure_4.jpg -> classified as: Architecture Diagram
[njvSBvtiwp] figure_A6.jpg -> classified as: Qualitative Examples
[njvSBvtiwp] figure_1.jpg -> classified as: Architecture Diagram
[njvSBvtiwp] figure_A4.jpg -> classified as: Plots / Charts
[njvSBvtiwp] figure_A5.jpg -> classified as: Qualitative Examples
[njvSBvtiwp] figure_A3.jpg -> classified as: Qualitative Examples
[nkCWKkSLyb] figure_19.jpg -> classified as: Qualitative Examples
[nkCWKkSLyb] figure_5.jpg -> classified as: Plots / Charts
[nkCWKkSLyb] figure_6.jpg -> classified as: Plots / Charts
[nkCWKkSLyb] figure_9.jpg -> classified as: Plots / Charts
[nkCWKkSLyb] figure_18.jpg -> classified as: Qualitative Examples
[nkCWKkSLyb] figure_13.jpg -> classified as: Plots / Charts
[nkCWKkSLyb] figure_15.jpg -> classified as: Qualitative Examples
[nkCWKkSLyb] figure_2.jpg -> classified as: Plots / Charts
[nkCWKkSLyb] figure_20.jpg -> classified as: Qualitative Examples
[nkCWKkSLyb] figure_7.jpg -> classified as: Plots / Charts
[nkCWKkSLyb] figure_3.jpg -> classified as: Qualitative Examples
[nkCWKkSLyb] figure_4.jpg -> classified as: Plots / Charts
[nkCWKkSLyb] figure_17.jpg -> classified as: Qualitative Examples
[nkCWKkSLyb] figure_1.jpg -> classified as: Qualitative Examples
[nkCWKkSLyb] figure_8.jpg -> classified as: Architecture Diagram
[nkCWKkSLyb] figure_12.jpg -> classified as: Plots / Charts
[nkCWKkSLyb] figure_14.jpg -> classified as: Plots / Charts
[nkCWKkSLyb] figure_16.jpg -> classified as: Qualitative Examples
[nkCWKkSLyb] figure_10.jpg -> classified as: Plots / Charts
[nkeF3iRJRo] figure_5.jpg -> classified as: Plots / Charts
[nkeF3iRJRo] figure_6.jpg -> classified as: Plots / Charts
[nkeF3iRJRo] figure_2.jpg -> classified as: Architecture Diagram
[nkeF3iRJRo] figure_7.jpg -> classified as: Qualitative Examples
[nkeF3iRJRo] figure_3.jpg -> classified as: Qualitative Examples
[nkeF3iRJRo] figure_4.jpg -> classified as: Qualitative Examples
[nkeF3iRJRo] figure_1.jpg -> classified as: Qualitative Examples
[nlpCeFsSYJ] figure_19.jpg -> classified as: Qualitative Examples
[nlpCeFsSYJ] figure_5.jpg -> classified as: Qualitative Examples
[nlpCeFsSYJ] figure_6.jpg -> classified as: Qualitative Examples
[nlpCeFsSYJ] figure_9.jpg -> classified as: Qualitative Examples
[nlpCeFsSYJ] figure_22.jpg -> classified as: Qualitative Examples
[nlpCeFsSYJ] figure_18.jpg -> classified as: Qualitative Examples
[nlpCeFsSYJ] figure_13.jpg -> classified as: Qualitative Examples
[nlpCeFsSYJ] figure_15.jpg -> classified as: Qualitative Examples
[nlpCeFsSYJ] figure_2.jpg -> classified as: Architecture Diagram
[nlpCeFsSYJ] figure_20.jpg -> classified as: Qualitative Examples
[nlpCeFsSYJ] figure_11.jpg -> classified as: Qualitative Examples
[nlpCeFsSYJ] figure_7.jpg -> classified as: Qualitative Examples
[nlpCeFsSYJ] figure_3.jpg -> classified as: Architecture Diagram
[nlpCeFsSYJ] figure_4.jpg -> classified as: Plots / Charts
[nlpCeFsSYJ] figure_17.jpg -> classified as: Qualitative Examples
[nlpCeFsSYJ] figure_1.jpg -> classified as: Architecture Diagram
[nlpCeFsSYJ] figure_8.jpg -> classified as: Architecture Diagram
[nlpCeFsSYJ] figure_12.jpg -> classified as: Qualitative Examples
[nlpCeFsSYJ] figure_21.jpg -> classified as: Qualitative Examples
[nlpCeFsSYJ] figure_14.jpg -> classified as: Plots / Charts
[nlpCeFsSYJ] figure_16.jpg -> classified as: Qualitative Examples
[nlpCeFsSYJ] figure_10.jpg -> classified as: Qualitative Examples
[noe76eRcPC] figure_5.jpg -> classified as: Qualitative Examples
[noe76eRcPC] figure_6.jpg -> classified as: Qualitative Examples
[noe76eRcPC] figure_2.jpg -> classified as: Architecture Diagram
[noe76eRcPC] figure_7.jpg -> classified as: Qualitative Examples
[noe76eRcPC] figure_3.jpg -> classified as: Qualitative Examples
[noe76eRcPC] figure_4.jpg -> classified as: Qualitative Examples
[noe76eRcPC] figure_1.jpg -> classified as: Qualitative Examples
[noe76eRcPC] figure_8.jpg -> classified as: Qualitative Examples
[noidywkBba] figure_5.jpg -> classified as: Plots / Charts
[noidywkBba] figure_6.jpg -> classified as: Qualitative Examples
[noidywkBba] figure_9.jpg -> classified as: Qualitative Examples
[noidywkBba] figure_13.jpg -> classified as: Qualitative Examples
[noidywkBba] figure_2.jpg -> classified as: Architecture Diagram
[noidywkBba] figure_11.jpg -> classified as: Qualitative Examples
[noidywkBba] figure_7.jpg -> classified as: Qualitative Examples
[noidywkBba] figure_3.jpg -> classified as: Qualitative Examples
[noidywkBba] figure_4.jpg -> classified as: Plots / Charts
[noidywkBba] figure_1.jpg -> classified as: Architecture Diagram
[noidywkBba] figure_8.jpg -> classified as: Qualitative Examples
[noidywkBba] figure_12.jpg -> classified as: Qualitative Examples
[noidywkBba] figure_10.jpg -> classified as: Qualitative Examples
[npoi2fr882] figure_19.jpg -> classified as: Qualitative Examples
[npoi2fr882] figure_5.jpg -> classified as: Architecture Diagram
[npoi2fr882] figure_6.jpg -> classified as: Qualitative Examples
[npoi2fr882] figure_9.jpg -> classified as: Qualitative Examples
[npoi2fr882] figure_18.jpg -> classified as: Qualitative Examples
[npoi2fr882] figure_13.jpg -> classified as: Qualitative Examples
[npoi2fr882] figure_15.jpg -> classified as: Qualitative Examples
[npoi2fr882] figure_2.jpg -> classified as: Architecture Diagram
[npoi2fr882] figure_11.jpg -> classified as: Qualitative Examples
[npoi2fr882] figure_7.jpg -> classified as: Qualitative Examples
[npoi2fr882] figure_3.jpg -> classified as: Qualitative Examples
[npoi2fr882] figure_4.jpg -> classified as: Qualitative Examples
[npoi2fr882] figure_17.jpg -> classified as: Qualitative Examples
[npoi2fr882] figure_1.jpg -> classified as: Qualitative Examples
[npoi2fr882] figure_8.jpg -> classified as: Qualitative Examples
[npoi2fr882] figure_12.jpg -> classified as: Qualitative Examples
[npoi2fr882] figure_14.jpg -> classified as: Qualitative Examples
[npoi2fr882] figure_16.jpg -> classified as: Qualitative Examples
[npoi2fr882] figure_10.jpg -> classified as: Qualitative Examples
[ntPHPguG1o] figure_5.jpg -> classified as: Plots / Charts
[ntPHPguG1o] figure_6.jpg -> classified as: Qualitative Examples
[ntPHPguG1o] figure_2.jpg -> classified as: Architecture Diagram
[ntPHPguG1o] figure_3.jpg -> classified as: Plots / Charts
[ntPHPguG1o] figure_4.jpg -> classified as: Plots / Charts
[ntPHPguG1o] figure_1.jpg -> classified as: Plots / Charts
[nuWVS4SBUu] figure_5.jpg -> classified as: Qualitative Examples
[nuWVS4SBUu] figure_6.jpg -> classified as: Plots / Charts
[nuWVS4SBUu] figure_9.jpg -> classified as: Qualitative Examples
[nuWVS4SBUu] figure_13.jpg -> classified as: Qualitative Examples
[nuWVS4SBUu] figure_2.jpg -> classified as: Architecture Diagram
[nuWVS4SBUu] figure_11.jpg -> classified as: Qualitative Examples
[nuWVS4SBUu] figure_7.jpg -> classified as: Plots / Charts
[nuWVS4SBUu] figure_3.jpg -> classified as: Architecture Diagram
[nuWVS4SBUu] figure_4.jpg -> classified as: Architecture Diagram
[nuWVS4SBUu] figure_1.jpg -> classified as: Qualitative Examples
[nuWVS4SBUu] figure_8.jpg -> classified as: Plots / Charts
[nuWVS4SBUu] figure_12.jpg -> classified as: Qualitative Examples
[nuWVS4SBUu] figure_10.jpg -> classified as: Qualitative Examples
[nvCJqxJS2Y] figure_5.jpg -> classified as: Qualitative Examples
[nvCJqxJS2Y] figure_6.jpg -> classified as: Qualitative Examples
[nvCJqxJS2Y] figure_13.jpg -> classified as: Qualitative Examples
[nvCJqxJS2Y] figure_15.jpg -> classified as: Qualitative Examples
[nvCJqxJS2Y] figure_2.jpg -> classified as: Architecture Diagram
[nvCJqxJS2Y] figure_11.jpg -> classified as: Architecture Diagram
[nvCJqxJS2Y] figure_3.jpg -> classified as: Other
  -> Skipping second pass (Other)
[nvCJqxJS2Y] figure_1.jpg -> classified as: Qualitative Examples
[nvCJqxJS2Y] figure_12.jpg -> classified as: Architecture Diagram
[nvCJqxJS2Y] figure_14.jpg -> classified as: Qualitative Examples
[nvCJqxJS2Y] figure_10.jpg -> classified as: Qualitative Examples
[ny8T8OuNHe] figure_30.jpg -> classified as: Qualitative Examples
[ny8T8OuNHe] figure_19.jpg -> classified as: Plots / Charts
[ny8T8OuNHe] figure_23.jpg -> classified as: Qualitative Examples
[ny8T8OuNHe] figure_29.jpg -> classified as: Qualitative Examples
[ny8T8OuNHe] figure_24.jpg -> classified as: Qualitative Examples
[ny8T8OuNHe] figure_5.jpg -> classified as: Qualitative Examples
[ny8T8OuNHe] figure_6.jpg -> classified as: Qualitative Examples
[ny8T8OuNHe] figure_9.jpg -> classified as: Plots / Charts
[ny8T8OuNHe] figure_22.jpg -> classified as: Plots / Charts
[ny8T8OuNHe] figure_28.jpg -> classified as: Qualitative Examples
[ny8T8OuNHe] figure_18.jpg -> classified as: Plots / Charts
[ny8T8OuNHe] figure_13.jpg -> classified as: Plots / Charts
[ny8T8OuNHe] figure_15.jpg -> classified as: Plots / Charts
[ny8T8OuNHe] figure_2.jpg -> classified as: Plots / Charts
[ny8T8OuNHe] figure_20.jpg -> classified as: Plots / Charts
[ny8T8OuNHe] figure_11.jpg -> classified as: Other
  -> Skipping second pass (Other)
[ny8T8OuNHe] figure_35.jpg -> classified as: Qualitative Examples
[ny8T8OuNHe] figure_7.jpg -> classified as: Plots / Charts
[ny8T8OuNHe] figure_34.jpg -> classified as: Qualitative Examples
[ny8T8OuNHe] figure_3.jpg -> classified as: Architecture Diagram
[ny8T8OuNHe] figure_33.jpg -> classified as: Qualitative Examples
[ny8T8OuNHe] figure_4.jpg -> classified as: Architecture Diagram
[ny8T8OuNHe] figure_36.jpg -> classified as: Qualitative Examples
[ny8T8OuNHe] figure_31.jpg -> classified as: Qualitative Examples
[ny8T8OuNHe] figure_17.jpg -> classified as: Architecture Diagram
[ny8T8OuNHe] figure_1.jpg -> classified as: Architecture Diagram
[ny8T8OuNHe] figure_27.jpg -> classified as: Qualitative Examples
[ny8T8OuNHe] figure_37.jpg -> classified as: Qualitative Examples
[ny8T8OuNHe] figure_8.jpg -> classified as: Plots / Charts
[ny8T8OuNHe] figure_12.jpg -> classified as: Architecture Diagram
[ny8T8OuNHe] figure_25.jpg -> classified as: Qualitative Examples
[ny8T8OuNHe] figure_21.jpg -> classified as: Plots / Charts
[ny8T8OuNHe] figure_26.jpg -> classified as: Qualitative Examples
[ny8T8OuNHe] figure_14.jpg -> classified as: Architecture Diagram
[ny8T8OuNHe] figure_32.jpg -> classified as: Qualitative Examples
[ny8T8OuNHe] figure_16.jpg -> classified as: Architecture Diagram
[ny8T8OuNHe] figure_10.jpg -> classified as: Architecture Diagram
[o0C2v4xTdS] figure_5.jpg -> classified as: Plots / Charts
[o0C2v4xTdS] figure_6.jpg -> classified as: Qualitative Examples
[o0C2v4xTdS] figure_2.jpg -> classified as: Architecture Diagram
[o0C2v4xTdS] figure_7.jpg -> classified as: Plots / Charts
[o0C2v4xTdS] figure_3.jpg -> classified as: Architecture Diagram
[o0C2v4xTdS] figure_4.jpg -> classified as: Plots / Charts
[o0C2v4xTdS] figure_1.jpg -> classified as: Qualitative Examples
[o0qrehZW94] figure_5.jpg -> classified as: Qualitative Examples
[o0qrehZW94] figure_9.jpg -> classified as: Qualitative Examples
[o0qrehZW94] figure_13.jpg -> classified as: Qualitative Examples
[o0qrehZW94] figure_2.jpg -> classified as: Architecture Diagram
[o0qrehZW94] figure_11.jpg -> classified as: Qualitative Examples
[o0qrehZW94] figure_7.jpg -> classified as: Qualitative Examples
[o0qrehZW94] figure_3.jpg -> classified as: Qualitative Examples
[o0qrehZW94] figure_4.jpg -> classified as: Qualitative Examples
[o0qrehZW94] figure_‘A_puppy_lying.jpg -> classified as: Qualitative Examples
[o0qrehZW94] figure_1.jpg -> classified as: Plots / Charts
[o0qrehZW94] figure_8.jpg -> classified as: Qualitative Examples
[o0qrehZW94] figure_12.jpg -> classified as: Qualitative Examples
[o0qrehZW94] figure_14.jpg -> classified as: Qualitative Examples
[o3BxOLoxm1] figure_19.jpg -> classified as: Qualitative Examples
[o3BxOLoxm1] figure_23.jpg -> classified as: Qualitative Examples
[o3BxOLoxm1] figure_24.jpg -> classified as: Qualitative Examples
[o3BxOLoxm1] figure_5.jpg -> classified as: Plots / Charts
[o3BxOLoxm1] figure_6.jpg -> classified as: Qualitative Examples
[o3BxOLoxm1] figure_9.jpg -> classified as: Qualitative Examples
[o3BxOLoxm1] figure_22.jpg -> classified as: Qualitative Examples
[o3BxOLoxm1] figure_18.jpg -> classified as: Qualitative Examples
[o3BxOLoxm1] figure_13.jpg -> classified as: Qualitative Examples
[o3BxOLoxm1] figure_15.jpg -> classified as: Qualitative Examples
[o3BxOLoxm1] figure_2.jpg -> classified as: Qualitative Examples
[o3BxOLoxm1] figure_20.jpg -> classified as: Qualitative Examples
[o3BxOLoxm1] figure_11.jpg -> classified as: Qualitative Examples
[o3BxOLoxm1] figure_7.jpg -> classified as: Qualitative Examples
[o3BxOLoxm1] figure_3.jpg -> classified as: Plots / Charts
[o3BxOLoxm1] figure_4.jpg -> classified as: Qualitative Examples
[o3BxOLoxm1] figure_17.jpg -> classified as: Qualitative Examples
[o3BxOLoxm1] figure_1.jpg -> classified as: Qualitative Examples
[o3BxOLoxm1] figure_8.jpg -> classified as: Plots / Charts
[o3BxOLoxm1] figure_12.jpg -> classified as: Qualitative Examples
[o3BxOLoxm1] figure_21.jpg -> classified as: Qualitative Examples
[o3BxOLoxm1] figure_14.jpg -> classified as: Qualitative Examples
[o3BxOLoxm1] figure_16.jpg -> classified as: Qualitative Examples
[o3BxOLoxm1] figure_10.jpg -> classified as: Plots / Charts
[o3pJU5QCtv] figure_5.jpg -> classified as: Qualitative Examples
[o3pJU5QCtv] figure_6.jpg -> classified as: Qualitative Examples
[o3pJU5QCtv] figure_9.jpg -> classified as: Qualitative Examples
[o3pJU5QCtv] figure_13.jpg -> classified as: Qualitative Examples
[o3pJU5QCtv] figure_15.jpg -> classified as: Qualitative Examples
[o3pJU5QCtv] figure_2.jpg -> classified as: Qualitative Examples
[o3pJU5QCtv] figure_11.jpg -> classified as: Qualitative Examples
[o3pJU5QCtv] figure_7.jpg -> classified as: Qualitative Examples
[o3pJU5QCtv] figure_3.jpg -> classified as: Qualitative Examples
[o3pJU5QCtv] figure_4.jpg -> classified as: Qualitative Examples
[o3pJU5QCtv] figure_1.jpg -> classified as: Architecture Diagram
[o3pJU5QCtv] figure_8.jpg -> classified as: Qualitative Examples
[o3pJU5QCtv] figure_12.jpg -> classified as: Qualitative Examples
[o3pJU5QCtv] figure_14.jpg -> classified as: Qualitative Examples
[o3pJU5QCtv] figure_16.jpg -> classified as: Qualitative Examples
[o3pJU5QCtv] figure_10.jpg -> classified as: Qualitative Examples
[o4CLLlIaaH] figure_19.jpg -> classified as: Qualitative Examples
[o4CLLlIaaH] figure_5.jpg -> classified as: Qualitative Examples
[o4CLLlIaaH] figure_6.jpg -> classified as: Plots / Charts
[o4CLLlIaaH] figure_9.jpg -> classified as: Architecture Diagram
[o4CLLlIaaH] figure_18.jpg -> classified as: Qualitative Examples
[o4CLLlIaaH] figure_13.jpg -> classified as: Qualitative Examples
[o4CLLlIaaH] figure_15.jpg -> classified as: Qualitative Examples
[o4CLLlIaaH] figure_2.jpg -> classified as: Architecture Diagram
[o4CLLlIaaH] figure_20.jpg -> classified as: Qualitative Examples
[o4CLLlIaaH] figure_11.jpg -> classified as: Qualitative Examples
[o4CLLlIaaH] figure_7.jpg -> classified as: Qualitative Examples
[o4CLLlIaaH] figure_3.jpg -> classified as: Qualitative Examples
[o4CLLlIaaH] figure_4.jpg -> classified as: Qualitative Examples
[o4CLLlIaaH] figure_17.jpg -> classified as: Qualitative Examples
[o4CLLlIaaH] figure_1.jpg -> classified as: Qualitative Examples
[o4CLLlIaaH] figure_8.jpg -> classified as: Qualitative Examples
[o4CLLlIaaH] figure_12.jpg -> classified as: Qualitative Examples
[o4CLLlIaaH] figure_21.jpg -> classified as: Qualitative Examples
[o4CLLlIaaH] figure_14.jpg -> classified as: Plots / Charts
[o4CLLlIaaH] figure_16.jpg -> classified as: Qualitative Examples
[o4CLLlIaaH] figure_10.jpg -> classified as: Architecture Diagram
[o4mvfEWbsP] figure_(a)_Computation_graph.jpg -> classified as: Architecture Diagram
[o4mvfEWbsP] figure_6.jpg -> classified as: Plots / Charts
[o4mvfEWbsP] figure_7.jpg -> classified as: Architecture Diagram
[o4mvfEWbsP] figure_3.jpg -> classified as: Plots / Charts
[o4mvfEWbsP] figure_4.jpg -> classified as: Plots / Charts
[o6AN2ZoNw2] figure_5.jpg -> classified as: Architecture Diagram
[o6AN2ZoNw2] figure_6.jpg -> classified as: Architecture Diagram
[o6AN2ZoNw2] figure_9.jpg -> classified as: Plots / Charts
[o6AN2ZoNw2] figure_13.jpg -> classified as: Qualitative Examples
[o6AN2ZoNw2] figure_15.jpg -> classified as: Qualitative Examples
[o6AN2ZoNw2] figure_2.jpg -> classified as: Architecture Diagram
[o6AN2ZoNw2] figure_7.jpg -> classified as: Qualitative Examples
[o6AN2ZoNw2] figure_3.jpg -> classified as: Qualitative Examples
[o6AN2ZoNw2] figure_4.jpg -> classified as: Architecture Diagram
[o6AN2ZoNw2] figure_1.jpg -> classified as: Teaser Image
[o6AN2ZoNw2] figure_8.jpg -> classified as: Qualitative Examples
[o6AN2ZoNw2] figure_14.jpg -> classified as: Qualitative Examples
[o6AN2ZoNw2] figure_16.jpg -> classified as: Qualitative Examples
[o6AN2ZoNw2] figure_10.jpg -> classified as: Plots / Charts
[o7alDZDJWB] figure_2.jpg -> classified as: Plots / Charts
[o7alDZDJWB] figure_3.jpg -> classified as: Plots / Charts
[o7alDZDJWB] figure_1.jpg -> classified as: Architecture Diagram
[o7x0XVlCpX] figure_5.jpg -> classified as: Qualitative Examples
[o7x0XVlCpX] figure_6.jpg -> classified as: Plots / Charts
[o7x0XVlCpX] figure_9.jpg -> classified as: Qualitative Examples
[o7x0XVlCpX] figure_13.jpg -> classified as: Qualitative Examples
[o7x0XVlCpX] figure_15.jpg -> classified as: Qualitative Examples
[o7x0XVlCpX] figure_“best_illustration,_Aerial.jpg -> classified as: Teaser Image
[o7x0XVlCpX] figure_2.jpg -> classified as: Qualitative Examples
[o7x0XVlCpX] figure_11.jpg -> classified as: Qualitative Examples
[o7x0XVlCpX] figure_7.jpg -> classified as: Plots / Charts
[o7x0XVlCpX] figure_3.jpg -> classified as: Architecture Diagram
[o7x0XVlCpX] figure_4.jpg -> classified as: Architecture Diagram
[o7x0XVlCpX] figure_17.jpg -> classified as: Other
  -> Skipping second pass (Other)
[o7x0XVlCpX] figure_“best_illustration,_Skyrim,.jpg -> classified as: Qualitative Examples
[o7x0XVlCpX] figure_1.jpg -> classified as: Qualitative Examples
[o7x0XVlCpX] figure_8.jpg -> classified as: Qualitative Examples
[o7x0XVlCpX] figure_12.jpg -> classified as: Qualitative Examples
[o7x0XVlCpX] figure_14.jpg -> classified as: Qualitative Examples
[o7x0XVlCpX] figure_16.jpg -> classified as: Qualitative Examples
[o7x0XVlCpX] figure_10.jpg -> classified as: Qualitative Examples
[oEMSM8HHpj] figure_A1.jpg -> classified as: Qualitative Examples
[oEMSM8HHpj] figure_A2.jpg -> classified as: Qualitative Examples
[oEMSM8HHpj] figure_2.jpg -> classified as: Qualitative Examples
[oEMSM8HHpj] figure_3.jpg -> classified as: Plots / Charts
[oEMSM8HHpj] figure_1.jpg -> classified as: Architecture Diagram
[oGYGjPsVWb] figure_5.jpg -> classified as: Qualitative Examples
[oGYGjPsVWb] figure_6.jpg -> classified as: Qualitative Examples
[oGYGjPsVWb] figure_2.jpg -> classified as: Qualitative Examples
[oGYGjPsVWb] figure_7.jpg -> classified as: Qualitative Examples
[oGYGjPsVWb] figure_3.jpg -> classified as: Architecture Diagram
[oGYGjPsVWb] figure_4.jpg -> classified as: Architecture Diagram
[oGYGjPsVWb] figure_1.jpg -> classified as: Qualitative Examples
[oJ1tx3fXDA] figure_5.jpg -> classified as: Architecture Diagram
[oJ1tx3fXDA] figure_6.jpg -> classified as: Plots / Charts
[oJ1tx3fXDA] figure_2.jpg -> classified as: Plots / Charts
[oJ1tx3fXDA] figure_7.jpg -> classified as: Plots / Charts
[oJ1tx3fXDA] figure_3.jpg -> classified as: Plots / Charts
[oJ1tx3fXDA] figure_4.jpg -> classified as: Plots / Charts
[oJ1tx3fXDA] figure_1.jpg -> classified as: Plots / Charts
[oJ1tx3fXDA] figure_8.jpg -> classified as: Plots / Charts
[oJA1GUqRww] figure_5.jpg -> classified as: Qualitative Examples
[oJA1GUqRww] figure_6.jpg -> classified as: Qualitative Examples
[oJA1GUqRww] figure_9.jpg -> classified as: Qualitative Examples
[oJA1GUqRww] figure_18.jpg -> classified as: Plots / Charts
[oJA1GUqRww] figure_13.jpg -> classified as: Architecture Diagram
[oJA1GUqRww] figure_15.jpg -> classified as: Qualitative Examples
[oJA1GUqRww] figure_2.jpg -> classified as: Qualitative Examples
[oJA1GUqRww] figure_7.jpg -> classified as: Qualitative Examples
[oJA1GUqRww] figure_3.jpg -> classified as: Architecture Diagram
[oJA1GUqRww] figure_4.jpg -> classified as: Qualitative Examples
[oJA1GUqRww] figure_17.jpg -> classified as: Qualitative Examples
[oJA1GUqRww] figure_1.jpg -> classified as: Qualitative Examples
[oJA1GUqRww] figure_8.jpg -> classified as: Qualitative Examples
[oJA1GUqRww] figure_12.jpg -> classified as: Qualitative Examples
[oJA1GUqRww] figure_14.jpg -> classified as: Plots / Charts
[oJA1GUqRww] figure_10.jpg -> classified as: Qualitative Examples
[oO3oXJ19Pb] figure_2.jpg -> classified as: Architecture Diagram
[oO3oXJ19Pb] figure_1.jpg -> classified as: Qualitative Examples
[oOa3ZCtMjJ] figure_5.jpg -> classified as: Other
  -> Skipping second pass (Other)
[oOa3ZCtMjJ] figure_2.jpg -> classified as: Architecture Diagram
[oOa3ZCtMjJ] figure_7.jpg -> classified as: Qualitative Examples
[oOa3ZCtMjJ] figure_3.jpg -> classified as: Architecture Diagram
[oOa3ZCtMjJ] figure_4.jpg -> classified as: Architecture Diagram
[oOa3ZCtMjJ] figure_1.jpg -> classified as: Qualitative Examples
[oOjX2hIdWo] figure_5.jpg -> classified as: Qualitative Examples
[oOjX2hIdWo] figure_6.jpg -> classified as: Qualitative Examples
[oOjX2hIdWo] figure_2.jpg -> classified as: Architecture Diagram
[oOjX2hIdWo] figure_7.jpg -> classified as: Qualitative Examples
[oOjX2hIdWo] figure_3.jpg -> classified as: Qualitative Examples
[oOjX2hIdWo] figure_4.jpg -> classified as: Plots / Charts
[oOjX2hIdWo] figure_1.jpg -> classified as: Qualitative Examples
[oOjX2hIdWo] figure_8.jpg -> classified as: Qualitative Examples
[oOwDQl8haC] figure_2.jpg -> classified as: Plots / Charts
[oOwDQl8haC] figure_1.jpg -> classified as: Architecture Diagram
[oQoQ4u6MQC] figure_19.jpg -> classified as: Qualitative Examples
[oQoQ4u6MQC] figure_23.jpg -> classified as: Qualitative Examples
[oQoQ4u6MQC] figure_24.jpg -> classified as: Qualitative Examples
[oQoQ4u6MQC] figure_5.jpg -> classified as: Qualitative Examples
[oQoQ4u6MQC] figure_6.jpg -> classified as: Qualitative Examples
[oQoQ4u6MQC] figure_9.jpg -> classified as: Plots / Charts
[oQoQ4u6MQC] figure_22.jpg -> classified as: Qualitative Examples
[oQoQ4u6MQC] figure_18.jpg -> classified as: Qualitative Examples
[oQoQ4u6MQC] figure_13.jpg -> classified as: Qualitative Examples
[oQoQ4u6MQC] figure_15.jpg -> classified as: Qualitative Examples
[oQoQ4u6MQC] figure_2.jpg -> classified as: Architecture Diagram
[oQoQ4u6MQC] figure_20.jpg -> classified as: Plots / Charts
[oQoQ4u6MQC] figure_11.jpg -> classified as: Qualitative Examples
[oQoQ4u6MQC] figure_3.jpg -> classified as: Qualitative Examples
[oQoQ4u6MQC] figure_17.jpg -> classified as: Qualitative Examples
[oQoQ4u6MQC] figure_1.jpg -> classified as: Qualitative Examples
[oQoQ4u6MQC] figure_8.jpg -> classified as: Plots / Charts
[oQoQ4u6MQC] figure_12.jpg -> classified as: Qualitative Examples
[oQoQ4u6MQC] figure_25.jpg -> classified as: Qualitative Examples
[oQoQ4u6MQC] figure_21.jpg -> classified as: Qualitative Examples
[oQoQ4u6MQC] figure_26.jpg -> classified as: Qualitative Examples
[oQoQ4u6MQC] figure_14.jpg -> classified as: Qualitative Examples
[oQoQ4u6MQC] figure_16.jpg -> classified as: Qualitative Examples
[oQoQ4u6MQC] figure_10.jpg -> classified as: Plots / Charts
[oS79Tw3G0c] figure_2.jpg -> classified as: Plots / Charts
[oS79Tw3G0c] figure_3.jpg -> classified as: Plots / Charts
[oS79Tw3G0c] figure_1.jpg -> classified as: Architecture Diagram
[oSJqRF0Tkg] figure_9.jpg -> classified as: Other
  -> Skipping second pass (Other)
[oSJqRF0Tkg] figure_2.jpg -> classified as: Architecture Diagram
[oSJqRF0Tkg] figure_3.jpg -> classified as: Plots / Charts
[oSJqRF0Tkg] figure_4.jpg -> classified as: Plots / Charts
[oSJqRF0Tkg] figure_1.jpg -> classified as: Qualitative Examples
[oSQiao9GqB] figure_5.jpg -> classified as: Plots / Charts
[oSQiao9GqB] figure_2.jpg -> classified as: Architecture Diagram
[oSQiao9GqB] figure_3.jpg -> classified as: Qualitative Examples
[oSQiao9GqB] figure_4.jpg -> classified as: Plots / Charts
[oSQiao9GqB] figure_1.jpg -> classified as: Plots / Charts
[oStNAMWELS] figure_19.jpg -> classified as: Plots / Charts
[oStNAMWELS] figure_23.jpg -> classified as: Plots / Charts
[oStNAMWELS] figure_24.jpg -> classified as: Plots / Charts
[oStNAMWELS] figure_5.jpg -> classified as: Plots / Charts
[oStNAMWELS] figure_6.jpg -> classified as: Plots / Charts
[oStNAMWELS] figure_9.jpg -> classified as: Plots / Charts
[oStNAMWELS] figure_22.jpg -> classified as: Plots / Charts
[oStNAMWELS] figure_18.jpg -> classified as: Plots / Charts
[oStNAMWELS] figure_13.jpg -> classified as: Plots / Charts
[oStNAMWELS] figure_15.jpg -> classified as: Plots / Charts
[oStNAMWELS] figure_2.jpg -> classified as: Plots / Charts
[oStNAMWELS] figure_20.jpg -> classified as: Plots / Charts
[oStNAMWELS] figure_11.jpg -> classified as: Plots / Charts
[oStNAMWELS] figure_7.jpg -> classified as: Plots / Charts
[oStNAMWELS] figure_3.jpg -> classified as: Plots / Charts
[oStNAMWELS] figure_4.jpg -> classified as: Plots / Charts
[oStNAMWELS] figure_17.jpg -> classified as: Plots / Charts
[oStNAMWELS] figure_1.jpg -> classified as: Architecture Diagram
[oStNAMWELS] figure_8.jpg -> classified as: Qualitative Examples
[oStNAMWELS] figure_12.jpg -> classified as: Plots / Charts
[oStNAMWELS] figure_25.jpg -> classified as: Plots / Charts
[oStNAMWELS] figure_14.jpg -> classified as: Plots / Charts
[oStNAMWELS] figure_16.jpg -> classified as: Plots / Charts
[oVZ9XaOSFK] figure_5.jpg -> classified as: Qualitative Examples
[oVZ9XaOSFK] figure_6.jpg -> classified as: Plots / Charts
[oVZ9XaOSFK] figure_2.jpg -> classified as: Plots / Charts
[oVZ9XaOSFK] figure_3.jpg -> classified as: Plots / Charts
[oVZ9XaOSFK] figure_4.jpg -> classified as: Qualitative Examples
[oVZ9XaOSFK] figure_1.jpg -> classified as: Architecture Diagram
[oWENFj7583] figure_2.jpg -> classified as: Architecture Diagram
[oWENFj7583] figure_3.jpg -> classified as: Architecture Diagram
[oWENFj7583] figure_4.jpg -> classified as: Qualitative Examples
[oWENFj7583] figure_1.jpg -> classified as: Qualitative Examples
[oXYZJXDdo7] figure_4.jpg -> classified as: Plots / Charts
[oXYZJXDdo7] figure_1.jpg -> classified as: Architecture Diagram
[oZDJKTlOUe] figure_5.jpg -> classified as: Plots / Charts
[oZDJKTlOUe] figure_6.jpg -> classified as: Plots / Charts
[oZDJKTlOUe] figure_9.jpg -> classified as: Qualitative Examples
[oZDJKTlOUe] figure_2.jpg -> classified as: Architecture Diagram
[oZDJKTlOUe] figure_7.jpg -> classified as: Qualitative Examples
[oZDJKTlOUe] figure_3.jpg -> classified as: Qualitative Examples
[oZDJKTlOUe] figure_4.jpg -> classified as: Other
  -> Skipping second pass (Other)
[oZDJKTlOUe] figure_1.jpg -> classified as: Plots / Charts
[oZDJKTlOUe] figure_10.jpg -> classified as: Qualitative Examples
[oeP6OL7ouB] figure_C2.jpg -> classified as: Qualitative Examples
[oeP6OL7ouB] figure_C4.jpg -> classified as: Qualitative Examples
[oeP6OL7ouB] figure_C5.jpg -> classified as: Qualitative Examples
[oeP6OL7ouB] figure_5.jpg -> classified as: Qualitative Examples
[oeP6OL7ouB] figure_6.jpg -> classified as: Qualitative Examples
[oeP6OL7ouB] figure_C1.jpg -> classified as: Qualitative Examples
[oeP6OL7ouB] figure_D6.jpg -> classified as: Qualitative Examples
[oeP6OL7ouB] figure_2.jpg -> classified as: Architecture Diagram
[oeP6OL7ouB] figure_3.jpg -> classified as: Qualitative Examples
[oeP6OL7ouB] figure_4.jpg -> classified as: Qualitative Examples
[oeP6OL7ouB] figure_1.jpg -> classified as: Qualitative Examples
[oeP6OL7ouB] figure_C3.jpg -> classified as: Qualitative Examples
[ofzeypWosV] figure_2.jpg -> classified as: Plots / Charts
[ofzeypWosV] figure_1.jpg -> classified as: Architecture Diagram
[ogjBpZ8uSi] figure_5.jpg -> classified as: Plots / Charts
[ogjBpZ8uSi] figure_2.jpg -> classified as: Plots / Charts
[ogjBpZ8uSi] figure_3.jpg -> classified as: Plots / Charts
[ogjBpZ8uSi] figure_1.jpg -> classified as: Architecture Diagram
[ogmAeOvR1v] figure_2.jpg -> classified as: Architecture Diagram
[ogmAeOvR1v] figure_1.jpg -> classified as: Architecture Diagram
[ohJxgRLlLt] figure_D3.jpg -> classified as: Plots / Charts
[ohJxgRLlLt] figure_D2.jpg -> classified as: Plots / Charts
[ohJxgRLlLt] figure_5.jpg -> classified as: Plots / Charts
[ohJxgRLlLt] figure_D1.jpg -> classified as: Plots / Charts
[ohJxgRLlLt] figure_2.jpg -> classified as: Architecture Diagram
[ohJxgRLlLt] figure_3.jpg -> classified as: Plots / Charts
[ohJxgRLlLt] figure_4.jpg -> classified as: Plots / Charts
[ohJxgRLlLt] figure_1.jpg -> classified as: Other
  -> Skipping second pass (Other)
[ohJxgRLlLt] figure_B1.jpg -> classified as: Plots / Charts
[oimPWHTg65] figure_5.jpg -> classified as: Plots / Charts
[oimPWHTg65] figure_6.jpg -> classified as: Qualitative Examples
[oimPWHTg65] figure_9.jpg -> classified as: Plots / Charts
[oimPWHTg65] figure_13.jpg -> classified as: Plots / Charts
[oimPWHTg65] figure_15.jpg -> classified as: Plots / Charts
[oimPWHTg65] figure_2.jpg -> classified as: Architecture Diagram
[oimPWHTg65] figure_11.jpg -> classified as: Plots / Charts
[oimPWHTg65] figure_7.jpg -> classified as: Plots / Charts
[oimPWHTg65] figure_3.jpg -> classified as: Architecture Diagram
[oimPWHTg65] figure_4.jpg -> classified as: Plots / Charts
[oimPWHTg65] figure_1.jpg -> classified as: Plots / Charts
[oimPWHTg65] figure_8.jpg -> classified as: Plots / Charts
[oimPWHTg65] figure_12.jpg -> classified as: Plots / Charts
[oimPWHTg65] figure_14.jpg -> classified as: Plots / Charts
[oimPWHTg65] figure_16.jpg -> classified as: Plots / Charts
[oimPWHTg65] figure_10.jpg -> classified as: Plots / Charts
[olUa1nOKjN] figure_2.jpg -> classified as: Plots / Charts
[olUa1nOKjN] figure_1.jpg -> classified as: Plots / Charts
[onIro14tHv] figure_A10.jpg -> classified as: Qualitative Examples
[onIro14tHv] figure_5.jpg -> classified as: Plots / Charts
[onIro14tHv] figure_6.jpg -> classified as: Plots / Charts
[onIro14tHv] figure_A12.jpg -> classified as: Plots / Charts
[onIro14tHv] figure_2.jpg -> classified as: Other
  -> Skipping second pass (Other)
[onIro14tHv] figure_A11.jpg -> classified as: Qualitative Examples
[onIro14tHv] figure_7.jpg -> classified as: Qualitative Examples
[onIro14tHv] figure_3.jpg -> classified as: Architecture Diagram
[onIro14tHv] figure_4.jpg -> classified as: Architecture Diagram
[onIro14tHv] figure_A13.jpg -> classified as: Qualitative Examples
[onIro14tHv] figure_1.jpg -> classified as: Architecture Diagram
[onIro14tHv] figure_A14.jpg -> classified as: Plots / Charts
[onIro14tHv] figure_8.jpg -> classified as: Qualitative Examples
[onIro14tHv] figure_A9.jpg -> classified as: Architecture Diagram
[onrNYdciJQ] figure_5.jpg -> classified as: Plots / Charts
[onrNYdciJQ] figure_6.jpg -> classified as: Plots / Charts
[onrNYdciJQ] figure_2.jpg -> classified as: Plots / Charts
[onrNYdciJQ] figure_7.jpg -> classified as: Qualitative Examples
[onrNYdciJQ] figure_3.jpg -> classified as: Plots / Charts
[onrNYdciJQ] figure_4.jpg -> classified as: Plots / Charts
[onrNYdciJQ] figure_1.jpg -> classified as: Plots / Charts
[onrNYdciJQ] figure_8.jpg -> classified as: Plots / Charts
[oq5EF8parZ] figure_5.jpg -> classified as: Qualitative Examples
[oq5EF8parZ] figure_6.jpg -> classified as: Qualitative Examples
[oq5EF8parZ] figure_9.jpg -> classified as: Other
  -> Skipping second pass (Other)
[oq5EF8parZ] figure_18.jpg -> classified as: Qualitative Examples
[oq5EF8parZ] figure_13.jpg -> classified as: Plots / Charts
[oq5EF8parZ] figure_15.jpg -> classified as: Qualitative Examples
[oq5EF8parZ] figure_2.jpg -> classified as: Qualitative Examples
[oq5EF8parZ] figure_11.jpg -> classified as: Plots / Charts
[oq5EF8parZ] figure_3.jpg -> classified as: Qualitative Examples
[oq5EF8parZ] figure_4.jpg -> classified as: Plots / Charts
[oq5EF8parZ] figure_17.jpg -> classified as: Other
  -> Skipping second pass (Other)
[oq5EF8parZ] figure_1.jpg -> classified as: Qualitative Examples
[oq5EF8parZ] figure_NLVR2_-_Statement_.jpg -> classified as: Qualitative Examples
[oq5EF8parZ] figure_12.jpg -> classified as: Qualitative Examples
[oq5EF8parZ] figure_14.jpg -> classified as: Qualitative Examples
[oqRe1KvD17] figure_2.jpg -> classified as: Architecture Diagram
[oqRe1KvD17] figure_1.jpg -> classified as: Architecture Diagram
[or9OfAC3kb] figure_5.jpg -> classified as: Plots / Charts
[or9OfAC3kb] figure_6.jpg -> classified as: Qualitative Examples
[or9OfAC3kb] figure_2.jpg -> classified as: Architecture Diagram
[or9OfAC3kb] figure_7.jpg -> classified as: Qualitative Examples
[or9OfAC3kb] figure_3.jpg -> classified as: Qualitative Examples
[or9OfAC3kb] figure_4.jpg -> classified as: Plots / Charts
[or9OfAC3kb] figure_1.jpg -> classified as: Architecture Diagram
[orG37FHN4b] figure_5.jpg -> classified as: Plots / Charts
[orG37FHN4b] figure_2.jpg -> classified as: Plots / Charts
[orG37FHN4b] figure_3.jpg -> classified as: Plots / Charts
[orG37FHN4b] figure_4.jpg -> classified as: Plots / Charts
[orG37FHN4b] figure_1.jpg -> classified as: Plots / Charts
[otHZ8JAIgh] figure_5.jpg -> classified as: Plots / Charts
[otHZ8JAIgh] figure_6.jpg -> classified as: Qualitative Examples
[otHZ8JAIgh] figure_2.jpg -> classified as: Architecture Diagram
[otHZ8JAIgh] figure_7.jpg -> classified as: Qualitative Examples
[otHZ8JAIgh] figure_4.jpg -> classified as: Qualitative Examples
[otHZ8JAIgh] figure_1.jpg -> classified as: Architecture Diagram
[owziuM1nsR] figure_5.jpg -> classified as: Plots / Charts
[owziuM1nsR] figure_2.jpg -> classified as: Architecture Diagram
[owziuM1nsR] figure_3.jpg -> classified as: Plots / Charts
[owziuM1nsR] figure_4.jpg -> classified as: Plots / Charts
[owziuM1nsR] figure_1.jpg -> classified as: Architecture Diagram
[p01BR4njlY] figure_A1.jpg -> classified as: Qualitative Examples
[p01BR4njlY] figure_A2.jpg -> classified as: Qualitative Examples
[p01BR4njlY] figure_2.jpg -> classified as: Architecture Diagram
[p01BR4njlY] figure_3.jpg -> classified as: Qualitative Examples
[p01BR4njlY] figure_1.jpg -> classified as: Architecture Diagram
[p09XyFxZkc] figure_Hyper-realistic_spaceship_landing.jpg -> classified as: Qualitative Examples
[p09XyFxZkc] figure_The_Roman_Colosseum.jpg -> classified as: Qualitative Examples
[p09XyFxZkc] figure_(c)_A_sunset.jpg -> classified as: Qualitative Examples
[p09XyFxZkc] figure_5.jpg -> classified as: Qualitative Examples
[p09XyFxZkc] figure_6.jpg -> classified as: Qualitative Examples
[p09XyFxZkc] figure_A_fantasy_landscape,.jpg -> classified as: Qualitative Examples
[p09XyFxZkc] figure_The_Bund,_Shanghai,.jpg -> classified as: Qualitative Examples
[p09XyFxZkc] figure_13.jpg -> classified as: Qualitative Examples
[p09XyFxZkc] figure_A_jellyfish_floating.jpg -> classified as: Qualitative Examples
[p09XyFxZkc] figure_2.jpg -> classified as: Architecture Diagram
[p09XyFxZkc] figure_11.jpg -> classified as: Qualitative Examples
[p09XyFxZkc] figure_7.jpg -> classified as: Plots / Charts
[p09XyFxZkc] figure_3.jpg -> classified as: Architecture Diagram
[p09XyFxZkc] figure_4.jpg -> classified as: Qualitative Examples
[p09XyFxZkc] figure_A_super_cool.jpg -> classified as: Qualitative Examples
[p09XyFxZkc] figure_1.jpg -> classified as: Qualitative Examples
[p09XyFxZkc] figure_8.jpg -> classified as: Plots / Charts
[p09XyFxZkc] figure_(a)_Make-A-Video_(top).jpg -> classified as: Qualitative Examples
[p09XyFxZkc] figure_12.jpg -> classified as: Teaser Image
[p09XyFxZkc] figure_14.jpg -> classified as: Qualitative Examples
[p09XyFxZkc] figure_10.jpg -> classified as: Qualitative Examples
[p2oFwfwebT] figure_2.jpg -> classified as: Architecture Diagram
[p2oFwfwebT] figure_3.jpg -> classified as: Plots / Charts
[p2oFwfwebT] figure_1.jpg -> classified as: Architecture Diagram
[p34fRKp8qA] figure_2.jpg -> classified as: Plots / Charts
[p34fRKp8qA] figure_1.jpg -> classified as: Plots / Charts
[p4cLtzk4oe] figure_5.jpg -> classified as: Plots / Charts
[p4cLtzk4oe] figure_6.jpg -> classified as: Plots / Charts
[p4cLtzk4oe] figure_9.jpg -> classified as: Qualitative Examples
[p4cLtzk4oe] figure_2.jpg -> classified as: Qualitative Examples
[p4cLtzk4oe] figure_7.jpg -> classified as: Plots / Charts
[p4cLtzk4oe] figure_3.jpg -> classified as: Plots / Charts
[p4cLtzk4oe] figure_4.jpg -> classified as: Qualitative Examples
[p4cLtzk4oe] figure_1.jpg -> classified as: Qualitative Examples
[p4cLtzk4oe] figure_8.jpg -> classified as: Other
  -> Skipping second pass (Other)
[p4eG8rCa0b] figure_(a)_Foreground_Background_object.jpg -> classified as: Qualitative Examples
[p4eG8rCa0b] figure_5.jpg -> classified as: Qualitative Examples
[p4eG8rCa0b] figure_6.jpg -> classified as: Qualitative Examples
[p4eG8rCa0b] figure_9.jpg -> classified as: Qualitative Examples
[p4eG8rCa0b] figure_13.jpg -> classified as: Qualitative Examples
[p4eG8rCa0b] figure_15.jpg -> classified as: Qualitative Examples
[p4eG8rCa0b] figure_2.jpg -> classified as: Architecture Diagram
[p4eG8rCa0b] figure_(c)_Composition_with.jpg -> classified as: Qualitative Examples
[p4eG8rCa0b] figure_7.jpg -> classified as: Plots / Charts
[p4eG8rCa0b] figure_3.jpg -> classified as: Qualitative Examples
[p4eG8rCa0b] figure_4.jpg -> classified as: Qualitative Examples
[p4eG8rCa0b] figure_17.jpg -> classified as: Qualitative Examples
[p4eG8rCa0b] figure_8.jpg -> classified as: Architecture Diagram
[p4eG8rCa0b] figure_12.jpg -> classified as: Qualitative Examples
[p4eG8rCa0b] figure_14.jpg -> classified as: Qualitative Examples
[p4eG8rCa0b] figure_16.jpg -> classified as: Plots / Charts
[p4eG8rCa0b] figure_10.jpg -> classified as: Qualitative Examples
[p4jCBTDvdu] figure_5.jpg -> classified as: Plots / Charts
[p4jCBTDvdu] figure_6.jpg -> classified as: Plots / Charts
[p4jCBTDvdu] figure_2.jpg -> classified as: Plots / Charts
[p4jCBTDvdu] figure_7.jpg -> classified as: Architecture Diagram
[p4jCBTDvdu] figure_3.jpg -> classified as: Plots / Charts
[p4jCBTDvdu] figure_4.jpg -> classified as: Plots / Charts
[p4jCBTDvdu] figure_1.jpg -> classified as: Architecture Diagram
[p4jCBTDvdu] figure_8.jpg -> classified as: Qualitative Examples
[p66a00KLWN] figure_5.jpg -> classified as: Plots / Charts
[p66a00KLWN] figure_6.jpg -> classified as: Plots / Charts
[p66a00KLWN] figure_9.jpg -> classified as: Qualitative Examples
[p66a00KLWN] figure_2.jpg -> classified as: Architecture Diagram
[p66a00KLWN] figure_7.jpg -> classified as: Qualitative Examples
[p66a00KLWN] figure_3.jpg -> classified as: Architecture Diagram
[p66a00KLWN] figure_4.jpg -> classified as: Qualitative Examples
[p66a00KLWN] figure_1.jpg -> classified as: Architecture Diagram
[p66a00KLWN] figure_8.jpg -> classified as: Qualitative Examples
[p66a00KLWN] figure_(a)_Case_1..jpg -> classified as: Qualitative Examples
[p66a00KLWN] figure_10.jpg -> classified as: Plots / Charts
[p6UwN2Rxhx] figure_5.jpg -> classified as: Qualitative Examples
[p6UwN2Rxhx] figure_6.jpg -> classified as: Qualitative Examples
[p6UwN2Rxhx] figure_2.jpg -> classified as: Architecture Diagram
[p6UwN2Rxhx] figure_7.jpg -> classified as: Qualitative Examples
[p6UwN2Rxhx] figure_3.jpg -> classified as: Qualitative Examples
[p6UwN2Rxhx] figure_4.jpg -> classified as: Qualitative Examples
[p6UwN2Rxhx] figure_1.jpg -> classified as: Qualitative Examples
[p8ujRTjEf3] figure_2.jpg -> classified as: Plots / Charts
[p8ujRTjEf3] figure_1.jpg -> classified as: Plots / Charts
[pAQzEY7M03] figure_5.jpg -> classified as: Qualitative Examples
[pAQzEY7M03] figure_6.jpg -> classified as: Plots / Charts
[pAQzEY7M03] figure_13.jpg -> classified as: Qualitative Examples
[pAQzEY7M03] figure_15.jpg -> classified as: Qualitative Examples
[pAQzEY7M03] figure_2.jpg -> classified as: Qualitative Examples
[pAQzEY7M03] figure_11.jpg -> classified as: Qualitative Examples
[pAQzEY7M03] figure_7.jpg -> classified as: Qualitative Examples
[pAQzEY7M03] figure_3.jpg -> classified as: Architecture Diagram
[pAQzEY7M03] figure_4.jpg -> classified as: Qualitative Examples
[pAQzEY7M03] figure_17.jpg -> classified as: Qualitative Examples
[pAQzEY7M03] figure_1.jpg -> classified as: Qualitative Examples
[pAQzEY7M03] figure_8.jpg -> classified as: Other
  -> Skipping second pass (Other)
[pAQzEY7M03] figure_12.jpg -> classified as: Qualitative Examples
[pAQzEY7M03] figure_14.jpg -> classified as: Qualitative Examples
[pAQzEY7M03] figure_10.jpg -> classified as: Qualitative Examples
[pAsQSWlDUf] figure_M_1.jpg -> classified as: Plots / Charts
[pAsQSWlDUf] figure_5.jpg -> classified as: Plots / Charts
[pAsQSWlDUf] figure_I_1.jpg -> classified as: Plots / Charts
[pAsQSWlDUf] figure_I.jpg -> classified as: Plots / Charts
[pAsQSWlDUf] figure_2.jpg -> classified as: Plots / Charts
[pAsQSWlDUf] figure_3.jpg -> classified as: Plots / Charts
[pAsQSWlDUf] figure_4.jpg -> classified as: Architecture Diagram
[pAsQSWlDUf] figure_J.jpg -> classified as: Plots / Charts
[pAsQSWlDUf] figure_1.jpg -> classified as: Plots / Charts
[pAsQSWlDUf] figure_L.jpg -> classified as: Plots / Charts
[pAsQSWlDUf] figure_M.jpg -> classified as: Plots / Charts
[pB9XVRGVu0] figure_5.jpg -> classified as: Plots / Charts
[pB9XVRGVu0] figure_6.jpg -> classified as: Plots / Charts
[pB9XVRGVu0] figure_2.jpg -> classified as: Architecture Diagram
[pB9XVRGVu0] figure_7.jpg -> classified as: Plots / Charts
[pB9XVRGVu0] figure_3.jpg -> classified as: Plots / Charts
[pB9XVRGVu0] figure_1.jpg -> classified as: Other
  -> Skipping second pass (Other)
[pB9XVRGVu0] figure_8.jpg -> classified as: Plots / Charts
[pB9XVRGVu0] figure_10.jpg -> classified as: Plots / Charts
[pCEgna6Qco] figure_5.jpg -> classified as: Plots / Charts
[pCEgna6Qco] figure_6.jpg -> classified as: Plots / Charts
[pCEgna6Qco] figure_2.jpg -> classified as: Plots / Charts
[pCEgna6Qco] figure_7.jpg -> classified as: Plots / Charts
[pCEgna6Qco] figure_3.jpg -> classified as: Plots / Charts
[pCEgna6Qco] figure_4.jpg -> classified as: Architecture Diagram
[pCEgna6Qco] figure_1.jpg -> classified as: Plots / Charts
[pD6TiCpyDR] figure_19.jpg -> classified as: Plots / Charts
[pD6TiCpyDR] figure_5.jpg -> classified as: Plots / Charts
[pD6TiCpyDR] figure_6.jpg -> classified as: Plots / Charts
[pD6TiCpyDR] figure_9.jpg -> classified as: Plots / Charts
[pD6TiCpyDR] figure_18.jpg -> classified as: Qualitative Examples
[pD6TiCpyDR] figure_13.jpg -> classified as: Plots / Charts
[pD6TiCpyDR] figure_15.jpg -> classified as: Plots / Charts
[pD6TiCpyDR] figure_20.jpg -> classified as: Qualitative Examples
[pD6TiCpyDR] figure_11.jpg -> classified as: Plots / Charts
[pD6TiCpyDR] figure_7.jpg -> classified as: Plots / Charts
[pD6TiCpyDR] figure_3.jpg -> classified as: Plots / Charts
[pD6TiCpyDR] figure_4.jpg -> classified as: Plots / Charts
[pD6TiCpyDR] figure_17.jpg -> classified as: Qualitative Examples
[pD6TiCpyDR] figure_1.jpg -> classified as: Qualitative Examples
[pD6TiCpyDR] figure_8.jpg -> classified as: Plots / Charts
[pD6TiCpyDR] figure_12.jpg -> classified as: Plots / Charts
[pD6TiCpyDR] figure_16.jpg -> classified as: Qualitative Examples
[pDFncEOiWi] figure_5.jpg -> classified as: Qualitative Examples
[pDFncEOiWi] figure_6.jpg -> classified as: Qualitative Examples
[pDFncEOiWi] figure_9.jpg -> classified as: Qualitative Examples
[pDFncEOiWi] figure_2.jpg -> classified as: Qualitative Examples
[pDFncEOiWi] figure_7.jpg -> classified as: Qualitative Examples
[pDFncEOiWi] figure_3.jpg -> classified as: Qualitative Examples
[pDFncEOiWi] figure_unnamed_figure.jpg -> classified as: Qualitative Examples
[pDFncEOiWi] figure_1.jpg -> classified as: Architecture Diagram
[pDFncEOiWi] figure_8.jpg -> classified as: Qualitative Examples
[pDFncEOiWi] figure_10.jpg -> classified as: Qualitative Examples
[pE6gWrASQm] figure_19.jpg -> classified as: Plots / Charts
[pE6gWrASQm] figure_ImageNet-200_Flowers-102_#.jpg -> classified as: Plots / Charts
[pE6gWrASQm] figure_ImageNet-200_Caltech-256_#.jpg -> classified as: Plots / Charts
[pE6gWrASQm] figure_5.jpg -> classified as: Plots / Charts
[pE6gWrASQm] figure_6.jpg -> classified as: Plots / Charts
[pE6gWrASQm] figure_ImageNet-_$2_0_2.jpg -> classified as: Plots / Charts
[pE6gWrASQm] figure_9.jpg -> classified as: Other
  -> Skipping second pass (Other)
[pE6gWrASQm] figure_22.jpg -> classified as: Plots / Charts
[pE6gWrASQm] figure_18.jpg -> classified as: Plots / Charts
[pE6gWrASQm] figure_13.jpg -> classified as: Plots / Charts
[pE6gWrASQm] figure_CIFAR-100_CIFAR-10.jpg -> classified as: Plots / Charts
[pE6gWrASQm] figure_15.jpg -> classified as: Other
  -> Skipping second pass (Other)
[pE6gWrASQm] figure_2.jpg -> classified as: Plots / Charts
[pE6gWrASQm] figure_ImageNet-_$2_0_1.jpg -> classified as: Plots / Charts
[pE6gWrASQm] figure_20.jpg -> classified as: Plots / Charts
[pE6gWrASQm] figure_7.jpg -> classified as: Plots / Charts
[pE6gWrASQm] figure_3.jpg -> classified as: Plots / Charts
[pE6gWrASQm] figure_4.jpg -> classified as: Plots / Charts
[pE6gWrASQm] figure_17.jpg -> classified as: Plots / Charts
[pE6gWrASQm] figure_1.jpg -> classified as: Architecture Diagram
[pE6gWrASQm] figure_CIFAR-100_CIFAR-10_1.jpg -> classified as: Plots / Charts
[pE6gWrASQm] figure_ImageNet-200_Caltech-256.jpg -> classified as: Plots / Charts
[pE6gWrASQm] figure_8.jpg -> classified as: Plots / Charts
[pE6gWrASQm] figure_21.jpg -> classified as: Plots / Charts
[pE6gWrASQm] figure_14.jpg -> classified as: Plots / Charts
[pE6gWrASQm] figure_ImageNet-_$2_0.jpg -> classified as: Plots / Charts
[pE6gWrASQm] figure_16.jpg -> classified as: Plots / Charts
[pE6gWrASQm] figure_10.jpg -> classified as: Plots / Charts
[pEGSdJu52I] figure_5.jpg -> classified as: Plots / Charts
[pEGSdJu52I] figure_6.jpg -> classified as: Plots / Charts
[pEGSdJu52I] figure_9.jpg -> classified as: Plots / Charts
[pEGSdJu52I] figure_13.jpg -> classified as: Plots / Charts
[pEGSdJu52I] figure_2.jpg -> classified as: Plots / Charts
[pEGSdJu52I] figure_11.jpg -> classified as: Plots / Charts
[pEGSdJu52I] figure_7.jpg -> classified as: Plots / Charts
[pEGSdJu52I] figure_3.jpg -> classified as: Plots / Charts
[pEGSdJu52I] figure_4.jpg -> classified as: Qualitative Examples
[pEGSdJu52I] figure_1.jpg -> classified as: Plots / Charts
[pEGSdJu52I] figure_8.jpg -> classified as: Plots / Charts
[pEGSdJu52I] figure_12.jpg -> classified as: Plots / Charts
[pEGSdJu52I] figure_14.jpg -> classified as: Qualitative Examples
[pEGSdJu52I] figure_10.jpg -> classified as: Plots / Charts
[pEKJl5sflp] figure_5.jpg -> classified as: Plots / Charts
[pEKJl5sflp] figure_6.jpg -> classified as: Plots / Charts
[pEKJl5sflp] figure_9.jpg -> classified as: Qualitative Examples
[pEKJl5sflp] figure_2.jpg -> classified as: Architecture Diagram
[pEKJl5sflp] figure_7.jpg -> classified as: Plots / Charts
[pEKJl5sflp] figure_3.jpg -> classified as: Qualitative Examples
[pEKJl5sflp] figure_4.jpg -> classified as: Qualitative Examples
[pEKJl5sflp] figure_1.jpg -> classified as: Architecture Diagram
[pEKJl5sflp] figure_8.jpg -> classified as: Qualitative Examples
[pH543jrbe8] figure_5.jpg -> classified as: Plots / Charts
[pH543jrbe8] figure_6.jpg -> classified as: Plots / Charts
[pH543jrbe8] figure_2.jpg -> classified as: Architecture Diagram
[pH543jrbe8] figure_7.jpg -> classified as: Plots / Charts
[pH543jrbe8] figure_3.jpg -> classified as: Plots / Charts
[pH543jrbe8] figure_4.jpg -> classified as: Plots / Charts
[pH543jrbe8] figure_1.jpg -> classified as: Architecture Diagram
[pIVOSU7TFQ] figure_5.jpg -> classified as: Plots / Charts
[pIVOSU7TFQ] figure_6.jpg -> classified as: Plots / Charts
[pIVOSU7TFQ] figure_2.jpg -> classified as: Plots / Charts
[pIVOSU7TFQ] figure_7.jpg -> classified as: Plots / Charts
[pIVOSU7TFQ] figure_3.jpg -> classified as: Plots / Charts
[pIVOSU7TFQ] figure_4.jpg -> classified as: Plots / Charts
[pIVOSU7TFQ] figure_1.jpg -> classified as: Qualitative Examples
[pIVOSU7TFQ] figure_8.jpg -> classified as: Plots / Charts
[pL31n7F6Ro] figure_5.jpg -> classified as: Architecture Diagram
[pL31n7F6Ro] figure_6.jpg -> classified as: Qualitative Examples
[pL31n7F6Ro] figure_9.jpg -> classified as: Architecture Diagram
[pL31n7F6Ro] figure_2.jpg -> classified as: Qualitative Examples
[pL31n7F6Ro] figure_7.jpg -> classified as: Qualitative Examples
[pL31n7F6Ro] figure_3.jpg -> classified as: Plots / Charts
[pL31n7F6Ro] figure_4.jpg -> classified as: Architecture Diagram
[pL31n7F6Ro] figure_1.jpg -> classified as: Qualitative Examples
[pL31n7F6Ro] figure_8.jpg -> classified as: Qualitative Examples
[pOYa9nbwGr] figure_2.jpg -> classified as: Architecture Diagram
[pOYa9nbwGr] figure_D.jpg -> classified as: Qualitative Examples
[pOYa9nbwGr] figure_D_1.jpg -> classified as: Other
  -> Skipping second pass (Other)
[pOYa9nbwGr] figure_1.jpg -> classified as: Architecture Diagram
[pOcGFvfgjS] figure_5.jpg -> classified as: Plots / Charts
[pOcGFvfgjS] figure_6.jpg -> classified as: Qualitative Examples
[pOcGFvfgjS] figure_2.jpg -> classified as: Architecture Diagram
[pOcGFvfgjS] figure_7.jpg -> classified as: Qualitative Examples
[pOcGFvfgjS] figure_3.jpg -> classified as: Qualitative Examples
[pOcGFvfgjS] figure_4.jpg -> classified as: Qualitative Examples
[pOcGFvfgjS] figure_1.jpg -> classified as: Qualitative Examples
[pOcGFvfgjS] figure_8.jpg -> classified as: Qualitative Examples
[pOujzgHIRY] figure_5.jpg -> classified as: Plots / Charts
[pOujzgHIRY] figure_6.jpg -> classified as: Plots / Charts
[pOujzgHIRY] figure_2.jpg -> classified as: Other
  -> Skipping second pass (Other)
[pOujzgHIRY] figure_7.jpg -> classified as: Plots / Charts
[pOujzgHIRY] figure_3.jpg -> classified as: Plots / Charts
[pOujzgHIRY] figure_4.jpg -> classified as: Plots / Charts
[pOujzgHIRY] figure_1.jpg -> classified as: Plots / Charts
[pPQPQ7Yd58] figure_30.jpg -> classified as: Qualitative Examples
[pPQPQ7Yd58] figure_19.jpg -> classified as: Qualitative Examples
[pPQPQ7Yd58] figure_23.jpg -> classified as: Plots / Charts
[pPQPQ7Yd58] figure_29.jpg -> classified as: Qualitative Examples
[pPQPQ7Yd58] figure_24.jpg -> classified as: Plots / Charts
[pPQPQ7Yd58] figure_5.jpg -> classified as: Plots / Charts
[pPQPQ7Yd58] figure_6.jpg -> classified as: Plots / Charts
[pPQPQ7Yd58] figure_9.jpg -> classified as: Architecture Diagram
[pPQPQ7Yd58] figure_22.jpg -> classified as: Plots / Charts
[pPQPQ7Yd58] figure_28.jpg -> classified as: Qualitative Examples
[pPQPQ7Yd58] figure_18.jpg -> classified as: Plots / Charts
[pPQPQ7Yd58] figure_13.jpg -> classified as: Plots / Charts
[pPQPQ7Yd58] figure_15.jpg -> classified as: Qualitative Examples
[pPQPQ7Yd58] figure_2.jpg -> classified as: Architecture Diagram
[pPQPQ7Yd58] figure_20.jpg -> classified as: Plots / Charts
[pPQPQ7Yd58] figure_11.jpg -> classified as: Plots / Charts
[pPQPQ7Yd58] figure_7.jpg -> classified as: Plots / Charts
[pPQPQ7Yd58] figure_3.jpg -> classified as: Plots / Charts
[pPQPQ7Yd58] figure_4.jpg -> classified as: Qualitative Examples
[pPQPQ7Yd58] figure_31.jpg -> classified as: Qualitative Examples
[pPQPQ7Yd58] figure_17.jpg -> classified as: Plots / Charts
[pPQPQ7Yd58] figure_1.jpg -> classified as: Plots / Charts
[pPQPQ7Yd58] figure_27.jpg -> classified as: Qualitative Examples
[pPQPQ7Yd58] figure_8.jpg -> classified as: Plots / Charts
[pPQPQ7Yd58] figure_12.jpg -> classified as: Plots / Charts
[pPQPQ7Yd58] figure_25.jpg -> classified as: Plots / Charts
[pPQPQ7Yd58] figure_21.jpg -> classified as: Plots / Charts
[pPQPQ7Yd58] figure_26.jpg -> classified as: Qualitative Examples
[pPQPQ7Yd58] figure_14.jpg -> classified as: Qualitative Examples
[pPQPQ7Yd58] figure_16.jpg -> classified as: Qualitative Examples
[pPQPQ7Yd58] figure_10.jpg -> classified as: Qualitative Examples
[pPh9p8anUi] figure_5.jpg -> classified as: Qualitative Examples
[pPh9p8anUi] figure_6.jpg -> classified as: Qualitative Examples
[pPh9p8anUi] figure_2.jpg -> classified as: Architecture Diagram
[pPh9p8anUi] figure_1.jpg -> classified as: Qualitative Examples
[pQJi9EsmCc] figure_5.jpg -> classified as: Qualitative Examples
[pQJi9EsmCc] figure_2.jpg -> classified as: Architecture Diagram
[pQJi9EsmCc] figure_3.jpg -> classified as: Qualitative Examples
[pQJi9EsmCc] figure_4.jpg -> classified as: Qualitative Examples
[pQJi9EsmCc] figure_1.jpg -> classified as: Qualitative Examples
[pQqeQpMkE7] figure_6.jpg -> classified as: Plots / Charts
[pQqeQpMkE7] figure_9.jpg -> classified as: Plots / Charts
[pQqeQpMkE7] figure_13.jpg -> classified as: Plots / Charts
[pQqeQpMkE7] figure_15.jpg -> classified as: Plots / Charts
[pQqeQpMkE7] figure_2.jpg -> classified as: Architecture Diagram
[pQqeQpMkE7] figure_(b)_Momentum_scaling.jpg -> classified as: Plots / Charts
[pQqeQpMkE7] figure_11.jpg -> classified as: Plots / Charts
[pQqeQpMkE7] figure_7.jpg -> classified as: Plots / Charts
[pQqeQpMkE7] figure_3.jpg -> classified as: Plots / Charts
[pQqeQpMkE7] figure_4.jpg -> classified as: Plots / Charts
[pQqeQpMkE7] figure_1.jpg -> classified as: Qualitative Examples
[pQqeQpMkE7] figure_8.jpg -> classified as: Plots / Charts
[pQqeQpMkE7] figure_14.jpg -> classified as: Plots / Charts
[pQqeQpMkE7] figure_10.jpg -> classified as: Plots / Charts
[pRCOZllZdT] figure_5.jpg -> classified as: Plots / Charts
[pRCOZllZdT] figure_6.jpg -> classified as: Plots / Charts
[pRCOZllZdT] figure_9.jpg -> classified as: Plots / Charts
[pRCOZllZdT] figure_13.jpg -> classified as: Plots / Charts
[pRCOZllZdT] figure_2.jpg -> classified as: Plots / Charts
[pRCOZllZdT] figure_11.jpg -> classified as: Plots / Charts
[pRCOZllZdT] figure_7.jpg -> classified as: Plots / Charts
[pRCOZllZdT] figure_3.jpg -> classified as: Plots / Charts
[pRCOZllZdT] figure_4.jpg -> classified as: Plots / Charts
[pRCOZllZdT] figure_1.jpg -> classified as: Architecture Diagram
[pRCOZllZdT] figure_8.jpg -> classified as: Plots / Charts
[pRCOZllZdT] figure_12.jpg -> classified as: Plots / Charts
[pRCOZllZdT] figure_14.jpg -> classified as: Plots / Charts
[pRCOZllZdT] figure_10.jpg -> classified as: Plots / Charts
[pTN8dV2pL8] figure_5.jpg -> classified as: Qualitative Examples
[pTN8dV2pL8] figure_6.jpg -> classified as: Other
  -> Skipping second pass (Other)
[pTN8dV2pL8] figure_9.jpg -> classified as: Qualitative Examples
[pTN8dV2pL8] figure_13.jpg -> classified as: Qualitative Examples
[pTN8dV2pL8] figure_2.jpg -> classified as: Architecture Diagram
[pTN8dV2pL8] figure_11.jpg -> classified as: Qualitative Examples
[pTN8dV2pL8] figure_7.jpg -> classified as: Qualitative Examples
[pTN8dV2pL8] figure_3.jpg -> classified as: Architecture Diagram
[pTN8dV2pL8] figure_4.jpg -> classified as: Plots / Charts
[pTN8dV2pL8] figure_1.jpg -> classified as: Architecture Diagram
[pTN8dV2pL8] figure_8.jpg -> classified as: Qualitative Examples
[pTN8dV2pL8] figure_12.jpg -> classified as: Qualitative Examples
[pTN8dV2pL8] figure_14.jpg -> classified as: Qualitative Examples
[pTN8dV2pL8] figure_10.jpg -> classified as: Qualitative Examples
[pUOesbrlw4] figure_5.jpg -> classified as: Plots / Charts
[pUOesbrlw4] figure_6.jpg -> classified as: Plots / Charts
[pUOesbrlw4] figure_9.jpg -> classified as: Plots / Charts
[pUOesbrlw4] figure_2.jpg -> classified as: Plots / Charts
[pUOesbrlw4] figure_7.jpg -> classified as: Plots / Charts
[pUOesbrlw4] figure_3.jpg -> classified as: Qualitative Examples
[pUOesbrlw4] figure_4.jpg -> classified as: Plots / Charts
[pUOesbrlw4] figure_1.jpg -> classified as: Plots / Charts
[pUOesbrlw4] figure_8.jpg -> classified as: Plots / Charts
[pUOesbrlw4] figure_10.jpg -> classified as: Plots / Charts
[pZISppZSTv] figure_2.jpg -> classified as: Architecture Diagram
[pZISppZSTv] figure_3.jpg -> classified as: Other
  -> Skipping second pass (Other)
[pZISppZSTv] figure_4.jpg -> classified as: Qualitative Examples
[pZISppZSTv] figure_1.jpg -> classified as: Qualitative Examples
[pZz0nOroGv] figure_5.jpg -> classified as: Plots / Charts
[pZz0nOroGv] figure_6.jpg -> classified as: Qualitative Examples
[pZz0nOroGv] figure_2.jpg -> classified as: Qualitative Examples
[pZz0nOroGv] figure_7.jpg -> classified as: Qualitative Examples
[pZz0nOroGv] figure_3.jpg -> classified as: Architecture Diagram
[pZz0nOroGv] figure_4.jpg -> classified as: Qualitative Examples
[pZz0nOroGv] figure_1.jpg -> classified as: Qualitative Examples
[pZz0nOroGv] figure_8.jpg -> classified as: Qualitative Examples
[pbDqZBn2X2] figure_5.jpg -> classified as: Plots / Charts
[pbDqZBn2X2] figure_2.jpg -> classified as: Architecture Diagram
[pbDqZBn2X2] figure_3.jpg -> classified as: Plots / Charts
[pbDqZBn2X2] figure_4.jpg -> classified as: Plots / Charts
[pbDqZBn2X2] figure_1.jpg -> classified as: Plots / Charts
[pcnq7fZs4t] figure_2.jpg -> classified as: Plots / Charts
[pcnq7fZs4t] figure_1.jpg -> classified as: Architecture Diagram
[pdJXYfJjz9] figure_5.jpg -> classified as: Plots / Charts
[pdJXYfJjz9] figure_6.jpg -> classified as: Plots / Charts
[pdJXYfJjz9] figure_9.jpg -> classified as: Plots / Charts
[pdJXYfJjz9] figure_13.jpg -> classified as: Qualitative Examples
[pdJXYfJjz9] figure_2.jpg -> classified as: Architecture Diagram
[pdJXYfJjz9] figure_11.jpg -> classified as: Plots / Charts
[pdJXYfJjz9] figure_7.jpg -> classified as: Plots / Charts
[pdJXYfJjz9] figure_3.jpg -> classified as: Architecture Diagram
[pdJXYfJjz9] figure_4.jpg -> classified as: Qualitative Examples
[pdJXYfJjz9] figure_1.jpg -> classified as: Plots / Charts
[pdJXYfJjz9] figure_8.jpg -> classified as: Qualitative Examples
[pdJXYfJjz9] figure_12.jpg -> classified as: Qualitative Examples
[pdJXYfJjz9] figure_14.jpg -> classified as: Qualitative Examples
[pdJXYfJjz9] figure_10.jpg -> classified as: Plots / Charts
[pdzHpQbGrn] figure_2.jpg -> classified as: Plots / Charts
[pdzHpQbGrn] figure_3.jpg -> classified as: Plots / Charts
[pdzHpQbGrn] figure_4.jpg -> classified as: Plots / Charts
[pdzHpQbGrn] figure_1.jpg -> classified as: Architecture Diagram
[peNgxpbdxB] figure_1.jpg -> classified as: Plots / Charts
[pfS4D6RWC8] figure_5.jpg -> classified as: Qualitative Examples
[pfS4D6RWC8] figure_6.jpg -> classified as: Plots / Charts
[pfS4D6RWC8] figure_2.jpg -> classified as: Plots / Charts
[pfS4D6RWC8] figure_7.jpg -> classified as: Qualitative Examples
[pfS4D6RWC8] figure_3.jpg -> classified as: Plots / Charts
[pfS4D6RWC8] figure_4.jpg -> classified as: Plots / Charts
[pfS4D6RWC8] figure_1.jpg -> classified as: Qualitative Examples
[pfXVid1p1d] figure_19.jpg -> classified as: Qualitative Examples
[pfXVid1p1d] figure_6.jpg -> classified as: Qualitative Examples
[pfXVid1p1d] figure_9.jpg -> classified as: Qualitative Examples
[pfXVid1p1d] figure_18.jpg -> classified as: Qualitative Examples
[pfXVid1p1d] figure_13.jpg -> classified as: Qualitative Examples
[pfXVid1p1d] figure_15.jpg -> classified as: Plots / Charts
[pfXVid1p1d] figure_2.jpg -> classified as: Qualitative Examples
[pfXVid1p1d] figure_20.jpg -> classified as: Qualitative Examples
[pfXVid1p1d] figure_11.jpg -> classified as: Qualitative Examples
[pfXVid1p1d] figure_7.jpg -> classified as: Qualitative Examples
[pfXVid1p1d] figure_3.jpg -> classified as: Architecture Diagram
[pfXVid1p1d] figure_4.jpg -> classified as: Plots / Charts
[pfXVid1p1d] figure_17.jpg -> classified as: Qualitative Examples
[pfXVid1p1d] figure_1.jpg -> classified as: Qualitative Examples
[pfXVid1p1d] figure_8.jpg -> classified as: Plots / Charts
[pfXVid1p1d] figure_12.jpg -> classified as: Qualitative Examples
[pfXVid1p1d] figure_14.jpg -> classified as: Qualitative Examples
[pfXVid1p1d] figure_16.jpg -> classified as: Plots / Charts
[pfXVid1p1d] figure_10.jpg -> classified as: Qualitative Examples
[ph04CRkPdC] figure_5.jpg -> classified as: Plots / Charts
[ph04CRkPdC] figure_2.jpg -> classified as: Plots / Charts
[ph04CRkPdC] figure_7.jpg -> classified as: Plots / Charts
[ph04CRkPdC] figure_3.jpg -> classified as: Plots / Charts
[ph04CRkPdC] figure_4.jpg -> classified as: Plots / Charts
[ph04CRkPdC] figure_1.jpg -> classified as: Architecture Diagram
[ph04CRkPdC] figure_8.jpg -> classified as: Plots / Charts
[pjNjlJN7up] figure_2.jpg -> classified as: Architecture Diagram
[pjNjlJN7up] figure_3.jpg -> classified as: Qualitative Examples
[pjNjlJN7up] figure_1.jpg -> classified as: Other
  -> Skipping second pass (Other)
[pjtIEgscE3] figure_5.jpg -> classified as: Qualitative Examples
[pjtIEgscE3] figure_6.jpg -> classified as: Qualitative Examples
[pjtIEgscE3] figure_9.jpg -> classified as: Qualitative Examples
[pjtIEgscE3] figure_2.jpg -> classified as: Architecture Diagram
[pjtIEgscE3] figure_7.jpg -> classified as: Qualitative Examples
[pjtIEgscE3] figure_3.jpg -> classified as: Qualitative Examples
[pjtIEgscE3] figure_4.jpg -> classified as: Qualitative Examples
[pjtIEgscE3] figure_1.jpg -> classified as: Qualitative Examples
[pl8OJhyArC] figure_5.jpg -> classified as: Qualitative Examples
[pl8OJhyArC] figure_6.jpg -> classified as: Qualitative Examples
[pl8OJhyArC] figure_9.jpg -> classified as: Plots / Charts
[pl8OJhyArC] figure_13.jpg -> classified as: Qualitative Examples
[pl8OJhyArC] figure_15.jpg -> classified as: Qualitative Examples
[pl8OJhyArC] figure_2.jpg -> classified as: Plots / Charts
[pl8OJhyArC] figure_11.jpg -> classified as: Architecture Diagram
[pl8OJhyArC] figure_7.jpg -> classified as: Plots / Charts
[pl8OJhyArC] figure_3.jpg -> classified as: Qualitative Examples
[pl8OJhyArC] figure_4.jpg -> classified as: Architecture Diagram
[pl8OJhyArC] figure_1.jpg -> classified as: Qualitative Examples
[pl8OJhyArC] figure_12.jpg -> classified as: Qualitative Examples
[pl8OJhyArC] figure_14.jpg -> classified as: Qualitative Examples
[pl8OJhyArC] figure_16.jpg -> classified as: Qualitative Examples
[plmBsXHxgR] figure_19.jpg -> classified as: Qualitative Examples
[plmBsXHxgR] figure_5.jpg -> classified as: Qualitative Examples
[plmBsXHxgR] figure_6.jpg -> classified as: Qualitative Examples
[plmBsXHxgR] figure_9.jpg -> classified as: Qualitative Examples
[plmBsXHxgR] figure_18.jpg -> classified as: Qualitative Examples
[plmBsXHxgR] figure_13.jpg -> classified as: Other
  -> Skipping second pass (Other)
[plmBsXHxgR] figure_15.jpg -> classified as: Other
  -> Skipping second pass (Other)
[plmBsXHxgR] figure_2.jpg -> classified as: Qualitative Examples
[plmBsXHxgR] figure_20.jpg -> classified as: Other
  -> Skipping second pass (Other)
[plmBsXHxgR] figure_11.jpg -> classified as: Qualitative Examples
[plmBsXHxgR] figure_7.jpg -> classified as: Qualitative Examples
[plmBsXHxgR] figure_3.jpg -> classified as: Qualitative Examples
[plmBsXHxgR] figure_4.jpg -> classified as: Qualitative Examples
[plmBsXHxgR] figure_17.jpg -> classified as: Qualitative Examples
[plmBsXHxgR] figure_1.jpg -> classified as: Other
  -> Skipping second pass (Other)
[plmBsXHxgR] figure_8.jpg -> classified as: Plots / Charts
[plmBsXHxgR] figure_12.jpg -> classified as: Qualitative Examples
[plmBsXHxgR] figure_16.jpg -> classified as: Other
  -> Skipping second pass (Other)
[plmBsXHxgR] figure_10.jpg -> classified as: Qualitative Examples
[popKM1zAYa] figure_5.jpg -> classified as: Qualitative Examples
[popKM1zAYa] figure_6.jpg -> classified as: Qualitative Examples
[popKM1zAYa] figure_9.jpg -> classified as: Qualitative Examples
[popKM1zAYa] figure_13.jpg -> classified as: Qualitative Examples
[popKM1zAYa] figure_2.jpg -> classified as: Architecture Diagram
[popKM1zAYa] figure_11.jpg -> classified as: Qualitative Examples
[popKM1zAYa] figure_7.jpg -> classified as: Other
  -> Skipping second pass (Other)
[popKM1zAYa] figure_3.jpg -> classified as: Architecture Diagram
[popKM1zAYa] figure_4.jpg -> classified as: Teaser Image
[popKM1zAYa] figure_1.jpg -> classified as: Qualitative Examples
[popKM1zAYa] figure_8.jpg -> classified as: Plots / Charts
[popKM1zAYa] figure_12.jpg -> classified as: Qualitative Examples
[popKM1zAYa] figure_10.jpg -> classified as: Qualitative Examples
[pq1WUegkza] figure_1.jpg -> classified as: Plots / Charts
[pr37sbuhVa] figure_9.jpg -> classified as: Qualitative Examples
[pr37sbuhVa] figure_2.jpg -> classified as: Architecture Diagram
[pr37sbuhVa] figure_7.jpg -> classified as: Qualitative Examples
[pr37sbuhVa] figure_3.jpg -> classified as: Architecture Diagram
[pr37sbuhVa] figure_4.jpg -> classified as: Plots / Charts
[pr37sbuhVa] figure_1.jpg -> classified as: Qualitative Examples
[psIymxANmd] figure_5.jpg -> classified as: Qualitative Examples
[psIymxANmd] figure_6.jpg -> classified as: Other
  -> Skipping second pass (Other)
[psIymxANmd] figure_2.jpg -> classified as: Plots / Charts
[psIymxANmd] figure_11.jpg -> classified as: Other
  -> Skipping second pass (Other)
[psIymxANmd] figure_7.jpg -> classified as: Other
  -> Skipping second pass (Other)
[psIymxANmd] figure_3.jpg -> classified as: Architecture Diagram
[psIymxANmd] figure_4.jpg -> classified as: Qualitative Examples
[psIymxANmd] figure_1.jpg -> classified as: Qualitative Examples
[psIymxANmd] figure_8.jpg -> classified as: Other
  -> Skipping second pass (Other)
[psIymxANmd] figure_10.jpg -> classified as: Qualitative Examples
[pszewhybU9] figure_2.jpg -> classified as: Plots / Charts
[pszewhybU9] figure_3.jpg -> classified as: Plots / Charts
[pszewhybU9] figure_4.jpg -> classified as: Plots / Charts
[pszewhybU9] figure_1.jpg -> classified as: Architecture Diagram
[ptCIlV24YZ] figure_5.jpg -> classified as: Qualitative Examples
[ptCIlV24YZ] figure_6.jpg -> classified as: Qualitative Examples
[ptCIlV24YZ] figure_9.jpg -> classified as: Architecture Diagram
[ptCIlV24YZ] figure_13.jpg -> classified as: Qualitative Examples
[ptCIlV24YZ] figure_2.jpg -> classified as: Plots / Charts
[ptCIlV24YZ] figure_11.jpg -> classified as: Qualitative Examples
[ptCIlV24YZ] figure_7.jpg -> classified as: Qualitative Examples
[ptCIlV24YZ] figure_3.jpg -> classified as: Plots / Charts
[ptCIlV24YZ] figure_1.jpg -> classified as: Architecture Diagram
[ptCIlV24YZ] figure_8.jpg -> classified as: Plots / Charts
[ptCIlV24YZ] figure_12.jpg -> classified as: Qualitative Examples
[ptCIlV24YZ] figure_14.jpg -> classified as: Qualitative Examples
[ptCIlV24YZ] figure_10.jpg -> classified as: Qualitative Examples
[puGvShnqeA] figure_5.jpg -> classified as: Plots / Charts
[puGvShnqeA] figure_6.jpg -> classified as: Plots / Charts
[puGvShnqeA] figure_9.jpg -> classified as: Qualitative Examples
[puGvShnqeA] figure_18.jpg -> classified as: Plots / Charts
[puGvShnqeA] figure_13.jpg -> classified as: Plots / Charts
[puGvShnqeA] figure_15.jpg -> classified as: Plots / Charts
[puGvShnqeA] figure_2.jpg -> classified as: Plots / Charts
[puGvShnqeA] figure_11.jpg -> classified as: Architecture Diagram
[puGvShnqeA] figure_7.jpg -> classified as: Plots / Charts
[puGvShnqeA] figure_3.jpg -> classified as: Plots / Charts
[puGvShnqeA] figure_4.jpg -> classified as: Plots / Charts
[puGvShnqeA] figure_17.jpg -> classified as: Plots / Charts
[puGvShnqeA] figure_1.jpg -> classified as: Plots / Charts
[puGvShnqeA] figure_8.jpg -> classified as: Plots / Charts
[puGvShnqeA] figure_12.jpg -> classified as: Plots / Charts
[puGvShnqeA] figure_14.jpg -> classified as: Plots / Charts
[puGvShnqeA] figure_16.jpg -> classified as: Plots / Charts
[puGvShnqeA] figure_10.jpg -> classified as: Qualitative Examples
[puTxuiK2qO] figure_19.jpg -> classified as: Plots / Charts
[puTxuiK2qO] figure_23.jpg -> classified as: Plots / Charts
[puTxuiK2qO] figure_24.jpg -> classified as: Plots / Charts
[puTxuiK2qO] figure_5.jpg -> classified as: Plots / Charts
[puTxuiK2qO] figure_6.jpg -> classified as: Plots / Charts
[puTxuiK2qO] figure_9.jpg -> classified as: Plots / Charts
[puTxuiK2qO] figure_22.jpg -> classified as: Plots / Charts
[puTxuiK2qO] figure_18.jpg -> classified as: Plots / Charts
[puTxuiK2qO] figure_13.jpg -> classified as: Other
  -> Skipping second pass (Other)
[puTxuiK2qO] figure_15.jpg -> classified as: Plots / Charts
[puTxuiK2qO] figure_2.jpg -> classified as: Architecture Diagram
[puTxuiK2qO] figure_20.jpg -> classified as: Plots / Charts
[puTxuiK2qO] figure_11.jpg -> classified as: Plots / Charts
[puTxuiK2qO] figure_7.jpg -> classified as: Plots / Charts
[puTxuiK2qO] figure_3.jpg -> classified as: Plots / Charts
[puTxuiK2qO] figure_4.jpg -> classified as: Plots / Charts
[puTxuiK2qO] figure_17.jpg -> classified as: Plots / Charts
[puTxuiK2qO] figure_1.jpg -> classified as: Plots / Charts
[puTxuiK2qO] figure_8.jpg -> classified as: Plots / Charts
[puTxuiK2qO] figure_12.jpg -> classified as: Plots / Charts
[puTxuiK2qO] figure_25.jpg -> classified as: Plots / Charts
[puTxuiK2qO] figure_21.jpg -> classified as: Plots / Charts
[puTxuiK2qO] figure_14.jpg -> classified as: Plots / Charts
[puTxuiK2qO] figure_16.jpg -> classified as: Plots / Charts
[puTxuiK2qO] figure_10.jpg -> classified as: Plots / Charts
[py34636XvR] figure_5.jpg -> classified as: Qualitative Examples
[py34636XvR] figure_6.jpg -> classified as: Qualitative Examples
[py34636XvR] figure_9.jpg -> classified as: Qualitative Examples
[py34636XvR] figure_7.jpg -> classified as: Qualitative Examples
[py34636XvR] figure_3.jpg -> classified as: Qualitative Examples
[py34636XvR] figure_4.jpg -> classified as: Plots / Charts
[py34636XvR] figure_1.jpg -> classified as: Plots / Charts
[py34636XvR] figure_8.jpg -> classified as: Qualitative Examples
[pyW37euNXb] figure_5.jpg -> classified as: Plots / Charts
[pyW37euNXb] figure_6.jpg -> classified as: Plots / Charts
[pyW37euNXb] figure_2.jpg -> classified as: Plots / Charts
[pyW37euNXb] figure_7.jpg -> classified as: Plots / Charts
[pyW37euNXb] figure_3.jpg -> classified as: Plots / Charts
[pyW37euNXb] figure_4.jpg -> classified as: Plots / Charts
[pyW37euNXb] figure_1.jpg -> classified as: Qualitative Examples
[pyW37euNXb] figure_8.jpg -> classified as: Qualitative Examples
[pzElnMrgSD] figure_5.jpg -> classified as: Qualitative Examples
[pzElnMrgSD] figure_6.jpg -> classified as: Qualitative Examples
[pzElnMrgSD] figure_9.jpg -> classified as: Qualitative Examples
[pzElnMrgSD] figure_13.jpg -> classified as: Qualitative Examples
[pzElnMrgSD] figure_15.jpg -> classified as: Qualitative Examples
[pzElnMrgSD] figure_2.jpg -> classified as: Other
  -> Skipping second pass (Other)
[pzElnMrgSD] figure_11.jpg -> classified as: Qualitative Examples
[pzElnMrgSD] figure_7.jpg -> classified as: Qualitative Examples
[pzElnMrgSD] figure_3.jpg -> classified as: Plots / Charts
[pzElnMrgSD] figure_4.jpg -> classified as: Qualitative Examples
[pzElnMrgSD] figure_17.jpg -> classified as: Qualitative Examples
[pzElnMrgSD] figure_1.jpg -> classified as: Qualitative Examples
[pzElnMrgSD] figure_8.jpg -> classified as: Qualitative Examples
[pzElnMrgSD] figure_12.jpg -> classified as: Qualitative Examples
[pzElnMrgSD] figure_14.jpg -> classified as: Qualitative Examples
[pzElnMrgSD] figure_16.jpg -> classified as: Qualitative Examples
[pzElnMrgSD] figure_10.jpg -> classified as: Qualitative Examples
[pzpWBbnwiJ] figure_5.jpg -> classified as: Qualitative Examples
[pzpWBbnwiJ] figure_9.jpg -> classified as: Qualitative Examples
[pzpWBbnwiJ] figure_13.jpg -> classified as: Qualitative Examples
[pzpWBbnwiJ] figure_15.jpg -> classified as: Qualitative Examples
[pzpWBbnwiJ] figure_2.jpg -> classified as: Qualitative Examples
[pzpWBbnwiJ] figure_11.jpg -> classified as: Plots / Charts
[pzpWBbnwiJ] figure_7.jpg -> classified as: Qualitative Examples
[pzpWBbnwiJ] figure_3.jpg -> classified as: Qualitative Examples
[pzpWBbnwiJ] figure_4.jpg -> classified as: Qualitative Examples
[pzpWBbnwiJ] figure_(a)_A_colorful.jpg -> classified as: Qualitative Examples
[pzpWBbnwiJ] figure_1.jpg -> classified as: Qualitative Examples
[pzpWBbnwiJ] figure_12.jpg -> classified as: Qualitative Examples
[pzpWBbnwiJ] figure_14.jpg -> classified as: Qualitative Examples
[pzpWBbnwiJ] figure_10.jpg -> classified as: Qualitative Examples
[q3EbOXb4y1] figure_2nd_choice_1.jpg -> classified as: Other
  -> Skipping second pass (Other)
[q3EbOXb4y1] figure_30.jpg -> classified as: Qualitative Examples
[q3EbOXb4y1] figure_19.jpg -> classified as: Other
  -> Skipping second pass (Other)
[q3EbOXb4y1] figure_23.jpg -> classified as: Qualitative Examples
[q3EbOXb4y1] figure_29.jpg -> classified as: Qualitative Examples
[q3EbOXb4y1] figure_24.jpg -> classified as: Qualitative Examples
[q3EbOXb4y1] figure_5.jpg -> classified as: Qualitative Examples
[q3EbOXb4y1] figure_6.jpg -> classified as: Plots / Charts
[q3EbOXb4y1] figure_2nd_choice_2.jpg -> classified as: Other
  -> Skipping second pass (Other)
[q3EbOXb4y1] figure_9.jpg -> classified as: Plots / Charts
[q3EbOXb4y1] figure_22.jpg -> classified as: Qualitative Examples
[q3EbOXb4y1] figure_18.jpg -> classified as: Qualitative Examples
[q3EbOXb4y1] figure_13.jpg -> classified as: Architecture Diagram
[q3EbOXb4y1] figure_(Fail)_Query__A.jpg -> classified as: Qualitative Examples
[q3EbOXb4y1] figure_1st_choice_1.jpg -> classified as: Other
  -> Skipping second pass (Other)
[q3EbOXb4y1] figure_15.jpg -> classified as: Qualitative Examples
[q3EbOXb4y1] figure_2.jpg -> classified as: Plots / Charts
[q3EbOXb4y1] figure_20.jpg -> classified as: Qualitative Examples
[q3EbOXb4y1] figure_11.jpg -> classified as: Qualitative Examples
[q3EbOXb4y1] figure_35.jpg -> classified as: Qualitative Examples
[q3EbOXb4y1] figure_1st_choice.jpg -> classified as: Other
  -> Skipping second pass (Other)
[q3EbOXb4y1] figure_7.jpg -> classified as: Plots / Charts
[q3EbOXb4y1] figure_34.jpg -> classified as: Qualitative Examples
[q3EbOXb4y1] figure_2nd_choice.jpg -> classified as: Other
  -> Skipping second pass (Other)
[q3EbOXb4y1] figure_3.jpg -> classified as: Plots / Charts
[q3EbOXb4y1] figure_33.jpg -> classified as: Qualitative Examples
[q3EbOXb4y1] figure_4.jpg -> classified as: Qualitative Examples
[q3EbOXb4y1] figure_36.jpg -> classified as: Qualitative Examples
[q3EbOXb4y1] figure_31.jpg -> classified as: Qualitative Examples
[q3EbOXb4y1] figure_17.jpg -> classified as: Plots / Charts
[q3EbOXb4y1] figure_1.jpg -> classified as: Architecture Diagram
[q3EbOXb4y1] figure_8.jpg -> classified as: Plots / Charts
[q3EbOXb4y1] figure_1st_choice_2.jpg -> classified as: Other
  -> Skipping second pass (Other)
[q3EbOXb4y1] figure_12.jpg -> classified as: Qualitative Examples
[q3EbOXb4y1] figure_25.jpg -> classified as: Qualitative Examples
[q3EbOXb4y1] figure_21.jpg -> classified as: Qualitative Examples
[q3EbOXb4y1] figure_26.jpg -> classified as: Qualitative Examples
[q3EbOXb4y1] figure_(Success)_Query__A.jpg -> classified as: Qualitative Examples
[q3EbOXb4y1] figure_14.jpg -> classified as: Qualitative Examples
[q3EbOXb4y1] figure_32.jpg -> classified as: Qualitative Examples
[q3EbOXb4y1] figure_16.jpg -> classified as: Qualitative Examples
[q3EbOXb4y1] figure_10.jpg -> classified as: Qualitative Examples
[q3WzT2mrhB] figure_5.jpg -> classified as: Qualitative Examples
[q3WzT2mrhB] figure_6.jpg -> classified as: Qualitative Examples
[q3WzT2mrhB] figure_9.jpg -> classified as: Plots / Charts
[q3WzT2mrhB] figure_2.jpg -> classified as: Architecture Diagram
[q3WzT2mrhB] figure_11.jpg -> classified as: Qualitative Examples
[q3WzT2mrhB] figure_7.jpg -> classified as: Plots / Charts
[q3WzT2mrhB] figure_3.jpg -> classified as: Architecture Diagram
[q3WzT2mrhB] figure_4.jpg -> classified as: Qualitative Examples
[q3WzT2mrhB] figure_1.jpg -> classified as: Other
  -> Skipping second pass (Other)
[q3WzT2mrhB] figure_8.jpg -> classified as: Plots / Charts
[q3WzT2mrhB] figure_12.jpg -> classified as: Qualitative Examples
[q3WzT2mrhB] figure_10.jpg -> classified as: Qualitative Examples
[q57JLSE2j5] figure_5.jpg -> classified as: Qualitative Examples
[q57JLSE2j5] figure_2.jpg -> classified as: Architecture Diagram
[q57JLSE2j5] figure_3.jpg -> classified as: Architecture Diagram
[q57JLSE2j5] figure_4.jpg -> classified as: Qualitative Examples
[q57JLSE2j5] figure_1.jpg -> classified as: Qualitative Examples
[q5EZ7gKcnW] figure_5.jpg -> classified as: Plots / Charts
[q5EZ7gKcnW] figure_6.jpg -> classified as: Plots / Charts
[q5EZ7gKcnW] figure_9.jpg -> classified as: Plots / Charts
[q5EZ7gKcnW] figure_2.jpg -> classified as: Plots / Charts
[q5EZ7gKcnW] figure_7.jpg -> classified as: Qualitative Examples
[q5EZ7gKcnW] figure_4.jpg -> classified as: Plots / Charts
[q5EZ7gKcnW] figure_1.jpg -> classified as: Plots / Charts
[q5EZ7gKcnW] figure_10.jpg -> classified as: Plots / Charts
[q5sOv4xQe4] figure_5.jpg -> classified as: Architecture Diagram
[q5sOv4xQe4] figure_6.jpg -> classified as: Architecture Diagram
[q5sOv4xQe4] figure_13.jpg -> classified as: Qualitative Examples
[q5sOv4xQe4] figure_2.jpg -> classified as: Qualitative Examples
[q5sOv4xQe4] figure_(a)_The_VAR.jpg -> classified as: Plots / Charts
[q5sOv4xQe4] figure_11.jpg -> classified as: Qualitative Examples
[q5sOv4xQe4] figure_7.jpg -> classified as: Plots / Charts
[q5sOv4xQe4] figure_3.jpg -> classified as: Qualitative Examples
[q5sOv4xQe4] figure_4.jpg -> classified as: Qualitative Examples
[q5sOv4xQe4] figure_1.jpg -> classified as: Other
  -> Skipping second pass (Other)
[q5sOv4xQe4] figure_8.jpg -> classified as: Qualitative Examples
[q5sOv4xQe4] figure_12.jpg -> classified as: Qualitative Examples
[q5sOv4xQe4] figure_14.jpg -> classified as: Qualitative Examples
[q6WXlm2Kxo] figure_5.jpg -> classified as: Qualitative Examples
[q6WXlm2Kxo] figure_6.jpg -> classified as: Qualitative Examples
[q6WXlm2Kxo] figure_9.jpg -> classified as: Qualitative Examples
[q6WXlm2Kxo] figure_2.jpg -> classified as: Architecture Diagram
[q6WXlm2Kxo] figure_7.jpg -> classified as: Plots / Charts
[q6WXlm2Kxo] figure_3.jpg -> classified as: Qualitative Examples
[q6WXlm2Kxo] figure_4.jpg -> classified as: Qualitative Examples
[q6WXlm2Kxo] figure_1.jpg -> classified as: Architecture Diagram
[q6WXlm2Kxo] figure_8.jpg -> classified as: Plots / Charts
[q7XxKp2rHs] figure_5.jpg -> classified as: Plots / Charts
[q7XxKp2rHs] figure_6.jpg -> classified as: Plots / Charts
[q7XxKp2rHs] figure_9.jpg -> classified as: Plots / Charts
[q7XxKp2rHs] figure_2.jpg -> classified as: Plots / Charts
[q7XxKp2rHs] figure_11.jpg -> classified as: Plots / Charts
[q7XxKp2rHs] figure_7.jpg -> classified as: Plots / Charts
[q7XxKp2rHs] figure_3.jpg -> classified as: Plots / Charts
[q7XxKp2rHs] figure_4.jpg -> classified as: Plots / Charts
[q7XxKp2rHs] figure_1.jpg -> classified as: Architecture Diagram
[q7XxKp2rHs] figure_8.jpg -> classified as: Plots / Charts
[q7XxKp2rHs] figure_12.jpg -> classified as: Plots / Charts
[q7XxKp2rHs] figure_10.jpg -> classified as: Plots / Charts
[qA4foxO5Gf] figure_FID_$=_3.jpg -> classified as: Qualitative Examples
[qA4foxO5Gf] figure_5.jpg -> classified as: Plots / Charts
[qA4foxO5Gf] figure_6.jpg -> classified as: Qualitative Examples
[qA4foxO5Gf] figure_FID_=_2.74.jpg -> classified as: Qualitative Examples
[qA4foxO5Gf] figure_9.jpg -> classified as: Qualitative Examples
[qA4foxO5Gf] figure_FID_$=_4.jpg -> classified as: Qualitative Examples
[qA4foxO5Gf] figure_2.jpg -> classified as: Plots / Charts
[qA4foxO5Gf] figure_FID_=_3.63.jpg -> classified as: Qualitative Examples
[qA4foxO5Gf] figure_11.jpg -> classified as: Qualitative Examples
[qA4foxO5Gf] figure_7.jpg -> classified as: Qualitative Examples
[qA4foxO5Gf] figure_3.jpg -> classified as: Plots / Charts
[qA4foxO5Gf] figure_4.jpg -> classified as: Plots / Charts
[qA4foxO5Gf] figure_FID_$=_3_1.jpg -> classified as: Qualitative Examples
[qA4foxO5Gf] figure_8.jpg -> classified as: Qualitative Examples
[qA4foxO5Gf] figure_FID_$=_2.jpg -> classified as: Qualitative Examples
[qA4foxO5Gf] figure_10.jpg -> classified as: Qualitative Examples
[qAoxvePSlq] figure_(b)_The_retriever.jpg -> classified as: Plots / Charts
[qAoxvePSlq] figure_2.jpg -> classified as: Plots / Charts
[qAoxvePSlq] figure_1.jpg -> classified as: Architecture Diagram
[qBL04XXex6] figure_5.jpg -> classified as: Plots / Charts
[qBL04XXex6] figure_2.jpg -> classified as: Architecture Diagram
[qBL04XXex6] figure_3.jpg -> classified as: Plots / Charts
[qBL04XXex6] figure_4.jpg -> classified as: Plots / Charts
[qBL04XXex6] figure_1.jpg -> classified as: Qualitative Examples
[qC3pfTGOxz] figure_5.jpg -> classified as: Qualitative Examples
[qC3pfTGOxz] figure_6.jpg -> classified as: Plots / Charts
[qC3pfTGOxz] figure_9.jpg -> classified as: Qualitative Examples
[qC3pfTGOxz] figure_2.jpg -> classified as: Qualitative Examples
[qC3pfTGOxz] figure_7.jpg -> classified as: Qualitative Examples
[qC3pfTGOxz] figure_3.jpg -> classified as: Architecture Diagram
[qC3pfTGOxz] figure_4.jpg -> classified as: Qualitative Examples
[qC3pfTGOxz] figure_1.jpg -> classified as: Qualitative Examples
[qC3pfTGOxz] figure_8.jpg -> classified as: Qualitative Examples
[qC3pfTGOxz] figure_10.jpg -> classified as: Qualitative Examples
[qCyhvr0GG8] figure_5.jpg -> classified as: Plots / Charts
[qCyhvr0GG8] figure_6.jpg -> classified as: Qualitative Examples
[qCyhvr0GG8] figure_9.jpg -> classified as: Architecture Diagram
[qCyhvr0GG8] figure_2.jpg -> classified as: Architecture Diagram
[qCyhvr0GG8] figure_11.jpg -> classified as: Qualitative Examples
[qCyhvr0GG8] figure_3.jpg -> classified as: Architecture Diagram
[qCyhvr0GG8] figure_4.jpg -> classified as: Qualitative Examples
[qCyhvr0GG8] figure_1.jpg -> classified as: Architecture Diagram
[qCyhvr0GG8] figure_8.jpg -> classified as: Qualitative Examples
[qCyhvr0GG8] figure_12.jpg -> classified as: Qualitative Examples
[qCyhvr0GG8] figure_10.jpg -> classified as: Qualitative Examples
[qG0WCAhZE0] figure_5.jpg -> classified as: Qualitative Examples
[qG0WCAhZE0] figure_6.jpg -> classified as: Qualitative Examples
[qG0WCAhZE0] figure_9.jpg -> classified as: Plots / Charts
[qG0WCAhZE0] figure_2.jpg -> classified as: Architecture Diagram
[qG0WCAhZE0] figure_3.jpg -> classified as: Qualitative Examples
[qG0WCAhZE0] figure_4.jpg -> classified as: Plots / Charts
[qG0WCAhZE0] figure_1.jpg -> classified as: Plots / Charts
[qG0WCAhZE0] figure_8.jpg -> classified as: Qualitative Examples
[qG0WCAhZE0] figure_10.jpg -> classified as: Qualitative Examples
[qGZTrj48Lb] figure_6.jpg -> classified as: Plots / Charts
[qGZTrj48Lb] figure_(b)_IS_of.jpg -> classified as: Plots / Charts
[qGZTrj48Lb] figure_9.jpg -> classified as: Architecture Diagram
[qGZTrj48Lb] figure_2.jpg -> classified as: Architecture Diagram
[qGZTrj48Lb] figure_7.jpg -> classified as: Qualitative Examples
[qGZTrj48Lb] figure_3.jpg -> classified as: Architecture Diagram
[qGZTrj48Lb] figure_4.jpg -> classified as: Architecture Diagram
[qGZTrj48Lb] figure_1.jpg -> classified as: Qualitative Examples
[qGZTrj48Lb] figure_8.jpg -> classified as: Architecture Diagram
[qGZTrj48Lb] figure_10.jpg -> classified as: Plots / Charts
[qH9nrMNTIW] figure_5.jpg -> classified as: Plots / Charts
[qH9nrMNTIW] figure_6.jpg -> classified as: Plots / Charts
[qH9nrMNTIW] figure_2.jpg -> classified as: Architecture Diagram
[qH9nrMNTIW] figure_7.jpg -> classified as: Qualitative Examples
[qH9nrMNTIW] figure_3.jpg -> classified as: Plots / Charts
[qH9nrMNTIW] figure_4.jpg -> classified as: Qualitative Examples
[qH9nrMNTIW] figure_1.jpg -> classified as: Architecture Diagram
[qHAblIFenP] figure_5.jpg -> classified as: Plots / Charts
[qHAblIFenP] figure_6.jpg -> classified as: Plots / Charts
[qHAblIFenP] figure_2.jpg -> classified as: Plots / Charts
[qHAblIFenP] figure_3.jpg -> classified as: Plots / Charts
[qHAblIFenP] figure_4.jpg -> classified as: Plots / Charts
[qHAblIFenP] figure_1.jpg -> classified as: Plots / Charts
[qHGgNyQk31] figure_19.jpg -> classified as: Qualitative Examples
[qHGgNyQk31] figure_23.jpg -> classified as: Qualitative Examples
[qHGgNyQk31] figure_24.jpg -> classified as: Qualitative Examples
[qHGgNyQk31] figure_5.jpg -> classified as: Architecture Diagram
[qHGgNyQk31] figure_6.jpg -> classified as: Qualitative Examples
[qHGgNyQk31] figure_9.jpg -> classified as: Qualitative Examples
[qHGgNyQk31] figure_22.jpg -> classified as: Qualitative Examples
[qHGgNyQk31] figure_18.jpg -> classified as: Qualitative Examples
[qHGgNyQk31] figure_13.jpg -> classified as: Qualitative Examples
[qHGgNyQk31] figure_15.jpg -> classified as: Qualitative Examples
[qHGgNyQk31] figure_2.jpg -> classified as: Architecture Diagram
[qHGgNyQk31] figure_20.jpg -> classified as: Qualitative Examples
[qHGgNyQk31] figure_11.jpg -> classified as: Qualitative Examples
[qHGgNyQk31] figure_7.jpg -> classified as: Plots / Charts
[qHGgNyQk31] figure_3.jpg -> classified as: Architecture Diagram
[qHGgNyQk31] figure_4.jpg -> classified as: Architecture Diagram
[qHGgNyQk31] figure_17.jpg -> classified as: Qualitative Examples
[qHGgNyQk31] figure_1.jpg -> classified as: Qualitative Examples
[qHGgNyQk31] figure_8.jpg -> classified as: Qualitative Examples
[qHGgNyQk31] figure_25.jpg -> classified as: Qualitative Examples
[qHGgNyQk31] figure_21.jpg -> classified as: Qualitative Examples
[qHGgNyQk31] figure_26.jpg -> classified as: Qualitative Examples
[qHGgNyQk31] figure_14.jpg -> classified as: Qualitative Examples
[qHGgNyQk31] figure_16.jpg -> classified as: Qualitative Examples
[qHGgNyQk31] figure_10.jpg -> classified as: Plots / Charts
[qKu6KWPgxt] figure_5.jpg -> classified as: Qualitative Examples
[qKu6KWPgxt] figure_6.jpg -> classified as: Plots / Charts
[qKu6KWPgxt] figure_9.jpg -> classified as: Architecture Diagram
[qKu6KWPgxt] figure_2.jpg -> classified as: Architecture Diagram
[qKu6KWPgxt] figure_11.jpg -> classified as: Qualitative Examples
[qKu6KWPgxt] figure_7.jpg -> classified as: Plots / Charts
[qKu6KWPgxt] figure_3.jpg -> classified as: Plots / Charts
[qKu6KWPgxt] figure_4.jpg -> classified as: Qualitative Examples
[qKu6KWPgxt] figure_1.jpg -> classified as: Qualitative Examples
[qKu6KWPgxt] figure_8.jpg -> classified as: Other
  -> Skipping second pass (Other)
[qKu6KWPgxt] figure_12.jpg -> classified as: Qualitative Examples
[qKu6KWPgxt] figure_10.jpg -> classified as: Other
  -> Skipping second pass (Other)
[qNrJJZAKI3] figure_1.jpg -> classified as: Architecture Diagram
[qOgLmcJxxF] figure_2.jpg -> classified as: Plots / Charts
[qOgLmcJxxF] figure_1.jpg -> classified as: Plots / Charts
[qPwQj4Mf3u] figure_5.jpg -> classified as: Qualitative Examples
[qPwQj4Mf3u] figure_6.jpg -> classified as: Qualitative Examples
[qPwQj4Mf3u] figure_2.jpg -> classified as: Plots / Charts
[qPwQj4Mf3u] figure_7.jpg -> classified as: Plots / Charts
[qPwQj4Mf3u] figure_3.jpg -> classified as: Plots / Charts
[qPwQj4Mf3u] figure_4.jpg -> classified as: Architecture Diagram
[qPwQj4Mf3u] figure_1.jpg -> classified as: Qualitative Examples
[qPzYF2EpXb] figure_5.jpg -> classified as: Architecture Diagram
[qPzYF2EpXb] figure_6.jpg -> classified as: Architecture Diagram
[qPzYF2EpXb] figure_9.jpg -> classified as: Qualitative Examples
[qPzYF2EpXb] figure_13.jpg -> classified as: Plots / Charts
[qPzYF2EpXb] figure_15.jpg -> classified as: Qualitative Examples
[qPzYF2EpXb] figure_2.jpg -> classified as: Architecture Diagram
[qPzYF2EpXb] figure_11.jpg -> classified as: Qualitative Examples
[qPzYF2EpXb] figure__push_the_button.jpg -> classified as: Qualitative Examples
[qPzYF2EpXb] figure_7.jpg -> classified as: Qualitative Examples
[qPzYF2EpXb] figure_3.jpg -> classified as: Qualitative Examples
[qPzYF2EpXb] figure_4.jpg -> classified as: Plots / Charts
[qPzYF2EpXb] figure_17.jpg -> classified as: Architecture Diagram
[qPzYF2EpXb] figure_1.jpg -> classified as: Other
  -> Skipping second pass (Other)
[qPzYF2EpXb] figure_8.jpg -> classified as: Qualitative Examples
[qPzYF2EpXb] figure_12.jpg -> classified as: Qualitative Examples
[qPzYF2EpXb] figure_14.jpg -> classified as: Plots / Charts
[qPzYF2EpXb] figure_16.jpg -> classified as: Plots / Charts
[qPzYF2EpXb] figure_10.jpg -> classified as: Qualitative Examples
[qSEEQPNbu4] figure_5.jpg -> classified as: Qualitative Examples
[qSEEQPNbu4] figure_6.jpg -> classified as: Qualitative Examples
[qSEEQPNbu4] figure_9.jpg -> classified as: Qualitative Examples
[qSEEQPNbu4] figure_13.jpg -> classified as: Qualitative Examples
[qSEEQPNbu4] figure_11.jpg -> classified as: Qualitative Examples
[qSEEQPNbu4] figure_7.jpg -> classified as: Qualitative Examples
[qSEEQPNbu4] figure_3.jpg -> classified as: Qualitative Examples
[qSEEQPNbu4] figure_4.jpg -> classified as: Qualitative Examples
[qSEEQPNbu4] figure_1.jpg -> classified as: Architecture Diagram
[qSEEQPNbu4] figure_8.jpg -> classified as: Qualitative Examples
[qSEEQPNbu4] figure_12.jpg -> classified as: Qualitative Examples
[qSEEQPNbu4] figure_10.jpg -> classified as: Qualitative Examples
[qTlcbLSm4p] figure_5.jpg -> classified as: Plots / Charts
[qTlcbLSm4p] figure_6.jpg -> classified as: Plots / Charts
[qTlcbLSm4p] figure_9.jpg -> classified as: Qualitative Examples
[qTlcbLSm4p] figure_2.jpg -> classified as: Plots / Charts
[qTlcbLSm4p] figure_11.jpg -> classified as: Qualitative Examples
[qTlcbLSm4p] figure_7.jpg -> classified as: Qualitative Examples
[qTlcbLSm4p] figure_3.jpg -> classified as: Architecture Diagram
[qTlcbLSm4p] figure_4.jpg -> classified as: Plots / Charts
[qTlcbLSm4p] figure_1.jpg -> classified as: Plots / Charts
[qTlcbLSm4p] figure_8.jpg -> classified as: Plots / Charts
[qTlcbLSm4p] figure_12.jpg -> classified as: Qualitative Examples
[qTlcbLSm4p] figure_10.jpg -> classified as: Qualitative Examples
[qTui9aQ3VW] figure_(a)_Test_accuracy.jpg -> classified as: Plots / Charts
[qTui9aQ3VW] figure_5.jpg -> classified as: Qualitative Examples
[qTui9aQ3VW] figure_6.jpg -> classified as: Qualitative Examples
[qTui9aQ3VW] figure_13.jpg -> classified as: Plots / Charts
[qTui9aQ3VW] figure_(b)_Line_graph_1.jpg -> classified as: Plots / Charts
[qTui9aQ3VW] figure_2.jpg -> classified as: Plots / Charts
[qTui9aQ3VW] figure_11.jpg -> classified as: Plots / Charts
[qTui9aQ3VW] figure_7.jpg -> classified as: Qualitative Examples
[qTui9aQ3VW] figure_3.jpg -> classified as: Plots / Charts
[qTui9aQ3VW] figure_1.jpg -> classified as: Architecture Diagram
[qTui9aQ3VW] figure_8.jpg -> classified as: Qualitative Examples
[qTui9aQ3VW] figure_12.jpg -> classified as: Plots / Charts
[qTui9aQ3VW] figure_(b)_Line_graph.jpg -> classified as: Plots / Charts
[qTui9aQ3VW] figure_10.jpg -> classified as: Plots / Charts
[qWSk62REeK] figure_5.jpg -> classified as: Plots / Charts
[qWSk62REeK] figure_6.jpg -> classified as: Architecture Diagram
[qWSk62REeK] figure_2.jpg -> classified as: Architecture Diagram
[qWSk62REeK] figure_7.jpg -> classified as: Qualitative Examples
[qWSk62REeK] figure_3.jpg -> classified as: Plots / Charts
[qWSk62REeK] figure_4.jpg -> classified as: Qualitative Examples
[qWSk62REeK] figure_1.jpg -> classified as: Qualitative Examples
[qWSk62REeK] figure_8.jpg -> classified as: Qualitative Examples
[qWtz3dOmML] figure_2.jpg -> classified as: Architecture Diagram
[qWtz3dOmML] figure_3.jpg -> classified as: Architecture Diagram
[qWtz3dOmML] figure_4.jpg -> classified as: Qualitative Examples
[qWtz3dOmML] figure_1.jpg -> classified as: Qualitative Examples
[qZwtPEw2qN] figure_3.jpg -> classified as: Plots / Charts
[qZwtPEw2qN] figure_4.jpg -> classified as: Plots / Charts
[qZwtPEw2qN] figure_1.jpg -> classified as: Plots / Charts
[qae04YACHs] figure_5.jpg -> classified as: Plots / Charts
[qae04YACHs] figure_6.jpg -> classified as: Plots / Charts
[qae04YACHs] figure_2.jpg -> classified as: Plots / Charts
[qae04YACHs] figure_3.jpg -> classified as: Plots / Charts
[qae04YACHs] figure_4.jpg -> classified as: Plots / Charts
[qae04YACHs] figure_1.jpg -> classified as: Architecture Diagram
[qdOIkeZ5e4] figure_5.jpg -> classified as: Plots / Charts
[qdOIkeZ5e4] figure_6.jpg -> classified as: Plots / Charts
[qdOIkeZ5e4] figure_2.jpg -> classified as: Architecture Diagram
[qdOIkeZ5e4] figure_3.jpg -> classified as: Architecture Diagram
[qdOIkeZ5e4] figure_4.jpg -> classified as: Plots / Charts
[qdOIkeZ5e4] figure_1.jpg -> classified as: Qualitative Examples
[qdbluGtEpL] figure_5.jpg -> classified as: Qualitative Examples
[qdbluGtEpL] figure_6.jpg -> classified as: Qualitative Examples
[qdbluGtEpL] figure_9.jpg -> classified as: Qualitative Examples
[qdbluGtEpL] figure_13.jpg -> classified as: Qualitative Examples
[qdbluGtEpL] figure_15.jpg -> classified as: Qualitative Examples
[qdbluGtEpL] figure_2.jpg -> classified as: Qualitative Examples
[qdbluGtEpL] figure_11.jpg -> classified as: Qualitative Examples
[qdbluGtEpL] figure_7.jpg -> classified as: Qualitative Examples
[qdbluGtEpL] figure_3.jpg -> classified as: Qualitative Examples
[qdbluGtEpL] figure_4.jpg -> classified as: Qualitative Examples
[qdbluGtEpL] figure_1.jpg -> classified as: Qualitative Examples
[qdbluGtEpL] figure_8.jpg -> classified as: Qualitative Examples
[qdbluGtEpL] figure_12.jpg -> classified as: Qualitative Examples
[qdbluGtEpL] figure_14.jpg -> classified as: Qualitative Examples
[qdbluGtEpL] figure_10.jpg -> classified as: Qualitative Examples
[qeXcMutEZY] figure_19.jpg -> classified as: Plots / Charts
[qeXcMutEZY] figure_23.jpg -> classified as: Plots / Charts
[qeXcMutEZY] figure_(b)_MSE_per.jpg -> classified as: Plots / Charts
[qeXcMutEZY] figure_24.jpg -> classified as: Plots / Charts
[qeXcMutEZY] figure_5.jpg -> classified as: Plots / Charts
[qeXcMutEZY] figure_6.jpg -> classified as: Plots / Charts
[qeXcMutEZY] figure_(b)_$2__times$_2.jpg -> classified as: Plots / Charts
[qeXcMutEZY] figure_9.jpg -> classified as: Plots / Charts
[qeXcMutEZY] figure_(b)_$2__times$_3.jpg -> classified as: Plots / Charts
[qeXcMutEZY] figure_22.jpg -> classified as: Plots / Charts
[qeXcMutEZY] figure_18.jpg -> classified as: Plots / Charts
[qeXcMutEZY] figure_13.jpg -> classified as: Plots / Charts
[qeXcMutEZY] figure_Downscaling_MSE_results.jpg -> classified as: Plots / Charts
[qeXcMutEZY] figure_15.jpg -> classified as: Plots / Charts
[qeXcMutEZY] figure_2.jpg -> classified as: Qualitative Examples
[qeXcMutEZY] figure_20.jpg -> classified as: Plots / Charts
[qeXcMutEZY] figure_11.jpg -> classified as: Plots / Charts
[qeXcMutEZY] figure_(b)_$2__times$.jpg -> classified as: Plots / Charts
[qeXcMutEZY] figure_7.jpg -> classified as: Qualitative Examples
[qeXcMutEZY] figure_3.jpg -> classified as: Qualitative Examples
[qeXcMutEZY] figure_unnamed_figure.jpg -> classified as: Plots / Charts
[qeXcMutEZY] figure_4.jpg -> classified as: Qualitative Examples
[qeXcMutEZY] figure_(b)_$2__times$_1.jpg -> classified as: Plots / Charts
[qeXcMutEZY] figure_(b)_$2__times$_4.jpg -> classified as: Plots / Charts
[qeXcMutEZY] figure_17.jpg -> classified as: Plots / Charts
[qeXcMutEZY] figure_1.jpg -> classified as: Architecture Diagram
[qeXcMutEZY] figure_8.jpg -> classified as: Qualitative Examples
[qeXcMutEZY] figure_12.jpg -> classified as: Plots / Charts
[qeXcMutEZY] figure_25.jpg -> classified as: Plots / Charts
[qeXcMutEZY] figure_21.jpg -> classified as: Plots / Charts
[qeXcMutEZY] figure_26.jpg -> classified as: Plots / Charts
[qeXcMutEZY] figure_14.jpg -> classified as: Plots / Charts
[qeXcMutEZY] figure_16.jpg -> classified as: Plots / Charts
[qeXcMutEZY] figure_10.jpg -> classified as: Plots / Charts
[qgyF6JVmar] figure_1.jpg -> classified as: Architecture Diagram
[qi7udwV66M] figure_5.jpg -> classified as: Qualitative Examples
[qi7udwV66M] figure_6.jpg -> classified as: Qualitative Examples
[qi7udwV66M] figure_2.jpg -> classified as: Plots / Charts
[qi7udwV66M] figure_3.jpg -> classified as: Qualitative Examples
[qi7udwV66M] figure_4.jpg -> classified as: Architecture Diagram
[qi7udwV66M] figure_1.jpg -> classified as: Architecture Diagram
[qmXedvwrT1] figure_5.jpg -> classified as: Qualitative Examples
[qmXedvwrT1] figure_6.jpg -> classified as: Qualitative Examples
[qmXedvwrT1] figure_9.jpg -> classified as: Plots / Charts
[qmXedvwrT1] figure_18.jpg -> classified as: Qualitative Examples
[qmXedvwrT1] figure_13.jpg -> classified as: Other
  -> Skipping second pass (Other)
[qmXedvwrT1] figure_15.jpg -> classified as: Qualitative Examples
[qmXedvwrT1] figure_2.jpg -> classified as: Plots / Charts
[qmXedvwrT1] figure_11.jpg -> classified as: Plots / Charts
[qmXedvwrT1] figure_7.jpg -> classified as: Plots / Charts
[qmXedvwrT1] figure_3.jpg -> classified as: Architecture Diagram
[qmXedvwrT1] figure_4.jpg -> classified as: Plots / Charts
[qmXedvwrT1] figure_17.jpg -> classified as: Qualitative Examples
[qmXedvwrT1] figure_1.jpg -> classified as: Other
  -> Skipping second pass (Other)
[qmXedvwrT1] figure_8.jpg -> classified as: Plots / Charts
[qmXedvwrT1] figure_12.jpg -> classified as: Qualitative Examples
[qmXedvwrT1] figure_14.jpg -> classified as: Other
  -> Skipping second pass (Other)
[qmXedvwrT1] figure_16.jpg -> classified as: Qualitative Examples
[qmXedvwrT1] figure_10.jpg -> classified as: Plots / Charts
[qnAZqlMGTB] figure_5.jpg -> classified as: Plots / Charts
[qnAZqlMGTB] figure_6.jpg -> classified as: Architecture Diagram
[qnAZqlMGTB] figure_9.jpg -> classified as: Teaser Image
[qnAZqlMGTB] figure_13.jpg -> classified as: Qualitative Examples
[qnAZqlMGTB] figure_2.jpg -> classified as: Plots / Charts
[qnAZqlMGTB] figure_11.jpg -> classified as: Qualitative Examples
[qnAZqlMGTB] figure_7.jpg -> classified as: Qualitative Examples
[qnAZqlMGTB] figure_3.jpg -> classified as: Plots / Charts
[qnAZqlMGTB] figure_4.jpg -> classified as: Architecture Diagram
[qnAZqlMGTB] figure_1.jpg -> classified as: Qualitative Examples
[qnAZqlMGTB] figure_8.jpg -> classified as: Qualitative Examples
[qnAZqlMGTB] figure_12.jpg -> classified as: Teaser Image
[qnAZqlMGTB] figure_14.jpg -> classified as: Qualitative Examples
[qnAZqlMGTB] figure_10.jpg -> classified as: Qualitative Examples
[qpDqO7qa3R] figure_6.jpg -> classified as: Qualitative Examples
[qpDqO7qa3R] figure_9.jpg -> classified as: Qualitative Examples
[qpDqO7qa3R] figure_(c)_Correspondences_with.jpg -> classified as: Plots / Charts
[qpDqO7qa3R] figure_13.jpg -> classified as: Qualitative Examples
[qpDqO7qa3R] figure_15.jpg -> classified as: Qualitative Examples
[qpDqO7qa3R] figure_(a)_Correspondences_without.jpg -> classified as: Plots / Charts
[qpDqO7qa3R] figure_2.jpg -> classified as: Qualitative Examples
[qpDqO7qa3R] figure_(b)_Correspondences_without.jpg -> classified as: Plots / Charts
[qpDqO7qa3R] figure_7.jpg -> classified as: Qualitative Examples
[qpDqO7qa3R] figure_3.jpg -> classified as: Architecture Diagram
[qpDqO7qa3R] figure_4.jpg -> classified as: Architecture Diagram
[qpDqO7qa3R] figure_17.jpg -> classified as: Qualitative Examples
[qpDqO7qa3R] figure_1.jpg -> classified as: Qualitative Examples
[qpDqO7qa3R] figure_8.jpg -> classified as: Qualitative Examples
[qpDqO7qa3R] figure_12.jpg -> classified as: Qualitative Examples
[qpDqO7qa3R] figure_14.jpg -> classified as: Qualitative Examples
[qpDqO7qa3R] figure_16.jpg -> classified as: Qualitative Examples
[qpDqO7qa3R] figure_10.jpg -> classified as: Qualitative Examples
[qqExiDNsa7] figure_2.jpg -> classified as: Architecture Diagram
[qqExiDNsa7] figure_3.jpg -> classified as: Plots / Charts
[qqExiDNsa7] figure_4.jpg -> classified as: Architecture Diagram
[qqExiDNsa7] figure_1.jpg -> classified as: Architecture Diagram
[qqZijHRcA5] figure_A_2.jpg -> classified as: Plots / Charts
[qqZijHRcA5] figure_A.jpg -> classified as: Plots / Charts
[qqZijHRcA5] figure_A_3.jpg -> classified as: Plots / Charts
[qqZijHRcA5] figure_2.jpg -> classified as: Plots / Charts
[qqZijHRcA5] figure_A_6.jpg -> classified as: Plots / Charts
[qqZijHRcA5] figure_A_1.jpg -> classified as: Plots / Charts
[qqZijHRcA5] figure_A_5.jpg -> classified as: Plots / Charts
[qqZijHRcA5] figure_3.jpg -> classified as: Plots / Charts
[qqZijHRcA5] figure_s.jpg -> classified as: Plots / Charts
[qqZijHRcA5] figure_(a)_Predicted_LiRA.jpg -> classified as: Plots / Charts
[qqZijHRcA5] figure_1.jpg -> classified as: Plots / Charts
[qqZijHRcA5] figure_A_4.jpg -> classified as: Plots / Charts
[qqb62iqPv1] figure_5.jpg -> classified as: Plots / Charts
[qqb62iqPv1] figure_6.jpg -> classified as: Other
  -> Skipping second pass (Other)
[qqb62iqPv1] figure_2.jpg -> classified as: Architecture Diagram
[qqb62iqPv1] figure_7.jpg -> classified as: Plots / Charts
[qqb62iqPv1] figure_3.jpg -> classified as: Qualitative Examples
[qqb62iqPv1] figure_4.jpg -> classified as: Qualitative Examples
[qqb62iqPv1] figure_1.jpg -> classified as: Other
  -> Skipping second pass (Other)
[qrv4wcmmxe] figure_(b)_Left__Unseen.jpg -> classified as: Qualitative Examples
[qrv4wcmmxe] figure_2.jpg -> classified as: Architecture Diagram
[qrv4wcmmxe] figure_3.jpg -> classified as: Architecture Diagram
[qrv4wcmmxe] figure_4.jpg -> classified as: Qualitative Examples
[qrv4wcmmxe] figure_1.jpg -> classified as: Plots / Charts
[qssVptHTPN] figure_5.jpg -> classified as: Plots / Charts
[qssVptHTPN] figure_6.jpg -> classified as: Plots / Charts
[qssVptHTPN] figure_9.jpg -> classified as: Plots / Charts
[qssVptHTPN] figure_13.jpg -> classified as: Plots / Charts
[qssVptHTPN] figure_Llava-1.5_Data_Mixture.jpg -> classified as: Plots / Charts
[qssVptHTPN] figure_2.jpg -> classified as: Architecture Diagram
[qssVptHTPN] figure_11.jpg -> classified as: Plots / Charts
[qssVptHTPN] figure_7.jpg -> classified as: Plots / Charts
[qssVptHTPN] figure_3.jpg -> classified as: Qualitative Examples
[qssVptHTPN] figure_4.jpg -> classified as: Plots / Charts
[qssVptHTPN] figure_1.jpg -> classified as: Other
  -> Skipping second pass (Other)
[qssVptHTPN] figure_8.jpg -> classified as: Plots / Charts
[qssVptHTPN] figure_12.jpg -> classified as: Plots / Charts
[qssVptHTPN] figure_14.jpg -> classified as: Plots / Charts
[qssVptHTPN] figure_10.jpg -> classified as: Qualitative Examples
[qtWjSboqfe] figure_5.jpg -> classified as: Qualitative Examples
[qtWjSboqfe] figure_6.jpg -> classified as: Plots / Charts
[qtWjSboqfe] figure_9.jpg -> classified as: Qualitative Examples
[qtWjSboqfe] figure_13.jpg -> classified as: Qualitative Examples
[qtWjSboqfe] figure_2.jpg -> classified as: Architecture Diagram
[qtWjSboqfe] figure_11.jpg -> classified as: Qualitative Examples
[qtWjSboqfe] figure_3.jpg -> classified as: Architecture Diagram
[qtWjSboqfe] figure_unnamed_figure.jpg -> classified as: Qualitative Examples
[qtWjSboqfe] figure_4.jpg -> classified as: Qualitative Examples
[qtWjSboqfe] figure_1.jpg -> classified as: Qualitative Examples
[qtWjSboqfe] figure_8.jpg -> classified as: Other
  -> Skipping second pass (Other)
[qtWjSboqfe] figure_10.jpg -> classified as: Qualitative Examples
[qvLPtx52ZR] figure_5.jpg -> classified as: Qualitative Examples
[qvLPtx52ZR] figure_6.jpg -> classified as: Qualitative Examples
[qvLPtx52ZR] figure_2.jpg -> classified as: Plots / Charts
[qvLPtx52ZR] figure_3.jpg -> classified as: Plots / Charts
[qvLPtx52ZR] figure_4.jpg -> classified as: Plots / Charts
[qvLPtx52ZR] figure_1.jpg -> classified as: Plots / Charts
[qvuC22BT2q] figure_5.jpg -> classified as: Qualitative Examples
[qvuC22BT2q] figure_9.jpg -> classified as: Qualitative Examples
[qvuC22BT2q] figure_2.jpg -> classified as: Architecture Diagram
[qvuC22BT2q] figure_11.jpg -> classified as: Qualitative Examples
[qvuC22BT2q] figure_7.jpg -> classified as: Qualitative Examples
[qvuC22BT2q] figure_3.jpg -> classified as: Qualitative Examples
[qvuC22BT2q] figure_4.jpg -> classified as: Plots / Charts
[qvuC22BT2q] figure_1.jpg -> classified as: Qualitative Examples
[qvuC22BT2q] figure_8.jpg -> classified as: Qualitative Examples
[qvuC22BT2q] figure_10.jpg -> classified as: Qualitative Examples
[qxRoo7ULCo] figure_5.jpg -> classified as: Qualitative Examples
[qxRoo7ULCo] figure_6.jpg -> classified as: Qualitative Examples
[qxRoo7ULCo] figure_9.jpg -> classified as: Qualitative Examples
[qxRoo7ULCo] figure_2.jpg -> classified as: Plots / Charts
[qxRoo7ULCo] figure_7.jpg -> classified as: Qualitative Examples
[qxRoo7ULCo] figure_3.jpg -> classified as: Architecture Diagram
[qxRoo7ULCo] figure_4.jpg -> classified as: Qualitative Examples
[qxRoo7ULCo] figure_1.jpg -> classified as: Qualitative Examples
[qxRoo7ULCo] figure_8.jpg -> classified as: Qualitative Examples
[qxRoo7ULCo] figure_10.jpg -> classified as: Qualitative Examples
[qzZsz6MuEq] figure_5.jpg -> classified as: Qualitative Examples
[qzZsz6MuEq] figure_6.jpg -> classified as: Plots / Charts
[qzZsz6MuEq] figure_2.jpg -> classified as: Architecture Diagram
[qzZsz6MuEq] figure_7.jpg -> classified as: Qualitative Examples
[qzZsz6MuEq] figure_3.jpg -> classified as: Architecture Diagram
[qzZsz6MuEq] figure_4.jpg -> classified as: Architecture Diagram
[qzZsz6MuEq] figure_1.jpg -> classified as: Plots / Charts
[r0QqfaCkF8] figure_5.jpg -> classified as: Plots / Charts
[r0QqfaCkF8] figure_2.jpg -> classified as: Architecture Diagram
[r0QqfaCkF8] figure_3.jpg -> classified as: Plots / Charts
[r0QqfaCkF8] figure_4.jpg -> classified as: Qualitative Examples
[r0QqfaCkF8] figure_1.jpg -> classified as: Qualitative Examples
[r2uhY4pXrb] figure_19.jpg -> classified as: Qualitative Examples
[r2uhY4pXrb] figure_A_lion_face.jpg -> classified as: Qualitative Examples
[r2uhY4pXrb] figure_23.jpg -> classified as: Qualitative Examples
[r2uhY4pXrb] figure_24.jpg -> classified as: Qualitative Examples
[r2uhY4pXrb] figure_6.jpg -> classified as: Qualitative Examples
[r2uhY4pXrb] figure_9.jpg -> classified as: Qualitative Examples
[r2uhY4pXrb] figure_22.jpg -> classified as: Qualitative Examples
[r2uhY4pXrb] figure_28.jpg -> classified as: Qualitative Examples
[r2uhY4pXrb] figure_18.jpg -> classified as: Qualitative Examples
[r2uhY4pXrb] figure_13.jpg -> classified as: Qualitative Examples
[r2uhY4pXrb] figure_15.jpg -> classified as: Plots / Charts
[r2uhY4pXrb] figure_2.jpg -> classified as: Architecture Diagram
[r2uhY4pXrb] figure_20.jpg -> classified as: Qualitative Examples
[r2uhY4pXrb] figure_11.jpg -> classified as: Qualitative Examples
[r2uhY4pXrb] figure_7.jpg -> classified as: Qualitative Examples
[r2uhY4pXrb] figure_3.jpg -> classified as: Architecture Diagram
[r2uhY4pXrb] figure_4.jpg -> classified as: Qualitative Examples
[r2uhY4pXrb] figure_17.jpg -> classified as: Qualitative Examples
[r2uhY4pXrb] figure_1.jpg -> classified as: Qualitative Examples
[r2uhY4pXrb] figure_27.jpg -> classified as: Qualitative Examples
[r2uhY4pXrb] figure_8.jpg -> classified as: Qualitative Examples
[r2uhY4pXrb] figure_12.jpg -> classified as: Qualitative Examples
[r2uhY4pXrb] figure_25.jpg -> classified as: Qualitative Examples
[r2uhY4pXrb] figure_21.jpg -> classified as: Plots / Charts
[r2uhY4pXrb] figure_26.jpg -> classified as: Qualitative Examples
[r2uhY4pXrb] figure_14.jpg -> classified as: Qualitative Examples
[r2uhY4pXrb] figure_16.jpg -> classified as: Qualitative Examples
[r2uhY4pXrb] figure_10.jpg -> classified as: Qualitative Examples
[r4GxmIBDbO] figure_5.jpg -> classified as: Plots / Charts
[r4GxmIBDbO] figure_6.jpg -> classified as: Qualitative Examples
[r4GxmIBDbO] figure_9.jpg -> classified as: Plots / Charts
[r4GxmIBDbO] figure_13.jpg -> classified as: Plots / Charts
[r4GxmIBDbO] figure_2.jpg -> classified as: Plots / Charts
[r4GxmIBDbO] figure_11.jpg -> classified as: Plots / Charts
[r4GxmIBDbO] figure_7.jpg -> classified as: Qualitative Examples
[r4GxmIBDbO] figure_4.jpg -> classified as: Plots / Charts
[r4GxmIBDbO] figure_1.jpg -> classified as: Architecture Diagram
[r4GxmIBDbO] figure_8.jpg -> classified as: Plots / Charts
[r4GxmIBDbO] figure_12.jpg -> classified as: Plots / Charts
[r4GxmIBDbO] figure_10.jpg -> classified as: Plots / Charts
[r5njV3BsuD] figure_1.jpg -> classified as: Plots / Charts
[r65xfUb76p] figure_6.jpg -> classified as: Plots / Charts
[r65xfUb76p] figure_(a)_Comparisons_of.jpg -> classified as: Plots / Charts
[r65xfUb76p] figure_9.jpg -> classified as: Plots / Charts
[r65xfUb76p] figure_2.jpg -> classified as: Qualitative Examples
[r65xfUb76p] figure_(b)_Comparisons_between.jpg -> classified as: Plots / Charts
[r65xfUb76p] figure_3.jpg -> classified as: Qualitative Examples
[r65xfUb76p] figure_4.jpg -> classified as: Plots / Charts
[r65xfUb76p] figure_1.jpg -> classified as: Other
  -> Skipping second pass (Other)
[r65xfUb76p] figure_8.jpg -> classified as: Other
  -> Skipping second pass (Other)
[r6XqXoRT6N] figure_5.jpg -> classified as: Qualitative Examples
[r6XqXoRT6N] figure_6.jpg -> classified as: Qualitative Examples
[r6XqXoRT6N] figure_13.jpg -> classified as: Qualitative Examples
[r6XqXoRT6N] figure_2.jpg -> classified as: Architecture Diagram
[r6XqXoRT6N] figure_7.jpg -> classified as: Qualitative Examples
[r6XqXoRT6N] figure_3.jpg -> classified as: Qualitative Examples
[r6XqXoRT6N] figure_4.jpg -> classified as: Qualitative Examples
[r6XqXoRT6N] figure_1.jpg -> classified as: Qualitative Examples
[r6XqXoRT6N] figure_8.jpg -> classified as: Qualitative Examples
[r6XqXoRT6N] figure_12.jpg -> classified as: Qualitative Examples
[r6XqXoRT6N] figure_10.jpg -> classified as: Other
  -> Skipping second pass (Other)
[r7cYRi7NxT] figure_5.jpg -> classified as: Architecture Diagram
[r7cYRi7NxT] figure_6.jpg -> classified as: Architecture Diagram
[r7cYRi7NxT] figure_9.jpg -> classified as: Qualitative Examples
[r7cYRi7NxT] figure_2.jpg -> classified as: Architecture Diagram
[r7cYRi7NxT] figure_11.jpg -> classified as: Qualitative Examples
[r7cYRi7NxT] figure_7.jpg -> classified as: Plots / Charts
[r7cYRi7NxT] figure_3.jpg -> classified as: Architecture Diagram
[r7cYRi7NxT] figure_4.jpg -> classified as: Plots / Charts
[r7cYRi7NxT] figure_1.jpg -> classified as: Architecture Diagram
[r7cYRi7NxT] figure_8.jpg -> classified as: Plots / Charts
[r7cYRi7NxT] figure_10.jpg -> classified as: Plots / Charts
[r9oqHOdoHf] figure_5.jpg -> classified as: Qualitative Examples
[r9oqHOdoHf] figure_6.jpg -> classified as: Plots / Charts
[r9oqHOdoHf] figure_9.jpg -> classified as: Qualitative Examples
[r9oqHOdoHf] figure_13.jpg -> classified as: Qualitative Examples
[r9oqHOdoHf] figure_15.jpg -> classified as: Qualitative Examples
[r9oqHOdoHf] figure_In_a_quiet.jpg -> classified as: Qualitative Examples
[r9oqHOdoHf] figure_2.jpg -> classified as: Architecture Diagram
[r9oqHOdoHf] figure_11.jpg -> classified as: Qualitative Examples
[r9oqHOdoHf] figure_4.jpg -> classified as: Plots / Charts
[r9oqHOdoHf] figure_1.jpg -> classified as: Architecture Diagram
[r9oqHOdoHf] figure_A_illustration_from.jpg -> classified as: Qualitative Examples
[r9oqHOdoHf] figure_12.jpg -> classified as: Qualitative Examples
[r9oqHOdoHf] figure_14.jpg -> classified as: Qualitative Examples
[r9oqHOdoHf] figure_16.jpg -> classified as: Qualitative Examples
[r9oqHOdoHf] figure_10.jpg -> classified as: Qualitative Examples
[rAX55lDjtt] figure_2.jpg -> classified as: Architecture Diagram
[rAX55lDjtt] figure_3.jpg -> classified as: Plots / Charts
[rAX55lDjtt] figure_1.jpg -> classified as: Architecture Diagram
[rAZ3yCpc3K] figure_5.jpg -> classified as: Qualitative Examples
[rAZ3yCpc3K] figure_6.jpg -> classified as: Qualitative Examples
[rAZ3yCpc3K] figure_2.jpg -> classified as: Plots / Charts
[rAZ3yCpc3K] figure_3.jpg -> classified as: Architecture Diagram
[rAZ3yCpc3K] figure_4.jpg -> classified as: Plots / Charts
[rAZ3yCpc3K] figure_1.jpg -> classified as: Qualitative Examples
[rCGleSgNBK] figure_5.jpg -> classified as: Architecture Diagram
[rCGleSgNBK] figure_6.jpg -> classified as: Qualitative Examples
[rCGleSgNBK] figure_9.jpg -> classified as: Qualitative Examples
[rCGleSgNBK] figure_13.jpg -> classified as: Qualitative Examples
[rCGleSgNBK] figure_“Small_wooden_bench.jpg -> classified as: Qualitative Examples
[rCGleSgNBK] figure_2.jpg -> classified as: Plots / Charts
[rCGleSgNBK] figure_“A_plate_with.jpg -> classified as: Qualitative Examples
[rCGleSgNBK] figure_11.jpg -> classified as: Qualitative Examples
[rCGleSgNBK] figure_7.jpg -> classified as: Qualitative Examples
[rCGleSgNBK] figure_3.jpg -> classified as: Plots / Charts
[rCGleSgNBK] figure_4.jpg -> classified as: Qualitative Examples
[rCGleSgNBK] figure_1.jpg -> classified as: Qualitative Examples
[rCGleSgNBK] figure_8.jpg -> classified as: Qualitative Examples
[rCGleSgNBK] figure_12.jpg -> classified as: Qualitative Examples
[rCGleSgNBK] figure_14.jpg -> classified as: Qualitative Examples
[rCGleSgNBK] figure_10.jpg -> classified as: Qualitative Examples
[rCX9l4OTCT] figure_5.jpg -> classified as: Qualitative Examples
[rCX9l4OTCT] figure_6.jpg -> classified as: Qualitative Examples
[rCX9l4OTCT] figure_2.jpg -> classified as: Architecture Diagram
[rCX9l4OTCT] figure_3.jpg -> classified as: Architecture Diagram
[rCX9l4OTCT] figure_4.jpg -> classified as: Qualitative Examples
[rCX9l4OTCT] figure_1.jpg -> classified as: Architecture Diagram
[rDIf6NA5mj] figure_A.jpg -> classified as: Architecture Diagram
[rDIf6NA5mj] figure_5.jpg -> classified as: Qualitative Examples
[rDIf6NA5mj] figure_H.jpg -> classified as: Qualitative Examples
[rDIf6NA5mj] figure_2.jpg -> classified as: Architecture Diagram
[rDIf6NA5mj] figure_F.jpg -> classified as: Qualitative Examples
[rDIf6NA5mj] figure_B.jpg -> classified as: Qualitative Examples
[rDIf6NA5mj] figure_E.jpg -> classified as: Qualitative Examples
[rDIf6NA5mj] figure_G.jpg -> classified as: Qualitative Examples
[rDIf6NA5mj] figure_3.jpg -> classified as: Qualitative Examples
[rDIf6NA5mj] figure_D.jpg -> classified as: Qualitative Examples
[rDIf6NA5mj] figure_4.jpg -> classified as: Qualitative Examples
[rDIf6NA5mj] figure_C.jpg -> classified as: Qualitative Examples
[rDIf6NA5mj] figure_1.jpg -> classified as: Architecture Diagram
[rDLgnYLM5b] figure_19.jpg -> classified as: Plots / Charts
[rDLgnYLM5b] figure_54.jpg -> classified as: Qualitative Examples
[rDLgnYLM5b] figure_23.jpg -> classified as: Plots / Charts
[rDLgnYLM5b] figure_47.jpg -> classified as: Qualitative Examples
[rDLgnYLM5b] figure_5.jpg -> classified as: Architecture Diagram
[rDLgnYLM5b] figure_6.jpg -> classified as: Qualitative Examples
[rDLgnYLM5b] figure_57.jpg -> classified as: Qualitative Examples
[rDLgnYLM5b] figure_9.jpg -> classified as: Other
  -> Skipping second pass (Other)
[rDLgnYLM5b] figure_39.jpg -> classified as: Qualitative Examples
[rDLgnYLM5b] figure_22.jpg -> classified as: Other
  -> Skipping second pass (Other)
[rDLgnYLM5b] figure_18.jpg -> classified as: Other
  -> Skipping second pass (Other)
[rDLgnYLM5b] figure_13.jpg -> classified as: Other
  -> Skipping second pass (Other)
[rDLgnYLM5b] figure_15.jpg -> classified as: Other
  -> Skipping second pass (Other)
[rDLgnYLM5b] figure_2.jpg -> classified as: Architecture Diagram
[rDLgnYLM5b] figure_38.jpg -> classified as: Qualitative Examples
[rDLgnYLM5b] figure_20.jpg -> classified as: Plots / Charts
[rDLgnYLM5b] figure_11.jpg -> classified as: Other
  -> Skipping second pass (Other)
[rDLgnYLM5b] figure_60.jpg -> classified as: Qualitative Examples
[rDLgnYLM5b] figure_58.jpg -> classified as: Other
  -> Skipping second pass (Other)
[rDLgnYLM5b] figure_52.jpg -> classified as: Qualitative Examples
[rDLgnYLM5b] figure_7.jpg -> classified as: Plots / Charts
[rDLgnYLM5b] figure_3.jpg -> classified as: Other
  -> Skipping second pass (Other)
[rDLgnYLM5b] figure_4.jpg -> classified as: Plots / Charts
[rDLgnYLM5b] figure_17.jpg -> classified as: Other
  -> Skipping second pass (Other)
[rDLgnYLM5b] figure_45.jpg -> classified as: Qualitative Examples
[rDLgnYLM5b] figure_1.jpg -> classified as: Qualitative Examples
[rDLgnYLM5b] figure_59.jpg -> classified as: Other
  -> Skipping second pass (Other)
[rDLgnYLM5b] figure_8.jpg -> classified as: Architecture Diagram
[rDLgnYLM5b] figure_51.jpg -> classified as: Qualitative Examples
[rDLgnYLM5b] figure_12.jpg -> classified as: Other
  -> Skipping second pass (Other)
[rDLgnYLM5b] figure_25.jpg -> classified as: Qualitative Examples
[rDLgnYLM5b] figure_56.jpg -> classified as: Qualitative Examples
[rDLgnYLM5b] figure_21.jpg -> classified as: Qualitative Examples
[rDLgnYLM5b] figure_14.jpg -> classified as: Other
  -> Skipping second pass (Other)
[rDLgnYLM5b] figure_16.jpg -> classified as: Other
  -> Skipping second pass (Other)
[rDLgnYLM5b] figure_10.jpg -> classified as: Other
  -> Skipping second pass (Other)
[rDRCIvTppL] figure_5.jpg -> classified as: Qualitative Examples
[rDRCIvTppL] figure_2.jpg -> classified as: Architecture Diagram
[rDRCIvTppL] figure_3.jpg -> classified as: Qualitative Examples
[rDRCIvTppL] figure_1.jpg -> classified as: Plots / Charts
[rEQ8OiBxbZ] figure_2.jpg -> classified as: Architecture Diagram
[rEQ8OiBxbZ] figure_3.jpg -> classified as: Architecture Diagram
[rEQ8OiBxbZ] figure_1.jpg -> classified as: Qualitative Examples
[rFpZnn11gj] figure_19.jpg -> classified as: Qualitative Examples
[rFpZnn11gj] figure_Instruct-200K..jpg -> classified as: Qualitative Examples
[rFpZnn11gj] figure_23.jpg -> classified as: Qualitative Examples
[rFpZnn11gj] figure_29.jpg -> classified as: Qualitative Examples
[rFpZnn11gj] figure_24.jpg -> classified as: Qualitative Examples
[rFpZnn11gj] figure_5.jpg -> classified as: Qualitative Examples
[rFpZnn11gj] figure_6.jpg -> classified as: Plots / Charts
[rFpZnn11gj] figure_9.jpg -> classified as: Plots / Charts
[rFpZnn11gj] figure_22.jpg -> classified as: Qualitative Examples
[rFpZnn11gj] figure_18.jpg -> classified as: Other
  -> Skipping second pass (Other)
[rFpZnn11gj] figure_13.jpg -> classified as: Qualitative Examples
[rFpZnn11gj] figure_15.jpg -> classified as: Other
  -> Skipping second pass (Other)
[rFpZnn11gj] figure_2.jpg -> classified as: Architecture Diagram
[rFpZnn11gj] figure_20.jpg -> classified as: Qualitative Examples
[rFpZnn11gj] figure_11.jpg -> classified as: Plots / Charts
[rFpZnn11gj] figure_7.jpg -> classified as: Qualitative Examples
[rFpZnn11gj] figure_3.jpg -> classified as: Plots / Charts
[rFpZnn11gj] figure_4.jpg -> classified as: Plots / Charts
[rFpZnn11gj] figure_1.jpg -> classified as: Plots / Charts
[rFpZnn11gj] figure_12.jpg -> classified as: Qualitative Examples
[rFpZnn11gj] figure_21.jpg -> classified as: Qualitative Examples
[rFpZnn11gj] figure_14.jpg -> classified as: Qualitative Examples
[rFpZnn11gj] figure_10.jpg -> classified as: Plots / Charts
[rGFrRMBbOq] figure_5.jpg -> classified as: Qualitative Examples
[rGFrRMBbOq] figure_6.jpg -> classified as: Plots / Charts
[rGFrRMBbOq] figure_9.jpg -> classified as: Qualitative Examples
[rGFrRMBbOq] figure_2.jpg -> classified as: Plots / Charts
[rGFrRMBbOq] figure_7.jpg -> classified as: Qualitative Examples
[rGFrRMBbOq] figure_3.jpg -> classified as: Plots / Charts
[rGFrRMBbOq] figure_4.jpg -> classified as: Plots / Charts
[rGFrRMBbOq] figure_1.jpg -> classified as: Architecture Diagram
[rGFrRMBbOq] figure_8.jpg -> classified as: Qualitative Examples
[rGFrRMBbOq] figure_10.jpg -> classified as: Qualitative Examples
[rGP2jbWt0l] figure_5.jpg -> classified as: Qualitative Examples
[rGP2jbWt0l] figure_6.jpg -> classified as: Qualitative Examples
[rGP2jbWt0l] figure_9.jpg -> classified as: Plots / Charts
[rGP2jbWt0l] figure_13.jpg -> classified as: Qualitative Examples
[rGP2jbWt0l] figure_2.jpg -> classified as: Architecture Diagram
[rGP2jbWt0l] figure_11.jpg -> classified as: Qualitative Examples
[rGP2jbWt0l] figure_7.jpg -> classified as: Plots / Charts
[rGP2jbWt0l] figure_3.jpg -> classified as: Plots / Charts
[rGP2jbWt0l] figure_4.jpg -> classified as: Qualitative Examples
[rGP2jbWt0l] figure_1.jpg -> classified as: Plots / Charts
[rGP2jbWt0l] figure_8.jpg -> classified as: Qualitative Examples
[rGP2jbWt0l] figure_12.jpg -> classified as: Qualitative Examples
[rGP2jbWt0l] figure_10.jpg -> classified as: Plots / Charts
[rH6IZIXqZG] figure_5.jpg -> classified as: Plots / Charts
[rH6IZIXqZG] figure_6.jpg -> classified as: Qualitative Examples
[rH6IZIXqZG] figure_2.jpg -> classified as: Qualitative Examples
[rH6IZIXqZG] figure_7.jpg -> classified as: Qualitative Examples
[rH6IZIXqZG] figure_4.jpg -> classified as: Qualitative Examples
[rH6IZIXqZG] figure_1.jpg -> classified as: Qualitative Examples
[rH6IZIXqZG] figure_8.jpg -> classified as: Qualitative Examples
[rHzapPnCgT] figure_19.jpg -> classified as: Qualitative Examples
[rHzapPnCgT] figure_6.jpg -> classified as: Qualitative Examples
[rHzapPnCgT] figure_9.jpg -> classified as: Qualitative Examples
[rHzapPnCgT] figure_18.jpg -> classified as: Qualitative Examples
[rHzapPnCgT] figure_13.jpg -> classified as: Qualitative Examples
[rHzapPnCgT] figure_15.jpg -> classified as: Qualitative Examples
[rHzapPnCgT] figure_2.jpg -> classified as: Architecture Diagram
[rHzapPnCgT] figure_11.jpg -> classified as: Qualitative Examples
[rHzapPnCgT] figure_7.jpg -> classified as: Plots / Charts
[rHzapPnCgT] figure_3.jpg -> classified as: Architecture Diagram
[rHzapPnCgT] figure_4.jpg -> classified as: Architecture Diagram
[rHzapPnCgT] figure_17.jpg -> classified as: Qualitative Examples
[rHzapPnCgT] figure_1.jpg -> classified as: Qualitative Examples
[rHzapPnCgT] figure_16_-_20.jpg -> classified as: Qualitative Examples
[rHzapPnCgT] figure_8.jpg -> classified as: Qualitative Examples
[rHzapPnCgT] figure_12.jpg -> classified as: Qualitative Examples
[rHzapPnCgT] figure_16_-_20_1.jpg -> classified as: Qualitative Examples
[rHzapPnCgT] figure_14.jpg -> classified as: Qualitative Examples
[rHzapPnCgT] figure_16.jpg -> classified as: Qualitative Examples
[rHzapPnCgT] figure_10.jpg -> classified as: Qualitative Examples
[rMOhA1JNPo] figure_A.jpg -> classified as: Plots / Charts
[rMOhA1JNPo] figure_5.jpg -> classified as: Qualitative Examples
[rMOhA1JNPo] figure_B.jpg -> classified as: Qualitative Examples
[rMOhA1JNPo] figure_7.jpg -> classified as: Plots / Charts
[rMOhA1JNPo] figure_E.jpg -> classified as: Plots / Charts
[rMOhA1JNPo] figure_D.jpg -> classified as: Qualitative Examples
[rMOhA1JNPo] figure_4.jpg -> classified as: Plots / Charts
[rMOhA1JNPo] figure_C.jpg -> classified as: Qualitative Examples
[rMOhA1JNPo] figure_1.jpg -> classified as: Other
  -> Skipping second pass (Other)
[rMOhA1JNPo] figure_Referring_(_)__The.jpg -> classified as: Qualitative Examples
[rMOhA1JNPo] figure_8.jpg -> classified as: Qualitative Examples
[rN7Ewo2lV4] figure_5.jpg -> classified as: Plots / Charts
[rN7Ewo2lV4] figure_6.jpg -> classified as: Plots / Charts
[rN7Ewo2lV4] figure_9.jpg -> classified as: Architecture Diagram
[rN7Ewo2lV4] figure_2.jpg -> classified as: Architecture Diagram
[rN7Ewo2lV4] figure_7.jpg -> classified as: Plots / Charts
[rN7Ewo2lV4] figure_3.jpg -> classified as: Plots / Charts
[rN7Ewo2lV4] figure_4.jpg -> classified as: Plots / Charts
[rN7Ewo2lV4] figure_1.jpg -> classified as: Architecture Diagram
[rN7Ewo2lV4] figure_8.jpg -> classified as: Architecture Diagram
[rN7Ewo2lV4] figure_10.jpg -> classified as: Plots / Charts
[rP7rghI7yt] figure_5.jpg -> classified as: Plots / Charts
[rP7rghI7yt] figure_6.jpg -> classified as: Plots / Charts
[rP7rghI7yt] figure_9.jpg -> classified as: Plots / Charts
[rP7rghI7yt] figure_2.jpg -> classified as: Plots / Charts
[rP7rghI7yt] figure_7.jpg -> classified as: Plots / Charts
[rP7rghI7yt] figure_3.jpg -> classified as: Plots / Charts
[rP7rghI7yt] figure_4.jpg -> classified as: Plots / Charts
[rP7rghI7yt] figure_1.jpg -> classified as: Architecture Diagram
[rP7rghI7yt] figure_8.jpg -> classified as: Plots / Charts
[rQ7fz9NO7f] figure_5.jpg -> classified as: Plots / Charts
[rQ7fz9NO7f] figure_6.jpg -> classified as: Plots / Charts
[rQ7fz9NO7f] figure_9.jpg -> classified as: Qualitative Examples
[rQ7fz9NO7f] figure_2.jpg -> classified as: Architecture Diagram
[rQ7fz9NO7f] figure_3.jpg -> classified as: Architecture Diagram
[rQ7fz9NO7f] figure_4.jpg -> classified as: Architecture Diagram
[rQ7fz9NO7f] figure_1.jpg -> classified as: Plots / Charts
[rQ7fz9NO7f] figure_8.jpg -> classified as: Plots / Charts
[rQ7fz9NO7f] figure_10.jpg -> classified as: Qualitative Examples
[rQV33MVNWs] figure_19.jpg -> classified as: Qualitative Examples
[rQV33MVNWs] figure_5.jpg -> classified as: Plots / Charts
[rQV33MVNWs] figure_9.jpg -> classified as: Qualitative Examples
[rQV33MVNWs] figure_18.jpg -> classified as: Qualitative Examples
[rQV33MVNWs] figure_13.jpg -> classified as: Qualitative Examples
[rQV33MVNWs] figure_15.jpg -> classified as: Qualitative Examples
[rQV33MVNWs] figure_2.jpg -> classified as: Architecture Diagram
[rQV33MVNWs] figure_20.jpg -> classified as: Qualitative Examples
[rQV33MVNWs] figure_11.jpg -> classified as: Qualitative Examples
[rQV33MVNWs] figure_7.jpg -> classified as: Qualitative Examples
[rQV33MVNWs] figure_3.jpg -> classified as: Qualitative Examples
[rQV33MVNWs] figure_4.jpg -> classified as: Qualitative Examples
[rQV33MVNWs] figure_17.jpg -> classified as: Plots / Charts
[rQV33MVNWs] figure_1.jpg -> classified as: Architecture Diagram
[rQV33MVNWs] figure_8.jpg -> classified as: Qualitative Examples
[rQV33MVNWs] figure_12.jpg -> classified as: Qualitative Examples
[rQV33MVNWs] figure_14.jpg -> classified as: Qualitative Examples
[rQV33MVNWs] figure_16.jpg -> classified as: Qualitative Examples
[rQV33MVNWs] figure_10.jpg -> classified as: Qualitative Examples
[rR03qFesqk] figure_5.jpg -> classified as: Plots / Charts
[rR03qFesqk] figure_6.jpg -> classified as: Plots / Charts
[rR03qFesqk] figure_2.jpg -> classified as: Plots / Charts
[rR03qFesqk] figure_7.jpg -> classified as: Plots / Charts
[rR03qFesqk] figure_3.jpg -> classified as: Plots / Charts
[rR03qFesqk] figure_4.jpg -> classified as: Plots / Charts
[rR03qFesqk] figure_1.jpg -> classified as: Plots / Charts
[rR03qFesqk] figure_8.jpg -> classified as: Plots / Charts
[rTDyN8yajn] figure_5.jpg -> classified as: Architecture Diagram
[rTDyN8yajn] figure_6.jpg -> classified as: Plots / Charts
[rTDyN8yajn] figure_9.jpg -> classified as: Qualitative Examples
[rTDyN8yajn] figure_2.jpg -> classified as: Architecture Diagram
[rTDyN8yajn] figure_11.jpg -> classified as: Qualitative Examples
[rTDyN8yajn] figure_7.jpg -> classified as: Plots / Charts
[rTDyN8yajn] figure_3.jpg -> classified as: Plots / Charts
[rTDyN8yajn] figure_1.jpg -> classified as: Architecture Diagram
[rTDyN8yajn] figure_8.jpg -> classified as: Plots / Charts
[rTDyN8yajn] figure_12.jpg -> classified as: Qualitative Examples
[rTDyN8yajn] figure_10.jpg -> classified as: Qualitative Examples
[rUf9G9k2im] figure_N.jpg -> classified as: Qualitative Examples
[rUf9G9k2im] figure_N_5.jpg -> classified as: Qualitative Examples
[rUf9G9k2im] figure_6.jpg -> classified as: Qualitative Examples
[rUf9G9k2im] figure_N_2.jpg -> classified as: Qualitative Examples
[rUf9G9k2im] figure_N_1.jpg -> classified as: Qualitative Examples
[rUf9G9k2im] figure_2.jpg -> classified as: Architecture Diagram
[rUf9G9k2im] figure_K.jpg -> classified as: Qualitative Examples
[rUf9G9k2im] figure_3.jpg -> classified as: Architecture Diagram
[rUf9G9k2im] figure_4.jpg -> classified as: Qualitative Examples
[rUf9G9k2im] figure_1.jpg -> classified as: Qualitative Examples
[rUf9G9k2im] figure_N_3.jpg -> classified as: Qualitative Examples
[rUf9G9k2im] figure_L.jpg -> classified as: Qualitative Examples
[rUf9G9k2im] figure_N_4.jpg -> classified as: Qualitative Examples
[rUf9G9k2im] figure_M.jpg -> classified as: Qualitative Examples
[rUqcugZDUl] figure_5.jpg -> classified as: Plots / Charts
[rUqcugZDUl] figure_6.jpg -> classified as: Qualitative Examples
[rUqcugZDUl] figure_9.jpg -> classified as: Qualitative Examples
[rUqcugZDUl] figure_2.jpg -> classified as: Qualitative Examples
[rUqcugZDUl] figure_7.jpg -> classified as: Plots / Charts
[rUqcugZDUl] figure_3.jpg -> classified as: Architecture Diagram
[rUqcugZDUl] figure_4.jpg -> classified as: Architecture Diagram
[rUqcugZDUl] figure_1.jpg -> classified as: Plots / Charts
[rUqcugZDUl] figure_8.jpg -> classified as: Plots / Charts
[rUqcugZDUl] figure_10.jpg -> classified as: Plots / Charts
[rUvCIvI4eB] figure_5.jpg -> classified as: Qualitative Examples
[rUvCIvI4eB] figure_6.jpg -> classified as: Qualitative Examples
[rUvCIvI4eB] figure_2.jpg -> classified as: Other
  -> Skipping second pass (Other)
[rUvCIvI4eB] figure_3.jpg -> classified as: Architecture Diagram
[rUvCIvI4eB] figure_4.jpg -> classified as: Qualitative Examples
[rUvCIvI4eB] figure_1.jpg -> classified as: Other
  -> Skipping second pass (Other)
[rUvCIvI4eB] figure_8.jpg -> classified as: Plots / Charts
[rUvCIvI4eB] figure_10.jpg -> classified as: Qualitative Examples
[rUxr9Ll5FQ] figure_19.jpg -> classified as: Qualitative Examples
[rUxr9Ll5FQ] figure_23.jpg -> classified as: Qualitative Examples
[rUxr9Ll5FQ] figure_24.jpg -> classified as: Qualitative Examples
[rUxr9Ll5FQ] figure_5.jpg -> classified as: Qualitative Examples
[rUxr9Ll5FQ] figure_6.jpg -> classified as: Plots / Charts
[rUxr9Ll5FQ] figure_22.jpg -> classified as: Qualitative Examples
[rUxr9Ll5FQ] figure_28.jpg -> classified as: Qualitative Examples
[rUxr9Ll5FQ] figure_18.jpg -> classified as: Qualitative Examples
[rUxr9Ll5FQ] figure_13.jpg -> classified as: Qualitative Examples
[rUxr9Ll5FQ] figure_15.jpg -> classified as: Qualitative Examples
[rUxr9Ll5FQ] figure_20.jpg -> classified as: Qualitative Examples
[rUxr9Ll5FQ] figure_11.jpg -> classified as: Qualitative Examples
[rUxr9Ll5FQ] figure_7.jpg -> classified as: Qualitative Examples
[rUxr9Ll5FQ] figure_3.jpg -> classified as: Architecture Diagram
[rUxr9Ll5FQ] figure_4.jpg -> classified as: Plots / Charts
[rUxr9Ll5FQ] figure_17.jpg -> classified as: Qualitative Examples
[rUxr9Ll5FQ] figure_1.jpg -> classified as: Qualitative Examples
[rUxr9Ll5FQ] figure_27.jpg -> classified as: Qualitative Examples
[rUxr9Ll5FQ] figure_8.jpg -> classified as: Qualitative Examples
[rUxr9Ll5FQ] figure_25.jpg -> classified as: Qualitative Examples
[rUxr9Ll5FQ] figure_21.jpg -> classified as: Qualitative Examples
[rUxr9Ll5FQ] figure_26.jpg -> classified as: Qualitative Examples
[rUxr9Ll5FQ] figure_14.jpg -> classified as: Qualitative Examples
[rUxr9Ll5FQ] figure_16.jpg -> classified as: Plots / Charts
[rUxr9Ll5FQ] figure_10.jpg -> classified as: Qualitative Examples
[rWIrdAo2xC] figure_19.jpg -> classified as: Qualitative Examples
[rWIrdAo2xC] figure_23.jpg -> classified as: Qualitative Examples
[rWIrdAo2xC] figure_5.jpg -> classified as: Plots / Charts
[rWIrdAo2xC] figure_6.jpg -> classified as: Qualitative Examples
[rWIrdAo2xC] figure_9.jpg -> classified as: Architecture Diagram
[rWIrdAo2xC] figure_22.jpg -> classified as: Qualitative Examples
[rWIrdAo2xC] figure_18.jpg -> classified as: Qualitative Examples
[rWIrdAo2xC] figure_13.jpg -> classified as: Architecture Diagram
[rWIrdAo2xC] figure_15.jpg -> classified as: Plots / Charts
[rWIrdAo2xC] figure_2.jpg -> classified as: Architecture Diagram
[rWIrdAo2xC] figure_20.jpg -> classified as: Qualitative Examples
[rWIrdAo2xC] figure_11.jpg -> classified as: Architecture Diagram
[rWIrdAo2xC] figure_7.jpg -> classified as: Qualitative Examples
[rWIrdAo2xC] figure_3.jpg -> classified as: Architecture Diagram
[rWIrdAo2xC] figure_4.jpg -> classified as: Qualitative Examples
[rWIrdAo2xC] figure_17.jpg -> classified as: Qualitative Examples
[rWIrdAo2xC] figure_1.jpg -> classified as: Architecture Diagram
[rWIrdAo2xC] figure_8.jpg -> classified as: Qualitative Examples
[rWIrdAo2xC] figure_12.jpg -> classified as: Architecture Diagram
[rWIrdAo2xC] figure_21.jpg -> classified as: Qualitative Examples
[rWIrdAo2xC] figure_14.jpg -> classified as: Qualitative Examples
[rWIrdAo2xC] figure_16.jpg -> classified as: Plots / Charts
[rWIrdAo2xC] figure_10.jpg -> classified as: Architecture Diagram
[rZxwa8JkJW] figure_5.jpg -> classified as: Architecture Diagram
[rZxwa8JkJW] figure_6.jpg -> classified as: Architecture Diagram
[rZxwa8JkJW] figure_2.jpg -> classified as: Qualitative Examples
[rZxwa8JkJW] figure_7.jpg -> classified as: Qualitative Examples
[rZxwa8JkJW] figure_3.jpg -> classified as: Qualitative Examples
[rZxwa8JkJW] figure_1.jpg -> classified as: Qualitative Examples
[ra7Nl9wUlF] figure_5.jpg -> classified as: Qualitative Examples
[ra7Nl9wUlF] figure_6.jpg -> classified as: Qualitative Examples
[ra7Nl9wUlF] figure_2.jpg -> classified as: Qualitative Examples
[ra7Nl9wUlF] figure_3.jpg -> classified as: Qualitative Examples
[ra7Nl9wUlF] figure_4.jpg -> classified as: Architecture Diagram
[ra7Nl9wUlF] figure_1.jpg -> classified as: Qualitative Examples
[ra7Nl9wUlF] figure_8.jpg -> classified as: Qualitative Examples
[raUnLe0Z04] figure_5.jpg -> classified as: Plots / Charts
[raUnLe0Z04] figure_6.jpg -> classified as: Plots / Charts
[raUnLe0Z04] figure_2.jpg -> classified as: Plots / Charts
[raUnLe0Z04] figure_7.jpg -> classified as: Plots / Charts
[raUnLe0Z04] figure_3.jpg -> classified as: Qualitative Examples
[raUnLe0Z04] figure_4.jpg -> classified as: Plots / Charts
[raUnLe0Z04] figure_1.jpg -> classified as: Qualitative Examples
[rawj2PdHBq] figure_5.jpg -> classified as: Architecture Diagram
[rawj2PdHBq] figure_6.jpg -> classified as: Plots / Charts
[rawj2PdHBq] figure_9.jpg -> classified as: Plots / Charts
[rawj2PdHBq] figure_2.jpg -> classified as: Other
  -> Skipping second pass (Other)
[rawj2PdHBq] figure_7.jpg -> classified as: Plots / Charts
[rawj2PdHBq] figure_3.jpg -> classified as: Plots / Charts
[rawj2PdHBq] figure_4.jpg -> classified as: Plots / Charts
[rawj2PdHBq] figure_1.jpg -> classified as: Architecture Diagram
[rawj2PdHBq] figure_8.jpg -> classified as: Plots / Charts
[rawj2PdHBq] figure_10.jpg -> classified as: Plots / Charts
[rcsV1C2eyk] figure_5.jpg -> classified as: Plots / Charts
[rcsV1C2eyk] figure_2.jpg -> classified as: Architecture Diagram
[rcsV1C2eyk] figure_3.jpg -> classified as: Plots / Charts
[rcsV1C2eyk] figure_4.jpg -> classified as: Plots / Charts
[rcsV1C2eyk] figure_1.jpg -> classified as: Architecture Diagram
[rdSVgnLHQB] figure_5.jpg -> classified as: Plots / Charts
[rdSVgnLHQB] figure_6.jpg -> classified as: Plots / Charts
[rdSVgnLHQB] figure_9.jpg -> classified as: Plots / Charts
[rdSVgnLHQB] figure_2.jpg -> classified as: Architecture Diagram
[rdSVgnLHQB] figure_7.jpg -> classified as: Architecture Diagram
[rdSVgnLHQB] figure_3.jpg -> classified as: Plots / Charts
[rdSVgnLHQB] figure_4.jpg -> classified as: Qualitative Examples
[rdSVgnLHQB] figure_1.jpg -> classified as: Other
  -> Skipping second pass (Other)
[rdSVgnLHQB] figure_8.jpg -> classified as: Plots / Charts
[rdSVgnLHQB] figure_12.jpg -> classified as: Qualitative Examples
[rdSVgnLHQB] figure_10.jpg -> classified as: Plots / Charts
[reZKq6hjOZ] figure_1.jpg -> classified as: Plots / Charts
[rfeksadZox] figure_5.jpg -> classified as: Qualitative Examples
[rfeksadZox] figure_6.jpg -> classified as: Qualitative Examples
[rfeksadZox] figure_9.jpg -> classified as: Qualitative Examples
[rfeksadZox] figure_13.jpg -> classified as: Qualitative Examples
[rfeksadZox] figure_2.jpg -> classified as: Architecture Diagram
[rfeksadZox] figure_11.jpg -> classified as: Qualitative Examples
[rfeksadZox] figure_7.jpg -> classified as: Qualitative Examples
[rfeksadZox] figure_3.jpg -> classified as: Qualitative Examples
[rfeksadZox] figure_4.jpg -> classified as: Qualitative Examples
[rfeksadZox] figure_1.jpg -> classified as: Qualitative Examples
[rfeksadZox] figure_8.jpg -> classified as: Qualitative Examples
[rfeksadZox] figure_12.jpg -> classified as: Qualitative Examples
[rfeksadZox] figure_14.jpg -> classified as: Qualitative Examples
[rfrtFwnF62] figure_5.jpg -> classified as: Architecture Diagram
[rfrtFwnF62] figure_6.jpg -> classified as: Architecture Diagram
[rfrtFwnF62] figure_9.jpg -> classified as: Qualitative Examples
[rfrtFwnF62] figure_2.jpg -> classified as: Architecture Diagram
[rfrtFwnF62] figure_7.jpg -> classified as: Qualitative Examples
[rfrtFwnF62] figure_3.jpg -> classified as: Qualitative Examples
[rfrtFwnF62] figure_4.jpg -> classified as: Qualitative Examples
[rfrtFwnF62] figure_1.jpg -> classified as: Qualitative Examples
[rfrtFwnF62] figure_8.jpg -> classified as: Qualitative Examples
[rfz3K3yyU4] figure_2.jpg -> classified as: Plots / Charts
[rfz3K3yyU4] figure_1.jpg -> classified as: Architecture Diagram
[rgwquPxhIh] figure_19.jpg -> classified as: Plots / Charts
[rgwquPxhIh] figure_6.jpg -> classified as: Qualitative Examples
[rgwquPxhIh] figure_9.jpg -> classified as: Qualitative Examples
[rgwquPxhIh] figure_18.jpg -> classified as: Plots / Charts
[rgwquPxhIh] figure_13.jpg -> classified as: Qualitative Examples
[rgwquPxhIh] figure_15.jpg -> classified as: Qualitative Examples
[rgwquPxhIh] figure_2.jpg -> classified as: Qualitative Examples
[rgwquPxhIh] figure_11.jpg -> classified as: Qualitative Examples
[rgwquPxhIh] figure_7.jpg -> classified as: Plots / Charts
[rgwquPxhIh] figure_3.jpg -> classified as: Plots / Charts
[rgwquPxhIh] figure_4.jpg -> classified as: Plots / Charts
[rgwquPxhIh] figure_17.jpg -> classified as: Qualitative Examples
[rgwquPxhIh] figure_1.jpg -> classified as: Qualitative Examples
[rgwquPxhIh] figure_1_1.jpg -> classified as: Qualitative Examples
[rgwquPxhIh] figure_12.jpg -> classified as: Qualitative Examples
[rgwquPxhIh] figure_14.jpg -> classified as: Plots / Charts
[rgwquPxhIh] figure_16.jpg -> classified as: Plots / Charts
[rgwquPxhIh] figure_10.jpg -> classified as: Qualitative Examples
[riP5PPTnSM] figure_5.jpg -> classified as: Plots / Charts
[riP5PPTnSM] figure_6.jpg -> classified as: Plots / Charts
[riP5PPTnSM] figure_2.jpg -> classified as: Architecture Diagram
[riP5PPTnSM] figure_7.jpg -> classified as: Plots / Charts
[riP5PPTnSM] figure_3.jpg -> classified as: Plots / Charts
[riP5PPTnSM] figure_4.jpg -> classified as: Plots / Charts
[riP5PPTnSM] figure_1.jpg -> classified as: Plots / Charts
[riP5PPTnSM] figure_8.jpg -> classified as: Plots / Charts
[riieAeQBJm] figure_5.jpg -> classified as: Plots / Charts
[riieAeQBJm] figure_6.jpg -> classified as: Qualitative Examples
[riieAeQBJm] figure_2.jpg -> classified as: Plots / Charts
[riieAeQBJm] figure_3.jpg -> classified as: Architecture Diagram
[riieAeQBJm] figure_4.jpg -> classified as: Qualitative Examples
[riieAeQBJm] figure_1.jpg -> classified as: Plots / Charts
[rkplYfqUr0] figure_5.jpg -> classified as: Plots / Charts
[rkplYfqUr0] figure_6.jpg -> classified as: Plots / Charts
[rkplYfqUr0] figure_9.jpg -> classified as: Plots / Charts
[rkplYfqUr0] figure_2.jpg -> classified as: Plots / Charts
[rkplYfqUr0] figure_7.jpg -> classified as: Plots / Charts
[rkplYfqUr0] figure_3.jpg -> classified as: Plots / Charts
[rkplYfqUr0] figure_4.jpg -> classified as: Plots / Charts
[rkplYfqUr0] figure_1.jpg -> classified as: Architecture Diagram
[rkplYfqUr0] figure_8.jpg -> classified as: Plots / Charts
[rkplYfqUr0] figure_10.jpg -> classified as: Plots / Charts
[rkzabmWl5k] figure_5.jpg -> classified as: Plots / Charts
[rkzabmWl5k] figure_6.jpg -> classified as: Qualitative Examples
[rkzabmWl5k] figure_9.jpg -> classified as: Qualitative Examples
[rkzabmWl5k] figure_2.jpg -> classified as: Qualitative Examples
[rkzabmWl5k] figure_11.jpg -> classified as: Qualitative Examples
[rkzabmWl5k] figure_7.jpg -> classified as: Qualitative Examples
[rkzabmWl5k] figure_3.jpg -> classified as: Architecture Diagram
[rkzabmWl5k] figure_4.jpg -> classified as: Architecture Diagram
[rkzabmWl5k] figure_1.jpg -> classified as: Qualitative Examples
[rkzabmWl5k] figure_8.jpg -> classified as: Qualitative Examples
[rkzabmWl5k] figure_10.jpg -> classified as: Qualitative Examples
[rmg0qMKYRQ] figure_5.jpg -> classified as: Plots / Charts
[rmg0qMKYRQ] figure_6.jpg -> classified as: Plots / Charts
[rmg0qMKYRQ] figure_9.jpg -> classified as: Plots / Charts
[rmg0qMKYRQ] figure_18.jpg -> classified as: Plots / Charts
[rmg0qMKYRQ] figure_13.jpg -> classified as: Plots / Charts
[rmg0qMKYRQ] figure_15.jpg -> classified as: Plots / Charts
[rmg0qMKYRQ] figure_2.jpg -> classified as: Qualitative Examples
[rmg0qMKYRQ] figure_11.jpg -> classified as: Plots / Charts
[rmg0qMKYRQ] figure_7.jpg -> classified as: Qualitative Examples
[rmg0qMKYRQ] figure_3.jpg -> classified as: Plots / Charts
[rmg0qMKYRQ] figure_4.jpg -> classified as: Plots / Charts
[rmg0qMKYRQ] figure_17.jpg -> classified as: Plots / Charts
[rmg0qMKYRQ] figure_1.jpg -> classified as: Plots / Charts
[rmg0qMKYRQ] figure_8.jpg -> classified as: Qualitative Examples
[rmg0qMKYRQ] figure_12.jpg -> classified as: Plots / Charts
[rmg0qMKYRQ] figure_14.jpg -> classified as: Plots / Charts
[rmg0qMKYRQ] figure_16.jpg -> classified as: Plots / Charts
[rmg0qMKYRQ] figure_10.jpg -> classified as: Plots / Charts
[rnL3OafDdw] figure_(a)_SonI__values.jpg -> classified as: Plots / Charts
[rnL3OafDdw] figure_A1.jpg -> classified as: Plots / Charts
[rnL3OafDdw] figure_A2.jpg -> classified as: Qualitative Examples
[rnL3OafDdw] figure_(b)_IonS-MUA__point.jpg -> classified as: Plots / Charts
[rnL3OafDdw] figure_2.jpg -> classified as: Plots / Charts
[rnL3OafDdw] figure_3.jpg -> classified as: Plots / Charts
[rnL3OafDdw] figure_1.jpg -> classified as: Architecture Diagram
[rnL3OafDdw] figure_A4.jpg -> classified as: Plots / Charts
[rnTb9dm9zx] figure_6.jpg -> classified as: Qualitative Examples
[rnTb9dm9zx] figure_9.jpg -> classified as: Qualitative Examples
[rnTb9dm9zx] figure_2.jpg -> classified as: Architecture Diagram
[rnTb9dm9zx] figure_7.jpg -> classified as: Qualitative Examples
[rnTb9dm9zx] figure_3.jpg -> classified as: Architecture Diagram
[rnTb9dm9zx] figure_4.jpg -> classified as: Plots / Charts
[rnTb9dm9zx] figure_1.jpg -> classified as: Qualitative Examples
[rnTb9dm9zx] figure_8.jpg -> classified as: Qualitative Examples
[rp0EdI8X4e] figure_5.jpg -> classified as: Plots / Charts
[rp0EdI8X4e] figure_6.jpg -> classified as: Plots / Charts
[rp0EdI8X4e] figure_9.jpg -> classified as: Plots / Charts
[rp0EdI8X4e] figure_2.jpg -> classified as: Architecture Diagram
[rp0EdI8X4e] figure_7.jpg -> classified as: Plots / Charts
[rp0EdI8X4e] figure_3.jpg -> classified as: Plots / Charts
[rp0EdI8X4e] figure_4.jpg -> classified as: Qualitative Examples
[rp0EdI8X4e] figure_1.jpg -> classified as: Qualitative Examples
[rp0EdI8X4e] figure_8.jpg -> classified as: Plots / Charts
[rpH9FcCEV6] figure_5.jpg -> classified as: Plots / Charts
[rpH9FcCEV6] figure_6.jpg -> classified as: Plots / Charts
[rpH9FcCEV6] figure_9.jpg -> classified as: Plots / Charts
[rpH9FcCEV6] figure_13.jpg -> classified as: Qualitative Examples
[rpH9FcCEV6] figure_2.jpg -> classified as: Plots / Charts
[rpH9FcCEV6] figure_(b)_The_results.jpg -> classified as: Plots / Charts
[rpH9FcCEV6] figure_11.jpg -> classified as: Qualitative Examples
[rpH9FcCEV6] figure_7.jpg -> classified as: Plots / Charts
[rpH9FcCEV6] figure_(b)_The_results_1.jpg -> classified as: Plots / Charts
[rpH9FcCEV6] figure_3.jpg -> classified as: Plots / Charts
[rpH9FcCEV6] figure_4.jpg -> classified as: Plots / Charts
[rpH9FcCEV6] figure_(a)_The_results.jpg -> classified as: Plots / Charts
[rpH9FcCEV6] figure_1.jpg -> classified as: Architecture Diagram
[rpH9FcCEV6] figure_8.jpg -> classified as: Plots / Charts
[rpH9FcCEV6] figure_12.jpg -> classified as: Qualitative Examples
[rpH9FcCEV6] figure_10.jpg -> classified as: Qualitative Examples
[rrdNQZRHEm] figure_5.jpg -> classified as: Plots / Charts
[rrdNQZRHEm] figure_6.jpg -> classified as: Plots / Charts
[rrdNQZRHEm] figure_2.jpg -> classified as: Plots / Charts
[rrdNQZRHEm] figure_3.jpg -> classified as: Architecture Diagram
[rrdNQZRHEm] figure_4.jpg -> classified as: Plots / Charts
[rrdNQZRHEm] figure_1.jpg -> classified as: Architecture Diagram
[rsD6qAvtxO] figure_5.jpg -> classified as: Qualitative Examples
[rsD6qAvtxO] figure_6.jpg -> classified as: Qualitative Examples
[rsD6qAvtxO] figure_2.jpg -> classified as: Architecture Diagram
[rsD6qAvtxO] figure_7.jpg -> classified as: Architecture Diagram
[rsD6qAvtxO] figure_3.jpg -> classified as: Qualitative Examples
[rsD6qAvtxO] figure_4.jpg -> classified as: Plots / Charts
[rsD6qAvtxO] figure_1.jpg -> classified as: Plots / Charts
[rsZwwjYHuD] figure_6.jpg -> classified as: Plots / Charts
[rsZwwjYHuD] figure_9.jpg -> classified as: Plots / Charts
[rsZwwjYHuD] figure_15.jpg -> classified as: Qualitative Examples
[rsZwwjYHuD] figure_2.jpg -> classified as: Other
  -> Skipping second pass (Other)
[rsZwwjYHuD] figure_3.jpg -> classified as: Qualitative Examples
[rsZwwjYHuD] figure_4.jpg -> classified as: Qualitative Examples
[rsZwwjYHuD] figure_1.jpg -> classified as: Architecture Diagram
[rsZwwjYHuD] figure_8.jpg -> classified as: Plots / Charts
[rsZwwjYHuD] figure_12.jpg -> classified as: Qualitative Examples
[rsZwwjYHuD] figure_14.jpg -> classified as: Qualitative Examples
[rsZwwjYHuD] figure_10.jpg -> classified as: Qualitative Examples
[rss4mLJDpT] figure_5.jpg -> classified as: Qualitative Examples
[rss4mLJDpT] figure_2.jpg -> classified as: Qualitative Examples
[rss4mLJDpT] figure_3.jpg -> classified as: Qualitative Examples
[rss4mLJDpT] figure_4.jpg -> classified as: Plots / Charts
[rss4mLJDpT] figure_1.jpg -> classified as: Architecture Diagram
[rtUjj03qZv] figure_5.jpg -> classified as: Qualitative Examples
[rtUjj03qZv] figure_6.jpg -> classified as: Qualitative Examples
[rtUjj03qZv] figure_2.jpg -> classified as: Architecture Diagram
[rtUjj03qZv] figure_7.jpg -> classified as: Qualitative Examples
[rtUjj03qZv] figure_3.jpg -> classified as: Plots / Charts
[rtUjj03qZv] figure_4.jpg -> classified as: Plots / Charts
[rtUjj03qZv] figure_1.jpg -> classified as: Qualitative Examples
[ruQkcBfzpm] figure_2.jpg -> classified as: Plots / Charts
[ruQkcBfzpm] figure_1.jpg -> classified as: Architecture Diagram
[rvOpON15JJ] figure_5.jpg -> classified as: Qualitative Examples
[rvOpON15JJ] figure_6.jpg -> classified as: Qualitative Examples
[rvOpON15JJ] figure_9.jpg -> classified as: Qualitative Examples
[rvOpON15JJ] figure_2.jpg -> classified as: Architecture Diagram
[rvOpON15JJ] figure_3.jpg -> classified as: Architecture Diagram
[rvOpON15JJ] figure_4.jpg -> classified as: Qualitative Examples
[rvOpON15JJ] figure_1.jpg -> classified as: Architecture Diagram
[rvOpON15JJ] figure_8.jpg -> classified as: Qualitative Examples
[rvOpON15JJ] figure_10.jpg -> classified as: Qualitative Examples
[rwdeKOdAwY] figure_5.jpg -> classified as: Plots / Charts
[rwdeKOdAwY] figure_2.jpg -> classified as: Architecture Diagram
[rwdeKOdAwY] figure_3.jpg -> classified as: Architecture Diagram
[rwdeKOdAwY] figure_4.jpg -> classified as: Plots / Charts
[rwdeKOdAwY] figure_1.jpg -> classified as: Architecture Diagram
[rxBoUKhcBJ] figure_2.jpg -> classified as: Plots / Charts
[rxBoUKhcBJ] figure_1.jpg -> classified as: Architecture Diagram
[rySLejeB1k] figure_5.jpg -> classified as: Plots / Charts
[rySLejeB1k] figure_6.jpg -> classified as: Plots / Charts
[rySLejeB1k] figure_2.jpg -> classified as: Plots / Charts
[rySLejeB1k] figure_7.jpg -> classified as: Plots / Charts
[rySLejeB1k] figure_3.jpg -> classified as: Plots / Charts
[rySLejeB1k] figure_4.jpg -> classified as: Plots / Charts
[rySLejeB1k] figure_1.jpg -> classified as: Architecture Diagram
[rzBskAEmoc] figure_5.jpg -> classified as: Qualitative Examples
[rzBskAEmoc] figure_2.jpg -> classified as: Qualitative Examples
[rzBskAEmoc] figure_3.jpg -> classified as: Qualitative Examples
[rzBskAEmoc] figure_1.jpg -> classified as: Architecture Diagram
[rzF0R6GOd4] figure_5.jpg -> classified as: Qualitative Examples
[rzF0R6GOd4] figure_6.jpg -> classified as: Qualitative Examples
[rzF0R6GOd4] figure_9.jpg -> classified as: Qualitative Examples
[rzF0R6GOd4] figure_13.jpg -> classified as: Qualitative Examples
[rzF0R6GOd4] figure_15.jpg -> classified as: Qualitative Examples
[rzF0R6GOd4] figure_2.jpg -> classified as: Plots / Charts
[rzF0R6GOd4] figure_11.jpg -> classified as: Qualitative Examples
[rzF0R6GOd4] figure_7.jpg -> classified as: Qualitative Examples
[rzF0R6GOd4] figure_3.jpg -> classified as: Other
  -> Skipping second pass (Other)
[rzF0R6GOd4] figure_17.jpg -> classified as: Qualitative Examples
[rzF0R6GOd4] figure_1.jpg -> classified as: Architecture Diagram
[rzF0R6GOd4] figure_8.jpg -> classified as: Qualitative Examples
[rzF0R6GOd4] figure_12.jpg -> classified as: Qualitative Examples
[rzF0R6GOd4] figure_14.jpg -> classified as: Qualitative Examples
[rzF0R6GOd4] figure_16.jpg -> classified as: Qualitative Examples
[rzF0R6GOd4] figure_10.jpg -> classified as: Qualitative Examples
[rztZ2QfSfJ] figure_5.jpg -> classified as: Plots / Charts
[rztZ2QfSfJ] figure_6.jpg -> classified as: Qualitative Examples
[rztZ2QfSfJ] figure_9.jpg -> classified as: Qualitative Examples
[rztZ2QfSfJ] figure_13.jpg -> classified as: Qualitative Examples
[rztZ2QfSfJ] figure_2.jpg -> classified as: Plots / Charts
[rztZ2QfSfJ] figure_11.jpg -> classified as: Qualitative Examples
[rztZ2QfSfJ] figure_7.jpg -> classified as: Qualitative Examples
[rztZ2QfSfJ] figure_3.jpg -> classified as: Architecture Diagram
[rztZ2QfSfJ] figure_4.jpg -> classified as: Qualitative Examples
[rztZ2QfSfJ] figure_1.jpg -> classified as: Architecture Diagram
[rztZ2QfSfJ] figure_8.jpg -> classified as: Qualitative Examples
[rztZ2QfSfJ] figure_12.jpg -> classified as: Qualitative Examples
[rztZ2QfSfJ] figure_10.jpg -> classified as: Qualitative Examples
[s0Z4csHOoE] figure_5.jpg -> classified as: Plots / Charts
[s0Z4csHOoE] figure_6.jpg -> classified as: Plots / Charts
[s0Z4csHOoE] figure_9.jpg -> classified as: Teaser Image
[s0Z4csHOoE] figure_13.jpg -> classified as: Other
  -> Skipping second pass (Other)
[s0Z4csHOoE] figure_15.jpg -> classified as: Other
  -> Skipping second pass (Other)
[s0Z4csHOoE] figure_2.jpg -> classified as: Qualitative Examples
[s0Z4csHOoE] figure_11.jpg -> classified as: Other
  -> Skipping second pass (Other)
[s0Z4csHOoE] figure_7.jpg -> classified as: Other
  -> Skipping second pass (Other)
[s0Z4csHOoE] figure_3.jpg -> classified as: Architecture Diagram
[s0Z4csHOoE] figure_4.jpg -> classified as: Plots / Charts
[s0Z4csHOoE] figure_1.jpg -> classified as: Teaser Image
[s0Z4csHOoE] figure_8.jpg -> classified as: Other
  -> Skipping second pass (Other)
[s0Z4csHOoE] figure_12.jpg -> classified as: Other
  -> Skipping second pass (Other)
[s0Z4csHOoE] figure_14.jpg -> classified as: Other
  -> Skipping second pass (Other)
[s0Z4csHOoE] figure_16.jpg -> classified as: Other
  -> Skipping second pass (Other)
[s0Z4csHOoE] figure_10.jpg -> classified as: Qualitative Examples
[s2NjWfaYdZ] figure_5.jpg -> classified as: Plots / Charts
[s2NjWfaYdZ] figure_6.jpg -> classified as: Plots / Charts
[s2NjWfaYdZ] figure_2.jpg -> classified as: Architecture Diagram
[s2NjWfaYdZ] figure_3.jpg -> classified as: Plots / Charts
[s2NjWfaYdZ] figure_4.jpg -> classified as: Plots / Charts
[s2NjWfaYdZ] figure_1.jpg -> classified as: Plots / Charts
[s3FTX4Ay55] figure_19.jpg -> classified as: Plots / Charts
[s3FTX4Ay55] figure_23.jpg -> classified as: Qualitative Examples
[s3FTX4Ay55] figure_24.jpg -> classified as: Qualitative Examples
[s3FTX4Ay55] figure_5.jpg -> classified as: Plots / Charts
[s3FTX4Ay55] figure_6.jpg -> classified as: Plots / Charts
[s3FTX4Ay55] figure_9.jpg -> classified as: Plots / Charts
[s3FTX4Ay55] figure_22.jpg -> classified as: Plots / Charts
[s3FTX4Ay55] figure_18.jpg -> classified as: Qualitative Examples
[s3FTX4Ay55] figure_13.jpg -> classified as: Qualitative Examples
[s3FTX4Ay55] figure_15.jpg -> classified as: Plots / Charts
[s3FTX4Ay55] figure_2.jpg -> classified as: Architecture Diagram
[s3FTX4Ay55] figure_11.jpg -> classified as: Plots / Charts
[s3FTX4Ay55] figure_3.jpg -> classified as: Architecture Diagram
[s3FTX4Ay55] figure_4.jpg -> classified as: Qualitative Examples
[s3FTX4Ay55] figure_17.jpg -> classified as: Qualitative Examples
[s3FTX4Ay55] figure_1.jpg -> classified as: Architecture Diagram
[s3FTX4Ay55] figure_8.jpg -> classified as: Plots / Charts
[s3FTX4Ay55] figure_12.jpg -> classified as: Plots / Charts
[s3FTX4Ay55] figure_25.jpg -> classified as: Qualitative Examples
[s3FTX4Ay55] figure_21.jpg -> classified as: Plots / Charts
[s3FTX4Ay55] figure_14.jpg -> classified as: Qualitative Examples
[s3FTX4Ay55] figure_16.jpg -> classified as: Other
  -> Skipping second pass (Other)
[s3FTX4Ay55] figure_10.jpg -> classified as: Plots / Charts
[s4yXbEfZV5] figure_5.jpg -> classified as: Plots / Charts
[s4yXbEfZV5] figure_6.jpg -> classified as: Plots / Charts
[s4yXbEfZV5] figure_9.jpg -> classified as: Qualitative Examples
[s4yXbEfZV5] figure_13.jpg -> classified as: Plots / Charts
[s4yXbEfZV5] figure_15.jpg -> classified as: Qualitative Examples
[s4yXbEfZV5] figure_2.jpg -> classified as: Qualitative Examples
[s4yXbEfZV5] figure_11.jpg -> classified as: Qualitative Examples
[s4yXbEfZV5] figure_7.jpg -> classified as: Qualitative Examples
[s4yXbEfZV5] figure_3.jpg -> classified as: Plots / Charts
[s4yXbEfZV5] figure_4.jpg -> classified as: Architecture Diagram
[s4yXbEfZV5] figure_1.jpg -> classified as: Architecture Diagram
[s4yXbEfZV5] figure_8.jpg -> classified as: Architecture Diagram
[s4yXbEfZV5] figure_12.jpg -> classified as: Qualitative Examples
[s4yXbEfZV5] figure_14.jpg -> classified as: Plots / Charts
[s4yXbEfZV5] figure_16.jpg -> classified as: Plots / Charts
[s4yXbEfZV5] figure_10.jpg -> classified as: Plots / Charts
[s5TNZPKWy5] figure_5.jpg -> classified as: Plots / Charts
[s5TNZPKWy5] figure_6.jpg -> classified as: Plots / Charts
[s5TNZPKWy5] figure_9.jpg -> classified as: Qualitative Examples
[s5TNZPKWy5] figure_13.jpg -> classified as: Qualitative Examples
[s5TNZPKWy5] figure_15.jpg -> classified as: Qualitative Examples
[s5TNZPKWy5] figure_2.jpg -> classified as: Qualitative Examples
[s5TNZPKWy5] figure_11.jpg -> classified as: Qualitative Examples
[s5TNZPKWy5] figure_7.jpg -> classified as: Qualitative Examples
[s5TNZPKWy5] figure_3.jpg -> classified as: Architecture Diagram
[s5TNZPKWy5] figure_4.jpg -> classified as: Qualitative Examples
[s5TNZPKWy5] figure_1.jpg -> classified as: Architecture Diagram
[s5TNZPKWy5] figure_8.jpg -> classified as: Qualitative Examples
[s5TNZPKWy5] figure_12.jpg -> classified as: Qualitative Examples
[s5TNZPKWy5] figure_14.jpg -> classified as: Qualitative Examples
[s5TNZPKWy5] figure_10.jpg -> classified as: Qualitative Examples
[s5ZAs0UkRr] figure_5.jpg -> classified as: Qualitative Examples
[s5ZAs0UkRr] figure_6.jpg -> classified as: Qualitative Examples
[s5ZAs0UkRr] figure_9.jpg -> classified as: Qualitative Examples
[s5ZAs0UkRr] figure_13.jpg -> classified as: Qualitative Examples
[s5ZAs0UkRr] figure_2.jpg -> classified as: Qualitative Examples
[s5ZAs0UkRr] figure_11.jpg -> classified as: Qualitative Examples
[s5ZAs0UkRr] figure_7.jpg -> classified as: Qualitative Examples
[s5ZAs0UkRr] figure_3.jpg -> classified as: Qualitative Examples
[s5ZAs0UkRr] figure_4.jpg -> classified as: Qualitative Examples
[s5ZAs0UkRr] figure_1.jpg -> classified as: Qualitative Examples
[s5ZAs0UkRr] figure_8.jpg -> classified as: Qualitative Examples
[s5ZAs0UkRr] figure_12.jpg -> classified as: Qualitative Examples
[s5ZAs0UkRr] figure_10.jpg -> classified as: Qualitative Examples
[s5epFPdIW6] figure_5.jpg -> classified as: Qualitative Examples
[s5epFPdIW6] figure_2.jpg -> classified as: Plots / Charts
[s5epFPdIW6] figure_3.jpg -> classified as: Plots / Charts
[s5epFPdIW6] figure_4.jpg -> classified as: Qualitative Examples
[s5epFPdIW6] figure_1.jpg -> classified as: Architecture Diagram
[sBJIVQvJqN] figure_5.jpg -> classified as: Plots / Charts
[sBJIVQvJqN] figure_6.jpg -> classified as: Plots / Charts
[sBJIVQvJqN] figure_2.jpg -> classified as: Plots / Charts
[sBJIVQvJqN] figure_7.jpg -> classified as: Plots / Charts
[sBJIVQvJqN] figure_3.jpg -> classified as: Plots / Charts
[sBJIVQvJqN] figure_4.jpg -> classified as: Plots / Charts
[sBJIVQvJqN] figure_1.jpg -> classified as: Plots / Charts
[sBQwvucduK] figure_5.jpg -> classified as: Qualitative Examples
[sBQwvucduK] figure_6.jpg -> classified as: Qualitative Examples
[sBQwvucduK] figure_9.jpg -> classified as: Qualitative Examples
[sBQwvucduK] figure_18.jpg -> classified as: Qualitative Examples
[sBQwvucduK] figure_13.jpg -> classified as: Qualitative Examples
[sBQwvucduK] figure_15.jpg -> classified as: Qualitative Examples
[sBQwvucduK] figure_2.jpg -> classified as: Qualitative Examples
[sBQwvucduK] figure_11.jpg -> classified as: Qualitative Examples
[sBQwvucduK] figure_7.jpg -> classified as: Architecture Diagram
[sBQwvucduK] figure_3.jpg -> classified as: Architecture Diagram
[sBQwvucduK] figure_4.jpg -> classified as: Other
  -> Skipping second pass (Other)
[sBQwvucduK] figure_17.jpg -> classified as: Qualitative Examples
[sBQwvucduK] figure_1.jpg -> classified as: Qualitative Examples
[sBQwvucduK] figure_8.jpg -> classified as: Plots / Charts
[sBQwvucduK] figure_12.jpg -> classified as: Qualitative Examples
[sBQwvucduK] figure_14.jpg -> classified as: Qualitative Examples
[sBQwvucduK] figure_16.jpg -> classified as: Qualitative Examples
[sBQwvucduK] figure_10.jpg -> classified as: Qualitative Examples
[sCGIbhv4Yv] figure_5.jpg -> classified as: Qualitative Examples
[sCGIbhv4Yv] figure_6.jpg -> classified as: Qualitative Examples
[sCGIbhv4Yv] figure_9.jpg -> classified as: Qualitative Examples
[sCGIbhv4Yv] figure_2.jpg -> classified as: Qualitative Examples
[sCGIbhv4Yv] figure_7.jpg -> classified as: Qualitative Examples
[sCGIbhv4Yv] figure_3.jpg -> classified as: Qualitative Examples
[sCGIbhv4Yv] figure_4.jpg -> classified as: Qualitative Examples
[sCGIbhv4Yv] figure_1.jpg -> classified as: Architecture Diagram
[sCGIbhv4Yv] figure_8.jpg -> classified as: Qualitative Examples
[sClhxLqfnP] figure_5.jpg -> classified as: Qualitative Examples
[sClhxLqfnP] figure_6.jpg -> classified as: Qualitative Examples
[sClhxLqfnP] figure_2.jpg -> classified as: Architecture Diagram
[sClhxLqfnP] figure_3.jpg -> classified as: Architecture Diagram
[sClhxLqfnP] figure_4.jpg -> classified as: Qualitative Examples
[sClhxLqfnP] figure_1.jpg -> classified as: Qualitative Examples
[sEARCNzhrP] figure_5.jpg -> classified as: Qualitative Examples
[sEARCNzhrP] figure_2.jpg -> classified as: Architecture Diagram
[sEARCNzhrP] figure_3.jpg -> classified as: Plots / Charts
[sEARCNzhrP] figure_4.jpg -> classified as: Qualitative Examples
[sEARCNzhrP] figure_1.jpg -> classified as: Qualitative Examples
[sFyTZEqmUY] figure_5.jpg -> classified as: Qualitative Examples
[sFyTZEqmUY] figure_6.jpg -> classified as: Qualitative Examples
[sFyTZEqmUY] figure_9.jpg -> classified as: Qualitative Examples
[sFyTZEqmUY] figure_13.jpg -> classified as: Qualitative Examples
[sFyTZEqmUY] figure_2.jpg -> classified as: Architecture Diagram
[sFyTZEqmUY] figure_11.jpg -> classified as: Qualitative Examples
[sFyTZEqmUY] figure_7.jpg -> classified as: Qualitative Examples
[sFyTZEqmUY] figure_3.jpg -> classified as: Qualitative Examples
[sFyTZEqmUY] figure_4.jpg -> classified as: Qualitative Examples
[sFyTZEqmUY] figure_1.jpg -> classified as: Architecture Diagram
[sFyTZEqmUY] figure_8.jpg -> classified as: Qualitative Examples
[sFyTZEqmUY] figure_12.jpg -> classified as: Qualitative Examples
[sFyTZEqmUY] figure_14.jpg -> classified as: Qualitative Examples
[sFyTZEqmUY] figure_10.jpg -> classified as: Qualitative Examples
[sGd02fkoAE] figure_2.jpg -> classified as: Qualitative Examples
[sGd02fkoAE] figure_1.jpg -> classified as: Architecture Diagram
[sGdyUIqqww] figure_2.jpg -> classified as: Architecture Diagram
[sGdyUIqqww] figure_3.jpg -> classified as: Qualitative Examples
[sGdyUIqqww] figure_4.jpg -> classified as: Qualitative Examples
[sGdyUIqqww] figure_1.jpg -> classified as: Qualitative Examples
[sHAvMp5J4R] figure_5.jpg -> classified as: Plots / Charts
[sHAvMp5J4R] figure_6.jpg -> classified as: Plots / Charts
[sHAvMp5J4R] figure_9.jpg -> classified as: Plots / Charts
[sHAvMp5J4R] figure_2.jpg -> classified as: Qualitative Examples
[sHAvMp5J4R] figure_7.jpg -> classified as: Plots / Charts
[sHAvMp5J4R] figure_3.jpg -> classified as: Plots / Charts
[sHAvMp5J4R] figure_4.jpg -> classified as: Qualitative Examples
[sHAvMp5J4R] figure_1.jpg -> classified as: Plots / Charts
[sHAvMp5J4R] figure_8.jpg -> classified as: Plots / Charts
[sHAvMp5J4R] figure_10.jpg -> classified as: Plots / Charts
[sL2F9YCMXf] figure_2.jpg -> classified as: Plots / Charts
[sL2F9YCMXf] figure_3.jpg -> classified as: Plots / Charts
[sL2F9YCMXf] figure_4.jpg -> classified as: Plots / Charts
[sL2F9YCMXf] figure_1.jpg -> classified as: Plots / Charts
[sLregLuXpn] figure_19.jpg -> classified as: Qualitative Examples
[sLregLuXpn] figure_23.jpg -> classified as: Qualitative Examples
[sLregLuXpn] figure_24.jpg -> classified as: Qualitative Examples
[sLregLuXpn] figure_5.jpg -> classified as: Plots / Charts
[sLregLuXpn] figure_6.jpg -> classified as: Plots / Charts
[sLregLuXpn] figure_9.jpg -> classified as: Qualitative Examples
[sLregLuXpn] figure_22.jpg -> classified as: Qualitative Examples
[sLregLuXpn] figure_18.jpg -> classified as: Qualitative Examples
[sLregLuXpn] figure_13.jpg -> classified as: Qualitative Examples
[sLregLuXpn] figure_15.jpg -> classified as: Plots / Charts
[sLregLuXpn] figure_2.jpg -> classified as: Architecture Diagram
[sLregLuXpn] figure_20.jpg -> classified as: Qualitative Examples
[sLregLuXpn] figure_11.jpg -> classified as: Qualitative Examples
[sLregLuXpn] figure_7.jpg -> classified as: Plots / Charts
[sLregLuXpn] figure_3.jpg -> classified as: Qualitative Examples
[sLregLuXpn] figure_4.jpg -> classified as: Qualitative Examples
[sLregLuXpn] figure_17.jpg -> classified as: Qualitative Examples
[sLregLuXpn] figure_1.jpg -> classified as: Qualitative Examples
[sLregLuXpn] figure_27.jpg -> classified as: Qualitative Examples
[sLregLuXpn] figure_8.jpg -> classified as: Plots / Charts
[sLregLuXpn] figure_12.jpg -> classified as: Qualitative Examples
[sLregLuXpn] figure_25.jpg -> classified as: Plots / Charts
[sLregLuXpn] figure_21.jpg -> classified as: Qualitative Examples
[sLregLuXpn] figure_26.jpg -> classified as: Qualitative Examples
[sLregLuXpn] figure_14.jpg -> classified as: Qualitative Examples
[sLregLuXpn] figure_16.jpg -> classified as: Qualitative Examples
[sLregLuXpn] figure_10.jpg -> classified as: Plots / Charts
[sMoifbuxjB] figure_19.jpg -> classified as: Plots / Charts
[sMoifbuxjB] figure_23.jpg -> classified as: Plots / Charts
[sMoifbuxjB] figure_24.jpg -> classified as: Plots / Charts
[sMoifbuxjB] figure_5.jpg -> classified as: Plots / Charts
[sMoifbuxjB] figure_6.jpg -> classified as: Plots / Charts
[sMoifbuxjB] figure_9.jpg -> classified as: Plots / Charts
[sMoifbuxjB] figure_22.jpg -> classified as: Plots / Charts
[sMoifbuxjB] figure_28.jpg -> classified as: Plots / Charts
[sMoifbuxjB] figure_13.jpg -> classified as: Plots / Charts
[sMoifbuxjB] figure_15.jpg -> classified as: Plots / Charts
[sMoifbuxjB] figure_2.jpg -> classified as: Plots / Charts
[sMoifbuxjB] figure_20.jpg -> classified as: Plots / Charts
[sMoifbuxjB] figure_11.jpg -> classified as: Plots / Charts
[sMoifbuxjB] figure_7.jpg -> classified as: Architecture Diagram
[sMoifbuxjB] figure_3.jpg -> classified as: Plots / Charts
[sMoifbuxjB] figure_4.jpg -> classified as: Plots / Charts
[sMoifbuxjB] figure_17.jpg -> classified as: Plots / Charts
[sMoifbuxjB] figure_1.jpg -> classified as: Qualitative Examples
[sMoifbuxjB] figure_27.jpg -> classified as: Architecture Diagram
[sMoifbuxjB] figure_8.jpg -> classified as: Plots / Charts
[sMoifbuxjB] figure_12.jpg -> classified as: Plots / Charts
[sMoifbuxjB] figure_25.jpg -> classified as: Plots / Charts
[sMoifbuxjB] figure_21.jpg -> classified as: Architecture Diagram
[sMoifbuxjB] figure_26.jpg -> classified as: Plots / Charts
[sMoifbuxjB] figure_14.jpg -> classified as: Plots / Charts
[sMoifbuxjB] figure_16.jpg -> classified as: Plots / Charts
[sMoifbuxjB] figure_10.jpg -> classified as: Plots / Charts
[sMyXP8Tanm] figure_1.jpg -> classified as: Plots / Charts
[sMyXP8Tanm] figure_(a)_Expected_number.jpg -> classified as: Architecture Diagram
[sNWQUTkDmA] figure_2.jpg -> classified as: Plots / Charts
[sNWQUTkDmA] figure_3.jpg -> classified as: Plots / Charts
[sNWQUTkDmA] figure_1.jpg -> classified as: Plots / Charts
[sOJriBlOFd] figure_5.jpg -> classified as: Plots / Charts
[sOJriBlOFd] figure_6.jpg -> classified as: Architecture Diagram
[sOJriBlOFd] figure_9.jpg -> classified as: Qualitative Examples
[sOJriBlOFd] figure_2.jpg -> classified as: Architecture Diagram
[sOJriBlOFd] figure_7.jpg -> classified as: Architecture Diagram
[sOJriBlOFd] figure_3.jpg -> classified as: Architecture Diagram
[sOJriBlOFd] figure_4.jpg -> classified as: Qualitative Examples
[sOJriBlOFd] figure_1.jpg -> classified as: Architecture Diagram
[sOJriBlOFd] figure_8.jpg -> classified as: Plots / Charts
[sOJriBlOFd] figure_10.jpg -> classified as: Plots / Charts
[sP0Aev2Gis] figure_5.jpg -> classified as: Plots / Charts
[sP0Aev2Gis] figure_6.jpg -> classified as: Plots / Charts
[sP0Aev2Gis] figure_2.jpg -> classified as: Architecture Diagram
[sP0Aev2Gis] figure_7.jpg -> classified as: Plots / Charts
[sP0Aev2Gis] figure_3.jpg -> classified as: Architecture Diagram
[sP0Aev2Gis] figure_4.jpg -> classified as: Plots / Charts
[sP0Aev2Gis] figure_1.jpg -> classified as: Qualitative Examples
[sPUrdFGepF] figure_5.jpg -> classified as: Qualitative Examples
[sPUrdFGepF] figure_6.jpg -> classified as: Qualitative Examples
[sPUrdFGepF] figure_9.jpg -> classified as: Qualitative Examples
[sPUrdFGepF] figure_2.jpg -> classified as: Architecture Diagram
[sPUrdFGepF] figure_11.jpg -> classified as: Qualitative Examples
[sPUrdFGepF] figure_7.jpg -> classified as: Qualitative Examples
[sPUrdFGepF] figure_3.jpg -> classified as: Qualitative Examples
[sPUrdFGepF] figure_4.jpg -> classified as: Qualitative Examples
[sPUrdFGepF] figure_1.jpg -> classified as: Qualitative Examples
[sPUrdFGepF] figure_8.jpg -> classified as: Qualitative Examples
[sPUrdFGepF] figure_10.jpg -> classified as: Qualitative Examples
[sR0xz6ZaH7] figure_5.jpg -> classified as: Qualitative Examples
[sR0xz6ZaH7] figure_2.jpg -> classified as: Architecture Diagram
[sR0xz6ZaH7] figure_3.jpg -> classified as: Architecture Diagram
[sR0xz6ZaH7] figure_4.jpg -> classified as: Qualitative Examples
[sR0xz6ZaH7] figure_1.jpg -> classified as: Architecture Diagram
[sTf7mXhTVt] figure_5.jpg -> classified as: Qualitative Examples
[sTf7mXhTVt] figure_6.jpg -> classified as: Qualitative Examples
[sTf7mXhTVt] figure_9.jpg -> classified as: Plots / Charts
[sTf7mXhTVt] figure_2.jpg -> classified as: Architecture Diagram
[sTf7mXhTVt] figure_11.jpg -> classified as: Plots / Charts
[sTf7mXhTVt] figure_7.jpg -> classified as: Qualitative Examples
[sTf7mXhTVt] figure_3.jpg -> classified as: Plots / Charts
[sTf7mXhTVt] figure_4.jpg -> classified as: Plots / Charts
[sTf7mXhTVt] figure_1.jpg -> classified as: Qualitative Examples
[sTf7mXhTVt] figure_8.jpg -> classified as: Qualitative Examples
[sTf7mXhTVt] figure_12.jpg -> classified as: Qualitative Examples
[sTf7mXhTVt] figure_10.jpg -> classified as: Plots / Charts
[sUvBTEYXGt] figure_5.jpg -> classified as: Plots / Charts
[sUvBTEYXGt] figure_6.jpg -> classified as: Qualitative Examples
[sUvBTEYXGt] figure_2.jpg -> classified as: Architecture Diagram
[sUvBTEYXGt] figure_7.jpg -> classified as: Qualitative Examples
[sUvBTEYXGt] figure_3.jpg -> classified as: Qualitative Examples
[sUvBTEYXGt] figure_4.jpg -> classified as: Qualitative Examples
[sUvBTEYXGt] figure_1.jpg -> classified as: Qualitative Examples
[sUvBTEYXGt] figure_8.jpg -> classified as: Qualitative Examples
[sVbFE6xz82] figure_5.jpg -> classified as: Qualitative Examples
[sVbFE6xz82] figure_6.jpg -> classified as: Qualitative Examples
[sVbFE6xz82] figure_2.jpg -> classified as: Architecture Diagram
[sVbFE6xz82] figure_7.jpg -> classified as: Qualitative Examples
[sVbFE6xz82] figure_3.jpg -> classified as: Architecture Diagram
[sVbFE6xz82] figure_4.jpg -> classified as: Qualitative Examples
[sVbFE6xz82] figure_1.jpg -> classified as: Architecture Diagram
[sXF5P4N7e8] figure_5.jpg -> classified as: Qualitative Examples
[sXF5P4N7e8] figure_6.jpg -> classified as: Plots / Charts
[sXF5P4N7e8] figure_2.jpg -> classified as: Architecture Diagram
[sXF5P4N7e8] figure_7.jpg -> classified as: Plots / Charts
[sXF5P4N7e8] figure_3.jpg -> classified as: Qualitative Examples
[sXF5P4N7e8] figure_4.jpg -> classified as: Qualitative Examples
[sXF5P4N7e8] figure_1.jpg -> classified as: Qualitative Examples
[sXF5P4N7e8] figure_8.jpg -> classified as: Plots / Charts
[sY3anJ8C68] figure_5.jpg -> classified as: Plots / Charts
[sY3anJ8C68] figure_6.jpg -> classified as: Qualitative Examples
[sY3anJ8C68] figure_9.jpg -> classified as: Qualitative Examples
[sY3anJ8C68] figure_2.jpg -> classified as: Architecture Diagram
[sY3anJ8C68] figure_11.jpg -> classified as: Plots / Charts
[sY3anJ8C68] figure_3.jpg -> classified as: Qualitative Examples
[sY3anJ8C68] figure_Sunny;_Sparse;_Side.jpg -> classified as: Qualitative Examples
[sY3anJ8C68] figure_1.jpg -> classified as: Qualitative Examples
[sY3anJ8C68] figure_8.jpg -> classified as: Plots / Charts
[sY3anJ8C68] figure_12.jpg -> classified as: Plots / Charts
[sY3anJ8C68] figure_10.jpg -> classified as: Plots / Charts
[sYrdb3mhM4] figure_2.jpg -> classified as: Architecture Diagram
[sYrdb3mhM4] figure_3.jpg -> classified as: Qualitative Examples
[sYrdb3mhM4] figure_1.jpg -> classified as: Other
  -> Skipping second pass (Other)
[sZACTXpSc6] figure_5.jpg -> classified as: Plots / Charts
[sZACTXpSc6] figure_6.jpg -> classified as: Qualitative Examples
[sZACTXpSc6] figure_9.jpg -> classified as: Qualitative Examples
[sZACTXpSc6] figure_2.jpg -> classified as: Other
  -> Skipping second pass (Other)
[sZACTXpSc6] figure_11.jpg -> classified as: Qualitative Examples
[sZACTXpSc6] figure_7.jpg -> classified as: Plots / Charts
[sZACTXpSc6] figure_3.jpg -> classified as: Architecture Diagram
[sZACTXpSc6] figure_4.jpg -> classified as: Plots / Charts
[sZACTXpSc6] figure_1.jpg -> classified as: Qualitative Examples
[sZACTXpSc6] figure_8.jpg -> classified as: Qualitative Examples
[sZACTXpSc6] figure_10.jpg -> classified as: Qualitative Examples
[saRBktzh3q] figure_5.jpg -> classified as: Plots / Charts
[saRBktzh3q] figure_2.jpg -> classified as: Plots / Charts
[saRBktzh3q] figure_4.jpg -> classified as: Plots / Charts
[saRBktzh3q] figure_1.jpg -> classified as: Architecture Diagram
[sb7qHFYwBc] figure_5.jpg -> classified as: Plots / Charts
[sb7qHFYwBc] figure_9.jpg -> classified as: Qualitative Examples
[sb7qHFYwBc] figure_2.jpg -> classified as: Architecture Diagram
[sb7qHFYwBc] figure_7.jpg -> classified as: Plots / Charts
[sb7qHFYwBc] figure_3.jpg -> classified as: Plots / Charts
[sb7qHFYwBc] figure_4.jpg -> classified as: Architecture Diagram
[sb7qHFYwBc] figure_1.jpg -> classified as: Plots / Charts
[sb7qHFYwBc] figure_8.jpg -> classified as: Plots / Charts
[sbiU3WZpTp] figure_5.jpg -> classified as: Qualitative Examples
[sbiU3WZpTp] figure_6.jpg -> classified as: Architecture Diagram
[sbiU3WZpTp] figure_”_A_car.jpg -> classified as: Qualitative Examples
[sbiU3WZpTp] figure_2.jpg -> classified as: Architecture Diagram
[sbiU3WZpTp] figure_”Near_a_girl.jpg -> classified as: Qualitative Examples
[sbiU3WZpTp] figure_3.jpg -> classified as: Qualitative Examples
[sbiU3WZpTp] figure_”A_platter_with.jpg -> classified as: Qualitative Examples
[sbiU3WZpTp] figure_4.jpg -> classified as: Qualitative Examples
[sbiU3WZpTp] figure_1.jpg -> classified as: Architecture Diagram
[sbiU3WZpTp] figure_8.jpg -> classified as: Qualitative Examples
[sbiU3WZpTp] figure_10.jpg -> classified as: Qualitative Examples
[scFfMOOGD8] figure_5.jpg -> classified as: Qualitative Examples
[scFfMOOGD8] figure_6.jpg -> classified as: Qualitative Examples
[scFfMOOGD8] figure_2.jpg -> classified as: Qualitative Examples
[scFfMOOGD8] figure_7.jpg -> classified as: Qualitative Examples
[scFfMOOGD8] figure_3.jpg -> classified as: Qualitative Examples
[scFfMOOGD8] figure_4.jpg -> classified as: Qualitative Examples
[scFfMOOGD8] figure_1.jpg -> classified as: Qualitative Examples
[scI9307PLG] figure_5.jpg -> classified as: Plots / Charts
[scI9307PLG] figure_2.jpg -> classified as: Plots / Charts
[scI9307PLG] figure_3.jpg -> classified as: Architecture Diagram
[scI9307PLG] figure_4.jpg -> classified as: Architecture Diagram
[scI9307PLG] figure_1.jpg -> classified as: Architecture Diagram
[scKAXgonmq] figure_5.jpg -> classified as: Qualitative Examples
[scKAXgonmq] figure_6.jpg -> classified as: Qualitative Examples
[scKAXgonmq] figure_9.jpg -> classified as: Qualitative Examples
[scKAXgonmq] figure_2.jpg -> classified as: Qualitative Examples
[scKAXgonmq] figure_11.jpg -> classified as: Qualitative Examples
[scKAXgonmq] figure_7.jpg -> classified as: Qualitative Examples
[scKAXgonmq] figure_3.jpg -> classified as: Qualitative Examples
[scKAXgonmq] figure_4.jpg -> classified as: Architecture Diagram
[scKAXgonmq] figure_1.jpg -> classified as: Qualitative Examples
[scKAXgonmq] figure_8.jpg -> classified as: Qualitative Examples
[scKAXgonmq] figure_12.jpg -> classified as: Qualitative Examples
[scKAXgonmq] figure_10.jpg -> classified as: Plots / Charts
[sdn7ocpvuX] figure_5.jpg -> classified as: Plots / Charts
[sdn7ocpvuX] figure_6.jpg -> classified as: Plots / Charts
[sdn7ocpvuX] figure_2.jpg -> classified as: Architecture Diagram
[sdn7ocpvuX] figure_7.jpg -> classified as: Qualitative Examples
[sdn7ocpvuX] figure_3.jpg -> classified as: Plots / Charts
[sdn7ocpvuX] figure_4.jpg -> classified as: Qualitative Examples
[sdn7ocpvuX] figure_1.jpg -> classified as: Architecture Diagram
[sdn7ocpvuX] figure_8.jpg -> classified as: Qualitative Examples
[sgAp2qG86e] figure_5.jpg -> classified as: Plots / Charts
[sgAp2qG86e] figure_6.jpg -> classified as: Qualitative Examples
[sgAp2qG86e] figure_9.jpg -> classified as: Qualitative Examples
[sgAp2qG86e] figure_2.jpg -> classified as: Qualitative Examples
[sgAp2qG86e] figure_7.jpg -> classified as: Qualitative Examples
[sgAp2qG86e] figure_3.jpg -> classified as: Plots / Charts
[sgAp2qG86e] figure_4.jpg -> classified as: Plots / Charts
[sgAp2qG86e] figure_1.jpg -> classified as: Architecture Diagram
[sgAp2qG86e] figure_8.jpg -> classified as: Qualitative Examples
[sgaMYvGRG5] figure_5.jpg -> classified as: Plots / Charts
[sgaMYvGRG5] figure_6.jpg -> classified as: Plots / Charts
[sgaMYvGRG5] figure_9.jpg -> classified as: Plots / Charts
[sgaMYvGRG5] figure_2.jpg -> classified as: Architecture Diagram
[sgaMYvGRG5] figure_7.jpg -> classified as: Plots / Charts
[sgaMYvGRG5] figure_3.jpg -> classified as: Architecture Diagram
[sgaMYvGRG5] figure_4.jpg -> classified as: Qualitative Examples
[sgaMYvGRG5] figure_1.jpg -> classified as: Plots / Charts
[sgaMYvGRG5] figure_10.jpg -> classified as: Plots / Charts
[shqjOIK3SA] figure_5.jpg -> classified as: Architecture Diagram
[shqjOIK3SA] figure_6.jpg -> classified as: Plots / Charts
[shqjOIK3SA] figure_2.jpg -> classified as: Plots / Charts
[shqjOIK3SA] figure_11.jpg -> classified as: Plots / Charts
[shqjOIK3SA] figure_7.jpg -> classified as: Plots / Charts
[shqjOIK3SA] figure_3.jpg -> classified as: Plots / Charts
[shqjOIK3SA] figure_4.jpg -> classified as: Architecture Diagram
[shqjOIK3SA] figure_1.jpg -> classified as: Plots / Charts
[shqjOIK3SA] figure_8.jpg -> classified as: Plots / Charts
[shqjOIK3SA] figure_10.jpg -> classified as: Plots / Charts
[si37wk8U5D] figure_19.jpg -> classified as: Qualitative Examples
[si37wk8U5D] figure_5.jpg -> classified as: Qualitative Examples
[si37wk8U5D] figure_6.jpg -> classified as: Qualitative Examples
[si37wk8U5D] figure_9.jpg -> classified as: Qualitative Examples
[si37wk8U5D] figure_18.jpg -> classified as: Qualitative Examples
[si37wk8U5D] figure_13.jpg -> classified as: Qualitative Examples
[si37wk8U5D] figure_15.jpg -> classified as: Qualitative Examples
[si37wk8U5D] figure_2.jpg -> classified as: Architecture Diagram
[si37wk8U5D] figure_11.jpg -> classified as: Qualitative Examples
[si37wk8U5D] figure_7.jpg -> classified as: Qualitative Examples
[si37wk8U5D] figure_3.jpg -> classified as: Qualitative Examples
[si37wk8U5D] figure_4.jpg -> classified as: Qualitative Examples
[si37wk8U5D] figure_17.jpg -> classified as: Qualitative Examples
[si37wk8U5D] figure_1.jpg -> classified as: Qualitative Examples
[si37wk8U5D] figure_8.jpg -> classified as: Qualitative Examples
[si37wk8U5D] figure_12.jpg -> classified as: Qualitative Examples
[si37wk8U5D] figure_14.jpg -> classified as: Qualitative Examples
[si37wk8U5D] figure_16.jpg -> classified as: Qualitative Examples
[sjGmiI49sd] figure_2.jpg -> classified as: Architecture Diagram
[sjGmiI49sd] figure_3.jpg -> classified as: Qualitative Examples
[sjGmiI49sd] figure_1.jpg -> classified as: Qualitative Examples
[skb4IdpQ3M] figure_5.jpg -> classified as: Qualitative Examples
[skb4IdpQ3M] figure_6.jpg -> classified as: Qualitative Examples
[skb4IdpQ3M] figure_2.jpg -> classified as: Architecture Diagram
[skb4IdpQ3M] figure_3.jpg -> classified as: Architecture Diagram
[skb4IdpQ3M] figure_4.jpg -> classified as: Plots / Charts
[skb4IdpQ3M] figure_1.jpg -> classified as: Qualitative Examples
[sllU8vvsFF] figure_5.jpg -> classified as: Architecture Diagram
[sllU8vvsFF] figure_6.jpg -> classified as: Qualitative Examples
[sllU8vvsFF] figure_2.jpg -> classified as: Qualitative Examples
[sllU8vvsFF] figure_7.jpg -> classified as: Qualitative Examples
[sllU8vvsFF] figure_3.jpg -> classified as: Qualitative Examples
[sllU8vvsFF] figure_4.jpg -> classified as: Qualitative Examples
[sllU8vvsFF] figure_1.jpg -> classified as: Architecture Diagram
[sn7CYWyavh] figure_5.jpg -> classified as: Qualitative Examples
[sn7CYWyavh] figure_6.jpg -> classified as: Qualitative Examples
[sn7CYWyavh] figure_2.jpg -> classified as: Qualitative Examples
[sn7CYWyavh] figure_7.jpg -> classified as: Qualitative Examples
[sn7CYWyavh] figure_3.jpg -> classified as: Plots / Charts
[sn7CYWyavh] figure_4.jpg -> classified as: Plots / Charts
[sn7CYWyavh] figure_7_1.jpg -> classified as: Other
  -> Skipping second pass (Other)
[sn7CYWyavh] figure_1.jpg -> classified as: Architecture Diagram
[sojpn00o8z] figure_2.jpg -> classified as: Qualitative Examples
[sojpn00o8z] figure_3.jpg -> classified as: Qualitative Examples
[sojpn00o8z] figure_1.jpg -> classified as: Qualitative Examples
[spvaV5LELF] figure_19.jpg -> classified as: Plots / Charts
[spvaV5LELF] figure_23.jpg -> classified as: Plots / Charts
[spvaV5LELF] figure_24.jpg -> classified as: Plots / Charts
[spvaV5LELF] figure_5.jpg -> classified as: Plots / Charts
[spvaV5LELF] figure_6.jpg -> classified as: Plots / Charts
[spvaV5LELF] figure_9.jpg -> classified as: Plots / Charts
[spvaV5LELF] figure_22.jpg -> classified as: Plots / Charts
[spvaV5LELF] figure_18.jpg -> classified as: Plots / Charts
[spvaV5LELF] figure_13.jpg -> classified as: Other
  -> Skipping second pass (Other)
[spvaV5LELF] figure_15.jpg -> classified as: Plots / Charts
[spvaV5LELF] figure_2.jpg -> classified as: Architecture Diagram
[spvaV5LELF] figure_20.jpg -> classified as: Plots / Charts
[spvaV5LELF] figure_11.jpg -> classified as: Plots / Charts
[spvaV5LELF] figure_7.jpg -> classified as: Plots / Charts
[spvaV5LELF] figure_3.jpg -> classified as: Plots / Charts
[spvaV5LELF] figure_4.jpg -> classified as: Qualitative Examples
[spvaV5LELF] figure_17.jpg -> classified as: Plots / Charts
[spvaV5LELF] figure_1.jpg -> classified as: Plots / Charts
[spvaV5LELF] figure_27.jpg -> classified as: Plots / Charts
[spvaV5LELF] figure_8.jpg -> classified as: Plots / Charts
[spvaV5LELF] figure_12.jpg -> classified as: Plots / Charts
[spvaV5LELF] figure_25.jpg -> classified as: Plots / Charts
[spvaV5LELF] figure_21.jpg -> classified as: Plots / Charts
[spvaV5LELF] figure_26.jpg -> classified as: Plots / Charts
[spvaV5LELF] figure_14.jpg -> classified as: Plots / Charts
[spvaV5LELF] figure_(b)_Accuracies_of.jpg -> classified as: Plots / Charts
[spvaV5LELF] figure_16.jpg -> classified as: Plots / Charts
[spvaV5LELF] figure_10.jpg -> classified as: Qualitative Examples
[stK7iOPH9Q] figure_5.jpg -> classified as: Qualitative Examples
[stK7iOPH9Q] figure_6.jpg -> classified as: Plots / Charts
[stK7iOPH9Q] figure_9.jpg -> classified as: Qualitative Examples
[stK7iOPH9Q] figure_2.jpg -> classified as: Architecture Diagram
[stK7iOPH9Q] figure_7.jpg -> classified as: Plots / Charts
[stK7iOPH9Q] figure_3.jpg -> classified as: Plots / Charts
[stK7iOPH9Q] figure_4.jpg -> classified as: Architecture Diagram
[stK7iOPH9Q] figure_1.jpg -> classified as: Plots / Charts
[stK7iOPH9Q] figure_8.jpg -> classified as: Qualitative Examples
[stK7iOPH9Q] figure_10.jpg -> classified as: Architecture Diagram
[suyX1TOJJK] figure_5.jpg -> classified as: Qualitative Examples
[suyX1TOJJK] figure_6.jpg -> classified as: Qualitative Examples
[suyX1TOJJK] figure_9.jpg -> classified as: Qualitative Examples
[suyX1TOJJK] figure_2.jpg -> classified as: Architecture Diagram
[suyX1TOJJK] figure_11.jpg -> classified as: Qualitative Examples
[suyX1TOJJK] figure_7.jpg -> classified as: Qualitative Examples
[suyX1TOJJK] figure_3.jpg -> classified as: Architecture Diagram
[suyX1TOJJK] figure_4.jpg -> classified as: Plots / Charts
[suyX1TOJJK] figure_1.jpg -> classified as: Qualitative Examples
[suyX1TOJJK] figure_8.jpg -> classified as: Qualitative Examples
[suyX1TOJJK] figure_12.jpg -> classified as: Qualitative Examples
[suyX1TOJJK] figure_10.jpg -> classified as: Qualitative Examples
[svp1EBA6hA] figure_5.jpg -> classified as: Qualitative Examples
[svp1EBA6hA] figure_2.jpg -> classified as: Other
  -> Skipping second pass (Other)
[svp1EBA6hA] figure_3.jpg -> classified as: Plots / Charts
[svp1EBA6hA] figure_4.jpg -> classified as: Qualitative Examples
[svp1EBA6hA] figure_1.jpg -> classified as: Plots / Charts
[swvURjrt8z] figure_5.jpg -> classified as: Qualitative Examples
[swvURjrt8z] figure_6.jpg -> classified as: Plots / Charts
[swvURjrt8z] figure_9.jpg -> classified as: Plots / Charts
[swvURjrt8z] figure_2.jpg -> classified as: Plots / Charts
[swvURjrt8z] figure_11.jpg -> classified as: Plots / Charts
[swvURjrt8z] figure_7.jpg -> classified as: Plots / Charts
[swvURjrt8z] figure_3.jpg -> classified as: Plots / Charts
[swvURjrt8z] figure_4.jpg -> classified as: Plots / Charts
[swvURjrt8z] figure_1.jpg -> classified as: Architecture Diagram
[swvURjrt8z] figure_8.jpg -> classified as: Plots / Charts
[swvURjrt8z] figure_10.jpg -> classified as: Plots / Charts
[sx2jXZuhIx] figure_19.jpg -> classified as: Qualitative Examples
[sx2jXZuhIx] figure_23.jpg -> classified as: Qualitative Examples
[sx2jXZuhIx] figure_5.jpg -> classified as: Qualitative Examples
[sx2jXZuhIx] figure_6.jpg -> classified as: Qualitative Examples
[sx2jXZuhIx] figure_9.jpg -> classified as: Qualitative Examples
[sx2jXZuhIx] figure_22.jpg -> classified as: Qualitative Examples
[sx2jXZuhIx] figure_18.jpg -> classified as: Qualitative Examples
[sx2jXZuhIx] figure_13.jpg -> classified as: Plots / Charts
[sx2jXZuhIx] figure_15.jpg -> classified as: Qualitative Examples
[sx2jXZuhIx] figure_2.jpg -> classified as: Architecture Diagram
[sx2jXZuhIx] figure_20.jpg -> classified as: Qualitative Examples
[sx2jXZuhIx] figure_11.jpg -> classified as: Qualitative Examples
[sx2jXZuhIx] figure_7.jpg -> classified as: Qualitative Examples
[sx2jXZuhIx] figure_3.jpg -> classified as: Qualitative Examples
[sx2jXZuhIx] figure_4.jpg -> classified as: Qualitative Examples
[sx2jXZuhIx] figure_17.jpg -> classified as: Qualitative Examples
[sx2jXZuhIx] figure_1.jpg -> classified as: Architecture Diagram
[sx2jXZuhIx] figure_12.jpg -> classified as: Plots / Charts
[sx2jXZuhIx] figure_21.jpg -> classified as: Qualitative Examples
[sx2jXZuhIx] figure_14.jpg -> classified as: Plots / Charts
[sx2jXZuhIx] figure_16.jpg -> classified as: Qualitative Examples
[sx2jXZuhIx] figure_10.jpg -> classified as: Qualitative Examples
[sy1lbQxj9J] figure_2.jpg -> classified as: Architecture Diagram
[sy1lbQxj9J] figure_1.jpg -> classified as: Architecture Diagram
[t0FI3Q66K5] figure_A.jpg -> classified as: Qualitative Examples
[t0FI3Q66K5] figure_5.jpg -> classified as: Qualitative Examples
[t0FI3Q66K5] figure_H.jpg -> classified as: Architecture Diagram
[t0FI3Q66K5] figure_2.jpg -> classified as: Plots / Charts
[t0FI3Q66K5] figure_F.jpg -> classified as: Plots / Charts
[t0FI3Q66K5] figure_B.jpg -> classified as: Qualitative Examples
[t0FI3Q66K5] figure_G.jpg -> classified as: Architecture Diagram
[t0FI3Q66K5] figure_3.jpg -> classified as: Plots / Charts
[t0FI3Q66K5] figure_D.jpg -> classified as: Plots / Charts
[t0FI3Q66K5] figure_4.jpg -> classified as: Plots / Charts
[t0FI3Q66K5] figure_C.jpg -> classified as: Qualitative Examples
[t0FI3Q66K5] figure_1.jpg -> classified as: Architecture Diagram
[t1LfiWCYux] figure_5.jpg -> classified as: Plots / Charts
[t1LfiWCYux] figure_6.jpg -> classified as: Other
  -> Skipping second pass (Other)
[t1LfiWCYux] figure_9.jpg -> classified as: Plots / Charts
[t1LfiWCYux] figure_13.jpg -> classified as: Qualitative Examples
[t1LfiWCYux] figure_2.jpg -> classified as: Qualitative Examples
[t1LfiWCYux] figure_11.jpg -> classified as: Qualitative Examples
[t1LfiWCYux] figure_7.jpg -> classified as: Plots / Charts
[t1LfiWCYux] figure_3.jpg -> classified as: Qualitative Examples
[t1LfiWCYux] figure_4.jpg -> classified as: Plots / Charts
[t1LfiWCYux] figure_1.jpg -> classified as: Qualitative Examples
[t1LfiWCYux] figure_8.jpg -> classified as: Plots / Charts
[t1LfiWCYux] figure_12.jpg -> classified as: Qualitative Examples
[t1LfiWCYux] figure_image_and_its.jpg -> classified as: Qualitative Examples
[t1LfiWCYux] figure_14.jpg -> classified as: Qualitative Examples
[t1LfiWCYux] figure_16.jpg -> classified as: Qualitative Examples
[t1LfiWCYux] figure_10.jpg -> classified as: Plots / Charts
[t3vnnLeajU] figure_5.jpg -> classified as: Qualitative Examples
[t3vnnLeajU] figure_6.jpg -> classified as: Plots / Charts
[t3vnnLeajU] figure_9.jpg -> classified as: Plots / Charts
[t3vnnLeajU] figure_13.jpg -> classified as: Plots / Charts
[t3vnnLeajU] figure_15.jpg -> classified as: Qualitative Examples
[t3vnnLeajU] figure_2.jpg -> classified as: Architecture Diagram
[t3vnnLeajU] figure_11.jpg -> classified as: Plots / Charts
[t3vnnLeajU] figure_7.jpg -> classified as: Plots / Charts
[t3vnnLeajU] figure_3.jpg -> classified as: Architecture Diagram
[t3vnnLeajU] figure_4.jpg -> classified as: Qualitative Examples
[t3vnnLeajU] figure_17.jpg -> classified as: Qualitative Examples
[t3vnnLeajU] figure_1.jpg -> classified as: Qualitative Examples
[t3vnnLeajU] figure_8.jpg -> classified as: Qualitative Examples
[t3vnnLeajU] figure_12.jpg -> classified as: Plots / Charts
[t3vnnLeajU] figure_14.jpg -> classified as: Qualitative Examples
[t3vnnLeajU] figure_16.jpg -> classified as: Qualitative Examples
[t3vnnLeajU] figure_10.jpg -> classified as: Qualitative Examples
[t84UBRhhvp] figure_5.jpg -> classified as: Plots / Charts
[t84UBRhhvp] figure_6.jpg -> classified as: Plots / Charts
[t84UBRhhvp] figure_9.jpg -> classified as: Plots / Charts
[t84UBRhhvp] figure_13.jpg -> classified as: Plots / Charts
[t84UBRhhvp] figure_15.jpg -> classified as: Plots / Charts
[t84UBRhhvp] figure_2.jpg -> classified as: Plots / Charts
[t84UBRhhvp] figure_11.jpg -> classified as: Plots / Charts
[t84UBRhhvp] figure_7.jpg -> classified as: Plots / Charts
[t84UBRhhvp] figure_3.jpg -> classified as: Plots / Charts
[t84UBRhhvp] figure_4.jpg -> classified as: Plots / Charts
[t84UBRhhvp] figure_1.jpg -> classified as: Architecture Diagram
[t84UBRhhvp] figure_8.jpg -> classified as: Plots / Charts
[t84UBRhhvp] figure_12.jpg -> classified as: Plots / Charts
[t84UBRhhvp] figure_14.jpg -> classified as: Plots / Charts
[t84UBRhhvp] figure_16.jpg -> classified as: Plots / Charts
[t84UBRhhvp] figure_10.jpg -> classified as: Plots / Charts
[t8eO0CiZJV] figure_5.jpg -> classified as: Architecture Diagram
[t8eO0CiZJV] figure_6.jpg -> classified as: Other
  -> Skipping second pass (Other)
[t8eO0CiZJV] figure_2.jpg -> classified as: Qualitative Examples
[t8eO0CiZJV] figure_7.jpg -> classified as: Qualitative Examples
[t8eO0CiZJV] figure_3.jpg -> classified as: Plots / Charts
[t8eO0CiZJV] figure_4.jpg -> classified as: Plots / Charts
[t8eO0CiZJV] figure_1.jpg -> classified as: Qualitative Examples
[t9l63huPRt] figure_5.jpg -> classified as: Qualitative Examples
[t9l63huPRt] figure_D1.jpg -> classified as: Plots / Charts
[t9l63huPRt] figure__Food_on_a.jpg -> classified as: Other
  -> Skipping second pass (Other)
[t9l63huPRt] figure_C1.jpg -> classified as: Plots / Charts
[t9l63huPRt] figure_F1.jpg -> classified as: Qualitative Examples
[t9l63huPRt] figure_F3.jpg -> classified as: Qualitative Examples
[t9l63huPRt] figure_2.jpg -> classified as: Architecture Diagram
[t9l63huPRt] figure_K1.jpg -> classified as: Qualitative Examples
[t9l63huPRt] figure_3.jpg -> classified as: Plots / Charts
[t9l63huPRt] figure_4.jpg -> classified as: Qualitative Examples
[t9l63huPRt] figure_1.jpg -> classified as: Qualitative Examples
[t9l63huPRt] figure_F2.jpg -> classified as: Qualitative Examples
[t9l63huPRt] figure_E1.jpg -> classified as: Plots / Charts
[tCK3mhsE2L] figure_5.jpg -> classified as: Plots / Charts
[tCK3mhsE2L] figure_6.jpg -> classified as: Plots / Charts
[tCK3mhsE2L] figure_CelebA___Blonde.jpg -> classified as: Plots / Charts
[tCK3mhsE2L] figure_7.jpg -> classified as: Plots / Charts
[tCK3mhsE2L] figure_4.jpg -> classified as: Plots / Charts
[tCK3mhsE2L] figure_1.jpg -> classified as: Plots / Charts
[tFV5GrWOGm] figure_5.jpg -> classified as: Qualitative Examples
[tFV5GrWOGm] figure_6.jpg -> classified as: Plots / Charts
[tFV5GrWOGm] figure_9.jpg -> classified as: Plots / Charts
[tFV5GrWOGm] figure_13.jpg -> classified as: Plots / Charts
[tFV5GrWOGm] figure_2.jpg -> classified as: Architecture Diagram
[tFV5GrWOGm] figure_11.jpg -> classified as: Qualitative Examples
[tFV5GrWOGm] figure_7.jpg -> classified as: Plots / Charts
[tFV5GrWOGm] figure_3.jpg -> classified as: Plots / Charts
[tFV5GrWOGm] figure_4.jpg -> classified as: Plots / Charts
[tFV5GrWOGm] figure_1.jpg -> classified as: Qualitative Examples
[tFV5GrWOGm] figure_8.jpg -> classified as: Qualitative Examples
[tFV5GrWOGm] figure_12.jpg -> classified as: Qualitative Examples
[tFV5GrWOGm] figure_14.jpg -> classified as: Qualitative Examples
[tFV5GrWOGm] figure_10.jpg -> classified as: Qualitative Examples
[tGQirjzddO] figure_5.jpg -> classified as: Plots / Charts
[tGQirjzddO] figure_6.jpg -> classified as: Qualitative Examples
[tGQirjzddO] figure_9.jpg -> classified as: Plots / Charts
[tGQirjzddO] figure_2.jpg -> classified as: Plots / Charts
[tGQirjzddO] figure_11.jpg -> classified as: Plots / Charts
[tGQirjzddO] figure_7.jpg -> classified as: Architecture Diagram
[tGQirjzddO] figure_3.jpg -> classified as: Qualitative Examples
[tGQirjzddO] figure_4.jpg -> classified as: Plots / Charts
[tGQirjzddO] figure_1.jpg -> classified as: Architecture Diagram
[tGQirjzddO] figure_8.jpg -> classified as: Teaser Image
[tGQirjzddO] figure_12.jpg -> classified as: Plots / Charts
[tGQirjzddO] figure_10.jpg -> classified as: Plots / Charts
[tI3eqOV6Yt] figure_5.jpg -> classified as: Plots / Charts
[tI3eqOV6Yt] figure_6.jpg -> classified as: Plots / Charts
[tI3eqOV6Yt] figure_2.jpg -> classified as: Architecture Diagram
[tI3eqOV6Yt] figure_7.jpg -> classified as: Plots / Charts
[tI3eqOV6Yt] figure_3.jpg -> classified as: Plots / Charts
[tI3eqOV6Yt] figure_4.jpg -> classified as: Plots / Charts
[tI3eqOV6Yt] figure_1.jpg -> classified as: Plots / Charts
[tI3eqOV6Yt] figure_8.jpg -> classified as: Plots / Charts
[tItq3cwzYc] figure_2.jpg -> classified as: Plots / Charts
[tItq3cwzYc] figure_3.jpg -> classified as: Plots / Charts
[tItq3cwzYc] figure_4.jpg -> classified as: Architecture Diagram
[tItq3cwzYc] figure_1.jpg -> classified as: Architecture Diagram
[tJoS2d0Onf] figure_5.jpg -> classified as: Qualitative Examples
[tJoS2d0Onf] figure_6.jpg -> classified as: Qualitative Examples
[tJoS2d0Onf] figure_9.jpg -> classified as: Plots / Charts
[tJoS2d0Onf] figure_13.jpg -> classified as: Plots / Charts
[tJoS2d0Onf] figure_2.jpg -> classified as: Architecture Diagram
[tJoS2d0Onf] figure_11.jpg -> classified as: Qualitative Examples
[tJoS2d0Onf] figure_7.jpg -> classified as: Architecture Diagram
[tJoS2d0Onf] figure_3.jpg -> classified as: Plots / Charts
[tJoS2d0Onf] figure_4.jpg -> classified as: Architecture Diagram
[tJoS2d0Onf] figure_1.jpg -> classified as: Architecture Diagram
[tJoS2d0Onf] figure_8.jpg -> classified as: Qualitative Examples
[tJoS2d0Onf] figure_12.jpg -> classified as: Qualitative Examples
[tJoS2d0Onf] figure_10.jpg -> classified as: Plots / Charts
[tLFWU6izoA] figure_2.jpg -> classified as: Architecture Diagram
[tLFWU6izoA] figure_3.jpg -> classified as: Qualitative Examples
[tLFWU6izoA] figure_1.jpg -> classified as: Plots / Charts
[tMG6btjBfd] figure_5.jpg -> classified as: Plots / Charts
[tMG6btjBfd] figure_6.jpg -> classified as: Qualitative Examples
[tMG6btjBfd] figure_2.jpg -> classified as: Architecture Diagram
[tMG6btjBfd] figure_7.jpg -> classified as: Qualitative Examples
[tMG6btjBfd] figure_3.jpg -> classified as: Qualitative Examples
[tMG6btjBfd] figure_1.jpg -> classified as: Qualitative Examples
[tMKibc9Uxi] figure_5.jpg -> classified as: Qualitative Examples
[tMKibc9Uxi] figure_2.jpg -> classified as: Architecture Diagram
[tMKibc9Uxi] figure_3.jpg -> classified as: Qualitative Examples
[tMKibc9Uxi] figure_4.jpg -> classified as: Plots / Charts
[tMKibc9Uxi] figure_1.jpg -> classified as: Architecture Diagram
[tNE0Y3S4fE] figure_19.jpg -> classified as: Qualitative Examples
[tNE0Y3S4fE] figure_5.jpg -> classified as: Qualitative Examples
[tNE0Y3S4fE] figure_6.jpg -> classified as: Qualitative Examples
[tNE0Y3S4fE] figure_9.jpg -> classified as: Qualitative Examples
[tNE0Y3S4fE] figure_18.jpg -> classified as: Qualitative Examples
[tNE0Y3S4fE] figure_13.jpg -> classified as: Qualitative Examples
[tNE0Y3S4fE] figure_15.jpg -> classified as: Qualitative Examples
[tNE0Y3S4fE] figure_2.jpg -> classified as: Plots / Charts
[tNE0Y3S4fE] figure_20.jpg -> classified as: Qualitative Examples
[tNE0Y3S4fE] figure_11.jpg -> classified as: Plots / Charts
[tNE0Y3S4fE] figure_7.jpg -> classified as: Plots / Charts
[tNE0Y3S4fE] figure_3.jpg -> classified as: Plots / Charts
[tNE0Y3S4fE] figure_4.jpg -> classified as: Qualitative Examples
[tNE0Y3S4fE] figure_17.jpg -> classified as: Qualitative Examples
[tNE0Y3S4fE] figure_1.jpg -> classified as: Architecture Diagram
[tNE0Y3S4fE] figure_8.jpg -> classified as: Plots / Charts
[tNE0Y3S4fE] figure_12.jpg -> classified as: Qualitative Examples
[tNE0Y3S4fE] figure_21.jpg -> classified as: Qualitative Examples
[tNE0Y3S4fE] figure_14.jpg -> classified as: Qualitative Examples
[tNE0Y3S4fE] figure_16.jpg -> classified as: Qualitative Examples
[tNE0Y3S4fE] figure_10.jpg -> classified as: Plots / Charts
[tNyCrUUATI] figure_5.jpg -> classified as: Plots / Charts
[tNyCrUUATI] figure_6.jpg -> classified as: Qualitative Examples
[tNyCrUUATI] figure_9.jpg -> classified as: Qualitative Examples
[tNyCrUUATI] figure_2.jpg -> classified as: Qualitative Examples
[tNyCrUUATI] figure_7.jpg -> classified as: Qualitative Examples
[tNyCrUUATI] figure_3.jpg -> classified as: Plots / Charts
[tNyCrUUATI] figure_4.jpg -> classified as: Qualitative Examples
[tNyCrUUATI] figure_1.jpg -> classified as: Plots / Charts
[tNyCrUUATI] figure_8.jpg -> classified as: Plots / Charts
[tOzCcDdH9O] figure_19.jpg -> classified as: Qualitative Examples
[tOzCcDdH9O] figure_80mm_resin_detailed.jpg -> classified as: Qualitative Examples
[tOzCcDdH9O] figure_cinematic_photo_of.jpg -> classified as: Qualitative Examples
[tOzCcDdH9O] figure_5.jpg -> classified as: Qualitative Examples
[tOzCcDdH9O] figure_6.jpg -> classified as: Qualitative Examples
[tOzCcDdH9O] figure_9.jpg -> classified as: Teaser Image
[tOzCcDdH9O] figure_18.jpg -> classified as: Qualitative Examples
[tOzCcDdH9O] figure_Concept_art_of.jpg -> classified as: Other
  -> Skipping second pass (Other)
[tOzCcDdH9O] figure_A_glass_bottle.jpg -> classified as: Other
  -> Skipping second pass (Other)
[tOzCcDdH9O] figure_13.jpg -> classified as: Qualitative Examples
[tOzCcDdH9O] figure_15.jpg -> classified as: Qualitative Examples
[tOzCcDdH9O] figure_2.jpg -> classified as: Architecture Diagram
[tOzCcDdH9O] figure_11.jpg -> classified as: Plots / Charts
[tOzCcDdH9O] figure_7.jpg -> classified as: Plots / Charts
[tOzCcDdH9O] figure_3.jpg -> classified as: Architecture Diagram
[tOzCcDdH9O] figure_4.jpg -> classified as: Plots / Charts
[tOzCcDdH9O] figure_17.jpg -> classified as: Other
  -> Skipping second pass (Other)
[tOzCcDdH9O] figure_1.jpg -> classified as: Qualitative Examples
[tOzCcDdH9O] figure_a_Chinese_ink.jpg -> classified as: Qualitative Examples
[tOzCcDdH9O] figure_12.jpg -> classified as: Plots / Charts
[tOzCcDdH9O] figure_14.jpg -> classified as: Qualitative Examples
[tOzCcDdH9O] figure_16.jpg -> classified as: Qualitative Examples
[tOzCcDdH9O] figure_10.jpg -> classified as: Architecture Diagram
[tQyh0gnfqW] figure_19.jpg -> classified as: Plots / Charts
[tQyh0gnfqW] figure_A.1_THE_LAZY.jpg -> classified as: Qualitative Examples
[tQyh0gnfqW] figure_5.jpg -> classified as: Plots / Charts
[tQyh0gnfqW] figure_6.jpg -> classified as: Plots / Charts
[tQyh0gnfqW] figure_9.jpg -> classified as: Plots / Charts
[tQyh0gnfqW] figure_22.jpg -> classified as: Plots / Charts
[tQyh0gnfqW] figure_18.jpg -> classified as: Plots / Charts
[tQyh0gnfqW] figure_13.jpg -> classified as: Plots / Charts
[tQyh0gnfqW] figure_15.jpg -> classified as: Qualitative Examples
[tQyh0gnfqW] figure_2.jpg -> classified as: Qualitative Examples
[tQyh0gnfqW] figure_20.jpg -> classified as: Qualitative Examples
[tQyh0gnfqW] figure_11.jpg -> classified as: Plots / Charts
[tQyh0gnfqW] figure_7.jpg -> classified as: Qualitative Examples
[tQyh0gnfqW] figure_4.jpg -> classified as: Plots / Charts
[tQyh0gnfqW] figure_17.jpg -> classified as: Qualitative Examples
[tQyh0gnfqW] figure_1.jpg -> classified as: Plots / Charts
[tQyh0gnfqW] figure_8.jpg -> classified as: Plots / Charts
[tQyh0gnfqW] figure_12.jpg -> classified as: Plots / Charts
[tQyh0gnfqW] figure_21.jpg -> classified as: Qualitative Examples
[tQyh0gnfqW] figure_14.jpg -> classified as: Qualitative Examples
[tQyh0gnfqW] figure_16.jpg -> classified as: Qualitative Examples
[tQyh0gnfqW] figure_10.jpg -> classified as: Plots / Charts
[tRNKe2Vgqt] figure_23.jpg -> classified as: Plots / Charts
[tRNKe2Vgqt] figure_5.jpg -> classified as: Plots / Charts
[tRNKe2Vgqt] figure_6.jpg -> classified as: Qualitative Examples
[tRNKe2Vgqt] figure_9.jpg -> classified as: Qualitative Examples
[tRNKe2Vgqt] figure_22.jpg -> classified as: Plots / Charts
[tRNKe2Vgqt] figure_18.jpg -> classified as: Qualitative Examples
[tRNKe2Vgqt] figure_Q__How_do.jpg -> classified as: Qualitative Examples
[tRNKe2Vgqt] figure_Q__What_would.jpg -> classified as: Qualitative Examples
[tRNKe2Vgqt] figure_13.jpg -> classified as: Qualitative Examples
[tRNKe2Vgqt] figure_15.jpg -> classified as: Qualitative Examples
[tRNKe2Vgqt] figure_2.jpg -> classified as: Plots / Charts
[tRNKe2Vgqt] figure_20.jpg -> classified as: Qualitative Examples
[tRNKe2Vgqt] figure_11.jpg -> classified as: Qualitative Examples
[tRNKe2Vgqt] figure_7.jpg -> classified as: Other
  -> Skipping second pass (Other)
[tRNKe2Vgqt] figure_3.jpg -> classified as: Architecture Diagram
[tRNKe2Vgqt] figure_4.jpg -> classified as: Plots / Charts
[tRNKe2Vgqt] figure_1.jpg -> classified as: Other
  -> Skipping second pass (Other)
[tRNKe2Vgqt] figure_8.jpg -> classified as: Qualitative Examples
[tRNKe2Vgqt] figure_12.jpg -> classified as: Qualitative Examples
[tRNKe2Vgqt] figure_14.jpg -> classified as: Teaser Image
[tRNKe2Vgqt] figure_16.jpg -> classified as: Qualitative Examples
[tRNKe2Vgqt] figure_10.jpg -> classified as: Qualitative Examples
[tTDUrseRRU] figure_D3.jpg -> classified as: Qualitative Examples
[tTDUrseRRU] figure_F11.jpg -> classified as: Plots / Charts
[tTDUrseRRU] figure_D4.jpg -> classified as: Qualitative Examples
[tTDUrseRRU] figure_P18.jpg -> classified as: Qualitative Examples
[tTDUrseRRU] figure_C2.jpg -> classified as: Plots / Charts
[tTDUrseRRU] figure_P22.jpg -> classified as: Qualitative Examples
[tTDUrseRRU] figure_P24.jpg -> classified as: Qualitative Examples
[tTDUrseRRU] figure_P21.jpg -> classified as: Qualitative Examples
[tTDUrseRRU] figure_P23.jpg -> classified as: Qualitative Examples
[tTDUrseRRU] figure_5.jpg -> classified as: Plots / Charts
[tTDUrseRRU] figure_P19.jpg -> classified as: Qualitative Examples
[tTDUrseRRU] figure_M14.jpg -> classified as: Qualitative Examples
[tTDUrseRRU] figure_J13.jpg -> classified as: Plots / Charts
[tTDUrseRRU] figure_2.jpg -> classified as: Plots / Charts
[tTDUrseRRU] figure_E6.jpg -> classified as: Qualitative Examples
[tTDUrseRRU] figure_F8.jpg -> classified as: Plots / Charts
[tTDUrseRRU] figure_N15.jpg -> classified as: Plots / Charts
[tTDUrseRRU] figure_P20.jpg -> classified as: Qualitative Examples
[tTDUrseRRU] figure_3.jpg -> classified as: Qualitative Examples
[tTDUrseRRU] figure_4.jpg -> classified as: Plots / Charts
[tTDUrseRRU] figure_F12.jpg -> classified as: Plots / Charts
[tTDUrseRRU] figure_P25.jpg -> classified as: Qualitative Examples
[tTDUrseRRU] figure_1.jpg -> classified as: Plots / Charts
[tTDUrseRRU] figure_F7.jpg -> classified as: Plots / Charts
[tTDUrseRRU] figure_B1.jpg -> classified as: Plots / Charts
[tTDUrseRRU] figure_F9.jpg -> classified as: Plots / Charts
[tTDUrseRRU] figure_F10.jpg -> classified as: Plots / Charts
[tTDUrseRRU] figure_O17.jpg -> classified as: Qualitative Examples
[tTDUrseRRU] figure_D5.jpg -> classified as: Qualitative Examples
[tTDUrseRRU] figure_N16.jpg -> classified as: Plots / Charts
[tUtGjQEDd4] figure_19.jpg -> classified as: Qualitative Examples
[tUtGjQEDd4] figure_5.jpg -> classified as: Qualitative Examples
[tUtGjQEDd4] figure_6.jpg -> classified as: Architecture Diagram
[tUtGjQEDd4] figure_9.jpg -> classified as: Qualitative Examples
[tUtGjQEDd4] figure_18.jpg -> classified as: Qualitative Examples
[tUtGjQEDd4] figure_13.jpg -> classified as: Qualitative Examples
[tUtGjQEDd4] figure_15.jpg -> classified as: Qualitative Examples
[tUtGjQEDd4] figure_2.jpg -> classified as: Qualitative Examples
[tUtGjQEDd4] figure_20.jpg -> classified as: Qualitative Examples
[tUtGjQEDd4] figure_11.jpg -> classified as: Qualitative Examples
[tUtGjQEDd4] figure_7.jpg -> classified as: Qualitative Examples
[tUtGjQEDd4] figure_3.jpg -> classified as: Plots / Charts
[tUtGjQEDd4] figure_4.jpg -> classified as: Qualitative Examples
[tUtGjQEDd4] figure_17.jpg -> classified as: Qualitative Examples
[tUtGjQEDd4] figure_1.jpg -> classified as: Plots / Charts
[tUtGjQEDd4] figure_8.jpg -> classified as: Qualitative Examples
[tUtGjQEDd4] figure_12.jpg -> classified as: Qualitative Examples
[tUtGjQEDd4] figure_21.jpg -> classified as: Qualitative Examples
[tUtGjQEDd4] figure_14.jpg -> classified as: Qualitative Examples
[tUtGjQEDd4] figure_16.jpg -> classified as: Qualitative Examples
[tUtGjQEDd4] figure_10.jpg -> classified as: Qualitative Examples
[tVU6GuHElo] figure_5.jpg -> classified as: Qualitative Examples
[tVU6GuHElo] figure_6.jpg -> classified as: Qualitative Examples
[tVU6GuHElo] figure_2.jpg -> classified as: Plots / Charts
[tVU6GuHElo] figure_7.jpg -> classified as: Qualitative Examples
[tVU6GuHElo] figure_3.jpg -> classified as: Qualitative Examples
[tVU6GuHElo] figure_4.jpg -> classified as: Plots / Charts
[tVU6GuHElo] figure_1.jpg -> classified as: Architecture Diagram
[tVU6GuHElo] figure_8.jpg -> classified as: Qualitative Examples
[tZozeR3VV7] figure_2.jpg -> classified as: Architecture Diagram
[tZozeR3VV7] figure_3.jpg -> classified as: Qualitative Examples
[tZozeR3VV7] figure_4.jpg -> classified as: Plots / Charts
[tZozeR3VV7] figure_1.jpg -> classified as: Qualitative Examples
[taHwqSrbrb] figure_24.jpg -> classified as: Qualitative Examples
[taHwqSrbrb] figure_5.jpg -> classified as: Plots / Charts
[taHwqSrbrb] figure_6.jpg -> classified as: Qualitative Examples
[taHwqSrbrb] figure_9.jpg -> classified as: Qualitative Examples
[taHwqSrbrb] figure_22.jpg -> classified as: Qualitative Examples
[taHwqSrbrb] figure_18.jpg -> classified as: Qualitative Examples
[taHwqSrbrb] figure_2.jpg -> classified as: Architecture Diagram
[taHwqSrbrb] figure_20.jpg -> classified as: Qualitative Examples
[taHwqSrbrb] figure_11.jpg -> classified as: Qualitative Examples
[taHwqSrbrb] figure_7.jpg -> classified as: Qualitative Examples
[taHwqSrbrb] figure_3.jpg -> classified as: Plots / Charts
[taHwqSrbrb] figure_17.jpg -> classified as: Qualitative Examples
[taHwqSrbrb] figure_1.jpg -> classified as: Plots / Charts
[taHwqSrbrb] figure_8.jpg -> classified as: Plots / Charts
[taHwqSrbrb] figure_12.jpg -> classified as: Qualitative Examples
[taHwqSrbrb] figure_25.jpg -> classified as: Qualitative Examples
[taHwqSrbrb] figure_21.jpg -> classified as: Qualitative Examples
[taHwqSrbrb] figure_14.jpg -> classified as: Qualitative Examples
[taHwqSrbrb] figure_16.jpg -> classified as: Qualitative Examples
[taHwqSrbrb] figure_10.jpg -> classified as: Qualitative Examples
[te2Q9dThlE] figure_5.jpg -> classified as: Qualitative Examples
[te2Q9dThlE] figure_2.jpg -> classified as: Other
  -> Skipping second pass (Other)
[te2Q9dThlE] figure_4.jpg -> classified as: Architecture Diagram
[te2Q9dThlE] figure_1.jpg -> classified as: Qualitative Examples
[tfemquulED] figure_A_motorcycle_that.jpg -> classified as: Qualitative Examples
[tfemquulED] figure_6.jpg -> classified as: Plots / Charts
[tfemquulED] figure_A_butterfly_flying.jpg -> classified as: Qualitative Examples
[tfemquulED] figure_9.jpg -> classified as: Plots / Charts
[tfemquulED] figure_2.jpg -> classified as: Plots / Charts
[tfemquulED] figure_7.jpg -> classified as: Plots / Charts
[tfemquulED] figure_A_painting_of.jpg -> classified as: Qualitative Examples
[tfemquulED] figure_A_painting_of_1.jpg -> classified as: Qualitative Examples
[tfemquulED] figure_3.jpg -> classified as: Qualitative Examples
[tfemquulED] figure_4.jpg -> classified as: Plots / Charts
[tfemquulED] figure_(b)_(Top_Left).jpg -> classified as: Qualitative Examples
[tfemquulED] figure_1.jpg -> classified as: Architecture Diagram
[tfemquulED] figure_A_Samurai_Gardening.jpg -> classified as: Qualitative Examples
[tfemquulED] figure_8.jpg -> classified as: Qualitative Examples
[tfemquulED] figure_10.jpg -> classified as: Plots / Charts
[tfiS7oz64k] figure_5.jpg -> classified as: Other
  -> Skipping second pass (Other)
[tfiS7oz64k] figure_6.jpg -> classified as: Qualitative Examples
[tfiS7oz64k] figure_9.jpg -> classified as: Qualitative Examples
[tfiS7oz64k] figure_(b)_SDF_reconstruction.jpg -> classified as: Qualitative Examples
[tfiS7oz64k] figure_13.jpg -> classified as: Qualitative Examples
[tfiS7oz64k] figure_2.jpg -> classified as: Architecture Diagram
[tfiS7oz64k] figure_11.jpg -> classified as: Architecture Diagram
[tfiS7oz64k] figure_7.jpg -> classified as: Qualitative Examples
[tfiS7oz64k] figure_3.jpg -> classified as: Qualitative Examples
[tfiS7oz64k] figure_4.jpg -> classified as: Qualitative Examples
[tfiS7oz64k] figure_1.jpg -> classified as: Qualitative Examples
[tfiS7oz64k] figure_8.jpg -> classified as: Qualitative Examples
[tfiS7oz64k] figure_12.jpg -> classified as: Qualitative Examples
[tfiS7oz64k] figure_14.jpg -> classified as: Qualitative Examples
[tfiS7oz64k] figure_10.jpg -> classified as: Qualitative Examples
[tiJzOop4u6] figure_5.jpg -> classified as: Architecture Diagram
[tiJzOop4u6] figure_6.jpg -> classified as: Qualitative Examples
[tiJzOop4u6] figure_9.jpg -> classified as: Qualitative Examples
[tiJzOop4u6] figure_18.jpg -> classified as: Qualitative Examples
[tiJzOop4u6] figure_13.jpg -> classified as: Qualitative Examples
[tiJzOop4u6] figure_15.jpg -> classified as: Qualitative Examples
[tiJzOop4u6] figure_2.jpg -> classified as: Qualitative Examples
[tiJzOop4u6] figure_11.jpg -> classified as: Qualitative Examples
[tiJzOop4u6] figure_7.jpg -> classified as: Qualitative Examples
[tiJzOop4u6] figure_3.jpg -> classified as: Qualitative Examples
[tiJzOop4u6] figure_4.jpg -> classified as: Qualitative Examples
[tiJzOop4u6] figure_17.jpg -> classified as: Qualitative Examples
[tiJzOop4u6] figure_robust._For_each.jpg -> classified as: Qualitative Examples
[tiJzOop4u6] figure_1.jpg -> classified as: Plots / Charts
[tiJzOop4u6] figure_12.jpg -> classified as: Qualitative Examples
[tiJzOop4u6] figure_14.jpg -> classified as: Qualitative Examples
[tiJzOop4u6] figure_16.jpg -> classified as: Qualitative Examples
[tiJzOop4u6] figure_10.jpg -> classified as: Qualitative Examples
[tidibw8Xdm] figure_5.jpg -> classified as: Plots / Charts
[tidibw8Xdm] figure_6.jpg -> classified as: Plots / Charts
[tidibw8Xdm] figure_2.jpg -> classified as: Architecture Diagram
[tidibw8Xdm] figure_7.jpg -> classified as: Plots / Charts
[tidibw8Xdm] figure_3.jpg -> classified as: Qualitative Examples
[tidibw8Xdm] figure_4.jpg -> classified as: Plots / Charts
[tidibw8Xdm] figure_1.jpg -> classified as: Qualitative Examples
[tidibw8Xdm] figure_8.jpg -> classified as: Plots / Charts
[tjNf0L8QjR] figure_5.jpg -> classified as: Plots / Charts
[tjNf0L8QjR] figure_6.jpg -> classified as: Plots / Charts
[tjNf0L8QjR] figure_9.jpg -> classified as: Plots / Charts
[tjNf0L8QjR] figure_2.jpg -> classified as: Plots / Charts
[tjNf0L8QjR] figure_7.jpg -> classified as: Plots / Charts
[tjNf0L8QjR] figure_3.jpg -> classified as: Qualitative Examples
[tjNf0L8QjR] figure_4.jpg -> classified as: Plots / Charts
[tjNf0L8QjR] figure_1.jpg -> classified as: Architecture Diagram
[tjNf0L8QjR] figure_8.jpg -> classified as: Qualitative Examples
[tjn2YZSHUv] figure_5.jpg -> classified as: Plots / Charts
[tjn2YZSHUv] figure_6.jpg -> classified as: Qualitative Examples
[tjn2YZSHUv] figure_9.jpg -> classified as: Qualitative Examples
[tjn2YZSHUv] figure_2.jpg -> classified as: Qualitative Examples
[tjn2YZSHUv] figure_3.jpg -> classified as: Other
  -> Skipping second pass (Other)
[tjn2YZSHUv] figure_4.jpg -> classified as: Plots / Charts
[tjn2YZSHUv] figure_1.jpg -> classified as: Qualitative Examples
[tjn2YZSHUv] figure_8.jpg -> classified as: Plots / Charts
[tjn2YZSHUv] figure_10.jpg -> classified as: Qualitative Examples
[tkmO6bXT54] figure_5.jpg -> classified as: Plots / Charts
[tkmO6bXT54] figure_6.jpg -> classified as: Plots / Charts
[tkmO6bXT54] figure_2.jpg -> classified as: Architecture Diagram
[tkmO6bXT54] figure_7.jpg -> classified as: Plots / Charts
[tkmO6bXT54] figure_3.jpg -> classified as: Plots / Charts
[tkmO6bXT54] figure_4.jpg -> classified as: Qualitative Examples
[tkmO6bXT54] figure_1.jpg -> classified as: Plots / Charts
[tm8s3696Ox] figure_5.jpg -> classified as: Qualitative Examples
[tm8s3696Ox] figure_2.jpg -> classified as: Plots / Charts
[tm8s3696Ox] figure_3.jpg -> classified as: Plots / Charts
[tm8s3696Ox] figure_4.jpg -> classified as: Qualitative Examples
[tm8s3696Ox] figure_1.jpg -> classified as: Other
  -> Skipping second pass (Other)
[tnAPOvvNzZ] figure_5.jpg -> classified as: Plots / Charts
[tnAPOvvNzZ] figure_2.jpg -> classified as: Plots / Charts
[tnAPOvvNzZ] figure_3.jpg -> classified as: Plots / Charts
[tnAPOvvNzZ] figure_4.jpg -> classified as: Plots / Charts
[tnAPOvvNzZ] figure_1.jpg -> classified as: Architecture Diagram
[tnBaiidobu] figure_19.jpg -> classified as: Plots / Charts
[tnBaiidobu] figure_5.jpg -> classified as: Qualitative Examples
[tnBaiidobu] figure_6.jpg -> classified as: Plots / Charts
[tnBaiidobu] figure_9.jpg -> classified as: Plots / Charts
[tnBaiidobu] figure_18.jpg -> classified as: Qualitative Examples
[tnBaiidobu] figure_13.jpg -> classified as: Plots / Charts
[tnBaiidobu] figure_15.jpg -> classified as: Qualitative Examples
[tnBaiidobu] figure_2.jpg -> classified as: Plots / Charts
[tnBaiidobu] figure_20.jpg -> classified as: Qualitative Examples
[tnBaiidobu] figure_11.jpg -> classified as: Plots / Charts
[tnBaiidobu] figure_7.jpg -> classified as: Plots / Charts
[tnBaiidobu] figure_3.jpg -> classified as: Plots / Charts
[tnBaiidobu] figure_4.jpg -> classified as: Plots / Charts
[tnBaiidobu] figure_17.jpg -> classified as: Qualitative Examples
[tnBaiidobu] figure_1.jpg -> classified as: Qualitative Examples
[tnBaiidobu] figure_8.jpg -> classified as: Plots / Charts
[tnBaiidobu] figure_12.jpg -> classified as: Plots / Charts
[tnBaiidobu] figure_14.jpg -> classified as: Plots / Charts
[tnBaiidobu] figure_16.jpg -> classified as: Qualitative Examples
[tnBaiidobu] figure_10.jpg -> classified as: Plots / Charts
[tozlOEN4qp] figure_6.jpg -> classified as: Plots / Charts
[tozlOEN4qp] figure_9.jpg -> classified as: Qualitative Examples
[tozlOEN4qp] figure_10_1.jpg -> classified as: Qualitative Examples
[tozlOEN4qp] figure_13.jpg -> classified as: Plots / Charts
[tozlOEN4qp] figure_15.jpg -> classified as: Qualitative Examples
[tozlOEN4qp] figure_11.jpg -> classified as: Qualitative Examples
[tozlOEN4qp] figure_7.jpg -> classified as: Plots / Charts
[tozlOEN4qp] figure_3.jpg -> classified as: Plots / Charts
[tozlOEN4qp] figure_4.jpg -> classified as: Plots / Charts
[tozlOEN4qp] figure_9_1.jpg -> classified as: Qualitative Examples
[tozlOEN4qp] figure_1.jpg -> classified as: Plots / Charts
[tozlOEN4qp] figure_8.jpg -> classified as: Plots / Charts
[tozlOEN4qp] figure_12.jpg -> classified as: Qualitative Examples
[tozlOEN4qp] figure_14.jpg -> classified as: Plots / Charts
[tozlOEN4qp] figure_10.jpg -> classified as: Qualitative Examples
[tpYeermigp] figure_5.jpg -> classified as: Plots / Charts
[tpYeermigp] figure_6.jpg -> classified as: Plots / Charts
[tpYeermigp] figure_9.jpg -> classified as: Plots / Charts
[tpYeermigp] figure_2.jpg -> classified as: Plots / Charts
[tpYeermigp] figure_7.jpg -> classified as: Plots / Charts
[tpYeermigp] figure_3.jpg -> classified as: Plots / Charts
[tpYeermigp] figure_4.jpg -> classified as: Plots / Charts
[tpYeermigp] figure_1.jpg -> classified as: Architecture Diagram
[tpYeermigp] figure_8.jpg -> classified as: Plots / Charts
[tplXNcHZs1] figure_5.jpg -> classified as: Plots / Charts
[tplXNcHZs1] figure_6.jpg -> classified as: Qualitative Examples
[tplXNcHZs1] figure_9.jpg -> classified as: Qualitative Examples
[tplXNcHZs1] figure_2.jpg -> classified as: Plots / Charts
[tplXNcHZs1] figure_11.jpg -> classified as: Qualitative Examples
[tplXNcHZs1] figure_7.jpg -> classified as: Qualitative Examples
[tplXNcHZs1] figure_3.jpg -> classified as: Qualitative Examples
[tplXNcHZs1] figure_4.jpg -> classified as: Plots / Charts
[tplXNcHZs1] figure_1.jpg -> classified as: Qualitative Examples
[tplXNcHZs1] figure_8.jpg -> classified as: Qualitative Examples
[tplXNcHZs1] figure_12.jpg -> classified as: Qualitative Examples
[tplXNcHZs1] figure_10.jpg -> classified as: Qualitative Examples
[trCvBb8guo] figure_5.jpg -> classified as: Plots / Charts
[trCvBb8guo] figure_6.jpg -> classified as: Plots / Charts
[trCvBb8guo] figure_2.jpg -> classified as: Plots / Charts
[trCvBb8guo] figure_7.jpg -> classified as: Plots / Charts
[trCvBb8guo] figure_3.jpg -> classified as: Qualitative Examples
[trCvBb8guo] figure_4.jpg -> classified as: Plots / Charts
[trCvBb8guo] figure_1.jpg -> classified as: Architecture Diagram
[trj2Jq8riA] figure_5.jpg -> classified as: Plots / Charts
[trj2Jq8riA] figure_6.jpg -> classified as: Plots / Charts
[trj2Jq8riA] figure_2.jpg -> classified as: Plots / Charts
[trj2Jq8riA] figure_7.jpg -> classified as: Plots / Charts
[trj2Jq8riA] figure_3.jpg -> classified as: Plots / Charts
[trj2Jq8riA] figure_4.jpg -> classified as: Plots / Charts
[trj2Jq8riA] figure_1.jpg -> classified as: Architecture Diagram
[tsfR7JCwTf] figure_2.jpg -> classified as: Plots / Charts
[tsfR7JCwTf] figure_1.jpg -> classified as: Plots / Charts
[ttMwEuEPeB] figure_6.jpg -> classified as: Qualitative Examples
[ttMwEuEPeB] figure_9.jpg -> classified as: Qualitative Examples
[ttMwEuEPeB] figure_DreamFusion_Ours_DreamFusion.jpg -> classified as: Qualitative Examples
[ttMwEuEPeB] figure_15.jpg -> classified as: Qualitative Examples
[ttMwEuEPeB] figure_2.jpg -> classified as: Qualitative Examples
[ttMwEuEPeB] figure_(b)._Remove_water.jpg -> classified as: Qualitative Examples
[ttMwEuEPeB] figure_11.jpg -> classified as: Other
  -> Skipping second pass (Other)
[ttMwEuEPeB] figure_7.jpg -> classified as: Qualitative Examples
[ttMwEuEPeB] figure_Listing_1__Agent.jpg -> classified as: Other
  -> Skipping second pass (Other)
[ttMwEuEPeB] figure_3.jpg -> classified as: Qualitative Examples
[ttMwEuEPeB] figure_4.jpg -> classified as: Qualitative Examples
[ttMwEuEPeB] figure_1.jpg -> classified as: Architecture Diagram
[ttMwEuEPeB] figure_Ours.jpg -> classified as: Qualitative Examples
[ttMwEuEPeB] figure_“A_vibrant_autumn.jpg -> classified as: Other
  -> Skipping second pass (Other)
[ttMwEuEPeB] figure_8.jpg -> classified as: Qualitative Examples
[ttMwEuEPeB] figure_Listing_2__Agent.jpg -> classified as: Qualitative Examples
[ttMwEuEPeB] figure_14.jpg -> classified as: Other
  -> Skipping second pass (Other)
[ttMwEuEPeB] figure_“The_lake,_serene.jpg -> classified as: Qualitative Examples
[ttXg3SKAg5] figure_5.jpg -> classified as: Plots / Charts
[ttXg3SKAg5] figure_6.jpg -> classified as: Plots / Charts
[ttXg3SKAg5] figure_9.jpg -> classified as: Plots / Charts
[ttXg3SKAg5] figure_13.jpg -> classified as: Plots / Charts
[ttXg3SKAg5] figure_2.jpg -> classified as: Plots / Charts
[ttXg3SKAg5] figure_11.jpg -> classified as: Qualitative Examples
[ttXg3SKAg5] figure_7.jpg -> classified as: Architecture Diagram
[ttXg3SKAg5] figure_3.jpg -> classified as: Plots / Charts
[ttXg3SKAg5] figure_4.jpg -> classified as: Plots / Charts
[ttXg3SKAg5] figure_1.jpg -> classified as: Architecture Diagram
[ttXg3SKAg5] figure_8.jpg -> classified as: Plots / Charts
[ttXg3SKAg5] figure_12.jpg -> classified as: Plots / Charts
[ttXg3SKAg5] figure_14.jpg -> classified as: Other
  -> Skipping second pass (Other)
[ttXg3SKAg5] figure_10.jpg -> classified as: Qualitative Examples
[tveiUXU2aa] figure_19.jpg -> classified as: Architecture Diagram
[tveiUXU2aa] figure_5.jpg -> classified as: Plots / Charts
[tveiUXU2aa] figure_6.jpg -> classified as: Plots / Charts
[tveiUXU2aa] figure_9.jpg -> classified as: Plots / Charts
[tveiUXU2aa] figure_18.jpg -> classified as: Architecture Diagram
[tveiUXU2aa] figure_13.jpg -> classified as: Qualitative Examples
[tveiUXU2aa] figure_15.jpg -> classified as: Plots / Charts
[tveiUXU2aa] figure_20.jpg -> classified as: Architecture Diagram
[tveiUXU2aa] figure_11.jpg -> classified as: Plots / Charts
[tveiUXU2aa] figure_7.jpg -> classified as: Plots / Charts
[tveiUXU2aa] figure_4.jpg -> classified as: Plots / Charts
[tveiUXU2aa] figure_17.jpg -> classified as: Plots / Charts
[tveiUXU2aa] figure_1.jpg -> classified as: Plots / Charts
[tveiUXU2aa] figure_8.jpg -> classified as: Plots / Charts
[tveiUXU2aa] figure_12.jpg -> classified as: Architecture Diagram
[tveiUXU2aa] figure_(b)_Illustration_of.jpg -> classified as: Plots / Charts
[tveiUXU2aa] figure_21.jpg -> classified as: Architecture Diagram
[tveiUXU2aa] figure_14.jpg -> classified as: Qualitative Examples
[tveiUXU2aa] figure_16.jpg -> classified as: Plots / Charts
[tveiUXU2aa] figure_10.jpg -> classified as: Plots / Charts
[twhn5XvOtt] figure_2.jpg -> classified as: Plots / Charts
[twhn5XvOtt] figure_3.jpg -> classified as: Plots / Charts
[twhn5XvOtt] figure_1.jpg -> classified as: Architecture Diagram
[txZVQRc2ab] figure_5.jpg -> classified as: Plots / Charts
[txZVQRc2ab] figure_6.jpg -> classified as: Plots / Charts
[txZVQRc2ab] figure_9.jpg -> classified as: Plots / Charts
[txZVQRc2ab] figure_2.jpg -> classified as: Architecture Diagram
[txZVQRc2ab] figure_7.jpg -> classified as: Plots / Charts
[txZVQRc2ab] figure_3.jpg -> classified as: Qualitative Examples
[txZVQRc2ab] figure_4.jpg -> classified as: Qualitative Examples
[txZVQRc2ab] figure_1.jpg -> classified as: Architecture Diagram
[txZVQRc2ab] figure_8.jpg -> classified as: Qualitative Examples
[txZVQRc2ab] figure_10.jpg -> classified as: Qualitative Examples
[tyEyYT267x] figure_5.jpg -> classified as: Other
  -> Skipping second pass (Other)
[tyEyYT267x] figure_2.jpg -> classified as: Plots / Charts
[tyEyYT267x] figure_3.jpg -> classified as: Plots / Charts
[tyEyYT267x] figure_4.jpg -> classified as: Other
  -> Skipping second pass (Other)
[tyEyYT267x] figure_1.jpg -> classified as: Qualitative Examples
[tyEyYT267x] figure_8.jpg -> classified as: Other
  -> Skipping second pass (Other)
[u1cQYxRI1H] figure_5.jpg -> classified as: Qualitative Examples
[u1cQYxRI1H] figure_6.jpg -> classified as: Qualitative Examples
[u1cQYxRI1H] figure_2.jpg -> classified as: Architecture Diagram
[u1cQYxRI1H] figure_3.jpg -> classified as: Architecture Diagram
[u1cQYxRI1H] figure_4.jpg -> classified as: Qualitative Examples
[u1cQYxRI1H] figure_1.jpg -> classified as: Qualitative Examples
[u48tHG5f66] figure_5.jpg -> classified as: Qualitative Examples
[u48tHG5f66] figure_6.jpg -> classified as: Qualitative Examples
[u48tHG5f66] figure_13.jpg -> classified as: Qualitative Examples
[u48tHG5f66] figure_15.jpg -> classified as: Qualitative Examples
[u48tHG5f66] figure_2.jpg -> classified as: Qualitative Examples
[u48tHG5f66] figure_11.jpg -> classified as: Other
  -> Skipping second pass (Other)
[u48tHG5f66] figure_7.jpg -> classified as: Qualitative Examples
[u48tHG5f66] figure_3.jpg -> classified as: Architecture Diagram
[u48tHG5f66] figure_4.jpg -> classified as: Qualitative Examples
[u48tHG5f66] figure_1.jpg -> classified as: Qualitative Examples
[u48tHG5f66] figure_8.jpg -> classified as: Qualitative Examples
[u48tHG5f66] figure_12.jpg -> classified as: Plots / Charts
[u48tHG5f66] figure_14.jpg -> classified as: Qualitative Examples
[u48tHG5f66] figure_16.jpg -> classified as: Qualitative Examples
[u48tHG5f66] figure_10.jpg -> classified as: Qualitative Examples
[u4FiXrH09F] figure_1.jpg -> classified as: Plots / Charts
[u6y9uIzqAB] figure_A_2.jpg -> classified as: Qualitative Examples
[u6y9uIzqAB] figure_A.jpg -> classified as: Plots / Charts
[u6y9uIzqAB] figure_5.jpg -> classified as: Qualitative Examples
[u6y9uIzqAB] figure_6.jpg -> classified as: Qualitative Examples
[u6y9uIzqAB] figure_2.jpg -> classified as: Architecture Diagram
[u6y9uIzqAB] figure_A_1.jpg -> classified as: Plots / Charts
[u6y9uIzqAB] figure_7.jpg -> classified as: Qualitative Examples
[u6y9uIzqAB] figure_3.jpg -> classified as: Plots / Charts
[u6y9uIzqAB] figure_4.jpg -> classified as: Qualitative Examples
[u6y9uIzqAB] figure_1.jpg -> classified as: Qualitative Examples
[u859gX7ADC] figure_5.jpg -> classified as: Plots / Charts
[u859gX7ADC] figure_6.jpg -> classified as: Plots / Charts
[u859gX7ADC] figure_2.jpg -> classified as: Qualitative Examples
[u859gX7ADC] figure_7.jpg -> classified as: Plots / Charts
[u859gX7ADC] figure_3.jpg -> classified as: Architecture Diagram
[u859gX7ADC] figure_4.jpg -> classified as: Architecture Diagram
[u859gX7ADC] figure_1.jpg -> classified as: Qualitative Examples
[u8fg8acFsT] figure_5.jpg -> classified as: Qualitative Examples
[u8fg8acFsT] figure_6.jpg -> classified as: Plots / Charts
[u8fg8acFsT] figure_2.jpg -> classified as: Qualitative Examples
[u8fg8acFsT] figure_7.jpg -> classified as: Plots / Charts
[u8fg8acFsT] figure_3.jpg -> classified as: Plots / Charts
[u8fg8acFsT] figure_4.jpg -> classified as: Qualitative Examples
[u8fg8acFsT] figure_1.jpg -> classified as: Architecture Diagram
[u8fg8acFsT] figure_8.jpg -> classified as: Qualitative Examples
[uAFHCZRmXk] figure_5.jpg -> classified as: Plots / Charts
[uAFHCZRmXk] figure_6.jpg -> classified as: Plots / Charts
[uAFHCZRmXk] figure_9.jpg -> classified as: Architecture Diagram
[uAFHCZRmXk] figure_(b)_UMAP_embeddings..jpg -> classified as: Plots / Charts
[uAFHCZRmXk] figure_13.jpg -> classified as: Plots / Charts
[uAFHCZRmXk] figure_Epoch_1.jpg -> classified as: Plots / Charts
[uAFHCZRmXk] figure_15.jpg -> classified as: Plots / Charts
[uAFHCZRmXk] figure_2.jpg -> classified as: Qualitative Examples
[uAFHCZRmXk] figure_Epoch.jpg -> classified as: Plots / Charts
[uAFHCZRmXk] figure_11.jpg -> classified as: Plots / Charts
[uAFHCZRmXk] figure_3.jpg -> classified as: Plots / Charts
[uAFHCZRmXk] figure_4.jpg -> classified as: Plots / Charts
[uAFHCZRmXk] figure_Epoch_2.jpg -> classified as: Plots / Charts
[uAFHCZRmXk] figure_1.jpg -> classified as: Qualitative Examples
[uAFHCZRmXk] figure_8.jpg -> classified as: Plots / Charts
[uAFHCZRmXk] figure_12.jpg -> classified as: Plots / Charts
[uAFHCZRmXk] figure_14.jpg -> classified as: Plots / Charts
[uAFHCZRmXk] figure_10.jpg -> classified as: Qualitative Examples
[uBcx1aFpXy] figure_5.jpg -> classified as: Qualitative Examples
[uBcx1aFpXy] figure_6.jpg -> classified as: Qualitative Examples
[uBcx1aFpXy] figure_9.jpg -> classified as: Qualitative Examples
[uBcx1aFpXy] figure_13.jpg -> classified as: Qualitative Examples
[uBcx1aFpXy] figure_15.jpg -> classified as: Qualitative Examples
[uBcx1aFpXy] figure_2.jpg -> classified as: Architecture Diagram
[uBcx1aFpXy] figure_11.jpg -> classified as: Qualitative Examples
[uBcx1aFpXy] figure_7.jpg -> classified as: Qualitative Examples
[uBcx1aFpXy] figure_3.jpg -> classified as: Qualitative Examples
[uBcx1aFpXy] figure_4.jpg -> classified as: Qualitative Examples
[uBcx1aFpXy] figure_1.jpg -> classified as: Architecture Diagram
[uBcx1aFpXy] figure_8.jpg -> classified as: Qualitative Examples
[uBcx1aFpXy] figure_12.jpg -> classified as: Qualitative Examples
[uBcx1aFpXy] figure_14.jpg -> classified as: Qualitative Examples
[uBcx1aFpXy] figure_10.jpg -> classified as: Qualitative Examples
[uBhqll8pw1] figure_5.jpg -> classified as: Other
  -> Skipping second pass (Other)
[uBhqll8pw1] figure_6.jpg -> classified as: Other
  -> Skipping second pass (Other)
[uBhqll8pw1] figure_9.jpg -> classified as: Other
  -> Skipping second pass (Other)
[uBhqll8pw1] figure_18.jpg -> classified as: Qualitative Examples
[uBhqll8pw1] figure_13.jpg -> classified as: Qualitative Examples
[uBhqll8pw1] figure_15.jpg -> classified as: Other
  -> Skipping second pass (Other)
[uBhqll8pw1] figure_2.jpg -> classified as: Qualitative Examples
[uBhqll8pw1] figure_11.jpg -> classified as: Other
  -> Skipping second pass (Other)
[uBhqll8pw1] figure_7.jpg -> classified as: Other
  -> Skipping second pass (Other)
[uBhqll8pw1] figure_3.jpg -> classified as: Qualitative Examples
[uBhqll8pw1] figure_4.jpg -> classified as: Qualitative Examples
[uBhqll8pw1] figure_17.jpg -> classified as: Qualitative Examples
[uBhqll8pw1] figure_1.jpg -> classified as: Qualitative Examples
[uBhqll8pw1] figure_8.jpg -> classified as: Other
  -> Skipping second pass (Other)
[uBhqll8pw1] figure_12.jpg -> classified as: Other
  -> Skipping second pass (Other)
[uBhqll8pw1] figure_14.jpg -> classified as: Qualitative Examples
[uBhqll8pw1] figure_16.jpg -> classified as: Other
  -> Skipping second pass (Other)
[uBhqll8pw1] figure_10.jpg -> classified as: Other
  -> Skipping second pass (Other)
[uBxN9JA29p] figure_5.jpg -> classified as: Plots / Charts
[uBxN9JA29p] figure_2.jpg -> classified as: Architecture Diagram
[uBxN9JA29p] figure_3.jpg -> classified as: Plots / Charts
[uBxN9JA29p] figure_4.jpg -> classified as: Plots / Charts
[uBxN9JA29p] figure_1.jpg -> classified as: Qualitative Examples
[uELjxVbrqG] figure_2.jpg -> classified as: Plots / Charts
[uGtfk2OphU] figure_5.jpg -> classified as: Plots / Charts
[uGtfk2OphU] figure_2.jpg -> classified as: Plots / Charts
[uGtfk2OphU] figure_3.jpg -> classified as: Architecture Diagram
[uGtfk2OphU] figure_4.jpg -> classified as: Plots / Charts
[uGtfk2OphU] figure_1.jpg -> classified as: Qualitative Examples
[uHdf9F1tY4] figure_5.jpg -> classified as: Plots / Charts
[uHdf9F1tY4] figure_6.jpg -> classified as: Plots / Charts
[uHdf9F1tY4] figure_9.jpg -> classified as: Qualitative Examples
[uHdf9F1tY4] figure_13.jpg -> classified as: Qualitative Examples
[uHdf9F1tY4] figure_15.jpg -> classified as: Plots / Charts
[uHdf9F1tY4] figure_2.jpg -> classified as: Qualitative Examples
[uHdf9F1tY4] figure_11.jpg -> classified as: Plots / Charts
[uHdf9F1tY4] figure_7.jpg -> classified as: Qualitative Examples
[uHdf9F1tY4] figure_3.jpg -> classified as: Plots / Charts
[uHdf9F1tY4] figure_4.jpg -> classified as: Qualitative Examples
[uHdf9F1tY4] figure_1.jpg -> classified as: Plots / Charts
[uHdf9F1tY4] figure_8.jpg -> classified as: Qualitative Examples
[uHdf9F1tY4] figure_12.jpg -> classified as: Plots / Charts
[uHdf9F1tY4] figure_14.jpg -> classified as: Qualitative Examples
[uHdf9F1tY4] figure_10.jpg -> classified as: Plots / Charts
[uHgVrGF2Wn] figure_5.jpg -> classified as: Plots / Charts
[uHgVrGF2Wn] figure_6.jpg -> classified as: Plots / Charts
[uHgVrGF2Wn] figure_3.jpg -> classified as: Plots / Charts
[uHgVrGF2Wn] figure_4.jpg -> classified as: Plots / Charts
[uHgVrGF2Wn] figure_1.jpg -> classified as: Plots / Charts
[uJVHygNeSZ] figure_Fig._6__Validation.jpg -> classified as: Qualitative Examples
[uJVHygNeSZ] figure_Fig._16__Frustum.jpg -> classified as: Plots / Charts
[uJVHygNeSZ] figure_Fig._17__Qualitative.jpg -> classified as: Qualitative Examples
[uJVHygNeSZ] figure_Fig._12__Visualization.jpg -> classified as: Qualitative Examples
[uJVHygNeSZ] figure_Fig._1__GTA.jpg -> classified as: Architecture Diagram
[uJVHygNeSZ] figure_Fig._3__Results.jpg -> classified as: Plots / Charts
[uJVHygNeSZ] figure_Fig._2__Synthetic.jpg -> classified as: Architecture Diagram
[uJVHygNeSZ] figure_Fig._13__Additional.jpg -> classified as: Qualitative Examples
[uJVHygNeSZ] figure_Fig._11__Mean.jpg -> classified as: Plots / Charts
[uJVHygNeSZ] figure_Fig._8__Attention.jpg -> classified as: Qualitative Examples
[uJVHygNeSZ] figure_Fig._21__Class-conditional.jpg -> classified as: Qualitative Examples
[uJVHygNeSZ] figure_Fig._14__Precision-recall.jpg -> classified as: Plots / Charts
[uJVHygNeSZ] figure_Fig._15__Scene.jpg -> classified as: Architecture Diagram
[uJVHygNeSZ] figure_Fig._25__Generated.jpg -> classified as: Qualitative Examples
[uJVHygNeSZ] figure_Fig._24__Generated.jpg -> classified as: Qualitative Examples
[uJVHygNeSZ] figure_Fig._22__Generated.jpg -> classified as: Qualitative Examples
[uJVHygNeSZ] figure_Fig._23__Generated.jpg -> classified as: Qualitative Examples
[uJVHygNeSZ] figure_Fig._4__Geometric.jpg -> classified as: Architecture Diagram
[uJVHygNeSZ] figure_Fig._7__Qualitative.jpg -> classified as: Plots / Charts
[uJVHygNeSZ] figure_Fig._19__Qualitative.jpg -> classified as: Qualitative Examples
[uJVHygNeSZ] figure_Fig._10__Training.jpg -> classified as: Plots / Charts
[uJVHygNeSZ] figure_Fig._20__Qualitative.jpg -> classified as: Qualitative Examples
[uJVHygNeSZ] figure_Fig._9__Representation.jpg -> classified as: Plots / Charts
[uJVHygNeSZ] figure_Fig._18__Qualitative.jpg -> classified as: Qualitative Examples
[uJqKf24HGN] figure_5.jpg -> classified as: Qualitative Examples
[uJqKf24HGN] figure_6.jpg -> classified as: Qualitative Examples
[uJqKf24HGN] figure_9.jpg -> classified as: Plots / Charts
[uJqKf24HGN] figure_13.jpg -> classified as: Qualitative Examples
[uJqKf24HGN] figure_15.jpg -> classified as: Qualitative Examples
[uJqKf24HGN] figure_11.jpg -> classified as: Qualitative Examples
[uJqKf24HGN] figure_3.jpg -> classified as: Architecture Diagram
[uJqKf24HGN] figure_4.jpg -> classified as: Qualitative Examples
[uJqKf24HGN] figure_17.jpg -> classified as: Qualitative Examples
[uJqKf24HGN] figure_1.jpg -> classified as: Other
  -> Skipping second pass (Other)
[uJqKf24HGN] figure_8.jpg -> classified as: Qualitative Examples
[uJqKf24HGN] figure_12.jpg -> classified as: Qualitative Examples
[uJqKf24HGN] figure_14.jpg -> classified as: Qualitative Examples
[uJqKf24HGN] figure_16.jpg -> classified as: Qualitative Examples
[uJqKf24HGN] figure_10.jpg -> classified as: Plots / Charts
[uK4TYkVBJG] figure_2.jpg -> classified as: Architecture Diagram
[uK4TYkVBJG] figure_3.jpg -> classified as: Qualitative Examples
[uK4TYkVBJG] figure_4.jpg -> classified as: Qualitative Examples
[uK4TYkVBJG] figure_1.jpg -> classified as: Architecture Diagram
[uKZdlihDDn] figure_19.jpg -> classified as: Plots / Charts
[uKZdlihDDn] figure_6.jpg -> classified as: Plots / Charts
[uKZdlihDDn] figure_9.jpg -> classified as: Architecture Diagram
[uKZdlihDDn] figure_18.jpg -> classified as: Qualitative Examples
[uKZdlihDDn] figure_13.jpg -> classified as: Qualitative Examples
[uKZdlihDDn] figure_15.jpg -> classified as: Plots / Charts
[uKZdlihDDn] figure_2.jpg -> classified as: Architecture Diagram
[uKZdlihDDn] figure_11.jpg -> classified as: Plots / Charts
[uKZdlihDDn] figure_7.jpg -> classified as: Plots / Charts
[uKZdlihDDn] figure_3.jpg -> classified as: Qualitative Examples
[uKZdlihDDn] figure_4.jpg -> classified as: Qualitative Examples
[uKZdlihDDn] figure_17.jpg -> classified as: Qualitative Examples
[uKZdlihDDn] figure_1.jpg -> classified as: Plots / Charts
[uKZdlihDDn] figure_8.jpg -> classified as: Plots / Charts
[uKZdlihDDn] figure_12.jpg -> classified as: Plots / Charts
[uKZdlihDDn] figure_14.jpg -> classified as: Qualitative Examples
[uKZdlihDDn] figure_16.jpg -> classified as: Plots / Charts
[uKZdlihDDn] figure_10.jpg -> classified as: Plots / Charts
[uLCtVTzFhg] figure_5.jpg -> classified as: Plots / Charts
[uLCtVTzFhg] figure_6.jpg -> classified as: Plots / Charts
[uLCtVTzFhg] figure_9.jpg -> classified as: Plots / Charts
[uLCtVTzFhg] figure_13.jpg -> classified as: Plots / Charts
[uLCtVTzFhg] figure_15.jpg -> classified as: Plots / Charts
[uLCtVTzFhg] figure_2.jpg -> classified as: Qualitative Examples
[uLCtVTzFhg] figure_11.jpg -> classified as: Plots / Charts
[uLCtVTzFhg] figure_7.jpg -> classified as: Qualitative Examples
[uLCtVTzFhg] figure_3.jpg -> classified as: Plots / Charts
[uLCtVTzFhg] figure_4.jpg -> classified as: Plots / Charts
[uLCtVTzFhg] figure_1.jpg -> classified as: Plots / Charts
[uLCtVTzFhg] figure_8.jpg -> classified as: Plots / Charts
[uLCtVTzFhg] figure_12.jpg -> classified as: Plots / Charts
[uLCtVTzFhg] figure_14.jpg -> classified as: Plots / Charts
[uLCtVTzFhg] figure_10.jpg -> classified as: Plots / Charts
[uNd289HjLi] figure_5.jpg -> classified as: Qualitative Examples
[uNd289HjLi] figure_6.jpg -> classified as: Qualitative Examples
[uNd289HjLi] figure_9.jpg -> classified as: Qualitative Examples
[uNd289HjLi] figure_2.jpg -> classified as: Qualitative Examples
[uNd289HjLi] figure_11.jpg -> classified as: Plots / Charts
[uNd289HjLi] figure_7.jpg -> classified as: Qualitative Examples
[uNd289HjLi] figure_3.jpg -> classified as: Qualitative Examples
[uNd289HjLi] figure_4.jpg -> classified as: Qualitative Examples
[uNd289HjLi] figure_1.jpg -> classified as: Plots / Charts
[uNd289HjLi] figure_8.jpg -> classified as: Qualitative Examples
[uNd289HjLi] figure_12.jpg -> classified as: Plots / Charts
[uNd289HjLi] figure_10.jpg -> classified as: Qualitative Examples
[uNomADvF3s] figure_5.jpg -> classified as: Qualitative Examples
[uNomADvF3s] figure_6.jpg -> classified as: Qualitative Examples
[uNomADvF3s] figure_9.jpg -> classified as: Plots / Charts
[uNomADvF3s] figure_2.jpg -> classified as: Architecture Diagram
[uNomADvF3s] figure_7.jpg -> classified as: Qualitative Examples
[uNomADvF3s] figure_3.jpg -> classified as: Architecture Diagram
[uNomADvF3s] figure_4.jpg -> classified as: Qualitative Examples
[uNomADvF3s] figure_1.jpg -> classified as: Architecture Diagram
[uNomADvF3s] figure_8.jpg -> classified as: Plots / Charts
[uNrFpDPMyo] figure_5.jpg -> classified as: Plots / Charts
[uNrFpDPMyo] figure_6.jpg -> classified as: Plots / Charts
[uNrFpDPMyo] figure_2.jpg -> classified as: Plots / Charts
[uNrFpDPMyo] figure_3.jpg -> classified as: Plots / Charts
[uNrFpDPMyo] figure_4.jpg -> classified as: Plots / Charts
[uNrFpDPMyo] figure_1.jpg -> classified as: Plots / Charts
[uQBW7ELXfO] figure_5.jpg -> classified as: Qualitative Examples
[uQBW7ELXfO] figure_6.jpg -> classified as: Plots / Charts
[uQBW7ELXfO] figure_9.jpg -> classified as: Qualitative Examples
[uQBW7ELXfO] figure_13.jpg -> classified as: Qualitative Examples
[uQBW7ELXfO] figure_15.jpg -> classified as: Qualitative Examples
[uQBW7ELXfO] figure_2.jpg -> classified as: Plots / Charts
[uQBW7ELXfO] figure_11.jpg -> classified as: Qualitative Examples
[uQBW7ELXfO] figure_7.jpg -> classified as: Plots / Charts
[uQBW7ELXfO] figure_3.jpg -> classified as: Architecture Diagram
[uQBW7ELXfO] figure_4.jpg -> classified as: Plots / Charts
[uQBW7ELXfO] figure_1.jpg -> classified as: Other
  -> Skipping second pass (Other)
[uQBW7ELXfO] figure_12.jpg -> classified as: Qualitative Examples
[uQBW7ELXfO] figure_14.jpg -> classified as: Qualitative Examples
[uQBW7ELXfO] figure_16.jpg -> classified as: Qualitative Examples
[uQBW7ELXfO] figure_10.jpg -> classified as: Qualitative Examples
[uQjySppU9x] figure_6.jpg -> classified as: Plots / Charts
[uQjySppU9x] figure_9.jpg -> classified as: Plots / Charts
[uQjySppU9x] figure_13.jpg -> classified as: Qualitative Examples
[uQjySppU9x] figure_15.jpg -> classified as: Qualitative Examples
[uQjySppU9x] figure_2.jpg -> classified as: Qualitative Examples
[uQjySppU9x] figure_11.jpg -> classified as: Qualitative Examples
[uQjySppU9x] figure_7.jpg -> classified as: Qualitative Examples
[uQjySppU9x] figure_3.jpg -> classified as: Architecture Diagram
[uQjySppU9x] figure_4.jpg -> classified as: Qualitative Examples
[uQjySppU9x] figure_1.jpg -> classified as: Qualitative Examples
[uQjySppU9x] figure_8.jpg -> classified as: Plots / Charts
[uQjySppU9x] figure_12.jpg -> classified as: Qualitative Examples
[uQjySppU9x] figure_14.jpg -> classified as: Qualitative Examples
[uQjySppU9x] figure_16.jpg -> classified as: Plots / Charts
[uQjySppU9x] figure_10.jpg -> classified as: Plots / Charts
[uREj4ZuGJE] figure_5.jpg -> classified as: Plots / Charts
[uREj4ZuGJE] figure_6.jpg -> classified as: Other
  -> Skipping second pass (Other)
[uREj4ZuGJE] figure_9.jpg -> classified as: Qualitative Examples
[uREj4ZuGJE] figure_2.jpg -> classified as: Architecture Diagram
[uREj4ZuGJE] figure_7.jpg -> classified as: Architecture Diagram
[uREj4ZuGJE] figure_3.jpg -> classified as: Architecture Diagram
[uREj4ZuGJE] figure_4.jpg -> classified as: Plots / Charts
[uREj4ZuGJE] figure_1.jpg -> classified as: Qualitative Examples
[uREj4ZuGJE] figure_8.jpg -> classified as: Architecture Diagram
[uREj4ZuGJE] figure_10.jpg -> classified as: Plots / Charts
[uWvKBCYh4S] figure_5.jpg -> classified as: Plots / Charts
[uWvKBCYh4S] figure_6.jpg -> classified as: Qualitative Examples
[uWvKBCYh4S] figure_9.jpg -> classified as: Qualitative Examples
[uWvKBCYh4S] figure_2.jpg -> classified as: Architecture Diagram
[uWvKBCYh4S] figure_11.jpg -> classified as: Qualitative Examples
[uWvKBCYh4S] figure_7.jpg -> classified as: Plots / Charts
[uWvKBCYh4S] figure_3.jpg -> classified as: Qualitative Examples
[uWvKBCYh4S] figure_4.jpg -> classified as: Architecture Diagram
[uWvKBCYh4S] figure_1.jpg -> classified as: Architecture Diagram
[uWvKBCYh4S] figure_8.jpg -> classified as: Qualitative Examples
[uWvKBCYh4S] figure_10.jpg -> classified as: Qualitative Examples
[uYuoqHxtAW] figure_5.jpg -> classified as: Plots / Charts
[uYuoqHxtAW] figure_6.jpg -> classified as: Qualitative Examples
[uYuoqHxtAW] figure_2.jpg -> classified as: Qualitative Examples
[uYuoqHxtAW] figure_7.jpg -> classified as: Qualitative Examples
[uYuoqHxtAW] figure_3.jpg -> classified as: Qualitative Examples
[uYuoqHxtAW] figure_4.jpg -> classified as: Qualitative Examples
[uYuoqHxtAW] figure_1.jpg -> classified as: Plots / Charts
[uYuoqHxtAW] figure_8.jpg -> classified as: Qualitative Examples
[uZ5K4HeNwd] figure_19.jpg -> classified as: Plots / Charts
[uZ5K4HeNwd] figure_Use_EMA_weights.jpg -> classified as: Plots / Charts
[uZ5K4HeNwd] figure_(a)_Perplexity_of.jpg -> classified as: Plots / Charts
[uZ5K4HeNwd] figure_5.jpg -> classified as: Plots / Charts
[uZ5K4HeNwd] figure_6.jpg -> classified as: Plots / Charts
[uZ5K4HeNwd] figure_9.jpg -> classified as: Plots / Charts
[uZ5K4HeNwd] figure_22.jpg -> classified as: Plots / Charts
[uZ5K4HeNwd] figure_(b)_Perplexity_of.jpg -> classified as: Plots / Charts
[uZ5K4HeNwd] figure_18.jpg -> classified as: Plots / Charts
[uZ5K4HeNwd] figure_13.jpg -> classified as: Plots / Charts
[uZ5K4HeNwd] figure_15.jpg -> classified as: Plots / Charts
[uZ5K4HeNwd] figure_20.jpg -> classified as: Plots / Charts
[uZ5K4HeNwd] figure_11.jpg -> classified as: Plots / Charts
[uZ5K4HeNwd] figure_(a)_Diversity_of.jpg -> classified as: Plots / Charts
[uZ5K4HeNwd] figure_(b)_Reset_the.jpg -> classified as: Plots / Charts
[uZ5K4HeNwd] figure_7.jpg -> classified as: Plots / Charts
[uZ5K4HeNwd] figure_17.jpg -> classified as: Plots / Charts
[uZ5K4HeNwd] figure_1.jpg -> classified as: Plots / Charts
[uZ5K4HeNwd] figure_8.jpg -> classified as: Plots / Charts
[uZ5K4HeNwd] figure_21.jpg -> classified as: Plots / Charts
[uZ5K4HeNwd] figure_10.jpg -> classified as: Plots / Charts
[uZfjFyPAvn] figure_5.jpg -> classified as: Plots / Charts
[uZfjFyPAvn] figure_6.jpg -> classified as: Qualitative Examples
[uZfjFyPAvn] figure_2.jpg -> classified as: Plots / Charts
[uZfjFyPAvn] figure_7.jpg -> classified as: Plots / Charts
[uZfjFyPAvn] figure_3.jpg -> classified as: Plots / Charts
[uZfjFyPAvn] figure_4.jpg -> classified as: Plots / Charts
[uZfjFyPAvn] figure_1.jpg -> classified as: Plots / Charts
[ueqTjOcuLc] figure_5.jpg -> classified as: Plots / Charts
[ueqTjOcuLc] figure_6.jpg -> classified as: Plots / Charts
[ueqTjOcuLc] figure_2.jpg -> classified as: Qualitative Examples
[ueqTjOcuLc] figure_11.jpg -> classified as: Plots / Charts
[ueqTjOcuLc] figure_7.jpg -> classified as: Plots / Charts
[ueqTjOcuLc] figure_3.jpg -> classified as: Qualitative Examples
[ueqTjOcuLc] figure_4.jpg -> classified as: Plots / Charts
[ueqTjOcuLc] figure_1.jpg -> classified as: Qualitative Examples
[ueqTjOcuLc] figure_3_1.jpg -> classified as: Qualitative Examples
[ueqTjOcuLc] figure_8.jpg -> classified as: Qualitative Examples
[ueqTjOcuLc] figure_12.jpg -> classified as: Plots / Charts
[ufi0WPTgWp] figure_5.jpg -> classified as: Plots / Charts
[ufi0WPTgWp] figure_6.jpg -> classified as: Plots / Charts
[ufi0WPTgWp] figure_2.jpg -> classified as: Architecture Diagram
[ufi0WPTgWp] figure_7.jpg -> classified as: Teaser Image
[ufi0WPTgWp] figure_3.jpg -> classified as: Plots / Charts
[ufi0WPTgWp] figure_4.jpg -> classified as: Architecture Diagram
[ufi0WPTgWp] figure_1.jpg -> classified as: Architecture Diagram
[ugXGFCS6HK] figure_5.jpg -> classified as: Plots / Charts
[ugXGFCS6HK] figure_2.jpg -> classified as: Qualitative Examples
[ugXGFCS6HK] figure_S_2.jpg -> classified as: Qualitative Examples
[ugXGFCS6HK] figure_S_3.jpg -> classified as: Plots / Charts
[ugXGFCS6HK] figure_3.jpg -> classified as: Qualitative Examples
[ugXGFCS6HK] figure_4.jpg -> classified as: Plots / Charts
[ugXGFCS6HK] figure_S_5.jpg -> classified as: Qualitative Examples
[ugXGFCS6HK] figure_1.jpg -> classified as: Other
  -> Skipping second pass (Other)
[ugXGFCS6HK] figure_S_1.jpg -> classified as: Qualitative Examples
[ugXGFCS6HK] figure_S.jpg -> classified as: Qualitative Examples
[ugXGFCS6HK] figure_S_4.jpg -> classified as: Qualitative Examples
[ugXGFCS6HK] figure_S_7.jpg -> classified as: Plots / Charts
[ugXGFCS6HK] figure_S_6.jpg -> classified as: Qualitative Examples
[ugyqNEOjoU] figure_5.jpg -> classified as: Qualitative Examples
[ugyqNEOjoU] figure_6.jpg -> classified as: Other
  -> Skipping second pass (Other)
[ugyqNEOjoU] figure_Score__3.2.jpg -> classified as: Plots / Charts
[ugyqNEOjoU] figure_2.jpg -> classified as: Plots / Charts
[ugyqNEOjoU] figure_Score__5.jpg -> classified as: Architecture Diagram
[ugyqNEOjoU] figure_7.jpg -> classified as: Other
  -> Skipping second pass (Other)
[ugyqNEOjoU] figure_3.jpg -> classified as: Plots / Charts
[ugyqNEOjoU] figure_4.jpg -> classified as: Plots / Charts
[ugyqNEOjoU] figure_1.jpg -> classified as: Qualitative Examples
[ugyqNEOjoU] figure_Score__4.2_Score_.jpg -> classified as: Architecture Diagram
[ugyqNEOjoU] figure_Score__1.4.jpg -> classified as: Qualitative Examples
[uhtQyRrTzY] figure_5.jpg -> classified as: Qualitative Examples
[uhtQyRrTzY] figure_6.jpg -> classified as: Qualitative Examples
[uhtQyRrTzY] figure_9.jpg -> classified as: Qualitative Examples
[uhtQyRrTzY] figure_2.jpg -> classified as: Plots / Charts
[uhtQyRrTzY] figure_11.jpg -> classified as: Qualitative Examples
[uhtQyRrTzY] figure_7.jpg -> classified as: Qualitative Examples
[uhtQyRrTzY] figure_3.jpg -> classified as: Plots / Charts
[uhtQyRrTzY] figure_4.jpg -> classified as: Qualitative Examples
[uhtQyRrTzY] figure_1.jpg -> classified as: Architecture Diagram
[uhtQyRrTzY] figure_8.jpg -> classified as: Qualitative Examples
[uhtQyRrTzY] figure_12.jpg -> classified as: Qualitative Examples
[uhtQyRrTzY] figure_10.jpg -> classified as: Qualitative Examples
[ujNe7sybJu] figure_5.jpg -> classified as: Other
  -> Skipping second pass (Other)
[ujNe7sybJu] figure_2.jpg -> classified as: Architecture Diagram
[ujNe7sybJu] figure_7.jpg -> classified as: Qualitative Examples
[ujNe7sybJu] figure_3.jpg -> classified as: Qualitative Examples
[ujNe7sybJu] figure_4.jpg -> classified as: Plots / Charts
[ujNe7sybJu] figure_1.jpg -> classified as: Qualitative Examples
[ujNe7sybJu] figure_8.jpg -> classified as: Qualitative Examples
[ujNe7sybJu] figure_Input_Video.jpg -> classified as: Teaser Image
[ukidfml68f] figure_5.jpg -> classified as: Qualitative Examples
[ukidfml68f] figure_6.jpg -> classified as: Qualitative Examples
[ukidfml68f] figure_2.jpg -> classified as: Qualitative Examples
[ukidfml68f] figure_7.jpg -> classified as: Qualitative Examples
[ukidfml68f] figure_3.jpg -> classified as: Qualitative Examples
[ukidfml68f] figure_4.jpg -> classified as: Qualitative Examples
[ukidfml68f] figure_1.jpg -> classified as: Qualitative Examples
[uleDLeiaT3] figure_5.jpg -> classified as: Plots / Charts
[uleDLeiaT3] figure_6.jpg -> classified as: Plots / Charts
[uleDLeiaT3] figure_9.jpg -> classified as: Plots / Charts
[uleDLeiaT3] figure_13.jpg -> classified as: Qualitative Examples
[uleDLeiaT3] figure_15.jpg -> classified as: Qualitative Examples
[uleDLeiaT3] figure_2.jpg -> classified as: Architecture Diagram
[uleDLeiaT3] figure_11.jpg -> classified as: Qualitative Examples
[uleDLeiaT3] figure_3.jpg -> classified as: Plots / Charts
[uleDLeiaT3] figure_4.jpg -> classified as: Plots / Charts
[uleDLeiaT3] figure_17.jpg -> classified as: Architecture Diagram
[uleDLeiaT3] figure_1.jpg -> classified as: Teaser Image
[uleDLeiaT3] figure_8.jpg -> classified as: Qualitative Examples
[uleDLeiaT3] figure_12.jpg -> classified as: Qualitative Examples
[uleDLeiaT3] figure_14.jpg -> classified as: Qualitative Examples
[uleDLeiaT3] figure_16.jpg -> classified as: Qualitative Examples
[uleDLeiaT3] figure_10.jpg -> classified as: Qualitative Examples
[unDQOUah0F] figure_5.jpg -> classified as: Architecture Diagram
[unDQOUah0F] figure_6.jpg -> classified as: Architecture Diagram
[unDQOUah0F] figure_2.jpg -> classified as: Plots / Charts
[unDQOUah0F] figure_7.jpg -> classified as: Qualitative Examples
[unDQOUah0F] figure_4.jpg -> classified as: Architecture Diagram
[unDQOUah0F] figure_1.jpg -> classified as: Other
  -> Skipping second pass (Other)
[uo8PO6Ah59] figure_5.jpg -> classified as: Plots / Charts
[uo8PO6Ah59] figure_6.jpg -> classified as: Plots / Charts
[uo8PO6Ah59] figure_2.jpg -> classified as: Architecture Diagram
[uo8PO6Ah59] figure_7.jpg -> classified as: Plots / Charts
[uo8PO6Ah59] figure_3.jpg -> classified as: Architecture Diagram
[uo8PO6Ah59] figure_4.jpg -> classified as: Plots / Charts
[uo8PO6Ah59] figure_1.jpg -> classified as: Architecture Diagram
[uqYjAQ5diD] figure_2.jpg -> classified as: Architecture Diagram
[uqYjAQ5diD] figure_3.jpg -> classified as: Qualitative Examples
[uqYjAQ5diD] figure_4.jpg -> classified as: Qualitative Examples
[uqYjAQ5diD] figure_1.jpg -> classified as: Qualitative Examples
[urcEYsZOBz] figure_5.jpg -> classified as: Plots / Charts
[urcEYsZOBz] figure_6.jpg -> classified as: Plots / Charts
[urcEYsZOBz] figure_9.jpg -> classified as: Plots / Charts
[urcEYsZOBz] figure_13.jpg -> classified as: Plots / Charts
[urcEYsZOBz] figure_15.jpg -> classified as: Plots / Charts
[urcEYsZOBz] figure_2.jpg -> classified as: Plots / Charts
[urcEYsZOBz] figure_11.jpg -> classified as: Plots / Charts
[urcEYsZOBz] figure_7.jpg -> classified as: Plots / Charts
[urcEYsZOBz] figure_3.jpg -> classified as: Architecture Diagram
[urcEYsZOBz] figure_4.jpg -> classified as: Plots / Charts
[urcEYsZOBz] figure_1.jpg -> classified as: Architecture Diagram
[urcEYsZOBz] figure_8.jpg -> classified as: Qualitative Examples
[urcEYsZOBz] figure_12.jpg -> classified as: Plots / Charts
[urcEYsZOBz] figure_14.jpg -> classified as: Plots / Charts
[urcEYsZOBz] figure_16.jpg -> classified as: Qualitative Examples
[urcEYsZOBz] figure_10.jpg -> classified as: Qualitative Examples
[urf8a5G59f] figure_6_1.jpg -> classified as: Plots / Charts
[urf8a5G59f] figure_5.jpg -> classified as: Qualitative Examples
[urf8a5G59f] figure_6.jpg -> classified as: Plots / Charts
[urf8a5G59f] figure_X_1.jpg -> classified as: Qualitative Examples
[urf8a5G59f] figure_V_3.jpg -> classified as: Qualitative Examples
[urf8a5G59f] figure_I_1.jpg -> classified as: Plots / Charts
[urf8a5G59f] figure_9.jpg -> classified as: Qualitative Examples
[urf8a5G59f] figure_I_2.jpg -> classified as: Qualitative Examples
[urf8a5G59f] figure_V.jpg -> classified as: Qualitative Examples
[urf8a5G59f] figure_I.jpg -> classified as: Qualitative Examples
[urf8a5G59f] figure_X_2.jpg -> classified as: Qualitative Examples
[urf8a5G59f] figure_2.jpg -> classified as: Architecture Diagram
[urf8a5G59f] figure_X_3.jpg -> classified as: Qualitative Examples
[urf8a5G59f] figure_V_2.jpg -> classified as: Plots / Charts
[urf8a5G59f] figure_I_4.jpg -> classified as: Plots / Charts
[urf8a5G59f] figure_X_5.jpg -> classified as: Plots / Charts
[urf8a5G59f] figure_7.jpg -> classified as: Plots / Charts
[urf8a5G59f] figure_I_3.jpg -> classified as: Qualitative Examples
[urf8a5G59f] figure_3.jpg -> classified as: Qualitative Examples
[urf8a5G59f] figure_4.jpg -> classified as: Qualitative Examples
[urf8a5G59f] figure_V_1.jpg -> classified as: Plots / Charts
[urf8a5G59f] figure_X_4.jpg -> classified as: Plots / Charts
[urf8a5G59f] figure_X_7.jpg -> classified as: Plots / Charts
[urf8a5G59f] figure_X_6.jpg -> classified as: Plots / Charts
[urf8a5G59f] figure_1.jpg -> classified as: Architecture Diagram
[urf8a5G59f] figure_8.jpg -> classified as: Qualitative Examples
[urf8a5G59f] figure_X_8.jpg -> classified as: Plots / Charts
[urf8a5G59f] figure_X.jpg -> classified as: Qualitative Examples
[uuef1HP6X7] figure_19.jpg -> classified as: Qualitative Examples
[uuef1HP6X7] figure_5.jpg -> classified as: Qualitative Examples
[uuef1HP6X7] figure_9.jpg -> classified as: Qualitative Examples
[uuef1HP6X7] figure_18.jpg -> classified as: Qualitative Examples
[uuef1HP6X7] figure_13.jpg -> classified as: Qualitative Examples
[uuef1HP6X7] figure_15.jpg -> classified as: Qualitative Examples
[uuef1HP6X7] figure_2.jpg -> classified as: Architecture Diagram
[uuef1HP6X7] figure_11.jpg -> classified as: Qualitative Examples
[uuef1HP6X7] figure_7.jpg -> classified as: Plots / Charts
[uuef1HP6X7] figure_3.jpg -> classified as: Qualitative Examples
[uuef1HP6X7] figure_17.jpg -> classified as: Qualitative Examples
[uuef1HP6X7] figure_1.jpg -> classified as: Qualitative Examples
[uuef1HP6X7] figure_8.jpg -> classified as: Qualitative Examples
[uuef1HP6X7] figure_12.jpg -> classified as: Qualitative Examples
[uuef1HP6X7] figure_14.jpg -> classified as: Qualitative Examples
[uuef1HP6X7] figure_16.jpg -> classified as: Qualitative Examples
[uuef1HP6X7] figure_10.jpg -> classified as: Qualitative Examples
[uwY0GOqZBh] figure_5.jpg -> classified as: Plots / Charts
[uwY0GOqZBh] figure_6.jpg -> classified as: Plots / Charts
[uwY0GOqZBh] figure_2.jpg -> classified as: Plots / Charts
[uwY0GOqZBh] figure_7.jpg -> classified as: Plots / Charts
[uwY0GOqZBh] figure_3.jpg -> classified as: Architecture Diagram
[uwY0GOqZBh] figure_4.jpg -> classified as: Architecture Diagram
[uwY0GOqZBh] figure_1.jpg -> classified as: Plots / Charts
[uwY0GOqZBh] figure_8.jpg -> classified as: Plots / Charts
[uxYbEAEWm4] figure_1.jpg -> classified as: Architecture Diagram
[uy31tqVuNo] figure_5.jpg -> classified as: Qualitative Examples
[uy31tqVuNo] figure_6.jpg -> classified as: Qualitative Examples
[uy31tqVuNo] figure_15.jpg -> classified as: Qualitative Examples
[uy31tqVuNo] figure_2.jpg -> classified as: Architecture Diagram
[uy31tqVuNo] figure_11.jpg -> classified as: Plots / Charts
[uy31tqVuNo] figure_3.jpg -> classified as: Qualitative Examples
[uy31tqVuNo] figure_4.jpg -> classified as: Qualitative Examples
[uy31tqVuNo] figure_1.jpg -> classified as: Qualitative Examples
[uy31tqVuNo] figure_12.jpg -> classified as: Other
  -> Skipping second pass (Other)
[uy31tqVuNo] figure_14.jpg -> classified as: Other
  -> Skipping second pass (Other)
[uzKG83YJ3t] figure_5.jpg -> classified as: Other
  -> Skipping second pass (Other)
[uzKG83YJ3t] figure_6.jpg -> classified as: Qualitative Examples
[uzKG83YJ3t] figure_9.jpg -> classified as: Qualitative Examples
[uzKG83YJ3t] figure_13.jpg -> classified as: Qualitative Examples
[uzKG83YJ3t] figure_15.jpg -> classified as: Qualitative Examples
[uzKG83YJ3t] figure_2.jpg -> classified as: Qualitative Examples
[uzKG83YJ3t] figure_11.jpg -> classified as: Qualitative Examples
[uzKG83YJ3t] figure_7.jpg -> classified as: Architecture Diagram
[uzKG83YJ3t] figure_3.jpg -> classified as: Plots / Charts
[uzKG83YJ3t] figure_4.jpg -> classified as: Qualitative Examples
[uzKG83YJ3t] figure_A_person_standing.jpg -> classified as: Qualitative Examples
[uzKG83YJ3t] figure_17.jpg -> classified as: Qualitative Examples
[uzKG83YJ3t] figure_1.jpg -> classified as: Qualitative Examples
[uzKG83YJ3t] figure_8.jpg -> classified as: Qualitative Examples
[uzKG83YJ3t] figure_12.jpg -> classified as: Qualitative Examples
[uzKG83YJ3t] figure_14.jpg -> classified as: Qualitative Examples
[uzKG83YJ3t] figure_16.jpg -> classified as: Qualitative Examples
[uzKG83YJ3t] figure_10.jpg -> classified as: Qualitative Examples
[uzz3qAYy0D] figure_19.jpg -> classified as: Qualitative Examples
[uzz3qAYy0D] figure_23.jpg -> classified as: Qualitative Examples
[uzz3qAYy0D] figure_24.jpg -> classified as: Qualitative Examples
[uzz3qAYy0D] figure_5.jpg -> classified as: Qualitative Examples
[uzz3qAYy0D] figure_6.jpg -> classified as: Plots / Charts
[uzz3qAYy0D] figure_9.jpg -> classified as: Plots / Charts
[uzz3qAYy0D] figure_22.jpg -> classified as: Qualitative Examples
[uzz3qAYy0D] figure_18.jpg -> classified as: Qualitative Examples
[uzz3qAYy0D] figure_13.jpg -> classified as: Plots / Charts
[uzz3qAYy0D] figure_15.jpg -> classified as: Qualitative Examples
[uzz3qAYy0D] figure_2.jpg -> classified as: Architecture Diagram
[uzz3qAYy0D] figure_20.jpg -> classified as: Qualitative Examples
[uzz3qAYy0D] figure_11.jpg -> classified as: Plots / Charts
[uzz3qAYy0D] figure_7.jpg -> classified as: Plots / Charts
[uzz3qAYy0D] figure_3.jpg -> classified as: Architecture Diagram
[uzz3qAYy0D] figure_4.jpg -> classified as: Plots / Charts
[uzz3qAYy0D] figure_17.jpg -> classified as: Qualitative Examples
[uzz3qAYy0D] figure_1.jpg -> classified as: Architecture Diagram
[uzz3qAYy0D] figure_8.jpg -> classified as: Qualitative Examples
[uzz3qAYy0D] figure_12.jpg -> classified as: Plots / Charts
[uzz3qAYy0D] figure_21.jpg -> classified as: Qualitative Examples
[uzz3qAYy0D] figure_14.jpg -> classified as: Qualitative Examples
[uzz3qAYy0D] figure_16.jpg -> classified as: Qualitative Examples
[uzz3qAYy0D] figure_10.jpg -> classified as: Plots / Charts
[v0O9FrVTt1] figure_6.jpg -> classified as: Plots / Charts
[v0O9FrVTt1] figure_9.jpg -> classified as: Plots / Charts
[v0O9FrVTt1] figure_2.jpg -> classified as: Architecture Diagram
[v0O9FrVTt1] figure_7.jpg -> classified as: Plots / Charts
[v0O9FrVTt1] figure_3.jpg -> classified as: Plots / Charts
[v0O9FrVTt1] figure_4.jpg -> classified as: Plots / Charts
[v0O9FrVTt1] figure_1.jpg -> classified as: Architecture Diagram
[v0O9FrVTt1] figure_8.jpg -> classified as: Plots / Charts
[v0O9FrVTt1] figure_10.jpg -> classified as: Plots / Charts
[v1f6c7wVBm] figure_19.jpg -> classified as: Qualitative Examples
[v1f6c7wVBm] figure_5.jpg -> classified as: Qualitative Examples
[v1f6c7wVBm] figure_6.jpg -> classified as: Qualitative Examples
[v1f6c7wVBm] figure_9.jpg -> classified as: Qualitative Examples
[v1f6c7wVBm] figure_22.jpg -> classified as: Qualitative Examples
[v1f6c7wVBm] figure_18.jpg -> classified as: Qualitative Examples
[v1f6c7wVBm] figure_13.jpg -> classified as: Qualitative Examples
[v1f6c7wVBm] figure_15.jpg -> classified as: Qualitative Examples
[v1f6c7wVBm] figure_2.jpg -> classified as: Architecture Diagram
[v1f6c7wVBm] figure_20.jpg -> classified as: Qualitative Examples
[v1f6c7wVBm] figure_11.jpg -> classified as: Qualitative Examples
[v1f6c7wVBm] figure_7.jpg -> classified as: Plots / Charts
[v1f6c7wVBm] figure_3.jpg -> classified as: Qualitative Examples
[v1f6c7wVBm] figure_4.jpg -> classified as: Qualitative Examples
[v1f6c7wVBm] figure_17.jpg -> classified as: Qualitative Examples
[v1f6c7wVBm] figure_1.jpg -> classified as: Qualitative Examples
[v1f6c7wVBm] figure_8.jpg -> classified as: Qualitative Examples
[v1f6c7wVBm] figure_12.jpg -> classified as: Qualitative Examples
[v1f6c7wVBm] figure_21.jpg -> classified as: Qualitative Examples
[v1f6c7wVBm] figure_14.jpg -> classified as: Qualitative Examples
[v1f6c7wVBm] figure_16.jpg -> classified as: Qualitative Examples
[v1f6c7wVBm] figure_10.jpg -> classified as: Qualitative Examples
[v2zcCDYMok] figure_5.jpg -> classified as: Plots / Charts
[v2zcCDYMok] figure_6.jpg -> classified as: Qualitative Examples
[v2zcCDYMok] figure_9.jpg -> classified as: Qualitative Examples
[v2zcCDYMok] figure_13.jpg -> classified as: Qualitative Examples
[v2zcCDYMok] figure_15.jpg -> classified as: Qualitative Examples
[v2zcCDYMok] figure_2.jpg -> classified as: Architecture Diagram
[v2zcCDYMok] figure_11.jpg -> classified as: Qualitative Examples
[v2zcCDYMok] figure_7.jpg -> classified as: Qualitative Examples
[v2zcCDYMok] figure_3.jpg -> classified as: Qualitative Examples
[v2zcCDYMok] figure_4.jpg -> classified as: Qualitative Examples
[v2zcCDYMok] figure_17.jpg -> classified as: Qualitative Examples
[v2zcCDYMok] figure_1.jpg -> classified as: Architecture Diagram
[v2zcCDYMok] figure_8.jpg -> classified as: Plots / Charts
[v2zcCDYMok] figure_12.jpg -> classified as: Qualitative Examples
[v2zcCDYMok] figure_14.jpg -> classified as: Qualitative Examples
[v2zcCDYMok] figure_16.jpg -> classified as: Qualitative Examples
[v2zcCDYMok] figure_10.jpg -> classified as: Qualitative Examples
[v3K5TVP8kZ] figure_In_R_2.jpg -> classified as: Plots / Charts
[v3K5TVP8kZ] figure_$_mathrm_{_L.jpg -> classified as: Other
  -> Skipping second pass (Other)
[v3K5TVP8kZ] figure_5.jpg -> classified as: Other
  -> Skipping second pass (Other)
[v3K5TVP8kZ] figure_Average_Relative_loss.jpg -> classified as: Plots / Charts
[v3K5TVP8kZ] figure_2.jpg -> classified as: Plots / Charts
[v3K5TVP8kZ] figure_GPT-4_(good)__Expression.jpg -> classified as: Architecture Diagram
[v3K5TVP8kZ] figure_3.jpg -> classified as: Plots / Charts
[v3K5TVP8kZ] figure_4.jpg -> classified as: Plots / Charts
[v3K5TVP8kZ] figure_1.jpg -> classified as: Architecture Diagram
[v5JrYUdMxc] figure_5.jpg -> classified as: Qualitative Examples
[v5JrYUdMxc] figure_6.jpg -> classified as: Plots / Charts
[v5JrYUdMxc] figure_9.jpg -> classified as: Qualitative Examples
[v5JrYUdMxc] figure_13.jpg -> classified as: Qualitative Examples
[v5JrYUdMxc] figure_2.jpg -> classified as: Architecture Diagram
[v5JrYUdMxc] figure_11.jpg -> classified as: Qualitative Examples
[v5JrYUdMxc] figure_7.jpg -> classified as: Qualitative Examples
[v5JrYUdMxc] figure_3.jpg -> classified as: Architecture Diagram
[v5JrYUdMxc] figure_4.jpg -> classified as: Qualitative Examples
[v5JrYUdMxc] figure_1.jpg -> classified as: Qualitative Examples
[v5JrYUdMxc] figure_8.jpg -> classified as: Qualitative Examples
[v5JrYUdMxc] figure_12.jpg -> classified as: Qualitative Examples
[v5JrYUdMxc] figure_14.jpg -> classified as: Qualitative Examples
[v5JrYUdMxc] figure_‘‘An_orange_and.jpg -> classified as: Qualitative Examples
[v5JrYUdMxc] figure_10.jpg -> classified as: Qualitative Examples
[v5bK7cQch3] figure_2.jpg -> classified as: Architecture Diagram
[v5bK7cQch3] figure_1.jpg -> classified as: Architecture Diagram
[v9Sfo2hMJl] figure_5.jpg -> classified as: Plots / Charts
[v9Sfo2hMJl] figure_6.jpg -> classified as: Plots / Charts
[v9Sfo2hMJl] figure_2.jpg -> classified as: Plots / Charts
[v9Sfo2hMJl] figure_7.jpg -> classified as: Plots / Charts
[v9Sfo2hMJl] figure_3.jpg -> classified as: Plots / Charts
[v9Sfo2hMJl] figure_4.jpg -> classified as: Plots / Charts
[v9Sfo2hMJl] figure_1.jpg -> classified as: Architecture Diagram
[vDJ4tzczlG] figure_5.jpg -> classified as: Plots / Charts
[vDJ4tzczlG] figure_6.jpg -> classified as: Plots / Charts
[vDJ4tzczlG] figure_9.jpg -> classified as: Qualitative Examples
[vDJ4tzczlG] figure_2.jpg -> classified as: Plots / Charts
[vDJ4tzczlG] figure_11.jpg -> classified as: Qualitative Examples
[vDJ4tzczlG] figure_7.jpg -> classified as: Qualitative Examples
[vDJ4tzczlG] figure_3.jpg -> classified as: Architecture Diagram
[vDJ4tzczlG] figure_4.jpg -> classified as: Qualitative Examples
[vDJ4tzczlG] figure_1.jpg -> classified as: Qualitative Examples
[vDJ4tzczlG] figure_8.jpg -> classified as: Qualitative Examples
[vDJ4tzczlG] figure_12.jpg -> classified as: Qualitative Examples
[vDJ4tzczlG] figure_10.jpg -> classified as: Plots / Charts
[vFVjJsy3PG] figure_5.jpg -> classified as: Plots / Charts
[vFVjJsy3PG] figure_6.jpg -> classified as: Plots / Charts
[vFVjJsy3PG] figure_9.jpg -> classified as: Qualitative Examples
[vFVjJsy3PG] figure_2.jpg -> classified as: Plots / Charts
[vFVjJsy3PG] figure_11.jpg -> classified as: Qualitative Examples
[vFVjJsy3PG] figure_7.jpg -> classified as: Plots / Charts
[vFVjJsy3PG] figure_3.jpg -> classified as: Architecture Diagram
[vFVjJsy3PG] figure_4.jpg -> classified as: Plots / Charts
[vFVjJsy3PG] figure_1.jpg -> classified as: Architecture Diagram
[vFVjJsy3PG] figure_8.jpg -> classified as: Plots / Charts
[vFVjJsy3PG] figure_10.jpg -> classified as: Qualitative Examples
[vI95kcLAoU] figure_5.jpg -> classified as: Plots / Charts
[vI95kcLAoU] figure_6.jpg -> classified as: Architecture Diagram
[vI95kcLAoU] figure_2.jpg -> classified as: Plots / Charts
[vI95kcLAoU] figure_7.jpg -> classified as: Plots / Charts
[vI95kcLAoU] figure_3.jpg -> classified as: Plots / Charts
[vI95kcLAoU] figure_4.jpg -> classified as: Architecture Diagram
[vI95kcLAoU] figure_(c)_Unsupervised_object.jpg -> classified as: Qualitative Examples
[vI95kcLAoU] figure_1.jpg -> classified as: Plots / Charts
[vI95kcLAoU] figure_8.jpg -> classified as: Plots / Charts
[vJkktqyU8B] figure_2.jpg -> classified as: Architecture Diagram
[vK8C37eHXM] figure_5.jpg -> classified as: Plots / Charts
[vK8C37eHXM] figure_6.jpg -> classified as: Plots / Charts
[vK8C37eHXM] figure_9.jpg -> classified as: Qualitative Examples
[vK8C37eHXM] figure_2.jpg -> classified as: Plots / Charts
[vK8C37eHXM] figure_11.jpg -> classified as: Qualitative Examples
[vK8C37eHXM] figure_7.jpg -> classified as: Plots / Charts
[vK8C37eHXM] figure_3.jpg -> classified as: Qualitative Examples
[vK8C37eHXM] figure_4.jpg -> classified as: Architecture Diagram
[vK8C37eHXM] figure_1.jpg -> classified as: Plots / Charts
[vK8C37eHXM] figure_8.jpg -> classified as: Plots / Charts
[vK8C37eHXM] figure_10.jpg -> classified as: Plots / Charts
[vKJ8YH0iNp] figure_5.jpg -> classified as: Plots / Charts
[vKJ8YH0iNp] figure_6.jpg -> classified as: Plots / Charts
[vKJ8YH0iNp] figure_9.jpg -> classified as: Qualitative Examples
[vKJ8YH0iNp] figure_2.jpg -> classified as: Architecture Diagram
[vKJ8YH0iNp] figure_7.jpg -> classified as: Plots / Charts
[vKJ8YH0iNp] figure_3.jpg -> classified as: Plots / Charts
[vKJ8YH0iNp] figure_4.jpg -> classified as: Other
  -> Skipping second pass (Other)
[vKJ8YH0iNp] figure_1.jpg -> classified as: Qualitative Examples
[vKJ8YH0iNp] figure_8.jpg -> classified as: Plots / Charts
[vKViCoKGcB] figure_19.jpg -> classified as: Qualitative Examples
[vKViCoKGcB] figure_23.jpg -> classified as: Plots / Charts
[vKViCoKGcB] figure_24.jpg -> classified as: Qualitative Examples
[vKViCoKGcB] figure_5.jpg -> classified as: Plots / Charts
[vKViCoKGcB] figure_6.jpg -> classified as: Plots / Charts
[vKViCoKGcB] figure_9.jpg -> classified as: Plots / Charts
[vKViCoKGcB] figure_22.jpg -> classified as: Qualitative Examples
[vKViCoKGcB] figure_18.jpg -> classified as: Qualitative Examples
[vKViCoKGcB] figure_13.jpg -> classified as: Qualitative Examples
[vKViCoKGcB] figure_15.jpg -> classified as: Qualitative Examples
[vKViCoKGcB] figure_2.jpg -> classified as: Plots / Charts
[vKViCoKGcB] figure_20.jpg -> classified as: Qualitative Examples
[vKViCoKGcB] figure_11.jpg -> classified as: Plots / Charts
[vKViCoKGcB] figure_7.jpg -> classified as: Plots / Charts
[vKViCoKGcB] figure_3.jpg -> classified as: Plots / Charts
[vKViCoKGcB] figure_4.jpg -> classified as: Qualitative Examples
[vKViCoKGcB] figure_17.jpg -> classified as: Qualitative Examples
[vKViCoKGcB] figure_1.jpg -> classified as: Plots / Charts
[vKViCoKGcB] figure_8.jpg -> classified as: Plots / Charts
[vKViCoKGcB] figure_12.jpg -> classified as: Qualitative Examples
[vKViCoKGcB] figure_21.jpg -> classified as: Plots / Charts
[vKViCoKGcB] figure_14.jpg -> classified as: Qualitative Examples
[vKViCoKGcB] figure_16.jpg -> classified as: Plots / Charts
[vKViCoKGcB] figure_10.jpg -> classified as: Plots / Charts
[vL9t9tpKli] figure_5.jpg -> classified as: Qualitative Examples
[vL9t9tpKli] figure_6.jpg -> classified as: Qualitative Examples
[vL9t9tpKli] figure_9.jpg -> classified as: Qualitative Examples
[vL9t9tpKli] figure_2.jpg -> classified as: Architecture Diagram
[vL9t9tpKli] figure_11.jpg -> classified as: Qualitative Examples
[vL9t9tpKli] figure_7.jpg -> classified as: Qualitative Examples
[vL9t9tpKli] figure_3.jpg -> classified as: Qualitative Examples
[vL9t9tpKli] figure_4.jpg -> classified as: Qualitative Examples
[vL9t9tpKli] figure_1.jpg -> classified as: Qualitative Examples
[vL9t9tpKli] figure_8.jpg -> classified as: Qualitative Examples
[vL9t9tpKli] figure_12.jpg -> classified as: Qualitative Examples
[vL9t9tpKli] figure_10.jpg -> classified as: Qualitative Examples
[vLJg4wgBPu] figure_A.jpg -> classified as: Plots / Charts
[vLJg4wgBPu] figure_A_1.jpg -> classified as: Plots / Charts
[vM1xZ9kDUj] figure_5.jpg -> classified as: Qualitative Examples
[vM1xZ9kDUj] figure_(b)_Examples_of.jpg -> classified as: Qualitative Examples
[vM1xZ9kDUj] figure_(a)_The_scatter.jpg -> classified as: Plots / Charts
[vM1xZ9kDUj] figure_2.jpg -> classified as: Architecture Diagram
[vM1xZ9kDUj] figure_(b)_The_box.jpg -> classified as: Plots / Charts
[vM1xZ9kDUj] figure_7.jpg -> classified as: Qualitative Examples
[vM1xZ9kDUj] figure_(a)_Examples_of.jpg -> classified as: Qualitative Examples
[vM1xZ9kDUj] figure_3.jpg -> classified as: Plots / Charts
[vM1xZ9kDUj] figure_4.jpg -> classified as: Qualitative Examples
[vM1xZ9kDUj] figure_1.jpg -> classified as: Qualitative Examples
[vM1xZ9kDUj] figure_8.jpg -> classified as: Plots / Charts
[vMIVqlEWRw] figure_19.jpg -> classified as: Other
  -> Skipping second pass (Other)
[vMIVqlEWRw] figure_23.jpg -> classified as: Qualitative Examples
[vMIVqlEWRw] figure_B.1_GRAPHS_COMPARING.jpg -> classified as: Plots / Charts
[vMIVqlEWRw] figure_24.jpg -> classified as: Plots / Charts
[vMIVqlEWRw] figure_5.jpg -> classified as: Plots / Charts
[vMIVqlEWRw] figure_6.jpg -> classified as: Plots / Charts
[vMIVqlEWRw] figure_9.jpg -> classified as: Plots / Charts
[vMIVqlEWRw] figure_22.jpg -> classified as: Plots / Charts
[vMIVqlEWRw] figure_18.jpg -> classified as: Plots / Charts
[vMIVqlEWRw] figure_13.jpg -> classified as: Plots / Charts
[vMIVqlEWRw] figure_15.jpg -> classified as: Other
  -> Skipping second pass (Other)
[vMIVqlEWRw] figure_2.jpg -> classified as: Plots / Charts
[vMIVqlEWRw] figure_20.jpg -> classified as: Other
  -> Skipping second pass (Other)
[vMIVqlEWRw] figure_11.jpg -> classified as: Plots / Charts
[vMIVqlEWRw] figure_7.jpg -> classified as: Plots / Charts
[vMIVqlEWRw] figure_3.jpg -> classified as: Plots / Charts
[vMIVqlEWRw] figure_4.jpg -> classified as: Plots / Charts
[vMIVqlEWRw] figure_17.jpg -> classified as: Other
  -> Skipping second pass (Other)
[vMIVqlEWRw] figure_LLaVA-34B.jpg -> classified as: Plots / Charts
[vMIVqlEWRw] figure_1.jpg -> classified as: Plots / Charts
[vMIVqlEWRw] figure_8.jpg -> classified as: Plots / Charts
[vMIVqlEWRw] figure_21.jpg -> classified as: Other
  -> Skipping second pass (Other)
[vMIVqlEWRw] figure_14.jpg -> classified as: Plots / Charts
[vMIVqlEWRw] figure_16.jpg -> classified as: Other
  -> Skipping second pass (Other)
[vMIVqlEWRw] figure_10.jpg -> classified as: Plots / Charts
[vNZIePda08] figure_5.jpg -> classified as: Plots / Charts
[vNZIePda08] figure_6.jpg -> classified as: Plots / Charts
[vNZIePda08] figure_9.jpg -> classified as: Qualitative Examples
[vNZIePda08] figure_13.jpg -> classified as: Qualitative Examples
[vNZIePda08] figure_2.jpg -> classified as: Plots / Charts
[vNZIePda08] figure_11.jpg -> classified as: Qualitative Examples
[vNZIePda08] figure_7.jpg -> classified as: Plots / Charts
[vNZIePda08] figure_3.jpg -> classified as: Plots / Charts
[vNZIePda08] figure_4.jpg -> classified as: Plots / Charts
[vNZIePda08] figure_(a)_Dense.jpg -> classified as: Qualitative Examples
[vNZIePda08] figure_1.jpg -> classified as: Architecture Diagram
[vNZIePda08] figure_8.jpg -> classified as: Qualitative Examples
[vNZIePda08] figure_12.jpg -> classified as: Qualitative Examples
[vNZIePda08] figure_(a)_Dense_1.jpg -> classified as: Qualitative Examples
[vNZIePda08] figure_10.jpg -> classified as: Qualitative Examples
[vQ1y086Kn2] figure_5.jpg -> classified as: Plots / Charts
[vQ1y086Kn2] figure_6.jpg -> classified as: Qualitative Examples
[vQ1y086Kn2] figure_9.jpg -> classified as: Qualitative Examples
[vQ1y086Kn2] figure_13.jpg -> classified as: Other
  -> Skipping second pass (Other)
[vQ1y086Kn2] figure_15.jpg -> classified as: Plots / Charts
[vQ1y086Kn2] figure_2.jpg -> classified as: Architecture Diagram
[vQ1y086Kn2] figure_11.jpg -> classified as: Other
  -> Skipping second pass (Other)
[vQ1y086Kn2] figure_7.jpg -> classified as: Qualitative Examples
[vQ1y086Kn2] figure_3.jpg -> classified as: Qualitative Examples
[vQ1y086Kn2] figure_unnamed_figure.jpg -> classified as: Other
  -> Skipping second pass (Other)
[vQ1y086Kn2] figure_4.jpg -> classified as: Qualitative Examples
[vQ1y086Kn2] figure_1.jpg -> classified as: Qualitative Examples
[vQ1y086Kn2] figure_8.jpg -> classified as: Qualitative Examples
[vQ1y086Kn2] figure_14.jpg -> classified as: Plots / Charts
[vQ1y086Kn2] figure_10.jpg -> classified as: Plots / Charts
[vQFw9ryKyK] figure_5.jpg -> classified as: Qualitative Examples
[vQFw9ryKyK] figure_6.jpg -> classified as: Qualitative Examples
[vQFw9ryKyK] figure_2.jpg -> classified as: Architecture Diagram
[vQFw9ryKyK] figure_3.jpg -> classified as: Qualitative Examples
[vQFw9ryKyK] figure_4.jpg -> classified as: Qualitative Examples
[vQFw9ryKyK] figure_1.jpg -> classified as: Architecture Diagram
[vQxqcVGrhR] figure_5.jpg -> classified as: Qualitative Examples
[vQxqcVGrhR] figure_6.jpg -> classified as: Qualitative Examples
[vQxqcVGrhR] figure_2.jpg -> classified as: Qualitative Examples
[vQxqcVGrhR] figure_7.jpg -> classified as: Plots / Charts
[vQxqcVGrhR] figure_3.jpg -> classified as: Architecture Diagram
[vQxqcVGrhR] figure_4.jpg -> classified as: Architecture Diagram
[vQxqcVGrhR] figure_1.jpg -> classified as: Qualitative Examples
[vQxqcVGrhR] figure_8.jpg -> classified as: Qualitative Examples
[vSkcS3qnZk] figure_2.jpg -> classified as: Other
  -> Skipping second pass (Other)
[vSkcS3qnZk] figure_3.jpg -> classified as: Plots / Charts
[vSkcS3qnZk] figure_1.jpg -> classified as: Qualitative Examples
[vTdwuKUc5Z] figure_5.jpg -> classified as: Qualitative Examples
[vTdwuKUc5Z] figure_6.jpg -> classified as: Qualitative Examples
[vTdwuKUc5Z] figure_2.jpg -> classified as: Architecture Diagram
[vTdwuKUc5Z] figure_7.jpg -> classified as: Plots / Charts
[vTdwuKUc5Z] figure_3.jpg -> classified as: Qualitative Examples
[vTdwuKUc5Z] figure_4.jpg -> classified as: Architecture Diagram
[vTdwuKUc5Z] figure_1.jpg -> classified as: Qualitative Examples
[vW1SkPl4kp] figure_2.jpg -> classified as: Plots / Charts
[vW1SkPl4kp] figure_3.jpg -> classified as: Plots / Charts
[vW1SkPl4kp] figure_4.jpg -> classified as: Qualitative Examples
[vW1SkPl4kp] figure_1.jpg -> classified as: Plots / Charts
[vWR3KuiQur] figure_19.jpg -> classified as: Plots / Charts
[vWR3KuiQur] figure_6.jpg -> classified as: Plots / Charts
[vWR3KuiQur] figure_9.jpg -> classified as: Qualitative Examples
[vWR3KuiQur] figure_18.jpg -> classified as: Plots / Charts
[vWR3KuiQur] figure_13.jpg -> classified as: Qualitative Examples
[vWR3KuiQur] figure_15.jpg -> classified as: Qualitative Examples
[vWR3KuiQur] figure_2.jpg -> classified as: Plots / Charts
[vWR3KuiQur] figure_11.jpg -> classified as: Qualitative Examples
[vWR3KuiQur] figure_Prompt__Beautiful_nature.jpg -> classified as: Qualitative Examples
[vWR3KuiQur] figure_7.jpg -> classified as: Qualitative Examples
[vWR3KuiQur] figure_3.jpg -> classified as: Plots / Charts
[vWR3KuiQur] figure_4.jpg -> classified as: Plots / Charts
[vWR3KuiQur] figure_17.jpg -> classified as: Qualitative Examples
[vWR3KuiQur] figure_1.jpg -> classified as: Qualitative Examples
[vWR3KuiQur] figure_8.jpg -> classified as: Plots / Charts
[vWR3KuiQur] figure_12.jpg -> classified as: Qualitative Examples
[vWR3KuiQur] figure_16.jpg -> classified as: Qualitative Examples
[vWR3KuiQur] figure_10.jpg -> classified as: Qualitative Examples
[vXrIQLzIKY] figure_5.jpg -> classified as: Qualitative Examples
[vXrIQLzIKY] figure_2.jpg -> classified as: Qualitative Examples
[vXrIQLzIKY] figure_4.jpg -> classified as: Qualitative Examples
[vXrIQLzIKY] figure_1.jpg -> classified as: Architecture Diagram
[vYhglxSj8j] figure_Listing_17__one-shot.jpg -> classified as: Other
  -> Skipping second pass (Other)
[vYhglxSj8j] figure_5.jpg -> classified as: Plots / Charts
[vYhglxSj8j] figure_6.jpg -> classified as: Plots / Charts
[vYhglxSj8j] figure_9.jpg -> classified as: Plots / Charts
[vYhglxSj8j] figure_18.jpg -> classified as: Other
  -> Skipping second pass (Other)
[vYhglxSj8j] figure_13.jpg -> classified as: Plots / Charts
[vYhglxSj8j] figure_15.jpg -> classified as: Plots / Charts
[vYhglxSj8j] figure_2.jpg -> classified as: Architecture Diagram
[vYhglxSj8j] figure_11.jpg -> classified as: Plots / Charts
[vYhglxSj8j] figure_7.jpg -> classified as: Plots / Charts
[vYhglxSj8j] figure_Listing_1__An.jpg -> classified as: Other
  -> Skipping second pass (Other)
[vYhglxSj8j] figure_1.jpg -> classified as: Other
  -> Skipping second pass (Other)
[vYhglxSj8j] figure_12.jpg -> classified as: Plots / Charts
[vYhglxSj8j] figure_14.jpg -> classified as: Plots / Charts
[vYhglxSj8j] figure_16.jpg -> classified as: Plots / Charts
[vYhglxSj8j] figure_10.jpg -> classified as: Architecture Diagram
[vZK4pvHFd0] figure_5.jpg -> classified as: Plots / Charts
[vZK4pvHFd0] figure_2.jpg -> classified as: Architecture Diagram
[vZK4pvHFd0] figure_3.jpg -> classified as: Architecture Diagram
[vZK4pvHFd0] figure_4.jpg -> classified as: Qualitative Examples
[vZK4pvHFd0] figure_1.jpg -> classified as: Architecture Diagram
[va9hbzIggi] figure_A.jpg -> classified as: Qualitative Examples
[va9hbzIggi] figure_5.jpg -> classified as: Qualitative Examples
[va9hbzIggi] figure_2.jpg -> classified as: Qualitative Examples
[va9hbzIggi] figure_B.jpg -> classified as: Qualitative Examples
[va9hbzIggi] figure_3.jpg -> classified as: Architecture Diagram
[va9hbzIggi] figure_4.jpg -> classified as: Qualitative Examples
[va9hbzIggi] figure_C.jpg -> classified as: Qualitative Examples
[va9hbzIggi] figure_1.jpg -> classified as: Architecture Diagram
[vaEPihQsAA] figure_5.jpg -> classified as: Plots / Charts
[vaEPihQsAA] figure_9.jpg -> classified as: Plots / Charts
[vaEPihQsAA] figure_13.jpg -> classified as: Qualitative Examples
[vaEPihQsAA] figure_igure_6__(a).jpg -> classified as: Qualitative Examples
[vaEPihQsAA] figure_2.jpg -> classified as: Architecture Diagram
[vaEPihQsAA] figure_11.jpg -> classified as: Qualitative Examples
[vaEPihQsAA] figure_7.jpg -> classified as: Qualitative Examples
[vaEPihQsAA] figure_3.jpg -> classified as: Architecture Diagram
[vaEPihQsAA] figure_4.jpg -> classified as: Qualitative Examples
[vaEPihQsAA] figure_1.jpg -> classified as: Qualitative Examples
[vaEPihQsAA] figure_8.jpg -> classified as: Qualitative Examples
[vaEPihQsAA] figure_12.jpg -> classified as: Qualitative Examples
[vaEPihQsAA] figure_14.jpg -> classified as: Qualitative Examples
[vaEPihQsAA] figure_10.jpg -> classified as: Plots / Charts
[vbr1OKK19i] figure_a._Semantic_Entropy.jpg -> classified as: Plots / Charts
[vbr1OKK19i] figure_5.jpg -> classified as: Plots / Charts
[vbr1OKK19i] figure_6.jpg -> classified as: Plots / Charts
[vbr1OKK19i] figure_a._Di_erence.jpg -> classified as: Plots / Charts
[vbr1OKK19i] figure_2.jpg -> classified as: Plots / Charts
[vbr1OKK19i] figure_3.jpg -> classified as: Plots / Charts
[vbr1OKK19i] figure_4.jpg -> classified as: Plots / Charts
[vbr1OKK19i] figure_1.jpg -> classified as: Qualitative Examples
[vg7dECgAw2] figure_2.jpg -> classified as: Plots / Charts
[vg7dECgAw2] figure_3.jpg -> classified as: Plots / Charts
[vg7dECgAw2] figure_1.jpg -> classified as: Qualitative Examples
[vgZDcUetWS] figure_5.jpg -> classified as: Qualitative Examples
[vgZDcUetWS] figure_6.jpg -> classified as: Plots / Charts
[vgZDcUetWS] figure_2.jpg -> classified as: Plots / Charts
[vgZDcUetWS] figure_11.jpg -> classified as: Plots / Charts
[vgZDcUetWS] figure_7.jpg -> classified as: Plots / Charts
[vgZDcUetWS] figure_3.jpg -> classified as: Qualitative Examples
[vgZDcUetWS] figure_4.jpg -> classified as: Plots / Charts
[vgZDcUetWS] figure_1.jpg -> classified as: Architecture Diagram
[vgZDcUetWS] figure_8.jpg -> classified as: Plots / Charts
[vgZDcUetWS] figure_10.jpg -> classified as: Plots / Charts
[vh1e2WJfZp] figure_5.jpg -> classified as: Architecture Diagram
[vh1e2WJfZp] figure_6.jpg -> classified as: Qualitative Examples
[vh1e2WJfZp] figure_2.jpg -> classified as: Architecture Diagram
[vh1e2WJfZp] figure_3.jpg -> classified as: Architecture Diagram
[vh1e2WJfZp] figure_4.jpg -> classified as: Qualitative Examples
[vh1e2WJfZp] figure_1.jpg -> classified as: Qualitative Examples
[vi3DjUhFVm] figure_5.jpg -> classified as: Plots / Charts
[vi3DjUhFVm] figure_6.jpg -> classified as: Plots / Charts
[vi3DjUhFVm] figure_9.jpg -> classified as: Plots / Charts
[vi3DjUhFVm] figure_13.jpg -> classified as: Qualitative Examples
[vi3DjUhFVm] figure_15.jpg -> classified as: Qualitative Examples
[vi3DjUhFVm] figure_2.jpg -> classified as: Plots / Charts
[vi3DjUhFVm] figure_11.jpg -> classified as: Qualitative Examples
[vi3DjUhFVm] figure_7.jpg -> classified as: Qualitative Examples
[vi3DjUhFVm] figure_3.jpg -> classified as: Qualitative Examples
[vi3DjUhFVm] figure_4.jpg -> classified as: Qualitative Examples
[vi3DjUhFVm] figure_1.jpg -> classified as: Qualitative Examples
[vi3DjUhFVm] figure_8.jpg -> classified as: Plots / Charts
[vi3DjUhFVm] figure_16.jpg -> classified as: Qualitative Examples
[vi3DjUhFVm] figure_10.jpg -> classified as: Qualitative Examples
[vjHySpxDsv] figure_5.jpg -> classified as: Plots / Charts
[vjHySpxDsv] figure_6.jpg -> classified as: Qualitative Examples
[vjHySpxDsv] figure_2.jpg -> classified as: Qualitative Examples
[vjHySpxDsv] figure_3.jpg -> classified as: Qualitative Examples
[vjHySpxDsv] figure_4.jpg -> classified as: Qualitative Examples
[vjHySpxDsv] figure_1.jpg -> classified as: Architecture Diagram
[vkOFOUDLTn] figure_5.jpg -> classified as: Plots / Charts
[vkOFOUDLTn] figure_6.jpg -> classified as: Plots / Charts
[vkOFOUDLTn] figure_2.jpg -> classified as: Architecture Diagram
[vkOFOUDLTn] figure_7.jpg -> classified as: Plots / Charts
[vkOFOUDLTn] figure_3.jpg -> classified as: Plots / Charts
[vkOFOUDLTn] figure_4.jpg -> classified as: Plots / Charts
[vkOFOUDLTn] figure_1.jpg -> classified as: Qualitative Examples
[vkOFOUDLTn] figure_8.jpg -> classified as: Qualitative Examples
[vkakKdznFS] figure_19.jpg -> classified as: Qualitative Examples
[vkakKdznFS] figure_6.jpg -> classified as: Plots / Charts
[vkakKdznFS] figure_9.jpg -> classified as: Qualitative Examples
[vkakKdznFS] figure_18.jpg -> classified as: Qualitative Examples
[vkakKdznFS] figure_13.jpg -> classified as: Plots / Charts
[vkakKdznFS] figure_15.jpg -> classified as: Qualitative Examples
[vkakKdznFS] figure_2.jpg -> classified as: Architecture Diagram
[vkakKdznFS] figure_20.jpg -> classified as: Qualitative Examples
[vkakKdznFS] figure_7.jpg -> classified as: Qualitative Examples
[vkakKdznFS] figure_3.jpg -> classified as: Plots / Charts
[vkakKdznFS] figure_4.jpg -> classified as: Qualitative Examples
[vkakKdznFS] figure_17.jpg -> classified as: Qualitative Examples
[vkakKdznFS] figure_1.jpg -> classified as: Architecture Diagram
[vkakKdznFS] figure_8.jpg -> classified as: Plots / Charts
[vkakKdznFS] figure_16.jpg -> classified as: Qualitative Examples
[vkakKdznFS] figure_10.jpg -> classified as: Qualitative Examples
[vkj5ARRCeY] figure_5.jpg -> classified as: Qualitative Examples
[vkj5ARRCeY] figure_6.jpg -> classified as: Qualitative Examples
[vkj5ARRCeY] figure_9.jpg -> classified as: Plots / Charts
[vkj5ARRCeY] figure_2.jpg -> classified as: Qualitative Examples
[vkj5ARRCeY] figure_11.jpg -> classified as: Qualitative Examples
[vkj5ARRCeY] figure_7.jpg -> classified as: Qualitative Examples
[vkj5ARRCeY] figure_3.jpg -> classified as: Architecture Diagram
[vkj5ARRCeY] figure_4.jpg -> classified as: Qualitative Examples
[vkj5ARRCeY] figure_1.jpg -> classified as: Qualitative Examples
[vkj5ARRCeY] figure_8.jpg -> classified as: Architecture Diagram
[vkj5ARRCeY] figure_10.jpg -> classified as: Qualitative Examples
[vl7kf0YHwj] figure_5.jpg -> classified as: Plots / Charts
[vl7kf0YHwj] figure_6.jpg -> classified as: Plots / Charts
[vl7kf0YHwj] figure_9.jpg -> classified as: Qualitative Examples
[vl7kf0YHwj] figure_2.jpg -> classified as: Architecture Diagram
[vl7kf0YHwj] figure_7.jpg -> classified as: Plots / Charts
[vl7kf0YHwj] figure_3.jpg -> classified as: Architecture Diagram
[vl7kf0YHwj] figure_4.jpg -> classified as: Qualitative Examples
[vl7kf0YHwj] figure_1.jpg -> classified as: Architecture Diagram
[vl7kf0YHwj] figure_8.jpg -> classified as: Qualitative Examples
[vl7kf0YHwj] figure_10.jpg -> classified as: Qualitative Examples
[vlOfFI9vWO] figure_2.jpg -> classified as: Qualitative Examples
[vlOfFI9vWO] figure_3.jpg -> classified as: Plots / Charts
[vlOfFI9vWO] figure_4.jpg -> classified as: Plots / Charts
[vlOfFI9vWO] figure_1.jpg -> classified as: Architecture Diagram
[vlg5WRKHxh] figure_2.jpg -> classified as: Architecture Diagram
[vlg5WRKHxh] figure_3.jpg -> classified as: Qualitative Examples
[vlg5WRKHxh] figure_4.jpg -> classified as: Architecture Diagram
[vlg5WRKHxh] figure_1.jpg -> classified as: Qualitative Examples
[vmulbBDCan] figure_5.jpg -> classified as: Plots / Charts
[vmulbBDCan] figure_6.jpg -> classified as: Qualitative Examples
[vmulbBDCan] figure_9.jpg -> classified as: Qualitative Examples
[vmulbBDCan] figure_13.jpg -> classified as: Qualitative Examples
[vmulbBDCan] figure_15.jpg -> classified as: Qualitative Examples
[vmulbBDCan] figure_2.jpg -> classified as: Qualitative Examples
[vmulbBDCan] figure_11.jpg -> classified as: Plots / Charts
[vmulbBDCan] figure_7.jpg -> classified as: Qualitative Examples
[vmulbBDCan] figure_3.jpg -> classified as: Plots / Charts
[vmulbBDCan] figure_4.jpg -> classified as: Plots / Charts
[vmulbBDCan] figure_1.jpg -> classified as: Qualitative Examples
[vmulbBDCan] figure_8.jpg -> classified as: Qualitative Examples
[vmulbBDCan] figure_12.jpg -> classified as: Qualitative Examples
[vmulbBDCan] figure_14.jpg -> classified as: Qualitative Examples
[vmulbBDCan] figure_10.jpg -> classified as: Plots / Charts
[vngVydDWft] figure_5.jpg -> classified as: Qualitative Examples
[vngVydDWft] figure_6.jpg -> classified as: Plots / Charts
[vngVydDWft] figure_9.jpg -> classified as: Plots / Charts
[vngVydDWft] figure_13.jpg -> classified as: Plots / Charts
[vngVydDWft] figure_11.jpg -> classified as: Architecture Diagram
[vngVydDWft] figure_7.jpg -> classified as: Qualitative Examples
[vngVydDWft] figure_3.jpg -> classified as: Plots / Charts
[vngVydDWft] figure_4.jpg -> classified as: Plots / Charts
[vngVydDWft] figure_1.jpg -> classified as: Plots / Charts
[vngVydDWft] figure_8.jpg -> classified as: Plots / Charts
[vngVydDWft] figure_12.jpg -> classified as: Plots / Charts
[vngVydDWft] figure_14.jpg -> classified as: Plots / Charts
[vngVydDWft] figure_10.jpg -> classified as: Plots / Charts
[vo5Md2RCWq] figure_5.jpg -> classified as: Architecture Diagram
[vo5Md2RCWq] figure_6.jpg -> classified as: Qualitative Examples
[vo5Md2RCWq] figure_2.jpg -> classified as: Qualitative Examples
[vo5Md2RCWq] figure_7.jpg -> classified as: Plots / Charts
[vo5Md2RCWq] figure_3.jpg -> classified as: Other
  -> Skipping second pass (Other)
[vo5Md2RCWq] figure_4.jpg -> classified as: Plots / Charts
[vo5Md2RCWq] figure_1.jpg -> classified as: Plots / Charts
[voYshhbWeJ] figure_5.jpg -> classified as: Plots / Charts
[voYshhbWeJ] figure_3.jpg -> classified as: Plots / Charts
[voYshhbWeJ] figure_4.jpg -> classified as: Other
  -> Skipping second pass (Other)
[voYshhbWeJ] figure_1.jpg -> classified as: Architecture Diagram
[vpJMJerXHU] figure_5.jpg -> classified as: Architecture Diagram
[vpJMJerXHU] figure_6.jpg -> classified as: Architecture Diagram
[vpJMJerXHU] figure_9.jpg -> classified as: Architecture Diagram
[vpJMJerXHU] figure_13.jpg -> classified as: Plots / Charts
[vpJMJerXHU] figure_15.jpg -> classified as: Plots / Charts
[vpJMJerXHU] figure_2.jpg -> classified as: Architecture Diagram
[vpJMJerXHU] figure_11.jpg -> classified as: Plots / Charts
[vpJMJerXHU] figure_7.jpg -> classified as: Plots / Charts
[vpJMJerXHU] figure_3.jpg -> classified as: Plots / Charts
[vpJMJerXHU] figure_4.jpg -> classified as: Plots / Charts
[vpJMJerXHU] figure_1.jpg -> classified as: Plots / Charts
[vpJMJerXHU] figure_8.jpg -> classified as: Architecture Diagram
[vpJMJerXHU] figure_12.jpg -> classified as: Architecture Diagram
[vpJMJerXHU] figure_14.jpg -> classified as: Plots / Charts
[vpJMJerXHU] figure_16.jpg -> classified as: Plots / Charts
[vpJMJerXHU] figure_10.jpg -> classified as: Architecture Diagram
[vqgDq1uycO] figure_6.jpg -> classified as: Plots / Charts
[vqgDq1uycO] figure_2.jpg -> classified as: Architecture Diagram
[vqgDq1uycO] figure_11.jpg -> classified as: Qualitative Examples
[vqgDq1uycO] figure_7.jpg -> classified as: Qualitative Examples
[vqgDq1uycO] figure_3.jpg -> classified as: Plots / Charts
[vqgDq1uycO] figure_4.jpg -> classified as: Plots / Charts
[vqgDq1uycO] figure_1.jpg -> classified as: Qualitative Examples
[vqgDq1uycO] figure_8.jpg -> classified as: Qualitative Examples
[vqgDq1uycO] figure_12.jpg -> classified as: Qualitative Examples
[vqgDq1uycO] figure_Something-Something_v2_-.jpg -> classified as: Plots / Charts
[vqgDq1uycO] figure_10.jpg -> classified as: Qualitative Examples
[vrCT5uCdYp] figure_5.jpg -> classified as: Plots / Charts
[vrCT5uCdYp] figure_6.jpg -> classified as: Qualitative Examples
[vrCT5uCdYp] figure_2.jpg -> classified as: Qualitative Examples
[vrCT5uCdYp] figure_7.jpg -> classified as: Plots / Charts
[vrCT5uCdYp] figure_3.jpg -> classified as: Architecture Diagram
[vrCT5uCdYp] figure_4.jpg -> classified as: Plots / Charts
[vrCT5uCdYp] figure_1.jpg -> classified as: Architecture Diagram
[vuK8MhVtuu] figure_(a)_Test_OD.jpg -> classified as: Qualitative Examples
[vuK8MhVtuu] figure_5.jpg -> classified as: Architecture Diagram
[vuK8MhVtuu] figure_6.jpg -> classified as: Qualitative Examples
[vuK8MhVtuu] figure_9.jpg -> classified as: Plots / Charts
[vuK8MhVtuu] figure_7.jpg -> classified as: Plots / Charts
[vuK8MhVtuu] figure_3.jpg -> classified as: Plots / Charts
[vuK8MhVtuu] figure_4.jpg -> classified as: Architecture Diagram
[vuK8MhVtuu] figure_1.jpg -> classified as: Qualitative Examples
[vvD4ilobth] figure_2.jpg -> classified as: Architecture Diagram
[vvD4ilobth] figure_3.jpg -> classified as: Architecture Diagram
[vvD4ilobth] figure_4.jpg -> classified as: Architecture Diagram
[vvD4ilobth] figure_1.jpg -> classified as: Architecture Diagram
[vvi5OjPhbu] figure_2.jpg -> classified as: Plots / Charts
[vvi5OjPhbu] figure_3.jpg -> classified as: Qualitative Examples
[vvi5OjPhbu] figure_4.jpg -> classified as: Other
  -> Skipping second pass (Other)
[vvi5OjPhbu] figure_1.jpg -> classified as: Qualitative Examples
[vwENIgfZdQ] figure_A7.jpg -> classified as: Qualitative Examples
[vwENIgfZdQ] figure_5.jpg -> classified as: Other
  -> Skipping second pass (Other)
[vwENIgfZdQ] figure_A1.jpg -> classified as: Other
  -> Skipping second pass (Other)
[vwENIgfZdQ] figure_6.jpg -> classified as: Architecture Diagram
[vwENIgfZdQ] figure_A8.jpg -> classified as: Qualitative Examples
[vwENIgfZdQ] figure_A2.jpg -> classified as: Plots / Charts
[vwENIgfZdQ] figure_9.jpg -> classified as: Qualitative Examples
[vwENIgfZdQ] figure_A12.jpg -> classified as: Qualitative Examples
[vwENIgfZdQ] figure_2.jpg -> classified as: Plots / Charts
[vwENIgfZdQ] figure_A11.jpg -> classified as: Other
  -> Skipping second pass (Other)
[vwENIgfZdQ] figure_11.jpg -> classified as: Qualitative Examples
[vwENIgfZdQ] figure_A16.jpg -> classified as: Qualitative Examples
[vwENIgfZdQ] figure_7.jpg -> classified as: Plots / Charts
[vwENIgfZdQ] figure_3.jpg -> classified as: Qualitative Examples
[vwENIgfZdQ] figure_A15.jpg -> classified as: Qualitative Examples
[vwENIgfZdQ] figure_4.jpg -> classified as: Plots / Charts
[vwENIgfZdQ] figure_A6.jpg -> classified as: Qualitative Examples
[vwENIgfZdQ] figure_A13.jpg -> classified as: Qualitative Examples
[vwENIgfZdQ] figure_1.jpg -> classified as: Qualitative Examples
[vwENIgfZdQ] figure_A14.jpg -> classified as: Qualitative Examples
[vwENIgfZdQ] figure_A4.jpg -> classified as: Architecture Diagram
[vwENIgfZdQ] figure_A5.jpg -> classified as: Qualitative Examples
[vwENIgfZdQ] figure_8.jpg -> classified as: Plots / Charts
[vwENIgfZdQ] figure_A9.jpg -> classified as: Qualitative Examples
[vwENIgfZdQ] figure_A3.jpg -> classified as: Qualitative Examples
[vwENIgfZdQ] figure_10.jpg -> classified as: Plots / Charts
[vwOq7twk7L] figure_5.jpg -> classified as: Other
  -> Skipping second pass (Other)
[vwOq7twk7L] figure_A1.jpg -> classified as: Plots / Charts
[vwOq7twk7L] figure_A2.jpg -> classified as: Plots / Charts
[vwOq7twk7L] figure_2.jpg -> classified as: Plots / Charts
[vwOq7twk7L] figure_7.jpg -> classified as: Plots / Charts
[vwOq7twk7L] figure_4.jpg -> classified as: Plots / Charts
[vwOq7twk7L] figure_1.jpg -> classified as: Qualitative Examples
[vwOq7twk7L] figure_A3.jpg -> classified as: Qualitative Examples
[vwSxJEq8VO] figure_6.jpg -> classified as: Architecture Diagram
[vwSxJEq8VO] figure_3.jpg -> classified as: Other
  -> Skipping second pass (Other)
[vwSxJEq8VO] figure_4.jpg -> classified as: Other
  -> Skipping second pass (Other)
[vwSxJEq8VO] figure_1.jpg -> classified as: Architecture Diagram
[vwlryNhWp7] figure_1.jpg -> classified as: Architecture Diagram
[vxBvr5ZpIu] figure_5.jpg -> classified as: Plots / Charts
[vxBvr5ZpIu] figure_6.jpg -> classified as: Qualitative Examples
[vxBvr5ZpIu] figure_2.jpg -> classified as: Plots / Charts
[vxBvr5ZpIu] figure_7.jpg -> classified as: Plots / Charts
[vxBvr5ZpIu] figure_3.jpg -> classified as: Qualitative Examples
[vxBvr5ZpIu] figure_4.jpg -> classified as: Plots / Charts
[vxBvr5ZpIu] figure_1.jpg -> classified as: Plots / Charts
[vxBvr5ZpIu] figure_8.jpg -> classified as: Plots / Charts
[vxrtEHc97c] figure_5.jpg -> classified as: Plots / Charts
[vxrtEHc97c] figure_6.jpg -> classified as: Plots / Charts
[vxrtEHc97c] figure_9.jpg -> classified as: Plots / Charts
[vxrtEHc97c] figure_2.jpg -> classified as: Plots / Charts
[vxrtEHc97c] figure_11.jpg -> classified as: Plots / Charts
[vxrtEHc97c] figure_7.jpg -> classified as: Plots / Charts
[vxrtEHc97c] figure_3.jpg -> classified as: Other
  -> Skipping second pass (Other)
[vxrtEHc97c] figure_4.jpg -> classified as: Plots / Charts
[vxrtEHc97c] figure_1.jpg -> classified as: Plots / Charts
[vxrtEHc97c] figure_8.jpg -> classified as: Plots / Charts
[vxrtEHc97c] figure_10.jpg -> classified as: Plots / Charts
[w1Pwcx5hPp] figure_5.jpg -> classified as: Plots / Charts
[w1Pwcx5hPp] figure_6.jpg -> classified as: Qualitative Examples
[w1Pwcx5hPp] figure_2.jpg -> classified as: Architecture Diagram
[w1Pwcx5hPp] figure_7.jpg -> classified as: Plots / Charts
[w1Pwcx5hPp] figure_3.jpg -> classified as: Architecture Diagram
[w1Pwcx5hPp] figure_4.jpg -> classified as: Qualitative Examples
[w1Pwcx5hPp] figure_1.jpg -> classified as: Qualitative Examples
[w2HL7yuWE2] figure_6.jpg -> classified as: Plots / Charts
[w2HL7yuWE2] figure_2.jpg -> classified as: Plots / Charts
[w2HL7yuWE2] figure_7.jpg -> classified as: Plots / Charts
[w2HL7yuWE2] figure_3.jpg -> classified as: Plots / Charts
[w2HL7yuWE2] figure_4.jpg -> classified as: Plots / Charts
[w2HL7yuWE2] figure_1.jpg -> classified as: Qualitative Examples
[w2HL7yuWE2] figure_8.jpg -> classified as: Plots / Charts
[w2HYVwXhMh] figure_5.jpg -> classified as: Qualitative Examples
[w2HYVwXhMh] figure_6.jpg -> classified as: Qualitative Examples
[w2HYVwXhMh] figure_2.jpg -> classified as: Architecture Diagram
[w2HYVwXhMh] figure_3.jpg -> classified as: Qualitative Examples
[w2HYVwXhMh] figure_4.jpg -> classified as: Qualitative Examples
[w2HYVwXhMh] figure_1.jpg -> classified as: Architecture Diagram
[w3YZ9MSlBu] figure_5.jpg -> classified as: Plots / Charts
[w3YZ9MSlBu] figure_6.jpg -> classified as: Plots / Charts
[w3YZ9MSlBu] figure_2.jpg -> classified as: Plots / Charts
[w3YZ9MSlBu] figure_3.jpg -> classified as: Plots / Charts
[w3YZ9MSlBu] figure_4.jpg -> classified as: Plots / Charts
[w3YZ9MSlBu] figure_1.jpg -> classified as: Architecture Diagram
[w49jlMWDSA] figure_Large_Pre-trained_Captioning.jpg -> classified as: Qualitative Examples
[w49jlMWDSA] figure_5.jpg -> classified as: Qualitative Examples
[w49jlMWDSA] figure_6.jpg -> classified as: Qualitative Examples
[w49jlMWDSA] figure_2.jpg -> classified as: Architecture Diagram
[w49jlMWDSA] figure_11.jpg -> classified as: Qualitative Examples
[w49jlMWDSA] figure_7.jpg -> classified as: Qualitative Examples
[w49jlMWDSA] figure_3.jpg -> classified as: Architecture Diagram
[w49jlMWDSA] figure_4.jpg -> classified as: Qualitative Examples
[w49jlMWDSA] figure_1.jpg -> classified as: Architecture Diagram
[w49jlMWDSA] figure_8.jpg -> classified as: Qualitative Examples
[w49jlMWDSA] figure_10.jpg -> classified as: Qualitative Examples
[w4C4z80w59] figure_19.jpg -> classified as: Qualitative Examples
[w4C4z80w59] figure_5.jpg -> classified as: Qualitative Examples
[w4C4z80w59] figure_6.jpg -> classified as: Qualitative Examples
[w4C4z80w59] figure_9.jpg -> classified as: Qualitative Examples
[w4C4z80w59] figure_18.jpg -> classified as: Qualitative Examples
[w4C4z80w59] figure_13.jpg -> classified as: Plots / Charts
[w4C4z80w59] figure_15.jpg -> classified as: Qualitative Examples
[w4C4z80w59] figure_2.jpg -> classified as: Architecture Diagram
[w4C4z80w59] figure_11.jpg -> classified as: Plots / Charts
[w4C4z80w59] figure_7.jpg -> classified as: Qualitative Examples
[w4C4z80w59] figure_3.jpg -> classified as: Qualitative Examples
[w4C4z80w59] figure_4.jpg -> classified as: Plots / Charts
[w4C4z80w59] figure_17.jpg -> classified as: Qualitative Examples
[w4C4z80w59] figure_1.jpg -> classified as: Plots / Charts
[w4C4z80w59] figure_8.jpg -> classified as: Qualitative Examples
[w4C4z80w59] figure_12.jpg -> classified as: Qualitative Examples
[w4C4z80w59] figure_14.jpg -> classified as: Plots / Charts
[w4C4z80w59] figure_16.jpg -> classified as: Plots / Charts
[w4C4z80w59] figure_10.jpg -> classified as: Plots / Charts
[w6YS9A78fq] figure_5.jpg -> classified as: Qualitative Examples
[w6YS9A78fq] figure_2.jpg -> classified as: Other
  -> Skipping second pass (Other)
[w6YS9A78fq] figure_7.jpg -> classified as: Qualitative Examples
[w6YS9A78fq] figure_3.jpg -> classified as: Architecture Diagram
[w6YS9A78fq] figure_4.jpg -> classified as: Qualitative Examples
[w6YS9A78fq] figure_1.jpg -> classified as: Qualitative Examples
[w73feIekdO] figure_5.jpg -> classified as: Qualitative Examples
[w73feIekdO] figure_6.jpg -> classified as: Plots / Charts
[w73feIekdO] figure_2.jpg -> classified as: Plots / Charts
[w73feIekdO] figure_3.jpg -> classified as: Plots / Charts
[w73feIekdO] figure_4.jpg -> classified as: Qualitative Examples
[w73feIekdO] figure_1.jpg -> classified as: Qualitative Examples
[w8LMtFY97b] figure_5.jpg -> classified as: Qualitative Examples
[w8LMtFY97b] figure_6.jpg -> classified as: Qualitative Examples
[w8LMtFY97b] figure_2.jpg -> classified as: Plots / Charts
[w8LMtFY97b] figure_3.jpg -> classified as: Qualitative Examples
[w8LMtFY97b] figure_(f)_Variance_(g).jpg -> classified as: Qualitative Examples
[w8LMtFY97b] figure_1.jpg -> classified as: Architecture Diagram
[w9tc699w3Z] figure_5.jpg -> classified as: Qualitative Examples
[w9tc699w3Z] figure_6.jpg -> classified as: Qualitative Examples
[w9tc699w3Z] figure_9.jpg -> classified as: Architecture Diagram
[w9tc699w3Z] figure_2.jpg -> classified as: Qualitative Examples
[w9tc699w3Z] figure_11.jpg -> classified as: Plots / Charts
[w9tc699w3Z] figure_7.jpg -> classified as: Plots / Charts
[w9tc699w3Z] figure_3.jpg -> classified as: Architecture Diagram
[w9tc699w3Z] figure_4.jpg -> classified as: Plots / Charts
[w9tc699w3Z] figure_1.jpg -> classified as: Architecture Diagram
[w9tc699w3Z] figure_8.jpg -> classified as: Qualitative Examples
[w9tc699w3Z] figure_10.jpg -> classified as: Qualitative Examples
[wAXsx2MYgV] figure_19.jpg -> classified as: Plots / Charts
[wAXsx2MYgV] figure_5.jpg -> classified as: Plots / Charts
[wAXsx2MYgV] figure_6.jpg -> classified as: Plots / Charts
[wAXsx2MYgV] figure_9.jpg -> classified as: Plots / Charts
[wAXsx2MYgV] figure_22.jpg -> classified as: Plots / Charts
[wAXsx2MYgV] figure_18.jpg -> classified as: Plots / Charts
[wAXsx2MYgV] figure_13.jpg -> classified as: Qualitative Examples
[wAXsx2MYgV] figure_15.jpg -> classified as: Plots / Charts
[wAXsx2MYgV] figure_2.jpg -> classified as: Plots / Charts
[wAXsx2MYgV] figure_20.jpg -> classified as: Plots / Charts
[wAXsx2MYgV] figure_11.jpg -> classified as: Plots / Charts
[wAXsx2MYgV] figure_7.jpg -> classified as: Plots / Charts
[wAXsx2MYgV] figure_3.jpg -> classified as: Plots / Charts
[wAXsx2MYgV] figure_4.jpg -> classified as: Plots / Charts
[wAXsx2MYgV] figure_17.jpg -> classified as: Plots / Charts
[wAXsx2MYgV] figure_1.jpg -> classified as: Architecture Diagram
[wAXsx2MYgV] figure_8.jpg -> classified as: Plots / Charts
[wAXsx2MYgV] figure_12.jpg -> classified as: Plots / Charts
[wAXsx2MYgV] figure_21.jpg -> classified as: Plots / Charts
[wAXsx2MYgV] figure_14.jpg -> classified as: Plots / Charts
[wAXsx2MYgV] figure_16.jpg -> classified as: Plots / Charts
[wAXsx2MYgV] figure_10.jpg -> classified as: Plots / Charts
[wAsjsSe0U6] figure_19.jpg -> classified as: Qualitative Examples
[wAsjsSe0U6] figure_5.jpg -> classified as: Plots / Charts
[wAsjsSe0U6] figure_6.jpg -> classified as: Plots / Charts
[wAsjsSe0U6] figure_9.jpg -> classified as: Qualitative Examples
[wAsjsSe0U6] figure_18.jpg -> classified as: Qualitative Examples
[wAsjsSe0U6] figure_13.jpg -> classified as: Qualitative Examples
[wAsjsSe0U6] figure_15.jpg -> classified as: Plots / Charts
[wAsjsSe0U6] figure_2.jpg -> classified as: Qualitative Examples
[wAsjsSe0U6] figure_11.jpg -> classified as: Plots / Charts
[wAsjsSe0U6] figure_7.jpg -> classified as: Qualitative Examples
[wAsjsSe0U6] figure_3.jpg -> classified as: Qualitative Examples
[wAsjsSe0U6] figure_4.jpg -> classified as: Plots / Charts
[wAsjsSe0U6] figure_17.jpg -> classified as: Qualitative Examples
[wAsjsSe0U6] figure_1.jpg -> classified as: Plots / Charts
[wAsjsSe0U6] figure_8.jpg -> classified as: Architecture Diagram
[wAsjsSe0U6] figure_12.jpg -> classified as: Plots / Charts
[wAsjsSe0U6] figure_14.jpg -> classified as: Plots / Charts
[wAsjsSe0U6] figure_16.jpg -> classified as: Plots / Charts
[wAsjsSe0U6] figure_10.jpg -> classified as: Plots / Charts
[wAyTOazvN0] figure_5.jpg -> classified as: Plots / Charts
[wAyTOazvN0] figure_6.jpg -> classified as: Plots / Charts
[wAyTOazvN0] figure_9.jpg -> classified as: Plots / Charts
[wAyTOazvN0] figure_2.jpg -> classified as: Plots / Charts
[wAyTOazvN0] figure_7.jpg -> classified as: Plots / Charts
[wAyTOazvN0] figure_3.jpg -> classified as: Plots / Charts
[wAyTOazvN0] figure_4.jpg -> classified as: Plots / Charts
[wAyTOazvN0] figure_1.jpg -> classified as: Architecture Diagram
[wAyTOazvN0] figure_8.jpg -> classified as: Plots / Charts
[wAyTOazvN0] figure_10.jpg -> classified as: Plots / Charts
[wCXAlfvCy6] figure_5.jpg -> classified as: Architecture Diagram
[wCXAlfvCy6] figure_6.jpg -> classified as: Architecture Diagram
[wCXAlfvCy6] figure_9.jpg -> classified as: Plots / Charts
[wCXAlfvCy6] figure_13.jpg -> classified as: Qualitative Examples
[wCXAlfvCy6] figure_2.jpg -> classified as: Plots / Charts
[wCXAlfvCy6] figure_11.jpg -> classified as: Plots / Charts
[wCXAlfvCy6] figure_7.jpg -> classified as: Architecture Diagram
[wCXAlfvCy6] figure_3.jpg -> classified as: Plots / Charts
[wCXAlfvCy6] figure_4.jpg -> classified as: Plots / Charts
[wCXAlfvCy6] figure_1.jpg -> classified as: Architecture Diagram
[wCXAlfvCy6] figure_8.jpg -> classified as: Plots / Charts
[wCXAlfvCy6] figure_12.jpg -> classified as: Plots / Charts
[wCXAlfvCy6] figure_14.jpg -> classified as: Other
  -> Skipping second pass (Other)
[wCXAlfvCy6] figure_10.jpg -> classified as: Plots / Charts
[wDd4Zcnc08] figure_5.jpg -> classified as: Plots / Charts
[wDd4Zcnc08] figure_6.jpg -> classified as: Plots / Charts
[wDd4Zcnc08] figure_2.jpg -> classified as: Architecture Diagram
[wDd4Zcnc08] figure_7.jpg -> classified as: Plots / Charts
[wDd4Zcnc08] figure_3.jpg -> classified as: Plots / Charts
[wDd4Zcnc08] figure_4.jpg -> classified as: Plots / Charts
[wDd4Zcnc08] figure_1.jpg -> classified as: Architecture Diagram
[wFs2E5wCw6] figure_2.jpg -> classified as: Architecture Diagram
[wFs2E5wCw6] figure_3.jpg -> classified as: Qualitative Examples
[wFs2E5wCw6] figure_4.jpg -> classified as: Qualitative Examples
[wFs2E5wCw6] figure_1.jpg -> classified as: Qualitative Examples
[wGVOxplEbf] figure_5.jpg -> classified as: Plots / Charts
[wGVOxplEbf] figure_6.jpg -> classified as: Plots / Charts
[wGVOxplEbf] figure_2.jpg -> classified as: Plots / Charts
[wGVOxplEbf] figure_7.jpg -> classified as: Qualitative Examples
[wGVOxplEbf] figure_3.jpg -> classified as: Plots / Charts
[wGVOxplEbf] figure_4.jpg -> classified as: Architecture Diagram
[wGVOxplEbf] figure_1.jpg -> classified as: Architecture Diagram
[wGa2plE8ka] figure_A10.jpg -> classified as: Qualitative Examples
[wGa2plE8ka] figure_A7.jpg -> classified as: Qualitative Examples
[wGa2plE8ka] figure_5.jpg -> classified as: Qualitative Examples
[wGa2plE8ka] figure_A8.jpg -> classified as: Architecture Diagram
[wGa2plE8ka] figure_A12.jpg -> classified as: Plots / Charts
[wGa2plE8ka] figure_2.jpg -> classified as: Architecture Diagram
[wGa2plE8ka] figure_A11.jpg -> classified as: Qualitative Examples
[wGa2plE8ka] figure_3.jpg -> classified as: Architecture Diagram
[wGa2plE8ka] figure_4.jpg -> classified as: Qualitative Examples
[wGa2plE8ka] figure_A6.jpg -> classified as: Plots / Charts
[wGa2plE8ka] figure_A13.jpg -> classified as: Qualitative Examples
[wGa2plE8ka] figure_1.jpg -> classified as: Qualitative Examples
[wGa2plE8ka] figure_A9.jpg -> classified as: Plots / Charts
[wH8XXUOUZU] figure_Prompt__a_beautiful.jpg -> classified as: Qualitative Examples
[wH8XXUOUZU] figure_Prompt__logo_of.jpg -> classified as: Other
  -> Skipping second pass (Other)
[wH8XXUOUZU] figure_5.jpg -> classified as: Qualitative Examples
[wH8XXUOUZU] figure_6.jpg -> classified as: Architecture Diagram
[wH8XXUOUZU] figure_9.jpg -> classified as: Plots / Charts
[wH8XXUOUZU] figure_13.jpg -> classified as: Qualitative Examples
[wH8XXUOUZU] figure_15.jpg -> classified as: Qualitative Examples
[wH8XXUOUZU] figure_2.jpg -> classified as: Plots / Charts
[wH8XXUOUZU] figure_11.jpg -> classified as: Plots / Charts
[wH8XXUOUZU] figure_7.jpg -> classified as: Plots / Charts
[wH8XXUOUZU] figure_3.jpg -> classified as: Plots / Charts
[wH8XXUOUZU] figure_4.jpg -> classified as: Architecture Diagram
[wH8XXUOUZU] figure_1.jpg -> classified as: Architecture Diagram
[wH8XXUOUZU] figure_8.jpg -> classified as: Qualitative Examples
[wH8XXUOUZU] figure_14.jpg -> classified as: Qualitative Examples
[wH8XXUOUZU] figure_16.jpg -> classified as: Qualitative Examples
[wH8XXUOUZU] figure_10.jpg -> classified as: Architecture Diagram
[wHLDHRkmEu] figure_5.jpg -> classified as: Qualitative Examples
[wHLDHRkmEu] figure_6.jpg -> classified as: Qualitative Examples
[wHLDHRkmEu] figure_2.jpg -> classified as: Architecture Diagram
[wHLDHRkmEu] figure_7.jpg -> classified as: Qualitative Examples
[wHLDHRkmEu] figure_3.jpg -> classified as: Qualitative Examples
[wHLDHRkmEu] figure_4.jpg -> classified as: Qualitative Examples
[wHLDHRkmEu] figure_1.jpg -> classified as: Qualitative Examples
[wHebuIb6IH] figure_5.jpg -> classified as: Qualitative Examples
[wHebuIb6IH] figure_6.jpg -> classified as: Qualitative Examples
[wHebuIb6IH] figure_2.jpg -> classified as: Architecture Diagram
[wHebuIb6IH] figure_7.jpg -> classified as: Qualitative Examples
[wHebuIb6IH] figure_3.jpg -> classified as: Qualitative Examples
[wHebuIb6IH] figure_4.jpg -> classified as: Qualitative Examples
[wHebuIb6IH] figure_1.jpg -> classified as: Qualitative Examples
[wHebuIb6IH] figure_8.jpg -> classified as: Plots / Charts
[wHlYlC2TCM] figure_2.jpg -> classified as: Qualitative Examples
[wHlYlC2TCM] figure_3.jpg -> classified as: Qualitative Examples
[wHlYlC2TCM] figure_1.jpg -> classified as: Architecture Diagram
[wJGXiHQwpZ] figure_5.jpg -> classified as: Qualitative Examples
[wJGXiHQwpZ] figure_6.jpg -> classified as: Qualitative Examples
[wJGXiHQwpZ] figure_2.jpg -> classified as: Qualitative Examples
[wJGXiHQwpZ] figure_7.jpg -> classified as: Plots / Charts
[wJGXiHQwpZ] figure_3.jpg -> classified as: Qualitative Examples
[wJGXiHQwpZ] figure_4.jpg -> classified as: Plots / Charts
[wJGXiHQwpZ] figure_1.jpg -> classified as: Architecture Diagram
[wJGXiHQwpZ] figure_8.jpg -> classified as: Qualitative Examples
[wJlzUR5sFl] figure_5.jpg -> classified as: Qualitative Examples
[wJlzUR5sFl] figure_6.jpg -> classified as: Architecture Diagram
[wJlzUR5sFl] figure_9.jpg -> classified as: Plots / Charts
[wJlzUR5sFl] figure_13.jpg -> classified as: Qualitative Examples
[wJlzUR5sFl] figure_2.jpg -> classified as: Plots / Charts
[wJlzUR5sFl] figure_11.jpg -> classified as: Plots / Charts
[wJlzUR5sFl] figure_7.jpg -> classified as: Plots / Charts
[wJlzUR5sFl] figure_3.jpg -> classified as: Architecture Diagram
[wJlzUR5sFl] figure_4.jpg -> classified as: Qualitative Examples
[wJlzUR5sFl] figure_1.jpg -> classified as: Plots / Charts
[wJlzUR5sFl] figure_8.jpg -> classified as: Plots / Charts
[wJlzUR5sFl] figure_12.jpg -> classified as: Qualitative Examples
[wJlzUR5sFl] figure_10.jpg -> classified as: Plots / Charts
[wKOoWTBMZe] figure_5.jpg -> classified as: Qualitative Examples
[wKOoWTBMZe] figure_6.jpg -> classified as: Qualitative Examples
[wKOoWTBMZe] figure_2.jpg -> classified as: Architecture Diagram
[wKOoWTBMZe] figure_3.jpg -> classified as: Architecture Diagram
[wKOoWTBMZe] figure_4.jpg -> classified as: Qualitative Examples
[wKOoWTBMZe] figure_1.jpg -> classified as: Teaser Image
[wLbL3lJNTL] figure_19.jpg -> classified as: Plots / Charts
[wLbL3lJNTL] figure_5.jpg -> classified as: Plots / Charts
[wLbL3lJNTL] figure_6.jpg -> classified as: Qualitative Examples
[wLbL3lJNTL] figure_9.jpg -> classified as: Plots / Charts
[wLbL3lJNTL] figure_18.jpg -> classified as: Plots / Charts
[wLbL3lJNTL] figure_13.jpg -> classified as: Plots / Charts
[wLbL3lJNTL] figure_15.jpg -> classified as: Plots / Charts
[wLbL3lJNTL] figure_2.jpg -> classified as: Plots / Charts
[wLbL3lJNTL] figure_20.jpg -> classified as: Plots / Charts
[wLbL3lJNTL] figure_11.jpg -> classified as: Plots / Charts
[wLbL3lJNTL] figure_7.jpg -> classified as: Qualitative Examples
[wLbL3lJNTL] figure_3.jpg -> classified as: Plots / Charts
[wLbL3lJNTL] figure_17.jpg -> classified as: Plots / Charts
[wLbL3lJNTL] figure_1.jpg -> classified as: Architecture Diagram
[wLbL3lJNTL] figure_8.jpg -> classified as: Plots / Charts
[wLbL3lJNTL] figure_12.jpg -> classified as: Plots / Charts
[wLbL3lJNTL] figure_21.jpg -> classified as: Plots / Charts
[wLbL3lJNTL] figure_14.jpg -> classified as: Plots / Charts
[wLbL3lJNTL] figure_16.jpg -> classified as: Plots / Charts
[wLbL3lJNTL] figure_10.jpg -> classified as: Plots / Charts
[wM2sfVgMDH] figure_5.jpg -> classified as: Plots / Charts
[wM2sfVgMDH] figure_6.jpg -> classified as: Plots / Charts
[wM2sfVgMDH] figure_9.jpg -> classified as: Qualitative Examples
[wM2sfVgMDH] figure_2.jpg -> classified as: Qualitative Examples
[wM2sfVgMDH] figure_11.jpg -> classified as: Plots / Charts
[wM2sfVgMDH] figure_7.jpg -> classified as: Plots / Charts
[wM2sfVgMDH] figure_3.jpg -> classified as: Other
  -> Skipping second pass (Other)
[wM2sfVgMDH] figure_4.jpg -> classified as: Plots / Charts
[wM2sfVgMDH] figure_1.jpg -> classified as: Architecture Diagram
[wM2sfVgMDH] figure_8.jpg -> classified as: Qualitative Examples
[wM2sfVgMDH] figure_10.jpg -> classified as: Plots / Charts
[wMRFTQwp1d] figure_2.jpg -> classified as: Other
  -> Skipping second pass (Other)
[wMRFTQwp1d] figure_3.jpg -> classified as: Plots / Charts
[wMRFTQwp1d] figure_4.jpg -> classified as: Architecture Diagram
[wMRFTQwp1d] figure_1.jpg -> classified as: Other
  -> Skipping second pass (Other)
[wMgr7wBuUo] figure_5.jpg -> classified as: Plots / Charts
[wMgr7wBuUo] figure_A1.jpg -> classified as: Plots / Charts
[wMgr7wBuUo] figure_A2.jpg -> classified as: Plots / Charts
[wMgr7wBuUo] figure_2.jpg -> classified as: Plots / Charts
[wMgr7wBuUo] figure_3.jpg -> classified as: Plots / Charts
[wMgr7wBuUo] figure_4.jpg -> classified as: Plots / Charts
[wMgr7wBuUo] figure_A6.jpg -> classified as: Qualitative Examples
[wMgr7wBuUo] figure_1.jpg -> classified as: Other
  -> Skipping second pass (Other)
[wMgr7wBuUo] figure_A4.jpg -> classified as: Plots / Charts
[wMgr7wBuUo] figure_A5.jpg -> classified as: Plots / Charts
[wMgr7wBuUo] figure_A3.jpg -> classified as: Plots / Charts
[wN3KaUXA5X] figure_5.jpg -> classified as: Plots / Charts
[wN3KaUXA5X] figure_6.jpg -> classified as: Qualitative Examples
[wN3KaUXA5X] figure_9.jpg -> classified as: Qualitative Examples
[wN3KaUXA5X] figure_2.jpg -> classified as: Qualitative Examples
[wN3KaUXA5X] figure_11.jpg -> classified as: Qualitative Examples
[wN3KaUXA5X] figure_7.jpg -> classified as: Qualitative Examples
[wN3KaUXA5X] figure_3.jpg -> classified as: Architecture Diagram
[wN3KaUXA5X] figure_4.jpg -> classified as: Plots / Charts
[wN3KaUXA5X] figure_1.jpg -> classified as: Qualitative Examples
[wN3KaUXA5X] figure_8.jpg -> classified as: Architecture Diagram
[wN3KaUXA5X] figure_12.jpg -> classified as: Plots / Charts
[wN3KaUXA5X] figure_10.jpg -> classified as: Qualitative Examples
[wOelVq8fwL] figure_5.jpg -> classified as: Plots / Charts
[wOelVq8fwL] figure_6.jpg -> classified as: Plots / Charts
[wOelVq8fwL] figure_2.jpg -> classified as: Architecture Diagram
[wOelVq8fwL] figure_7.jpg -> classified as: Qualitative Examples
[wOelVq8fwL] figure_3.jpg -> classified as: Qualitative Examples
[wOelVq8fwL] figure_4.jpg -> classified as: Qualitative Examples
[wOelVq8fwL] figure_1.jpg -> classified as: Qualitative Examples
[wT1aFmsXOc] figure_5.jpg -> classified as: Plots / Charts
[wT1aFmsXOc] figure_6.jpg -> classified as: Plots / Charts
[wT1aFmsXOc] figure_9.jpg -> classified as: Plots / Charts
[wT1aFmsXOc] figure_2.jpg -> classified as: Plots / Charts
[wT1aFmsXOc] figure_7.jpg -> classified as: Plots / Charts
[wT1aFmsXOc] figure_3.jpg -> classified as: Plots / Charts
[wT1aFmsXOc] figure_4.jpg -> classified as: Plots / Charts
[wT1aFmsXOc] figure_1.jpg -> classified as: Plots / Charts
[wT1aFmsXOc] figure_8.jpg -> classified as: Plots / Charts
[wT1aFmsXOc] figure_10.jpg -> classified as: Plots / Charts
[wT8G45QGdV] figure_5.jpg -> classified as: Qualitative Examples
[wT8G45QGdV] figure_6.jpg -> classified as: Plots / Charts
[wT8G45QGdV] figure_9.jpg -> classified as: Qualitative Examples
[wT8G45QGdV] figure_18.jpg -> classified as: Plots / Charts
[wT8G45QGdV] figure_13.jpg -> classified as: Qualitative Examples
[wT8G45QGdV] figure_15.jpg -> classified as: Qualitative Examples
[wT8G45QGdV] figure_2.jpg -> classified as: Architecture Diagram
[wT8G45QGdV] figure_11.jpg -> classified as: Qualitative Examples
[wT8G45QGdV] figure_7.jpg -> classified as: Qualitative Examples
[wT8G45QGdV] figure_3.jpg -> classified as: Qualitative Examples
[wT8G45QGdV] figure_4.jpg -> classified as: Qualitative Examples
[wT8G45QGdV] figure_17.jpg -> classified as: Qualitative Examples
[wT8G45QGdV] figure_1.jpg -> classified as: Qualitative Examples
[wT8G45QGdV] figure_8.jpg -> classified as: Qualitative Examples
[wT8G45QGdV] figure_12.jpg -> classified as: Qualitative Examples
[wT8G45QGdV] figure_14.jpg -> classified as: Qualitative Examples
[wT8G45QGdV] figure_16.jpg -> classified as: Qualitative Examples
[wT8G45QGdV] figure_10.jpg -> classified as: Qualitative Examples
[wXSshrxlP4] figure_5.jpg -> classified as: Architecture Diagram
[wXSshrxlP4] figure_6.jpg -> classified as: Qualitative Examples
[wXSshrxlP4] figure_9.jpg -> classified as: Architecture Diagram
[wXSshrxlP4] figure_13.jpg -> classified as: Qualitative Examples
[wXSshrxlP4] figure_2.jpg -> classified as: Architecture Diagram
[wXSshrxlP4] figure_11.jpg -> classified as: Qualitative Examples
[wXSshrxlP4] figure_7.jpg -> classified as: Qualitative Examples
[wXSshrxlP4] figure_3.jpg -> classified as: Architecture Diagram
[wXSshrxlP4] figure_4.jpg -> classified as: Architecture Diagram
[wXSshrxlP4] figure_1.jpg -> classified as: Architecture Diagram
[wXSshrxlP4] figure_8.jpg -> classified as: Qualitative Examples
[wXSshrxlP4] figure_12.jpg -> classified as: Qualitative Examples
[wXSshrxlP4] figure_14.jpg -> classified as: Qualitative Examples
[wXSshrxlP4] figure_10.jpg -> classified as: Qualitative Examples
[wXpSidPpc5] figure_5.jpg -> classified as: Plots / Charts
[wXpSidPpc5] figure_6.jpg -> classified as: Plots / Charts
[wXpSidPpc5] figure_9.jpg -> classified as: Plots / Charts
[wXpSidPpc5] figure_2.jpg -> classified as: Plots / Charts
[wXpSidPpc5] figure_7.jpg -> classified as: Plots / Charts
[wXpSidPpc5] figure_3.jpg -> classified as: Plots / Charts
[wXpSidPpc5] figure_4.jpg -> classified as: Plots / Charts
[wXpSidPpc5] figure_1.jpg -> classified as: Plots / Charts
[wXpSidPpc5] figure_8.jpg -> classified as: Plots / Charts
[wXpSidPpc5] figure_10.jpg -> classified as: Plots / Charts
[wYmvN3sQpG] figure_2.jpg -> classified as: Plots / Charts
[wYmvN3sQpG] figure_3.jpg -> classified as: Plots / Charts
[wYmvN3sQpG] figure_1.jpg -> classified as: Plots / Charts
[wYvuY60SdD] figure_2.jpg -> classified as: Plots / Charts
[wYvuY60SdD] figure_3.jpg -> classified as: Plots / Charts
[wYvuY60SdD] figure_4.jpg -> classified as: Plots / Charts
[wYvuY60SdD] figure_1.jpg -> classified as: Other
  -> Skipping second pass (Other)
[waGoVEQvT9] figure_5.jpg -> classified as: Qualitative Examples
[waGoVEQvT9] figure_6.jpg -> classified as: Qualitative Examples
[waGoVEQvT9] figure_2.jpg -> classified as: Architecture Diagram
[waGoVEQvT9] figure_7.jpg -> classified as: Qualitative Examples
[waGoVEQvT9] figure_3.jpg -> classified as: Plots / Charts
[waGoVEQvT9] figure_4.jpg -> classified as: Plots / Charts
[waGoVEQvT9] figure_1.jpg -> classified as: Plots / Charts
[wazvIr0Sw0] figure_5.jpg -> classified as: Qualitative Examples
[wazvIr0Sw0] figure_6.jpg -> classified as: Qualitative Examples
[wazvIr0Sw0] figure_9.jpg -> classified as: Qualitative Examples
[wazvIr0Sw0] figure_13.jpg -> classified as: Plots / Charts
[wazvIr0Sw0] figure_15.jpg -> classified as: Plots / Charts
[wazvIr0Sw0] figure_2.jpg -> classified as: Architecture Diagram
[wazvIr0Sw0] figure_11.jpg -> classified as: Qualitative Examples
[wazvIr0Sw0] figure_7.jpg -> classified as: Plots / Charts
[wazvIr0Sw0] figure_3.jpg -> classified as: Qualitative Examples
[wazvIr0Sw0] figure_4.jpg -> classified as: Architecture Diagram
[wazvIr0Sw0] figure_1.jpg -> classified as: Qualitative Examples
[wazvIr0Sw0] figure_8.jpg -> classified as: Plots / Charts
[wazvIr0Sw0] figure_12.jpg -> classified as: Qualitative Examples
[wazvIr0Sw0] figure_14.jpg -> classified as: Plots / Charts
[wazvIr0Sw0] figure_10.jpg -> classified as: Qualitative Examples
[wcaE4Dfgt8] figure_5.jpg -> classified as: Qualitative Examples
[wcaE4Dfgt8] figure_6.jpg -> classified as: Qualitative Examples
[wcaE4Dfgt8] figure_9.jpg -> classified as: Qualitative Examples
[wcaE4Dfgt8] figure_2.jpg -> classified as: Plots / Charts
[wcaE4Dfgt8] figure_11.jpg -> classified as: Qualitative Examples
[wcaE4Dfgt8] figure_7.jpg -> classified as: Qualitative Examples
[wcaE4Dfgt8] figure_3.jpg -> classified as: Architecture Diagram
[wcaE4Dfgt8] figure_4.jpg -> classified as: Plots / Charts
[wcaE4Dfgt8] figure_1.jpg -> classified as: Plots / Charts
[wcaE4Dfgt8] figure_8.jpg -> classified as: Qualitative Examples
[wcaE4Dfgt8] figure_10.jpg -> classified as: Qualitative Examples
[weM4YBicIP] figure_5.jpg -> classified as: Plots / Charts
[weM4YBicIP] figure_6.jpg -> classified as: Qualitative Examples
[weM4YBicIP] figure_2.jpg -> classified as: Architecture Diagram
[weM4YBicIP] figure_7.jpg -> classified as: Qualitative Examples
[weM4YBicIP] figure_3.jpg -> classified as: Architecture Diagram
[weM4YBicIP] figure_4.jpg -> classified as: Architecture Diagram
[weM4YBicIP] figure_1.jpg -> classified as: Qualitative Examples
[wfzXa8e783] figure_2.jpg -> classified as: Plots / Charts
[wfzXa8e783] figure_3.jpg -> classified as: Qualitative Examples
[wfzXa8e783] figure_1.jpg -> classified as: Architecture Diagram
[wg8NPfeMF9] figure_2.jpg -> classified as: Qualitative Examples
[wg8NPfeMF9] figure_S_2.jpg -> classified as: Qualitative Examples
[wg8NPfeMF9] figure_S_3.jpg -> classified as: Qualitative Examples
[wg8NPfeMF9] figure_3.jpg -> classified as: Plots / Charts
[wg8NPfeMF9] figure_S_5.jpg -> classified as: Plots / Charts
[wg8NPfeMF9] figure_1.jpg -> classified as: Architecture Diagram
[wg8NPfeMF9] figure_S_1.jpg -> classified as: Architecture Diagram
[wg8NPfeMF9] figure_S.jpg -> classified as: Plots / Charts
[wg8NPfeMF9] figure_S_4.jpg -> classified as: Qualitative Examples
[wg8NPfeMF9] figure_S_7.jpg -> classified as: Qualitative Examples
[wg8NPfeMF9] figure_S_6.jpg -> classified as: Plots / Charts
[wgRQ2WAORJ] figure_5.jpg -> classified as: Plots / Charts
[wgRQ2WAORJ] figure_6.jpg -> classified as: Qualitative Examples
[wgRQ2WAORJ] figure_9.jpg -> classified as: Plots / Charts
[wgRQ2WAORJ] figure_13.jpg -> classified as: Plots / Charts
[wgRQ2WAORJ] figure_(c)_As_$t$.jpg -> classified as: Plots / Charts
[wgRQ2WAORJ] figure_15.jpg -> classified as: Plots / Charts
[wgRQ2WAORJ] figure_11.jpg -> classified as: Plots / Charts
[wgRQ2WAORJ] figure_7.jpg -> classified as: Qualitative Examples
[wgRQ2WAORJ] figure_3.jpg -> classified as: Other
  -> Skipping second pass (Other)
[wgRQ2WAORJ] figure_4.jpg -> classified as: Qualitative Examples
[wgRQ2WAORJ] figure_17.jpg -> classified as: Plots / Charts
[wgRQ2WAORJ] figure_1.jpg -> classified as: Architecture Diagram
[wgRQ2WAORJ] figure_8.jpg -> classified as: Qualitative Examples
[wgRQ2WAORJ] figure_12.jpg -> classified as: Plots / Charts
[wgRQ2WAORJ] figure_14.jpg -> classified as: Plots / Charts
[wgRQ2WAORJ] figure_16.jpg -> classified as: Plots / Charts
[wgRQ2WAORJ] figure_10.jpg -> classified as: Qualitative Examples
[wh6pilyz2L] figure_5.jpg -> classified as: Teaser Image
[wh6pilyz2L] figure_6.jpg -> classified as: Qualitative Examples
[wh6pilyz2L] figure_2.jpg -> classified as: Architecture Diagram
[wh6pilyz2L] figure_3.jpg -> classified as: Other
  -> Skipping second pass (Other)
[wh6pilyz2L] figure_4.jpg -> classified as: Qualitative Examples
[wh6pilyz2L] figure_1.jpg -> classified as: Other
  -> Skipping second pass (Other)
[wiYV0KDAE6] figure_2.jpg -> classified as: Architecture Diagram
[wiYV0KDAE6] figure_3.jpg -> classified as: Plots / Charts
[wiYV0KDAE6] figure_1.jpg -> classified as: Architecture Diagram
[wj7nvRqdp8] figure_5.jpg -> classified as: Plots / Charts
[wj7nvRqdp8] figure_6.jpg -> classified as: Plots / Charts
[wj7nvRqdp8] figure_9.jpg -> classified as: Qualitative Examples
[wj7nvRqdp8] figure_2.jpg -> classified as: Architecture Diagram
[wj7nvRqdp8] figure_11.jpg -> classified as: Qualitative Examples
[wj7nvRqdp8] figure_7.jpg -> classified as: Plots / Charts
[wj7nvRqdp8] figure_3.jpg -> classified as: Qualitative Examples
[wj7nvRqdp8] figure_4.jpg -> classified as: Plots / Charts
[wj7nvRqdp8] figure_1.jpg -> classified as: Qualitative Examples
[wj7nvRqdp8] figure_8.jpg -> classified as: Qualitative Examples
[wj7nvRqdp8] figure_10.jpg -> classified as: Qualitative Examples
[wkbeqr5XhC] figure_5.jpg -> classified as: Plots / Charts
[wkbeqr5XhC] figure_6.jpg -> classified as: Plots / Charts
[wkbeqr5XhC] figure_9.jpg -> classified as: Qualitative Examples
[wkbeqr5XhC] figure_13.jpg -> classified as: Other
  -> Skipping second pass (Other)
[wkbeqr5XhC] figure_2.jpg -> classified as: Architecture Diagram
[wkbeqr5XhC] figure_11.jpg -> classified as: Plots / Charts
[wkbeqr5XhC] figure_7.jpg -> classified as: Qualitative Examples
[wkbeqr5XhC] figure_3.jpg -> classified as: Architecture Diagram
[wkbeqr5XhC] figure_4.jpg -> classified as: Plots / Charts
[wkbeqr5XhC] figure_1.jpg -> classified as: Architecture Diagram
[wkbeqr5XhC] figure_8.jpg -> classified as: Qualitative Examples
[wkbeqr5XhC] figure_12.jpg -> classified as: Plots / Charts
[wkbeqr5XhC] figure_10.jpg -> classified as: Architecture Diagram
[wkbx7BRAsM] figure_5.jpg -> classified as: Qualitative Examples
[wkbx7BRAsM] figure_6.jpg -> classified as: Qualitative Examples
[wkbx7BRAsM] figure_9.jpg -> classified as: Qualitative Examples
[wkbx7BRAsM] figure_2.jpg -> classified as: Architecture Diagram
[wkbx7BRAsM] figure_11.jpg -> classified as: Plots / Charts
[wkbx7BRAsM] figure_7.jpg -> classified as: Qualitative Examples
[wkbx7BRAsM] figure_3.jpg -> classified as: Plots / Charts
[wkbx7BRAsM] figure_4.jpg -> classified as: Qualitative Examples
[wkbx7BRAsM] figure_1.jpg -> classified as: Qualitative Examples
[wkbx7BRAsM] figure_8.jpg -> classified as: Qualitative Examples
[wkbx7BRAsM] figure_10.jpg -> classified as: Qualitative Examples
[wkmCbrrDQN] figure_5.jpg -> classified as: Plots / Charts
[wkmCbrrDQN] figure_6.jpg -> classified as: Plots / Charts
[wkmCbrrDQN] figure_2.jpg -> classified as: Architecture Diagram
[wkmCbrrDQN] figure_7.jpg -> classified as: Plots / Charts
[wkmCbrrDQN] figure_3.jpg -> classified as: Architecture Diagram
[wkmCbrrDQN] figure_4.jpg -> classified as: Architecture Diagram
[wkmCbrrDQN] figure_1.jpg -> classified as: Architecture Diagram
[wkmCbrrDQN] figure_8.jpg -> classified as: Plots / Charts
[wlRp8IdLkN] figure_5.jpg -> classified as: Plots / Charts
[wlRp8IdLkN] figure_6.jpg -> classified as: Plots / Charts
[wlRp8IdLkN] figure_9.jpg -> classified as: Plots / Charts
[wlRp8IdLkN] figure_2.jpg -> classified as: Architecture Diagram
[wlRp8IdLkN] figure_7.jpg -> classified as: Plots / Charts
[wlRp8IdLkN] figure_3.jpg -> classified as: Plots / Charts
[wlRp8IdLkN] figure_4.jpg -> classified as: Plots / Charts
[wlRp8IdLkN] figure_1.jpg -> classified as: Architecture Diagram
[wlRp8IdLkN] figure_8.jpg -> classified as: Plots / Charts
[wldwEhQ7cl] figure_2.jpg -> classified as: Architecture Diagram
[wldwEhQ7cl] figure_3.jpg -> classified as: Qualitative Examples
[wldwEhQ7cl] figure_4.jpg -> classified as: Qualitative Examples
[wldwEhQ7cl] figure_1.jpg -> classified as: Qualitative Examples
[wlqkRFRkYc] figure_2.jpg -> classified as: Architecture Diagram
[wlqkRFRkYc] figure_3.jpg -> classified as: Architecture Diagram
[wlqkRFRkYc] figure_1.jpg -> classified as: Qualitative Examples
[wm4WlHoXpC] figure_5.jpg -> classified as: Plots / Charts
[wm4WlHoXpC] figure_6.jpg -> classified as: Plots / Charts
[wm4WlHoXpC] figure_2.jpg -> classified as: Architecture Diagram
[wm4WlHoXpC] figure_7.jpg -> classified as: Plots / Charts
[wm4WlHoXpC] figure_3.jpg -> classified as: Qualitative Examples
[wm4WlHoXpC] figure_1.jpg -> classified as: Other
  -> Skipping second pass (Other)
[wmmDvZGFK7] figure_5.jpg -> classified as: Plots / Charts
[wmmDvZGFK7] figure_6.jpg -> classified as: Plots / Charts
[wmmDvZGFK7] figure_9.jpg -> classified as: Qualitative Examples
[wmmDvZGFK7] figure_13.jpg -> classified as: Qualitative Examples
[wmmDvZGFK7] figure_2.jpg -> classified as: Architecture Diagram
[wmmDvZGFK7] figure_11.jpg -> classified as: Qualitative Examples
[wmmDvZGFK7] figure_7.jpg -> classified as: Plots / Charts
[wmmDvZGFK7] figure_3.jpg -> classified as: Plots / Charts
[wmmDvZGFK7] figure_4.jpg -> classified as: Plots / Charts
[wmmDvZGFK7] figure_1.jpg -> classified as: Plots / Charts
[wmmDvZGFK7] figure_8.jpg -> classified as: Qualitative Examples
[wmmDvZGFK7] figure_12.jpg -> classified as: Qualitative Examples
[wmmDvZGFK7] figure_10.jpg -> classified as: Qualitative Examples
[wqA7QmpUwa] figure_5.jpg -> classified as: Plots / Charts
[wqA7QmpUwa] figure_6.jpg -> classified as: Plots / Charts
[wqA7QmpUwa] figure_9.jpg -> classified as: Plots / Charts
[wqA7QmpUwa] figure_2.jpg -> classified as: Architecture Diagram
[wqA7QmpUwa] figure_7.jpg -> classified as: Qualitative Examples
[wqA7QmpUwa] figure_3.jpg -> classified as: Other
  -> Skipping second pass (Other)
[wqA7QmpUwa] figure_4.jpg -> classified as: Architecture Diagram
[wqA7QmpUwa] figure_1.jpg -> classified as: Plots / Charts
[wqA7QmpUwa] figure_8.jpg -> classified as: Plots / Charts
[wqA7QmpUwa] figure_10.jpg -> classified as: Plots / Charts
[wrXCIsysqB] figure_5.jpg -> classified as: Qualitative Examples
[wrXCIsysqB] figure_6.jpg -> classified as: Qualitative Examples
[wrXCIsysqB] figure_9.jpg -> classified as: Qualitative Examples
[wrXCIsysqB] figure_2.jpg -> classified as: Architecture Diagram
[wrXCIsysqB] figure_7.jpg -> classified as: Other
  -> Skipping second pass (Other)
[wrXCIsysqB] figure_3.jpg -> classified as: Qualitative Examples
[wrXCIsysqB] figure_4.jpg -> classified as: Qualitative Examples
[wrXCIsysqB] figure_1.jpg -> classified as: Qualitative Examples
[wrXCIsysqB] figure_8.jpg -> classified as: Qualitative Examples
[wryFCrWB0A] figure_19.jpg -> classified as: Other
  -> Skipping second pass (Other)
[wryFCrWB0A] figure_5.jpg -> classified as: Architecture Diagram
[wryFCrWB0A] figure_9.jpg -> classified as: Other
  -> Skipping second pass (Other)
[wryFCrWB0A] figure_10_1.jpg -> classified as: Qualitative Examples
[wryFCrWB0A] figure_22.jpg -> classified as: Other
  -> Skipping second pass (Other)
[wryFCrWB0A] figure_13.jpg -> classified as: Qualitative Examples
[wryFCrWB0A] figure_15.jpg -> classified as: Other
  -> Skipping second pass (Other)
[wryFCrWB0A] figure_2.jpg -> classified as: Architecture Diagram
[wryFCrWB0A] figure_20.jpg -> classified as: Qualitative Examples
[wryFCrWB0A] figure_7.jpg -> classified as: Plots / Charts
[wryFCrWB0A] figure_4.jpg -> classified as: Plots / Charts
[wryFCrWB0A] figure_1.jpg -> classified as: Qualitative Examples
[wryFCrWB0A] figure_8.jpg -> classified as: Plots / Charts
[wryFCrWB0A] figure_12.jpg -> classified as: Qualitative Examples
[wryFCrWB0A] figure_21.jpg -> classified as: Other
  -> Skipping second pass (Other)
[wryFCrWB0A] figure_14.jpg -> classified as: Qualitative Examples
[wryFCrWB0A] figure_10.jpg -> classified as: Other
  -> Skipping second pass (Other)
[wsRXwlwx4w] figure_2.jpg -> classified as: Architecture Diagram
[wsRXwlwx4w] figure_1.jpg -> classified as: Architecture Diagram
[wtMh0PxDPO] figure_5.jpg -> classified as: Plots / Charts
[wtMh0PxDPO] figure_6.jpg -> classified as: Qualitative Examples
[wtMh0PxDPO] figure_9.jpg -> classified as: Qualitative Examples
[wtMh0PxDPO] figure_2.jpg -> classified as: Architecture Diagram
[wtMh0PxDPO] figure_7.jpg -> classified as: Plots / Charts
[wtMh0PxDPO] figure_3.jpg -> classified as: Architecture Diagram
[wtMh0PxDPO] figure_4.jpg -> classified as: Architecture Diagram
[wtMh0PxDPO] figure_1.jpg -> classified as: Architecture Diagram
[wtMh0PxDPO] figure_8.jpg -> classified as: Architecture Diagram
[wtMh0PxDPO] figure_10.jpg -> classified as: Qualitative Examples
[wvFnqVVUhN] figure_5.jpg -> classified as: Plots / Charts
[wvFnqVVUhN] figure_6.jpg -> classified as: Plots / Charts
[wvFnqVVUhN] figure_13.jpg -> classified as: Plots / Charts
[wvFnqVVUhN] figure_15.jpg -> classified as: Plots / Charts
[wvFnqVVUhN] figure_2.jpg -> classified as: Plots / Charts
[wvFnqVVUhN] figure_11.jpg -> classified as: Plots / Charts
[wvFnqVVUhN] figure_7.jpg -> classified as: Plots / Charts
[wvFnqVVUhN] figure_3.jpg -> classified as: Plots / Charts
[wvFnqVVUhN] figure_1.jpg -> classified as: Qualitative Examples
[wvFnqVVUhN] figure_8.jpg -> classified as: Plots / Charts
[wvFnqVVUhN] figure_12.jpg -> classified as: Plots / Charts
[wvFnqVVUhN] figure_14.jpg -> classified as: Plots / Charts
[wvFnqVVUhN] figure_10.jpg -> classified as: Other
  -> Skipping second pass (Other)
[wwVGZRnAYG] figure_5.jpg -> classified as: Other
  -> Skipping second pass (Other)
[wwVGZRnAYG] figure_6.jpg -> classified as: Other
  -> Skipping second pass (Other)
[wwVGZRnAYG] figure_9.jpg -> classified as: Qualitative Examples
[wwVGZRnAYG] figure_2.jpg -> classified as: Architecture Diagram
[wwVGZRnAYG] figure_3.jpg -> classified as: Plots / Charts
[wwVGZRnAYG] figure_4.jpg -> classified as: Qualitative Examples
[wwVGZRnAYG] figure_1.jpg -> classified as: Qualitative Examples
[wwVGZRnAYG] figure_8.jpg -> classified as: Qualitative Examples
[wwVGZRnAYG] figure_10.jpg -> classified as: Qualitative Examples
[wxJ0eXwwda] figure_5.jpg -> classified as: Plots / Charts
[wxJ0eXwwda] figure_6.jpg -> classified as: Plots / Charts
[wxJ0eXwwda] figure_2.jpg -> classified as: Other
  -> Skipping second pass (Other)
[wxJ0eXwwda] figure_7.jpg -> classified as: Plots / Charts
[wxJ0eXwwda] figure_3.jpg -> classified as: Architecture Diagram
[wxJ0eXwwda] figure_4.jpg -> classified as: Plots / Charts
[wxJ0eXwwda] figure_1.jpg -> classified as: Plots / Charts
[wxPnuFp8fZ] figure_S18.jpg -> classified as: Qualitative Examples
[wxPnuFp8fZ] figure_S15.jpg -> classified as: Qualitative Examples
[wxPnuFp8fZ] figure_S11.jpg -> classified as: Qualitative Examples
[wxPnuFp8fZ] figure_S20.jpg -> classified as: Plots / Charts
[wxPnuFp8fZ] figure_6.jpg -> classified as: Plots / Charts
[wxPnuFp8fZ] figure_S24.jpg -> classified as: Qualitative Examples
[wxPnuFp8fZ] figure_S9.jpg -> classified as: Qualitative Examples
[wxPnuFp8fZ] figure_S29.jpg -> classified as: Plots / Charts
[wxPnuFp8fZ] figure_S30.jpg -> classified as: Qualitative Examples
[wxPnuFp8fZ] figure_S28.jpg -> classified as: Plots / Charts
[wxPnuFp8fZ] figure_S31.jpg -> classified as: Plots / Charts
[wxPnuFp8fZ] figure_2.jpg -> classified as: Plots / Charts
[wxPnuFp8fZ] figure_S26.jpg -> classified as: Qualitative Examples
[wxPnuFp8fZ] figure_S8.jpg -> classified as: Plots / Charts
[wxPnuFp8fZ] figure_S22.jpg -> classified as: Qualitative Examples
[wxPnuFp8fZ] figure_S25.jpg -> classified as: Qualitative Examples
[wxPnuFp8fZ] figure_3.jpg -> classified as: Plots / Charts
[wxPnuFp8fZ] figure_S7.jpg -> classified as: Plots / Charts
[wxPnuFp8fZ] figure_S23.jpg -> classified as: Plots / Charts
[wxPnuFp8fZ] figure_S13.jpg -> classified as: Qualitative Examples
[wxPnuFp8fZ] figure_4.jpg -> classified as: Plots / Charts
[wxPnuFp8fZ] figure_S32.jpg -> classified as: Plots / Charts
[wxPnuFp8fZ] figure_S19.jpg -> classified as: Plots / Charts
[wxPnuFp8fZ] figure_S14.jpg -> classified as: Qualitative Examples
[wxPnuFp8fZ] figure_1.jpg -> classified as: Architecture Diagram
[wxPnuFp8fZ] figure_S16.jpg -> classified as: Qualitative Examples
[wxPnuFp8fZ] figure_S27.jpg -> classified as: Qualitative Examples
[wxPnuFp8fZ] figure_S17.jpg -> classified as: Qualitative Examples
[wxPnuFp8fZ] figure_S10.jpg -> classified as: Qualitative Examples
[wy9FRV8O5s] figure_5.jpg -> classified as: Plots / Charts
[wy9FRV8O5s] figure_6.jpg -> classified as: Plots / Charts
[wy9FRV8O5s] figure_9.jpg -> classified as: Plots / Charts
[wy9FRV8O5s] figure_2.jpg -> classified as: Plots / Charts
[wy9FRV8O5s] figure_11.jpg -> classified as: Plots / Charts
[wy9FRV8O5s] figure_7.jpg -> classified as: Plots / Charts
[wy9FRV8O5s] figure_3.jpg -> classified as: Architecture Diagram
[wy9FRV8O5s] figure_4.jpg -> classified as: Plots / Charts
[wy9FRV8O5s] figure_1.jpg -> classified as: Qualitative Examples
[wy9FRV8O5s] figure_8.jpg -> classified as: Plots / Charts
[wy9FRV8O5s] figure_10.jpg -> classified as: Plots / Charts
[wyHCt1P7SR] figure_19.jpg -> classified as: Plots / Charts
[wyHCt1P7SR] figure_5.jpg -> classified as: Qualitative Examples
[wyHCt1P7SR] figure_6.jpg -> classified as: Qualitative Examples
[wyHCt1P7SR] figure_9.jpg -> classified as: Plots / Charts
[wyHCt1P7SR] figure_18.jpg -> classified as: Qualitative Examples
[wyHCt1P7SR] figure_13.jpg -> classified as: Qualitative Examples
[wyHCt1P7SR] figure_15.jpg -> classified as: Qualitative Examples
[wyHCt1P7SR] figure_2.jpg -> classified as: Qualitative Examples
[wyHCt1P7SR] figure_20.jpg -> classified as: Qualitative Examples
[wyHCt1P7SR] figure_11.jpg -> classified as: Qualitative Examples
[wyHCt1P7SR] figure_7.jpg -> classified as: Qualitative Examples
[wyHCt1P7SR] figure_4.jpg -> classified as: Qualitative Examples
[wyHCt1P7SR] figure_17.jpg -> classified as: Qualitative Examples
[wyHCt1P7SR] figure_1.jpg -> classified as: Qualitative Examples
[wyHCt1P7SR] figure_8.jpg -> classified as: Qualitative Examples
[wyHCt1P7SR] figure_12.jpg -> classified as: Qualitative Examples
[wyHCt1P7SR] figure_14.jpg -> classified as: Qualitative Examples
[wyHCt1P7SR] figure_16.jpg -> classified as: Qualitative Examples
[wyHCt1P7SR] figure_10.jpg -> classified as: Qualitative Examples
[x0h4H1WHXk] figure_5.jpg -> classified as: Plots / Charts
[x0h4H1WHXk] figure_6.jpg -> classified as: Qualitative Examples
[x0h4H1WHXk] figure_9.jpg -> classified as: Qualitative Examples
[x0h4H1WHXk] figure_2.jpg -> classified as: Plots / Charts
[x0h4H1WHXk] figure_7.jpg -> classified as: Qualitative Examples
[x0h4H1WHXk] figure_3.jpg -> classified as: Plots / Charts
[x0h4H1WHXk] figure_4.jpg -> classified as: Qualitative Examples
[x0h4H1WHXk] figure_1.jpg -> classified as: Qualitative Examples
[x0h4H1WHXk] figure_8.jpg -> classified as: Qualitative Examples
[x0h4H1WHXk] figure_10.jpg -> classified as: Qualitative Examples
[x17qiTPDy5] figure_2.jpg -> classified as: Architecture Diagram
[x17qiTPDy5] figure_3.jpg -> classified as: Plots / Charts
[x17qiTPDy5] figure_4.jpg -> classified as: Plots / Charts
[x17qiTPDy5] figure_1.jpg -> classified as: Plots / Charts
[x1An5a3U9I] figure_5.jpg -> classified as: Plots / Charts
[x1An5a3U9I] figure_6.jpg -> classified as: Plots / Charts
[x1An5a3U9I] figure_9.jpg -> classified as: Qualitative Examples
[x1An5a3U9I] figure_2.jpg -> classified as: Plots / Charts
[x1An5a3U9I] figure_11.jpg -> classified as: Qualitative Examples
[x1An5a3U9I] figure_7.jpg -> classified as: Qualitative Examples
[x1An5a3U9I] figure_3.jpg -> classified as: Qualitative Examples
[x1An5a3U9I] figure_4.jpg -> classified as: Plots / Charts
[x1An5a3U9I] figure_1.jpg -> classified as: Architecture Diagram
[x1An5a3U9I] figure_8.jpg -> classified as: Qualitative Examples
[x1An5a3U9I] figure_10.jpg -> classified as: Qualitative Examples
[x1SfON9HvT] figure_1.jpg -> classified as: Plots / Charts
[x33vSZUg0A] figure_A.3.1_ADDITIONAL_RESULTS.jpg -> classified as: Plots / Charts
[x33vSZUg0A] figure_5.jpg -> classified as: Plots / Charts
[x33vSZUg0A] figure_6.jpg -> classified as: Plots / Charts
[x33vSZUg0A] figure_9.jpg -> classified as: Plots / Charts
[x33vSZUg0A] figure_13.jpg -> classified as: Plots / Charts
[x33vSZUg0A] figure_2.jpg -> classified as: Architecture Diagram
[x33vSZUg0A] figure_11.jpg -> classified as: Plots / Charts
[x33vSZUg0A] figure_3.jpg -> classified as: Architecture Diagram
[x33vSZUg0A] figure_4.jpg -> classified as: Plots / Charts
[x33vSZUg0A] figure_1.jpg -> classified as: Other
  -> Skipping second pass (Other)
[x33vSZUg0A] figure_8.jpg -> classified as: Architecture Diagram
[x33vSZUg0A] figure_12.jpg -> classified as: Qualitative Examples
[x33vSZUg0A] figure_10.jpg -> classified as: Plots / Charts
[x4W8P7ybTE] figure_5.jpg -> classified as: Plots / Charts
[x4W8P7ybTE] figure_2.jpg -> classified as: Architecture Diagram
[x4W8P7ybTE] figure_3.jpg -> classified as: Other
  -> Skipping second pass (Other)
[x4W8P7ybTE] figure_4.jpg -> classified as: Qualitative Examples
[x4W8P7ybTE] figure_1.jpg -> classified as: Qualitative Examples
[x6u2BQ7xcq] figure_5.jpg -> classified as: Qualitative Examples
[x6u2BQ7xcq] figure_6.jpg -> classified as: Plots / Charts
[x6u2BQ7xcq] figure_9.jpg -> classified as: Architecture Diagram
[x6u2BQ7xcq] figure_2.jpg -> classified as: Qualitative Examples
[x6u2BQ7xcq] figure_7.jpg -> classified as: Qualitative Examples
[x6u2BQ7xcq] figure_3.jpg -> classified as: Architecture Diagram
[x6u2BQ7xcq] figure_4.jpg -> classified as: Qualitative Examples
[x6u2BQ7xcq] figure_1.jpg -> classified as: Architecture Diagram
[x6u2BQ7xcq] figure_8.jpg -> classified as: Other
  -> Skipping second pass (Other)
[x6u2BQ7xcq] figure_12.jpg -> classified as: Qualitative Examples
[x6u2BQ7xcq] figure_10.jpg -> classified as: Architecture Diagram
[x8jxf3byli] figure_5.jpg -> classified as: Plots / Charts
[x8jxf3byli] figure_6.jpg -> classified as: Plots / Charts
[x8jxf3byli] figure_9.jpg -> classified as: Qualitative Examples
[x8jxf3byli] figure_13.jpg -> classified as: Plots / Charts
[x8jxf3byli] figure_2.jpg -> classified as: Plots / Charts
[x8jxf3byli] figure_11.jpg -> classified as: Architecture Diagram
[x8jxf3byli] figure_7.jpg -> classified as: Architecture Diagram
[x8jxf3byli] figure_3.jpg -> classified as: Plots / Charts
[x8jxf3byli] figure_4.jpg -> classified as: Plots / Charts
[x8jxf3byli] figure_1.jpg -> classified as: Architecture Diagram
[x8jxf3byli] figure_8.jpg -> classified as: Plots / Charts
[x8jxf3byli] figure_12.jpg -> classified as: Plots / Charts
[x8jxf3byli] figure_10.jpg -> classified as: Plots / Charts
[xBfQZWeDRH] figure_6.jpg -> classified as: Qualitative Examples
[xBfQZWeDRH] figure_9.jpg -> classified as: Qualitative Examples
[xBfQZWeDRH] figure_13.jpg -> classified as: Qualitative Examples
[xBfQZWeDRH] figure_2.jpg -> classified as: Plots / Charts
[xBfQZWeDRH] figure_11.jpg -> classified as: Qualitative Examples
[xBfQZWeDRH] figure_7.jpg -> classified as: Qualitative Examples
[xBfQZWeDRH] figure_3.jpg -> classified as: Qualitative Examples
[xBfQZWeDRH] figure_4.jpg -> classified as: Qualitative Examples
[xBfQZWeDRH] figure_8.jpg -> classified as: Qualitative Examples
[xBfQZWeDRH] figure_12.jpg -> classified as: Qualitative Examples
[xBfQZWeDRH] figure_10.jpg -> classified as: Qualitative Examples
[xCRr9DrolJ] figure_5.jpg -> classified as: Plots / Charts
[xCRr9DrolJ] figure_6.jpg -> classified as: Plots / Charts
[xCRr9DrolJ] figure_9.jpg -> classified as: Qualitative Examples
[xCRr9DrolJ] figure_13.jpg -> classified as: Plots / Charts
[xCRr9DrolJ] figure_15.jpg -> classified as: Plots / Charts
[xCRr9DrolJ] figure_2.jpg -> classified as: Plots / Charts
[xCRr9DrolJ] figure_11.jpg -> classified as: Plots / Charts
[xCRr9DrolJ] figure_7.jpg -> classified as: Plots / Charts
[xCRr9DrolJ] figure_3.jpg -> classified as: Plots / Charts
[xCRr9DrolJ] figure_4.jpg -> classified as: Plots / Charts
[xCRr9DrolJ] figure_1.jpg -> classified as: Plots / Charts
[xCRr9DrolJ] figure_8.jpg -> classified as: Plots / Charts
[xCRr9DrolJ] figure_12.jpg -> classified as: Qualitative Examples
[xCRr9DrolJ] figure_14.jpg -> classified as: Plots / Charts
[xCRr9DrolJ] figure_16.jpg -> classified as: Plots / Charts
[xCRr9DrolJ] figure_10.jpg -> classified as: Plots / Charts
[xDrFWUmCne] figure_19.jpg -> classified as: Qualitative Examples
[xDrFWUmCne] figure_23.jpg -> classified as: Qualitative Examples
[xDrFWUmCne] figure_5.jpg -> classified as: Plots / Charts
[xDrFWUmCne] figure_6.jpg -> classified as: Plots / Charts
[xDrFWUmCne] figure_9.jpg -> classified as: Qualitative Examples
[xDrFWUmCne] figure_22.jpg -> classified as: Qualitative Examples
[xDrFWUmCne] figure_18.jpg -> classified as: Qualitative Examples
[xDrFWUmCne] figure_13.jpg -> classified as: Qualitative Examples
[xDrFWUmCne] figure_15.jpg -> classified as: Qualitative Examples
[xDrFWUmCne] figure_2.jpg -> classified as: Plots / Charts
[xDrFWUmCne] figure_20.jpg -> classified as: Qualitative Examples
[xDrFWUmCne] figure_11.jpg -> classified as: Qualitative Examples
[xDrFWUmCne] figure_7.jpg -> classified as: Plots / Charts
[xDrFWUmCne] figure_unnamed_figure.jpg -> classified as: Qualitative Examples
[xDrFWUmCne] figure_4.jpg -> classified as: Qualitative Examples
[xDrFWUmCne] figure_17.jpg -> classified as: Qualitative Examples
[xDrFWUmCne] figure_1.jpg -> classified as: Plots / Charts
[xDrFWUmCne] figure_8.jpg -> classified as: Plots / Charts
[xDrFWUmCne] figure_12.jpg -> classified as: Qualitative Examples
[xDrFWUmCne] figure_21.jpg -> classified as: Qualitative Examples
[xDrFWUmCne] figure_14.jpg -> classified as: Qualitative Examples
[xDrFWUmCne] figure_16.jpg -> classified as: Qualitative Examples
[xDrFWUmCne] figure_10.jpg -> classified as: Plots / Charts
[xDyMF4ywzH] figure_5.jpg -> classified as: Qualitative Examples
[xDyMF4ywzH] figure_6.jpg -> classified as: Qualitative Examples
[xDyMF4ywzH] figure_2.jpg -> classified as: Architecture Diagram
[xDyMF4ywzH] figure_3.jpg -> classified as: Architecture Diagram
[xDyMF4ywzH] figure_4.jpg -> classified as: Qualitative Examples
[xDyMF4ywzH] figure_1.jpg -> classified as: Qualitative Examples
[xEJMoj1SpX] figure_5.jpg -> classified as: Plots / Charts
[xEJMoj1SpX] figure_6.jpg -> classified as: Plots / Charts
[xEJMoj1SpX] figure_9.jpg -> classified as: Plots / Charts
[xEJMoj1SpX] figure_13.jpg -> classified as: Qualitative Examples
[xEJMoj1SpX] figure_15.jpg -> classified as: Qualitative Examples
[xEJMoj1SpX] figure_2.jpg -> classified as: Plots / Charts
[xEJMoj1SpX] figure_11.jpg -> classified as: Qualitative Examples
[xEJMoj1SpX] figure_7.jpg -> classified as: Qualitative Examples
[xEJMoj1SpX] figure_3.jpg -> classified as: Plots / Charts
[xEJMoj1SpX] figure_4.jpg -> classified as: Plots / Charts
[xEJMoj1SpX] figure_1.jpg -> classified as: Plots / Charts
[xEJMoj1SpX] figure_8.jpg -> classified as: Plots / Charts
[xEJMoj1SpX] figure_12.jpg -> classified as: Qualitative Examples
[xEJMoj1SpX] figure_14.jpg -> classified as: Qualitative Examples
[xEJMoj1SpX] figure_10.jpg -> classified as: Plots / Charts
[xETLME9sNq] figure_5.jpg -> classified as: Qualitative Examples
[xETLME9sNq] figure_2.jpg -> classified as: Qualitative Examples
[xETLME9sNq] figure_(b)_Mean_value.jpg -> classified as: Plots / Charts
[xETLME9sNq] figure_3.jpg -> classified as: Plots / Charts
[xETLME9sNq] figure_4.jpg -> classified as: Qualitative Examples
[xETLME9sNq] figure_1.jpg -> classified as: Architecture Diagram
[xHGL9XqR8Y] figure_S18.jpg -> classified as: Plots / Charts
[xHGL9XqR8Y] figure_S15.jpg -> classified as: Qualitative Examples
[xHGL9XqR8Y] figure_S11.jpg -> classified as: Plots / Charts
[xHGL9XqR8Y] figure_5.jpg -> classified as: Plots / Charts
[xHGL9XqR8Y] figure_6.jpg -> classified as: Plots / Charts
[xHGL9XqR8Y] figure_2.jpg -> classified as: Architecture Diagram
[xHGL9XqR8Y] figure_S8.jpg -> classified as: Plots / Charts
[xHGL9XqR8Y] figure_7.jpg -> classified as: Qualitative Examples
[xHGL9XqR8Y] figure_3.jpg -> classified as: Qualitative Examples
[xHGL9XqR8Y] figure_S13.jpg -> classified as: Qualitative Examples
[xHGL9XqR8Y] figure_4.jpg -> classified as: Plots / Charts
[xHGL9XqR8Y] figure_1.jpg -> classified as: Architecture Diagram
[xHGL9XqR8Y] figure_S16.jpg -> classified as: Qualitative Examples
[xHGL9XqR8Y] figure_S17.jpg -> classified as: Plots / Charts
[xHGL9XqR8Y] figure_S12.jpg -> classified as: Plots / Charts
[xHGL9XqR8Y] figure_S10.jpg -> classified as: Plots / Charts
[xHGL9XqR8Y] figure_embeddings_from_the.jpg -> classified as: Qualitative Examples
[xI4yNlkaqh] figure_5.jpg -> classified as: Other
  -> Skipping second pass (Other)
[xI4yNlkaqh] figure_6.jpg -> classified as: Plots / Charts
[xI4yNlkaqh] figure_2.jpg -> classified as: Architecture Diagram
[xI4yNlkaqh] figure_3.jpg -> classified as: Architecture Diagram
[xI4yNlkaqh] figure_4.jpg -> classified as: Qualitative Examples
[xI4yNlkaqh] figure_i._Q-Former’s_architecture..jpg -> classified as: Architecture Diagram
[xI4yNlkaqh] figure_1.jpg -> classified as: Architecture Diagram
[xJDxVDG3x2] figure_A1.jpg -> classified as: Plots / Charts
[xJDxVDG3x2] figure_A2.jpg -> classified as: Plots / Charts
[xJDxVDG3x2] figure_2.jpg -> classified as: Architecture Diagram
[xJDxVDG3x2] figure_3.jpg -> classified as: Plots / Charts
[xJDxVDG3x2] figure_1.jpg -> classified as: Architecture Diagram
[xJtWqVBZya] figure_5.jpg -> classified as: Qualitative Examples
[xJtWqVBZya] figure_6.jpg -> classified as: Qualitative Examples
[xJtWqVBZya] figure_2.jpg -> classified as: Architecture Diagram
[xJtWqVBZya] figure_3.jpg -> classified as: Architecture Diagram
[xJtWqVBZya] figure_4.jpg -> classified as: Qualitative Examples
[xJtWqVBZya] figure_1.jpg -> classified as: Qualitative Examples
[xNaPs8bdLa] figure_5.jpg -> classified as: Qualitative Examples
[xNaPs8bdLa] figure_6.jpg -> classified as: Qualitative Examples
[xNaPs8bdLa] figure_9.jpg -> classified as: Qualitative Examples
[xNaPs8bdLa] figure_2.jpg -> classified as: Qualitative Examples
[xNaPs8bdLa] figure_7.jpg -> classified as: Qualitative Examples
[xNaPs8bdLa] figure_3.jpg -> classified as: Plots / Charts
[xNaPs8bdLa] figure_4.jpg -> classified as: Qualitative Examples
[xNaPs8bdLa] figure_1.jpg -> classified as: Architecture Diagram
[xNaPs8bdLa] figure_8.jpg -> classified as: Qualitative Examples
[xOmC5LiVuN] figure_5.jpg -> classified as: Plots / Charts
[xOmC5LiVuN] figure_6.jpg -> classified as: Qualitative Examples
[xOmC5LiVuN] figure_9.jpg -> classified as: Qualitative Examples
[xOmC5LiVuN] figure_2.jpg -> classified as: Other
  -> Skipping second pass (Other)
[xOmC5LiVuN] figure_11.jpg -> classified as: Qualitative Examples
[xOmC5LiVuN] figure_7.jpg -> classified as: Qualitative Examples
[xOmC5LiVuN] figure_3.jpg -> classified as: Architecture Diagram
[xOmC5LiVuN] figure_4.jpg -> classified as: Qualitative Examples
[xOmC5LiVuN] figure_1.jpg -> classified as: Qualitative Examples
[xOmC5LiVuN] figure_8.jpg -> classified as: Plots / Charts
[xOmC5LiVuN] figure_10.jpg -> classified as: Plots / Charts
[xPO6fwvldG] figure_5.jpg -> classified as: Qualitative Examples
[xPO6fwvldG] figure_6.jpg -> classified as: Qualitative Examples
[xPO6fwvldG] figure_9.jpg -> classified as: Qualitative Examples
[xPO6fwvldG] figure_2.jpg -> classified as: Qualitative Examples
[xPO6fwvldG] figure_7.jpg -> classified as: Qualitative Examples
[xPO6fwvldG] figure_3.jpg -> classified as: Architecture Diagram
[xPO6fwvldG] figure_4.jpg -> classified as: Architecture Diagram
[xPO6fwvldG] figure_1.jpg -> classified as: Qualitative Examples
[xPO6fwvldG] figure_8.jpg -> classified as: Qualitative Examples
[xPxHQHDH2u] figure_5.jpg -> classified as: Qualitative Examples
[xPxHQHDH2u] figure_6.jpg -> classified as: Qualitative Examples
[xPxHQHDH2u] figure_9.jpg -> classified as: Qualitative Examples
[xPxHQHDH2u] figure_13.jpg -> classified as: Qualitative Examples
[xPxHQHDH2u] figure_2.jpg -> classified as: Architecture Diagram
[xPxHQHDH2u] figure_11.jpg -> classified as: Qualitative Examples
[xPxHQHDH2u] figure_7.jpg -> classified as: Plots / Charts
[xPxHQHDH2u] figure_3.jpg -> classified as: Qualitative Examples
[xPxHQHDH2u] figure_4.jpg -> classified as: Qualitative Examples
[xPxHQHDH2u] figure_1.jpg -> classified as: Other
  -> Skipping second pass (Other)
[xPxHQHDH2u] figure_8.jpg -> classified as: Qualitative Examples
[xPxHQHDH2u] figure_12.jpg -> classified as: Qualitative Examples
[xPxHQHDH2u] figure_14.jpg -> classified as: Qualitative Examples
[xPxHQHDH2u] figure_10.jpg -> classified as: Plots / Charts
[xQBRrtQM8u] figure_5.jpg -> classified as: Plots / Charts
[xQBRrtQM8u] figure_9.jpg -> classified as: Qualitative Examples
[xQBRrtQM8u] figure_Text_prompt__“3D.jpg -> classified as: Qualitative Examples
[xQBRrtQM8u] figure_2.jpg -> classified as: Plots / Charts
[xQBRrtQM8u] figure_11.jpg -> classified as: Qualitative Examples
[xQBRrtQM8u] figure_Text_prompt__“3D_1.jpg -> classified as: Qualitative Examples
[xQBRrtQM8u] figure_3.jpg -> classified as: Qualitative Examples
[xQBRrtQM8u] figure_4.jpg -> classified as: Plots / Charts
[xQBRrtQM8u] figure_1.jpg -> classified as: Qualitative Examples
[xQBRrtQM8u] figure_8.jpg -> classified as: Qualitative Examples
[xQBRrtQM8u] figure_10.jpg -> classified as: Qualitative Examples
[xQVxo9dSID] figure_5.jpg -> classified as: Plots / Charts
[xQVxo9dSID] figure_6.jpg -> classified as: Plots / Charts
[xQVxo9dSID] figure_9.jpg -> classified as: Qualitative Examples
[xQVxo9dSID] figure_2.jpg -> classified as: Qualitative Examples
[xQVxo9dSID] figure_7.jpg -> classified as: Plots / Charts
[xQVxo9dSID] figure_4.jpg -> classified as: Plots / Charts
[xQVxo9dSID] figure_1.jpg -> classified as: Plots / Charts
[xQVxo9dSID] figure_8.jpg -> classified as: Qualitative Examples
[xSOl0s1u77] figure_5.jpg -> classified as: Plots / Charts
[xSOl0s1u77] figure_6.jpg -> classified as: Plots / Charts
[xSOl0s1u77] figure_9.jpg -> classified as: Qualitative Examples
[xSOl0s1u77] figure_15.jpg -> classified as: Qualitative Examples
[xSOl0s1u77] figure_2.jpg -> classified as: Qualitative Examples
[xSOl0s1u77] figure_3.jpg -> classified as: Qualitative Examples
[xSOl0s1u77] figure_1.jpg -> classified as: Qualitative Examples
[xSOl0s1u77] figure_12.jpg -> classified as: Qualitative Examples
[xSOl0s1u77] figure_14.jpg -> classified as: Qualitative Examples
[xSOl0s1u77] figure_Prompt_A_pink_chameleon.jpg -> classified as: Qualitative Examples
[xSOl0s1u77] figure_16.jpg -> classified as: Qualitative Examples
[xSOl0s1u77] figure_10.jpg -> classified as: Qualitative Examples
[xTsvE8gOPT] figure_5.jpg -> classified as: Qualitative Examples
[xTsvE8gOPT] figure_6.jpg -> classified as: Plots / Charts
[xTsvE8gOPT] figure_Prompt__“Super_cute.jpg -> classified as: Qualitative Examples
[xTsvE8gOPT] figure_9.jpg -> classified as: Qualitative Examples
[xTsvE8gOPT] figure_18.jpg -> classified as: Qualitative Examples
[xTsvE8gOPT] figure_15.jpg -> classified as: Qualitative Examples
[xTsvE8gOPT] figure_2.jpg -> classified as: Qualitative Examples
[xTsvE8gOPT] figure_11.jpg -> classified as: Qualitative Examples
[xTsvE8gOPT] figure_7.jpg -> classified as: Qualitative Examples
[xTsvE8gOPT] figure_3.jpg -> classified as: Architecture Diagram
[xTsvE8gOPT] figure_4.jpg -> classified as: Qualitative Examples
[xTsvE8gOPT] figure_17.jpg -> classified as: Qualitative Examples
[xTsvE8gOPT] figure_1.jpg -> classified as: Qualitative Examples
[xTsvE8gOPT] figure_8.jpg -> classified as: Qualitative Examples
[xTsvE8gOPT] figure_12.jpg -> classified as: Qualitative Examples
[xTsvE8gOPT] figure_14.jpg -> classified as: Qualitative Examples
[xTsvE8gOPT] figure_16.jpg -> classified as: Qualitative Examples
[xTsvE8gOPT] figure_10.jpg -> classified as: Qualitative Examples
[xUO1HXz4an] figure_5.jpg -> classified as: Qualitative Examples
[xUO1HXz4an] figure_2.jpg -> classified as: Plots / Charts
[xUO1HXz4an] figure_3.jpg -> classified as: Plots / Charts
[xUO1HXz4an] figure_4.jpg -> classified as: Qualitative Examples
[xUO1HXz4an] figure_1.jpg -> classified as: Plots / Charts
[xUe1YqEgd6] figure_2.jpg -> classified as: Plots / Charts
[xUe1YqEgd6] figure_3.jpg -> classified as: Qualitative Examples
[xUe1YqEgd6] figure_1.jpg -> classified as: Architecture Diagram
[xUzjizyzHg] figure_5.jpg -> classified as: Qualitative Examples
[xUzjizyzHg] figure_6.jpg -> classified as: Plots / Charts
[xUzjizyzHg] figure_9.jpg -> classified as: Qualitative Examples
[xUzjizyzHg] figure_2.jpg -> classified as: Plots / Charts
[xUzjizyzHg] figure_7.jpg -> classified as: Plots / Charts
[xUzjizyzHg] figure_3.jpg -> classified as: Architecture Diagram
[xUzjizyzHg] figure_4.jpg -> classified as: Plots / Charts
[xUzjizyzHg] figure_1.jpg -> classified as: Qualitative Examples
[xUzjizyzHg] figure_8.jpg -> classified as: Qualitative Examples
[xVBXz7wD2m] figure_5.jpg -> classified as: Plots / Charts
[xVBXz7wD2m] figure_6.jpg -> classified as: Plots / Charts
[xVBXz7wD2m] figure_2.jpg -> classified as: Plots / Charts
[xVBXz7wD2m] figure_3.jpg -> classified as: Plots / Charts
[xVBXz7wD2m] figure_4.jpg -> classified as: Plots / Charts
[xVBXz7wD2m] figure_1.jpg -> classified as: Architecture Diagram
[xVefsBbG2O] figure_5.jpg -> classified as: Plots / Charts
[xVefsBbG2O] figure_6.jpg -> classified as: Plots / Charts
[xVefsBbG2O] figure_2.jpg -> classified as: Plots / Charts
[xVefsBbG2O] figure_3.jpg -> classified as: Qualitative Examples
[xVefsBbG2O] figure_4.jpg -> classified as: Plots / Charts
[xVefsBbG2O] figure_1.jpg -> classified as: Plots / Charts
[xVlcbh0poD] figure_5.jpg -> classified as: Qualitative Examples
[xVlcbh0poD] figure_6.jpg -> classified as: Qualitative Examples
[xVlcbh0poD] figure_2.jpg -> classified as: Qualitative Examples
[xVlcbh0poD] figure_7.jpg -> classified as: Plots / Charts
[xVlcbh0poD] figure_3.jpg -> classified as: Plots / Charts
[xVlcbh0poD] figure_4.jpg -> classified as: Plots / Charts
[xVlcbh0poD] figure_1.jpg -> classified as: Architecture Diagram
[xVlcbh0poD] figure_8.jpg -> classified as: Plots / Charts
[xWrAAsdKoX] figure_5.jpg -> classified as: Plots / Charts
[xWrAAsdKoX] figure_2.jpg -> classified as: Plots / Charts
[xWrAAsdKoX] figure_3.jpg -> classified as: Plots / Charts
[xWrAAsdKoX] figure_4.jpg -> classified as: Plots / Charts
[xZDWO0oejD] figure_5.jpg -> classified as: Plots / Charts
[xZDWO0oejD] figure_6.jpg -> classified as: Plots / Charts
[xZDWO0oejD] figure_2.jpg -> classified as: Plots / Charts
[xZDWO0oejD] figure_3.jpg -> classified as: Plots / Charts
[xZDWO0oejD] figure_4.jpg -> classified as: Plots / Charts
[xZDWO0oejD] figure_1.jpg -> classified as: Qualitative Examples
[xaYlO03tIk] figure_19.jpg -> classified as: Qualitative Examples
[xaYlO03tIk] figure_5.jpg -> classified as: Qualitative Examples
[xaYlO03tIk] figure_6.jpg -> classified as: Qualitative Examples
[xaYlO03tIk] figure_9.jpg -> classified as: Qualitative Examples
[xaYlO03tIk] figure_18.jpg -> classified as: Qualitative Examples
[xaYlO03tIk] figure_13.jpg -> classified as: Qualitative Examples
[xaYlO03tIk] figure_15.jpg -> classified as: Qualitative Examples
[xaYlO03tIk] figure_2.jpg -> classified as: Architecture Diagram
[xaYlO03tIk] figure_11.jpg -> classified as: Plots / Charts
[xaYlO03tIk] figure_7.jpg -> classified as: Qualitative Examples
[xaYlO03tIk] figure_3.jpg -> classified as: Plots / Charts
[xaYlO03tIk] figure_4.jpg -> classified as: Qualitative Examples
[xaYlO03tIk] figure_17.jpg -> classified as: Qualitative Examples
[xaYlO03tIk] figure_1.jpg -> classified as: Other
  -> Skipping second pass (Other)
[xaYlO03tIk] figure_8.jpg -> classified as: Qualitative Examples
[xaYlO03tIk] figure_12.jpg -> classified as: Plots / Charts
[xaYlO03tIk] figure_14.jpg -> classified as: Qualitative Examples
[xaYlO03tIk] figure_16.jpg -> classified as: Qualitative Examples
[xaYlO03tIk] figure_10.jpg -> classified as: Plots / Charts
[xcHIiZr3DT] figure_5.jpg -> classified as: Architecture Diagram
[xcHIiZr3DT] figure_6.jpg -> classified as: Qualitative Examples
[xcHIiZr3DT] figure_2.jpg -> classified as: Qualitative Examples
[xcHIiZr3DT] figure_7.jpg -> classified as: Qualitative Examples
[xcHIiZr3DT] figure_3.jpg -> classified as: Architecture Diagram
[xcHIiZr3DT] figure_4.jpg -> classified as: Architecture Diagram
[xcHIiZr3DT] figure_1.jpg -> classified as: Qualitative Examples
[xcMmebCT7s] figure_5.jpg -> classified as: Plots / Charts
[xcMmebCT7s] figure_2.jpg -> classified as: Architecture Diagram
[xcMmebCT7s] figure_3.jpg -> classified as: Architecture Diagram
[xcMmebCT7s] figure_4.jpg -> classified as: Plots / Charts
[xcMmebCT7s] figure_1.jpg -> classified as: Qualitative Examples
[xh0XzueyCJ] figure_5.jpg -> classified as: Qualitative Examples
[xh0XzueyCJ] figure_6.jpg -> classified as: Plots / Charts
[xh0XzueyCJ] figure_9.jpg -> classified as: Qualitative Examples
[xh0XzueyCJ] figure_13.jpg -> classified as: Qualitative Examples
[xh0XzueyCJ] figure_15.jpg -> classified as: Plots / Charts
[xh0XzueyCJ] figure_2.jpg -> classified as: Plots / Charts
[xh0XzueyCJ] figure_11.jpg -> classified as: Plots / Charts
[xh0XzueyCJ] figure_7.jpg -> classified as: Qualitative Examples
[xh0XzueyCJ] figure_3.jpg -> classified as: Plots / Charts
[xh0XzueyCJ] figure_4.jpg -> classified as: Qualitative Examples
[xh0XzueyCJ] figure_17.jpg -> classified as: Plots / Charts
[xh0XzueyCJ] figure_1.jpg -> classified as: Architecture Diagram
[xh0XzueyCJ] figure_8.jpg -> classified as: Qualitative Examples
[xh0XzueyCJ] figure_12.jpg -> classified as: Qualitative Examples
[xh0XzueyCJ] figure_14.jpg -> classified as: Plots / Charts
[xh0XzueyCJ] figure_16.jpg -> classified as: Plots / Charts
[xh0XzueyCJ] figure_10.jpg -> classified as: Plots / Charts
[xh3XUaB8M9] figure_Images_are_randomly_4.jpg -> classified as: Qualitative Examples
[xh3XUaB8M9] figure_5.jpg -> classified as: Qualitative Examples
[xh3XUaB8M9] figure_Images_are_randomly_6.jpg -> classified as: Qualitative Examples
[xh3XUaB8M9] figure_Images_are_randomly_1.jpg -> classified as: Qualitative Examples
[xh3XUaB8M9] figure_9.jpg -> classified as: Qualitative Examples
[xh3XUaB8M9] figure_Images_are_randomly_3.jpg -> classified as: Qualitative Examples
[xh3XUaB8M9] figure_13.jpg -> classified as: Qualitative Examples
[xh3XUaB8M9] figure_2.jpg -> classified as: Architecture Diagram
[xh3XUaB8M9] figure_Images_are_randomly.jpg -> classified as: Qualitative Examples
[xh3XUaB8M9] figure_11.jpg -> classified as: Qualitative Examples
[xh3XUaB8M9] figure_Images_are_randomly_2.jpg -> classified as: Qualitative Examples
[xh3XUaB8M9] figure_3.jpg -> classified as: Plots / Charts
[xh3XUaB8M9] figure_4.jpg -> classified as: Plots / Charts
[xh3XUaB8M9] figure_1.jpg -> classified as: Qualitative Examples
[xh3XUaB8M9] figure_Images_are_randomly_5.jpg -> classified as: Qualitative Examples
[xh3XUaB8M9] figure_8.jpg -> classified as: Qualitative Examples
[xh3XUaB8M9] figure_12.jpg -> classified as: Qualitative Examples
[xh3XUaB8M9] figure_10.jpg -> classified as: Qualitative Examples
[xhtqgW5b93] figure_5.jpg -> classified as: Plots / Charts
[xhtqgW5b93] figure_6.jpg -> classified as: Qualitative Examples
[xhtqgW5b93] figure_9.jpg -> classified as: Plots / Charts
[xhtqgW5b93] figure_2.jpg -> classified as: Architecture Diagram
[xhtqgW5b93] figure_7.jpg -> classified as: Qualitative Examples
[xhtqgW5b93] figure_3.jpg -> classified as: Plots / Charts
[xhtqgW5b93] figure_4.jpg -> classified as: Plots / Charts
[xhtqgW5b93] figure_1.jpg -> classified as: Qualitative Examples
[xhtqgW5b93] figure_8.jpg -> classified as: Qualitative Examples
[xhtqgW5b93] figure_10.jpg -> classified as: Qualitative Examples
[xi4qWLNbhs] figure_5.jpg -> classified as: Qualitative Examples
[xi4qWLNbhs] figure_6.jpg -> classified as: Plots / Charts
[xi4qWLNbhs] figure_9.jpg -> classified as: Qualitative Examples
[xi4qWLNbhs] figure_2.jpg -> classified as: Plots / Charts
[xi4qWLNbhs] figure_11.jpg -> classified as: Qualitative Examples
[xi4qWLNbhs] figure_7.jpg -> classified as: Plots / Charts
[xi4qWLNbhs] figure_3.jpg -> classified as: Plots / Charts
[xi4qWLNbhs] figure_4.jpg -> classified as: Other
  -> Skipping second pass (Other)
[xi4qWLNbhs] figure_1.jpg -> classified as: Plots / Charts
[xi4qWLNbhs] figure_8.jpg -> classified as: Qualitative Examples
[xi4qWLNbhs] figure_10.jpg -> classified as: Qualitative Examples
[xiDJaTim3P] figure_5.jpg -> classified as: Plots / Charts
[xiDJaTim3P] figure_6.jpg -> classified as: Plots / Charts
[xiDJaTim3P] figure_2.jpg -> classified as: Architecture Diagram
[xiDJaTim3P] figure_3.jpg -> classified as: Plots / Charts
[xiDJaTim3P] figure_4.jpg -> classified as: Plots / Charts
[xiDJaTim3P] figure_1.jpg -> classified as: Other
  -> Skipping second pass (Other)
[xjKz6IxgCX] figure_5.jpg -> classified as: Plots / Charts
[xjKz6IxgCX] figure_6.jpg -> classified as: Plots / Charts
[xjKz6IxgCX] figure_9.jpg -> classified as: Plots / Charts
[xjKz6IxgCX] figure_13.jpg -> classified as: Plots / Charts
[xjKz6IxgCX] figure_2.jpg -> classified as: Qualitative Examples
[xjKz6IxgCX] figure_20.jpg -> classified as: Qualitative Examples
[xjKz6IxgCX] figure_11.jpg -> classified as: Plots / Charts
[xjKz6IxgCX] figure_corresponding_guardrail_response.jpg -> classified as: Qualitative Examples
[xjKz6IxgCX] figure_7.jpg -> classified as: Plots / Charts
[xjKz6IxgCX] figure_3.jpg -> classified as: Architecture Diagram
[xjKz6IxgCX] figure_4.jpg -> classified as: Plots / Charts
[xjKz6IxgCX] figure_17.jpg -> classified as: Qualitative Examples
[xjKz6IxgCX] figure_1.jpg -> classified as: Architecture Diagram
[xjKz6IxgCX] figure_8.jpg -> classified as: Plots / Charts
[xjKz6IxgCX] figure_12.jpg -> classified as: Plots / Charts
[xjKz6IxgCX] figure_14.jpg -> classified as: Plots / Charts
[xjKz6IxgCX] figure_10.jpg -> classified as: Plots / Charts
[xkR3bcswuC] figure_30.jpg -> classified as: Qualitative Examples
[xkR3bcswuC] figure_19.jpg -> classified as: Plots / Charts
[xkR3bcswuC] figure_23.jpg -> classified as: Plots / Charts
[xkR3bcswuC] figure_29.jpg -> classified as: Qualitative Examples
[xkR3bcswuC] figure_24.jpg -> classified as: Qualitative Examples
[xkR3bcswuC] figure_5.jpg -> classified as: Qualitative Examples
[xkR3bcswuC] figure_6.jpg -> classified as: Qualitative Examples
[xkR3bcswuC] figure_22.jpg -> classified as: Qualitative Examples
[xkR3bcswuC] figure_28.jpg -> classified as: Qualitative Examples
[xkR3bcswuC] figure_18.jpg -> classified as: Qualitative Examples
[xkR3bcswuC] figure_13.jpg -> classified as: Qualitative Examples
[xkR3bcswuC] figure_15.jpg -> classified as: Qualitative Examples
[xkR3bcswuC] figure_2.jpg -> classified as: Plots / Charts
[xkR3bcswuC] figure_20.jpg -> classified as: Qualitative Examples
[xkR3bcswuC] figure_11.jpg -> classified as: Qualitative Examples
[xkR3bcswuC] figure_7.jpg -> classified as: Qualitative Examples
[xkR3bcswuC] figure_34.jpg -> classified as: Qualitative Examples
[xkR3bcswuC] figure_3.jpg -> classified as: Architecture Diagram
[xkR3bcswuC] figure_33.jpg -> classified as: Qualitative Examples
[xkR3bcswuC] figure_4.jpg -> classified as: Qualitative Examples
[xkR3bcswuC] figure_31.jpg -> classified as: Qualitative Examples
[xkR3bcswuC] figure_17.jpg -> classified as: Qualitative Examples
[xkR3bcswuC] figure_1.jpg -> classified as: Qualitative Examples
[xkR3bcswuC] figure_27.jpg -> classified as: Qualitative Examples
[xkR3bcswuC] figure_12.jpg -> classified as: Qualitative Examples
[xkR3bcswuC] figure_25.jpg -> classified as: Qualitative Examples
[xkR3bcswuC] figure_21.jpg -> classified as: Qualitative Examples
[xkR3bcswuC] figure_26.jpg -> classified as: Qualitative Examples
[xkR3bcswuC] figure_14.jpg -> classified as: Qualitative Examples
[xkR3bcswuC] figure_32.jpg -> classified as: Qualitative Examples
[xkR3bcswuC] figure_16.jpg -> classified as: Plots / Charts
[xkR3bcswuC] figure_10.jpg -> classified as: Qualitative Examples
[xkgfLXZ4e0] figure_19.jpg -> classified as: Plots / Charts
[xkgfLXZ4e0] figure_5.jpg -> classified as: Plots / Charts
[xkgfLXZ4e0] figure_9.jpg -> classified as: Plots / Charts
[xkgfLXZ4e0] figure_22.jpg -> classified as: Plots / Charts
[xkgfLXZ4e0] figure_13.jpg -> classified as: Plots / Charts
[xkgfLXZ4e0] figure_15.jpg -> classified as: Plots / Charts
[xkgfLXZ4e0] figure_2.jpg -> classified as: Plots / Charts
[xkgfLXZ4e0] figure_20.jpg -> classified as: Plots / Charts
[xkgfLXZ4e0] figure_11.jpg -> classified as: Qualitative Examples
[xkgfLXZ4e0] figure_7.jpg -> classified as: Plots / Charts
[xkgfLXZ4e0] figure_3.jpg -> classified as: Qualitative Examples
[xkgfLXZ4e0] figure_4.jpg -> classified as: Qualitative Examples
[xkgfLXZ4e0] figure_17.jpg -> classified as: Plots / Charts
[xkgfLXZ4e0] figure_1.jpg -> classified as: Architecture Diagram
[xkgfLXZ4e0] figure_8.jpg -> classified as: Plots / Charts
[xkgfLXZ4e0] figure_12.jpg -> classified as: Plots / Charts
[xkgfLXZ4e0] figure_21.jpg -> classified as: Plots / Charts
[xkgfLXZ4e0] figure_14.jpg -> classified as: Plots / Charts
[xkgfLXZ4e0] figure_16.jpg -> classified as: Plots / Charts
[xkgfLXZ4e0] figure_10.jpg -> classified as: Plots / Charts
[xlQrAm3LE4] figure_1.jpg -> classified as: Architecture Diagram
[xle26hcxHh] figure_2.jpg -> classified as: Architecture Diagram
[xle26hcxHh] figure_1.jpg -> classified as: Qualitative Examples
[xmQMz9OPF5] figure_2.jpg -> classified as: Plots / Charts
[xmQMz9OPF5] figure_3.jpg -> classified as: Plots / Charts
[xmQMz9OPF5] figure_1.jpg -> classified as: Architecture Diagram
[xnssGv9rpW] figure_5.jpg -> classified as: Plots / Charts
[xnssGv9rpW] figure_6.jpg -> classified as: Plots / Charts
[xnssGv9rpW] figure_9.jpg -> classified as: Plots / Charts
[xnssGv9rpW] figure_2.jpg -> classified as: Plots / Charts
[xnssGv9rpW] figure_7.jpg -> classified as: Plots / Charts
[xnssGv9rpW] figure_3.jpg -> classified as: Architecture Diagram
[xnssGv9rpW] figure_4.jpg -> classified as: Plots / Charts
[xnssGv9rpW] figure_1.jpg -> classified as: Other
  -> Skipping second pass (Other)
[xnssGv9rpW] figure_8.jpg -> classified as: Qualitative Examples
[xnssGv9rpW] figure_10.jpg -> classified as: Plots / Charts
[xoBPfUyLWj] figure_5.jpg -> classified as: Plots / Charts
[xoBPfUyLWj] figure_6.jpg -> classified as: Plots / Charts
[xoBPfUyLWj] figure_9.jpg -> classified as: Plots / Charts
[xoBPfUyLWj] figure_2.jpg -> classified as: Plots / Charts
[xoBPfUyLWj] figure_11.jpg -> classified as: Plots / Charts
[xoBPfUyLWj] figure_7.jpg -> classified as: Plots / Charts
[xoBPfUyLWj] figure_3.jpg -> classified as: Plots / Charts
[xoBPfUyLWj] figure_4.jpg -> classified as: Plots / Charts
[xoBPfUyLWj] figure_1.jpg -> classified as: Architecture Diagram
[xoBPfUyLWj] figure_8.jpg -> classified as: Plots / Charts
[xoBPfUyLWj] figure_10.jpg -> classified as: Plots / Charts
[xoUUCS9IGl] figure_5.jpg -> classified as: Plots / Charts
[xoUUCS9IGl] figure_6.jpg -> classified as: Plots / Charts
[xoUUCS9IGl] figure_2.jpg -> classified as: Plots / Charts
[xoUUCS9IGl] figure_7.jpg -> classified as: Plots / Charts
[xoUUCS9IGl] figure_3.jpg -> classified as: Plots / Charts
[xoUUCS9IGl] figure_4.jpg -> classified as: Plots / Charts
[xoUUCS9IGl] figure_1.jpg -> classified as: Architecture Diagram
[xoUUCS9IGl] figure_8.jpg -> classified as: Plots / Charts
[xoW1Cb4MkP] figure_5.jpg -> classified as: Qualitative Examples
[xoW1Cb4MkP] figure_6.jpg -> classified as: Architecture Diagram
[xoW1Cb4MkP] figure_2.jpg -> classified as: Architecture Diagram
[xoW1Cb4MkP] figure_7.jpg -> classified as: Qualitative Examples
[xoW1Cb4MkP] figure_3.jpg -> classified as: Qualitative Examples
[xoW1Cb4MkP] figure_4.jpg -> classified as: Qualitative Examples
[xoW1Cb4MkP] figure_1.jpg -> classified as: Qualitative Examples
[xoW1Cb4MkP] figure_8.jpg -> classified as: Qualitative Examples
[xqEeGja6zq] figure_5.jpg -> classified as: Plots / Charts
[xqEeGja6zq] figure_6.jpg -> classified as: Plots / Charts
[xqEeGja6zq] figure_2.jpg -> classified as: Qualitative Examples
[xqEeGja6zq] figure_11.jpg -> classified as: Plots / Charts
[xqEeGja6zq] figure_7.jpg -> classified as: Other
  -> Skipping second pass (Other)
[xqEeGja6zq] figure_3.jpg -> classified as: Qualitative Examples
[xqEeGja6zq] figure_4.jpg -> classified as: Plots / Charts
[xqEeGja6zq] figure_1.jpg -> classified as: Architecture Diagram
[xqEeGja6zq] figure_8.jpg -> classified as: Plots / Charts
[xqEeGja6zq] figure_12.jpg -> classified as: Architecture Diagram
[xqEeGja6zq] figure_10.jpg -> classified as: Plots / Charts
[xsd2llWYSA] figure_S15.jpg -> classified as: Plots / Charts
[xsd2llWYSA] figure_S11.jpg -> classified as: Architecture Diagram
[xsd2llWYSA] figure_5.jpg -> classified as: Plots / Charts
[xsd2llWYSA] figure_6.jpg -> classified as: Plots / Charts
[xsd2llWYSA] figure_S9.jpg -> classified as: Qualitative Examples
[xsd2llWYSA] figure_(a)_Latent_representation.jpg -> classified as: Plots / Charts
[xsd2llWYSA] figure_2.jpg -> classified as: Architecture Diagram
[xsd2llWYSA] figure_S8.jpg -> classified as: Architecture Diagram
[xsd2llWYSA] figure_3.jpg -> classified as: Other
  -> Skipping second pass (Other)
[xsd2llWYSA] figure_S7.jpg -> classified as: Other
  -> Skipping second pass (Other)
[xsd2llWYSA] figure_S13.jpg -> classified as: Plots / Charts
[xsd2llWYSA] figure_4.jpg -> classified as: Qualitative Examples
[xsd2llWYSA] figure_S14.jpg -> classified as: Plots / Charts
[xsd2llWYSA] figure_1.jpg -> classified as: Architecture Diagram
[xsd2llWYSA] figure_S16.jpg -> classified as: Plots / Charts
[xsd2llWYSA] figure_S17.jpg -> classified as: Qualitative Examples
[xsd2llWYSA] figure_S12.jpg -> classified as: Architecture Diagram
[xsd2llWYSA] figure_S10.jpg -> classified as: Plots / Charts
[xuQSp75HmP] figure_5.jpg -> classified as: Qualitative Examples
[xuQSp75HmP] figure_9.jpg -> classified as: Qualitative Examples
[xuQSp75HmP] figure_13.jpg -> classified as: Qualitative Examples
[xuQSp75HmP] figure_15.jpg -> classified as: Qualitative Examples
[xuQSp75HmP] figure_2.jpg -> classified as: Architecture Diagram
[xuQSp75HmP] figure_11.jpg -> classified as: Plots / Charts
[xuQSp75HmP] figure_7.jpg -> classified as: Qualitative Examples
[xuQSp75HmP] figure_3.jpg -> classified as: Architecture Diagram
[xuQSp75HmP] figure_1.jpg -> classified as: Other
  -> Skipping second pass (Other)
[xuQSp75HmP] figure_8.jpg -> classified as: Qualitative Examples
[xuQSp75HmP] figure_12.jpg -> classified as: Qualitative Examples
[xuQSp75HmP] figure_14.jpg -> classified as: Qualitative Examples
[xvhV3LvYTc] figure_5.jpg -> classified as: Qualitative Examples
[xvhV3LvYTc] figure_6.jpg -> classified as: Plots / Charts
[xvhV3LvYTc] figure_2.jpg -> classified as: Architecture Diagram
[xvhV3LvYTc] figure_3.jpg -> classified as: Qualitative Examples
[xvhV3LvYTc] figure_4.jpg -> classified as: Qualitative Examples
[xvhV3LvYTc] figure_1.jpg -> classified as: Architecture Diagram
[xx05gm7oQw] figure_A_lady_→.jpg -> classified as: Qualitative Examples
[xx05gm7oQw] figure_6.jpg -> classified as: Qualitative Examples
[xx05gm7oQw] figure_9.jpg -> classified as: Plots / Charts
[xx05gm7oQw] figure_2.jpg -> classified as: Other
  -> Skipping second pass (Other)
[xx05gm7oQw] figure_A_woman_→.jpg -> classified as: Qualitative Examples
[xx05gm7oQw] figure_7.jpg -> classified as: Qualitative Examples
[xx05gm7oQw] figure_A_man_→.jpg -> classified as: Qualitative Examples
[xx05gm7oQw] figure_3.jpg -> classified as: Architecture Diagram
[xx05gm7oQw] figure_4.jpg -> classified as: Plots / Charts
[xx05gm7oQw] figure_1.jpg -> classified as: Plots / Charts
[xx05gm7oQw] figure_A_lady_→_1.jpg -> classified as: Qualitative Examples
[xx05gm7oQw] figure_A_li_le.jpg -> classified as: Qualitative Examples
[xx05gm7oQw] figure_8.jpg -> classified as: Qualitative Examples
[xx05gm7oQw] figure_Three_women_→.jpg -> classified as: Qualitative Examples
[xx05gm7oQw] figure_10.jpg -> classified as: Plots / Charts
[xxI4nAj7zi] figure_5.jpg -> classified as: Plots / Charts
[xxI4nAj7zi] figure_6.jpg -> classified as: Plots / Charts
[xxI4nAj7zi] figure_9.jpg -> classified as: Plots / Charts
[xxI4nAj7zi] figure_13.jpg -> classified as: Qualitative Examples
[xxI4nAj7zi] figure_15.jpg -> classified as: Qualitative Examples
[xxI4nAj7zi] figure_2.jpg -> classified as: Architecture Diagram
[xxI4nAj7zi] figure_11.jpg -> classified as: Plots / Charts
[xxI4nAj7zi] figure_7.jpg -> classified as: Architecture Diagram
[xxI4nAj7zi] figure_3.jpg -> classified as: Architecture Diagram
[xxI4nAj7zi] figure_4.jpg -> classified as: Plots / Charts
[xxI4nAj7zi] figure_17.jpg -> classified as: Qualitative Examples
[xxI4nAj7zi] figure_1.jpg -> classified as: Qualitative Examples
[xxI4nAj7zi] figure_8.jpg -> classified as: Plots / Charts
[xxI4nAj7zi] figure_12.jpg -> classified as: Qualitative Examples
[xxI4nAj7zi] figure_14.jpg -> classified as: Qualitative Examples
[xxI4nAj7zi] figure_16.jpg -> classified as: Qualitative Examples
[xxI4nAj7zi] figure_10.jpg -> classified as: Plots / Charts
[xy9yv5siYQ] figure_5.jpg -> classified as: Qualitative Examples
[xy9yv5siYQ] figure_2.jpg -> classified as: Architecture Diagram
[xy9yv5siYQ] figure_3.jpg -> classified as: Qualitative Examples
[xy9yv5siYQ] figure_1.jpg -> classified as: Qualitative Examples
[xyfb9HHvMe] figure_5.jpg -> classified as: Qualitative Examples
[xyfb9HHvMe] figure_6.jpg -> classified as: Qualitative Examples
[xyfb9HHvMe] figure_9.jpg -> classified as: Qualitative Examples
[xyfb9HHvMe] figure_2.jpg -> classified as: Plots / Charts
[xyfb9HHvMe] figure_7.jpg -> classified as: Plots / Charts
[xyfb9HHvMe] figure_3.jpg -> classified as: Architecture Diagram
[xyfb9HHvMe] figure_4.jpg -> classified as: Plots / Charts
[xyfb9HHvMe] figure_1.jpg -> classified as: Qualitative Examples
[xyfb9HHvMe] figure_8.jpg -> classified as: Qualitative Examples
[xz3dmxfFva] figure_5.jpg -> classified as: Qualitative Examples
[xz3dmxfFva] figure_2.jpg -> classified as: Plots / Charts
[xz3dmxfFva] figure_3.jpg -> classified as: Plots / Charts
[xz3dmxfFva] figure_4.jpg -> classified as: Plots / Charts
[xz3dmxfFva] figure_1.jpg -> classified as: Qualitative Examples
[y01KGvd9Bw] figure_E_(Ramesh_et.jpg -> classified as: Qualitative Examples
[y01KGvd9Bw] figure_5.jpg -> classified as: Qualitative Examples
[y01KGvd9Bw] figure_6.jpg -> classified as: Qualitative Examples
[y01KGvd9Bw] figure_2.jpg -> classified as: Architecture Diagram
[y01KGvd9Bw] figure_7.jpg -> classified as: Qualitative Examples
[y01KGvd9Bw] figure_3.jpg -> classified as: Qualitative Examples
[y01KGvd9Bw] figure_4.jpg -> classified as: Qualitative Examples
[y01KGvd9Bw] figure_1.jpg -> classified as: Architecture Diagram
[y01KGvd9Bw] figure_8.jpg -> classified as: Qualitative Examples
[y01KGvd9Bw] figure_14.jpg -> classified as: Qualitative Examples
[y01KGvd9Bw] figure_10.jpg -> classified as: Qualitative Examples
[y10AP0BkID] figure_19.jpg -> classified as: Qualitative Examples
[y10AP0BkID] figure_5.jpg -> classified as: Plots / Charts
[y10AP0BkID] figure_6.jpg -> classified as: Qualitative Examples
[y10AP0BkID] figure_9.jpg -> classified as: Qualitative Examples
[y10AP0BkID] figure_18.jpg -> classified as: Qualitative Examples
[y10AP0BkID] figure_19_1.jpg -> classified as: Qualitative Examples
[y10AP0BkID] figure_15.jpg -> classified as: Qualitative Examples
[y10AP0BkID] figure_2.jpg -> classified as: Qualitative Examples
[y10AP0BkID] figure_11.jpg -> classified as: Qualitative Examples
[y10AP0BkID] figure_7.jpg -> classified as: Qualitative Examples
[y10AP0BkID] figure_19_2.jpg -> classified as: Qualitative Examples
[y10AP0BkID] figure_3.jpg -> classified as: Qualitative Examples
[y10AP0BkID] figure_4.jpg -> classified as: Qualitative Examples
[y10AP0BkID] figure_17.jpg -> classified as: Qualitative Examples
[y10AP0BkID] figure_1.jpg -> classified as: Architecture Diagram
[y10AP0BkID] figure_8.jpg -> classified as: Qualitative Examples
[y10AP0BkID] figure_12.jpg -> classified as: Qualitative Examples
[y10AP0BkID] figure_14.jpg -> classified as: Qualitative Examples
[y10AP0BkID] figure_16.jpg -> classified as: Qualitative Examples
[y10AP0BkID] figure_10.jpg -> classified as: Qualitative Examples
[y33lDRBgWI] figure_5.jpg -> classified as: Qualitative Examples
[y33lDRBgWI] figure_6.jpg -> classified as: Qualitative Examples
[y33lDRBgWI] figure_9.jpg -> classified as: Qualitative Examples
[y33lDRBgWI] figure_Style_Image.jpg -> classified as: Other
  -> Skipping second pass (Other)
[y33lDRBgWI] figure_2.jpg -> classified as: Qualitative Examples
[y33lDRBgWI] figure_11.jpg -> classified as: Qualitative Examples
[y33lDRBgWI] figure_7.jpg -> classified as: Qualitative Examples
[y33lDRBgWI] figure_3.jpg -> classified as: Qualitative Examples
[y33lDRBgWI] figure_4.jpg -> classified as: Qualitative Examples
[y33lDRBgWI] figure_1.jpg -> classified as: Qualitative Examples
[y33lDRBgWI] figure_8.jpg -> classified as: Qualitative Examples
[y33lDRBgWI] figure_12.jpg -> classified as: Qualitative Examples
[y33lDRBgWI] figure_10.jpg -> classified as: Qualitative Examples
[y3dqBDnPay] figure_5.jpg -> classified as: Plots / Charts
[y3dqBDnPay] figure_6.jpg -> classified as: Plots / Charts
[y3dqBDnPay] figure_9.jpg -> classified as: Qualitative Examples
[y3dqBDnPay] figure_2.jpg -> classified as: Architecture Diagram
[y3dqBDnPay] figure_7.jpg -> classified as: Plots / Charts
[y3dqBDnPay] figure_3.jpg -> classified as: Architecture Diagram
[y3dqBDnPay] figure_4.jpg -> classified as: Plots / Charts
[y3dqBDnPay] figure_1.jpg -> classified as: Qualitative Examples
[y3dqBDnPay] figure_10.jpg -> classified as: Plots / Charts
[y4DtzADzd1] figure_6.jpg -> classified as: Plots / Charts
[y4DtzADzd1] figure_2.jpg -> classified as: Architecture Diagram
[y4DtzADzd1] figure_3.jpg -> classified as: Qualitative Examples
[y4DtzADzd1] figure_4.jpg -> classified as: Plots / Charts
[y4DtzADzd1] figure_1.jpg -> classified as: Qualitative Examples
[y4DtzADzd1] figure_10.jpg -> classified as: Plots / Charts
[y5G1BfV7Am] figure_understanding_and_generation.jpg -> classified as: Qualitative Examples
[y5G1BfV7Am] figure_5.jpg -> classified as: Qualitative Examples
[y5G1BfV7Am] figure_6.jpg -> classified as: Qualitative Examples
[y5G1BfV7Am] figure_9.jpg -> classified as: Qualitative Examples
[y5G1BfV7Am] figure_13.jpg -> classified as: Other
  -> Skipping second pass (Other)
[y5G1BfV7Am] figure_2.jpg -> classified as: Architecture Diagram
[y5G1BfV7Am] figure_11.jpg -> classified as: Qualitative Examples
[y5G1BfV7Am] figure_7.jpg -> classified as: Qualitative Examples
[y5G1BfV7Am] figure_3.jpg -> classified as: Architecture Diagram
[y5G1BfV7Am] figure_4.jpg -> classified as: Qualitative Examples
[y5G1BfV7Am] figure_1.jpg -> classified as: Qualitative Examples
[y5G1BfV7Am] figure_8.jpg -> classified as: Plots / Charts
[y5G1BfV7Am] figure_14.jpg -> classified as: Qualitative Examples
[y5G1BfV7Am] figure_10.jpg -> classified as: Qualitative Examples
[y80D4IojuY] figure_5.jpg -> classified as: Plots / Charts
[y80D4IojuY] figure_6.jpg -> classified as: Qualitative Examples
[y80D4IojuY] figure_9.jpg -> classified as: Architecture Diagram
[y80D4IojuY] figure_13.jpg -> classified as: Plots / Charts
[y80D4IojuY] figure_15.jpg -> classified as: Qualitative Examples
[y80D4IojuY] figure_2.jpg -> classified as: Architecture Diagram
[y80D4IojuY] figure_7.jpg -> classified as: Architecture Diagram
[y80D4IojuY] figure_3.jpg -> classified as: Architecture Diagram
[y80D4IojuY] figure_4.jpg -> classified as: Qualitative Examples
[y80D4IojuY] figure_1.jpg -> classified as: Other
  -> Skipping second pass (Other)
[y80D4IojuY] figure_8.jpg -> classified as: Architecture Diagram
[y80D4IojuY] figure_12.jpg -> classified as: Qualitative Examples
[y80D4IojuY] figure_14.jpg -> classified as: Plots / Charts
[y80D4IojuY] figure_16.jpg -> classified as: Qualitative Examples
[y80D4IojuY] figure_10.jpg -> classified as: Qualitative Examples
[y8uPsxR8PN] figure_5.jpg -> classified as: Qualitative Examples
[y8uPsxR8PN] figure_6.jpg -> classified as: Qualitative Examples
[y8uPsxR8PN] figure_2.jpg -> classified as: Architecture Diagram
[y8uPsxR8PN] figure_7.jpg -> classified as: Qualitative Examples
[y8uPsxR8PN] figure_3.jpg -> classified as: Qualitative Examples
[y8uPsxR8PN] figure_1.jpg -> classified as: Plots / Charts
[y8uPsxR8PN] figure_8.jpg -> classified as: Qualitative Examples
[yAzN4tz7oI] figure_6.jpg -> classified as: Qualitative Examples
[yAzN4tz7oI] figure_9.jpg -> classified as: Plots / Charts
[yAzN4tz7oI] figure_2.jpg -> classified as: Other
  -> Skipping second pass (Other)
[yAzN4tz7oI] figure_7.jpg -> classified as: Architecture Diagram
[yAzN4tz7oI] figure_3.jpg -> classified as: Architecture Diagram
[yAzN4tz7oI] figure_4.jpg -> classified as: Plots / Charts
[yAzN4tz7oI] figure_1.jpg -> classified as: Other
  -> Skipping second pass (Other)
[yAzN4tz7oI] figure_Robot_Dog__“Push.jpg -> classified as: Qualitative Examples
[yAzN4tz7oI] figure_8.jpg -> classified as: Plots / Charts
[yAzN4tz7oI] figure_10.jpg -> classified as: Qualitative Examples
[yCYnKMHX3u] figure_5.jpg -> classified as: Qualitative Examples
[yCYnKMHX3u] figure_6.jpg -> classified as: Qualitative Examples
[yCYnKMHX3u] figure_2.jpg -> classified as: Qualitative Examples
[yCYnKMHX3u] figure_7.jpg -> classified as: Qualitative Examples
[yCYnKMHX3u] figure_3.jpg -> classified as: Architecture Diagram
[yCYnKMHX3u] figure_4.jpg -> classified as: Qualitative Examples
[yCYnKMHX3u] figure_1.jpg -> classified as: Qualitative Examples
[yD2JMeKumt] figure_2.jpg -> classified as: Qualitative Examples
[yD2JMeKumt] figure_3.jpg -> classified as: Plots / Charts
[yD2JMeKumt] figure_1.jpg -> classified as: Plots / Charts
[yFEqYwgttJ] figure_5.jpg -> classified as: Plots / Charts
[yFEqYwgttJ] figure_6.jpg -> classified as: Plots / Charts
[yFEqYwgttJ] figure_9.jpg -> classified as: Qualitative Examples
[yFEqYwgttJ] figure_18.jpg -> classified as: Plots / Charts
[yFEqYwgttJ] figure_13.jpg -> classified as: Qualitative Examples
[yFEqYwgttJ] figure_15.jpg -> classified as: Plots / Charts
[yFEqYwgttJ] figure_2.jpg -> classified as: Architecture Diagram
[yFEqYwgttJ] figure_11.jpg -> classified as: Qualitative Examples
[yFEqYwgttJ] figure_7.jpg -> classified as: Architecture Diagram
[yFEqYwgttJ] figure_3.jpg -> classified as: Plots / Charts
[yFEqYwgttJ] figure_4.jpg -> classified as: Plots / Charts
[yFEqYwgttJ] figure_17.jpg -> classified as: Plots / Charts
[yFEqYwgttJ] figure_1.jpg -> classified as: Plots / Charts
[yFEqYwgttJ] figure_8.jpg -> classified as: Plots / Charts
[yFEqYwgttJ] figure_12.jpg -> classified as: Qualitative Examples
[yFEqYwgttJ] figure_14.jpg -> classified as: Plots / Charts
[yFEqYwgttJ] figure_16.jpg -> classified as: Plots / Charts
[yFEqYwgttJ] figure_10.jpg -> classified as: Plots / Charts
[yG1fW8igzP] figure_S18.jpg -> classified as: Qualitative Examples
[yG1fW8igzP] figure_S15.jpg -> classified as: Other
  -> Skipping second pass (Other)
[yG1fW8igzP] figure_S1.jpg -> classified as: Qualitative Examples
[yG1fW8igzP] figure_S20.jpg -> classified as: Other
  -> Skipping second pass (Other)
[yG1fW8igzP] figure_5.jpg -> classified as: Plots / Charts
[yG1fW8igzP] figure_6.jpg -> classified as: Qualitative Examples
[yG1fW8igzP] figure_S24.jpg -> classified as: Qualitative Examples
[yG1fW8igzP] figure_S2.jpg -> classified as: Plots / Charts
[yG1fW8igzP] figure_S9.jpg -> classified as: Other
  -> Skipping second pass (Other)
[yG1fW8igzP] figure_S16_1.jpg -> classified as: Other
  -> Skipping second pass (Other)
[yG1fW8igzP] figure_2.jpg -> classified as: Plots / Charts
[yG1fW8igzP] figure_S26.jpg -> classified as: Plots / Charts
[yG1fW8igzP] figure_S8.jpg -> classified as: Other
  -> Skipping second pass (Other)
[yG1fW8igzP] figure_S21.jpg -> classified as: Qualitative Examples
[yG1fW8igzP] figure_S5.jpg -> classified as: Plots / Charts
[yG1fW8igzP] figure_S22.jpg -> classified as: Qualitative Examples
[yG1fW8igzP] figure_S25.jpg -> classified as: Qualitative Examples
[yG1fW8igzP] figure_3.jpg -> classified as: Other
  -> Skipping second pass (Other)
[yG1fW8igzP] figure_S7.jpg -> classified as: Other
  -> Skipping second pass (Other)
[yG1fW8igzP] figure_S4.jpg -> classified as: Qualitative Examples
[yG1fW8igzP] figure_S23.jpg -> classified as: Other
  -> Skipping second pass (Other)
[yG1fW8igzP] figure_S13.jpg -> classified as: Other
  -> Skipping second pass (Other)
[yG1fW8igzP] figure_4.jpg -> classified as: Architecture Diagram
[yG1fW8igzP] figure_S19.jpg -> classified as: Qualitative Examples
[yG1fW8igzP] figure_S14.jpg -> classified as: Other
  -> Skipping second pass (Other)
[yG1fW8igzP] figure_1.jpg -> classified as: Qualitative Examples
[yG1fW8igzP] figure_S16.jpg -> classified as: Other
  -> Skipping second pass (Other)
[yG1fW8igzP] figure_S12.jpg -> classified as: Other
  -> Skipping second pass (Other)
[yG1fW8igzP] figure_S3.jpg -> classified as: Plots / Charts
[yGnsH3gQ6U] figure_5.jpg -> classified as: Qualitative Examples
[yGnsH3gQ6U] figure_6.jpg -> classified as: Plots / Charts
[yGnsH3gQ6U] figure_9.jpg -> classified as: Qualitative Examples
[yGnsH3gQ6U] figure_2.jpg -> classified as: Architecture Diagram
[yGnsH3gQ6U] figure_11.jpg -> classified as: Qualitative Examples
[yGnsH3gQ6U] figure_7.jpg -> classified as: Plots / Charts
[yGnsH3gQ6U] figure_3.jpg -> classified as: Architecture Diagram
[yGnsH3gQ6U] figure_4.jpg -> classified as: Qualitative Examples
[yGnsH3gQ6U] figure_1.jpg -> classified as: Architecture Diagram
[yGnsH3gQ6U] figure_8.jpg -> classified as: Plots / Charts
[yGnsH3gQ6U] figure_12.jpg -> classified as: Plots / Charts
[yGnsH3gQ6U] figure_10.jpg -> classified as: Qualitative Examples
[yGv5GzlBwr] figure_2.jpg -> classified as: Plots / Charts
[yGv5GzlBwr] figure_3.jpg -> classified as: Plots / Charts
[yGv5GzlBwr] figure_1.jpg -> classified as: Architecture Diagram
[yHj6EunfVQ] figure_5.jpg -> classified as: Plots / Charts
[yHj6EunfVQ] figure_6.jpg -> classified as: Qualitative Examples
[yHj6EunfVQ] figure_9.jpg -> classified as: Plots / Charts
[yHj6EunfVQ] figure_13.jpg -> classified as: Qualitative Examples
[yHj6EunfVQ] figure_2.jpg -> classified as: Plots / Charts
[yHj6EunfVQ] figure_11.jpg -> classified as: Qualitative Examples
[yHj6EunfVQ] figure_7.jpg -> classified as: Qualitative Examples
[yHj6EunfVQ] figure_3.jpg -> classified as: Architecture Diagram
[yHj6EunfVQ] figure_4.jpg -> classified as: Qualitative Examples
[yHj6EunfVQ] figure_1.jpg -> classified as: Qualitative Examples
[yHj6EunfVQ] figure_8.jpg -> classified as: Qualitative Examples
[yHj6EunfVQ] figure_12.jpg -> classified as: Qualitative Examples
[yHj6EunfVQ] figure_10.jpg -> classified as: Qualitative Examples
[yINucFNbcZ] figure_5.jpg -> classified as: Plots / Charts
[yINucFNbcZ] figure_6.jpg -> classified as: Plots / Charts
[yINucFNbcZ] figure_9.jpg -> classified as: Plots / Charts
[yINucFNbcZ] figure_2.jpg -> classified as: Plots / Charts
[yINucFNbcZ] figure_11.jpg -> classified as: Plots / Charts
[yINucFNbcZ] figure_7.jpg -> classified as: Plots / Charts
[yINucFNbcZ] figure_3.jpg -> classified as: Plots / Charts
[yINucFNbcZ] figure_4.jpg -> classified as: Plots / Charts
[yINucFNbcZ] figure_1.jpg -> classified as: Other
  -> Skipping second pass (Other)
[yINucFNbcZ] figure_8.jpg -> classified as: Plots / Charts
[yINucFNbcZ] figure_10.jpg -> classified as: Plots / Charts
[yJ9QNbpMi2] figure_S_24.jpg -> classified as: Qualitative Examples
[yJ9QNbpMi2] figure_S_15.jpg -> classified as: Plots / Charts
[yJ9QNbpMi2] figure_S_27.jpg -> classified as: Qualitative Examples
[yJ9QNbpMi2] figure_S_20.jpg -> classified as: Qualitative Examples
[yJ9QNbpMi2] figure_5.jpg -> classified as: Plots / Charts
[yJ9QNbpMi2] figure_6.jpg -> classified as: Plots / Charts
[yJ9QNbpMi2] figure_S_11.jpg -> classified as: Qualitative Examples
[yJ9QNbpMi2] figure_S_26.jpg -> classified as: Qualitative Examples
[yJ9QNbpMi2] figure_2.jpg -> classified as: Qualitative Examples
[yJ9QNbpMi2] figure_S_17.jpg -> classified as: Qualitative Examples
[yJ9QNbpMi2] figure_S_12.jpg -> classified as: Qualitative Examples
[yJ9QNbpMi2] figure_S_22.jpg -> classified as: Qualitative Examples
[yJ9QNbpMi2] figure_S_2.jpg -> classified as: Plots / Charts
[yJ9QNbpMi2] figure_S_3.jpg -> classified as: Plots / Charts
[yJ9QNbpMi2] figure_7.jpg -> classified as: Plots / Charts
[yJ9QNbpMi2] figure_S_8.jpg -> classified as: Plots / Charts
[yJ9QNbpMi2] figure_3.jpg -> classified as: Qualitative Examples
[yJ9QNbpMi2] figure_S_9.jpg -> classified as: Plots / Charts
[yJ9QNbpMi2] figure_4.jpg -> classified as: Qualitative Examples
[yJ9QNbpMi2] figure_S_5.jpg -> classified as: Plots / Charts
[yJ9QNbpMi2] figure_S_25.jpg -> classified as: Qualitative Examples
[yJ9QNbpMi2] figure_S_18.jpg -> classified as: Qualitative Examples
[yJ9QNbpMi2] figure_S_23.jpg -> classified as: Qualitative Examples
[yJ9QNbpMi2] figure_1.jpg -> classified as: Other
  -> Skipping second pass (Other)
[yJ9QNbpMi2] figure_S_14.jpg -> classified as: Plots / Charts
[yJ9QNbpMi2] figure_S_1.jpg -> classified as: Qualitative Examples
[yJ9QNbpMi2] figure_S_21.jpg -> classified as: Qualitative Examples
[yJ9QNbpMi2] figure_S.jpg -> classified as: Qualitative Examples
[yJ9QNbpMi2] figure_S_13.jpg -> classified as: Qualitative Examples
[yJ9QNbpMi2] figure_8.jpg -> classified as: Qualitative Examples
[yJ9QNbpMi2] figure_S_10.jpg -> classified as: Qualitative Examples
[yJ9QNbpMi2] figure_S_19.jpg -> classified as: Qualitative Examples
[yJ9QNbpMi2] figure_S_16.jpg -> classified as: Qualitative Examples
[yJ9QNbpMi2] figure_S_4.jpg -> classified as: Plots / Charts
[yJ9QNbpMi2] figure_S_7.jpg -> classified as: Plots / Charts
[yJ9QNbpMi2] figure_S_6.jpg -> classified as: Plots / Charts
[yLClGs770I] figure_5.jpg -> classified as: Qualitative Examples
[yLClGs770I] figure_6.jpg -> classified as: Other
  -> Skipping second pass (Other)
[yLClGs770I] figure_2.jpg -> classified as: Plots / Charts
[yLClGs770I] figure_3.jpg -> classified as: Qualitative Examples
[yLClGs770I] figure_4.jpg -> classified as: Qualitative Examples
[yLClGs770I] figure_1.jpg -> classified as: Plots / Charts
[yMHe9SRvxk] figure_5.jpg -> classified as: Plots / Charts
[yMHe9SRvxk] figure_6.jpg -> classified as: Qualitative Examples
[yMHe9SRvxk] figure_9.jpg -> classified as: Plots / Charts
[yMHe9SRvxk] figure_13.jpg -> classified as: Qualitative Examples
[yMHe9SRvxk] figure_15.jpg -> classified as: Qualitative Examples
[yMHe9SRvxk] figure_2.jpg -> classified as: Qualitative Examples
[yMHe9SRvxk] figure_11.jpg -> classified as: Qualitative Examples
[yMHe9SRvxk] figure_7.jpg -> classified as: Qualitative Examples
[yMHe9SRvxk] figure_3.jpg -> classified as: Plots / Charts
[yMHe9SRvxk] figure_4.jpg -> classified as: Plots / Charts
[yMHe9SRvxk] figure_1.jpg -> classified as: Architecture Diagram
[yMHe9SRvxk] figure_8.jpg -> classified as: Plots / Charts
[yMHe9SRvxk] figure_12.jpg -> classified as: Qualitative Examples
[yMHe9SRvxk] figure_14.jpg -> classified as: Qualitative Examples
[yMHe9SRvxk] figure_10.jpg -> classified as: Qualitative Examples
[yQDFsuG9HP] figure_5.jpg -> classified as: Qualitative Examples
[yQDFsuG9HP] figure_6.jpg -> classified as: Qualitative Examples
[yQDFsuG9HP] figure_9.jpg -> classified as: Qualitative Examples
[yQDFsuG9HP] figure_18.jpg -> classified as: Qualitative Examples
[yQDFsuG9HP] figure_13.jpg -> classified as: Qualitative Examples
[yQDFsuG9HP] figure_15.jpg -> classified as: Qualitative Examples
[yQDFsuG9HP] figure_2.jpg -> classified as: Qualitative Examples
[yQDFsuG9HP] figure_11.jpg -> classified as: Qualitative Examples
[yQDFsuG9HP] figure_7.jpg -> classified as: Plots / Charts
[yQDFsuG9HP] figure_3.jpg -> classified as: Architecture Diagram
[yQDFsuG9HP] figure_4.jpg -> classified as: Architecture Diagram
[yQDFsuG9HP] figure_17.jpg -> classified as: Qualitative Examples
[yQDFsuG9HP] figure_1.jpg -> classified as: Qualitative Examples
[yQDFsuG9HP] figure_8.jpg -> classified as: Architecture Diagram
[yQDFsuG9HP] figure_12.jpg -> classified as: Plots / Charts
[yQDFsuG9HP] figure_14.jpg -> classified as: Qualitative Examples
[yQDFsuG9HP] figure_16.jpg -> classified as: Qualitative Examples
[yQDFsuG9HP] figure_10.jpg -> classified as: Plots / Charts
[yVJd8lKyVX] figure_5.jpg -> classified as: Plots / Charts
[yVJd8lKyVX] figure_6.jpg -> classified as: Plots / Charts
[yVJd8lKyVX] figure_2.jpg -> classified as: Architecture Diagram
[yVJd8lKyVX] figure_7.jpg -> classified as: Plots / Charts
[yVJd8lKyVX] figure_3.jpg -> classified as: Plots / Charts
[yVJd8lKyVX] figure_4.jpg -> classified as: Plots / Charts
[yVJd8lKyVX] figure_1.jpg -> classified as: Architecture Diagram
[yVeNBxwL5W] figure_5.jpg -> classified as: Qualitative Examples
[yVeNBxwL5W] figure_6.jpg -> classified as: Qualitative Examples
[yVeNBxwL5W] figure_2.jpg -> classified as: Plots / Charts
[yVeNBxwL5W] figure_7.jpg -> classified as: Qualitative Examples
[yVeNBxwL5W] figure_3.jpg -> classified as: Plots / Charts
[yVeNBxwL5W] figure_4.jpg -> classified as: Plots / Charts
[yVeNBxwL5W] figure_1.jpg -> classified as: Qualitative Examples
[yXCTDhZDh6] figure_5.jpg -> classified as: Qualitative Examples
[yXCTDhZDh6] figure_6.jpg -> classified as: Qualitative Examples
[yXCTDhZDh6] figure_2.jpg -> classified as: Architecture Diagram
[yXCTDhZDh6] figure_7.jpg -> classified as: Qualitative Examples
[yXCTDhZDh6] figure_3.jpg -> classified as: Architecture Diagram
[yXCTDhZDh6] figure_4.jpg -> classified as: Qualitative Examples
[yXCTDhZDh6] figure_1.jpg -> classified as: Architecture Diagram
[yXklOV0ZIv] figure_2.jpg -> classified as: Architecture Diagram
[yXklOV0ZIv] figure_3.jpg -> classified as: Architecture Diagram
[yXklOV0ZIv] figure_4.jpg -> classified as: Plots / Charts
[yXklOV0ZIv] figure_1.jpg -> classified as: Plots / Charts
[yYZbZGo4ei] figure_5.jpg -> classified as: Plots / Charts
[yYZbZGo4ei] figure_6.jpg -> classified as: Qualitative Examples
[yYZbZGo4ei] figure_9.jpg -> classified as: Qualitative Examples
[yYZbZGo4ei] figure_13.jpg -> classified as: Qualitative Examples
[yYZbZGo4ei] figure_15.jpg -> classified as: Plots / Charts
[yYZbZGo4ei] figure_2.jpg -> classified as: Plots / Charts
[yYZbZGo4ei] figure_11.jpg -> classified as: Plots / Charts
[yYZbZGo4ei] figure_7.jpg -> classified as: Qualitative Examples
[yYZbZGo4ei] figure_3.jpg -> classified as: Architecture Diagram
[yYZbZGo4ei] figure_4.jpg -> classified as: Plots / Charts
[yYZbZGo4ei] figure_1.jpg -> classified as: Plots / Charts
[yYZbZGo4ei] figure_8.jpg -> classified as: Plots / Charts
[yYZbZGo4ei] figure_12.jpg -> classified as: Architecture Diagram
[yYZbZGo4ei] figure_14.jpg -> classified as: Plots / Charts
[yYZbZGo4ei] figure_10.jpg -> classified as: Qualitative Examples
[yYxEFC3Ep4] figure_Continued_on_next.jpg -> classified as: Qualitative Examples
[yYxEFC3Ep4] figure_5.jpg -> classified as: Other
  -> Skipping second pass (Other)
[yYxEFC3Ep4] figure_6.jpg -> classified as: Qualitative Examples
[yYxEFC3Ep4] figure_9.jpg -> classified as: Qualitative Examples
[yYxEFC3Ep4] figure_2.jpg -> classified as: Architecture Diagram
[yYxEFC3Ep4] figure_11.jpg -> classified as: Qualitative Examples
[yYxEFC3Ep4] figure_7.jpg -> classified as: Qualitative Examples
[yYxEFC3Ep4] figure_3.jpg -> classified as: Plots / Charts
[yYxEFC3Ep4] figure_4.jpg -> classified as: Plots / Charts
[yYxEFC3Ep4] figure_1.jpg -> classified as: Plots / Charts
[yYxEFC3Ep4] figure_8.jpg -> classified as: Plots / Charts
[yYxEFC3Ep4] figure_12.jpg -> classified as: Qualitative Examples
[yYxEFC3Ep4] figure_10.jpg -> classified as: Qualitative Examples
[yaQbTAD2JJ] figure_19.jpg -> classified as: Qualitative Examples
[yaQbTAD2JJ] figure__Pull_up_behind.jpg -> classified as: Qualitative Examples
[yaQbTAD2JJ] figure_“My_friend_is.jpg -> classified as: Qualitative Examples
[yaQbTAD2JJ] figure_6.jpg -> classified as: Qualitative Examples
[yaQbTAD2JJ] figure_9.jpg -> classified as: Qualitative Examples
[yaQbTAD2JJ] figure__Stop_in_front.jpg -> classified as: Qualitative Examples
[yaQbTAD2JJ] figure_18.jpg -> classified as: Qualitative Examples
[yaQbTAD2JJ] figure_13.jpg -> classified as: Qualitative Examples
[yaQbTAD2JJ] figure_“Stop_next_to.jpg -> classified as: Qualitative Examples
[yaQbTAD2JJ] figure_15.jpg -> classified as: Qualitative Examples
[yaQbTAD2JJ] figure_complex_reasoning_(middle),.jpg -> classified as: Qualitative Examples
[yaQbTAD2JJ] figure_3.jpg -> classified as: Architecture Diagram
[yaQbTAD2JJ] figure_4.jpg -> classified as: Qualitative Examples
[yaQbTAD2JJ] figure_“There_is_a.jpg -> classified as: Qualitative Examples
[yaQbTAD2JJ] figure_spatial_cues_and.jpg -> classified as: Qualitative Examples
[yaQbTAD2JJ] figure_“Once_the_light.jpg -> classified as: Qualitative Examples
[yaQbTAD2JJ] figure_1.jpg -> classified as: Architecture Diagram
[yaQbTAD2JJ] figure_“Switch_to_right.jpg -> classified as: Qualitative Examples
[yaQbTAD2JJ] figure_“Once_the_light_1.jpg -> classified as: Qualitative Examples
[yaQbTAD2JJ] figure_8.jpg -> classified as: Architecture Diagram
[yaQbTAD2JJ] figure_12.jpg -> classified as: Qualitative Examples
[yaQbTAD2JJ] figure_“Stop_close_to.jpg -> classified as: Qualitative Examples
[yaQbTAD2JJ] figure_car.”“Park_behind_this.jpg -> classified as: Qualitative Examples
[yaQbTAD2JJ] figure_14.jpg -> classified as: Qualitative Examples
[yaQbTAD2JJ] figure_“Turn_left_here,.jpg -> classified as: Qualitative Examples
[yaQbTAD2JJ] figure_10.jpg -> classified as: Qualitative Examples
[yarlMUJePB] figure_5.jpg -> classified as: Plots / Charts
[yarlMUJePB] figure_2.jpg -> classified as: Qualitative Examples
[yarlMUJePB] figure_3.jpg -> classified as: Plots / Charts
[yarlMUJePB] figure_4.jpg -> classified as: Qualitative Examples
[yarlMUJePB] figure_1.jpg -> classified as: Architecture Diagram
[ybFRoGxZjs] figure_5.jpg -> classified as: Qualitative Examples
[ybFRoGxZjs] figure_6.jpg -> classified as: Qualitative Examples
[ybFRoGxZjs] figure_2.jpg -> classified as: Qualitative Examples
[ybFRoGxZjs] figure_7.jpg -> classified as: Plots / Charts
[ybFRoGxZjs] figure_3.jpg -> classified as: Architecture Diagram
[ybFRoGxZjs] figure_4.jpg -> classified as: Qualitative Examples
[ybFRoGxZjs] figure_1.jpg -> classified as: Qualitative Examples
[yc38vnXhTh] figure_5.jpg -> classified as: Qualitative Examples
[yc38vnXhTh] figure_6.jpg -> classified as: Plots / Charts
[yc38vnXhTh] figure_2.jpg -> classified as: Architecture Diagram
[yc38vnXhTh] figure_7.jpg -> classified as: Plots / Charts
[yc38vnXhTh] figure_3.jpg -> classified as: Other
  -> Skipping second pass (Other)
[yc38vnXhTh] figure_4.jpg -> classified as: Qualitative Examples
[yc38vnXhTh] figure_1.jpg -> classified as: Qualitative Examples
[yc38vnXhTh] figure_8.jpg -> classified as: Qualitative Examples
[ycv2z8TYur] figure_C_5.jpg -> classified as: Qualitative Examples
[ycv2z8TYur] figure_2.jpg -> classified as: Architecture Diagram
[ycv2z8TYur] figure_C_1.jpg -> classified as: Qualitative Examples
[ycv2z8TYur] figure_C_4.jpg -> classified as: Qualitative Examples
[ycv2z8TYur] figure_C_2.jpg -> classified as: Qualitative Examples
[ycv2z8TYur] figure_C_9.jpg -> classified as: Qualitative Examples
[ycv2z8TYur] figure_B.jpg -> classified as: Qualitative Examples
[ycv2z8TYur] figure_C_3.jpg -> classified as: Qualitative Examples
[ycv2z8TYur] figure_C_7.jpg -> classified as: Qualitative Examples
[ycv2z8TYur] figure_C_8.jpg -> classified as: Qualitative Examples
[ycv2z8TYur] figure_C.jpg -> classified as: Qualitative Examples
[ycv2z8TYur] figure_1.jpg -> classified as: Qualitative Examples
[ycv2z8TYur] figure_C_6.jpg -> classified as: Qualitative Examples
[ye3NrNrYOY] figure_5.jpg -> classified as: Plots / Charts
[ye3NrNrYOY] figure_6.jpg -> classified as: Qualitative Examples
[ye3NrNrYOY] figure_9.jpg -> classified as: Plots / Charts
[ye3NrNrYOY] figure_2.jpg -> classified as: Other
  -> Skipping second pass (Other)
[ye3NrNrYOY] figure_7.jpg -> classified as: Plots / Charts
[ye3NrNrYOY] figure_3.jpg -> classified as: Architecture Diagram
[ye3NrNrYOY] figure_4.jpg -> classified as: Plots / Charts
[ye3NrNrYOY] figure_1.jpg -> classified as: Plots / Charts
[ye3NrNrYOY] figure_8.jpg -> classified as: Plots / Charts
[yf8MaCjs4j] figure_2.jpg -> classified as: Architecture Diagram
[yf8MaCjs4j] figure_3.jpg -> classified as: Plots / Charts
[yf8MaCjs4j] figure_1.jpg -> classified as: Architecture Diagram
[yhmVrA8W0v] figure_1.jpg -> classified as: Plots / Charts
[yhrWPZs6On] figure_5.jpg -> classified as: Plots / Charts
[yhrWPZs6On] figure_6.jpg -> classified as: Plots / Charts
[yhrWPZs6On] figure_2.jpg -> classified as: Architecture Diagram
[yhrWPZs6On] figure_7.jpg -> classified as: Plots / Charts
[yhrWPZs6On] figure_3.jpg -> classified as: Plots / Charts
[yhrWPZs6On] figure_4.jpg -> classified as: Plots / Charts
[yhrWPZs6On] figure_1.jpg -> classified as: Qualitative Examples
[yhrWPZs6On] figure_8.jpg -> classified as: Plots / Charts
[ykD8a9gJvy] figure_5.jpg -> classified as: Qualitative Examples
[ykD8a9gJvy] figure_6.jpg -> classified as: Qualitative Examples
[ykD8a9gJvy] figure_9.jpg -> classified as: Other
  -> Skipping second pass (Other)
[ykD8a9gJvy] figure_2.jpg -> classified as: Architecture Diagram
[ykD8a9gJvy] figure_7.jpg -> classified as: Plots / Charts
[ykD8a9gJvy] figure_3.jpg -> classified as: Qualitative Examples
[ykD8a9gJvy] figure_4.jpg -> classified as: Qualitative Examples
[ykD8a9gJvy] figure_1.jpg -> classified as: Architecture Diagram
[ykD8a9gJvy] figure_8.jpg -> classified as: Other
  -> Skipping second pass (Other)
[ykt6I21YQZ] figure_5.jpg -> classified as: Plots / Charts
[ykt6I21YQZ] figure_6.jpg -> classified as: Plots / Charts
[ykt6I21YQZ] figure_7.jpg -> classified as: Qualitative Examples
[ykt6I21YQZ] figure_3.jpg -> classified as: Plots / Charts
[ykt6I21YQZ] figure_4.jpg -> classified as: Qualitative Examples
[ykt6I21YQZ] figure_1.jpg -> classified as: Plots / Charts
[ykt6I21YQZ] figure_8.jpg -> classified as: Plots / Charts
[ylHLVq0psd] figure_5.jpg -> classified as: Plots / Charts
[ylHLVq0psd] figure_2.jpg -> classified as: Plots / Charts
[ylHLVq0psd] figure_3.jpg -> classified as: Plots / Charts
[ylHLVq0psd] figure_4.jpg -> classified as: Plots / Charts
[ylHLVq0psd] figure_1.jpg -> classified as: Plots / Charts
[ylgg2RE7ub] figure_5.jpg -> classified as: Plots / Charts
[ylgg2RE7ub] figure_6.jpg -> classified as: Architecture Diagram
[ylgg2RE7ub] figure_9.jpg -> classified as: Qualitative Examples
[ylgg2RE7ub] figure_2.jpg -> classified as: Other
  -> Skipping second pass (Other)
[ylgg2RE7ub] figure_7.jpg -> classified as: Architecture Diagram
[ylgg2RE7ub] figure_3.jpg -> classified as: Architecture Diagram
[ylgg2RE7ub] figure_4.jpg -> classified as: Plots / Charts
[ylgg2RE7ub] figure_1.jpg -> classified as: Architecture Diagram
[ylgg2RE7ub] figure_8.jpg -> classified as: Plots / Charts
[ym0ubZrsmm] figure_5.jpg -> classified as: Qualitative Examples
[ym0ubZrsmm] figure_6.jpg -> classified as: Plots / Charts
[ym0ubZrsmm] figure_2.jpg -> classified as: Qualitative Examples
[ym0ubZrsmm] figure_7.jpg -> classified as: Plots / Charts
[ym0ubZrsmm] figure_3.jpg -> classified as: Architecture Diagram
[ym0ubZrsmm] figure_4.jpg -> classified as: Plots / Charts
[ym0ubZrsmm] figure_1.jpg -> classified as: Plots / Charts
[ym7pr83XQr] figure_5.jpg -> classified as: Plots / Charts
[ym7pr83XQr] figure_6.jpg -> classified as: Plots / Charts
[ym7pr83XQr] figure_2.jpg -> classified as: Architecture Diagram
[ym7pr83XQr] figure_7.jpg -> classified as: Plots / Charts
[ym7pr83XQr] figure_3.jpg -> classified as: Plots / Charts
[ym7pr83XQr] figure_4.jpg -> classified as: Plots / Charts
[ym7pr83XQr] figure_1.jpg -> classified as: Plots / Charts
[ymjI8feDTD] figure_5.jpg -> classified as: Plots / Charts
[ymjI8feDTD] figure_6.jpg -> classified as: Qualitative Examples
[ymjI8feDTD] figure_9.jpg -> classified as: Qualitative Examples
[ymjI8feDTD] figure_13.jpg -> classified as: Other
  -> Skipping second pass (Other)
[ymjI8feDTD] figure_15.jpg -> classified as: Plots / Charts
[ymjI8feDTD] figure_2.jpg -> classified as: Plots / Charts
[ymjI8feDTD] figure_11.jpg -> classified as: Plots / Charts
[ymjI8feDTD] figure_7.jpg -> classified as: Plots / Charts
[ymjI8feDTD] figure_3.jpg -> classified as: Plots / Charts
[ymjI8feDTD] figure_4.jpg -> classified as: Qualitative Examples
[ymjI8feDTD] figure_17.jpg -> classified as: Plots / Charts
[ymjI8feDTD] figure_1.jpg -> classified as: Plots / Charts
[ymjI8feDTD] figure_8.jpg -> classified as: Plots / Charts
[ymjI8feDTD] figure_12.jpg -> classified as: Plots / Charts
[ymjI8feDTD] figure_14.jpg -> classified as: Qualitative Examples
[ymjI8feDTD] figure_16.jpg -> classified as: Qualitative Examples
[ymjI8feDTD] figure_10.jpg -> classified as: Plots / Charts
[yozwqhIHXj] figure_19.jpg -> classified as: Qualitative Examples
[yozwqhIHXj] figure_5.jpg -> classified as: Qualitative Examples
[yozwqhIHXj] figure_6.jpg -> classified as: Plots / Charts
[yozwqhIHXj] figure_9.jpg -> classified as: Qualitative Examples
[yozwqhIHXj] figure_18.jpg -> classified as: Qualitative Examples
[yozwqhIHXj] figure_13.jpg -> classified as: Qualitative Examples
[yozwqhIHXj] figure_15.jpg -> classified as: Qualitative Examples
[yozwqhIHXj] figure_2.jpg -> classified as: Architecture Diagram
[yozwqhIHXj] figure_20.jpg -> classified as: Qualitative Examples
[yozwqhIHXj] figure_11.jpg -> classified as: Qualitative Examples
[yozwqhIHXj] figure_7.jpg -> classified as: Qualitative Examples
[yozwqhIHXj] figure_3.jpg -> classified as: Architecture Diagram
[yozwqhIHXj] figure_4.jpg -> classified as: Qualitative Examples
[yozwqhIHXj] figure_17.jpg -> classified as: Qualitative Examples
[yozwqhIHXj] figure_1.jpg -> classified as: Qualitative Examples
[yozwqhIHXj] figure_8.jpg -> classified as: Qualitative Examples
[yozwqhIHXj] figure_12.jpg -> classified as: Qualitative Examples
[yozwqhIHXj] figure_14.jpg -> classified as: Qualitative Examples
[yozwqhIHXj] figure_16.jpg -> classified as: Qualitative Examples
[yozwqhIHXj] figure_10.jpg -> classified as: Qualitative Examples
[ys3eqxzkeN] figure_5.jpg -> classified as: Plots / Charts
[ys3eqxzkeN] figure_2.jpg -> classified as: Architecture Diagram
[ys3eqxzkeN] figure_3.jpg -> classified as: Qualitative Examples
[ys3eqxzkeN] figure_4.jpg -> classified as: Qualitative Examples
[ys3eqxzkeN] figure_1.jpg -> classified as: Qualitative Examples
[yvxDJ8eyBu] figure_5.jpg -> classified as: Qualitative Examples
[yvxDJ8eyBu] figure_6.jpg -> classified as: Qualitative Examples
[yvxDJ8eyBu] figure_2.jpg -> classified as: Architecture Diagram
[yvxDJ8eyBu] figure_7.jpg -> classified as: Qualitative Examples
[yvxDJ8eyBu] figure_3.jpg -> classified as: Qualitative Examples
[yvxDJ8eyBu] figure_1.jpg -> classified as: Architecture Diagram
[yvxDJ8eyBu] figure_8.jpg -> classified as: Qualitative Examples
[ywD00GsxgD] figure_5.jpg -> classified as: Plots / Charts
[ywD00GsxgD] figure_6.jpg -> classified as: Plots / Charts
[ywD00GsxgD] figure_9.jpg -> classified as: Qualitative Examples
[ywD00GsxgD] figure_2.jpg -> classified as: Plots / Charts
[ywD00GsxgD] figure_11.jpg -> classified as: Qualitative Examples
[ywD00GsxgD] figure_7.jpg -> classified as: Plots / Charts
[ywD00GsxgD] figure_3.jpg -> classified as: Plots / Charts
[ywD00GsxgD] figure_4.jpg -> classified as: Plots / Charts
[ywD00GsxgD] figure_1.jpg -> classified as: Architecture Diagram
[ywD00GsxgD] figure_8.jpg -> classified as: Plots / Charts
[ywD00GsxgD] figure_10.jpg -> classified as: Qualitative Examples
[yzRXdhk2he] figure_5.jpg -> classified as: Plots / Charts
[yzRXdhk2he] figure_6.jpg -> classified as: Qualitative Examples
[yzRXdhk2he] figure_9.jpg -> classified as: Qualitative Examples
[yzRXdhk2he] figure_2.jpg -> classified as: Plots / Charts
[yzRXdhk2he] figure_11.jpg -> classified as: Qualitative Examples
[yzRXdhk2he] figure_7.jpg -> classified as: Qualitative Examples
[yzRXdhk2he] figure_3.jpg -> classified as: Qualitative Examples
[yzRXdhk2he] figure_4.jpg -> classified as: Qualitative Examples
[yzRXdhk2he] figure_1.jpg -> classified as: Architecture Diagram
[yzRXdhk2he] figure_8.jpg -> classified as: Qualitative Examples
[yzRXdhk2he] figure_12.jpg -> classified as: Qualitative Examples
[yzRXdhk2he] figure_10.jpg -> classified as: Qualitative Examples
[z0hUsPhwUN] figure_5.jpg -> classified as: Plots / Charts
[z0hUsPhwUN] figure_6.jpg -> classified as: Qualitative Examples
[z0hUsPhwUN] figure_9.jpg -> classified as: Qualitative Examples
[z0hUsPhwUN] figure_13.jpg -> classified as: Qualitative Examples
[z0hUsPhwUN] figure_2.jpg -> classified as: Architecture Diagram
[z0hUsPhwUN] figure_11.jpg -> classified as: Qualitative Examples
[z0hUsPhwUN] figure_7.jpg -> classified as: Qualitative Examples
[z0hUsPhwUN] figure_3.jpg -> classified as: Plots / Charts
[z0hUsPhwUN] figure_4.jpg -> classified as: Plots / Charts
[z0hUsPhwUN] figure_Original_(Bpp__.jpg -> classified as: Other
  -> Skipping second pass (Other)
[z0hUsPhwUN] figure_1.jpg -> classified as: Architecture Diagram
[z0hUsPhwUN] figure_8.jpg -> classified as: Plots / Charts
[z0hUsPhwUN] figure_12.jpg -> classified as: Qualitative Examples
[z0hUsPhwUN] figure_10.jpg -> classified as: Plots / Charts
[z2QdVmhtAP] figure_5.jpg -> classified as: Plots / Charts
[z2QdVmhtAP] figure_6.jpg -> classified as: Plots / Charts
[z2QdVmhtAP] figure_9.jpg -> classified as: Plots / Charts
[z2QdVmhtAP] figure_13.jpg -> classified as: Qualitative Examples
[z2QdVmhtAP] figure_2.jpg -> classified as: Plots / Charts
[z2QdVmhtAP] figure_11.jpg -> classified as: Plots / Charts
[z2QdVmhtAP] figure_7.jpg -> classified as: Plots / Charts
[z2QdVmhtAP] figure_3.jpg -> classified as: Architecture Diagram
[z2QdVmhtAP] figure_4.jpg -> classified as: Architecture Diagram
[z2QdVmhtAP] figure_1.jpg -> classified as: Plots / Charts
[z2QdVmhtAP] figure_8.jpg -> classified as: Qualitative Examples
[z2QdVmhtAP] figure_12.jpg -> classified as: Qualitative Examples
[z2QdVmhtAP] figure_10.jpg -> classified as: Plots / Charts
[z4Hcegjzph] figure_5.jpg -> classified as: Architecture Diagram
[z4Hcegjzph] figure_6.jpg -> classified as: Architecture Diagram
[z4Hcegjzph] figure_9.jpg -> classified as: Qualitative Examples
[z4Hcegjzph] figure_2.jpg -> classified as: Architecture Diagram
[z4Hcegjzph] figure_7.jpg -> classified as: Plots / Charts
[z4Hcegjzph] figure_3.jpg -> classified as: Qualitative Examples
[z4Hcegjzph] figure_4.jpg -> classified as: Qualitative Examples
[z4Hcegjzph] figure_1.jpg -> classified as: Plots / Charts
[z4Hcegjzph] figure_8.jpg -> classified as: Qualitative Examples
[z8PcUSKXXN] figure_5.jpg -> classified as: Qualitative Examples
[z8PcUSKXXN] figure_6.jpg -> classified as: Qualitative Examples
[z8PcUSKXXN] figure_9.jpg -> classified as: Qualitative Examples
[z8PcUSKXXN] figure_2.jpg -> classified as: Plots / Charts
[z8PcUSKXXN] figure_7.jpg -> classified as: Plots / Charts
[z8PcUSKXXN] figure_3.jpg -> classified as: Architecture Diagram
[z8PcUSKXXN] figure_1.jpg -> classified as: Qualitative Examples
[z8PcUSKXXN] figure_8.jpg -> classified as: Qualitative Examples
[z9UABOHCZc] figure_5.jpg -> classified as: Plots / Charts
[z9UABOHCZc] figure_6.jpg -> classified as: Architecture Diagram
[z9UABOHCZc] figure_9.jpg -> classified as: Plots / Charts
[z9UABOHCZc] figure_2.jpg -> classified as: Plots / Charts
[z9UABOHCZc] figure_11.jpg -> classified as: Qualitative Examples
[z9UABOHCZc] figure_7.jpg -> classified as: Plots / Charts
[z9UABOHCZc] figure_3.jpg -> classified as: Qualitative Examples
[z9UABOHCZc] figure_4.jpg -> classified as: Qualitative Examples
[z9UABOHCZc] figure_1.jpg -> classified as: Architecture Diagram
[z9UABOHCZc] figure_8.jpg -> classified as: Qualitative Examples
[z9UABOHCZc] figure_12.jpg -> classified as: Plots / Charts
[z9UABOHCZc] figure_10.jpg -> classified as: Qualitative Examples
[z9UBpl4pv5] figure_5.jpg -> classified as: Plots / Charts
[z9UBpl4pv5] figure_6.jpg -> classified as: Plots / Charts
[z9UBpl4pv5] figure_2.jpg -> classified as: Architecture Diagram
[z9UBpl4pv5] figure_3.jpg -> classified as: Plots / Charts
[z9UBpl4pv5] figure_4.jpg -> classified as: Plots / Charts
[z9UBpl4pv5] figure_1.jpg -> classified as: Architecture Diagram
[zAyS5aRKV8] figure_EgoSim.jpg -> classified as: Qualitative Examples
[zAyS5aRKV8] figure_c._Prompt__a.jpg -> classified as: Qualitative Examples
[zAyS5aRKV8] figure_5.jpg -> classified as: Qualitative Examples
[zAyS5aRKV8] figure_EgoSim_1.jpg -> classified as: Qualitative Examples
[zAyS5aRKV8] figure_3.jpg -> classified as: Architecture Diagram
[zAyS5aRKV8] figure_4.jpg -> classified as: Qualitative Examples
[zB6uMznFuZ] figure_5.jpg -> classified as: Plots / Charts
[zB6uMznFuZ] figure_6.jpg -> classified as: Plots / Charts
[zB6uMznFuZ] figure_9.jpg -> classified as: Plots / Charts
[zB6uMznFuZ] figure_13.jpg -> classified as: Plots / Charts
[zB6uMznFuZ] figure_2.jpg -> classified as: Architecture Diagram
[zB6uMznFuZ] figure_11.jpg -> classified as: Plots / Charts
[zB6uMznFuZ] figure_7.jpg -> classified as: Plots / Charts
[zB6uMznFuZ] figure_3.jpg -> classified as: Architecture Diagram
[zB6uMznFuZ] figure_4.jpg -> classified as: Plots / Charts
[zB6uMznFuZ] figure_1.jpg -> classified as: Architecture Diagram
[zB6uMznFuZ] figure_8.jpg -> classified as: Architecture Diagram
[zB6uMznFuZ] figure_12.jpg -> classified as: Architecture Diagram
[zB6uMznFuZ] figure_14.jpg -> classified as: Plots / Charts
[zB6uMznFuZ] figure_10.jpg -> classified as: Plots / Charts
[zDJf7fvdid] figure_N.jpg -> classified as: Qualitative Examples
[zDJf7fvdid] figure_O.jpg -> classified as: Qualitative Examples
[zDJf7fvdid] figure_5.jpg -> classified as: Qualitative Examples
[zDJf7fvdid] figure_6.jpg -> classified as: Qualitative Examples
[zDJf7fvdid] figure_2.jpg -> classified as: Plots / Charts
[zDJf7fvdid] figure_F.jpg -> classified as: Qualitative Examples
[zDJf7fvdid] figure_B.jpg -> classified as: Qualitative Examples
[zDJf7fvdid] figure_7.jpg -> classified as: Qualitative Examples
[zDJf7fvdid] figure_E.jpg -> classified as: Qualitative Examples
[zDJf7fvdid] figure_G.jpg -> classified as: Qualitative Examples
[zDJf7fvdid] figure_3.jpg -> classified as: Qualitative Examples
[zDJf7fvdid] figure_D.jpg -> classified as: Plots / Charts
[zDJf7fvdid] figure_4.jpg -> classified as: Qualitative Examples
[zDJf7fvdid] figure_B_1.jpg -> classified as: Qualitative Examples
[zDJf7fvdid] figure_J.jpg -> classified as: Qualitative Examples
[zDJf7fvdid] figure_B_2.jpg -> classified as: Qualitative Examples
[zDJf7fvdid] figure_1.jpg -> classified as: Other
  -> Skipping second pass (Other)
[zDJf7fvdid] figure_8.jpg -> classified as: Qualitative Examples
[zDJf7fvdid] figure_L.jpg -> classified as: Qualitative Examples
[zDJf7fvdid] figure_M.jpg -> classified as: Qualitative Examples
[zEUDoD9cU9] figure_5.jpg -> classified as: Qualitative Examples
[zEUDoD9cU9] figure_2.jpg -> classified as: Architecture Diagram
[zEUDoD9cU9] figure_3.jpg -> classified as: Qualitative Examples
[zEUDoD9cU9] figure_4.jpg -> classified as: Qualitative Examples
[zEUDoD9cU9] figure_1.jpg -> classified as: Qualitative Examples
[zFfZEQHUiv] figure_3.jpg -> classified as: Qualitative Examples
[zFfZEQHUiv] figure_4.jpg -> classified as: Qualitative Examples
[zFfZEQHUiv] figure_1.jpg -> classified as: Architecture Diagram
[zG459X3Xge] figure_5.jpg -> classified as: Plots / Charts
[zG459X3Xge] figure_6.jpg -> classified as: Other
  -> Skipping second pass (Other)
[zG459X3Xge] figure_(a)_TextRAG_with.jpg -> classified as: Plots / Charts
[zG459X3Xge] figure_2.jpg -> classified as: Architecture Diagram
[zG459X3Xge] figure_7.jpg -> classified as: Other
  -> Skipping second pass (Other)
[zG459X3Xge] figure_3.jpg -> classified as: Plots / Charts
[zG459X3Xge] figure_1.jpg -> classified as: Plots / Charts
[zG459X3Xge] figure_8.jpg -> classified as: Other
  -> Skipping second pass (Other)
[zIqLQVBxdd] figure_5.jpg -> classified as: Qualitative Examples
[zIqLQVBxdd] figure_6.jpg -> classified as: Qualitative Examples
[zIqLQVBxdd] figure_9.jpg -> classified as: Qualitative Examples
[zIqLQVBxdd] figure_2.jpg -> classified as: Architecture Diagram
[zIqLQVBxdd] figure_7.jpg -> classified as: Plots / Charts
[zIqLQVBxdd] figure_3.jpg -> classified as: Qualitative Examples
[zIqLQVBxdd] figure_4.jpg -> classified as: Qualitative Examples
[zIqLQVBxdd] figure_1.jpg -> classified as: Architecture Diagram
[zIqLQVBxdd] figure_8.jpg -> classified as: Plots / Charts
[zIrpuifCJW] figure_(d)_The_relationship.jpg -> classified as: Plots / Charts
[zIrpuifCJW] figure_2.jpg -> classified as: Plots / Charts
[zIrpuifCJW] figure_1.jpg -> classified as: Architecture Diagram
[zKFUNRH0hN] figure_19.jpg -> classified as: Plots / Charts
[zKFUNRH0hN] figure_23.jpg -> classified as: Plots / Charts
[zKFUNRH0hN] figure_29.jpg -> classified as: Plots / Charts
[zKFUNRH0hN] figure_24.jpg -> classified as: Plots / Charts
[zKFUNRH0hN] figure_5.jpg -> classified as: Plots / Charts
[zKFUNRH0hN] figure_6.jpg -> classified as: Plots / Charts
[zKFUNRH0hN] figure_9.jpg -> classified as: Qualitative Examples
[zKFUNRH0hN] figure_22.jpg -> classified as: Plots / Charts
[zKFUNRH0hN] figure_28.jpg -> classified as: Plots / Charts
[zKFUNRH0hN] figure_18.jpg -> classified as: Plots / Charts
[zKFUNRH0hN] figure_13.jpg -> classified as: Plots / Charts
[zKFUNRH0hN] figure_15.jpg -> classified as: Qualitative Examples
[zKFUNRH0hN] figure_2.jpg -> classified as: Qualitative Examples
[zKFUNRH0hN] figure_20.jpg -> classified as: Plots / Charts
[zKFUNRH0hN] figure_11.jpg -> classified as: Plots / Charts
[zKFUNRH0hN] figure_7.jpg -> classified as: Qualitative Examples
[zKFUNRH0hN] figure_3.jpg -> classified as: Architecture Diagram
[zKFUNRH0hN] figure_4.jpg -> classified as: Plots / Charts
[zKFUNRH0hN] figure_17.jpg -> classified as: Plots / Charts
[zKFUNRH0hN] figure_1.jpg -> classified as: Architecture Diagram
[zKFUNRH0hN] figure_27.jpg -> classified as: Plots / Charts
[zKFUNRH0hN] figure_8.jpg -> classified as: Qualitative Examples
[zKFUNRH0hN] figure_12.jpg -> classified as: Plots / Charts
[zKFUNRH0hN] figure_25.jpg -> classified as: Plots / Charts
[zKFUNRH0hN] figure_21.jpg -> classified as: Plots / Charts
[zKFUNRH0hN] figure_26.jpg -> classified as: Plots / Charts
[zKFUNRH0hN] figure_14.jpg -> classified as: Plots / Charts
[zKFUNRH0hN] figure_16.jpg -> classified as: Plots / Charts
[zKFUNRH0hN] figure_10.jpg -> classified as: Plots / Charts
[zKlFXV87Pp] figure_5.jpg -> classified as: Plots / Charts
[zKlFXV87Pp] figure_6.jpg -> classified as: Plots / Charts
[zKlFXV87Pp] figure_9.jpg -> classified as: Qualitative Examples
[zKlFXV87Pp] figure_13.jpg -> classified as: Qualitative Examples
[zKlFXV87Pp] figure_15.jpg -> classified as: Qualitative Examples
[zKlFXV87Pp] figure_2.jpg -> classified as: Qualitative Examples
[zKlFXV87Pp] figure_11.jpg -> classified as: Qualitative Examples
[zKlFXV87Pp] figure_7.jpg -> classified as: Plots / Charts
[zKlFXV87Pp] figure_3.jpg -> classified as: Plots / Charts
[zKlFXV87Pp] figure_4.jpg -> classified as: Architecture Diagram
[zKlFXV87Pp] figure_1.jpg -> classified as: Qualitative Examples
[zKlFXV87Pp] figure_8.jpg -> classified as: Plots / Charts
[zKlFXV87Pp] figure_12.jpg -> classified as: Qualitative Examples
[zKlFXV87Pp] figure_14.jpg -> classified as: Qualitative Examples
[zKlFXV87Pp] figure_10.jpg -> classified as: Qualitative Examples
[zMoNrajk2X] figure_19.jpg -> classified as: Qualitative Examples
[zMoNrajk2X] figure_23.jpg -> classified as: Qualitative Examples
[zMoNrajk2X] figure_5.jpg -> classified as: Plots / Charts
[zMoNrajk2X] figure_6.jpg -> classified as: Qualitative Examples
[zMoNrajk2X] figure_9.jpg -> classified as: Plots / Charts
[zMoNrajk2X] figure_22.jpg -> classified as: Qualitative Examples
[zMoNrajk2X] figure_18.jpg -> classified as: Qualitative Examples
[zMoNrajk2X] figure_13.jpg -> classified as: Qualitative Examples
[zMoNrajk2X] figure_2.jpg -> classified as: Qualitative Examples
[zMoNrajk2X] figure_20.jpg -> classified as: Qualitative Examples
[zMoNrajk2X] figure_11.jpg -> classified as: Qualitative Examples
[zMoNrajk2X] figure_7.jpg -> classified as: Plots / Charts
[zMoNrajk2X] figure_3.jpg -> classified as: Qualitative Examples
[zMoNrajk2X] figure_17.jpg -> classified as: Qualitative Examples
[zMoNrajk2X] figure_1.jpg -> classified as: Qualitative Examples
[zMoNrajk2X] figure_8.jpg -> classified as: Plots / Charts
[zMoNrajk2X] figure_12.jpg -> classified as: Qualitative Examples
[zMoNrajk2X] figure_21.jpg -> classified as: Qualitative Examples
[zMoNrajk2X] figure_14.jpg -> classified as: Qualitative Examples
[zMoNrajk2X] figure_16.jpg -> classified as: Qualitative Examples
[zMoNrajk2X] figure_10.jpg -> classified as: Qualitative Examples
[zMvMwNvs4R] figure_5.jpg -> classified as: Plots / Charts
[zMvMwNvs4R] figure_6.jpg -> classified as: Plots / Charts
[zMvMwNvs4R] figure_2.jpg -> classified as: Qualitative Examples
[zMvMwNvs4R] figure_3.jpg -> classified as: Plots / Charts
[zMvMwNvs4R] figure_4.jpg -> classified as: Plots / Charts
[zMvMwNvs4R] figure_1.jpg -> classified as: Qualitative Examples
[zOo8qtyuf6] figure_Result_of_NPT.jpg -> classified as: Qualitative Examples
[zOo8qtyuf6] figure_5.jpg -> classified as: Plots / Charts
[zOo8qtyuf6] figure_2.jpg -> classified as: Architecture Diagram
[zOo8qtyuf6] figure_7.jpg -> classified as: Qualitative Examples
[zOo8qtyuf6] figure_3.jpg -> classified as: Architecture Diagram
[zOo8qtyuf6] figure_4.jpg -> classified as: Qualitative Examples
[zOo8qtyuf6] figure_1.jpg -> classified as: Qualitative Examples
[zOo8qtyuf6] figure_8.jpg -> classified as: Qualitative Examples
[zRkM6UcA22] figure_5.jpg -> classified as: Qualitative Examples
[zRkM6UcA22] figure_6.jpg -> classified as: Qualitative Examples
[zRkM6UcA22] figure_9.jpg -> classified as: Qualitative Examples
[zRkM6UcA22] figure_2.jpg -> classified as: Architecture Diagram
[zRkM6UcA22] figure_11.jpg -> classified as: Architecture Diagram
[zRkM6UcA22] figure_7.jpg -> classified as: Qualitative Examples
[zRkM6UcA22] figure_3.jpg -> classified as: Qualitative Examples
[zRkM6UcA22] figure_4.jpg -> classified as: Qualitative Examples
[zRkM6UcA22] figure_1.jpg -> classified as: Architecture Diagram
[zRkM6UcA22] figure_8.jpg -> classified as: Qualitative Examples
[zRkM6UcA22] figure_12.jpg -> classified as: Plots / Charts
[zRkM6UcA22] figure_10.jpg -> classified as: Qualitative Examples
[zW1tyw3UFu] figure_5.jpg -> classified as: Plots / Charts
[zW1tyw3UFu] figure_6.jpg -> classified as: Plots / Charts
[zW1tyw3UFu] figure_2.jpg -> classified as: Architecture Diagram
[zW1tyw3UFu] figure_7.jpg -> classified as: Plots / Charts
[zW1tyw3UFu] figure_3.jpg -> classified as: Plots / Charts
[zW1tyw3UFu] figure_4.jpg -> classified as: Plots / Charts
[zW1tyw3UFu] figure_1.jpg -> classified as: Plots / Charts
[zY37C8d6bS] figure_19.jpg -> classified as: Qualitative Examples
[zY37C8d6bS] figure_5.jpg -> classified as: Qualitative Examples
[zY37C8d6bS] figure_6.jpg -> classified as: Qualitative Examples
[zY37C8d6bS] figure_9.jpg -> classified as: Qualitative Examples
[zY37C8d6bS] figure_18.jpg -> classified as: Qualitative Examples
[zY37C8d6bS] figure_13.jpg -> classified as: Architecture Diagram
[zY37C8d6bS] figure_15.jpg -> classified as: Qualitative Examples
[zY37C8d6bS] figure_2.jpg -> classified as: Qualitative Examples
[zY37C8d6bS] figure_20.jpg -> classified as: Plots / Charts
[zY37C8d6bS] figure_11.jpg -> classified as: Qualitative Examples
[zY37C8d6bS] figure_7.jpg -> classified as: Qualitative Examples
[zY37C8d6bS] figure_3.jpg -> classified as: Qualitative Examples
[zY37C8d6bS] figure_4.jpg -> classified as: Plots / Charts
[zY37C8d6bS] figure_17.jpg -> classified as: Architecture Diagram
[zY37C8d6bS] figure_1.jpg -> classified as: Architecture Diagram
[zY37C8d6bS] figure_8.jpg -> classified as: Architecture Diagram
[zY37C8d6bS] figure_12.jpg -> classified as: Qualitative Examples
[zY37C8d6bS] figure_14.jpg -> classified as: Qualitative Examples
[zY37C8d6bS] figure_16.jpg -> classified as: Architecture Diagram
[zY37C8d6bS] figure_10.jpg -> classified as: Qualitative Examples
[zYXFMeHRtO] figure_5.jpg -> classified as: Plots / Charts
[zYXFMeHRtO] figure_6.jpg -> classified as: Qualitative Examples
[zYXFMeHRtO] figure_9.jpg -> classified as: Qualitative Examples
[zYXFMeHRtO] figure_2.jpg -> classified as: Architecture Diagram
[zYXFMeHRtO] figure_7.jpg -> classified as: Qualitative Examples
[zYXFMeHRtO] figure_3.jpg -> classified as: Architecture Diagram
[zYXFMeHRtO] figure_4.jpg -> classified as: Qualitative Examples
[zYXFMeHRtO] figure_1.jpg -> classified as: Plots / Charts
[zYXFMeHRtO] figure_8.jpg -> classified as: Qualitative Examples
[zZ6TT254Np] figure_2.jpg -> classified as: Architecture Diagram
[zZ6TT254Np] figure_3.jpg -> classified as: Plots / Charts
[zZ6TT254Np] figure_4.jpg -> classified as: Plots / Charts
[zZ6TT254Np] figure_1.jpg -> classified as: Architecture Diagram
[zZ6TT254Np] figure_(b)_The_influence.jpg -> classified as: Plots / Charts
[zb1UI74kxA] figure_30.jpg -> classified as: Qualitative Examples
[zb1UI74kxA] figure_19.jpg -> classified as: Plots / Charts
[zb1UI74kxA] figure_23.jpg -> classified as: Plots / Charts
[zb1UI74kxA] figure_29.jpg -> classified as: Qualitative Examples
[zb1UI74kxA] figure_24.jpg -> classified as: Plots / Charts
[zb1UI74kxA] figure_(b)_Histogram_of.jpg -> classified as: Qualitative Examples
[zb1UI74kxA] figure_5.jpg -> classified as: Plots / Charts
[zb1UI74kxA] figure_6.jpg -> classified as: Qualitative Examples
[zb1UI74kxA] figure_9.jpg -> classified as: Plots / Charts
[zb1UI74kxA] figure_22.jpg -> classified as: Plots / Charts
[zb1UI74kxA] figure_28.jpg -> classified as: Plots / Charts
[zb1UI74kxA] figure_18.jpg -> classified as: Plots / Charts
[zb1UI74kxA] figure_13.jpg -> classified as: Plots / Charts
[zb1UI74kxA] figure_15.jpg -> classified as: Plots / Charts
[zb1UI74kxA] figure_2.jpg -> classified as: Qualitative Examples
[zb1UI74kxA] figure_20.jpg -> classified as: Plots / Charts
[zb1UI74kxA] figure_34.jpg -> classified as: Plots / Charts
[zb1UI74kxA] figure_3.jpg -> classified as: Plots / Charts
[zb1UI74kxA] figure_33.jpg -> classified as: Plots / Charts
[zb1UI74kxA] figure_4.jpg -> classified as: Qualitative Examples
[zb1UI74kxA] figure_31.jpg -> classified as: Qualitative Examples
[zb1UI74kxA] figure_17.jpg -> classified as: Plots / Charts
[zb1UI74kxA] figure_(b)_Images_from.jpg -> classified as: Other
  -> Skipping second pass (Other)
[zb1UI74kxA] figure_1.jpg -> classified as: Plots / Charts
[zb1UI74kxA] figure_27.jpg -> classified as: Plots / Charts
[zb1UI74kxA] figure_8.jpg -> classified as: Plots / Charts
[zb1UI74kxA] figure_12.jpg -> classified as: Plots / Charts
[zb1UI74kxA] figure_25.jpg -> classified as: Plots / Charts
[zb1UI74kxA] figure_21.jpg -> classified as: Plots / Charts
[zb1UI74kxA] figure_(a)_Histogram_of.jpg -> classified as: Plots / Charts
[zb1UI74kxA] figure_26.jpg -> classified as: Plots / Charts
[zb1UI74kxA] figure_32.jpg -> classified as: Qualitative Examples
[zb1UI74kxA] figure_16.jpg -> classified as: Plots / Charts
[zb1UI74kxA] figure_10.jpg -> classified as: Qualitative Examples
[zbKcFZ6Dbp] figure_5.jpg -> classified as: Other
  -> Skipping second pass (Other)
[zbKcFZ6Dbp] figure_6.jpg -> classified as: Other
  -> Skipping second pass (Other)
[zbKcFZ6Dbp] figure_9.jpg -> classified as: Other
  -> Skipping second pass (Other)
[zbKcFZ6Dbp] figure_13.jpg -> classified as: Other
  -> Skipping second pass (Other)
[zbKcFZ6Dbp] figure_2.jpg -> classified as: Architecture Diagram
[zbKcFZ6Dbp] figure_11.jpg -> classified as: Plots / Charts
[zbKcFZ6Dbp] figure_7.jpg -> classified as: Qualitative Examples
[zbKcFZ6Dbp] figure_3.jpg -> classified as: Architecture Diagram
[zbKcFZ6Dbp] figure_4.jpg -> classified as: Other
  -> Skipping second pass (Other)
[zbKcFZ6Dbp] figure_1.jpg -> classified as: Qualitative Examples
[zbKcFZ6Dbp] figure_8.jpg -> classified as: Plots / Charts
[zbKcFZ6Dbp] figure_12.jpg -> classified as: Plots / Charts
[zbKcFZ6Dbp] figure_14.jpg -> classified as: Architecture Diagram
[zbKcFZ6Dbp] figure_10.jpg -> classified as: Architecture Diagram
[zcTLpIfj9u] figure_19.jpg -> classified as: Plots / Charts
[zcTLpIfj9u] figure_6.jpg -> classified as: Plots / Charts
[zcTLpIfj9u] figure_9.jpg -> classified as: Plots / Charts
[zcTLpIfj9u] figure_18.jpg -> classified as: Plots / Charts
[zcTLpIfj9u] figure_13.jpg -> classified as: Plots / Charts
[zcTLpIfj9u] figure_15.jpg -> classified as: Plots / Charts
[zcTLpIfj9u] figure_2.jpg -> classified as: Architecture Diagram
[zcTLpIfj9u] figure_20.jpg -> classified as: Qualitative Examples
[zcTLpIfj9u] figure_11.jpg -> classified as: Plots / Charts
[zcTLpIfj9u] figure_7.jpg -> classified as: Plots / Charts
[zcTLpIfj9u] figure_3.jpg -> classified as: Plots / Charts
[zcTLpIfj9u] figure_4.jpg -> classified as: Plots / Charts
[zcTLpIfj9u] figure_17.jpg -> classified as: Plots / Charts
[zcTLpIfj9u] figure_1.jpg -> classified as: Plots / Charts
[zcTLpIfj9u] figure_8.jpg -> classified as: Plots / Charts
[zcTLpIfj9u] figure_12.jpg -> classified as: Plots / Charts
[zcTLpIfj9u] figure_14.jpg -> classified as: Plots / Charts
[zcTLpIfj9u] figure_16.jpg -> classified as: Plots / Charts
[zcTLpIfj9u] figure_10.jpg -> classified as: Plots / Charts
[zec5DTsCLv] figure_Personalized_Prompt_..a.jpg -> classified as: Other
  -> Skipping second pass (Other)
[zec5DTsCLv] figure_5.jpg -> classified as: Qualitative Examples
[zec5DTsCLv] figure_A1.jpg -> classified as: Qualitative Examples
[zec5DTsCLv] figure_6.jpg -> classified as: Qualitative Examples
[zec5DTsCLv] figure_2.jpg -> classified as: Architecture Diagram
[zec5DTsCLv] figure_3.jpg -> classified as: Qualitative Examples
[zec5DTsCLv] figure_4.jpg -> classified as: Plots / Charts
[zec5DTsCLv] figure_An_astronaut_riding.jpg -> classified as: Qualitative Examples
[zec5DTsCLv] figure_Walking_street_at.jpg -> classified as: Other
  -> Skipping second pass (Other)
[zec5DTsCLv] figure_1.jpg -> classified as: Qualitative Examples
[zfIxlvKq4u] figure_5.jpg -> classified as: Plots / Charts
[zfIxlvKq4u] figure_6.jpg -> classified as: Qualitative Examples
[zfIxlvKq4u] figure_9.jpg -> classified as: Plots / Charts
[zfIxlvKq4u] figure_2.jpg -> classified as: Architecture Diagram
[zfIxlvKq4u] figure_7.jpg -> classified as: Qualitative Examples
[zfIxlvKq4u] figure_3.jpg -> classified as: Plots / Charts
[zfIxlvKq4u] figure_4.jpg -> classified as: Plots / Charts
[zfIxlvKq4u] figure_1.jpg -> classified as: Qualitative Examples
[zfIxlvKq4u] figure_8.jpg -> classified as: Plots / Charts
[zfIxlvKq4u] figure_10.jpg -> classified as: Plots / Charts
[zi3MEZRCqd] figure_(a)_CXR_image.jpg -> classified as: Qualitative Examples
[zi3MEZRCqd] figure_5.jpg -> classified as: Qualitative Examples
[zi3MEZRCqd] figure_6.jpg -> classified as: Qualitative Examples
[zi3MEZRCqd] figure_2.jpg -> classified as: Qualitative Examples
[zi3MEZRCqd] figure_3.jpg -> classified as: Qualitative Examples
[zi3MEZRCqd] figure_1.jpg -> classified as: Architecture Diagram
[zi3MEZRCqd] figure_(a)_CXR_image_1.jpg -> classified as: Qualitative Examples
[ziw5bzg2NO] figure_5.jpg -> classified as: Qualitative Examples
[ziw5bzg2NO] figure_6.jpg -> classified as: Plots / Charts
[ziw5bzg2NO] figure_9.jpg -> classified as: Qualitative Examples
[ziw5bzg2NO] figure_2.jpg -> classified as: Plots / Charts
[ziw5bzg2NO] figure_7.jpg -> classified as: Plots / Charts
[ziw5bzg2NO] figure_3.jpg -> classified as: Architecture Diagram
[ziw5bzg2NO] figure_4.jpg -> classified as: Plots / Charts
[ziw5bzg2NO] figure_1.jpg -> classified as: Qualitative Examples
[ziw5bzg2NO] figure_8.jpg -> classified as: Plots / Charts
[ziw5bzg2NO] figure_10.jpg -> classified as: Plots / Charts
[zkMRmW3gcT] figure_19.jpg -> classified as: Qualitative Examples
[zkMRmW3gcT] figure_5.jpg -> classified as: Plots / Charts
[zkMRmW3gcT] figure_6.jpg -> classified as: Plots / Charts
[zkMRmW3gcT] figure_9.jpg -> classified as: Qualitative Examples
[zkMRmW3gcT] figure_18.jpg -> classified as: Qualitative Examples
[zkMRmW3gcT] figure_13.jpg -> classified as: Qualitative Examples
[zkMRmW3gcT] figure_15.jpg -> classified as: Plots / Charts
[zkMRmW3gcT] figure_2.jpg -> classified as: Plots / Charts
[zkMRmW3gcT] figure_20.jpg -> classified as: Qualitative Examples
[zkMRmW3gcT] figure_11.jpg -> classified as: Qualitative Examples
[zkMRmW3gcT] figure_3.2_TOKENIZER_CHOICE_.jpg -> classified as: Plots / Charts
[zkMRmW3gcT] figure_3.5_VOCABULARY_DESIGN.jpg -> classified as: Plots / Charts
[zkMRmW3gcT] figure_7.jpg -> classified as: Plots / Charts
[zkMRmW3gcT] figure_17.jpg -> classified as: Plots / Charts
[zkMRmW3gcT] figure_1.jpg -> classified as: Qualitative Examples
[zkMRmW3gcT] figure_8.jpg -> classified as: Plots / Charts
[zkMRmW3gcT] figure_12.jpg -> classified as: Qualitative Examples
[zkMRmW3gcT] figure_21.jpg -> classified as: Qualitative Examples
[zkMRmW3gcT] figure_14.jpg -> classified as: Plots / Charts
[zkMRmW3gcT] figure_16.jpg -> classified as: Plots / Charts
[zkMRmW3gcT] figure_10.jpg -> classified as: Qualitative Examples
[zmJDzPh1Dm] figure_A1.jpg -> classified as: Plots / Charts
[zmJDzPh1Dm] figure_A2.jpg -> classified as: Plots / Charts
[zmJDzPh1Dm] figure_2.jpg -> classified as: Plots / Charts
[zmJDzPh1Dm] figure_3.jpg -> classified as: Plots / Charts
[zmJDzPh1Dm] figure_1.jpg -> classified as: Other
  -> Skipping second pass (Other)
[zmJDzPh1Dm] figure_A3.jpg -> classified as: Plots / Charts
[zpVPhvVKXk] figure_30.jpg -> classified as: Qualitative Examples
[zpVPhvVKXk] figure_19.jpg -> classified as: Qualitative Examples
[zpVPhvVKXk] figure_23.jpg -> classified as: Qualitative Examples
[zpVPhvVKXk] figure_29.jpg -> classified as: Qualitative Examples
[zpVPhvVKXk] figure_24.jpg -> classified as: Qualitative Examples
[zpVPhvVKXk] figure_5.jpg -> classified as: Qualitative Examples
[zpVPhvVKXk] figure_6.jpg -> classified as: Qualitative Examples
[zpVPhvVKXk] figure_9.jpg -> classified as: Qualitative Examples
[zpVPhvVKXk] figure_22.jpg -> classified as: Qualitative Examples
[zpVPhvVKXk] figure_28.jpg -> classified as: Qualitative Examples
[zpVPhvVKXk] figure_18.jpg -> classified as: Qualitative Examples
[zpVPhvVKXk] figure_13.jpg -> classified as: Qualitative Examples
[zpVPhvVKXk] figure_15.jpg -> classified as: Qualitative Examples
[zpVPhvVKXk] figure_2.jpg -> classified as: Qualitative Examples
[zpVPhvVKXk] figure_20.jpg -> classified as: Qualitative Examples
[zpVPhvVKXk] figure_11.jpg -> classified as: Qualitative Examples
[zpVPhvVKXk] figure_7.jpg -> classified as: Qualitative Examples
[zpVPhvVKXk] figure_3.jpg -> classified as: Architecture Diagram
[zpVPhvVKXk] figure_4.jpg -> classified as: Plots / Charts
[zpVPhvVKXk] figure_31.jpg -> classified as: Qualitative Examples
[zpVPhvVKXk] figure_17.jpg -> classified as: Qualitative Examples
[zpVPhvVKXk] figure_1.jpg -> classified as: Qualitative Examples
[zpVPhvVKXk] figure_27.jpg -> classified as: Qualitative Examples
[zpVPhvVKXk] figure_8.jpg -> classified as: Qualitative Examples
[zpVPhvVKXk] figure_12.jpg -> classified as: Qualitative Examples
[zpVPhvVKXk] figure_25.jpg -> classified as: Qualitative Examples
[zpVPhvVKXk] figure_21.jpg -> classified as: Qualitative Examples
[zpVPhvVKXk] figure_26.jpg -> classified as: Qualitative Examples
[zpVPhvVKXk] figure_14.jpg -> classified as: Qualitative Examples
[zpVPhvVKXk] figure_16.jpg -> classified as: Plots / Charts
[zpVPhvVKXk] figure_10.jpg -> classified as: Qualitative Examples
[zqVvdn0NQM] figure_2.jpg -> classified as: Qualitative Examples
[zqVvdn0NQM] figure_3.jpg -> classified as: Qualitative Examples
[zqVvdn0NQM] figure_1.jpg -> classified as: Qualitative Examples
[zsfrzYWoOP] figure_5.jpg -> classified as: Plots / Charts
[zsfrzYWoOP] figure_6.jpg -> classified as: Qualitative Examples
[zsfrzYWoOP] figure_9.jpg -> classified as: Plots / Charts
[zsfrzYWoOP] figure_(a)_Depiction_of.jpg -> classified as: Architecture Diagram
[zsfrzYWoOP] figure_7.jpg -> classified as: Plots / Charts
[zsfrzYWoOP] figure_3.jpg -> classified as: Plots / Charts
[zsfrzYWoOP] figure_4.jpg -> classified as: Plots / Charts
[zsfrzYWoOP] figure_8.jpg -> classified as: Plots / Charts
[ztT70ubhsc] figure_5.jpg -> classified as: Architecture Diagram
[ztT70ubhsc] figure_6.jpg -> classified as: Qualitative Examples
[ztT70ubhsc] figure_A_woman_in.jpg -> classified as: Qualitative Examples
[ztT70ubhsc] figure_A_young_man.jpg -> classified as: Qualitative Examples
[ztT70ubhsc] figure_9.jpg -> classified as: Qualitative Examples
[ztT70ubhsc] figure_A_balding_old.jpg -> classified as: Qualitative Examples
[ztT70ubhsc] figure_2.jpg -> classified as: Plots / Charts
[ztT70ubhsc] figure_11.jpg -> classified as: Qualitative Examples
[ztT70ubhsc] figure_7.jpg -> classified as: Qualitative Examples
[ztT70ubhsc] figure_3.jpg -> classified as: Architecture Diagram
[ztT70ubhsc] figure_4.jpg -> classified as: Qualitative Examples
[ztT70ubhsc] figure_Girl_in_market.jpg -> classified as: Qualitative Examples
[ztT70ubhsc] figure_1.jpg -> classified as: Qualitative Examples
[ztT70ubhsc] figure_Men_apparel.jpg -> classified as: Qualitative Examples
[ztT70ubhsc] figure_8.jpg -> classified as: Architecture Diagram
[ztT70ubhsc] figure_10.jpg -> classified as: Qualitative Examples
[zu7cBTPsDb] figure_5.jpg -> classified as: Qualitative Examples
[zu7cBTPsDb] figure_6.jpg -> classified as: Qualitative Examples
[zu7cBTPsDb] figure_9.jpg -> classified as: Qualitative Examples
[zu7cBTPsDb] figure_2.jpg -> classified as: Architecture Diagram
[zu7cBTPsDb] figure_11.jpg -> classified as: Qualitative Examples
[zu7cBTPsDb] figure_7.jpg -> classified as: Qualitative Examples
[zu7cBTPsDb] figure_3.jpg -> classified as: Qualitative Examples
[zu7cBTPsDb] figure_4.jpg -> classified as: Qualitative Examples
[zu7cBTPsDb] figure_1.jpg -> classified as: Qualitative Examples
[zu7cBTPsDb] figure_8.jpg -> classified as: Qualitative Examples
[zu7cBTPsDb] figure_10.jpg -> classified as: Qualitative Examples
[zvYJ1qG1Fy] figure_5.jpg -> classified as: Qualitative Examples
[zvYJ1qG1Fy] figure_6.jpg -> classified as: Architecture Diagram
[zvYJ1qG1Fy] figure_9.jpg -> classified as: Architecture Diagram
[zvYJ1qG1Fy] figure_13.jpg -> classified as: Qualitative Examples
[zvYJ1qG1Fy] figure_15.jpg -> classified as: Qualitative Examples
[zvYJ1qG1Fy] figure_2.jpg -> classified as: Architecture Diagram
[zvYJ1qG1Fy] figure_11.jpg -> classified as: Qualitative Examples
[zvYJ1qG1Fy] figure_7.jpg -> classified as: Architecture Diagram
[zvYJ1qG1Fy] figure_3.jpg -> classified as: Architecture Diagram
[zvYJ1qG1Fy] figure_4.jpg -> classified as: Plots / Charts
[zvYJ1qG1Fy] figure_1.jpg -> classified as: Architecture Diagram
[zvYJ1qG1Fy] figure_8.jpg -> classified as: Plots / Charts
[zvYJ1qG1Fy] figure_12.jpg -> classified as: Qualitative Examples
[zvYJ1qG1Fy] figure_14.jpg -> classified as: Qualitative Examples
[zvYJ1qG1Fy] figure_16.jpg -> classified as: Qualitative Examples
[zvYJ1qG1Fy] figure_10.jpg -> classified as: Plots / Charts
[zvaiz3FjA9] figure_5.jpg -> classified as: Plots / Charts
[zvaiz3FjA9] figure_A1.jpg -> classified as: Architecture Diagram
[zvaiz3FjA9] figure_6.jpg -> classified as: Qualitative Examples
[zvaiz3FjA9] figure_2.jpg -> classified as: Architecture Diagram
[zvaiz3FjA9] figure_3.jpg -> classified as: Architecture Diagram
[zvaiz3FjA9] figure_4.jpg -> classified as: Architecture Diagram
[zvaiz3FjA9] figure_1.jpg -> classified as: Architecture Diagram
[zzv4Bf50RW] figure_5.jpg -> classified as: Plots / Charts
[zzv4Bf50RW] figure_6.jpg -> classified as: Plots / Charts
[zzv4Bf50RW] figure_9.jpg -> classified as: Qualitative Examples
[zzv4Bf50RW] figure_2.jpg -> classified as: Plots / Charts
[zzv4Bf50RW] figure_7.jpg -> classified as: Qualitative Examples
[zzv4Bf50RW] figure_3.jpg -> classified as: Qualitative Examples
[zzv4Bf50RW] figure_4.jpg -> classified as: Qualitative Examples
[zzv4Bf50RW] figure_1.jpg -> classified as: Architecture Diagram
[zzv4Bf50RW] figure_8.jpg -> classified as: Qualitative Examples
Shard 3 complete.
Task 3 finished
