Starting Task ID: 1
Initializing Qwen Client with model: qwen3-vl-8b-instruct
Using Data Root: /ceph/hpc/home/euweihez/topcon/d2025d08-005-users/data_src/balanced/balanced_cv/cv/balanced_cv
--- SHARD INFO ---
Job ID: 1 / 4
Processing indices: 810 to 1620 (Total: 810 papers)
Outputting to: /ceph/hpc/home/euweihez/topcon/d2025d08-005-users/img_description/cv/image_descriptions_1.json
------------------
[FXw0okNcOb] figure_5.jpg -> classified as: Plots / Charts
[FXw0okNcOb] figure_2.jpg -> classified as: Plots / Charts
[FXw0okNcOb] figure_7.jpg -> classified as: Plots / Charts
[FXw0okNcOb] figure_3.jpg -> classified as: Plots / Charts
[FXw0okNcOb] figure_4.jpg -> classified as: Other
  -> Skipping second pass (Other)
[FXw0okNcOb] figure_1.jpg -> classified as: Architecture Diagram
[FXw0okNcOb] figure_8.jpg -> classified as: Plots / Charts
[FZaw83yo76] figure_5.jpg -> classified as: Architecture Diagram
[FZaw83yo76] figure_6.jpg -> classified as: Qualitative Examples
[FZaw83yo76] figure_9.jpg -> classified as: Qualitative Examples
[FZaw83yo76] figure_2.jpg -> classified as: Qualitative Examples
[FZaw83yo76] figure_11.jpg -> classified as: Plots / Charts
[FZaw83yo76] figure_3.jpg -> classified as: Plots / Charts
[FZaw83yo76] figure_4.jpg -> classified as: Plots / Charts
[FZaw83yo76] figure_1.jpg -> classified as: Qualitative Examples
[FZaw83yo76] figure_(“_”_→.jpg -> classified as: Qualitative Examples
[FZaw83yo76] figure_8.jpg -> classified as: Plots / Charts
[FZaw83yo76] figure_12.jpg -> classified as: Plots / Charts
[FZaw83yo76] figure_10.jpg -> classified as: Plots / Charts
[FZv3kPHTtB] figure_(c)_Example_questions.jpg -> classified as: Qualitative Examples
[FZv3kPHTtB] figure_6.jpg -> classified as: Qualitative Examples
[FZv3kPHTtB] figure_2.jpg -> classified as: Plots / Charts
[FZv3kPHTtB] figure_3.jpg -> classified as: Plots / Charts
[FZv3kPHTtB] figure_4.jpg -> classified as: Architecture Diagram
[FZv3kPHTtB] figure_1.jpg -> classified as: Qualitative Examples
[FbN5rR2sEN] figure_5.jpg -> classified as: Qualitative Examples
[FbN5rR2sEN] figure_6.jpg -> classified as: Qualitative Examples
[FbN5rR2sEN] figure_2.jpg -> classified as: Architecture Diagram
[FbN5rR2sEN] figure_3.jpg -> classified as: Qualitative Examples
[FbN5rR2sEN] figure_4.jpg -> classified as: Qualitative Examples
[FbN5rR2sEN] figure_1.jpg -> classified as: Architecture Diagram
[Fd8MBEOirN] figure_2.jpg -> classified as: Plots / Charts
[Fd8MBEOirN] figure_3.jpg -> classified as: Plots / Charts
[Fd8MBEOirN] figure_4.jpg -> classified as: Plots / Charts
[Fd8MBEOirN] figure_1.jpg -> classified as: Architecture Diagram
[FdUloEgBSE] figure_2.jpg -> classified as: Architecture Diagram
[FdUloEgBSE] figure_3.jpg -> classified as: Qualitative Examples
[FdUloEgBSE] figure_1.jpg -> classified as: Qualitative Examples
[FdVXgSJhvz] figure_19.jpg -> classified as: Plots / Charts
[FdVXgSJhvz] figure_23.jpg -> classified as: Plots / Charts
[FdVXgSJhvz] figure_24.jpg -> classified as: Plots / Charts
[FdVXgSJhvz] figure_5.jpg -> classified as: Plots / Charts
[FdVXgSJhvz] figure_6.jpg -> classified as: Plots / Charts
[FdVXgSJhvz] figure_9.jpg -> classified as: Plots / Charts
[FdVXgSJhvz] figure_28.jpg -> classified as: Plots / Charts
[FdVXgSJhvz] figure_18.jpg -> classified as: Plots / Charts
[FdVXgSJhvz] figure_13.jpg -> classified as: Plots / Charts
[FdVXgSJhvz] figure_15.jpg -> classified as: Plots / Charts
[FdVXgSJhvz] figure_2.jpg -> classified as: Architecture Diagram
[FdVXgSJhvz] figure_20.jpg -> classified as: Plots / Charts
[FdVXgSJhvz] figure_11.jpg -> classified as: Qualitative Examples
[FdVXgSJhvz] figure_7.jpg -> classified as: Plots / Charts
[FdVXgSJhvz] figure_4.jpg -> classified as: Plots / Charts
[FdVXgSJhvz] figure_17.jpg -> classified as: Plots / Charts
[FdVXgSJhvz] figure_1.jpg -> classified as: Plots / Charts
[FdVXgSJhvz] figure_27.jpg -> classified as: Plots / Charts
[FdVXgSJhvz] figure_8.jpg -> classified as: Plots / Charts
[FdVXgSJhvz] figure_25.jpg -> classified as: Plots / Charts
[FdVXgSJhvz] figure_21.jpg -> classified as: Plots / Charts
[FdVXgSJhvz] figure_26.jpg -> classified as: Plots / Charts
[FdVXgSJhvz] figure_14.jpg -> classified as: Plots / Charts
[FdVXgSJhvz] figure_16.jpg -> classified as: Plots / Charts
[FdVXgSJhvz] figure_10.jpg -> classified as: Plots / Charts
[Ffuw2ryqpz] figure_5.jpg -> classified as: Plots / Charts
[Ffuw2ryqpz] figure_6.jpg -> classified as: Architecture Diagram
[Ffuw2ryqpz] figure_9.jpg -> classified as: Qualitative Examples
[Ffuw2ryqpz] figure_2.jpg -> classified as: Architecture Diagram
[Ffuw2ryqpz] figure_11.jpg -> classified as: Qualitative Examples
[Ffuw2ryqpz] figure_7.jpg -> classified as: Qualitative Examples
[Ffuw2ryqpz] figure_3.jpg -> classified as: Architecture Diagram
[Ffuw2ryqpz] figure_4.jpg -> classified as: Qualitative Examples
[Ffuw2ryqpz] figure_1.jpg -> classified as: Qualitative Examples
[Ffuw2ryqpz] figure_8.jpg -> classified as: Qualitative Examples
[Ffuw2ryqpz] figure_10.jpg -> classified as: Qualitative Examples
[Fg0eo2AkST] figure_5.jpg -> classified as: Architecture Diagram
[Fg0eo2AkST] figure_6.jpg -> classified as: Plots / Charts
[Fg0eo2AkST] figure_9.jpg -> classified as: Qualitative Examples
[Fg0eo2AkST] figure_2.jpg -> classified as: Architecture Diagram
[Fg0eo2AkST] figure_7.jpg -> classified as: Plots / Charts
[Fg0eo2AkST] figure_3.jpg -> classified as: Plots / Charts
[Fg0eo2AkST] figure_4.jpg -> classified as: Qualitative Examples
[Fg0eo2AkST] figure_1.jpg -> classified as: Qualitative Examples
[Fg0eo2AkST] figure_8.jpg -> classified as: Plots / Charts
[FiGDhrt1JL] figure_5.jpg -> classified as: Plots / Charts
[FiGDhrt1JL] figure_6.jpg -> classified as: Plots / Charts
[FiGDhrt1JL] figure_9.jpg -> classified as: Qualitative Examples
[FiGDhrt1JL] figure_2.jpg -> classified as: Architecture Diagram
[FiGDhrt1JL] figure_7.jpg -> classified as: Qualitative Examples
[FiGDhrt1JL] figure_3.jpg -> classified as: Architecture Diagram
[FiGDhrt1JL] figure_4.jpg -> classified as: Architecture Diagram
[FiGDhrt1JL] figure_1.jpg -> classified as: Qualitative Examples
[FiGDhrt1JL] figure_8.jpg -> classified as: Qualitative Examples
[FlhjUkC7vH] figure_19.jpg -> classified as: Qualitative Examples
[FlhjUkC7vH] figure_5.jpg -> classified as: Qualitative Examples
[FlhjUkC7vH] figure_6.jpg -> classified as: Plots / Charts
[FlhjUkC7vH] figure_9.jpg -> classified as: Qualitative Examples
[FlhjUkC7vH] figure_18.jpg -> classified as: Qualitative Examples
[FlhjUkC7vH] figure_13.jpg -> classified as: Qualitative Examples
[FlhjUkC7vH] figure_15.jpg -> classified as: Qualitative Examples
[FlhjUkC7vH] figure_2.jpg -> classified as: Architecture Diagram
[FlhjUkC7vH] figure_20.jpg -> classified as: Qualitative Examples
[FlhjUkC7vH] figure_11.jpg -> classified as: Qualitative Examples
[FlhjUkC7vH] figure_3.jpg -> classified as: Qualitative Examples
[FlhjUkC7vH] figure_4.jpg -> classified as: Qualitative Examples
[FlhjUkC7vH] figure_17.jpg -> classified as: Qualitative Examples
[FlhjUkC7vH] figure_1.jpg -> classified as: Qualitative Examples
[FlhjUkC7vH] figure_8.jpg -> classified as: Qualitative Examples
[FlhjUkC7vH] figure_14.jpg -> classified as: Qualitative Examples
[FlhjUkC7vH] figure_16.jpg -> classified as: Qualitative Examples
[FlhjUkC7vH] figure_10.jpg -> classified as: Qualitative Examples
[FlvtjAB0gl] figure_A_high_contrast_1.jpg -> classified as: Qualitative Examples
[FlvtjAB0gl] figure_A_high_contrast.jpg -> classified as: Qualitative Examples
[FlvtjAB0gl] figure_A_section_of.jpg -> classified as: Qualitative Examples
[FlvtjAB0gl] figure_A_transparent_sculpture.jpg -> classified as: Qualitative Examples
[FlvtjAB0gl] figure_Downtown_Shanghai_at.jpg -> classified as: Qualitative Examples
[FlvtjAB0gl] figure_5.jpg -> classified as: Qualitative Examples
[FlvtjAB0gl] figure_6.jpg -> classified as: Architecture Diagram
[FlvtjAB0gl] figure_A_richly_textured.jpg -> classified as: Qualitative Examples
[FlvtjAB0gl] figure_a_bird_wearing.jpg -> classified as: Qualitative Examples
[FlvtjAB0gl] figure_9.jpg -> classified as: Qualitative Examples
[FlvtjAB0gl] figure_13.jpg -> classified as: Qualitative Examples
[FlvtjAB0gl] figure_A_small_cactus.jpg -> classified as: Qualitative Examples
[FlvtjAB0gl] figure_2.jpg -> classified as: Architecture Diagram
[FlvtjAB0gl] figure_Taj_Mahal_with.jpg -> classified as: Qualitative Examples
[FlvtjAB0gl] figure_11.jpg -> classified as: Qualitative Examples
[FlvtjAB0gl] figure_A_lovely_dog.jpg -> classified as: Qualitative Examples
[FlvtjAB0gl] figure_7.jpg -> classified as: Qualitative Examples
[FlvtjAB0gl] figure_3.jpg -> classified as: Architecture Diagram
[FlvtjAB0gl] figure_4.jpg -> classified as: Qualitative Examples
[FlvtjAB0gl] figure_A_blue_jay.jpg -> classified as: Qualitative Examples
[FlvtjAB0gl] figure_1.jpg -> classified as: Architecture Diagram
[FlvtjAB0gl] figure_a_cat_drinking.jpg -> classified as: Qualitative Examples
[FlvtjAB0gl] figure_8.jpg -> classified as: Qualitative Examples
[FlvtjAB0gl] figure_12.jpg -> classified as: Qualitative Examples
[FlvtjAB0gl] figure_10.jpg -> classified as: Qualitative Examples
[FoMZ4ljhVw] figure_5.jpg -> classified as: Architecture Diagram
[FoMZ4ljhVw] figure_6.jpg -> classified as: Plots / Charts
[FoMZ4ljhVw] figure_9.jpg -> classified as: Qualitative Examples
[FoMZ4ljhVw] figure_13.jpg -> classified as: Qualitative Examples
[FoMZ4ljhVw] figure_11.jpg -> classified as: Qualitative Examples
[FoMZ4ljhVw] figure_7.jpg -> classified as: Qualitative Examples
[FoMZ4ljhVw] figure_3.jpg -> classified as: Qualitative Examples
[FoMZ4ljhVw] figure_4.jpg -> classified as: Qualitative Examples
[FoMZ4ljhVw] figure_1.jpg -> classified as: Qualitative Examples
[FoMZ4ljhVw] figure_8.jpg -> classified as: Qualitative Examples
[FoMZ4ljhVw] figure_12.jpg -> classified as: Qualitative Examples
[FoMZ4ljhVw] figure_10.jpg -> classified as: Qualitative Examples
[FtjLUHyZAO] figure_6.jpg -> classified as: Plots / Charts
[FtjLUHyZAO] figure_9.jpg -> classified as: Plots / Charts
[FtjLUHyZAO] figure_13.jpg -> classified as: Plots / Charts
[FtjLUHyZAO] figure_15.jpg -> classified as: Plots / Charts
[FtjLUHyZAO] figure_2.jpg -> classified as: Architecture Diagram
[FtjLUHyZAO] figure_11.jpg -> classified as: Qualitative Examples
[FtjLUHyZAO] figure_7.jpg -> classified as: Plots / Charts
[FtjLUHyZAO] figure_3.jpg -> classified as: Qualitative Examples
[FtjLUHyZAO] figure_4.jpg -> classified as: Plots / Charts
[FtjLUHyZAO] figure_1.jpg -> classified as: Architecture Diagram
[FtjLUHyZAO] figure_8.jpg -> classified as: Plots / Charts
[FtjLUHyZAO] figure_12.jpg -> classified as: Qualitative Examples
[FtjLUHyZAO] figure_14.jpg -> classified as: Qualitative Examples
[FtjLUHyZAO] figure_16.jpg -> classified as: Qualitative Examples
[FtjLUHyZAO] figure_10.jpg -> classified as: Plots / Charts
[FvBTy5Dz9C] figure_5.jpg -> classified as: Plots / Charts
[FvBTy5Dz9C] figure_6.jpg -> classified as: Plots / Charts
[FvBTy5Dz9C] figure_9.jpg -> classified as: Plots / Charts
[FvBTy5Dz9C] figure_2.jpg -> classified as: Plots / Charts
[FvBTy5Dz9C] figure_11.jpg -> classified as: Plots / Charts
[FvBTy5Dz9C] figure_7.jpg -> classified as: Plots / Charts
[FvBTy5Dz9C] figure_3.jpg -> classified as: Plots / Charts
[FvBTy5Dz9C] figure_4.jpg -> classified as: Plots / Charts
[FvBTy5Dz9C] figure_1.jpg -> classified as: Architecture Diagram
[FvBTy5Dz9C] figure_8.jpg -> classified as: Plots / Charts
[FvBTy5Dz9C] figure_10.jpg -> classified as: Plots / Charts
[FvIASa0tau] figure_19.jpg -> classified as: Qualitative Examples
[FvIASa0tau] figure_23.jpg -> classified as: Qualitative Examples
[FvIASa0tau] figure_24.jpg -> classified as: Qualitative Examples
[FvIASa0tau] figure_5.jpg -> classified as: Qualitative Examples
[FvIASa0tau] figure_6.jpg -> classified as: Qualitative Examples
[FvIASa0tau] figure_9.jpg -> classified as: Architecture Diagram
[FvIASa0tau] figure_22.jpg -> classified as: Qualitative Examples
[FvIASa0tau] figure_13.jpg -> classified as: Qualitative Examples
[FvIASa0tau] figure_2.jpg -> classified as: Architecture Diagram
[FvIASa0tau] figure_20.jpg -> classified as: Qualitative Examples
[FvIASa0tau] figure_11.jpg -> classified as: Qualitative Examples
[FvIASa0tau] figure_7.jpg -> classified as: Architecture Diagram
[FvIASa0tau] figure_3.jpg -> classified as: Architecture Diagram
[FvIASa0tau] figure_4.jpg -> classified as: Architecture Diagram
[FvIASa0tau] figure_17.jpg -> classified as: Qualitative Examples
[FvIASa0tau] figure_1.jpg -> classified as: Qualitative Examples
[FvIASa0tau] figure_8.jpg -> classified as: Qualitative Examples
[FvIASa0tau] figure_12.jpg -> classified as: Qualitative Examples
[FvIASa0tau] figure_25.jpg -> classified as: Qualitative Examples
[FvIASa0tau] figure_21.jpg -> classified as: Qualitative Examples
[FvIASa0tau] figure_26.jpg -> classified as: Qualitative Examples
[FvIASa0tau] figure_10.jpg -> classified as: Architecture Diagram
[FvK2noilxT] figure_6.jpg -> classified as: Qualitative Examples
[FvK2noilxT] figure_9.jpg -> classified as: Qualitative Examples
[FvK2noilxT] figure_18.jpg -> classified as: Qualitative Examples
[FvK2noilxT] figure_13.jpg -> classified as: Qualitative Examples
[FvK2noilxT] figure_15.jpg -> classified as: Qualitative Examples
[FvK2noilxT] figure_2.jpg -> classified as: Architecture Diagram
[FvK2noilxT] figure_20.jpg -> classified as: Qualitative Examples
[FvK2noilxT] figure_11.jpg -> classified as: Qualitative Examples
[FvK2noilxT] figure_7.jpg -> classified as: Qualitative Examples
[FvK2noilxT] figure_3.jpg -> classified as: Architecture Diagram
[FvK2noilxT] figure_4.jpg -> classified as: Qualitative Examples
[FvK2noilxT] figure_17.jpg -> classified as: Qualitative Examples
[FvK2noilxT] figure_1.jpg -> classified as: Qualitative Examples
[FvK2noilxT] figure_8.jpg -> classified as: Qualitative Examples
[FvK2noilxT] figure_12.jpg -> classified as: Qualitative Examples
[FvK2noilxT] figure_21.jpg -> classified as: Plots / Charts
[FvK2noilxT] figure_14.jpg -> classified as: Qualitative Examples
[FvK2noilxT] figure_16.jpg -> classified as: Qualitative Examples
[FvK2noilxT] figure_10.jpg -> classified as: Qualitative Examples
[FwkYeLovHk] figure_2.jpg -> classified as: Plots / Charts
[FwkYeLovHk] figure_1.jpg -> classified as: Architecture Diagram
[Fx2SbBgcte] figure_6.jpg -> classified as: Qualitative Examples
[Fx2SbBgcte] figure_2.jpg -> classified as: Architecture Diagram
[Fx2SbBgcte] figure_7.jpg -> classified as: Other
  -> Skipping second pass (Other)
[Fx2SbBgcte] figure_3.jpg -> classified as: Architecture Diagram
[G0EVNrBQh6] figure_5.jpg -> classified as: Plots / Charts
[G0EVNrBQh6] figure_6.jpg -> classified as: Qualitative Examples
[G0EVNrBQh6] figure_9.jpg -> classified as: Plots / Charts
[G0EVNrBQh6] figure_13.jpg -> classified as: Qualitative Examples
[G0EVNrBQh6] figure_15.jpg -> classified as: Qualitative Examples
[G0EVNrBQh6] figure_2.jpg -> classified as: Qualitative Examples
[G0EVNrBQh6] figure_11.jpg -> classified as: Qualitative Examples
[G0EVNrBQh6] figure_7.jpg -> classified as: Qualitative Examples
[G0EVNrBQh6] figure_3.jpg -> classified as: Plots / Charts
[G0EVNrBQh6] figure_4.jpg -> classified as: Qualitative Examples
[G0EVNrBQh6] figure_1.jpg -> classified as: Qualitative Examples
[G0EVNrBQh6] figure_8.jpg -> classified as: Plots / Charts
[G0EVNrBQh6] figure_12.jpg -> classified as: Qualitative Examples
[G0EVNrBQh6] figure_14.jpg -> classified as: Qualitative Examples
[G0EVNrBQh6] figure_16.jpg -> classified as: Plots / Charts
[G0EVNrBQh6] figure_10.jpg -> classified as: Qualitative Examples
[G1CN7R5qwE] figure_5.jpg -> classified as: Qualitative Examples
[G1CN7R5qwE] figure_6.jpg -> classified as: Qualitative Examples
[G1CN7R5qwE] figure_9.jpg -> classified as: Qualitative Examples
[G1CN7R5qwE] figure_18.jpg -> classified as: Qualitative Examples
[G1CN7R5qwE] figure_13.jpg -> classified as: Qualitative Examples
[G1CN7R5qwE] figure_15.jpg -> classified as: Qualitative Examples
[G1CN7R5qwE] figure_2.jpg -> classified as: Plots / Charts
[G1CN7R5qwE] figure_11.jpg -> classified as: Qualitative Examples
[G1CN7R5qwE] figure_7.jpg -> classified as: Plots / Charts
[G1CN7R5qwE] figure_3.jpg -> classified as: Architecture Diagram
[G1CN7R5qwE] figure_4.jpg -> classified as: Qualitative Examples
[G1CN7R5qwE] figure_17.jpg -> classified as: Qualitative Examples
[G1CN7R5qwE] figure_1.jpg -> classified as: Qualitative Examples
[G1CN7R5qwE] figure_8.jpg -> classified as: Qualitative Examples
[G1CN7R5qwE] figure_12.jpg -> classified as: Qualitative Examples
[G1CN7R5qwE] figure_14.jpg -> classified as: Qualitative Examples
[G1CN7R5qwE] figure_16.jpg -> classified as: Plots / Charts
[G1CN7R5qwE] figure_10.jpg -> classified as: Qualitative Examples
[G1n50BMqzm] figure_2.jpg -> classified as: Qualitative Examples
[G1n50BMqzm] figure_3.jpg -> classified as: Architecture Diagram
[G2cG3mQqop] figure_9.jpg -> classified as: Plots / Charts
[G2cG3mQqop] figure_18.jpg -> classified as: Plots / Charts
[G2cG3mQqop] figure_13.jpg -> classified as: Qualitative Examples
[G2cG3mQqop] figure_15.jpg -> classified as: Qualitative Examples
[G2cG3mQqop] figure_2.jpg -> classified as: Architecture Diagram
[G2cG3mQqop] figure_11.jpg -> classified as: Qualitative Examples
[G2cG3mQqop] figure_7.jpg -> classified as: Plots / Charts
[G2cG3mQqop] figure_3.jpg -> classified as: Plots / Charts
[G2cG3mQqop] figure_4.jpg -> classified as: Qualitative Examples
[G2cG3mQqop] figure_1.jpg -> classified as: Qualitative Examples
[G2cG3mQqop] figure_8.jpg -> classified as: Plots / Charts
[G2cG3mQqop] figure_12.jpg -> classified as: Qualitative Examples
[G2cG3mQqop] figure_14.jpg -> classified as: Qualitative Examples
[G2cG3mQqop] figure_(a)_Sample_images.jpg -> classified as: Qualitative Examples
[G2cG3mQqop] figure_16.jpg -> classified as: Qualitative Examples
[G2cG3mQqop] figure_10.jpg -> classified as: Qualitative Examples
[G328D1xt4W] figure_5.jpg -> classified as: Plots / Charts
[G328D1xt4W] figure_6.jpg -> classified as: Qualitative Examples
[G328D1xt4W] figure_2.jpg -> classified as: Plots / Charts
[G328D1xt4W] figure_3.jpg -> classified as: Plots / Charts
[G328D1xt4W] figure_4.jpg -> classified as: Plots / Charts
[G328D1xt4W] figure_1.jpg -> classified as: Architecture Diagram
[G3B5ReApDw] figure_5.jpg -> classified as: Plots / Charts
[G3B5ReApDw] figure_6.jpg -> classified as: Plots / Charts
[G3B5ReApDw] figure_09387161513211616187165_65432109876_11621.jpg -> classified as: Plots / Charts
[G3B5ReApDw] figure_13.jpg -> classified as: Plots / Charts
[G3B5ReApDw] figure_15.jpg -> classified as: Plots / Charts
[G3B5ReApDw] figure_2.jpg -> classified as: Plots / Charts
[G3B5ReApDw] figure_(b)_Diffusion_Maps,.jpg -> classified as: Plots / Charts
[G3B5ReApDw] figure_11.jpg -> classified as: Plots / Charts
[G3B5ReApDw] figure_7.jpg -> classified as: Plots / Charts
[G3B5ReApDw] figure_3.jpg -> classified as: Plots / Charts
[G3B5ReApDw] figure_4.jpg -> classified as: Plots / Charts
[G3B5ReApDw] figure_17.jpg -> classified as: Plots / Charts
[G3B5ReApDw] figure_1.jpg -> classified as: Qualitative Examples
[G3B5ReApDw] figure_8.jpg -> classified as: Plots / Charts
[G3B5ReApDw] figure_12.jpg -> classified as: Plots / Charts
[G3B5ReApDw] figure_14.jpg -> classified as: Plots / Charts
[G3B5ReApDw] figure_16.jpg -> classified as: Plots / Charts
[G3B5ReApDw] figure_10.jpg -> classified as: Plots / Charts
[G3aXjVAJjU] figure_2.jpg -> classified as: Qualitative Examples
[G3aXjVAJjU] figure_3.jpg -> classified as: Plots / Charts
[G3aXjVAJjU] figure_1.jpg -> classified as: Plots / Charts
[G3srXhs3Ki] figure_5.jpg -> classified as: Plots / Charts
[G3srXhs3Ki] figure_6.jpg -> classified as: Qualitative Examples
[G3srXhs3Ki] figure_2.jpg -> classified as: Plots / Charts
[G3srXhs3Ki] figure_7.jpg -> classified as: Qualitative Examples
[G3srXhs3Ki] figure_3.jpg -> classified as: Qualitative Examples
[G3srXhs3Ki] figure_4.jpg -> classified as: Qualitative Examples
[G3srXhs3Ki] figure_1.jpg -> classified as: Qualitative Examples
[G5DziesYxL] figure_5.jpg -> classified as: Plots / Charts
[G5DziesYxL] figure_6.jpg -> classified as: Plots / Charts
[G5DziesYxL] figure_2.jpg -> classified as: Plots / Charts
[G5DziesYxL] figure_7.jpg -> classified as: Plots / Charts
[G5DziesYxL] figure_4.jpg -> classified as: Plots / Charts
[G5DziesYxL] figure_1.jpg -> classified as: Plots / Charts
[G6aJyS0ZV0] figure_19.jpg -> classified as: Qualitative Examples
[G6aJyS0ZV0] figure_23.jpg -> classified as: Qualitative Examples
[G6aJyS0ZV0] figure_24.jpg -> classified as: Qualitative Examples
[G6aJyS0ZV0] figure_5.jpg -> classified as: Qualitative Examples
[G6aJyS0ZV0] figure_6.jpg -> classified as: Qualitative Examples
[G6aJyS0ZV0] figure_22.jpg -> classified as: Qualitative Examples
[G6aJyS0ZV0] figure_18.jpg -> classified as: Qualitative Examples
[G6aJyS0ZV0] figure_13.jpg -> classified as: Qualitative Examples
[G6aJyS0ZV0] figure_15.jpg -> classified as: Qualitative Examples
[G6aJyS0ZV0] figure_2.jpg -> classified as: Qualitative Examples
[G6aJyS0ZV0] figure_20.jpg -> classified as: Qualitative Examples
[G6aJyS0ZV0] figure_11.jpg -> classified as: Qualitative Examples
[G6aJyS0ZV0] figure_7.jpg -> classified as: Qualitative Examples
[G6aJyS0ZV0] figure_3.jpg -> classified as: Qualitative Examples
[G6aJyS0ZV0] figure_4.jpg -> classified as: Architecture Diagram
[G6aJyS0ZV0] figure_17.jpg -> classified as: Qualitative Examples
[G6aJyS0ZV0] figure_1.jpg -> classified as: Architecture Diagram
[G6aJyS0ZV0] figure_8.jpg -> classified as: Qualitative Examples
[G6aJyS0ZV0] figure_12.jpg -> classified as: Qualitative Examples
[G6aJyS0ZV0] figure_25.jpg -> classified as: Qualitative Examples
[G6aJyS0ZV0] figure_21.jpg -> classified as: Qualitative Examples
[G6aJyS0ZV0] figure_14.jpg -> classified as: Qualitative Examples
[G6aJyS0ZV0] figure_16.jpg -> classified as: Qualitative Examples
[G6aJyS0ZV0] figure_10.jpg -> classified as: Qualitative Examples
[G6dMvRuhFr] figure_19.jpg -> classified as: Plots / Charts
[G6dMvRuhFr] figure_5.jpg -> classified as: Qualitative Examples
[G6dMvRuhFr] figure_9.jpg -> classified as: Plots / Charts
[G6dMvRuhFr] figure_18.jpg -> classified as: Qualitative Examples
[G6dMvRuhFr] figure_13.jpg -> classified as: Qualitative Examples
[G6dMvRuhFr] figure_15.jpg -> classified as: Qualitative Examples
[G6dMvRuhFr] figure_2.jpg -> classified as: Qualitative Examples
[G6dMvRuhFr] figure_11.jpg -> classified as: Qualitative Examples
[G6dMvRuhFr] figure_7.jpg -> classified as: Qualitative Examples
[G6dMvRuhFr] figure_unnamed_figure.jpg -> classified as: Qualitative Examples
[G6dMvRuhFr] figure_17.jpg -> classified as: Qualitative Examples
[G6dMvRuhFr] figure_1.jpg -> classified as: Architecture Diagram
[G6dMvRuhFr] figure_8.jpg -> classified as: Plots / Charts
[G6dMvRuhFr] figure_12.jpg -> classified as: Qualitative Examples
[G6dMvRuhFr] figure_14.jpg -> classified as: Qualitative Examples
[G6dMvRuhFr] figure_16.jpg -> classified as: Qualitative Examples
[G6dMvRuhFr] figure_10.jpg -> classified as: Plots / Charts
[G8U2nGP3Vi] figure_5.jpg -> classified as: Plots / Charts
[G8U2nGP3Vi] figure_6.jpg -> classified as: Plots / Charts
[G8U2nGP3Vi] figure_2.jpg -> classified as: Plots / Charts
[G8U2nGP3Vi] figure_3.jpg -> classified as: Plots / Charts
[G8U2nGP3Vi] figure_4.jpg -> classified as: Plots / Charts
[G8U2nGP3Vi] figure_1.jpg -> classified as: Plots / Charts
[G9HV5upWhx] figure_5.jpg -> classified as: Qualitative Examples
[G9HV5upWhx] figure_6.jpg -> classified as: Plots / Charts
[G9HV5upWhx] figure_2.jpg -> classified as: Architecture Diagram
[G9HV5upWhx] figure_7.jpg -> classified as: Plots / Charts
[G9HV5upWhx] figure_3.jpg -> classified as: Plots / Charts
[G9HV5upWhx] figure_4.jpg -> classified as: Qualitative Examples
[G9HV5upWhx] figure_1.jpg -> classified as: Plots / Charts
[G9xhvGPtte] figure_5.jpg -> classified as: Plots / Charts
[G9xhvGPtte] figure_6.jpg -> classified as: Plots / Charts
[G9xhvGPtte] figure_2.jpg -> classified as: Architecture Diagram
[G9xhvGPtte] figure_7.jpg -> classified as: Plots / Charts
[G9xhvGPtte] figure_3.jpg -> classified as: Qualitative Examples
[G9xhvGPtte] figure_4.jpg -> classified as: Plots / Charts
[G9xhvGPtte] figure_1.jpg -> classified as: Plots / Charts
[GD4Tlqvwrq] figure_5.jpg -> classified as: Qualitative Examples
[GD4Tlqvwrq] figure_6.jpg -> classified as: Qualitative Examples
[GD4Tlqvwrq] figure_9.jpg -> classified as: Qualitative Examples
[GD4Tlqvwrq] figure_13.jpg -> classified as: Qualitative Examples
[GD4Tlqvwrq] figure_2.jpg -> classified as: Qualitative Examples
[GD4Tlqvwrq] figure_11.jpg -> classified as: Qualitative Examples
[GD4Tlqvwrq] figure_7.jpg -> classified as: Qualitative Examples
[GD4Tlqvwrq] figure_3.jpg -> classified as: Plots / Charts
[GD4Tlqvwrq] figure_4.jpg -> classified as: Architecture Diagram
[GD4Tlqvwrq] figure_1.jpg -> classified as: Qualitative Examples
[GD4Tlqvwrq] figure_8.jpg -> classified as: Qualitative Examples
[GD4Tlqvwrq] figure_12.jpg -> classified as: Qualitative Examples
[GD4Tlqvwrq] figure_10.jpg -> classified as: Qualitative Examples
[GE6iywJtsV] figure_S1.jpg -> classified as: Architecture Diagram
[GE6iywJtsV] figure_S2.jpg -> classified as: Architecture Diagram
[GE6iywJtsV] figure_2.jpg -> classified as: Architecture Diagram
[GE6iywJtsV] figure_3.jpg -> classified as: Plots / Charts
[GE6iywJtsV] figure_S4.jpg -> classified as: Plots / Charts
[GE6iywJtsV] figure_4.jpg -> classified as: Qualitative Examples
[GE6iywJtsV] figure_1.jpg -> classified as: Architecture Diagram
[GE6iywJtsV] figure_S3.jpg -> classified as: Qualitative Examples
[GGAG3wFEKv] figure_(c)_Regret_of.jpg -> classified as: Plots / Charts
[GGAG3wFEKv] figure_(c)_Diffusion_prior.jpg -> classified as: Plots / Charts
[GGAG3wFEKv] figure_5.jpg -> classified as: Plots / Charts
[GGAG3wFEKv] figure_6.jpg -> classified as: Plots / Charts
[GGAG3wFEKv] figure_2.jpg -> classified as: Plots / Charts
[GGAG3wFEKv] figure_(b)_Comparing_our.jpg -> classified as: Plots / Charts
[GGAG3wFEKv] figure_7.jpg -> classified as: Plots / Charts
[GGAG3wFEKv] figure_3.jpg -> classified as: Plots / Charts
[GGAG3wFEKv] figure_(b)_Regret_scaling.jpg -> classified as: Plots / Charts
[GJsuYHhAga] figure_30.jpg -> classified as: Other
  -> Skipping second pass (Other)
[GJsuYHhAga] figure_43.jpg -> classified as: Qualitative Examples
[GJsuYHhAga] figure_19.jpg -> classified as: Qualitative Examples
[GJsuYHhAga] figure_A_man_in_1.jpg -> classified as: Qualitative Examples
[GJsuYHhAga] figure_Anime_oil_painting.jpg -> classified as: Other
  -> Skipping second pass (Other)
[GJsuYHhAga] figure_Two_firefighters_standing.jpg -> classified as: Other
  -> Skipping second pass (Other)
[GJsuYHhAga] figure_$1_2_8.jpg -> classified as: Teaser Image
[GJsuYHhAga] figure_A_small_cute.jpg -> classified as: Other
  -> Skipping second pass (Other)
[GJsuYHhAga] figure_A_forest_with.jpg -> classified as: Other
  -> Skipping second pass (Other)
[GJsuYHhAga] figure_A_woman_drinking.jpg -> classified as: Other
  -> Skipping second pass (Other)
[GJsuYHhAga] figure_A_bronze_statue.jpg -> classified as: Other
  -> Skipping second pass (Other)
[GJsuYHhAga] figure_54.jpg -> classified as: Other
  -> Skipping second pass (Other)
[GJsuYHhAga] figure_Train_station..jpg -> classified as: Other
  -> Skipping second pass (Other)
[GJsuYHhAga] figure_A_man_with_1.jpg -> classified as: Qualitative Examples
[GJsuYHhAga] figure_Classical_romantic_painting.jpg -> classified as: Other
  -> Skipping second pass (Other)
[GJsuYHhAga] figure_23.jpg -> classified as: Qualitative Examples
[GJsuYHhAga] figure_A_gorilla_is.jpg -> classified as: Other
  -> Skipping second pass (Other)
[GJsuYHhAga] figure_47.jpg -> classified as: Other
  -> Skipping second pass (Other)
[GJsuYHhAga] figure_$1_2_8_1.jpg -> classified as: Other
  -> Skipping second pass (Other)
[GJsuYHhAga] figure_A_man_with_4.jpg -> classified as: Qualitative Examples
[GJsuYHhAga] figure_A_man_with.jpg -> classified as: Qualitative Examples
[GJsuYHhAga] figure_Blond-haired_girl_depicted.jpg -> classified as: Qualitative Examples
[GJsuYHhAga] figure_A_man_with_2.jpg -> classified as: Other
  -> Skipping second pass (Other)
[GJsuYHhAga] figure_A_digital_painting.jpg -> classified as: Qualitative Examples
[GJsuYHhAga] figure_The_wizard_chants.jpg -> classified as: Other
  -> Skipping second pass (Other)
[GJsuYHhAga] figure_29.jpg -> classified as: Other
  -> Skipping second pass (Other)
[GJsuYHhAga] figure_24.jpg -> classified as: Plots / Charts
[GJsuYHhAga] figure_A_woman_with_1.jpg -> classified as: Other
  -> Skipping second pass (Other)
[GJsuYHhAga] figure_A_bedroom_with.jpg -> classified as: Qualitative Examples
[GJsuYHhAga] figure_A_dog_is.jpg -> classified as: Other
  -> Skipping second pass (Other)
[GJsuYHhAga] figure_5.jpg -> classified as: Plots / Charts
[GJsuYHhAga] figure_Steve_Buscemi_portrays.jpg -> classified as: Other
  -> Skipping second pass (Other)
[GJsuYHhAga] figure_A_collection_of.jpg -> classified as: Qualitative Examples
[GJsuYHhAga] figure_A_busy_train.jpg -> classified as: Other
  -> Skipping second pass (Other)
[GJsuYHhAga] figure_6.jpg -> classified as: Qualitative Examples
[GJsuYHhAga] figure_Benjamin_Franklin_appears.jpg -> classified as: Other
  -> Skipping second pass (Other)
[GJsuYHhAga] figure_A_pair_of.jpg -> classified as: Qualitative Examples
[GJsuYHhAga] figure_A_woman_in.jpg -> classified as: Qualitative Examples
[GJsuYHhAga] figure_A_table_with.jpg -> classified as: Teaser Image
[GJsuYHhAga] figure_Snow_cabin..jpg -> classified as: Other
  -> Skipping second pass (Other)
[GJsuYHhAga] figure_A_seal_is.jpg -> classified as: Qualitative Examples
[GJsuYHhAga] figure_Two_gloden_statues.jpg -> classified as: Other
  -> Skipping second pass (Other)
[GJsuYHhAga] figure_Two_people_walking.jpg -> classified as: Other
  -> Skipping second pass (Other)
[GJsuYHhAga] figure_9.jpg -> classified as: Plots / Charts
[GJsuYHhAga] figure_42.jpg -> classified as: Other
  -> Skipping second pass (Other)
[GJsuYHhAga] figure_A_statue_of.jpg -> classified as: Other
  -> Skipping second pass (Other)
[GJsuYHhAga] figure_46.jpg -> classified as: Other
  -> Skipping second pass (Other)
[GJsuYHhAga] figure_960_x_1280,.jpg -> classified as: Other
  -> Skipping second pass (Other)
[GJsuYHhAga] figure_A_woman_stands.jpg -> classified as: Other
  -> Skipping second pass (Other)
[GJsuYHhAga] figure_A_white_and.jpg -> classified as: Qualitative Examples
[GJsuYHhAga] figure_39.jpg -> classified as: Other
  -> Skipping second pass (Other)
[GJsuYHhAga] figure_A_cinematic_fashion.jpg -> classified as: Qualitative Examples
[GJsuYHhAga] figure_22.jpg -> classified as: Qualitative Examples
[GJsuYHhAga] figure_A_map_of.jpg -> classified as: Teaser Image
[GJsuYHhAga] figure_18.jpg -> classified as: Qualitative Examples
[GJsuYHhAga] figure_A_squirrel_is.jpg -> classified as: Other
  -> Skipping second pass (Other)
[GJsuYHhAga] figure_A_woman_is_2.jpg -> classified as: Other
  -> Skipping second pass (Other)
[GJsuYHhAga] figure_13.jpg -> classified as: Other
  -> Skipping second pass (Other)
[GJsuYHhAga] figure_A_surreal_mental.jpg -> classified as: Other
  -> Skipping second pass (Other)
[GJsuYHhAga] figure_A_vibrant_city.jpg -> classified as: Teaser Image
[GJsuYHhAga] figure_A_man_in_2.jpg -> classified as: Other
  -> Skipping second pass (Other)
[GJsuYHhAga] figure_A_black_and.jpg -> classified as: Other
  -> Skipping second pass (Other)
[GJsuYHhAga] figure_A_cloudy_sky.jpg -> classified as: Teaser Image
[GJsuYHhAga] figure_A_cute_anthropomorphic.jpg -> classified as: Other
  -> Skipping second pass (Other)
[GJsuYHhAga] figure_15.jpg -> classified as: Plots / Charts
[GJsuYHhAga] figure_A_statue_of_3.jpg -> classified as: Other
  -> Skipping second pass (Other)
[GJsuYHhAga] figure_A_woman_with.jpg -> classified as: Qualitative Examples
[GJsuYHhAga] figure_A_sunset_over.jpg -> classified as: Qualitative Examples
[GJsuYHhAga] figure_55.jpg -> classified as: Other
  -> Skipping second pass (Other)
[GJsuYHhAga] figure_A_bed_with.jpg -> classified as: Other
  -> Skipping second pass (Other)
[GJsuYHhAga] figure_A_white_goat.jpg -> classified as: Other
  -> Skipping second pass (Other)
[GJsuYHhAga] figure_A_blue_and.jpg -> classified as: Other
  -> Skipping second pass (Other)
[GJsuYHhAga] figure_2.jpg -> classified as: Architecture Diagram
[GJsuYHhAga] figure_38.jpg -> classified as: Other
  -> Skipping second pass (Other)
[GJsuYHhAga] figure_A_statue_of_1.jpg -> classified as: Other
  -> Skipping second pass (Other)
[GJsuYHhAga] figure_20.jpg -> classified as: Qualitative Examples
[GJsuYHhAga] figure_A_cat_is.jpg -> classified as: Other
  -> Skipping second pass (Other)
[GJsuYHhAga] figure_A_dog_with.jpg -> classified as: Qualitative Examples
[GJsuYHhAga] figure_A_guitar_is.jpg -> classified as: Other
  -> Skipping second pass (Other)
[GJsuYHhAga] figure_A_body_of.jpg -> classified as: Other
  -> Skipping second pass (Other)
[GJsuYHhAga] figure_A_woman_in_3.jpg -> classified as: Other
  -> Skipping second pass (Other)
[GJsuYHhAga] figure_A_portrait_of.jpg -> classified as: Other
  -> Skipping second pass (Other)
[GJsuYHhAga] figure_A_dog_is_1.jpg -> classified as: Teaser Image
[GJsuYHhAga] figure_A_man_dressed.jpg -> classified as: Other
  -> Skipping second pass (Other)
[GJsuYHhAga] figure_A_raccoon_in.jpg -> classified as: Other
  -> Skipping second pass (Other)
[GJsuYHhAga] figure_53.jpg -> classified as: Other
  -> Skipping second pass (Other)
[GJsuYHhAga] figure_Image_depicting_a.jpg -> classified as: Other
  -> Skipping second pass (Other)
[GJsuYHhAga] figure_A_metal_sculpture.jpg -> classified as: Qualitative Examples
[GJsuYHhAga] figure_A_space_man.jpg -> classified as: Other
  -> Skipping second pass (Other)
[GJsuYHhAga] figure_11.jpg -> classified as: Qualitative Examples
[GJsuYHhAga] figure_A_Salem_black.jpg -> classified as: Other
  -> Skipping second pass (Other)
[GJsuYHhAga] figure_35.jpg -> classified as: Qualitative Examples
[GJsuYHhAga] figure_A_woman_is_1.jpg -> classified as: Qualitative Examples
[GJsuYHhAga] figure_A_young_girl.jpg -> classified as: Qualitative Examples
[GJsuYHhAga] figure_50.jpg -> classified as: Teaser Image
[GJsuYHhAga] figure_An_old_man.jpg -> classified as: Qualitative Examples
[GJsuYHhAga] figure_A_woman_in_2.jpg -> classified as: Qualitative Examples
[GJsuYHhAga] figure_52.jpg -> classified as: Other
  -> Skipping second pass (Other)
[GJsuYHhAga] figure_7.jpg -> classified as: Qualitative Examples
[GJsuYHhAga] figure_34.jpg -> classified as: Teaser Image
[GJsuYHhAga] figure_A_racoon_wearing.jpg -> classified as: Other
  -> Skipping second pass (Other)
[GJsuYHhAga] figure_A_seal_is_1.jpg -> classified as: Other
  -> Skipping second pass (Other)
[GJsuYHhAga] figure_A_woman_in_4.jpg -> classified as: Qualitative Examples
[GJsuYHhAga] figure_49.jpg -> classified as: Other
  -> Skipping second pass (Other)
[GJsuYHhAga] figure_Cherry_blossoms_bloom.jpg -> classified as: Other
  -> Skipping second pass (Other)
[GJsuYHhAga] figure_33.jpg -> classified as: Other
  -> Skipping second pass (Other)
[GJsuYHhAga] figure_A_woman_is.jpg -> classified as: Qualitative Examples
[GJsuYHhAga] figure_A_man_in.jpg -> classified as: Other
  -> Skipping second pass (Other)
[GJsuYHhAga] figure_A_doll_wearing.jpg -> classified as: Qualitative Examples
[GJsuYHhAga] figure_A_puffin_is.jpg -> classified as: Other
  -> Skipping second pass (Other)
[GJsuYHhAga] figure_An_Indian_woman.jpg -> classified as: Qualitative Examples
[GJsuYHhAga] figure_4.jpg -> classified as: Qualitative Examples
[GJsuYHhAga] figure_36.jpg -> classified as: Qualitative Examples
[GJsuYHhAga] figure_A_white_table_1.jpg -> classified as: Other
  -> Skipping second pass (Other)
[GJsuYHhAga] figure_Two_snowmen_are.jpg -> classified as: Other
  -> Skipping second pass (Other)
[GJsuYHhAga] figure_A_chess_board.jpg -> classified as: Teaser Image
[GJsuYHhAga] figure_A_woman_with_2.jpg -> classified as: Qualitative Examples
[GJsuYHhAga] figure_A_young_girl_1.jpg -> classified as: Qualitative Examples
[GJsuYHhAga] figure_40.jpg -> classified as: Other
  -> Skipping second pass (Other)
[GJsuYHhAga] figure_Two_women_in.jpg -> classified as: Qualitative Examples
[GJsuYHhAga] figure_s.jpg -> classified as: Qualitative Examples
[GJsuYHhAga] figure_A_ship_is.jpg -> classified as: Other
  -> Skipping second pass (Other)
[GJsuYHhAga] figure_A_woman_in_1.jpg -> classified as: Qualitative Examples
[GJsuYHhAga] figure_A_narrow_stone.jpg -> classified as: Teaser Image
[GJsuYHhAga] figure_31.jpg -> classified as: Other
  -> Skipping second pass (Other)
[GJsuYHhAga] figure_17.jpg -> classified as: Qualitative Examples
[GJsuYHhAga] figure_45.jpg -> classified as: Other
  -> Skipping second pass (Other)
[GJsuYHhAga] figure_A_frozen_river.jpg -> classified as: Other
  -> Skipping second pass (Other)
[GJsuYHhAga] figure_41.jpg -> classified as: Other
  -> Skipping second pass (Other)
[GJsuYHhAga] figure_The_Little_Prince.jpg -> classified as: Other
  -> Skipping second pass (Other)
[GJsuYHhAga] figure_Four_bottles_of.jpg -> classified as: Other
  -> Skipping second pass (Other)
[GJsuYHhAga] figure_48.jpg -> classified as: Qualitative Examples
[GJsuYHhAga] figure_A_bathroom_with.jpg -> classified as: Other
  -> Skipping second pass (Other)
[GJsuYHhAga] figure_A_full-body_shot.jpg -> classified as: Other
  -> Skipping second pass (Other)
[GJsuYHhAga] figure_A_girl_gazes.jpg -> classified as: Other
  -> Skipping second pass (Other)
[GJsuYHhAga] figure_A_gold_mask.jpg -> classified as: Other
  -> Skipping second pass (Other)
[GJsuYHhAga] figure_1.jpg -> classified as: Qualitative Examples
[GJsuYHhAga] figure_A_white_table.jpg -> classified as: Other
  -> Skipping second pass (Other)
[GJsuYHhAga] figure_The_image_depicts.jpg -> classified as: Other
  -> Skipping second pass (Other)
[GJsuYHhAga] figure_37.jpg -> classified as: Other
  -> Skipping second pass (Other)
[GJsuYHhAga] figure_A_large_body.jpg -> classified as: Qualitative Examples
[GJsuYHhAga] figure_A_statue_of_2.jpg -> classified as: Other
  -> Skipping second pass (Other)
[GJsuYHhAga] figure_A_tiger_is.jpg -> classified as: Other
  -> Skipping second pass (Other)
[GJsuYHhAga] figure_8.jpg -> classified as: Qualitative Examples
[GJsuYHhAga] figure_51.jpg -> classified as: Other
  -> Skipping second pass (Other)
[GJsuYHhAga] figure_A_man_with_3.jpg -> classified as: Qualitative Examples
[GJsuYHhAga] figure_A_black_boat.jpg -> classified as: Other
  -> Skipping second pass (Other)
[GJsuYHhAga] figure_12.jpg -> classified as: Qualitative Examples
[GJsuYHhAga] figure_Luke_Skywalker_with.jpg -> classified as: Qualitative Examples
[GJsuYHhAga] figure_25.jpg -> classified as: Architecture Diagram
[GJsuYHhAga] figure_21.jpg -> classified as: Qualitative Examples
[GJsuYHhAga] figure_A_man_wearing.jpg -> classified as: Qualitative Examples
[GJsuYHhAga] figure_A_plush_toy.jpg -> classified as: Qualitative Examples
[GJsuYHhAga] figure_A_woman_holding.jpg -> classified as: Qualitative Examples
[GJsuYHhAga] figure_26.jpg -> classified as: Plots / Charts
[GJsuYHhAga] figure_A_baby_is.jpg -> classified as: Qualitative Examples
[GJsuYHhAga] figure_A_cloudy_sky_1.jpg -> classified as: Other
  -> Skipping second pass (Other)
[GJsuYHhAga] figure_An_image_depicting.jpg -> classified as: Qualitative Examples
[GJsuYHhAga] figure_Pumpkin_head_wearing.jpg -> classified as: Other
  -> Skipping second pass (Other)
[GJsuYHhAga] figure_A_minimalist_tattoo.jpg -> classified as: Other
  -> Skipping second pass (Other)
[GJsuYHhAga] figure_14.jpg -> classified as: Qualitative Examples
[GJsuYHhAga] figure_32.jpg -> classified as: Other
  -> Skipping second pass (Other)
[GJsuYHhAga] figure_16.jpg -> classified as: Qualitative Examples
[GJsuYHhAga] figure_10.jpg -> classified as: Qualitative Examples
[GJsuYHhAga] figure_960_x_1280,_1.jpg -> classified as: Other
  -> Skipping second pass (Other)
[GKau1ekOtH] figure_5.jpg -> classified as: Qualitative Examples
[GKau1ekOtH] figure_2.jpg -> classified as: Architecture Diagram
[GKau1ekOtH] figure_7.jpg -> classified as: Plots / Charts
[GKau1ekOtH] figure_3.jpg -> classified as: Qualitative Examples
[GKau1ekOtH] figure_4.jpg -> classified as: Plots / Charts
[GKau1ekOtH] figure_1.jpg -> classified as: Plots / Charts
[GKge9khQSa] figure_5.jpg -> classified as: Plots / Charts
[GKge9khQSa] figure_6.jpg -> classified as: Plots / Charts
[GKge9khQSa] figure_9.jpg -> classified as: Plots / Charts
[GKge9khQSa] figure_13.jpg -> classified as: Plots / Charts
[GKge9khQSa] figure_2.jpg -> classified as: Architecture Diagram
[GKge9khQSa] figure_11.jpg -> classified as: Plots / Charts
[GKge9khQSa] figure_7.jpg -> classified as: Qualitative Examples
[GKge9khQSa] figure_3.jpg -> classified as: Plots / Charts
[GKge9khQSa] figure_4.jpg -> classified as: Plots / Charts
[GKge9khQSa] figure_1.jpg -> classified as: Qualitative Examples
[GKge9khQSa] figure_8.jpg -> classified as: Plots / Charts
[GKge9khQSa] figure_12.jpg -> classified as: Plots / Charts
[GKge9khQSa] figure_14.jpg -> classified as: Qualitative Examples
[GKge9khQSa] figure_10.jpg -> classified as: Plots / Charts
[GLKig15TWJ] figure_1.jpg -> classified as: Architecture Diagram
[GOgB6QoXwx] figure_5.jpg -> classified as: Plots / Charts
[GOgB6QoXwx] figure_6.jpg -> classified as: Architecture Diagram
[GOgB6QoXwx] figure_9.jpg -> classified as: Plots / Charts
[GOgB6QoXwx] figure_2.jpg -> classified as: Architecture Diagram
[GOgB6QoXwx] figure_11.jpg -> classified as: Qualitative Examples
[GOgB6QoXwx] figure_7.jpg -> classified as: Plots / Charts
[GOgB6QoXwx] figure_3.jpg -> classified as: Plots / Charts
[GOgB6QoXwx] figure_4.jpg -> classified as: Qualitative Examples
[GOgB6QoXwx] figure_1.jpg -> classified as: Architecture Diagram
[GOgB6QoXwx] figure_8.jpg -> classified as: Architecture Diagram
[GOgB6QoXwx] figure_10.jpg -> classified as: Qualitative Examples
[GPfEMmgspR] figure_5.jpg -> classified as: Plots / Charts
[GPfEMmgspR] figure_2.jpg -> classified as: Architecture Diagram
[GPfEMmgspR] figure_3.jpg -> classified as: Plots / Charts
[GPfEMmgspR] figure_4.jpg -> classified as: Plots / Charts
[GPfEMmgspR] figure_1.jpg -> classified as: Architecture Diagram
[GQgPj1H4pO] figure_5.jpg -> classified as: Qualitative Examples
[GQgPj1H4pO] figure_6.jpg -> classified as: Other
  -> Skipping second pass (Other)
[GQgPj1H4pO] figure_9.jpg -> classified as: Plots / Charts
[GQgPj1H4pO] figure_2.jpg -> classified as: Plots / Charts
[GQgPj1H4pO] figure_11.jpg -> classified as: Plots / Charts
[GQgPj1H4pO] figure_7.jpg -> classified as: Plots / Charts
[GQgPj1H4pO] figure_3.jpg -> classified as: Architecture Diagram
[GQgPj1H4pO] figure_4.jpg -> classified as: Qualitative Examples
[GQgPj1H4pO] figure_1.jpg -> classified as: Architecture Diagram
[GQgPj1H4pO] figure_8.jpg -> classified as: Plots / Charts
[GQgPj1H4pO] figure_12.jpg -> classified as: Plots / Charts
[GQgPj1H4pO] figure_10.jpg -> classified as: Qualitative Examples
[GSUNPIw7Ad] figure_5.jpg -> classified as: Qualitative Examples
[GSUNPIw7Ad] figure_6.jpg -> classified as: Plots / Charts
[GSUNPIw7Ad] figure_9.jpg -> classified as: Plots / Charts
[GSUNPIw7Ad] figure_13.jpg -> classified as: Qualitative Examples
[GSUNPIw7Ad] figure_15.jpg -> classified as: Qualitative Examples
[GSUNPIw7Ad] figure_2.jpg -> classified as: Architecture Diagram
[GSUNPIw7Ad] figure_11.jpg -> classified as: Architecture Diagram
[GSUNPIw7Ad] figure_7.jpg -> classified as: Qualitative Examples
[GSUNPIw7Ad] figure_3.jpg -> classified as: Plots / Charts
[GSUNPIw7Ad] figure_4.jpg -> classified as: Plots / Charts
[GSUNPIw7Ad] figure_1.jpg -> classified as: Architecture Diagram
[GSUNPIw7Ad] figure_8.jpg -> classified as: Plots / Charts
[GSUNPIw7Ad] figure_12.jpg -> classified as: Qualitative Examples
[GSUNPIw7Ad] figure_14.jpg -> classified as: Qualitative Examples
[GSUNPIw7Ad] figure_10.jpg -> classified as: Plots / Charts
[GSckuQMzBG] figure_5.jpg -> classified as: Plots / Charts
[GSckuQMzBG] figure_2.jpg -> classified as: Architecture Diagram
[GSckuQMzBG] figure_3.jpg -> classified as: Qualitative Examples
[GSckuQMzBG] figure_4.jpg -> classified as: Qualitative Examples
[GSckuQMzBG] figure_1.jpg -> classified as: Plots / Charts
[GTcEe5fayC] figure_2.jpg -> classified as: Architecture Diagram
[GTcEe5fayC] figure_3.jpg -> classified as: Plots / Charts
[GTcEe5fayC] figure_4.jpg -> classified as: Qualitative Examples
[GTcEe5fayC] figure_1.jpg -> classified as: Architecture Diagram
[GThTiuXgDC] figure_5.jpg -> classified as: Plots / Charts
[GThTiuXgDC] figure_6.jpg -> classified as: Plots / Charts
[GThTiuXgDC] figure_2.jpg -> classified as: Architecture Diagram
[GThTiuXgDC] figure_7.jpg -> classified as: Plots / Charts
[GThTiuXgDC] figure_3.jpg -> classified as: Architecture Diagram
[GThTiuXgDC] figure_4.jpg -> classified as: Qualitative Examples
[GThTiuXgDC] figure_1.jpg -> classified as: Architecture Diagram
[GTk0AdOYLq] figure_5.jpg -> classified as: Architecture Diagram
[GTk0AdOYLq] figure_6.jpg -> classified as: Plots / Charts
[GTk0AdOYLq] figure_9.jpg -> classified as: Architecture Diagram
[GTk0AdOYLq] figure_2.jpg -> classified as: Architecture Diagram
[GTk0AdOYLq] figure_7.jpg -> classified as: Plots / Charts
[GTk0AdOYLq] figure_3.jpg -> classified as: Plots / Charts
[GTk0AdOYLq] figure_4.jpg -> classified as: Plots / Charts
[GTk0AdOYLq] figure_1.jpg -> classified as: Plots / Charts
[GTk0AdOYLq] figure_8.jpg -> classified as: Plots / Charts
[GURqUuTebY] figure__the_Imperial_State.jpg -> classified as: Qualitative Examples
[GURqUuTebY] figure_5.jpg -> classified as: Qualitative Examples
[GURqUuTebY] figure_6.jpg -> classified as: Plots / Charts
[GURqUuTebY] figure_9.jpg -> classified as: Qualitative Examples
[GURqUuTebY] figure_13.jpg -> classified as: Qualitative Examples
[GURqUuTebY] figure_15.jpg -> classified as: Qualitative Examples
[GURqUuTebY] figure_2.jpg -> classified as: Architecture Diagram
[GURqUuTebY] figure_11.jpg -> classified as: Qualitative Examples
[GURqUuTebY] figure_7.jpg -> classified as: Qualitative Examples
[GURqUuTebY] figure_3.jpg -> classified as: Architecture Diagram
[GURqUuTebY] figure_4.jpg -> classified as: Qualitative Examples
[GURqUuTebY] figure_17.jpg -> classified as: Qualitative Examples
[GURqUuTebY] figure_1.jpg -> classified as: Qualitative Examples
[GURqUuTebY] figure_8.jpg -> classified as: Qualitative Examples
[GURqUuTebY] figure_12.jpg -> classified as: Qualitative Examples
[GURqUuTebY] figure_14.jpg -> classified as: Qualitative Examples
[GURqUuTebY] figure_16.jpg -> classified as: Qualitative Examples
[GUd6zTrTBb] figure_19.jpg -> classified as: Qualitative Examples
[GUd6zTrTBb] figure_5.jpg -> classified as: Architecture Diagram
[GUd6zTrTBb] figure_6.jpg -> classified as: Qualitative Examples
[GUd6zTrTBb] figure_9.jpg -> classified as: Qualitative Examples
[GUd6zTrTBb] figure_22.jpg -> classified as: Qualitative Examples
[GUd6zTrTBb] figure_18.jpg -> classified as: Qualitative Examples
[GUd6zTrTBb] figure_13.jpg -> classified as: Qualitative Examples
[GUd6zTrTBb] figure_15.jpg -> classified as: Qualitative Examples
[GUd6zTrTBb] figure_2.jpg -> classified as: Other
  -> Skipping second pass (Other)
[GUd6zTrTBb] figure_20.jpg -> classified as: Qualitative Examples
[GUd6zTrTBb] figure_11.jpg -> classified as: Qualitative Examples
[GUd6zTrTBb] figure_7.jpg -> classified as: Qualitative Examples
[GUd6zTrTBb] figure_3.jpg -> classified as: Qualitative Examples
[GUd6zTrTBb] figure_4.jpg -> classified as: Qualitative Examples
[GUd6zTrTBb] figure_17.jpg -> classified as: Qualitative Examples
[GUd6zTrTBb] figure_1.jpg -> classified as: Architecture Diagram
[GUd6zTrTBb] figure_8.jpg -> classified as: Qualitative Examples
[GUd6zTrTBb] figure_12.jpg -> classified as: Qualitative Examples
[GUd6zTrTBb] figure_21.jpg -> classified as: Qualitative Examples
[GUd6zTrTBb] figure_14.jpg -> classified as: Qualitative Examples
[GUd6zTrTBb] figure_16.jpg -> classified as: Qualitative Examples
[GUd6zTrTBb] figure_10.jpg -> classified as: Qualitative Examples
[GVABHyvrRU] figure_5.jpg -> classified as: Qualitative Examples
[GVABHyvrRU] figure_6.jpg -> classified as: Qualitative Examples
[GVABHyvrRU] figure_9.jpg -> classified as: Plots / Charts
[GVABHyvrRU] figure_13.jpg -> classified as: Qualitative Examples
[GVABHyvrRU] figure_15.jpg -> classified as: Qualitative Examples
[GVABHyvrRU] figure_2.jpg -> classified as: Architecture Diagram
[GVABHyvrRU] figure_11.jpg -> classified as: Plots / Charts
[GVABHyvrRU] figure_7.jpg -> classified as: Plots / Charts
[GVABHyvrRU] figure_3.jpg -> classified as: Qualitative Examples
[GVABHyvrRU] figure_4.jpg -> classified as: Architecture Diagram
[GVABHyvrRU] figure_1.jpg -> classified as: Qualitative Examples
[GVABHyvrRU] figure_8.jpg -> classified as: Plots / Charts
[GVABHyvrRU] figure_12.jpg -> classified as: Qualitative Examples
[GVABHyvrRU] figure_14.jpg -> classified as: Qualitative Examples
[GVABHyvrRU] figure_16.jpg -> classified as: Qualitative Examples
[GVABHyvrRU] figure_10.jpg -> classified as: Plots / Charts
[GXXQfSpJNI] figure_19.jpg -> classified as: Qualitative Examples
[GXXQfSpJNI] figure_5.jpg -> classified as: Qualitative Examples
[GXXQfSpJNI] figure_6.jpg -> classified as: Qualitative Examples
[GXXQfSpJNI] figure_9.jpg -> classified as: Qualitative Examples
[GXXQfSpJNI] figure_22.jpg -> classified as: Qualitative Examples
[GXXQfSpJNI] figure_18.jpg -> classified as: Qualitative Examples
[GXXQfSpJNI] figure_13.jpg -> classified as: Qualitative Examples
[GXXQfSpJNI] figure_15.jpg -> classified as: Qualitative Examples
[GXXQfSpJNI] figure_2.jpg -> classified as: Architecture Diagram
[GXXQfSpJNI] figure_20.jpg -> classified as: Qualitative Examples
[GXXQfSpJNI] figure_11.jpg -> classified as: Qualitative Examples
[GXXQfSpJNI] figure_7.jpg -> classified as: Qualitative Examples
[GXXQfSpJNI] figure_3.jpg -> classified as: Qualitative Examples
[GXXQfSpJNI] figure_4.jpg -> classified as: Qualitative Examples
[GXXQfSpJNI] figure_17.jpg -> classified as: Qualitative Examples
[GXXQfSpJNI] figure_1.jpg -> classified as: Architecture Diagram
[GXXQfSpJNI] figure_8.jpg -> classified as: Qualitative Examples
[GXXQfSpJNI] figure_12.jpg -> classified as: Qualitative Examples
[GXXQfSpJNI] figure_21.jpg -> classified as: Qualitative Examples
[GXXQfSpJNI] figure_14.jpg -> classified as: Qualitative Examples
[GXXQfSpJNI] figure_16.jpg -> classified as: Qualitative Examples
[GXXQfSpJNI] figure_10.jpg -> classified as: Qualitative Examples
[GY1fKFXG5i] figure_2.jpg -> classified as: Plots / Charts
[GY1fKFXG5i] figure_3.jpg -> classified as: Plots / Charts
[GY1fKFXG5i] figure_4.jpg -> classified as: Plots / Charts
[GY1fKFXG5i] figure_1.jpg -> classified as: Plots / Charts
[GYAvwLviup] figure_5.jpg -> classified as: Plots / Charts
[GYAvwLviup] figure_2.jpg -> classified as: Qualitative Examples
[GYAvwLviup] figure_3.jpg -> classified as: Plots / Charts
[GYAvwLviup] figure_4.jpg -> classified as: Plots / Charts
[GYAvwLviup] figure_1.jpg -> classified as: Architecture Diagram
[GaWYCQMAq1] figure_5.jpg -> classified as: Plots / Charts
[GaWYCQMAq1] figure_6.jpg -> classified as: Architecture Diagram
[GaWYCQMAq1] figure_2.jpg -> classified as: Architecture Diagram
[GaWYCQMAq1] figure_7.jpg -> classified as: Plots / Charts
[GaWYCQMAq1] figure_3.jpg -> classified as: Qualitative Examples
[GaWYCQMAq1] figure_4.jpg -> classified as: Plots / Charts
[GaWYCQMAq1] figure_1.jpg -> classified as: Qualitative Examples
[Gb4K2KCaPZ] figure_5.jpg -> classified as: Plots / Charts
[Gb4K2KCaPZ] figure_6.jpg -> classified as: Plots / Charts
[Gb4K2KCaPZ] figure_9.jpg -> classified as: Qualitative Examples
[Gb4K2KCaPZ] figure_2.jpg -> classified as: Architecture Diagram
[Gb4K2KCaPZ] figure_7.jpg -> classified as: Qualitative Examples
[Gb4K2KCaPZ] figure_3.jpg -> classified as: Qualitative Examples
[Gb4K2KCaPZ] figure_4.jpg -> classified as: Qualitative Examples
[Gb4K2KCaPZ] figure_1.jpg -> classified as: Architecture Diagram
[Gb4K2KCaPZ] figure_8.jpg -> classified as: Qualitative Examples
[Gb4K2KCaPZ] figure_10.jpg -> classified as: Qualitative Examples
[GcYcUE3GvY] figure_5.jpg -> classified as: Qualitative Examples
[GcYcUE3GvY] figure_2.jpg -> classified as: Qualitative Examples
[GcYcUE3GvY] figure_3.jpg -> classified as: Architecture Diagram
[GcYcUE3GvY] figure_4.jpg -> classified as: Qualitative Examples
[GcYcUE3GvY] figure_1.jpg -> classified as: Qualitative Examples
[GcvLoqOoXL] figure_5.jpg -> classified as: Plots / Charts
[GcvLoqOoXL] figure_6.jpg -> classified as: Qualitative Examples
[GcvLoqOoXL] figure_9.jpg -> classified as: Qualitative Examples
[GcvLoqOoXL] figure_2.jpg -> classified as: Qualitative Examples
[GcvLoqOoXL] figure_11.jpg -> classified as: Qualitative Examples
[GcvLoqOoXL] figure_7.jpg -> classified as: Qualitative Examples
[GcvLoqOoXL] figure_3.jpg -> classified as: Plots / Charts
[GcvLoqOoXL] figure_4.jpg -> classified as: Qualitative Examples
[GcvLoqOoXL] figure_1.jpg -> classified as: Plots / Charts
[GcvLoqOoXL] figure_8.jpg -> classified as: Plots / Charts
[GcvLoqOoXL] figure_12.jpg -> classified as: Qualitative Examples
[GcvLoqOoXL] figure_10.jpg -> classified as: Qualitative Examples
[Gd0fy9y8uM] figure_5.jpg -> classified as: Qualitative Examples
[Gd0fy9y8uM] figure_6.jpg -> classified as: Qualitative Examples
[Gd0fy9y8uM] figure_9.jpg -> classified as: Plots / Charts
[Gd0fy9y8uM] figure_13.jpg -> classified as: Qualitative Examples
[Gd0fy9y8uM] figure_2.jpg -> classified as: Architecture Diagram
[Gd0fy9y8uM] figure_11.jpg -> classified as: Qualitative Examples
[Gd0fy9y8uM] figure_7.jpg -> classified as: Plots / Charts
[Gd0fy9y8uM] figure_3.jpg -> classified as: Architecture Diagram
[Gd0fy9y8uM] figure_4.jpg -> classified as: Qualitative Examples
[Gd0fy9y8uM] figure_1.jpg -> classified as: Qualitative Examples
[Gd0fy9y8uM] figure_8.jpg -> classified as: Qualitative Examples
[Gd0fy9y8uM] figure_12.jpg -> classified as: Qualitative Examples
[Gd0fy9y8uM] figure_10.jpg -> classified as: Qualitative Examples
[Gf1uBeuUJW] figure_Question__Tell_me.jpg -> classified as: Plots / Charts
[Gf1uBeuUJW] figure_6.jpg -> classified as: Plots / Charts
[Gf1uBeuUJW] figure_9.jpg -> classified as: Qualitative Examples
[Gf1uBeuUJW] figure_2.jpg -> classified as: Plots / Charts
[Gf1uBeuUJW] figure_7.jpg -> classified as: Qualitative Examples
[Gf1uBeuUJW] figure_3.jpg -> classified as: Qualitative Examples
[Gf1uBeuUJW] figure_4.jpg -> classified as: Qualitative Examples
[Gf1uBeuUJW] figure_1.jpg -> classified as: Qualitative Examples
[Gf4KZIqLHD] figure_5.jpg -> classified as: Qualitative Examples
[Gf4KZIqLHD] figure_6.jpg -> classified as: Qualitative Examples
[Gf4KZIqLHD] figure_2.jpg -> classified as: Architecture Diagram
[Gf4KZIqLHD] figure_3.jpg -> classified as: Qualitative Examples
[Gf4KZIqLHD] figure_4.jpg -> classified as: Plots / Charts
[Gf4KZIqLHD] figure_1.jpg -> classified as: Architecture Diagram
[Gg7cXo3S8l] figure_5.jpg -> classified as: Qualitative Examples
[Gg7cXo3S8l] figure_6.jpg -> classified as: Plots / Charts
[Gg7cXo3S8l] figure_V_3.jpg -> classified as: Qualitative Examples
[Gg7cXo3S8l] figure_I_1.jpg -> classified as: Plots / Charts
[Gg7cXo3S8l] figure_I_2.jpg -> classified as: Plots / Charts
[Gg7cXo3S8l] figure_V.jpg -> classified as: Plots / Charts
[Gg7cXo3S8l] figure_I.jpg -> classified as: Plots / Charts
[Gg7cXo3S8l] figure_2.jpg -> classified as: Architecture Diagram
[Gg7cXo3S8l] figure_V_2.jpg -> classified as: Plots / Charts
[Gg7cXo3S8l] figure_I_4.jpg -> classified as: Qualitative Examples
[Gg7cXo3S8l] figure_7.jpg -> classified as: Plots / Charts
[Gg7cXo3S8l] figure_I_3.jpg -> classified as: Plots / Charts
[Gg7cXo3S8l] figure_3.jpg -> classified as: Plots / Charts
[Gg7cXo3S8l] figure_4.jpg -> classified as: Plots / Charts
[Gg7cXo3S8l] figure_V_1.jpg -> classified as: Plots / Charts
[Gg7cXo3S8l] figure_1.jpg -> classified as: Plots / Charts
[Gg7cXo3S8l] figure_X.jpg -> classified as: Qualitative Examples
[Gj5JTAwdoy] figure_5.jpg -> classified as: Plots / Charts
[Gj5JTAwdoy] figure_6.jpg -> classified as: Plots / Charts
[Gj5JTAwdoy] figure_9.jpg -> classified as: Architecture Diagram
[Gj5JTAwdoy] figure_13.jpg -> classified as: Plots / Charts
[Gj5JTAwdoy] figure_15.jpg -> classified as: Plots / Charts
[Gj5JTAwdoy] figure_2.jpg -> classified as: Plots / Charts
[Gj5JTAwdoy] figure_11.jpg -> classified as: Qualitative Examples
[Gj5JTAwdoy] figure_7.jpg -> classified as: Plots / Charts
[Gj5JTAwdoy] figure_3.jpg -> classified as: Architecture Diagram
[Gj5JTAwdoy] figure_4.jpg -> classified as: Plots / Charts
[Gj5JTAwdoy] figure_1.jpg -> classified as: Architecture Diagram
[Gj5JTAwdoy] figure_8.jpg -> classified as: Architecture Diagram
[Gj5JTAwdoy] figure_12.jpg -> classified as: Plots / Charts
[Gj5JTAwdoy] figure_14.jpg -> classified as: Plots / Charts
[Gj5JTAwdoy] figure_10.jpg -> classified as: Plots / Charts
[GjfIZan5jN] figure_5.jpg -> classified as: Plots / Charts
[GjfIZan5jN] figure_6.jpg -> classified as: Plots / Charts
[GjfIZan5jN] figure_9.jpg -> classified as: Qualitative Examples
[GjfIZan5jN] figure_A12.jpg -> classified as: Plots / Charts
[GjfIZan5jN] figure_2.jpg -> classified as: Architecture Diagram
[GjfIZan5jN] figure_A11.jpg -> classified as: Qualitative Examples
[GjfIZan5jN] figure_A16.jpg -> classified as: Plots / Charts
[GjfIZan5jN] figure_7.jpg -> classified as: Plots / Charts
[GjfIZan5jN] figure_3.jpg -> classified as: Plots / Charts
[GjfIZan5jN] figure_A15.jpg -> classified as: Qualitative Examples
[GjfIZan5jN] figure_4.jpg -> classified as: Plots / Charts
[GjfIZan5jN] figure_A13.jpg -> classified as: Plots / Charts
[GjfIZan5jN] figure_Top_10_Concepts.jpg -> classified as: Plots / Charts
[GjfIZan5jN] figure_1.jpg -> classified as: Plots / Charts
[GjfIZan5jN] figure_A14.jpg -> classified as: Qualitative Examples
[GjfIZan5jN] figure_8.jpg -> classified as: Plots / Charts
[GjfIZan5jN] figure_10.jpg -> classified as: Plots / Charts
[GkJiNn2QDF] figure_19.jpg -> classified as: Qualitative Examples
[GkJiNn2QDF] figure_5.jpg -> classified as: Qualitative Examples
[GkJiNn2QDF] figure_6.jpg -> classified as: Qualitative Examples
[GkJiNn2QDF] figure_9.jpg -> classified as: Qualitative Examples
[GkJiNn2QDF] figure_22.jpg -> classified as: Qualitative Examples
[GkJiNn2QDF] figure_18.jpg -> classified as: Qualitative Examples
[GkJiNn2QDF] figure_13.jpg -> classified as: Qualitative Examples
[GkJiNn2QDF] figure_15.jpg -> classified as: Qualitative Examples
[GkJiNn2QDF] figure_2.jpg -> classified as: Architecture Diagram
[GkJiNn2QDF] figure_20.jpg -> classified as: Qualitative Examples
[GkJiNn2QDF] figure_11.jpg -> classified as: Qualitative Examples
[GkJiNn2QDF] figure_7.jpg -> classified as: Qualitative Examples
[GkJiNn2QDF] figure_3.jpg -> classified as: Architecture Diagram
[GkJiNn2QDF] figure_4.jpg -> classified as: Architecture Diagram
[GkJiNn2QDF] figure_17.jpg -> classified as: Plots / Charts
[GkJiNn2QDF] figure_1.jpg -> classified as: Architecture Diagram
[GkJiNn2QDF] figure_8.jpg -> classified as: Qualitative Examples
[GkJiNn2QDF] figure_12.jpg -> classified as: Qualitative Examples
[GkJiNn2QDF] figure_21.jpg -> classified as: Qualitative Examples
[GkJiNn2QDF] figure_14.jpg -> classified as: Qualitative Examples
[GkJiNn2QDF] figure_16.jpg -> classified as: Plots / Charts
[GkJiNn2QDF] figure_10.jpg -> classified as: Qualitative Examples
[GkeTXeujW0] figure_5.jpg -> classified as: Architecture Diagram
[GkeTXeujW0] figure_6.jpg -> classified as: Plots / Charts
[GkeTXeujW0] figure_9.jpg -> classified as: Plots / Charts
[GkeTXeujW0] figure_2.jpg -> classified as: Plots / Charts
[GkeTXeujW0] figure_11.jpg -> classified as: Plots / Charts
[GkeTXeujW0] figure_7.jpg -> classified as: Plots / Charts
[GkeTXeujW0] figure_3.jpg -> classified as: Architecture Diagram
[GkeTXeujW0] figure_4.jpg -> classified as: Architecture Diagram
[GkeTXeujW0] figure_1.jpg -> classified as: Plots / Charts
[GkeTXeujW0] figure_8.jpg -> classified as: Plots / Charts
[GkeTXeujW0] figure_12.jpg -> classified as: Plots / Charts
[GkeTXeujW0] figure_10.jpg -> classified as: Plots / Charts
[GlAeL0I8LX] figure_19.jpg -> classified as: Qualitative Examples
[GlAeL0I8LX] figure_23.jpg -> classified as: Qualitative Examples
[GlAeL0I8LX] figure_5.jpg -> classified as: Plots / Charts
[GlAeL0I8LX] figure_6.jpg -> classified as: Plots / Charts
[GlAeL0I8LX] figure_9.jpg -> classified as: Plots / Charts
[GlAeL0I8LX] figure_22.jpg -> classified as: Qualitative Examples
[GlAeL0I8LX] figure_18.jpg -> classified as: Plots / Charts
[GlAeL0I8LX] figure_13.jpg -> classified as: Qualitative Examples
[GlAeL0I8LX] figure_15.jpg -> classified as: Plots / Charts
[GlAeL0I8LX] figure_2.jpg -> classified as: Architecture Diagram
[GlAeL0I8LX] figure_20.jpg -> classified as: Qualitative Examples
[GlAeL0I8LX] figure_11.jpg -> classified as: Qualitative Examples
[GlAeL0I8LX] figure_(a)_Baseline_Resnet50.jpg -> classified as: Plots / Charts
[GlAeL0I8LX] figure_7.jpg -> classified as: Other
  -> Skipping second pass (Other)
[GlAeL0I8LX] figure_3.jpg -> classified as: Architecture Diagram
[GlAeL0I8LX] figure_4.jpg -> classified as: Qualitative Examples
[GlAeL0I8LX] figure_17.jpg -> classified as: Plots / Charts
[GlAeL0I8LX] figure_1.jpg -> classified as: Qualitative Examples
[GlAeL0I8LX] figure_12.jpg -> classified as: Qualitative Examples
[GlAeL0I8LX] figure_21.jpg -> classified as: Qualitative Examples
[GlAeL0I8LX] figure_14.jpg -> classified as: Qualitative Examples
[GlAeL0I8LX] figure_16.jpg -> classified as: Plots / Charts
[GlAeL0I8LX] figure_10.jpg -> classified as: Qualitative Examples
[Glm7Kj47nN] figure_5.jpg -> classified as: Qualitative Examples
[Glm7Kj47nN] figure_6.jpg -> classified as: Qualitative Examples
[Glm7Kj47nN] figure_9.jpg -> classified as: Qualitative Examples
[Glm7Kj47nN] figure_13.jpg -> classified as: Qualitative Examples
[Glm7Kj47nN] figure_15.jpg -> classified as: Qualitative Examples
[Glm7Kj47nN] figure_2.jpg -> classified as: Architecture Diagram
[Glm7Kj47nN] figure_11.jpg -> classified as: Qualitative Examples
[Glm7Kj47nN] figure_7.jpg -> classified as: Qualitative Examples
[Glm7Kj47nN] figure_3.jpg -> classified as: Plots / Charts
[Glm7Kj47nN] figure_4.jpg -> classified as: Qualitative Examples
[Glm7Kj47nN] figure_1.jpg -> classified as: Qualitative Examples
[Glm7Kj47nN] figure_Prompt__A_fly.jpg -> classified as: Qualitative Examples
[Glm7Kj47nN] figure_12.jpg -> classified as: Other
  -> Skipping second pass (Other)
[Glm7Kj47nN] figure_14.jpg -> classified as: Qualitative Examples
[Glm7Kj47nN] figure_16.jpg -> classified as: Qualitative Examples
[Glm7Kj47nN] figure_10.jpg -> classified as: Qualitative Examples
[GmMp8S8M4V] figure_5.jpg -> classified as: Plots / Charts
[GmMp8S8M4V] figure_2.jpg -> classified as: Qualitative Examples
[GmMp8S8M4V] figure_3.jpg -> classified as: Plots / Charts
[GmMp8S8M4V] figure_4.jpg -> classified as: Plots / Charts
[GmMp8S8M4V] figure_1.jpg -> classified as: Architecture Diagram
[GoJ8jGmjyW] figure_Caption__Make_sure.jpg -> classified as: Other
  -> Skipping second pass (Other)
[GoJ8jGmjyW] figure_2.jpg -> classified as: Qualitative Examples
[GoJ8jGmjyW] figure_3.jpg -> classified as: Plots / Charts
[GoJ8jGmjyW] figure_Caption__Outdoor_Edge.jpg -> classified as: Qualitative Examples
[GoJ8jGmjyW] figure_Caption__Adds_two.jpg -> classified as: Other
  -> Skipping second pass (Other)
[GoJ8jGmjyW] figure_1.jpg -> classified as: Qualitative Examples
[GpdO9r73xT] figure_9.jpg -> classified as: Qualitative Examples
[GpdO9r73xT] figure_13.jpg -> classified as: Qualitative Examples
[GpdO9r73xT] figure_15.jpg -> classified as: Qualitative Examples
[GpdO9r73xT] figure_2.jpg -> classified as: Plots / Charts
[GpdO9r73xT] figure_11.jpg -> classified as: Qualitative Examples
[GpdO9r73xT] figure_7.jpg -> classified as: Plots / Charts
[GpdO9r73xT] figure_3.jpg -> classified as: Qualitative Examples
[GpdO9r73xT] figure_4.jpg -> classified as: Plots / Charts
[GpdO9r73xT] figure_1.jpg -> classified as: Qualitative Examples
[GpdO9r73xT] figure_8.jpg -> classified as: Qualitative Examples
[GpdO9r73xT] figure_12.jpg -> classified as: Qualitative Examples
[GpdO9r73xT] figure_14.jpg -> classified as: Qualitative Examples
[GpdO9r73xT] figure_16.jpg -> classified as: Qualitative Examples
[GpdO9r73xT] figure_10.jpg -> classified as: Plots / Charts
[GqBO71SPjL] figure_5.jpg -> classified as: Qualitative Examples
[GqBO71SPjL] figure_6.jpg -> classified as: Qualitative Examples
[GqBO71SPjL] figure_9.jpg -> classified as: Qualitative Examples
[GqBO71SPjL] figure_2.jpg -> classified as: Qualitative Examples
[GqBO71SPjL] figure_11.jpg -> classified as: Qualitative Examples
[GqBO71SPjL] figure_7.jpg -> classified as: Qualitative Examples
[GqBO71SPjL] figure_3.jpg -> classified as: Qualitative Examples
[GqBO71SPjL] figure_4.jpg -> classified as: Architecture Diagram
[GqBO71SPjL] figure_1.jpg -> classified as: Architecture Diagram
[GqBO71SPjL] figure_8.jpg -> classified as: Qualitative Examples
[GqBO71SPjL] figure_10.jpg -> classified as: Qualitative Examples
[GqhvJ1o8m5] figure_5.jpg -> classified as: Qualitative Examples
[GqhvJ1o8m5] figure_2.jpg -> classified as: Architecture Diagram
[GqhvJ1o8m5] figure_3.jpg -> classified as: Qualitative Examples
[GqhvJ1o8m5] figure_4.jpg -> classified as: Qualitative Examples
[GqhvJ1o8m5] figure_1.jpg -> classified as: Qualitative Examples
[GqsepTIXWy] figure_5.jpg -> classified as: Plots / Charts
[GqsepTIXWy] figure_6.jpg -> classified as: Qualitative Examples
[GqsepTIXWy] figure_2.jpg -> classified as: Qualitative Examples
[GqsepTIXWy] figure_7.jpg -> classified as: Plots / Charts
[GqsepTIXWy] figure_3.jpg -> classified as: Qualitative Examples
[GqsepTIXWy] figure_4.jpg -> classified as: Qualitative Examples
[GqsepTIXWy] figure_1.jpg -> classified as: Architecture Diagram
[GraOHDxFjl] figure_5.jpg -> classified as: Architecture Diagram
[GraOHDxFjl] figure_6.jpg -> classified as: Plots / Charts
[GraOHDxFjl] figure_9.jpg -> classified as: Architecture Diagram
[GraOHDxFjl] figure_2.jpg -> classified as: Plots / Charts
[GraOHDxFjl] figure_11.jpg -> classified as: Plots / Charts
[GraOHDxFjl] figure_7.jpg -> classified as: Plots / Charts
[GraOHDxFjl] figure_3.jpg -> classified as: Plots / Charts
[GraOHDxFjl] figure_4.jpg -> classified as: Plots / Charts
[GraOHDxFjl] figure_1.jpg -> classified as: Other
  -> Skipping second pass (Other)
[GraOHDxFjl] figure_8.jpg -> classified as: Plots / Charts
[GraOHDxFjl] figure_12.jpg -> classified as: Qualitative Examples
[GraOHDxFjl] figure_10.jpg -> classified as: Plots / Charts
[GstK7tITrE] figure_6.jpg -> classified as: Qualitative Examples
[GstK7tITrE] figure_9.jpg -> classified as: Qualitative Examples
[GstK7tITrE] figure_2.jpg -> classified as: Architecture Diagram
[GstK7tITrE] figure_11.jpg -> classified as: Qualitative Examples
[GstK7tITrE] figure_7.jpg -> classified as: Qualitative Examples
[GstK7tITrE] figure_3.jpg -> classified as: Qualitative Examples
[GstK7tITrE] figure_4.jpg -> classified as: Qualitative Examples
[GstK7tITrE] figure_1.jpg -> classified as: Qualitative Examples
[GstK7tITrE] figure_8.jpg -> classified as: Qualitative Examples
[GstK7tITrE] figure_10.jpg -> classified as: Qualitative Examples
[GuQeZWbaGr] figure_19.jpg -> classified as: Qualitative Examples
[GuQeZWbaGr] figure_5.jpg -> classified as: Qualitative Examples
[GuQeZWbaGr] figure_6.jpg -> classified as: Qualitative Examples
[GuQeZWbaGr] figure_9.jpg -> classified as: Qualitative Examples
[GuQeZWbaGr] figure_22.jpg -> classified as: Qualitative Examples
[GuQeZWbaGr] figure_18.jpg -> classified as: Qualitative Examples
[GuQeZWbaGr] figure_13.jpg -> classified as: Qualitative Examples
[GuQeZWbaGr] figure_15.jpg -> classified as: Qualitative Examples
[GuQeZWbaGr] figure_2.jpg -> classified as: Architecture Diagram
[GuQeZWbaGr] figure_20.jpg -> classified as: Qualitative Examples
[GuQeZWbaGr] figure_11.jpg -> classified as: Qualitative Examples
[GuQeZWbaGr] figure_7.jpg -> classified as: Qualitative Examples
[GuQeZWbaGr] figure_3.jpg -> classified as: Qualitative Examples
[GuQeZWbaGr] figure_4.jpg -> classified as: Qualitative Examples
[GuQeZWbaGr] figure_17.jpg -> classified as: Qualitative Examples
[GuQeZWbaGr] figure_1.jpg -> classified as: Qualitative Examples
[GuQeZWbaGr] figure_8.jpg -> classified as: Qualitative Examples
[GuQeZWbaGr] figure_12.jpg -> classified as: Qualitative Examples
[GuQeZWbaGr] figure_21.jpg -> classified as: Qualitative Examples
[GuQeZWbaGr] figure_14.jpg -> classified as: Qualitative Examples
[GuQeZWbaGr] figure_10.jpg -> classified as: Qualitative Examples
[Gvg3nXZvyg] figure_5.jpg -> classified as: Plots / Charts
[Gvg3nXZvyg] figure_6.jpg -> classified as: Plots / Charts
[Gvg3nXZvyg] figure_2.jpg -> classified as: Architecture Diagram
[Gvg3nXZvyg] figure_3.jpg -> classified as: Qualitative Examples
[Gvg3nXZvyg] figure_4.jpg -> classified as: Plots / Charts
[Gvg3nXZvyg] figure_1.jpg -> classified as: Other
  -> Skipping second pass (Other)
[GwSL33Qx42] figure_5.jpg -> classified as: Plots / Charts
[GwSL33Qx42] figure_6.jpg -> classified as: Qualitative Examples
[GwSL33Qx42] figure_9.jpg -> classified as: Qualitative Examples
[GwSL33Qx42] figure_2.jpg -> classified as: Qualitative Examples
[GwSL33Qx42] figure_11.jpg -> classified as: Qualitative Examples
[GwSL33Qx42] figure_7.jpg -> classified as: Qualitative Examples
[GwSL33Qx42] figure_3.jpg -> classified as: Architecture Diagram
[GwSL33Qx42] figure_4.jpg -> classified as: Qualitative Examples
[GwSL33Qx42] figure_1.jpg -> classified as: Qualitative Examples
[GwSL33Qx42] figure_8.jpg -> classified as: Qualitative Examples
[GwSL33Qx42] figure_12.jpg -> classified as: Qualitative Examples
[GwSL33Qx42] figure_10.jpg -> classified as: Qualitative Examples
[Gx04TnVjee] figure_5.jpg -> classified as: Qualitative Examples
[Gx04TnVjee] figure_6.jpg -> classified as: Qualitative Examples
[Gx04TnVjee] figure_2.jpg -> classified as: Architecture Diagram
[Gx04TnVjee] figure_7.jpg -> classified as: Plots / Charts
[Gx04TnVjee] figure_3.jpg -> classified as: Qualitative Examples
[Gx04TnVjee] figure_4.jpg -> classified as: Qualitative Examples
[Gx04TnVjee] figure_1.jpg -> classified as: Qualitative Examples
[Gyz9xEl8YQ] figure_5.jpg -> classified as: Qualitative Examples
[Gyz9xEl8YQ] figure_6.jpg -> classified as: Plots / Charts
[Gyz9xEl8YQ] figure_2.jpg -> classified as: Architecture Diagram
[Gyz9xEl8YQ] figure_3.jpg -> classified as: Architecture Diagram
[Gyz9xEl8YQ] figure_4.jpg -> classified as: Qualitative Examples
[Gyz9xEl8YQ] figure_1.jpg -> classified as: Architecture Diagram
[H2Gxil855b] figure_5.jpg -> classified as: Qualitative Examples
[H2Gxil855b] figure_6.jpg -> classified as: Qualitative Examples
[H2Gxil855b] figure_9.jpg -> classified as: Qualitative Examples
[H2Gxil855b] figure_2.jpg -> classified as: Architecture Diagram
[H2Gxil855b] figure_7.jpg -> classified as: Qualitative Examples
[H2Gxil855b] figure_3.jpg -> classified as: Architecture Diagram
[H2Gxil855b] figure_4.jpg -> classified as: Architecture Diagram
[H2Gxil855b] figure_1.jpg -> classified as: Qualitative Examples
[H2Gxil855b] figure_8.jpg -> classified as: Qualitative Examples
[H396R79GiQ] figure_5.jpg -> classified as: Plots / Charts
[H396R79GiQ] figure_6.jpg -> classified as: Plots / Charts
[H396R79GiQ] figure_9.jpg -> classified as: Plots / Charts
[H396R79GiQ] figure_2.jpg -> classified as: Qualitative Examples
[H396R79GiQ] figure_11.jpg -> classified as: Plots / Charts
[H396R79GiQ] figure_7.jpg -> classified as: Other
  -> Skipping second pass (Other)
[H396R79GiQ] figure_3.jpg -> classified as: Plots / Charts
[H396R79GiQ] figure_1.jpg -> classified as: Architecture Diagram
[H396R79GiQ] figure_8.jpg -> classified as: Plots / Charts
[H48OMCCiI7] figure_5.jpg -> classified as: Qualitative Examples
[H48OMCCiI7] figure_6.jpg -> classified as: Plots / Charts
[H48OMCCiI7] figure_9.jpg -> classified as: Qualitative Examples
[H48OMCCiI7] figure_2.jpg -> classified as: Architecture Diagram
[H48OMCCiI7] figure_7.jpg -> classified as: Qualitative Examples
[H48OMCCiI7] figure_3.jpg -> classified as: Architecture Diagram
[H48OMCCiI7] figure_4.jpg -> classified as: Qualitative Examples
[H48OMCCiI7] figure_1.jpg -> classified as: Architecture Diagram
[H48OMCCiI7] figure_8.jpg -> classified as: Qualitative Examples
[H48OMCCiI7] figure_10.jpg -> classified as: Qualitative Examples
[H4FSx06FCZ] figure_5.jpg -> classified as: Qualitative Examples
[H4FSx06FCZ] figure_6.jpg -> classified as: Qualitative Examples
[H4FSx06FCZ] figure_9.jpg -> classified as: Qualitative Examples
[H4FSx06FCZ] figure_13.jpg -> classified as: Qualitative Examples
[H4FSx06FCZ] figure_2.jpg -> classified as: Architecture Diagram
[H4FSx06FCZ] figure_11.jpg -> classified as: Qualitative Examples
[H4FSx06FCZ] figure_7.jpg -> classified as: Qualitative Examples
[H4FSx06FCZ] figure_3.jpg -> classified as: Architecture Diagram
[H4FSx06FCZ] figure_4.jpg -> classified as: Qualitative Examples
[H4FSx06FCZ] figure_1.jpg -> classified as: Architecture Diagram
[H4FSx06FCZ] figure_8.jpg -> classified as: Qualitative Examples
[H4FSx06FCZ] figure_12.jpg -> classified as: Qualitative Examples
[H4FSx06FCZ] figure_14.jpg -> classified as: Qualitative Examples
[H4FSx06FCZ] figure_10.jpg -> classified as: Qualitative Examples
[H4yQefeXhp] figure_5.jpg -> classified as: Qualitative Examples
[H4yQefeXhp] figure_6.jpg -> classified as: Qualitative Examples
[H4yQefeXhp] figure_9.jpg -> classified as: Qualitative Examples
[H4yQefeXhp] figure_2.jpg -> classified as: Qualitative Examples
[H4yQefeXhp] figure_7.jpg -> classified as: Qualitative Examples
[H4yQefeXhp] figure_3.jpg -> classified as: Architecture Diagram
[H4yQefeXhp] figure_4.jpg -> classified as: Qualitative Examples
[H4yQefeXhp] figure_1.jpg -> classified as: Qualitative Examples
[H4yQefeXhp] figure_8.jpg -> classified as: Qualitative Examples
[H4zAFFyoXK] figure_5.jpg -> classified as: Qualitative Examples
[H4zAFFyoXK] figure_6.jpg -> classified as: Qualitative Examples
[H4zAFFyoXK] figure_2.jpg -> classified as: Architecture Diagram
[H4zAFFyoXK] figure_7.jpg -> classified as: Qualitative Examples
[H4zAFFyoXK] figure_3.jpg -> classified as: Plots / Charts
[H4zAFFyoXK] figure_4.jpg -> classified as: Plots / Charts
[H4zAFFyoXK] figure_1.jpg -> classified as: Plots / Charts
[H56qXKaNpF] figure_5.jpg -> classified as: Plots / Charts
[H56qXKaNpF] figure_6.jpg -> classified as: Qualitative Examples
[H56qXKaNpF] figure_9.jpg -> classified as: Qualitative Examples
[H56qXKaNpF] figure_2.jpg -> classified as: Plots / Charts
[H56qXKaNpF] figure_7.jpg -> classified as: Qualitative Examples
[H56qXKaNpF] figure_3.jpg -> classified as: Qualitative Examples
[H56qXKaNpF] figure_1.jpg -> classified as: Architecture Diagram
[H56qXKaNpF] figure_8.jpg -> classified as: Qualitative Examples
[H56qXKaNpF] figure_10.jpg -> classified as: Qualitative Examples
[H9UnNgdq0g] figure_5.jpg -> classified as: Qualitative Examples
[H9UnNgdq0g] figure_6.jpg -> classified as: Plots / Charts
[H9UnNgdq0g] figure_9.jpg -> classified as: Qualitative Examples
[H9UnNgdq0g] figure_2.jpg -> classified as: Qualitative Examples
[H9UnNgdq0g] figure_7.jpg -> classified as: Qualitative Examples
[H9UnNgdq0g] figure_3.jpg -> classified as: Qualitative Examples
[H9UnNgdq0g] figure_4.jpg -> classified as: Plots / Charts
[H9UnNgdq0g] figure_1.jpg -> classified as: Qualitative Examples
[H9UnNgdq0g] figure_8.jpg -> classified as: Plots / Charts
[HA0oLUvuGI] figure_5.jpg -> classified as: Plots / Charts
[HA0oLUvuGI] figure_6.jpg -> classified as: Plots / Charts
[HA0oLUvuGI] figure_9.jpg -> classified as: Qualitative Examples
[HA0oLUvuGI] figure_2.jpg -> classified as: Plots / Charts
[HA0oLUvuGI] figure_11.jpg -> classified as: Plots / Charts
[HA0oLUvuGI] figure_7.jpg -> classified as: Plots / Charts
[HA0oLUvuGI] figure_3.jpg -> classified as: Plots / Charts
[HA0oLUvuGI] figure_4.jpg -> classified as: Plots / Charts
[HA0oLUvuGI] figure_1.jpg -> classified as: Plots / Charts
[HA0oLUvuGI] figure_8.jpg -> classified as: Plots / Charts
[HA0oLUvuGI] figure_10.jpg -> classified as: Plots / Charts
[HAD6iZxKuh] figure_5.jpg -> classified as: Plots / Charts
[HAD6iZxKuh] figure_6.jpg -> classified as: Qualitative Examples
[HAD6iZxKuh] figure_9.jpg -> classified as: Qualitative Examples
[HAD6iZxKuh] figure_13.jpg -> classified as: Qualitative Examples
[HAD6iZxKuh] figure_2.jpg -> classified as: Architecture Diagram
[HAD6iZxKuh] figure_11.jpg -> classified as: Qualitative Examples
[HAD6iZxKuh] figure_7.jpg -> classified as: Qualitative Examples
[HAD6iZxKuh] figure_3.jpg -> classified as: Architecture Diagram
[HAD6iZxKuh] figure_4.jpg -> classified as: Architecture Diagram
[HAD6iZxKuh] figure_1.jpg -> classified as: Plots / Charts
[HAD6iZxKuh] figure_8.jpg -> classified as: Plots / Charts
[HAD6iZxKuh] figure_12.jpg -> classified as: Qualitative Examples
[HAD6iZxKuh] figure_10.jpg -> classified as: Qualitative Examples
[HAJzPND6Xt] figure_5.jpg -> classified as: Qualitative Examples
[HAJzPND6Xt] figure_6.jpg -> classified as: Plots / Charts
[HAJzPND6Xt] figure_2.jpg -> classified as: Plots / Charts
[HAJzPND6Xt] figure_3.jpg -> classified as: Architecture Diagram
[HAJzPND6Xt] figure_4.jpg -> classified as: Qualitative Examples
[HAJzPND6Xt] figure_1.jpg -> classified as: Qualitative Examples
[HBEjrlu7Aa] figure_5.jpg -> classified as: Qualitative Examples
[HBEjrlu7Aa] figure_6.jpg -> classified as: Qualitative Examples
[HBEjrlu7Aa] figure_2.jpg -> classified as: Architecture Diagram
[HBEjrlu7Aa] figure_7.jpg -> classified as: Qualitative Examples
[HBEjrlu7Aa] figure_3.jpg -> classified as: Qualitative Examples
[HBEjrlu7Aa] figure_4.jpg -> classified as: Qualitative Examples
[HBEjrlu7Aa] figure_1.jpg -> classified as: Other
  -> Skipping second pass (Other)
[HBEjrlu7Aa] figure_8.jpg -> classified as: Qualitative Examples
[HBFzStNrS9] figure_2.jpg -> classified as: Plots / Charts
[HBFzStNrS9] figure_3.jpg -> classified as: Architecture Diagram
[HBFzStNrS9] figure_4.jpg -> classified as: Plots / Charts
[HBFzStNrS9] figure_1.jpg -> classified as: Architecture Diagram
[HBbbhAZuia] figure_5.jpg -> classified as: Plots / Charts
[HBbbhAZuia] figure_6.jpg -> classified as: Plots / Charts
[HBbbhAZuia] figure_9.jpg -> classified as: Qualitative Examples
[HBbbhAZuia] figure_13.jpg -> classified as: Plots / Charts
[HBbbhAZuia] figure_15.jpg -> classified as: Plots / Charts
[HBbbhAZuia] figure_2.jpg -> classified as: Architecture Diagram
[HBbbhAZuia] figure_11.jpg -> classified as: Plots / Charts
[HBbbhAZuia] figure_7.jpg -> classified as: Plots / Charts
[HBbbhAZuia] figure_3.jpg -> classified as: Architecture Diagram
[HBbbhAZuia] figure_4.jpg -> classified as: Plots / Charts
[HBbbhAZuia] figure_17.jpg -> classified as: Plots / Charts
[HBbbhAZuia] figure_1.jpg -> classified as: Qualitative Examples
[HBbbhAZuia] figure_8.jpg -> classified as: Architecture Diagram
[HBbbhAZuia] figure_12.jpg -> classified as: Plots / Charts
[HBbbhAZuia] figure_14.jpg -> classified as: Plots / Charts
[HBbbhAZuia] figure_16.jpg -> classified as: Plots / Charts
[HBbbhAZuia] figure_10.jpg -> classified as: Plots / Charts
[HCUksccuFx] figure_5.jpg -> classified as: Qualitative Examples
[HCUksccuFx] figure_2.jpg -> classified as: Architecture Diagram
[HCUksccuFx] figure_3.jpg -> classified as: Other
  -> Skipping second pass (Other)
[HCUksccuFx] figure_4.jpg -> classified as: Qualitative Examples
[HCUksccuFx] figure_1.jpg -> classified as: Qualitative Examples
[HEXtydywnE] figure_5.jpg -> classified as: Plots / Charts
[HEXtydywnE] figure_9.jpg -> classified as: Qualitative Examples
[HEXtydywnE] figure_13.jpg -> classified as: Qualitative Examples
[HEXtydywnE] figure_2.jpg -> classified as: Architecture Diagram
[HEXtydywnE] figure_11.jpg -> classified as: Qualitative Examples
[HEXtydywnE] figure_7.jpg -> classified as: Plots / Charts
[HEXtydywnE] figure_3.jpg -> classified as: Qualitative Examples
[HEXtydywnE] figure_(b)_MUGEN_model.jpg -> classified as: Architecture Diagram
[HEXtydywnE] figure_1.jpg -> classified as: Architecture Diagram
[HEXtydywnE] figure_8.jpg -> classified as: Plots / Charts
[HEXtydywnE] figure_12.jpg -> classified as: Plots / Charts
[HEi70bBquo] figure_30.jpg -> classified as: Plots / Charts
[HEi70bBquo] figure_19.jpg -> classified as: Qualitative Examples
[HEi70bBquo] figure_23.jpg -> classified as: Qualitative Examples
[HEi70bBquo] figure_29.jpg -> classified as: Plots / Charts
[HEi70bBquo] figure_24.jpg -> classified as: Qualitative Examples
[HEi70bBquo] figure_5.jpg -> classified as: Qualitative Examples
[HEi70bBquo] figure_9.jpg -> classified as: Plots / Charts
[HEi70bBquo] figure_22.jpg -> classified as: Qualitative Examples
[HEi70bBquo] figure_28.jpg -> classified as: Plots / Charts
[HEi70bBquo] figure_18.jpg -> classified as: Qualitative Examples
[HEi70bBquo] figure_13.jpg -> classified as: Qualitative Examples
[HEi70bBquo] figure_15.jpg -> classified as: Qualitative Examples
[HEi70bBquo] figure_2.jpg -> classified as: Plots / Charts
[HEi70bBquo] figure_20.jpg -> classified as: Qualitative Examples
[HEi70bBquo] figure_11.jpg -> classified as: Plots / Charts
[HEi70bBquo] figure_7.jpg -> classified as: Plots / Charts
[HEi70bBquo] figure_3.jpg -> classified as: Plots / Charts
[HEi70bBquo] figure_33.jpg -> classified as: Plots / Charts
[HEi70bBquo] figure_4.jpg -> classified as: Plots / Charts
[HEi70bBquo] figure_31.jpg -> classified as: Plots / Charts
[HEi70bBquo] figure_17.jpg -> classified as: Qualitative Examples
[HEi70bBquo] figure_1.jpg -> classified as: Qualitative Examples
[HEi70bBquo] figure_27.jpg -> classified as: Plots / Charts
[HEi70bBquo] figure_8.jpg -> classified as: Qualitative Examples
[HEi70bBquo] figure_12.jpg -> classified as: Qualitative Examples
[HEi70bBquo] figure_25.jpg -> classified as: Qualitative Examples
[HEi70bBquo] figure_21.jpg -> classified as: Qualitative Examples
[HEi70bBquo] figure_26.jpg -> classified as: Qualitative Examples
[HEi70bBquo] figure_14.jpg -> classified as: Qualitative Examples
[HEi70bBquo] figure_32.jpg -> classified as: Plots / Charts
[HEi70bBquo] figure_16.jpg -> classified as: Qualitative Examples
[HEi70bBquo] figure_10.jpg -> classified as: Qualitative Examples
[HJVe0NH4qq] figure_5.jpg -> classified as: Qualitative Examples
[HJVe0NH4qq] figure_6.jpg -> classified as: Qualitative Examples
[HJVe0NH4qq] figure_2.jpg -> classified as: Architecture Diagram
[HJVe0NH4qq] figure_3.jpg -> classified as: Qualitative Examples
[HJVe0NH4qq] figure_4.jpg -> classified as: Plots / Charts
[HJVe0NH4qq] figure_1.jpg -> classified as: Architecture Diagram
[HKGQDDTuvZ] figure_5.jpg -> classified as: Plots / Charts
[HKGQDDTuvZ] figure_6.jpg -> classified as: Plots / Charts
[HKGQDDTuvZ] figure_9.jpg -> classified as: Qualitative Examples
[HKGQDDTuvZ] figure_13.jpg -> classified as: Qualitative Examples
[HKGQDDTuvZ] figure_2.jpg -> classified as: Architecture Diagram
[HKGQDDTuvZ] figure_11.jpg -> classified as: Plots / Charts
[HKGQDDTuvZ] figure_7.jpg -> classified as: Architecture Diagram
[HKGQDDTuvZ] figure_3.jpg -> classified as: Architecture Diagram
[HKGQDDTuvZ] figure_4.jpg -> classified as: Plots / Charts
[HKGQDDTuvZ] figure_1.jpg -> classified as: Plots / Charts
[HKGQDDTuvZ] figure_8.jpg -> classified as: Architecture Diagram
[HKGQDDTuvZ] figure_12.jpg -> classified as: Qualitative Examples
[HKGQDDTuvZ] figure_10.jpg -> classified as: Plots / Charts
[HMVDiaWMwM] figure_6.jpg -> classified as: Qualitative Examples
[HMVDiaWMwM] figure_9.jpg -> classified as: Plots / Charts
[HMVDiaWMwM] figure_2.jpg -> classified as: Qualitative Examples
[HMVDiaWMwM] figure_11.jpg -> classified as: Plots / Charts
[HMVDiaWMwM] figure_7.jpg -> classified as: Qualitative Examples
[HMVDiaWMwM] figure_3.jpg -> classified as: Plots / Charts
[HMVDiaWMwM] figure_4.jpg -> classified as: Plots / Charts
[HMVDiaWMwM] figure_12.jpg -> classified as: Qualitative Examples
[HMVDiaWMwM] figure_steampunk_atmosphere,_a.jpg -> classified as: Qualitative Examples
[HMVDiaWMwM] figure_10.jpg -> classified as: Plots / Charts
[HMrcv7Q4Ub] figure_5.jpg -> classified as: Plots / Charts
[HMrcv7Q4Ub] figure_6.jpg -> classified as: Plots / Charts
[HMrcv7Q4Ub] figure_9.jpg -> classified as: Plots / Charts
[HMrcv7Q4Ub] figure_2.jpg -> classified as: Plots / Charts
[HMrcv7Q4Ub] figure_11.jpg -> classified as: Plots / Charts
[HMrcv7Q4Ub] figure_7.jpg -> classified as: Qualitative Examples
[HMrcv7Q4Ub] figure_3.jpg -> classified as: Plots / Charts
[HMrcv7Q4Ub] figure_4.jpg -> classified as: Architecture Diagram
[HMrcv7Q4Ub] figure_9_1.jpg -> classified as: Plots / Charts
[HMrcv7Q4Ub] figure_1.jpg -> classified as: Plots / Charts
[HMrcv7Q4Ub] figure_8.jpg -> classified as: Plots / Charts
[HMrcv7Q4Ub] figure_10.jpg -> classified as: Plots / Charts
[HN8V0flwJF] figure_19.jpg -> classified as: Qualitative Examples
[HN8V0flwJF] figure_6.jpg -> classified as: Qualitative Examples
[HN8V0flwJF] figure_User__Describe_how.jpg -> classified as: Qualitative Examples
[HN8V0flwJF] figure_18.jpg -> classified as: Qualitative Examples
[HN8V0flwJF] figure_13.jpg -> classified as: Plots / Charts
[HN8V0flwJF] figure_15.jpg -> classified as: Qualitative Examples
[HN8V0flwJF] figure_2.jpg -> classified as: Plots / Charts
[HN8V0flwJF] figure_20.jpg -> classified as: Qualitative Examples
[HN8V0flwJF] figure_11.jpg -> classified as: Plots / Charts
[HN8V0flwJF] figure_7.jpg -> classified as: Qualitative Examples
[HN8V0flwJF] figure_3.jpg -> classified as: Architecture Diagram
[HN8V0flwJF] figure_4.jpg -> classified as: Qualitative Examples
[HN8V0flwJF] figure_LWM-Text_Training_MFU.jpg -> classified as: Plots / Charts
[HN8V0flwJF] figure_17.jpg -> classified as: Qualitative Examples
[HN8V0flwJF] figure_1.jpg -> classified as: Plots / Charts
[HN8V0flwJF] figure_8.jpg -> classified as: Plots / Charts
[HN8V0flwJF] figure_12.jpg -> classified as: Plots / Charts
[HN8V0flwJF] figure_16.jpg -> classified as: Qualitative Examples
[HN8V0flwJF] figure_10.jpg -> classified as: Plots / Charts
[HN8V0flwJF] figure_User__If_you.jpg -> classified as: Other
  -> Skipping second pass (Other)
[HNOo4UNPBF] figure_5.jpg -> classified as: Plots / Charts
[HNOo4UNPBF] figure_6.jpg -> classified as: Plots / Charts
[HNOo4UNPBF] figure_7.jpg -> classified as: Plots / Charts
[HNOo4UNPBF] figure_3.jpg -> classified as: Plots / Charts
[HNOo4UNPBF] figure_4.jpg -> classified as: Plots / Charts
[HNOo4UNPBF] figure_1.jpg -> classified as: Architecture Diagram
[HTH3HnJeRC] figure_5.jpg -> classified as: Plots / Charts
[HTH3HnJeRC] figure_6.jpg -> classified as: Plots / Charts
[HTH3HnJeRC] figure_2.jpg -> classified as: Plots / Charts
[HTH3HnJeRC] figure_3.jpg -> classified as: Architecture Diagram
[HTH3HnJeRC] figure_4.jpg -> classified as: Plots / Charts
[HTH3HnJeRC] figure_1.jpg -> classified as: Architecture Diagram
[HTjJpwY5AU] figure_5.jpg -> classified as: Qualitative Examples
[HTjJpwY5AU] figure_6.jpg -> classified as: Qualitative Examples
[HTjJpwY5AU] figure_2.jpg -> classified as: Architecture Diagram
[HTjJpwY5AU] figure_3.jpg -> classified as: Plots / Charts
[HTjJpwY5AU] figure_4.jpg -> classified as: Plots / Charts
[HTjJpwY5AU] figure_1.jpg -> classified as: Architecture Diagram
[HTpyexVwlI] figure_5.jpg -> classified as: Plots / Charts
[HTpyexVwlI] figure_6.jpg -> classified as: Plots / Charts
[HTpyexVwlI] figure_2.jpg -> classified as: Qualitative Examples
[HTpyexVwlI] figure_3.jpg -> classified as: Qualitative Examples
[HTpyexVwlI] figure_4.jpg -> classified as: Plots / Charts
[HTpyexVwlI] figure_1.jpg -> classified as: Architecture Diagram
[HTpyexVwlI] figure_8.jpg -> classified as: Plots / Charts
[HUjFpOgVCK] figure_1.jpg -> classified as: Qualitative Examples
[HVJBFYJrN2] figure_5.jpg -> classified as: Architecture Diagram
[HVJBFYJrN2] figure_6.jpg -> classified as: Plots / Charts
[HVJBFYJrN2] figure_2.jpg -> classified as: Architecture Diagram
[HVJBFYJrN2] figure_7.jpg -> classified as: Plots / Charts
[HVJBFYJrN2] figure_3.jpg -> classified as: Plots / Charts
[HVJBFYJrN2] figure_4.jpg -> classified as: Plots / Charts
[HVJBFYJrN2] figure_1.jpg -> classified as: Plots / Charts
[HW2lIdrvPb] figure_5.jpg -> classified as: Plots / Charts
[HW2lIdrvPb] figure_6.jpg -> classified as: Plots / Charts
[HW2lIdrvPb] figure_2.jpg -> classified as: Qualitative Examples
[HW2lIdrvPb] figure_3.jpg -> classified as: Plots / Charts
[HW2lIdrvPb] figure_4.jpg -> classified as: Plots / Charts
[HW2lIdrvPb] figure_1.jpg -> classified as: Architecture Diagram
[HXWTXXtHNl] figure_19.jpg -> classified as: Qualitative Examples
[HXWTXXtHNl] figure_5.jpg -> classified as: Qualitative Examples
[HXWTXXtHNl] figure_6.jpg -> classified as: Plots / Charts
[HXWTXXtHNl] figure_9.jpg -> classified as: Plots / Charts
[HXWTXXtHNl] figure_22.jpg -> classified as: Qualitative Examples
[HXWTXXtHNl] figure_18.jpg -> classified as: Qualitative Examples
[HXWTXXtHNl] figure_13.jpg -> classified as: Plots / Charts
[HXWTXXtHNl] figure_15.jpg -> classified as: Plots / Charts
[HXWTXXtHNl] figure_2.jpg -> classified as: Plots / Charts
[HXWTXXtHNl] figure_20.jpg -> classified as: Qualitative Examples
[HXWTXXtHNl] figure_11.jpg -> classified as: Plots / Charts
[HXWTXXtHNl] figure_7.jpg -> classified as: Plots / Charts
[HXWTXXtHNl] figure_3.jpg -> classified as: Architecture Diagram
[HXWTXXtHNl] figure_4.jpg -> classified as: Qualitative Examples
[HXWTXXtHNl] figure_17.jpg -> classified as: Qualitative Examples
[HXWTXXtHNl] figure_1.jpg -> classified as: Qualitative Examples
[HXWTXXtHNl] figure_8.jpg -> classified as: Qualitative Examples
[HXWTXXtHNl] figure_12.jpg -> classified as: Plots / Charts
[HXWTXXtHNl] figure_21.jpg -> classified as: Qualitative Examples
[HXWTXXtHNl] figure_14.jpg -> classified as: Plots / Charts
[HXWTXXtHNl] figure_16.jpg -> classified as: Qualitative Examples
[HXWTXXtHNl] figure_10.jpg -> classified as: Plots / Charts
[HXZK1Z8tHa] figure_5.jpg -> classified as: Plots / Charts
[HXZK1Z8tHa] figure_6.jpg -> classified as: Plots / Charts
[HXZK1Z8tHa] figure_9.jpg -> classified as: Qualitative Examples
[HXZK1Z8tHa] figure_group_3,_layer.jpg -> classified as: Plots / Charts
[HXZK1Z8tHa] figure_2.jpg -> classified as: Architecture Diagram
[HXZK1Z8tHa] figure_11.jpg -> classified as: Qualitative Examples
[HXZK1Z8tHa] figure_7.jpg -> classified as: Qualitative Examples
[HXZK1Z8tHa] figure_3.jpg -> classified as: Architecture Diagram
[HXZK1Z8tHa] figure_4.jpg -> classified as: Plots / Charts
[HXZK1Z8tHa] figure_1.jpg -> classified as: Plots / Charts
[HXZK1Z8tHa] figure_8.jpg -> classified as: Qualitative Examples
[HXZK1Z8tHa] figure_12.jpg -> classified as: Qualitative Examples
[HXZK1Z8tHa] figure_10.jpg -> classified as: Qualitative Examples
[HXc5aXeoc8] figure_30.jpg -> classified as: Qualitative Examples
[HXc5aXeoc8] figure_19.jpg -> classified as: Plots / Charts
[HXc5aXeoc8] figure_23.jpg -> classified as: Qualitative Examples
[HXc5aXeoc8] figure_29.jpg -> classified as: Qualitative Examples
[HXc5aXeoc8] figure_24.jpg -> classified as: Qualitative Examples
[HXc5aXeoc8] figure_5.jpg -> classified as: Qualitative Examples
[HXc5aXeoc8] figure_6.jpg -> classified as: Plots / Charts
[HXc5aXeoc8] figure_39.jpg -> classified as: Plots / Charts
[HXc5aXeoc8] figure_22.jpg -> classified as: Plots / Charts
[HXc5aXeoc8] figure_28.jpg -> classified as: Plots / Charts
[HXc5aXeoc8] figure_18.jpg -> classified as: Qualitative Examples
[HXc5aXeoc8] figure_13.jpg -> classified as: Qualitative Examples
[HXc5aXeoc8] figure_15.jpg -> classified as: Plots / Charts
[HXc5aXeoc8] figure_2.jpg -> classified as: Plots / Charts
[HXc5aXeoc8] figure_38.jpg -> classified as: Plots / Charts
[HXc5aXeoc8] figure_20.jpg -> classified as: Plots / Charts
[HXc5aXeoc8] figure_35.jpg -> classified as: Plots / Charts
[HXc5aXeoc8] figure_7.jpg -> classified as: Plots / Charts
[HXc5aXeoc8] figure_34.jpg -> classified as: Plots / Charts
[HXc5aXeoc8] figure_3.jpg -> classified as: Qualitative Examples
[HXc5aXeoc8] figure_33.jpg -> classified as: Plots / Charts
[HXc5aXeoc8] figure_4.jpg -> classified as: Plots / Charts
[HXc5aXeoc8] figure_36.jpg -> classified as: Plots / Charts
[HXc5aXeoc8] figure_31.jpg -> classified as: Plots / Charts
[HXc5aXeoc8] figure_17.jpg -> classified as: Qualitative Examples
[HXc5aXeoc8] figure_1.jpg -> classified as: Qualitative Examples
[HXc5aXeoc8] figure_27.jpg -> classified as: Qualitative Examples
[HXc5aXeoc8] figure_37.jpg -> classified as: Plots / Charts
[HXc5aXeoc8] figure_8.jpg -> classified as: Plots / Charts
[HXc5aXeoc8] figure_12.jpg -> classified as: Plots / Charts
[HXc5aXeoc8] figure_25.jpg -> classified as: Qualitative Examples
[HXc5aXeoc8] figure_21.jpg -> classified as: Plots / Charts
[HXc5aXeoc8] figure_26.jpg -> classified as: Plots / Charts
[HXc5aXeoc8] figure_14.jpg -> classified as: Plots / Charts
[HXc5aXeoc8] figure_32.jpg -> classified as: Qualitative Examples
[HXc5aXeoc8] figure_16.jpg -> classified as: Qualitative Examples
[HXc5aXeoc8] figure_10.jpg -> classified as: Plots / Charts
[HXoq9EqR9e] figure_5.jpg -> classified as: Plots / Charts
[HXoq9EqR9e] figure_6.jpg -> classified as: Plots / Charts
[HXoq9EqR9e] figure_2.jpg -> classified as: Architecture Diagram
[HXoq9EqR9e] figure_7.jpg -> classified as: Plots / Charts
[HXoq9EqR9e] figure_3.jpg -> classified as: Architecture Diagram
[HXoq9EqR9e] figure_4.jpg -> classified as: Architecture Diagram
[HXoq9EqR9e] figure_1.jpg -> classified as: Architecture Diagram
[HZtBP6DZah] figure_5.jpg -> classified as: Qualitative Examples
[HZtBP6DZah] figure_2.jpg -> classified as: Architecture Diagram
[HZtBP6DZah] figure_3.jpg -> classified as: Qualitative Examples
[HZtBP6DZah] figure_4.jpg -> classified as: Plots / Charts
[HZtBP6DZah] figure_1.jpg -> classified as: Qualitative Examples
[HZxJfzs3w6] figure_10_2.jpg -> classified as: Plots / Charts
[HZxJfzs3w6] figure_5.jpg -> classified as: Plots / Charts
[HZxJfzs3w6] figure_6.jpg -> classified as: Qualitative Examples
[HZxJfzs3w6] figure_9.jpg -> classified as: Qualitative Examples
[HZxJfzs3w6] figure_10_1.jpg -> classified as: Qualitative Examples
[HZxJfzs3w6] figure_13.jpg -> classified as: Qualitative Examples
[HZxJfzs3w6] figure_2.jpg -> classified as: Qualitative Examples
[HZxJfzs3w6] figure_11.jpg -> classified as: Qualitative Examples
[HZxJfzs3w6] figure_7.jpg -> classified as: Plots / Charts
[HZxJfzs3w6] figure_3.jpg -> classified as: Plots / Charts
[HZxJfzs3w6] figure_9_1.jpg -> classified as: Qualitative Examples
[HZxJfzs3w6] figure_1.jpg -> classified as: Architecture Diagram
[HZxJfzs3w6] figure_9_2.jpg -> classified as: Qualitative Examples
[HZxJfzs3w6] figure_8.jpg -> classified as: Plots / Charts
[HZxJfzs3w6] figure_12.jpg -> classified as: Plots / Charts
[HZxJfzs3w6] figure_10.jpg -> classified as: Qualitative Examples
[Ha6RTeWMd0] figure_5.jpg -> classified as: Plots / Charts
[Ha6RTeWMd0] figure_6.jpg -> classified as: Plots / Charts
[Ha6RTeWMd0] figure_9.jpg -> classified as: Qualitative Examples
[Ha6RTeWMd0] figure_18.jpg -> classified as: Qualitative Examples
[Ha6RTeWMd0] figure_13.jpg -> classified as: Plots / Charts
[Ha6RTeWMd0] figure_15.jpg -> classified as: Plots / Charts
[Ha6RTeWMd0] figure_2.jpg -> classified as: Qualitative Examples
[Ha6RTeWMd0] figure_11.jpg -> classified as: Qualitative Examples
[Ha6RTeWMd0] figure_7.jpg -> classified as: Architecture Diagram
[Ha6RTeWMd0] figure_3.jpg -> classified as: Architecture Diagram
[Ha6RTeWMd0] figure_4.jpg -> classified as: Qualitative Examples
[Ha6RTeWMd0] figure_17.jpg -> classified as: Qualitative Examples
[Ha6RTeWMd0] figure_1.jpg -> classified as: Architecture Diagram
[Ha6RTeWMd0] figure_8.jpg -> classified as: Architecture Diagram
[Ha6RTeWMd0] figure_12.jpg -> classified as: Qualitative Examples
[Ha6RTeWMd0] figure_14.jpg -> classified as: Plots / Charts
[Ha6RTeWMd0] figure_16.jpg -> classified as: Plots / Charts
[Ha6RTeWMd0] figure_10.jpg -> classified as: Plots / Charts
[HadkNCPhfU] figure_5.jpg -> classified as: Plots / Charts
[HadkNCPhfU] figure_6.jpg -> classified as: Plots / Charts
[HadkNCPhfU] figure_9.jpg -> classified as: Plots / Charts
[HadkNCPhfU] figure_2.jpg -> classified as: Architecture Diagram
[HadkNCPhfU] figure_7.jpg -> classified as: Architecture Diagram
[HadkNCPhfU] figure_3.jpg -> classified as: Qualitative Examples
[HadkNCPhfU] figure_4.jpg -> classified as: Plots / Charts
[HadkNCPhfU] figure_(a)_t-SNE_visualization.jpg -> classified as: Plots / Charts
[HadkNCPhfU] figure_1.jpg -> classified as: Architecture Diagram
[HadkNCPhfU] figure_8.jpg -> classified as: Architecture Diagram
[HadkNCPhfU] figure_10.jpg -> classified as: Plots / Charts
[HbZrxBXzks] figure_5.jpg -> classified as: Qualitative Examples
[HbZrxBXzks] figure_6.jpg -> classified as: Plots / Charts
[HbZrxBXzks] figure_9.jpg -> classified as: Plots / Charts
[HbZrxBXzks] figure_2.jpg -> classified as: Plots / Charts
[HbZrxBXzks] figure_7.jpg -> classified as: Plots / Charts
[HbZrxBXzks] figure_3.jpg -> classified as: Plots / Charts
[HbZrxBXzks] figure_4.jpg -> classified as: Qualitative Examples
[HbZrxBXzks] figure_1.jpg -> classified as: Architecture Diagram
[HbZrxBXzks] figure_8.jpg -> classified as: Plots / Charts
[HbZrxBXzks] figure_10.jpg -> classified as: Plots / Charts
[HdAoLSBYXj] figure_2.jpg -> classified as: Plots / Charts
[HdAoLSBYXj] figure_3.jpg -> classified as: Plots / Charts
[HdAoLSBYXj] figure_4.jpg -> classified as: Plots / Charts
[HdUkF1Qk7g] figure_5.jpg -> classified as: Plots / Charts
[HdUkF1Qk7g] figure_6.jpg -> classified as: Plots / Charts
[HdUkF1Qk7g] figure_9.jpg -> classified as: Plots / Charts
[HdUkF1Qk7g] figure_13.jpg -> classified as: Plots / Charts
[HdUkF1Qk7g] figure_15.jpg -> classified as: Plots / Charts
[HdUkF1Qk7g] figure_2.jpg -> classified as: Architecture Diagram
[HdUkF1Qk7g] figure_11.jpg -> classified as: Plots / Charts
[HdUkF1Qk7g] figure_7.jpg -> classified as: Plots / Charts
[HdUkF1Qk7g] figure_3.jpg -> classified as: Plots / Charts
[HdUkF1Qk7g] figure_4.jpg -> classified as: Plots / Charts
[HdUkF1Qk7g] figure_1.jpg -> classified as: Plots / Charts
[HdUkF1Qk7g] figure_8.jpg -> classified as: Plots / Charts
[HdUkF1Qk7g] figure_12.jpg -> classified as: Plots / Charts
[HdUkF1Qk7g] figure_14.jpg -> classified as: Plots / Charts
[HdUkF1Qk7g] figure_10.jpg -> classified as: Plots / Charts
[He2FGdmsas] figure_6.jpg -> classified as: Plots / Charts
[He2FGdmsas] figure_9.jpg -> classified as: Qualitative Examples
[He2FGdmsas] figure_13.jpg -> classified as: Qualitative Examples
[He2FGdmsas] figure_15.jpg -> classified as: Plots / Charts
[He2FGdmsas] figure_2.jpg -> classified as: Architecture Diagram
[He2FGdmsas] figure_11.jpg -> classified as: Plots / Charts
[He2FGdmsas] figure_7.jpg -> classified as: Plots / Charts
[He2FGdmsas] figure_3.jpg -> classified as: Plots / Charts
[He2FGdmsas] figure_4.jpg -> classified as: Plots / Charts
[He2FGdmsas] figure_1.jpg -> classified as: Architecture Diagram
[He2FGdmsas] figure_8.jpg -> classified as: Plots / Charts
[He2FGdmsas] figure_12.jpg -> classified as: Qualitative Examples
[He2FGdmsas] figure_(a)_ES-Studio_Diverse..jpg -> classified as: Architecture Diagram
[He2FGdmsas] figure_14.jpg -> classified as: Architecture Diagram
[He2FGdmsas] figure_16.jpg -> classified as: Qualitative Examples
[He2FGdmsas] figure_10.jpg -> classified as: Qualitative Examples
[HfJxXbXlYJ] figure_2.jpg -> classified as: Qualitative Examples
[HfJxXbXlYJ] figure_1.jpg -> classified as: Other
  -> Skipping second pass (Other)
[HgZUcwFhjr] figure_5.jpg -> classified as: Plots / Charts
[HgZUcwFhjr] figure_6.jpg -> classified as: Plots / Charts
[HgZUcwFhjr] figure_2.jpg -> classified as: Qualitative Examples
[HgZUcwFhjr] figure_7.jpg -> classified as: Other
  -> Skipping second pass (Other)
[HgZUcwFhjr] figure_3.jpg -> classified as: Architecture Diagram
[HgZUcwFhjr] figure_4.jpg -> classified as: Qualitative Examples
[HgZUcwFhjr] figure_1.jpg -> classified as: Qualitative Examples
[HgZUcwFhjr] figure_8.jpg -> classified as: Qualitative Examples
[HhP9bgCugr] figure_5.jpg -> classified as: Plots / Charts
[HhP9bgCugr] figure_6.jpg -> classified as: Plots / Charts
[HhP9bgCugr] figure_2.jpg -> classified as: Plots / Charts
[HhP9bgCugr] figure_3.jpg -> classified as: Architecture Diagram
[HhP9bgCugr] figure_4.jpg -> classified as: Plots / Charts
[HhP9bgCugr] figure_1.jpg -> classified as: Plots / Charts
[HhfcNgQn6p] figure_5.jpg -> classified as: Plots / Charts
[HhfcNgQn6p] figure_6.jpg -> classified as: Plots / Charts
[HhfcNgQn6p] figure_9.jpg -> classified as: Plots / Charts
[HhfcNgQn6p] figure_2.jpg -> classified as: Plots / Charts
[HhfcNgQn6p] figure_7.jpg -> classified as: Plots / Charts
[HhfcNgQn6p] figure_3.jpg -> classified as: Qualitative Examples
[HhfcNgQn6p] figure_4.jpg -> classified as: Plots / Charts
[HhfcNgQn6p] figure_1.jpg -> classified as: Plots / Charts
[HhfcNgQn6p] figure_8.jpg -> classified as: Plots / Charts
[HiTg16qhxp] figure_5.jpg -> classified as: Plots / Charts
[HiTg16qhxp] figure_2.jpg -> classified as: Plots / Charts
[HiTg16qhxp] figure_3.jpg -> classified as: Plots / Charts
[HiTg16qhxp] figure_4.jpg -> classified as: Plots / Charts
[HiTg16qhxp] figure_1.jpg -> classified as: Plots / Charts
[HjoYVtSkT8] figure_5.jpg -> classified as: Qualitative Examples
[HjoYVtSkT8] figure_6.jpg -> classified as: Qualitative Examples
[HjoYVtSkT8] figure_9.jpg -> classified as: Qualitative Examples
[HjoYVtSkT8] figure_2.jpg -> classified as: Architecture Diagram
[HjoYVtSkT8] figure_7.jpg -> classified as: Other
  -> Skipping second pass (Other)
[HjoYVtSkT8] figure_3.jpg -> classified as: Qualitative Examples
[HjoYVtSkT8] figure_4.jpg -> classified as: Qualitative Examples
[HjoYVtSkT8] figure_1.jpg -> classified as: Plots / Charts
[HjoYVtSkT8] figure_8.jpg -> classified as: Qualitative Examples
[Hlm0cga0sv] figure_5.jpg -> classified as: Qualitative Examples
[Hlm0cga0sv] figure_2.jpg -> classified as: Architecture Diagram
[Hlm0cga0sv] figure_4.jpg -> classified as: Architecture Diagram
[Hlm0cga0sv] figure_1.jpg -> classified as: Qualitative Examples
[HlvruwLQth] figure_5.jpg -> classified as: Plots / Charts
[HlvruwLQth] figure_6.jpg -> classified as: Plots / Charts
[HlvruwLQth] figure_9.jpg -> classified as: Qualitative Examples
[HlvruwLQth] figure_2.jpg -> classified as: Architecture Diagram
[HlvruwLQth] figure_7.jpg -> classified as: Qualitative Examples
[HlvruwLQth] figure_3.jpg -> classified as: Qualitative Examples
[HlvruwLQth] figure_4.jpg -> classified as: Plots / Charts
[HlvruwLQth] figure_1.jpg -> classified as: Qualitative Examples
[HlvruwLQth] figure_8.jpg -> classified as: Qualitative Examples
[HlvruwLQth] figure_10.jpg -> classified as: Qualitative Examples
[Hn5eoTunHN] figure_2.jpg -> classified as: Plots / Charts
[Hn5eoTunHN] figure_3.jpg -> classified as: Plots / Charts
[Hn5eoTunHN] figure_4.jpg -> classified as: Plots / Charts
[Hn5eoTunHN] figure_1.jpg -> classified as: Plots / Charts
[HnVtsfyvap] figure_5.jpg -> classified as: Plots / Charts
[HnVtsfyvap] figure_6.jpg -> classified as: Plots / Charts
[HnVtsfyvap] figure_2.jpg -> classified as: Plots / Charts
[HnVtsfyvap] figure_7.jpg -> classified as: Qualitative Examples
[HnVtsfyvap] figure_3.jpg -> classified as: Plots / Charts
[HnVtsfyvap] figure_4.jpg -> classified as: Plots / Charts
[HnVtsfyvap] figure_1.jpg -> classified as: Architecture Diagram
[HnVtsfyvap] figure_8.jpg -> classified as: Plots / Charts
[HnhNRrLPwm] figure_5.jpg -> classified as: Qualitative Examples
[HnhNRrLPwm] figure_6.jpg -> classified as: Qualitative Examples
[HnhNRrLPwm] figure_9.jpg -> classified as: Other
  -> Skipping second pass (Other)
[HnhNRrLPwm] figure_2.jpg -> classified as: Plots / Charts
[HnhNRrLPwm] figure_11.jpg -> classified as: Plots / Charts
[HnhNRrLPwm] figure_7.jpg -> classified as: Architecture Diagram
[HnhNRrLPwm] figure_3.jpg -> classified as: Architecture Diagram
[HnhNRrLPwm] figure_4.jpg -> classified as: Plots / Charts
[HnhNRrLPwm] figure_1.jpg -> classified as: Other
  -> Skipping second pass (Other)
[HnhNRrLPwm] figure_12.jpg -> classified as: Plots / Charts
[HnhNRrLPwm] figure_14.jpg -> classified as: Qualitative Examples
[HnhNRrLPwm] figure_10.jpg -> classified as: Plots / Charts
[HnpDHiItd2] figure_(b)_Ablation_studies.jpg -> classified as: Plots / Charts
[HnpDHiItd2] figure_(a)_Ablation_studies.jpg -> classified as: Plots / Charts
[HnpDHiItd2] figure_(b)_Ablation_studies_1.jpg -> classified as: Plots / Charts
[HnpDHiItd2] figure_6.jpg -> classified as: Plots / Charts
[HnpDHiItd2] figure_2.jpg -> classified as: Architecture Diagram
[HnpDHiItd2] figure_7.jpg -> classified as: Qualitative Examples
[HnpDHiItd2] figure_3.jpg -> classified as: Architecture Diagram
[HnpDHiItd2] figure_(d)_Ablation_studies.jpg -> classified as: Plots / Charts
[HnpDHiItd2] figure_unnamed_figure.jpg -> classified as: Qualitative Examples
[HnpDHiItd2] figure_1.jpg -> classified as: Architecture Diagram
[HnpDHiItd2] figure_(b)_Accuracy_changes.jpg -> classified as: Plots / Charts
[Hp6f6VKAeP] figure_5.jpg -> classified as: Architecture Diagram
[Hp6f6VKAeP] figure_6.jpg -> classified as: Plots / Charts
[Hp6f6VKAeP] figure_9.jpg -> classified as: Plots / Charts
[Hp6f6VKAeP] figure_13.jpg -> classified as: Architecture Diagram
[Hp6f6VKAeP] figure_2.jpg -> classified as: Architecture Diagram
[Hp6f6VKAeP] figure_11.jpg -> classified as: Plots / Charts
[Hp6f6VKAeP] figure_7.jpg -> classified as: Qualitative Examples
[Hp6f6VKAeP] figure_3.jpg -> classified as: Plots / Charts
[Hp6f6VKAeP] figure_4.jpg -> classified as: Plots / Charts
[Hp6f6VKAeP] figure_1.jpg -> classified as: Architecture Diagram
[Hp6f6VKAeP] figure_8.jpg -> classified as: Plots / Charts
[Hp6f6VKAeP] figure_12.jpg -> classified as: Plots / Charts
[Hp6f6VKAeP] figure_14.jpg -> classified as: Qualitative Examples
[Hp6f6VKAeP] figure_10.jpg -> classified as: Plots / Charts
[Hpu3KIX8Am] figure_6.jpg -> classified as: Plots / Charts
[Hpu3KIX8Am] figure_igure_5__Qualitative.jpg -> classified as: Qualitative Examples
[Hpu3KIX8Am] figure_9.jpg -> classified as: Qualitative Examples
[Hpu3KIX8Am] figure_13.jpg -> classified as: Qualitative Examples
[Hpu3KIX8Am] figure_2.jpg -> classified as: Architecture Diagram
[Hpu3KIX8Am] figure_11.jpg -> classified as: Qualitative Examples
[Hpu3KIX8Am] figure_3.jpg -> classified as: Qualitative Examples
[Hpu3KIX8Am] figure_4.jpg -> classified as: Qualitative Examples
[Hpu3KIX8Am] figure_17.jpg -> classified as: Qualitative Examples
[Hpu3KIX8Am] figure_1.jpg -> classified as: Qualitative Examples
[Hpu3KIX8Am] figure_8.jpg -> classified as: Qualitative Examples
[Hpu3KIX8Am] figure_12.jpg -> classified as: Qualitative Examples
[Hpu3KIX8Am] figure_14.jpg -> classified as: Qualitative Examples
[Hpu3KIX8Am] figure_16.jpg -> classified as: Qualitative Examples
[Hpu3KIX8Am] figure_10.jpg -> classified as: Qualitative Examples
[HqQctXKI7W] figure_5.jpg -> classified as: Plots / Charts
[HqQctXKI7W] figure_6.jpg -> classified as: Qualitative Examples
[HqQctXKI7W] figure_9.jpg -> classified as: Plots / Charts
[HqQctXKI7W] figure_2.jpg -> classified as: Qualitative Examples
[HqQctXKI7W] figure_11.jpg -> classified as: Qualitative Examples
[HqQctXKI7W] figure_7.jpg -> classified as: Qualitative Examples
[HqQctXKI7W] figure_3.jpg -> classified as: Plots / Charts
[HqQctXKI7W] figure_4.jpg -> classified as: Qualitative Examples
[HqQctXKI7W] figure_1.jpg -> classified as: Architecture Diagram
[HqQctXKI7W] figure_8.jpg -> classified as: Plots / Charts
[HqQctXKI7W] figure_12.jpg -> classified as: Qualitative Examples
[HqQctXKI7W] figure_10.jpg -> classified as: Qualitative Examples
[Hu0FSOSEyS] figure_30.jpg -> classified as: Qualitative Examples
[Hu0FSOSEyS] figure_19.jpg -> classified as: Qualitative Examples
[Hu0FSOSEyS] figure_23.jpg -> classified as: Qualitative Examples
[Hu0FSOSEyS] figure_unnamed_figure_1.jpg -> classified as: Qualitative Examples
[Hu0FSOSEyS] figure_29.jpg -> classified as: Qualitative Examples
[Hu0FSOSEyS] figure_24.jpg -> classified as: Qualitative Examples
[Hu0FSOSEyS] figure_5.jpg -> classified as: Qualitative Examples
[Hu0FSOSEyS] figure_6.jpg -> classified as: Qualitative Examples
[Hu0FSOSEyS] figure_9.jpg -> classified as: Qualitative Examples
[Hu0FSOSEyS] figure_Prompt__“a_space.jpg -> classified as: Other
  -> Skipping second pass (Other)
[Hu0FSOSEyS] figure_22.jpg -> classified as: Plots / Charts
[Hu0FSOSEyS] figure_28.jpg -> classified as: Plots / Charts
[Hu0FSOSEyS] figure_18.jpg -> classified as: Qualitative Examples
[Hu0FSOSEyS] figure_13.jpg -> classified as: Plots / Charts
[Hu0FSOSEyS] figure_15.jpg -> classified as: Qualitative Examples
[Hu0FSOSEyS] figure_2.jpg -> classified as: Qualitative Examples
[Hu0FSOSEyS] figure_20.jpg -> classified as: Qualitative Examples
[Hu0FSOSEyS] figure_11.jpg -> classified as: Qualitative Examples
[Hu0FSOSEyS] figure_Prompt__“a_genius.jpg -> classified as: Qualitative Examples
[Hu0FSOSEyS] figure_7.jpg -> classified as: Qualitative Examples
[Hu0FSOSEyS] figure_3.jpg -> classified as: Qualitative Examples
[Hu0FSOSEyS] figure_unnamed_figure.jpg -> classified as: Qualitative Examples
[Hu0FSOSEyS] figure_4.jpg -> classified as: Qualitative Examples
[Hu0FSOSEyS] figure_17.jpg -> classified as: Qualitative Examples
[Hu0FSOSEyS] figure_1.jpg -> classified as: Qualitative Examples
[Hu0FSOSEyS] figure_27.jpg -> classified as: Qualitative Examples
[Hu0FSOSEyS] figure_8.jpg -> classified as: Qualitative Examples
[Hu0FSOSEyS] figure_12.jpg -> classified as: Plots / Charts
[Hu0FSOSEyS] figure_25.jpg -> classified as: Qualitative Examples
[Hu0FSOSEyS] figure_21.jpg -> classified as: Qualitative Examples
[Hu0FSOSEyS] figure_26.jpg -> classified as: Qualitative Examples
[Hu0FSOSEyS] figure_14.jpg -> classified as: Qualitative Examples
[Hu0FSOSEyS] figure_16.jpg -> classified as: Qualitative Examples
[Hu0FSOSEyS] figure_10.jpg -> classified as: Qualitative Examples
[HwwT4HuRSD] figure_2.jpg -> classified as: Architecture Diagram
[HwwT4HuRSD] figure_3.jpg -> classified as: Plots / Charts
[HwwT4HuRSD] figure_4.jpg -> classified as: Plots / Charts
[HwwT4HuRSD] figure_1.jpg -> classified as: Plots / Charts
[HxHrRUHMOD] figure_5.jpg -> classified as: Qualitative Examples
[HxHrRUHMOD] figure_6.jpg -> classified as: Qualitative Examples
[HxHrRUHMOD] figure_9.jpg -> classified as: Qualitative Examples
[HxHrRUHMOD] figure_13.jpg -> classified as: Qualitative Examples
[HxHrRUHMOD] figure_2.jpg -> classified as: Plots / Charts
[HxHrRUHMOD] figure_11.jpg -> classified as: Qualitative Examples
[HxHrRUHMOD] figure_7.jpg -> classified as: Plots / Charts
[HxHrRUHMOD] figure_3.jpg -> classified as: Architecture Diagram
[HxHrRUHMOD] figure_4.jpg -> classified as: Plots / Charts
[HxHrRUHMOD] figure_1.jpg -> classified as: Qualitative Examples
[HxHrRUHMOD] figure_8.jpg -> classified as: Qualitative Examples
[HxHrRUHMOD] figure_12.jpg -> classified as: Plots / Charts
[HxHrRUHMOD] figure_10.jpg -> classified as: Plots / Charts
[HyjIEf90Tn] figure_5.jpg -> classified as: Qualitative Examples
[HyjIEf90Tn] figure_6.jpg -> classified as: Qualitative Examples
[HyjIEf90Tn] figure_(b)_Examples_of.jpg -> classified as: Plots / Charts
[HyjIEf90Tn] figure_7.jpg -> classified as: Qualitative Examples
[HyjIEf90Tn] figure_(a)_Examples_of.jpg -> classified as: Qualitative Examples
[HyjIEf90Tn] figure_(b)_Comparison_of.jpg -> classified as: Qualitative Examples
[HyjIEf90Tn] figure_1.jpg -> classified as: Architecture Diagram
[HyjIEf90Tn] figure_8.jpg -> classified as: Qualitative Examples
[Hz4BYVY8YM] figure_5.jpg -> classified as: Plots / Charts
[Hz4BYVY8YM] figure_6.jpg -> classified as: Plots / Charts
[Hz4BYVY8YM] figure_9.jpg -> classified as: Plots / Charts
[Hz4BYVY8YM] figure_13.jpg -> classified as: Qualitative Examples
[Hz4BYVY8YM] figure_15.jpg -> classified as: Qualitative Examples
[Hz4BYVY8YM] figure_2.jpg -> classified as: Architecture Diagram
[Hz4BYVY8YM] figure_11.jpg -> classified as: Qualitative Examples
[Hz4BYVY8YM] figure_7.jpg -> classified as: Plots / Charts
[Hz4BYVY8YM] figure_3.jpg -> classified as: Plots / Charts
[Hz4BYVY8YM] figure_4.jpg -> classified as: Architecture Diagram
[Hz4BYVY8YM] figure_1.jpg -> classified as: Qualitative Examples
[Hz4BYVY8YM] figure_8.jpg -> classified as: Plots / Charts
[Hz4BYVY8YM] figure_12.jpg -> classified as: Qualitative Examples
[Hz4BYVY8YM] figure_14.jpg -> classified as: Qualitative Examples
[Hz4BYVY8YM] figure_10.jpg -> classified as: Plots / Charts
[I1Gd2d1WXY] figure_5.jpg -> classified as: Plots / Charts
[I1Gd2d1WXY] figure_6.jpg -> classified as: Plots / Charts
[I1Gd2d1WXY] figure_2.jpg -> classified as: Architecture Diagram
[I1Gd2d1WXY] figure_7.jpg -> classified as: Plots / Charts
[I1Gd2d1WXY] figure_3.jpg -> classified as: Architecture Diagram
[I1Gd2d1WXY] figure_4.jpg -> classified as: Architecture Diagram
[I1Gd2d1WXY] figure_1.jpg -> classified as: Architecture Diagram
[I4iZmsV4HM] figure_5.jpg -> classified as: Plots / Charts
[I4iZmsV4HM] figure_6.jpg -> classified as: Plots / Charts
[I4iZmsV4HM] figure_2.jpg -> classified as: Plots / Charts
[I4iZmsV4HM] figure_7.jpg -> classified as: Plots / Charts
[I4iZmsV4HM] figure_3.jpg -> classified as: Plots / Charts
[I4iZmsV4HM] figure_4.jpg -> classified as: Architecture Diagram
[I4iZmsV4HM] figure_1.jpg -> classified as: Qualitative Examples
[I4iZmsV4HM] figure_8.jpg -> classified as: Plots / Charts
[I5S1a1NKxo] figure_2.jpg -> classified as: Architecture Diagram
[I5S1a1NKxo] figure_3.jpg -> classified as: Plots / Charts
[I5S1a1NKxo] figure_4.jpg -> classified as: Qualitative Examples
[I5S1a1NKxo] figure_1.jpg -> classified as: Plots / Charts
[I5lcjmFmlc] figure_2.jpg -> classified as: Plots / Charts
[I5lcjmFmlc] figure_3.jpg -> classified as: Plots / Charts
[I5lcjmFmlc] figure_4.jpg -> classified as: Qualitative Examples
[I5lcjmFmlc] figure_1.jpg -> classified as: Architecture Diagram
[I5p1Gm8GFS] figure_2.jpg -> classified as: Plots / Charts
[I5p1Gm8GFS] figure_3.jpg -> classified as: Plots / Charts
[I5p1Gm8GFS] figure_4.jpg -> classified as: Plots / Charts
[I5p1Gm8GFS] figure_1.jpg -> classified as: Architecture Diagram
[I5webNFDgQ] figure_5.jpg -> classified as: Qualitative Examples
[I5webNFDgQ] figure_6.jpg -> classified as: Qualitative Examples
[I5webNFDgQ] figure_9.jpg -> classified as: Qualitative Examples
[I5webNFDgQ] figure_2.jpg -> classified as: Architecture Diagram
[I5webNFDgQ] figure_11.jpg -> classified as: Plots / Charts
[I5webNFDgQ] figure_3.jpg -> classified as: Qualitative Examples
[I5webNFDgQ] figure_4.jpg -> classified as: Qualitative Examples
[I5webNFDgQ] figure_1.jpg -> classified as: Architecture Diagram
[I5webNFDgQ] figure_10.jpg -> classified as: Plots / Charts
[I86z54CL2y] figure_5.jpg -> classified as: Qualitative Examples
[I86z54CL2y] figure_6.jpg -> classified as: Qualitative Examples
[I86z54CL2y] figure_2.jpg -> classified as: Architecture Diagram
[I86z54CL2y] figure_3.jpg -> classified as: Architecture Diagram
[I86z54CL2y] figure_4.jpg -> classified as: Qualitative Examples
[I86z54CL2y] figure_1.jpg -> classified as: Qualitative Examples
[IARgA4HqjJ] figure_5.jpg -> classified as: Qualitative Examples
[IARgA4HqjJ] figure_6.jpg -> classified as: Qualitative Examples
[IARgA4HqjJ] figure_9.jpg -> classified as: Architecture Diagram
[IARgA4HqjJ] figure_2.jpg -> classified as: Plots / Charts
[IARgA4HqjJ] figure_7.jpg -> classified as: Qualitative Examples
[IARgA4HqjJ] figure_3.jpg -> classified as: Other
  -> Skipping second pass (Other)
[IARgA4HqjJ] figure_4.jpg -> classified as: Qualitative Examples
[IARgA4HqjJ] figure_1.jpg -> classified as: Other
  -> Skipping second pass (Other)
[IARgA4HqjJ] figure_8.jpg -> classified as: Plots / Charts
[IARgA4HqjJ] figure_10.jpg -> classified as: Plots / Charts
[IAZVktzmG5] figure_5.jpg -> classified as: Plots / Charts
[IAZVktzmG5] figure_2.jpg -> classified as: Qualitative Examples
[IAZVktzmG5] figure_3.jpg -> classified as: Plots / Charts
[IAZVktzmG5] figure_4.jpg -> classified as: Qualitative Examples
[IAZVktzmG5] figure_1.jpg -> classified as: Architecture Diagram
[IAkflJmNrC] figure_5.jpg -> classified as: Plots / Charts
[IAkflJmNrC] figure_6.jpg -> classified as: Plots / Charts
[IAkflJmNrC] figure_9.jpg -> classified as: Plots / Charts
[IAkflJmNrC] figure_2.jpg -> classified as: Architecture Diagram
[IAkflJmNrC] figure_11.jpg -> classified as: Plots / Charts
[IAkflJmNrC] figure_7.jpg -> classified as: Plots / Charts
[IAkflJmNrC] figure_3.jpg -> classified as: Plots / Charts
[IAkflJmNrC] figure_4.jpg -> classified as: Plots / Charts
[IAkflJmNrC] figure_1.jpg -> classified as: Plots / Charts
[IAkflJmNrC] figure_8.jpg -> classified as: Plots / Charts
[IAkflJmNrC] figure_10.jpg -> classified as: Plots / Charts
[IB1HqbA2Pn] figure_5.jpg -> classified as: Teaser Image
[IB1HqbA2Pn] figure_9.jpg -> classified as: Qualitative Examples
[IB1HqbA2Pn] figure_13.jpg -> classified as: Qualitative Examples
[IB1HqbA2Pn] figure_15.jpg -> classified as: Qualitative Examples
[IB1HqbA2Pn] figure_2.jpg -> classified as: Architecture Diagram
[IB1HqbA2Pn] figure_11.jpg -> classified as: Qualitative Examples
[IB1HqbA2Pn] figure_7.jpg -> classified as: Qualitative Examples
[IB1HqbA2Pn] figure_3.jpg -> classified as: Qualitative Examples
[IB1HqbA2Pn] figure_4.jpg -> classified as: Qualitative Examples
[IB1HqbA2Pn] figure_17.jpg -> classified as: Qualitative Examples
[IB1HqbA2Pn] figure_1.jpg -> classified as: Qualitative Examples
[IB1HqbA2Pn] figure_8.jpg -> classified as: Qualitative Examples
[IB1HqbA2Pn] figure_12.jpg -> classified as: Other
  -> Skipping second pass (Other)
[IB1HqbA2Pn] figure_14.jpg -> classified as: Qualitative Examples
[IB1HqbA2Pn] figure_16.jpg -> classified as: Qualitative Examples
[ICR3swcnaa] figure_5.jpg -> classified as: Architecture Diagram
[ICR3swcnaa] figure_2.jpg -> classified as: Architecture Diagram
[ICR3swcnaa] figure_3.jpg -> classified as: Architecture Diagram
[ICR3swcnaa] figure_4.jpg -> classified as: Architecture Diagram
[ICR3swcnaa] figure_1.jpg -> classified as: Architecture Diagram
[IEMmEd5Jgm] figure_5.jpg -> classified as: Qualitative Examples
[IEMmEd5Jgm] figure_6.jpg -> classified as: Qualitative Examples
[IEMmEd5Jgm] figure_2.jpg -> classified as: Architecture Diagram
[IEMmEd5Jgm] figure_7.jpg -> classified as: Plots / Charts
[IEMmEd5Jgm] figure_3.jpg -> classified as: Architecture Diagram
[IEMmEd5Jgm] figure_4.jpg -> classified as: Qualitative Examples
[IEMmEd5Jgm] figure_1.jpg -> classified as: Plots / Charts
[IEMmEd5Jgm] figure_8.jpg -> classified as: Qualitative Examples
[IHedM0Zem9] figure_5.jpg -> classified as: Plots / Charts
[IHedM0Zem9] figure_6.jpg -> classified as: Plots / Charts
[IHedM0Zem9] figure_9.jpg -> classified as: Plots / Charts
[IHedM0Zem9] figure_2.jpg -> classified as: Plots / Charts
[IHedM0Zem9] figure_7.jpg -> classified as: Plots / Charts
[IHedM0Zem9] figure_3.jpg -> classified as: Plots / Charts
[IHedM0Zem9] figure_4.jpg -> classified as: Plots / Charts
[IHedM0Zem9] figure_1.jpg -> classified as: Architecture Diagram
[IHedM0Zem9] figure_8.jpg -> classified as: Plots / Charts
[IJBsKYXaH4] figure_5.jpg -> classified as: Qualitative Examples
[IJBsKYXaH4] figure_6.jpg -> classified as: Plots / Charts
[IJBsKYXaH4] figure_2.jpg -> classified as: Plots / Charts
[IJBsKYXaH4] figure_7.jpg -> classified as: Qualitative Examples
[IJBsKYXaH4] figure_3.jpg -> classified as: Plots / Charts
[IJBsKYXaH4] figure_4.jpg -> classified as: Plots / Charts
[IJBsKYXaH4] figure_1.jpg -> classified as: Qualitative Examples
[ILSZZNlbqw] figure_2.jpg -> classified as: Plots / Charts
[ILSZZNlbqw] figure_3.jpg -> classified as: Plots / Charts
[ILSZZNlbqw] figure_4.jpg -> classified as: Plots / Charts
[ILSZZNlbqw] figure_1.jpg -> classified as: Architecture Diagram
[INqLJwqUmc] figure_2.jpg -> classified as: Qualitative Examples
[INqLJwqUmc] figure_1.jpg -> classified as: Qualitative Examples
[IOrnCVIKIZ] figure_A_2.jpg -> classified as: Plots / Charts
[IOrnCVIKIZ] figure_A.jpg -> classified as: Plots / Charts
[IOrnCVIKIZ] figure_5.jpg -> classified as: Plots / Charts
[IOrnCVIKIZ] figure_A_3.jpg -> classified as: Plots / Charts
[IOrnCVIKIZ] figure_2.jpg -> classified as: Plots / Charts
[IOrnCVIKIZ] figure_A_1.jpg -> classified as: Plots / Charts
[IOrnCVIKIZ] figure_4.jpg -> classified as: Qualitative Examples
[IOrnCVIKIZ] figure_1.jpg -> classified as: Qualitative Examples
[IOrnCVIKIZ] figure_A_4.jpg -> classified as: Qualitative Examples
[IQ0BBfbYR2] figure_5.jpg -> classified as: Qualitative Examples
[IQ0BBfbYR2] figure_6.jpg -> classified as: Qualitative Examples
[IQ0BBfbYR2] figure_2.jpg -> classified as: Architecture Diagram
[IQ0BBfbYR2] figure_7.jpg -> classified as: Plots / Charts
[IQ0BBfbYR2] figure_3.jpg -> classified as: Plots / Charts
[IQ0BBfbYR2] figure_4.jpg -> classified as: Plots / Charts
[IQ0BBfbYR2] figure_1.jpg -> classified as: Qualitative Examples
[IRcv4yFX6z] figure_19.jpg -> classified as: Architecture Diagram
[IRcv4yFX6z] figure_23.jpg -> classified as: Qualitative Examples
[IRcv4yFX6z] figure_5.jpg -> classified as: Qualitative Examples
[IRcv4yFX6z] figure_6.jpg -> classified as: Qualitative Examples
[IRcv4yFX6z] figure_9.jpg -> classified as: Plots / Charts
[IRcv4yFX6z] figure_22.jpg -> classified as: Qualitative Examples
[IRcv4yFX6z] figure_18.jpg -> classified as: Architecture Diagram
[IRcv4yFX6z] figure_13.jpg -> classified as: Qualitative Examples
[IRcv4yFX6z] figure_15.jpg -> classified as: Qualitative Examples
[IRcv4yFX6z] figure_2.jpg -> classified as: Architecture Diagram
[IRcv4yFX6z] figure_20.jpg -> classified as: Qualitative Examples
[IRcv4yFX6z] figure_11.jpg -> classified as: Qualitative Examples
[IRcv4yFX6z] figure_7.jpg -> classified as: Qualitative Examples
[IRcv4yFX6z] figure_3.jpg -> classified as: Architecture Diagram
[IRcv4yFX6z] figure_4.jpg -> classified as: Architecture Diagram
[IRcv4yFX6z] figure_1.jpg -> classified as: Qualitative Examples
[IRcv4yFX6z] figure_8.jpg -> classified as: Qualitative Examples
[IRcv4yFX6z] figure_12.jpg -> classified as: Qualitative Examples
[IRcv4yFX6z] figure_21.jpg -> classified as: Qualitative Examples
[IRcv4yFX6z] figure_14.jpg -> classified as: Qualitative Examples
[IRcv4yFX6z] figure_16.jpg -> classified as: Architecture Diagram
[IRcv4yFX6z] figure_10.jpg -> classified as: Qualitative Examples
[ISq7Hnln0t] figure_2.jpg -> classified as: Qualitative Examples
[ISq7Hnln0t] figure_3.jpg -> classified as: Qualitative Examples
[ISq7Hnln0t] figure_4.jpg -> classified as: Plots / Charts
[ISq7Hnln0t] figure_1.jpg -> classified as: Architecture Diagram
[ISrxxvXJQO] figure_5.jpg -> classified as: Qualitative Examples
[ISrxxvXJQO] figure_6.jpg -> classified as: Plots / Charts
[ISrxxvXJQO] figure_2.jpg -> classified as: Architecture Diagram
[ISrxxvXJQO] figure_7.jpg -> classified as: Qualitative Examples
[ISrxxvXJQO] figure_3.jpg -> classified as: Plots / Charts
[ISrxxvXJQO] figure_4.jpg -> classified as: Plots / Charts
[ISrxxvXJQO] figure_1.jpg -> classified as: Architecture Diagram
[ITq4ZRUT4a] figure_5.jpg -> classified as: Qualitative Examples
[ITq4ZRUT4a] figure_6.jpg -> classified as: Qualitative Examples
[ITq4ZRUT4a] figure_9.jpg -> classified as: Qualitative Examples
[ITq4ZRUT4a] figure_2.jpg -> classified as: Qualitative Examples
[ITq4ZRUT4a] figure_11.jpg -> classified as: Qualitative Examples
[ITq4ZRUT4a] figure_3.jpg -> classified as: Plots / Charts
[ITq4ZRUT4a] figure_4.jpg -> classified as: Plots / Charts
[ITq4ZRUT4a] figure_1.jpg -> classified as: Qualitative Examples
[ITq4ZRUT4a] figure_12.jpg -> classified as: Qualitative Examples
[IWpLQfZ8Xg] figure_5.jpg -> classified as: Plots / Charts
[IWpLQfZ8Xg] figure_2.jpg -> classified as: Plots / Charts
[IWpLQfZ8Xg] figure_3.jpg -> classified as: Plots / Charts
[IWpLQfZ8Xg] figure_4.jpg -> classified as: Plots / Charts
[IWpLQfZ8Xg] figure_1.jpg -> classified as: Plots / Charts
[IZMPWmcS3H] figure_19.jpg -> classified as: Qualitative Examples
[IZMPWmcS3H] figure_Fantasia3D_1.jpg -> classified as: Other
  -> Skipping second pass (Other)
[IZMPWmcS3H] figure_5.jpg -> classified as: Qualitative Examples
[IZMPWmcS3H] figure_6.jpg -> classified as: Qualitative Examples
[IZMPWmcS3H] figure_9.jpg -> classified as: Qualitative Examples
[IZMPWmcS3H] figure_22.jpg -> classified as: Qualitative Examples
[IZMPWmcS3H] figure_18.jpg -> classified as: Qualitative Examples
[IZMPWmcS3H] figure_13.jpg -> classified as: Qualitative Examples
[IZMPWmcS3H] figure_15.jpg -> classified as: Other
  -> Skipping second pass (Other)
[IZMPWmcS3H] figure_2.jpg -> classified as: Architecture Diagram
[IZMPWmcS3H] figure_20.jpg -> classified as: Qualitative Examples
[IZMPWmcS3H] figure_11.jpg -> classified as: Qualitative Examples
[IZMPWmcS3H] figure_7.jpg -> classified as: Qualitative Examples
[IZMPWmcS3H] figure_3.jpg -> classified as: Plots / Charts
[IZMPWmcS3H] figure_4.jpg -> classified as: Qualitative Examples
[IZMPWmcS3H] figure_Fantasia3D.jpg -> classified as: Other
  -> Skipping second pass (Other)
[IZMPWmcS3H] figure_Fantasia3D_2.jpg -> classified as: Other
  -> Skipping second pass (Other)
[IZMPWmcS3H] figure_17.jpg -> classified as: Qualitative Examples
[IZMPWmcS3H] figure_1.jpg -> classified as: Qualitative Examples
[IZMPWmcS3H] figure_8.jpg -> classified as: Qualitative Examples
[IZMPWmcS3H] figure_12.jpg -> classified as: Qualitative Examples
[IZMPWmcS3H] figure_21.jpg -> classified as: Qualitative Examples
[IZMPWmcS3H] figure_14.jpg -> classified as: Qualitative Examples
[IZMPWmcS3H] figure_16.jpg -> classified as: Qualitative Examples
[IZMPWmcS3H] figure_10.jpg -> classified as: Qualitative Examples
[IZOeRDS6zU] figure_A_2.jpg -> classified as: Architecture Diagram
[IZOeRDS6zU] figure_A.jpg -> classified as: Qualitative Examples
[IZOeRDS6zU] figure_5.jpg -> classified as: Qualitative Examples
[IZOeRDS6zU] figure_6.jpg -> classified as: Qualitative Examples
[IZOeRDS6zU] figure_A_9.jpg -> classified as: Plots / Charts
[IZOeRDS6zU] figure_A_3.jpg -> classified as: Plots / Charts
[IZOeRDS6zU] figure_9.jpg -> classified as: Plots / Charts
[IZOeRDS6zU] figure_A_12.jpg -> classified as: Qualitative Examples
[IZOeRDS6zU] figure_A_10.jpg -> classified as: Qualitative Examples
[IZOeRDS6zU] figure_(a)_Performance_across.jpg -> classified as: Plots / Charts
[IZOeRDS6zU] figure_2.jpg -> classified as: Architecture Diagram
[IZOeRDS6zU] figure_A_6.jpg -> classified as: Qualitative Examples
[IZOeRDS6zU] figure_A_8.jpg -> classified as: Plots / Charts
[IZOeRDS6zU] figure_A_7.jpg -> classified as: Qualitative Examples
[IZOeRDS6zU] figure_A_1.jpg -> classified as: Qualitative Examples
[IZOeRDS6zU] figure_A_5.jpg -> classified as: Qualitative Examples
[IZOeRDS6zU] figure_7.jpg -> classified as: Qualitative Examples
[IZOeRDS6zU] figure_3.jpg -> classified as: Plots / Charts
[IZOeRDS6zU] figure_4.jpg -> classified as: Architecture Diagram
[IZOeRDS6zU] figure_1.jpg -> classified as: Qualitative Examples
[IZOeRDS6zU] figure_A_4.jpg -> classified as: Architecture Diagram
[IZOeRDS6zU] figure_(b)_Performance_across.jpg -> classified as: Plots / Charts
[IZOeRDS6zU] figure_8.jpg -> classified as: Qualitative Examples
[IZOeRDS6zU] figure_A_11.jpg -> classified as: Plots / Charts
[IZVCzCWwoY] figure_2.jpg -> classified as: Qualitative Examples
[IZVCzCWwoY] figure_3.jpg -> classified as: Qualitative Examples
[IZVCzCWwoY] figure_4.jpg -> classified as: Qualitative Examples
[IZVCzCWwoY] figure_1.jpg -> classified as: Architecture Diagram
[IZbLMHbOQg] figure_5.jpg -> classified as: Qualitative Examples
[IZbLMHbOQg] figure_6.jpg -> classified as: Qualitative Examples
[IZbLMHbOQg] figure_9.jpg -> classified as: Qualitative Examples
[IZbLMHbOQg] figure_2.jpg -> classified as: Architecture Diagram
[IZbLMHbOQg] figure_7.jpg -> classified as: Plots / Charts
[IZbLMHbOQg] figure_3.jpg -> classified as: Qualitative Examples
[IZbLMHbOQg] figure_4.jpg -> classified as: Qualitative Examples
[IZbLMHbOQg] figure_1.jpg -> classified as: Qualitative Examples
[IZbLMHbOQg] figure_8.jpg -> classified as: Qualitative Examples
[IcPkW3QNW2] figure_5.jpg -> classified as: Qualitative Examples
[IcPkW3QNW2] figure_6.jpg -> classified as: Qualitative Examples
[IcPkW3QNW2] figure_2.jpg -> classified as: Architecture Diagram
[IcPkW3QNW2] figure_7.jpg -> classified as: Qualitative Examples
[IcPkW3QNW2] figure_3.jpg -> classified as: Qualitative Examples
[IcPkW3QNW2] figure_4.jpg -> classified as: Qualitative Examples
[IcPkW3QNW2] figure_1.jpg -> classified as: Other
  -> Skipping second pass (Other)
[IcPkW3QNW2] figure_8.jpg -> classified as: Qualitative Examples
[IcYDRzcccP] figure_5.jpg -> classified as: Qualitative Examples
[IcYDRzcccP] figure_6.jpg -> classified as: Qualitative Examples
[IcYDRzcccP] figure_9.jpg -> classified as: Qualitative Examples
[IcYDRzcccP] figure_13.jpg -> classified as: Qualitative Examples
[IcYDRzcccP] figure_2.jpg -> classified as: Plots / Charts
[IcYDRzcccP] figure_11.jpg -> classified as: Qualitative Examples
[IcYDRzcccP] figure_7.jpg -> classified as: Qualitative Examples
[IcYDRzcccP] figure_3.jpg -> classified as: Qualitative Examples
[IcYDRzcccP] figure_4.jpg -> classified as: Plots / Charts
[IcYDRzcccP] figure_1.jpg -> classified as: Architecture Diagram
[IcYDRzcccP] figure_8.jpg -> classified as: Qualitative Examples
[IcYDRzcccP] figure_12.jpg -> classified as: Qualitative Examples
[IcYDRzcccP] figure_14.jpg -> classified as: Qualitative Examples
[IcYDRzcccP] figure_10.jpg -> classified as: Qualitative Examples
[IfPfUHRowT] figure_5.jpg -> classified as: Plots / Charts
[IfPfUHRowT] figure_6.jpg -> classified as: Plots / Charts
[IfPfUHRowT] figure_9.jpg -> classified as: Qualitative Examples
[IfPfUHRowT] figure_2.jpg -> classified as: Architecture Diagram
[IfPfUHRowT] figure_7.jpg -> classified as: Qualitative Examples
[IfPfUHRowT] figure_3.jpg -> classified as: Plots / Charts
[IfPfUHRowT] figure_4.jpg -> classified as: Qualitative Examples
[IfPfUHRowT] figure_1.jpg -> classified as: Architecture Diagram
[IfPfUHRowT] figure_8.jpg -> classified as: Plots / Charts
[IfPfUHRowT] figure_10.jpg -> classified as: Qualitative Examples
[Iip7rt9UL3] figure_5.jpg -> classified as: Plots / Charts
[Iip7rt9UL3] figure_6.jpg -> classified as: Architecture Diagram
[Iip7rt9UL3] figure_2.jpg -> classified as: Qualitative Examples
[Iip7rt9UL3] figure_7.jpg -> classified as: Plots / Charts
[Iip7rt9UL3] figure_3.jpg -> classified as: Plots / Charts
[Iip7rt9UL3] figure_4.jpg -> classified as: Plots / Charts
[Iip7rt9UL3] figure_1.jpg -> classified as: Architecture Diagram
[Iip7rt9UL3] figure_8.jpg -> classified as: Qualitative Examples
[IiwyThOFXL] figure_5.jpg -> classified as: Plots / Charts
[IiwyThOFXL] figure_6.jpg -> classified as: Plots / Charts
[IiwyThOFXL] figure_9.jpg -> classified as: Plots / Charts
[IiwyThOFXL] figure_15.jpg -> classified as: Qualitative Examples
[IiwyThOFXL] figure_2.jpg -> classified as: Architecture Diagram
[IiwyThOFXL] figure_11.jpg -> classified as: Plots / Charts
[IiwyThOFXL] figure_7.jpg -> classified as: Qualitative Examples
[IiwyThOFXL] figure_3.jpg -> classified as: Architecture Diagram
[IiwyThOFXL] figure_4.jpg -> classified as: Architecture Diagram
[IiwyThOFXL] figure_1.jpg -> classified as: Qualitative Examples
[IiwyThOFXL] figure_8.jpg -> classified as: Qualitative Examples
[IiwyThOFXL] figure_12.jpg -> classified as: Plots / Charts
[IiwyThOFXL] figure_14.jpg -> classified as: Qualitative Examples
[IiwyThOFXL] figure_16.jpg -> classified as: Qualitative Examples
[IiwyThOFXL] figure_10.jpg -> classified as: Plots / Charts
[IjLumaGZ4h] figure_5.jpg -> classified as: Qualitative Examples
[IjLumaGZ4h] figure_6.jpg -> classified as: Qualitative Examples
[IjLumaGZ4h] figure_2.jpg -> classified as: Architecture Diagram
[IjLumaGZ4h] figure_7.jpg -> classified as: Plots / Charts
[IjLumaGZ4h] figure_3.jpg -> classified as: Plots / Charts
[IjLumaGZ4h] figure_4.jpg -> classified as: Qualitative Examples
[IjLumaGZ4h] figure_1.jpg -> classified as: Plots / Charts
[IjLumaGZ4h] figure_8.jpg -> classified as: Qualitative Examples
[IkZVDzdC8M] figure_5.jpg -> classified as: Plots / Charts
[IkZVDzdC8M] figure_(c)_Failure__after.jpg -> classified as: Qualitative Examples
[IkZVDzdC8M] figure_6.jpg -> classified as: Qualitative Examples
[IkZVDzdC8M] figure_(b)_After_horizontal.jpg -> classified as: Plots / Charts
[IkZVDzdC8M] figure_2.jpg -> classified as: Architecture Diagram
[IkZVDzdC8M] figure_11.jpg -> classified as: Qualitative Examples
[IkZVDzdC8M] figure_7.jpg -> classified as: Qualitative Examples
[IkZVDzdC8M] figure_3.jpg -> classified as: Qualitative Examples
[IkZVDzdC8M] figure_5_1.jpg -> classified as: Plots / Charts
[IkZVDzdC8M] figure_1.jpg -> classified as: Plots / Charts
[IkZVDzdC8M] figure_12.jpg -> classified as: Qualitative Examples
[IkZVDzdC8M] figure_10.jpg -> classified as: Qualitative Examples
[Il5DjZmLzp] figure_5.jpg -> classified as: Plots / Charts
[Il5DjZmLzp] figure_6.jpg -> classified as: Plots / Charts
[Il5DjZmLzp] figure_9.jpg -> classified as: Plots / Charts
[Il5DjZmLzp] figure_2.jpg -> classified as: Architecture Diagram
[Il5DjZmLzp] figure_7.jpg -> classified as: Plots / Charts
[Il5DjZmLzp] figure_3.jpg -> classified as: Plots / Charts
[Il5DjZmLzp] figure_4.jpg -> classified as: Plots / Charts
[Il5DjZmLzp] figure_1.jpg -> classified as: Other
  -> Skipping second pass (Other)
[Il5DjZmLzp] figure_8.jpg -> classified as: Plots / Charts
[Im2neAMlre] figure_2.jpg -> classified as: Plots / Charts
[Im2neAMlre] figure_3.jpg -> classified as: Plots / Charts
[Im2neAMlre] figure_1.jpg -> classified as: Qualitative Examples
[ImpeMDJfVL] figure_19.jpg -> classified as: Qualitative Examples
[ImpeMDJfVL] figure_5.jpg -> classified as: Plots / Charts
[ImpeMDJfVL] figure_6.jpg -> classified as: Plots / Charts
[ImpeMDJfVL] figure_9.jpg -> classified as: Architecture Diagram
[ImpeMDJfVL] figure_18.jpg -> classified as: Qualitative Examples
[ImpeMDJfVL] figure_13.jpg -> classified as: Qualitative Examples
[ImpeMDJfVL] figure_15.jpg -> classified as: Qualitative Examples
[ImpeMDJfVL] figure_2.jpg -> classified as: Other
  -> Skipping second pass (Other)
[ImpeMDJfVL] figure_11.jpg -> classified as: Architecture Diagram
[ImpeMDJfVL] figure_7.jpg -> classified as: Plots / Charts
[ImpeMDJfVL] figure_3.jpg -> classified as: Plots / Charts
[ImpeMDJfVL] figure_17.jpg -> classified as: Qualitative Examples
[ImpeMDJfVL] figure_1.jpg -> classified as: Qualitative Examples
[ImpeMDJfVL] figure_8.jpg -> classified as: Plots / Charts
[ImpeMDJfVL] figure_12.jpg -> classified as: Qualitative Examples
[ImpeMDJfVL] figure_14.jpg -> classified as: Qualitative Examples
[ImpeMDJfVL] figure_16.jpg -> classified as: Qualitative Examples
[ImpeMDJfVL] figure_10.jpg -> classified as: Other
  -> Skipping second pass (Other)
[IoKRezZMxF] figure_2.jpg -> classified as: Architecture Diagram
[IoKRezZMxF] figure_3.jpg -> classified as: Architecture Diagram
[IoKRezZMxF] figure_4.jpg -> classified as: Plots / Charts
[IoKRezZMxF] figure_1.jpg -> classified as: Qualitative Examples
[IqGVIU4rvM] figure_5.jpg -> classified as: Qualitative Examples
[IqGVIU4rvM] figure_3.jpg -> classified as: Qualitative Examples
[IqGVIU4rvM] figure_4.jpg -> classified as: Qualitative Examples
[IqGVIU4rvM] figure_1.jpg -> classified as: Architecture Diagram
[IqHeDe2lbl] figure_5.jpg -> classified as: Plots / Charts
[IqHeDe2lbl] figure_6.jpg -> classified as: Plots / Charts
[IqHeDe2lbl] figure_9.jpg -> classified as: Qualitative Examples
[IqHeDe2lbl] figure_2.jpg -> classified as: Plots / Charts
[IqHeDe2lbl] figure_7.jpg -> classified as: Plots / Charts
[IqHeDe2lbl] figure_3.jpg -> classified as: Plots / Charts
[IqHeDe2lbl] figure_4.jpg -> classified as: Plots / Charts
[IqHeDe2lbl] figure_1.jpg -> classified as: Plots / Charts
[IqHeDe2lbl] figure_8.jpg -> classified as: Plots / Charts
[IqHeDe2lbl] figure_10.jpg -> classified as: Qualitative Examples
[IryGDUHxDE] figure_5.jpg -> classified as: Plots / Charts
[IryGDUHxDE] figure_6.jpg -> classified as: Plots / Charts
[IryGDUHxDE] figure_9.jpg -> classified as: Teaser Image
[IryGDUHxDE] figure_2.jpg -> classified as: Plots / Charts
[IryGDUHxDE] figure_7.jpg -> classified as: Architecture Diagram
[IryGDUHxDE] figure_3.jpg -> classified as: Plots / Charts
[IryGDUHxDE] figure_4.jpg -> classified as: Plots / Charts
[IryGDUHxDE] figure_1.jpg -> classified as: Architecture Diagram
[IwgmgidYPS] figure_5.jpg -> classified as: Qualitative Examples
[IwgmgidYPS] figure_6.jpg -> classified as: Qualitative Examples
[IwgmgidYPS] figure_9.jpg -> classified as: Qualitative Examples
[IwgmgidYPS] figure_13.jpg -> classified as: Other
  -> Skipping second pass (Other)
[IwgmgidYPS] figure_2.jpg -> classified as: Architecture Diagram
[IwgmgidYPS] figure_11.jpg -> classified as: Qualitative Examples
[IwgmgidYPS] figure_3.jpg -> classified as: Qualitative Examples
[IwgmgidYPS] figure_4.jpg -> classified as: Qualitative Examples
[IwgmgidYPS] figure_(b)_A_healthy.jpg -> classified as: Qualitative Examples
[IwgmgidYPS] figure_1.jpg -> classified as: Qualitative Examples
[IwgmgidYPS] figure_8.jpg -> classified as: Plots / Charts
[IwgmgidYPS] figure_12.jpg -> classified as: Other
  -> Skipping second pass (Other)
[IwgmgidYPS] figure_14.jpg -> classified as: Other
  -> Skipping second pass (Other)
[IwgmgidYPS] figure_10.jpg -> classified as: Qualitative Examples
[IxpTsFS7mh] figure_2.jpg -> classified as: Plots / Charts
[IxpTsFS7mh] figure_3.jpg -> classified as: Plots / Charts
[IxpTsFS7mh] figure_1.jpg -> classified as: Architecture Diagram
[IzQB2pIa3F] figure_“masterpiece,_intricate_detail,.jpg -> classified as: Qualitative Examples
[IzQB2pIa3F] figure_5.jpg -> classified as: Plots / Charts
[IzQB2pIa3F] figure_A_scientific_perspective.jpg -> classified as: Qualitative Examples
[IzQB2pIa3F] figure_2.jpg -> classified as: Plots / Charts
[IzQB2pIa3F] figure_7.jpg -> classified as: Plots / Charts
[IzQB2pIa3F] figure_3.jpg -> classified as: Qualitative Examples
[IzQB2pIa3F] figure_“A_photo_of.jpg -> classified as: Qualitative Examples
[IzQB2pIa3F] figure_“8k_digital_nature.jpg -> classified as: Qualitative Examples
[IzQB2pIa3F] figure_1.jpg -> classified as: Architecture Diagram
[IzrLkbq1dc] figure_5.jpg -> classified as: Plots / Charts
[IzrLkbq1dc] figure_6.jpg -> classified as: Plots / Charts
[IzrLkbq1dc] figure_2.jpg -> classified as: Plots / Charts
[IzrLkbq1dc] figure_7.jpg -> classified as: Plots / Charts
[IzrLkbq1dc] figure_3.jpg -> classified as: Plots / Charts
[IzrLkbq1dc] figure_4.jpg -> classified as: Plots / Charts
[IzrLkbq1dc] figure_1.jpg -> classified as: Plots / Charts
[J0qgRZQJYX] figure_5.jpg -> classified as: Plots / Charts
[J0qgRZQJYX] figure_2.jpg -> classified as: Plots / Charts
[J0qgRZQJYX] figure_3.jpg -> classified as: Plots / Charts
[J0qgRZQJYX] figure_4.jpg -> classified as: Plots / Charts
[J0qgRZQJYX] figure_1.jpg -> classified as: Plots / Charts
[J19jKa3wFj] figure_5.jpg -> classified as: Plots / Charts
[J19jKa3wFj] figure_6.jpg -> classified as: Plots / Charts
[J19jKa3wFj] figure_9.jpg -> classified as: Plots / Charts
[J19jKa3wFj] figure_2.jpg -> classified as: Plots / Charts
[J19jKa3wFj] figure_11.jpg -> classified as: Plots / Charts
[J19jKa3wFj] figure_7.jpg -> classified as: Plots / Charts
[J19jKa3wFj] figure_3.jpg -> classified as: Plots / Charts
[J19jKa3wFj] figure_4.jpg -> classified as: Plots / Charts
[J19jKa3wFj] figure_1.jpg -> classified as: Architecture Diagram
[J19jKa3wFj] figure_8.jpg -> classified as: Plots / Charts
[J19jKa3wFj] figure_10.jpg -> classified as: Plots / Charts
[J88EKENxyF] figure_5.jpg -> classified as: Qualitative Examples
[J88EKENxyF] figure_6.jpg -> classified as: Qualitative Examples
[J88EKENxyF] figure_9.jpg -> classified as: Qualitative Examples
[J88EKENxyF] figure_2.jpg -> classified as: Qualitative Examples
[J88EKENxyF] figure_7.jpg -> classified as: Qualitative Examples
[J88EKENxyF] figure_3.jpg -> classified as: Qualitative Examples
[J88EKENxyF] figure_4.jpg -> classified as: Qualitative Examples
[J88EKENxyF] figure_1.jpg -> classified as: Architecture Diagram
[J88EKENxyF] figure_8.jpg -> classified as: Qualitative Examples
[J88EKENxyF] figure_10.jpg -> classified as: Architecture Diagram
[J8YWCBPgx7] figure_19.jpg -> classified as: Qualitative Examples
[J8YWCBPgx7] figure_6.jpg -> classified as: Qualitative Examples
[J8YWCBPgx7] figure_18.jpg -> classified as: Other
  -> Skipping second pass (Other)
[J8YWCBPgx7] figure_13.jpg -> classified as: Qualitative Examples
[J8YWCBPgx7] figure_15.jpg -> classified as: Qualitative Examples
[J8YWCBPgx7] figure_2.jpg -> classified as: Plots / Charts
[J8YWCBPgx7] figure_7.jpg -> classified as: Qualitative Examples
[J8YWCBPgx7] figure_3.jpg -> classified as: Qualitative Examples
[J8YWCBPgx7] figure_4.jpg -> classified as: Qualitative Examples
[J8YWCBPgx7] figure_17.jpg -> classified as: Plots / Charts
[J8YWCBPgx7] figure_1.jpg -> classified as: Architecture Diagram
[J8YWCBPgx7] figure_8.jpg -> classified as: Qualitative Examples
[J8YWCBPgx7] figure_12.jpg -> classified as: Qualitative Examples
[J8YWCBPgx7] figure_14.jpg -> classified as: Qualitative Examples
[J8YWCBPgx7] figure_16.jpg -> classified as: Qualitative Examples
[J8yH8ontdq] figure_5.jpg -> classified as: Plots / Charts
[J8yH8ontdq] figure_6.jpg -> classified as: Qualitative Examples
[J8yH8ontdq] figure_2.jpg -> classified as: Qualitative Examples
[J8yH8ontdq] figure_3.jpg -> classified as: Architecture Diagram
[J8yH8ontdq] figure_4.jpg -> classified as: Qualitative Examples
[J8yH8ontdq] figure_1.jpg -> classified as: Qualitative Examples
[J9SsCtTLga] figure_(a)_The_closest.jpg -> classified as: Architecture Diagram
[J9SsCtTLga] figure_5.jpg -> classified as: Qualitative Examples
[J9SsCtTLga] figure_6.jpg -> classified as: Architecture Diagram
[J9SsCtTLga] figure_9.jpg -> classified as: Qualitative Examples
[J9SsCtTLga] figure_2.jpg -> classified as: Architecture Diagram
[J9SsCtTLga] figure_3.jpg -> classified as: Architecture Diagram
[J9SsCtTLga] figure_4.jpg -> classified as: Architecture Diagram
[J9SsCtTLga] figure_1.jpg -> classified as: Plots / Charts
[J9SsCtTLga] figure_8.jpg -> classified as: Qualitative Examples
[JAfGlmRBTU] figure_30.jpg -> classified as: Plots / Charts
[JAfGlmRBTU] figure_19.jpg -> classified as: Plots / Charts
[JAfGlmRBTU] figure_23.jpg -> classified as: Plots / Charts
[JAfGlmRBTU] figure_29.jpg -> classified as: Qualitative Examples
[JAfGlmRBTU] figure_24.jpg -> classified as: Plots / Charts
[JAfGlmRBTU] figure_5.jpg -> classified as: Plots / Charts
[JAfGlmRBTU] figure_6.jpg -> classified as: Plots / Charts
[JAfGlmRBTU] figure_9.jpg -> classified as: Plots / Charts
[JAfGlmRBTU] figure_22.jpg -> classified as: Plots / Charts
[JAfGlmRBTU] figure_28.jpg -> classified as: Plots / Charts
[JAfGlmRBTU] figure_18.jpg -> classified as: Qualitative Examples
[JAfGlmRBTU] figure_13.jpg -> classified as: Plots / Charts
[JAfGlmRBTU] figure_15.jpg -> classified as: Plots / Charts
[JAfGlmRBTU] figure_2.jpg -> classified as: Plots / Charts
[JAfGlmRBTU] figure_20.jpg -> classified as: Plots / Charts
[JAfGlmRBTU] figure_7.jpg -> classified as: Plots / Charts
[JAfGlmRBTU] figure_3.jpg -> classified as: Architecture Diagram
[JAfGlmRBTU] figure_4.jpg -> classified as: Qualitative Examples
[JAfGlmRBTU] figure_31.jpg -> classified as: Plots / Charts
[JAfGlmRBTU] figure_17.jpg -> classified as: Architecture Diagram
[JAfGlmRBTU] figure_1.jpg -> classified as: Qualitative Examples
[JAfGlmRBTU] figure_27.jpg -> classified as: Plots / Charts
[JAfGlmRBTU] figure_8.jpg -> classified as: Plots / Charts
[JAfGlmRBTU] figure_12.jpg -> classified as: Plots / Charts
[JAfGlmRBTU] figure_25.jpg -> classified as: Plots / Charts
[JAfGlmRBTU] figure_21.jpg -> classified as: Plots / Charts
[JAfGlmRBTU] figure_26.jpg -> classified as: Plots / Charts
[JAfGlmRBTU] figure_14.jpg -> classified as: Plots / Charts
[JAfGlmRBTU] figure_32.jpg -> classified as: Plots / Charts
[JAfGlmRBTU] figure_16.jpg -> classified as: Plots / Charts
[JAfGlmRBTU] figure_10.jpg -> classified as: Plots / Charts
[JBgBrnhLLL] figure_5.jpg -> classified as: Plots / Charts
[JBgBrnhLLL] figure_6.jpg -> classified as: Qualitative Examples
[JBgBrnhLLL] figure_9.jpg -> classified as: Qualitative Examples
[JBgBrnhLLL] figure_2.jpg -> classified as: Qualitative Examples
[JBgBrnhLLL] figure_7.jpg -> classified as: Qualitative Examples
[JBgBrnhLLL] figure_3.jpg -> classified as: Plots / Charts
[JBgBrnhLLL] figure_4.jpg -> classified as: Qualitative Examples
[JBgBrnhLLL] figure_1.jpg -> classified as: Qualitative Examples
[JBgBrnhLLL] figure_8.jpg -> classified as: Qualitative Examples
[JBgBrnhLLL] figure_10.jpg -> classified as: Qualitative Examples
[JDd46WodYf] figure_5.jpg -> classified as: Plots / Charts
[JDd46WodYf] figure_6.jpg -> classified as: Qualitative Examples
[JDd46WodYf] figure_9.jpg -> classified as: Plots / Charts
[JDd46WodYf] figure_13.jpg -> classified as: Qualitative Examples
[JDd46WodYf] figure_15.jpg -> classified as: Qualitative Examples
[JDd46WodYf] figure_2.jpg -> classified as: Architecture Diagram
[JDd46WodYf] figure_11.jpg -> classified as: Plots / Charts
[JDd46WodYf] figure_7.jpg -> classified as: Plots / Charts
[JDd46WodYf] figure_3.jpg -> classified as: Architecture Diagram
[JDd46WodYf] figure_4.jpg -> classified as: Plots / Charts
[JDd46WodYf] figure_1.jpg -> classified as: Other
  -> Skipping second pass (Other)
[JDd46WodYf] figure_8.jpg -> classified as: Plots / Charts
[JDd46WodYf] figure_12.jpg -> classified as: Qualitative Examples
[JDd46WodYf] figure_(a)_Histogram_of.jpg -> classified as: Plots / Charts
[JDd46WodYf] figure_14.jpg -> classified as: Qualitative Examples
[JDd46WodYf] figure_10.jpg -> classified as: Plots / Charts
[JE9tCwe3lp] figure_A_lighthouse_...jpg -> classified as: Qualitative Examples
[JE9tCwe3lp] figure_5.jpg -> classified as: Qualitative Examples
[JE9tCwe3lp] figure_9.jpg -> classified as: Qualitative Examples
[JE9tCwe3lp] figure_2.jpg -> classified as: Architecture Diagram
[JE9tCwe3lp] figure_7.jpg -> classified as: Qualitative Examples
[JE9tCwe3lp] figure_3.jpg -> classified as: Qualitative Examples
[JE9tCwe3lp] figure_unnamed_figure.jpg -> classified as: Plots / Charts
[JE9tCwe3lp] figure_4.jpg -> classified as: Qualitative Examples
[JE9tCwe3lp] figure_1.jpg -> classified as: Architecture Diagram
[JE9tCwe3lp] figure_8.jpg -> classified as: Qualitative Examples
[JEmNgjuQHU] figure_2.jpg -> classified as: Plots / Charts
[JEmNgjuQHU] figure_3.jpg -> classified as: Architecture Diagram
[JEmNgjuQHU] figure_4.jpg -> classified as: Plots / Charts
[JEmNgjuQHU] figure_1.jpg -> classified as: Plots / Charts
[JFEFORc7fP] figure_2.jpg -> classified as: Plots / Charts
[JFEFORc7fP] figure_3.jpg -> classified as: Plots / Charts
[JFEFORc7fP] figure_1.jpg -> classified as: Architecture Diagram
[JGP1GlTnLF] figure_5.jpg -> classified as: Plots / Charts
[JGP1GlTnLF] figure_6.jpg -> classified as: Plots / Charts
[JGP1GlTnLF] figure_2.jpg -> classified as: Plots / Charts
[JGP1GlTnLF] figure_3.jpg -> classified as: Architecture Diagram
[JGP1GlTnLF] figure_4.jpg -> classified as: Plots / Charts
[JGP1GlTnLF] figure_1.jpg -> classified as: Plots / Charts
[JGr4Qv9vbz] figure_5.jpg -> classified as: Qualitative Examples
[JGr4Qv9vbz] figure_6.jpg -> classified as: Qualitative Examples
[JGr4Qv9vbz] figure_9.jpg -> classified as: Qualitative Examples
[JGr4Qv9vbz] figure_2.jpg -> classified as: Architecture Diagram
[JGr4Qv9vbz] figure_7.jpg -> classified as: Architecture Diagram
[JGr4Qv9vbz] figure_3.jpg -> classified as: Plots / Charts
[JGr4Qv9vbz] figure_4.jpg -> classified as: Qualitative Examples
[JGr4Qv9vbz] figure_1.jpg -> classified as: Other
  -> Skipping second pass (Other)
[JGr4Qv9vbz] figure_8.jpg -> classified as: Qualitative Examples
[JGr4Qv9vbz] figure_10.jpg -> classified as: Qualitative Examples
[JIlIYIHMuv] figure_2.jpg -> classified as: Architecture Diagram
[JIlIYIHMuv] figure_3.jpg -> classified as: Plots / Charts
[JIlIYIHMuv] figure_1.jpg -> classified as: Qualitative Examples
[JNsac6zbg2] figure_5.jpg -> classified as: Plots / Charts
[JNsac6zbg2] figure_6.jpg -> classified as: Plots / Charts
[JNsac6zbg2] figure_2.jpg -> classified as: Plots / Charts
[JNsac6zbg2] figure_7.jpg -> classified as: Plots / Charts
[JNsac6zbg2] figure_3.jpg -> classified as: Plots / Charts
[JNsac6zbg2] figure_4.jpg -> classified as: Plots / Charts
[JNsac6zbg2] figure_1.jpg -> classified as: Qualitative Examples
[JORAfH2xFd] figure_5.jpg -> classified as: Plots / Charts
[JORAfH2xFd] figure_6.jpg -> classified as: Plots / Charts
[JORAfH2xFd] figure_9.jpg -> classified as: Plots / Charts
[JORAfH2xFd] figure_2.jpg -> classified as: Plots / Charts
[JORAfH2xFd] figure_7.jpg -> classified as: Qualitative Examples
[JORAfH2xFd] figure_3.jpg -> classified as: Qualitative Examples
[JORAfH2xFd] figure_4.jpg -> classified as: Qualitative Examples
[JORAfH2xFd] figure_1.jpg -> classified as: Qualitative Examples
[JORAfH2xFd] figure_8.jpg -> classified as: Plots / Charts
[JQV9gH55Az] figure_5.jpg -> classified as: Plots / Charts
[JQV9gH55Az] figure_6.jpg -> classified as: Plots / Charts
[JQV9gH55Az] figure_9.jpg -> classified as: Plots / Charts
[JQV9gH55Az] figure_2.jpg -> classified as: Architecture Diagram
[JQV9gH55Az] figure_11.jpg -> classified as: Qualitative Examples
[JQV9gH55Az] figure_7.jpg -> classified as: Qualitative Examples
[JQV9gH55Az] figure_3.jpg -> classified as: Plots / Charts
[JQV9gH55Az] figure_4.jpg -> classified as: Qualitative Examples
[JQV9gH55Az] figure_1.jpg -> classified as: Plots / Charts
[JQV9gH55Az] figure_8.jpg -> classified as: Qualitative Examples
[JQV9gH55Az] figure_12.jpg -> classified as: Plots / Charts
[JQV9gH55Az] figure_10.jpg -> classified as: Qualitative Examples
[JT53iXH7eO] figure_A10.jpg -> classified as: Qualitative Examples
[JT53iXH7eO] figure_A7.jpg -> classified as: Qualitative Examples
[JT53iXH7eO] figure_5.jpg -> classified as: Architecture Diagram
[JT53iXH7eO] figure_6.jpg -> classified as: Architecture Diagram
[JT53iXH7eO] figure_A8.jpg -> classified as: Qualitative Examples
[JT53iXH7eO] figure_A2.jpg -> classified as: Qualitative Examples
[JT53iXH7eO] figure_9.jpg -> classified as: Qualitative Examples
[JT53iXH7eO] figure_A12.jpg -> classified as: Plots / Charts
[JT53iXH7eO] figure_2.jpg -> classified as: Qualitative Examples
[JT53iXH7eO] figure_A11.jpg -> classified as: Qualitative Examples
[JT53iXH7eO] figure_7.jpg -> classified as: Plots / Charts
[JT53iXH7eO] figure_3.jpg -> classified as: Qualitative Examples
[JT53iXH7eO] figure_4.jpg -> classified as: Qualitative Examples
[JT53iXH7eO] figure_A6.jpg -> classified as: Plots / Charts
[JT53iXH7eO] figure_A13.jpg -> classified as: Qualitative Examples
[JT53iXH7eO] figure_1.jpg -> classified as: Qualitative Examples
[JT53iXH7eO] figure_A14.jpg -> classified as: Qualitative Examples
[JT53iXH7eO] figure_A4.jpg -> classified as: Qualitative Examples
[JT53iXH7eO] figure_1_1.jpg -> classified as: Qualitative Examples
[JT53iXH7eO] figure_A5.jpg -> classified as: Qualitative Examples
[JT53iXH7eO] figure_8.jpg -> classified as: Qualitative Examples
[JT53iXH7eO] figure_A3.jpg -> classified as: Qualitative Examples
[JUr0YOMvZA] figure_2.jpg -> classified as: Architecture Diagram
[JUr0YOMvZA] figure_3.jpg -> classified as: Plots / Charts
[JUr0YOMvZA] figure_1.jpg -> classified as: Plots / Charts
[JUu0tsd0Zk] figure_2.jpg -> classified as: Plots / Charts
[JUu0tsd0Zk] figure_1.jpg -> classified as: Architecture Diagram
[JVeM7uwDwK] figure_5.jpg -> classified as: Plots / Charts
[JVeM7uwDwK] figure_6.jpg -> classified as: Plots / Charts
[JVeM7uwDwK] figure_2.jpg -> classified as: Qualitative Examples
[JVeM7uwDwK] figure_7.jpg -> classified as: Plots / Charts
[JVeM7uwDwK] figure_3.jpg -> classified as: Plots / Charts
[JVeM7uwDwK] figure_4.jpg -> classified as: Plots / Charts
[JVeM7uwDwK] figure_1.jpg -> classified as: Plots / Charts
[JVeM7uwDwK] figure_8.jpg -> classified as: Plots / Charts
[JVkdSi7Ekg] figure_5.jpg -> classified as: Architecture Diagram
[JVkdSi7Ekg] figure_6.jpg -> classified as: Other
  -> Skipping second pass (Other)
[JVkdSi7Ekg] figure_9.jpg -> classified as: Other
  -> Skipping second pass (Other)
[JVkdSi7Ekg] figure_13.jpg -> classified as: Qualitative Examples
[JVkdSi7Ekg] figure_2.jpg -> classified as: Plots / Charts
[JVkdSi7Ekg] figure_11.jpg -> classified as: Qualitative Examples
[JVkdSi7Ekg] figure_7.jpg -> classified as: Plots / Charts
[JVkdSi7Ekg] figure_3.jpg -> classified as: Plots / Charts
[JVkdSi7Ekg] figure_4.jpg -> classified as: Qualitative Examples
[JVkdSi7Ekg] figure_1.jpg -> classified as: Qualitative Examples
[JVkdSi7Ekg] figure_8.jpg -> classified as: Qualitative Examples
[JVkdSi7Ekg] figure_12.jpg -> classified as: Qualitative Examples
[JVkdSi7Ekg] figure_14.jpg -> classified as: Qualitative Examples
[JVkdSi7Ekg] figure_10.jpg -> classified as: Qualitative Examples
[JXgnnUC0PH] figure_A_38.jpg -> classified as: Qualitative Examples
[JXgnnUC0PH] figure_A_2.jpg -> classified as: Qualitative Examples
[JXgnnUC0PH] figure_A_15.jpg -> classified as: Qualitative Examples
[JXgnnUC0PH] figure_A_54.jpg -> classified as: Qualitative Examples
[JXgnnUC0PH] figure_A_21.jpg -> classified as: Qualitative Examples
[JXgnnUC0PH] figure_A.jpg -> classified as: Qualitative Examples
[JXgnnUC0PH] figure_A_20.jpg -> classified as: Qualitative Examples
[JXgnnUC0PH] figure_A_18.jpg -> classified as: Qualitative Examples
[JXgnnUC0PH] figure_A_26.jpg -> classified as: Other
  -> Skipping second pass (Other)
[JXgnnUC0PH] figure_5.jpg -> classified as: Plots / Charts
[JXgnnUC0PH] figure_6.jpg -> classified as: Plots / Charts
[JXgnnUC0PH] figure_A_39.jpg -> classified as: Qualitative Examples
[JXgnnUC0PH] figure_A_53.jpg -> classified as: Qualitative Examples
[JXgnnUC0PH] figure_A_48.jpg -> classified as: Qualitative Examples
[JXgnnUC0PH] figure_A_9.jpg -> classified as: Qualitative Examples
[JXgnnUC0PH] figure_A_3.jpg -> classified as: Qualitative Examples
[JXgnnUC0PH] figure_A_46.jpg -> classified as: Other
  -> Skipping second pass (Other)
[JXgnnUC0PH] figure_A_12.jpg -> classified as: Qualitative Examples
[JXgnnUC0PH] figure_A_10.jpg -> classified as: Qualitative Examples
[JXgnnUC0PH] figure_A_32.jpg -> classified as: Qualitative Examples
[JXgnnUC0PH] figure_A_27.jpg -> classified as: Qualitative Examples
[JXgnnUC0PH] figure_A_40.jpg -> classified as: Qualitative Examples
[JXgnnUC0PH] figure_A_17.jpg -> classified as: Other
  -> Skipping second pass (Other)
[JXgnnUC0PH] figure_A_44.jpg -> classified as: Qualitative Examples
[JXgnnUC0PH] figure_A_52.jpg -> classified as: Qualitative Examples
[JXgnnUC0PH] figure_A_31.jpg -> classified as: Qualitative Examples
[JXgnnUC0PH] figure_2.jpg -> classified as: Architecture Diagram
[JXgnnUC0PH] figure_A_51.jpg -> classified as: Qualitative Examples
[JXgnnUC0PH] figure_A_6.jpg -> classified as: Qualitative Examples
[JXgnnUC0PH] figure_A_25.jpg -> classified as: Qualitative Examples
[JXgnnUC0PH] figure_A_50.jpg -> classified as: Qualitative Examples
[JXgnnUC0PH] figure_A_8.jpg -> classified as: Qualitative Examples
[JXgnnUC0PH] figure_A_7.jpg -> classified as: Qualitative Examples
[JXgnnUC0PH] figure_A_1.jpg -> classified as: Qualitative Examples
[JXgnnUC0PH] figure_A_5.jpg -> classified as: Qualitative Examples
[JXgnnUC0PH] figure_A_43.jpg -> classified as: Qualitative Examples
[JXgnnUC0PH] figure_A_41.jpg -> classified as: Plots / Charts
[JXgnnUC0PH] figure_7.jpg -> classified as: Plots / Charts
[JXgnnUC0PH] figure_A_33.jpg -> classified as: Qualitative Examples
[JXgnnUC0PH] figure_A_49.jpg -> classified as: Qualitative Examples
[JXgnnUC0PH] figure_A_16.jpg -> classified as: Qualitative Examples
[JXgnnUC0PH] figure_A_29.jpg -> classified as: Qualitative Examples
[JXgnnUC0PH] figure_A_35.jpg -> classified as: Qualitative Examples
[JXgnnUC0PH] figure_A_36.jpg -> classified as: Qualitative Examples
[JXgnnUC0PH] figure_A_45.jpg -> classified as: Qualitative Examples
[JXgnnUC0PH] figure_A_42.jpg -> classified as: Qualitative Examples
[JXgnnUC0PH] figure_4.jpg -> classified as: Qualitative Examples
[JXgnnUC0PH] figure_A_19.jpg -> classified as: Qualitative Examples
[JXgnnUC0PH] figure_A_37.jpg -> classified as: Qualitative Examples
[JXgnnUC0PH] figure_A_23.jpg -> classified as: Qualitative Examples
[JXgnnUC0PH] figure_1.jpg -> classified as: Plots / Charts
[JXgnnUC0PH] figure_A_22.jpg -> classified as: Qualitative Examples
[JXgnnUC0PH] figure_A_28.jpg -> classified as: Qualitative Examples
[JXgnnUC0PH] figure_A_4.jpg -> classified as: Qualitative Examples
[JXgnnUC0PH] figure_A_34.jpg -> classified as: Qualitative Examples
[JXgnnUC0PH] figure_A_55.jpg -> classified as: Qualitative Examples
[JXgnnUC0PH] figure_A_24.jpg -> classified as: Qualitative Examples
[JXgnnUC0PH] figure_A_13.jpg -> classified as: Other
  -> Skipping second pass (Other)
[JXgnnUC0PH] figure_A_11.jpg -> classified as: Qualitative Examples
[JXgnnUC0PH] figure_A_47.jpg -> classified as: Qualitative Examples
[JXgnnUC0PH] figure_A_30.jpg -> classified as: Qualitative Examples
[JXgnnUC0PH] figure_A_14.jpg -> classified as: Qualitative Examples
[JXjXeTsqgW] figure_5.jpg -> classified as: Plots / Charts
[JXjXeTsqgW] figure_6.jpg -> classified as: Architecture Diagram
[JXjXeTsqgW] figure_9.jpg -> classified as: Plots / Charts
[JXjXeTsqgW] figure_13.jpg -> classified as: Plots / Charts
[JXjXeTsqgW] figure_2.jpg -> classified as: Architecture Diagram
[JXjXeTsqgW] figure_11.jpg -> classified as: Plots / Charts
[JXjXeTsqgW] figure_7.jpg -> classified as: Plots / Charts
[JXjXeTsqgW] figure_3.jpg -> classified as: Plots / Charts
[JXjXeTsqgW] figure_4.jpg -> classified as: Plots / Charts
[JXjXeTsqgW] figure_1.jpg -> classified as: Qualitative Examples
[JXjXeTsqgW] figure_8.jpg -> classified as: Plots / Charts
[JXjXeTsqgW] figure_12.jpg -> classified as: Plots / Charts
[JXjXeTsqgW] figure_10.jpg -> classified as: Plots / Charts
[JYV2hrtFSv] figure_2.jpg -> classified as: Architecture Diagram
[JYV2hrtFSv] figure_3.jpg -> classified as: Qualitative Examples
[JYV2hrtFSv] figure_4.jpg -> classified as: Plots / Charts
[JYV2hrtFSv] figure_1.jpg -> classified as: Architecture Diagram
[JZ1CEYgDob] figure_2.jpg -> classified as: Plots / Charts
[JZ1CEYgDob] figure_3.jpg -> classified as: Plots / Charts
[JZ1CEYgDob] figure_4.jpg -> classified as: Plots / Charts
[JZ1CEYgDob] figure_1.jpg -> classified as: Architecture Diagram
[JZLon6cvx8] figure_5.jpg -> classified as: Qualitative Examples
[JZLon6cvx8] figure_6.jpg -> classified as: Qualitative Examples
[JZLon6cvx8] figure_StoryDiffusion_(_characters_.jpg -> classified as: Qualitative Examples
[JZLon6cvx8] figure_9.jpg -> classified as: Qualitative Examples
[JZLon6cvx8] figure_2.jpg -> classified as: Qualitative Examples
[JZLon6cvx8] figure_7.jpg -> classified as: Qualitative Examples
[JZLon6cvx8] figure_4.jpg -> classified as: Architecture Diagram
[JZLon6cvx8] figure_1.jpg -> classified as: Qualitative Examples
[JZLon6cvx8] figure_8.jpg -> classified as: Qualitative Examples
[JZgqoOu4Ml] figure_2.jpg -> classified as: Qualitative Examples
[JZgqoOu4Ml] figure_1.jpg -> classified as: Qualitative Examples
[JaRihIHbZm] figure_5.jpg -> classified as: Qualitative Examples
[JaRihIHbZm] figure_6.jpg -> classified as: Qualitative Examples
[JaRihIHbZm] figure_9.jpg -> classified as: Qualitative Examples
[JaRihIHbZm] figure_2.jpg -> classified as: Plots / Charts
[JaRihIHbZm] figure_7.jpg -> classified as: Qualitative Examples
[JaRihIHbZm] figure_3.jpg -> classified as: Plots / Charts
[JaRihIHbZm] figure_4.jpg -> classified as: Plots / Charts
[JaRihIHbZm] figure_1.jpg -> classified as: Architecture Diagram
[JaRihIHbZm] figure_8.jpg -> classified as: Qualitative Examples
[JaRihIHbZm] figure_10.jpg -> classified as: Qualitative Examples
[JauBLBEjOy] figure_S11.jpg -> classified as: Qualitative Examples
[JauBLBEjOy] figure_5.jpg -> classified as: Plots / Charts
[JauBLBEjOy] figure_6.jpg -> classified as: Qualitative Examples
[JauBLBEjOy] figure_S9.jpg -> classified as: Qualitative Examples
[JauBLBEjOy] figure_2.jpg -> classified as: Architecture Diagram
[JauBLBEjOy] figure_7.jpg -> classified as: Qualitative Examples
[JauBLBEjOy] figure_3.jpg -> classified as: Qualitative Examples
[JauBLBEjOy] figure_S13.jpg -> classified as: Qualitative Examples
[JauBLBEjOy] figure_4.jpg -> classified as: Qualitative Examples
[JauBLBEjOy] figure_S14.jpg -> classified as: Qualitative Examples
[JauBLBEjOy] figure_1.jpg -> classified as: Qualitative Examples
[JauBLBEjOy] figure_8.jpg -> classified as: Qualitative Examples
[JauBLBEjOy] figure_S12.jpg -> classified as: Qualitative Examples
[JauBLBEjOy] figure_S10.jpg -> classified as: Qualitative Examples
[JbPb6RieNC] figure_5.jpg -> classified as: Architecture Diagram
[JbPb6RieNC] figure_6.jpg -> classified as: Other
  -> Skipping second pass (Other)
[JbPb6RieNC] figure_9.jpg -> classified as: Qualitative Examples
[JbPb6RieNC] figure_13.jpg -> classified as: Qualitative Examples
[JbPb6RieNC] figure_2.jpg -> classified as: Qualitative Examples
[JbPb6RieNC] figure_11.jpg -> classified as: Qualitative Examples
[JbPb6RieNC] figure_7.jpg -> classified as: Plots / Charts
[JbPb6RieNC] figure_3.jpg -> classified as: Plots / Charts
[JbPb6RieNC] figure_4.jpg -> classified as: Architecture Diagram
[JbPb6RieNC] figure_1.jpg -> classified as: Plots / Charts
[JbPb6RieNC] figure_8.jpg -> classified as: Architecture Diagram
[JbPb6RieNC] figure_12.jpg -> classified as: Qualitative Examples
[JbPb6RieNC] figure_10.jpg -> classified as: Qualitative Examples
[JbRM5QKRDd] figure_5.jpg -> classified as: Plots / Charts
[JbRM5QKRDd] figure_6.jpg -> classified as: Plots / Charts
[JbRM5QKRDd] figure_9.jpg -> classified as: Qualitative Examples
[JbRM5QKRDd] figure_13.jpg -> classified as: Plots / Charts
[JbRM5QKRDd] figure_15.jpg -> classified as: Plots / Charts
[JbRM5QKRDd] figure_2.jpg -> classified as: Plots / Charts
[JbRM5QKRDd] figure_11.jpg -> classified as: Plots / Charts
[JbRM5QKRDd] figure_7.jpg -> classified as: Plots / Charts
[JbRM5QKRDd] figure_3.jpg -> classified as: Architecture Diagram
[JbRM5QKRDd] figure_4.jpg -> classified as: Plots / Charts
[JbRM5QKRDd] figure_1.jpg -> classified as: Qualitative Examples
[JbRM5QKRDd] figure_8.jpg -> classified as: Plots / Charts
[JbRM5QKRDd] figure_12.jpg -> classified as: Plots / Charts
[JbRM5QKRDd] figure_14.jpg -> classified as: Plots / Charts
[JbRM5QKRDd] figure_16.jpg -> classified as: Plots / Charts
[JbRM5QKRDd] figure_10.jpg -> classified as: Plots / Charts
[JbcwfmYrob] figure_A_2.jpg -> classified as: Architecture Diagram
[JbcwfmYrob] figure_A.jpg -> classified as: Plots / Charts
[JbcwfmYrob] figure_5.jpg -> classified as: Plots / Charts
[JbcwfmYrob] figure_A_3.jpg -> classified as: Plots / Charts
[JbcwfmYrob] figure_9.jpg -> classified as: Qualitative Examples
[JbcwfmYrob] figure_2.jpg -> classified as: Architecture Diagram
[JbcwfmYrob] figure_A_1.jpg -> classified as: Plots / Charts
[JbcwfmYrob] figure_A_5.jpg -> classified as: Architecture Diagram
[JbcwfmYrob] figure_7.jpg -> classified as: Plots / Charts
[JbcwfmYrob] figure_(a)_Computational_costs.jpg -> classified as: Plots / Charts
[JbcwfmYrob] figure_3.jpg -> classified as: Architecture Diagram
[JbcwfmYrob] figure_4.jpg -> classified as: Architecture Diagram
[JbcwfmYrob] figure_1.jpg -> classified as: Architecture Diagram
[JbcwfmYrob] figure_A_4.jpg -> classified as: Plots / Charts
[JbcwfmYrob] figure_8.jpg -> classified as: Plots / Charts
[JbcwfmYrob] figure_10.jpg -> classified as: Plots / Charts
[Je5SHCKpPa] figure_5.jpg -> classified as: Plots / Charts
[Je5SHCKpPa] figure_2.jpg -> classified as: Architecture Diagram
[Je5SHCKpPa] figure_3.jpg -> classified as: Plots / Charts
[Je5SHCKpPa] figure_4.jpg -> classified as: Plots / Charts
[Je5SHCKpPa] figure_1.jpg -> classified as: Qualitative Examples
[JePfAI8fah] figure_19.jpg -> classified as: Plots / Charts
[JePfAI8fah] figure_5.jpg -> classified as: Plots / Charts
[JePfAI8fah] figure_6.jpg -> classified as: Plots / Charts
[JePfAI8fah] figure_9.jpg -> classified as: Plots / Charts
[JePfAI8fah] figure_18.jpg -> classified as: Plots / Charts
[JePfAI8fah] figure_13.jpg -> classified as: Plots / Charts
[JePfAI8fah] figure_15.jpg -> classified as: Plots / Charts
[JePfAI8fah] figure_2.jpg -> classified as: Architecture Diagram
[JePfAI8fah] figure_11.jpg -> classified as: Plots / Charts
[JePfAI8fah] figure_7.jpg -> classified as: Plots / Charts
[JePfAI8fah] figure_3.jpg -> classified as: Architecture Diagram
[JePfAI8fah] figure_4.jpg -> classified as: Architecture Diagram
[JePfAI8fah] figure_17.jpg -> classified as: Plots / Charts
[JePfAI8fah] figure_1.jpg -> classified as: Plots / Charts
[JePfAI8fah] figure_8.jpg -> classified as: Plots / Charts
[JePfAI8fah] figure_12.jpg -> classified as: Qualitative Examples
[JePfAI8fah] figure_14.jpg -> classified as: Plots / Charts
[JePfAI8fah] figure_16.jpg -> classified as: Plots / Charts
[JePfAI8fah] figure_10.jpg -> classified as: Plots / Charts
[JetCx7Tpgb] figure_2.jpg -> classified as: Architecture Diagram
[JetCx7Tpgb] figure_3.jpg -> classified as: Plots / Charts
[JetCx7Tpgb] figure_1.jpg -> classified as: Other
  -> Skipping second pass (Other)
[Jg8y1buQ3r] figure_5.jpg -> classified as: Qualitative Examples
[Jg8y1buQ3r] figure_2.jpg -> classified as: Architecture Diagram
[Jg8y1buQ3r] figure_3.jpg -> classified as: Plots / Charts
[Jg8y1buQ3r] figure_4.jpg -> classified as: Qualitative Examples
[Jg8y1buQ3r] figure_1.jpg -> classified as: Qualitative Examples
[JgqftqZQZ7] figure_5.jpg -> classified as: Qualitative Examples
[JgqftqZQZ7] figure_6.jpg -> classified as: Qualitative Examples
[JgqftqZQZ7] figure_9.jpg -> classified as: Qualitative Examples
[JgqftqZQZ7] figure_13.jpg -> classified as: Qualitative Examples
[JgqftqZQZ7] figure_15.jpg -> classified as: Qualitative Examples
[JgqftqZQZ7] figure_2.jpg -> classified as: Architecture Diagram
[JgqftqZQZ7] figure_11.jpg -> classified as: Qualitative Examples
[JgqftqZQZ7] figure_7.jpg -> classified as: Qualitative Examples
[JgqftqZQZ7] figure_3.jpg -> classified as: Architecture Diagram
[JgqftqZQZ7] figure_4.jpg -> classified as: Architecture Diagram
[JgqftqZQZ7] figure_1.jpg -> classified as: Qualitative Examples
[JgqftqZQZ7] figure_8.jpg -> classified as: Qualitative Examples
[JgqftqZQZ7] figure_12.jpg -> classified as: Qualitative Examples
[JgqftqZQZ7] figure_16.jpg -> classified as: Qualitative Examples
[JgqftqZQZ7] figure_10.jpg -> classified as: Qualitative Examples
[JjdU6ysnCr] figure_5.jpg -> classified as: Plots / Charts
[JjdU6ysnCr] figure_6.jpg -> classified as: Plots / Charts
[JjdU6ysnCr] figure_9.jpg -> classified as: Plots / Charts
[JjdU6ysnCr] figure_2.jpg -> classified as: Plots / Charts
[JjdU6ysnCr] figure_11.jpg -> classified as: Plots / Charts
[JjdU6ysnCr] figure_7.jpg -> classified as: Qualitative Examples
[JjdU6ysnCr] figure_3.jpg -> classified as: Qualitative Examples
[JjdU6ysnCr] figure_4.jpg -> classified as: Plots / Charts
[JjdU6ysnCr] figure_1.jpg -> classified as: Plots / Charts
[JjdU6ysnCr] figure_8.jpg -> classified as: Plots / Charts
[JjdU6ysnCr] figure_12.jpg -> classified as: Plots / Charts
[JjdU6ysnCr] figure_14.jpg -> classified as: Plots / Charts
[JjdU6ysnCr] figure_10.jpg -> classified as: Plots / Charts
[Jk6gGj0kQm] figure_5.jpg -> classified as: Plots / Charts
[Jk6gGj0kQm] figure_6.jpg -> classified as: Qualitative Examples
[Jk6gGj0kQm] figure_9.jpg -> classified as: Qualitative Examples
[Jk6gGj0kQm] figure_2.jpg -> classified as: Plots / Charts
[Jk6gGj0kQm] figure_7.jpg -> classified as: Plots / Charts
[Jk6gGj0kQm] figure_3.jpg -> classified as: Plots / Charts
[Jk6gGj0kQm] figure_4.jpg -> classified as: Plots / Charts
[Jk6gGj0kQm] figure_1.jpg -> classified as: Architecture Diagram
[Jk6gGj0kQm] figure_8.jpg -> classified as: Plots / Charts
[Jk6gGj0kQm] figure_10.jpg -> classified as: Plots / Charts
[JkCJBoNUcU] figure_5.jpg -> classified as: Qualitative Examples
[JkCJBoNUcU] figure_6.jpg -> classified as: Plots / Charts
[JkCJBoNUcU] figure_9.jpg -> classified as: Architecture Diagram
[JkCJBoNUcU] figure_13.jpg -> classified as: Qualitative Examples
[JkCJBoNUcU] figure_2.jpg -> classified as: Architecture Diagram
[JkCJBoNUcU] figure_11.jpg -> classified as: Qualitative Examples
[JkCJBoNUcU] figure_7.jpg -> classified as: Qualitative Examples
[JkCJBoNUcU] figure_3.jpg -> classified as: Qualitative Examples
[JkCJBoNUcU] figure_4.jpg -> classified as: Qualitative Examples
[JkCJBoNUcU] figure_1.jpg -> classified as: Other
  -> Skipping second pass (Other)
[JkCJBoNUcU] figure_8.jpg -> classified as: Architecture Diagram
[JkCJBoNUcU] figure_12.jpg -> classified as: Qualitative Examples
[JkCJBoNUcU] figure_10.jpg -> classified as: Plots / Charts
[JopVmAPyx6] figure_5.jpg -> classified as: Plots / Charts
[JopVmAPyx6] figure_6.jpg -> classified as: Plots / Charts
[JopVmAPyx6] figure_9.jpg -> classified as: Other
  -> Skipping second pass (Other)
[JopVmAPyx6] figure_2.jpg -> classified as: Architecture Diagram
[JopVmAPyx6] figure_7.jpg -> classified as: Qualitative Examples
[JopVmAPyx6] figure_3.jpg -> classified as: Architecture Diagram
[JopVmAPyx6] figure_4.jpg -> classified as: Plots / Charts
[JopVmAPyx6] figure_1.jpg -> classified as: Plots / Charts
[JopVmAPyx6] figure_8.jpg -> classified as: Architecture Diagram
[JopVmAPyx6] figure_10.jpg -> classified as: Plots / Charts
[JpyWPfzu0b] figure_2.jpg -> classified as: Plots / Charts
[JpyWPfzu0b] figure_1.jpg -> classified as: Architecture Diagram
[JrfWj5Ae1j] figure_5.jpg -> classified as: Plots / Charts
[JrfWj5Ae1j] figure_6.jpg -> classified as: Plots / Charts
[JrfWj5Ae1j] figure_2.jpg -> classified as: Plots / Charts
[JrfWj5Ae1j] figure_7.jpg -> classified as: Architecture Diagram
[JrfWj5Ae1j] figure_3.jpg -> classified as: Plots / Charts
[JrfWj5Ae1j] figure_4.jpg -> classified as: Plots / Charts
[JrfWj5Ae1j] figure_1.jpg -> classified as: Other
  -> Skipping second pass (Other)
[JrfWj5Ae1j] figure_8.jpg -> classified as: Plots / Charts
[JsnR0YO4Fq] figure_5.jpg -> classified as: Plots / Charts
[JsnR0YO4Fq] figure_6.jpg -> classified as: Plots / Charts
[JsnR0YO4Fq] figure_2.jpg -> classified as: Plots / Charts
[JsnR0YO4Fq] figure_3.jpg -> classified as: Plots / Charts
[JsnR0YO4Fq] figure_4.jpg -> classified as: Plots / Charts
[JsnR0YO4Fq] figure_1.jpg -> classified as: Plots / Charts
[Jszf4et48m] figure_19.jpg -> classified as: Qualitative Examples
[Jszf4et48m] figure_23.jpg -> classified as: Qualitative Examples
[Jszf4et48m] figure_24.jpg -> classified as: Qualitative Examples
[Jszf4et48m] figure_5.jpg -> classified as: Plots / Charts
[Jszf4et48m] figure_6.jpg -> classified as: Plots / Charts
[Jszf4et48m] figure_9.jpg -> classified as: Qualitative Examples
[Jszf4et48m] figure_22.jpg -> classified as: Qualitative Examples
[Jszf4et48m] figure_28.jpg -> classified as: Qualitative Examples
[Jszf4et48m] figure_18.jpg -> classified as: Qualitative Examples
[Jszf4et48m] figure_13.jpg -> classified as: Qualitative Examples
[Jszf4et48m] figure_2.jpg -> classified as: Plots / Charts
[Jszf4et48m] figure_20.jpg -> classified as: Qualitative Examples
[Jszf4et48m] figure_11.jpg -> classified as: Architecture Diagram
[Jszf4et48m] figure_7.jpg -> classified as: Qualitative Examples
[Jszf4et48m] figure_3.jpg -> classified as: Qualitative Examples
[Jszf4et48m] figure_4.jpg -> classified as: Plots / Charts
[Jszf4et48m] figure_17.jpg -> classified as: Qualitative Examples
[Jszf4et48m] figure_1.jpg -> classified as: Other
  -> Skipping second pass (Other)
[Jszf4et48m] figure_27.jpg -> classified as: Qualitative Examples
[Jszf4et48m] figure_8.jpg -> classified as: Qualitative Examples
[Jszf4et48m] figure_12.jpg -> classified as: Architecture Diagram
[Jszf4et48m] figure_25.jpg -> classified as: Qualitative Examples
[Jszf4et48m] figure_21.jpg -> classified as: Qualitative Examples
[Jszf4et48m] figure_26.jpg -> classified as: Qualitative Examples
[Jszf4et48m] figure_14.jpg -> classified as: Architecture Diagram
[Jszf4et48m] figure_16.jpg -> classified as: Qualitative Examples
[Jszf4et48m] figure_10.jpg -> classified as: Qualitative Examples
[Jt1gGIumJo] figure_5.jpg -> classified as: Plots / Charts
[Jt1gGIumJo] figure_6.jpg -> classified as: Plots / Charts
[Jt1gGIumJo] figure_2.jpg -> classified as: Architecture Diagram
[Jt1gGIumJo] figure_3.jpg -> classified as: Qualitative Examples
[Jt1gGIumJo] figure_4.jpg -> classified as: Plots / Charts
[Jt1gGIumJo] figure_1.jpg -> classified as: Plots / Charts
[Jt1gGIumJo] figure_8.jpg -> classified as: Qualitative Examples
[JtKGkz9fAe] figure_2.jpg -> classified as: Architecture Diagram
[JtKGkz9fAe] figure_3.jpg -> classified as: Architecture Diagram
[JtKGkz9fAe] figure_4.jpg -> classified as: Architecture Diagram
[JtKGkz9fAe] figure_1.jpg -> classified as: Plots / Charts
[JzLcKWtGnl] figure_2.jpg -> classified as: Architecture Diagram
[JzLcKWtGnl] figure_3.jpg -> classified as: Qualitative Examples
[JzLcKWtGnl] figure_1.jpg -> classified as: Qualitative Examples
[K0oFDAPnU4] figure_5.jpg -> classified as: Plots / Charts
[K0oFDAPnU4] figure_2.jpg -> classified as: Plots / Charts
[K0oFDAPnU4] figure_3.jpg -> classified as: Plots / Charts
[K0oFDAPnU4] figure_4.jpg -> classified as: Plots / Charts
[K0oFDAPnU4] figure_1.jpg -> classified as: Qualitative Examples
[K1VT7ItD40] figure_5.jpg -> classified as: Plots / Charts
[K1VT7ItD40] figure_6.jpg -> classified as: Plots / Charts
[K1VT7ItD40] figure_9.jpg -> classified as: Plots / Charts
[K1VT7ItD40] figure_2.jpg -> classified as: Architecture Diagram
[K1VT7ItD40] figure_7.jpg -> classified as: Architecture Diagram
[K1VT7ItD40] figure_3.jpg -> classified as: Architecture Diagram
[K1VT7ItD40] figure_4.jpg -> classified as: Qualitative Examples
[K1VT7ItD40] figure_1.jpg -> classified as: Plots / Charts
[K1VT7ItD40] figure_8.jpg -> classified as: Qualitative Examples
[K2c04ulKXn] figure_5.jpg -> classified as: Plots / Charts
[K2c04ulKXn] figure_6.jpg -> classified as: Plots / Charts
[K2c04ulKXn] figure_9.jpg -> classified as: Plots / Charts
[K2c04ulKXn] figure_2.jpg -> classified as: Architecture Diagram
[K2c04ulKXn] figure_7.jpg -> classified as: Plots / Charts
[K2c04ulKXn] figure_3.jpg -> classified as: Plots / Charts
[K2c04ulKXn] figure_4.jpg -> classified as: Plots / Charts
[K2c04ulKXn] figure_1.jpg -> classified as: Qualitative Examples
[K2c04ulKXn] figure_8.jpg -> classified as: Plots / Charts
[K3jv45pptT] figure_2.jpg -> classified as: Qualitative Examples
[K3jv45pptT] figure_3.jpg -> classified as: Qualitative Examples
[K3jv45pptT] figure_4.jpg -> classified as: Qualitative Examples
[K3jv45pptT] figure_1.jpg -> classified as: Architecture Diagram
[K4FAFNRpko] figure_5.jpg -> classified as: Qualitative Examples
[K4FAFNRpko] figure_6.jpg -> classified as: Qualitative Examples
[K4FAFNRpko] figure_9.jpg -> classified as: Qualitative Examples
[K4FAFNRpko] figure_2.jpg -> classified as: Architecture Diagram
[K4FAFNRpko] figure_7.jpg -> classified as: Qualitative Examples
[K4FAFNRpko] figure_3.jpg -> classified as: Architecture Diagram
[K4FAFNRpko] figure_4.jpg -> classified as: Architecture Diagram
[K4FAFNRpko] figure_1.jpg -> classified as: Qualitative Examples
[K4FAFNRpko] figure_8.jpg -> classified as: Qualitative Examples
[K5wFwpaUvK] figure_5.jpg -> classified as: Qualitative Examples
[K5wFwpaUvK] figure_6.jpg -> classified as: Plots / Charts
[K5wFwpaUvK] figure_2.jpg -> classified as: Architecture Diagram
[K5wFwpaUvK] figure_7.jpg -> classified as: Qualitative Examples
[K5wFwpaUvK] figure_3.jpg -> classified as: Architecture Diagram
[K5wFwpaUvK] figure_4.jpg -> classified as: Qualitative Examples
[K5wFwpaUvK] figure_1.jpg -> classified as: Qualitative Examples
[K6kt50zAiG] figure_2.jpg -> classified as: Plots / Charts
[K6kt50zAiG] figure_1.jpg -> classified as: Plots / Charts
[K7KQkiHanD] figure_5.jpg -> classified as: Plots / Charts
[K7KQkiHanD] figure_6.jpg -> classified as: Plots / Charts
[K7KQkiHanD] figure_2.jpg -> classified as: Plots / Charts
[K7KQkiHanD] figure_3.jpg -> classified as: Plots / Charts
[K7KQkiHanD] figure_4.jpg -> classified as: Plots / Charts
[K7KQkiHanD] figure_1.jpg -> classified as: Architecture Diagram
[K7qurARDi1] figure_5.jpg -> classified as: Plots / Charts
[K7qurARDi1] figure_2.jpg -> classified as: Architecture Diagram
[K7qurARDi1] figure_7.jpg -> classified as: Qualitative Examples
[K7qurARDi1] figure_3.jpg -> classified as: Architecture Diagram
[K7qurARDi1] figure_4.jpg -> classified as: Qualitative Examples
[K7qurARDi1] figure_1.jpg -> classified as: Plots / Charts
[K7xpl3LZQp] figure_5.jpg -> classified as: Plots / Charts
[K7xpl3LZQp] figure_6.jpg -> classified as: Qualitative Examples
[K7xpl3LZQp] figure_Q__Can_you.jpg -> classified as: Other
  -> Skipping second pass (Other)
[K7xpl3LZQp] figure_2.jpg -> classified as: Architecture Diagram
[K7xpl3LZQp] figure_Q__Who_wrote.jpg -> classified as: Other
  -> Skipping second pass (Other)
[K7xpl3LZQp] figure_7.jpg -> classified as: Qualitative Examples
[K7xpl3LZQp] figure_3.jpg -> classified as: Qualitative Examples
[K7xpl3LZQp] figure_4.jpg -> classified as: Qualitative Examples
[K7xpl3LZQp] figure_1.jpg -> classified as: Architecture Diagram
[K7xpl3LZQp] figure_8.jpg -> classified as: Other
  -> Skipping second pass (Other)
[K7xpl3LZQp] figure_12.jpg -> classified as: Plots / Charts
[K7xpl3LZQp] figure_10.jpg -> classified as: Other
  -> Skipping second pass (Other)
[K8Mbkn9c4Q] figure_2.jpg -> classified as: Qualitative Examples
[K8Mbkn9c4Q] figure_3.jpg -> classified as: Architecture Diagram
[K8Mbkn9c4Q] figure_4.jpg -> classified as: Plots / Charts
[K8Mbkn9c4Q] figure_1.jpg -> classified as: Architecture Diagram
[K9sVJ17zvB] figure_5.jpg -> classified as: Qualitative Examples
[K9sVJ17zvB] figure_6.jpg -> classified as: Qualitative Examples
[K9sVJ17zvB] figure_9.jpg -> classified as: Architecture Diagram
[K9sVJ17zvB] figure_2.jpg -> classified as: Architecture Diagram
[K9sVJ17zvB] figure_11.jpg -> classified as: Plots / Charts
[K9sVJ17zvB] figure_7.jpg -> classified as: Architecture Diagram
[K9sVJ17zvB] figure_3.jpg -> classified as: Architecture Diagram
[K9sVJ17zvB] figure_4.jpg -> classified as: Architecture Diagram
[K9sVJ17zvB] figure_1.jpg -> classified as: Architecture Diagram
[K9sVJ17zvB] figure_8.jpg -> classified as: Architecture Diagram
[K9sVJ17zvB] figure_10.jpg -> classified as: Architecture Diagram
[KCYDpqSpqg] figure_5.jpg -> classified as: Qualitative Examples
[KCYDpqSpqg] figure_6.jpg -> classified as: Qualitative Examples
[KCYDpqSpqg] figure_9.jpg -> classified as: Qualitative Examples
[KCYDpqSpqg] figure_13.jpg -> classified as: Qualitative Examples
[KCYDpqSpqg] figure_15.jpg -> classified as: Qualitative Examples
[KCYDpqSpqg] figure_2.jpg -> classified as: Architecture Diagram
[KCYDpqSpqg] figure_11.jpg -> classified as: Other
  -> Skipping second pass (Other)
[KCYDpqSpqg] figure_7.jpg -> classified as: Qualitative Examples
[KCYDpqSpqg] figure_3.jpg -> classified as: Qualitative Examples
[KCYDpqSpqg] figure_4.jpg -> classified as: Plots / Charts
[KCYDpqSpqg] figure_1.jpg -> classified as: Qualitative Examples
[KCYDpqSpqg] figure_8.jpg -> classified as: Qualitative Examples
[KCYDpqSpqg] figure_12.jpg -> classified as: Qualitative Examples
[KCYDpqSpqg] figure_14.jpg -> classified as: Qualitative Examples
[KCYDpqSpqg] figure_16.jpg -> classified as: Qualitative Examples
[KCYDpqSpqg] figure_10.jpg -> classified as: Plots / Charts
[KEXoZxTwbr] figure_5.jpg -> classified as: Qualitative Examples
[KEXoZxTwbr] figure_6.jpg -> classified as: Qualitative Examples
[KEXoZxTwbr] figure_9.jpg -> classified as: Qualitative Examples
[KEXoZxTwbr] figure_13.jpg -> classified as: Qualitative Examples
[KEXoZxTwbr] figure_2.jpg -> classified as: Architecture Diagram
[KEXoZxTwbr] figure_11.jpg -> classified as: Qualitative Examples
[KEXoZxTwbr] figure_7.jpg -> classified as: Qualitative Examples
[KEXoZxTwbr] figure_3.jpg -> classified as: Qualitative Examples
[KEXoZxTwbr] figure_4.jpg -> classified as: Qualitative Examples
[KEXoZxTwbr] figure_1.jpg -> classified as: Teaser Image
[KEXoZxTwbr] figure_8.jpg -> classified as: Plots / Charts
[KEXoZxTwbr] figure_12.jpg -> classified as: Qualitative Examples
[KEXoZxTwbr] figure_14.jpg -> classified as: Qualitative Examples
[KEXoZxTwbr] figure_10.jpg -> classified as: Qualitative Examples
[KGZAs8VcOM] figure_5.jpg -> classified as: Qualitative Examples
[KGZAs8VcOM] figure_6.jpg -> classified as: Qualitative Examples
[KGZAs8VcOM] figure_9.jpg -> classified as: Qualitative Examples
[KGZAs8VcOM] figure_2.jpg -> classified as: Qualitative Examples
[KGZAs8VcOM] figure_A_APPENDIX.jpg -> classified as: Qualitative Examples
[KGZAs8VcOM] figure_3.jpg -> classified as: Plots / Charts
[KGZAs8VcOM] figure_4.jpg -> classified as: Architecture Diagram
[KGZAs8VcOM] figure_1.jpg -> classified as: Qualitative Examples
[KGZAs8VcOM] figure_8.jpg -> classified as: Qualitative Examples
[KI1zldOFz9] figure_5.jpg -> classified as: Qualitative Examples
[KI1zldOFz9] figure_6.jpg -> classified as: Qualitative Examples
[KI1zldOFz9] figure_9.jpg -> classified as: Qualitative Examples
[KI1zldOFz9] figure_2.jpg -> classified as: Plots / Charts
[KI1zldOFz9] figure_7.jpg -> classified as: Qualitative Examples
[KI1zldOFz9] figure_3.jpg -> classified as: Qualitative Examples
[KI1zldOFz9] figure_4.jpg -> classified as: Qualitative Examples
[KI1zldOFz9] figure_1.jpg -> classified as: Architecture Diagram
[KI1zldOFz9] figure_8.jpg -> classified as: Plots / Charts
[KJF3h0OpQ7] figure_5.jpg -> classified as: Qualitative Examples
[KJF3h0OpQ7] figure_6.jpg -> classified as: Qualitative Examples
[KJF3h0OpQ7] figure_2.jpg -> classified as: Architecture Diagram
[KJF3h0OpQ7] figure_7.jpg -> classified as: Qualitative Examples
[KJF3h0OpQ7] figure_3.jpg -> classified as: Architecture Diagram
[KJF3h0OpQ7] figure_4.jpg -> classified as: Qualitative Examples
[KJF3h0OpQ7] figure_1.jpg -> classified as: Qualitative Examples
[KJF3h0OpQ7] figure_8.jpg -> classified as: Qualitative Examples
[KJFyOwAnLR] figure_5.jpg -> classified as: Plots / Charts
[KJFyOwAnLR] figure_6.jpg -> classified as: Plots / Charts
[KJFyOwAnLR] figure_9.jpg -> classified as: Plots / Charts
[KJFyOwAnLR] figure_2.jpg -> classified as: Plots / Charts
[KJFyOwAnLR] figure_7.jpg -> classified as: Plots / Charts
[KJFyOwAnLR] figure_3.jpg -> classified as: Plots / Charts
[KJFyOwAnLR] figure_4.jpg -> classified as: Plots / Charts
[KJFyOwAnLR] figure_1.jpg -> classified as: Qualitative Examples
[KJFyOwAnLR] figure_8.jpg -> classified as: Plots / Charts
[KPmajBxEaF] figure_5.jpg -> classified as: Qualitative Examples
[KPmajBxEaF] figure_6.jpg -> classified as: Qualitative Examples
[KPmajBxEaF] figure_9.jpg -> classified as: Qualitative Examples
[KPmajBxEaF] figure_13.jpg -> classified as: Qualitative Examples
[KPmajBxEaF] figure_15.jpg -> classified as: Qualitative Examples
[KPmajBxEaF] figure_2.jpg -> classified as: Plots / Charts
[KPmajBxEaF] figure_11.jpg -> classified as: Qualitative Examples
[KPmajBxEaF] figure_7.jpg -> classified as: Qualitative Examples
[KPmajBxEaF] figure_3.jpg -> classified as: Architecture Diagram
[KPmajBxEaF] figure_4.jpg -> classified as: Qualitative Examples
[KPmajBxEaF] figure_1.jpg -> classified as: Qualitative Examples
[KPmajBxEaF] figure_12.jpg -> classified as: Qualitative Examples
[KPmajBxEaF] figure_14.jpg -> classified as: Qualitative Examples
[KPmajBxEaF] figure_16.jpg -> classified as: Qualitative Examples
[KPmajBxEaF] figure_10.jpg -> classified as: Qualitative Examples
[KQ2i6jazVK] figure_5.jpg -> classified as: Qualitative Examples
[KQ2i6jazVK] figure_6.jpg -> classified as: Qualitative Examples
[KQ2i6jazVK] figure_9.jpg -> classified as: Qualitative Examples
[KQ2i6jazVK] figure_13.jpg -> classified as: Qualitative Examples
[KQ2i6jazVK] figure_2.jpg -> classified as: Plots / Charts
[KQ2i6jazVK] figure_11.jpg -> classified as: Qualitative Examples
[KQ2i6jazVK] figure_7.jpg -> classified as: Qualitative Examples
[KQ2i6jazVK] figure_3.jpg -> classified as: Qualitative Examples
[KQ2i6jazVK] figure_4.jpg -> classified as: Qualitative Examples
[KQ2i6jazVK] figure_1.jpg -> classified as: Architecture Diagram
[KQ2i6jazVK] figure_8.jpg -> classified as: Qualitative Examples
[KQ2i6jazVK] figure_12.jpg -> classified as: Qualitative Examples
[KQ2i6jazVK] figure_10.jpg -> classified as: Qualitative Examples
[KQALhPTAfj] figure_19.jpg -> classified as: Plots / Charts
[KQALhPTAfj] figure_6.jpg -> classified as: Plots / Charts
[KQALhPTAfj] figure_9.jpg -> classified as: Plots / Charts
[KQALhPTAfj] figure_22.jpg -> classified as: Plots / Charts
[KQALhPTAfj] figure_18.jpg -> classified as: Plots / Charts
[KQALhPTAfj] figure_13.jpg -> classified as: Plots / Charts
[KQALhPTAfj] figure_15.jpg -> classified as: Plots / Charts
[KQALhPTAfj] figure_20.jpg -> classified as: Plots / Charts
[KQALhPTAfj] figure_11.jpg -> classified as: Plots / Charts
[KQALhPTAfj] figure_7.jpg -> classified as: Plots / Charts
[KQALhPTAfj] figure_3.jpg -> classified as: Plots / Charts
[KQALhPTAfj] figure_4.jpg -> classified as: Plots / Charts
[KQALhPTAfj] figure_17.jpg -> classified as: Plots / Charts
[KQALhPTAfj] figure_1.jpg -> classified as: Plots / Charts
[KQALhPTAfj] figure_8.jpg -> classified as: Plots / Charts
[KQALhPTAfj] figure_12.jpg -> classified as: Plots / Charts
[KQALhPTAfj] figure_21.jpg -> classified as: Plots / Charts
[KQALhPTAfj] figure_14.jpg -> classified as: Plots / Charts
[KQALhPTAfj] figure_16.jpg -> classified as: Plots / Charts
[KQALhPTAfj] figure_10.jpg -> classified as: Plots / Charts
[KR9zrisXDZ] figure_5.jpg -> classified as: Plots / Charts
[KR9zrisXDZ] figure_6.jpg -> classified as: Plots / Charts
[KR9zrisXDZ] figure_9.jpg -> classified as: Qualitative Examples
[KR9zrisXDZ] figure_2.jpg -> classified as: Plots / Charts
[KR9zrisXDZ] figure_7.jpg -> classified as: Plots / Charts
[KR9zrisXDZ] figure_3.jpg -> classified as: Plots / Charts
[KR9zrisXDZ] figure_4.jpg -> classified as: Plots / Charts
[KR9zrisXDZ] figure_1.jpg -> classified as: Plots / Charts
[KR9zrisXDZ] figure_8.jpg -> classified as: Qualitative Examples
[KRdiRGSNc9] figure_19.jpg -> classified as: Qualitative Examples
[KRdiRGSNc9] figure_5.jpg -> classified as: Qualitative Examples
[KRdiRGSNc9] figure_6.jpg -> classified as: Plots / Charts
[KRdiRGSNc9] figure_9.jpg -> classified as: Other
  -> Skipping second pass (Other)
[KRdiRGSNc9] figure_18.jpg -> classified as: Qualitative Examples
[KRdiRGSNc9] figure_13.jpg -> classified as: Qualitative Examples
[KRdiRGSNc9] figure_15.jpg -> classified as: Qualitative Examples
[KRdiRGSNc9] figure_2.jpg -> classified as: Other
  -> Skipping second pass (Other)
[KRdiRGSNc9] figure_20.jpg -> classified as: Qualitative Examples
[KRdiRGSNc9] figure_7.jpg -> classified as: Qualitative Examples
[KRdiRGSNc9] figure_3.jpg -> classified as: Plots / Charts
[KRdiRGSNc9] figure_4.jpg -> classified as: Qualitative Examples
[KRdiRGSNc9] figure_17.jpg -> classified as: Qualitative Examples
[KRdiRGSNc9] figure_1.jpg -> classified as: Other
  -> Skipping second pass (Other)
[KRdiRGSNc9] figure_8.jpg -> classified as: Qualitative Examples
[KRdiRGSNc9] figure_12.jpg -> classified as: Plots / Charts
[KRdiRGSNc9] figure_14.jpg -> classified as: Qualitative Examples
[KRdiRGSNc9] figure_16.jpg -> classified as: Qualitative Examples
[KSLkFYHlYg] figure_30.jpg -> classified as: Qualitative Examples
[KSLkFYHlYg] figure_19.jpg -> classified as: Plots / Charts
[KSLkFYHlYg] figure_23.jpg -> classified as: Plots / Charts
[KSLkFYHlYg] figure_29.jpg -> classified as: Qualitative Examples
[KSLkFYHlYg] figure_24.jpg -> classified as: Qualitative Examples
[KSLkFYHlYg] figure_5.jpg -> classified as: Plots / Charts
[KSLkFYHlYg] figure_6.jpg -> classified as: Plots / Charts
[KSLkFYHlYg] figure_9.jpg -> classified as: Plots / Charts
[KSLkFYHlYg] figure_22.jpg -> classified as: Plots / Charts
[KSLkFYHlYg] figure_28.jpg -> classified as: Qualitative Examples
[KSLkFYHlYg] figure_18.jpg -> classified as: Plots / Charts
[KSLkFYHlYg] figure_13.jpg -> classified as: Plots / Charts
[KSLkFYHlYg] figure_15.jpg -> classified as: Plots / Charts
[KSLkFYHlYg] figure_2.jpg -> classified as: Architecture Diagram
[KSLkFYHlYg] figure_20.jpg -> classified as: Plots / Charts
[KSLkFYHlYg] figure_11.jpg -> classified as: Qualitative Examples
[KSLkFYHlYg] figure_7.jpg -> classified as: Qualitative Examples
[KSLkFYHlYg] figure_34.jpg -> classified as: Plots / Charts
[KSLkFYHlYg] figure_3.jpg -> classified as: Plots / Charts
[KSLkFYHlYg] figure_33.jpg -> classified as: Plots / Charts
[KSLkFYHlYg] figure_4.jpg -> classified as: Plots / Charts
[KSLkFYHlYg] figure_31.jpg -> classified as: Plots / Charts
[KSLkFYHlYg] figure_17.jpg -> classified as: Qualitative Examples
[KSLkFYHlYg] figure_1.jpg -> classified as: Other
  -> Skipping second pass (Other)
[KSLkFYHlYg] figure_27.jpg -> classified as: Qualitative Examples
[KSLkFYHlYg] figure_8.jpg -> classified as: Plots / Charts
[KSLkFYHlYg] figure_12.jpg -> classified as: Plots / Charts
[KSLkFYHlYg] figure_25.jpg -> classified as: Qualitative Examples
[KSLkFYHlYg] figure_21.jpg -> classified as: Qualitative Examples
[KSLkFYHlYg] figure_26.jpg -> classified as: Qualitative Examples
[KSLkFYHlYg] figure_14.jpg -> classified as: Plots / Charts
[KSLkFYHlYg] figure_32.jpg -> classified as: Plots / Charts
[KSLkFYHlYg] figure_16.jpg -> classified as: Plots / Charts
[KSLkFYHlYg] figure_10.jpg -> classified as: Qualitative Examples
[KUNzEQMWU7] figure_30.jpg -> classified as: Plots / Charts
[KUNzEQMWU7] figure_19.jpg -> classified as: Plots / Charts
[KUNzEQMWU7] figure_23.jpg -> classified as: Qualitative Examples
[KUNzEQMWU7] figure_29.jpg -> classified as: Plots / Charts
[KUNzEQMWU7] figure_24.jpg -> classified as: Qualitative Examples
[KUNzEQMWU7] figure_5.jpg -> classified as: Qualitative Examples
[KUNzEQMWU7] figure_6.jpg -> classified as: Plots / Charts
[KUNzEQMWU7] figure_57.jpg -> classified as: Other
  -> Skipping second pass (Other)
[KUNzEQMWU7] figure_9.jpg -> classified as: Plots / Charts
[KUNzEQMWU7] figure_22.jpg -> classified as: Qualitative Examples
[KUNzEQMWU7] figure_115.jpg -> classified as: Qualitative Examples
[KUNzEQMWU7] figure_28.jpg -> classified as: Plots / Charts
[KUNzEQMWU7] figure_18.jpg -> classified as: Plots / Charts
[KUNzEQMWU7] figure_117.jpg -> classified as: Other
  -> Skipping second pass (Other)
[KUNzEQMWU7] figure_85.jpg -> classified as: Plots / Charts
[KUNzEQMWU7] figure_Sample_A.jpg -> classified as: Qualitative Examples
[KUNzEQMWU7] figure_15.jpg -> classified as: Plots / Charts
[KUNzEQMWU7] figure_2.jpg -> classified as: Qualitative Examples
[KUNzEQMWU7] figure_38.jpg -> classified as: Plots / Charts
[KUNzEQMWU7] figure_20.jpg -> classified as: Qualitative Examples
[KUNzEQMWU7] figure_119.jpg -> classified as: Qualitative Examples
[KUNzEQMWU7] figure_53.jpg -> classified as: Other
  -> Skipping second pass (Other)
[KUNzEQMWU7] figure_11.jpg -> classified as: Other
  -> Skipping second pass (Other)
[KUNzEQMWU7] figure_87.jpg -> classified as: Other
  -> Skipping second pass (Other)
[KUNzEQMWU7] figure_35.jpg -> classified as: Plots / Charts
[KUNzEQMWU7] figure_58.jpg -> classified as: Plots / Charts
[KUNzEQMWU7] figure_52.jpg -> classified as: Other
  -> Skipping second pass (Other)
[KUNzEQMWU7] figure_7.jpg -> classified as: Other
  -> Skipping second pass (Other)
[KUNzEQMWU7] figure_34.jpg -> classified as: Plots / Charts
[KUNzEQMWU7] figure_3.jpg -> classified as: Plots / Charts
[KUNzEQMWU7] figure_unnamed_figure.jpg -> classified as: Plots / Charts
[KUNzEQMWU7] figure_33.jpg -> classified as: Plots / Charts
[KUNzEQMWU7] figure_4.jpg -> classified as: Plots / Charts
[KUNzEQMWU7] figure_36.jpg -> classified as: Plots / Charts
[KUNzEQMWU7] figure_2_1.jpg -> classified as: Plots / Charts
[KUNzEQMWU7] figure_31.jpg -> classified as: Plots / Charts
[KUNzEQMWU7] figure_17.jpg -> classified as: Plots / Charts
[KUNzEQMWU7] figure_LLaMA-Adapter-V2__No,_Dark.jpg -> classified as: Plots / Charts
[KUNzEQMWU7] figure_1.jpg -> classified as: Plots / Charts
[KUNzEQMWU7] figure_27.jpg -> classified as: Plots / Charts
[KUNzEQMWU7] figure_3_1.jpg -> classified as: Plots / Charts
[KUNzEQMWU7] figure_105.jpg -> classified as: Other
  -> Skipping second pass (Other)
[KUNzEQMWU7] figure_37.jpg -> classified as: Plots / Charts
[KUNzEQMWU7] figure_8.jpg -> classified as: Qualitative Examples
[KUNzEQMWU7] figure_12.jpg -> classified as: Plots / Charts
[KUNzEQMWU7] figure_25.jpg -> classified as: Plots / Charts
[KUNzEQMWU7] figure_21.jpg -> classified as: Plots / Charts
[KUNzEQMWU7] figure_Sample_B_Mass.jpg -> classified as: Other
  -> Skipping second pass (Other)
[KUNzEQMWU7] figure_114.jpg -> classified as: Qualitative Examples
[KUNzEQMWU7] figure_26.jpg -> classified as: Plots / Charts
[KUNzEQMWU7] figure_14.jpg -> classified as: Other
  -> Skipping second pass (Other)
[KUNzEQMWU7] figure_32.jpg -> classified as: Plots / Charts
[KUNzEQMWU7] figure_16.jpg -> classified as: Plots / Charts
[KUNzEQMWU7] figure_10.jpg -> classified as: Other
  -> Skipping second pass (Other)
[KUpUO7aSSg] figure_5.jpg -> classified as: Qualitative Examples
[KUpUO7aSSg] figure_2.jpg -> classified as: Architecture Diagram
[KUpUO7aSSg] figure_3.jpg -> classified as: Plots / Charts
[KUpUO7aSSg] figure_4.jpg -> classified as: Qualitative Examples
[KUpUO7aSSg] figure_1.jpg -> classified as: Qualitative Examples
[KVIeFJmU9J] figure_2.jpg -> classified as: Plots / Charts
[KVIeFJmU9J] figure_1.jpg -> classified as: Architecture Diagram
[KW3aAxkhE1] figure_5.jpg -> classified as: Qualitative Examples
[KW3aAxkhE1] figure_6.jpg -> classified as: Qualitative Examples
[KW3aAxkhE1] figure_2.jpg -> classified as: Plots / Charts
[KW3aAxkhE1] figure_11.jpg -> classified as: Qualitative Examples
[KW3aAxkhE1] figure_7.jpg -> classified as: Qualitative Examples
[KW3aAxkhE1] figure_3.jpg -> classified as: Qualitative Examples
[KW3aAxkhE1] figure_4.jpg -> classified as: Qualitative Examples
[KW3aAxkhE1] figure_1.jpg -> classified as: Qualitative Examples
[KW6B6s1X82] figure_5.jpg -> classified as: Qualitative Examples
[KW6B6s1X82] figure_6.jpg -> classified as: Qualitative Examples
[KW6B6s1X82] figure_9.jpg -> classified as: Plots / Charts
[KW6B6s1X82] figure_13.jpg -> classified as: Qualitative Examples
[KW6B6s1X82] figure_2.jpg -> classified as: Architecture Diagram
[KW6B6s1X82] figure_11.jpg -> classified as: Qualitative Examples
[KW6B6s1X82] figure_7.jpg -> classified as: Qualitative Examples
[KW6B6s1X82] figure_4.jpg -> classified as: Plots / Charts
[KW6B6s1X82] figure_1.jpg -> classified as: Architecture Diagram
[KW6B6s1X82] figure_8.jpg -> classified as: Architecture Diagram
[KW6B6s1X82] figure_12.jpg -> classified as: Qualitative Examples
[KW6B6s1X82] figure_14.jpg -> classified as: Qualitative Examples
[KW6B6s1X82] figure_10.jpg -> classified as: Qualitative Examples
[KWo4w1UXs8] figure_5.jpg -> classified as: Qualitative Examples
[KWo4w1UXs8] figure_6.jpg -> classified as: Qualitative Examples
[KWo4w1UXs8] figure_2.jpg -> classified as: Qualitative Examples
[KWo4w1UXs8] figure_7.jpg -> classified as: Qualitative Examples
[KWo4w1UXs8] figure_3.jpg -> classified as: Architecture Diagram
[KWo4w1UXs8] figure_4.jpg -> classified as: Architecture Diagram
[KWo4w1UXs8] figure_1.jpg -> classified as: Qualitative Examples
[KYOdZRR6nr] figure_19.jpg -> classified as: Architecture Diagram
[KYOdZRR6nr] figure_23.jpg -> classified as: Qualitative Examples
[KYOdZRR6nr] figure_24.jpg -> classified as: Qualitative Examples
[KYOdZRR6nr] figure_5.jpg -> classified as: Architecture Diagram
[KYOdZRR6nr] figure_6.jpg -> classified as: Qualitative Examples
[KYOdZRR6nr] figure_9.jpg -> classified as: Qualitative Examples
[KYOdZRR6nr] figure_28.jpg -> classified as: Qualitative Examples
[KYOdZRR6nr] figure_18.jpg -> classified as: Plots / Charts
[KYOdZRR6nr] figure_13.jpg -> classified as: Qualitative Examples
[KYOdZRR6nr] figure_15.jpg -> classified as: Architecture Diagram
[KYOdZRR6nr] figure_2.jpg -> classified as: Qualitative Examples
[KYOdZRR6nr] figure_20.jpg -> classified as: Qualitative Examples
[KYOdZRR6nr] figure_11.jpg -> classified as: Qualitative Examples
[KYOdZRR6nr] figure_7.jpg -> classified as: Qualitative Examples
[KYOdZRR6nr] figure_3.jpg -> classified as: Architecture Diagram
[KYOdZRR6nr] figure_4.jpg -> classified as: Architecture Diagram
[KYOdZRR6nr] figure_17.jpg -> classified as: Architecture Diagram
[KYOdZRR6nr] figure_1.jpg -> classified as: Plots / Charts
[KYOdZRR6nr] figure_27.jpg -> classified as: Qualitative Examples
[KYOdZRR6nr] figure_21_1.jpg -> classified as: Plots / Charts
[KYOdZRR6nr] figure_8.jpg -> classified as: Qualitative Examples
[KYOdZRR6nr] figure_12.jpg -> classified as: Qualitative Examples
[KYOdZRR6nr] figure_25.jpg -> classified as: Qualitative Examples
[KYOdZRR6nr] figure_21.jpg -> classified as: Plots / Charts
[KYOdZRR6nr] figure_26.jpg -> classified as: Qualitative Examples
[KYOdZRR6nr] figure_14.jpg -> classified as: Plots / Charts
[KYOdZRR6nr] figure_16.jpg -> classified as: Architecture Diagram
[KYOdZRR6nr] figure_10.jpg -> classified as: Plots / Charts
[KYxxSgwRxf] figure_5.jpg -> classified as: Plots / Charts
[KYxxSgwRxf] figure_6.jpg -> classified as: Qualitative Examples
[KYxxSgwRxf] figure_9.jpg -> classified as: Plots / Charts
[KYxxSgwRxf] figure_2.jpg -> classified as: Architecture Diagram
[KYxxSgwRxf] figure_7.jpg -> classified as: Plots / Charts
[KYxxSgwRxf] figure_3.jpg -> classified as: Plots / Charts
[KYxxSgwRxf] figure_4.jpg -> classified as: Qualitative Examples
[KYxxSgwRxf] figure_1.jpg -> classified as: Qualitative Examples
[KYxxSgwRxf] figure_8.jpg -> classified as: Plots / Charts
[KYxxSgwRxf] figure_10.jpg -> classified as: Qualitative Examples
[KZgo2YQbhc] figure_5.jpg -> classified as: Qualitative Examples
[KZgo2YQbhc] figure_9.jpg -> classified as: Qualitative Examples
[KZgo2YQbhc] figure_13.jpg -> classified as: Architecture Diagram
[KZgo2YQbhc] figure_2.jpg -> classified as: Qualitative Examples
[KZgo2YQbhc] figure_11.jpg -> classified as: Qualitative Examples
[KZgo2YQbhc] figure_7.jpg -> classified as: Qualitative Examples
[KZgo2YQbhc] figure_3.jpg -> classified as: Plots / Charts
[KZgo2YQbhc] figure_4.jpg -> classified as: Qualitative Examples
[KZgo2YQbhc] figure_1.jpg -> classified as: Plots / Charts
[KZgo2YQbhc] figure_8.jpg -> classified as: Qualitative Examples
[KZgo2YQbhc] figure_12.jpg -> classified as: Qualitative Examples
[KZgo2YQbhc] figure_14.jpg -> classified as: Qualitative Examples
[KZgo2YQbhc] figure_10.jpg -> classified as: Plots / Charts
[KaYXsoCxV7] figure_5.jpg -> classified as: Plots / Charts
[KaYXsoCxV7] figure_6.jpg -> classified as: Plots / Charts
[KaYXsoCxV7] figure_2.jpg -> classified as: Plots / Charts
[KaYXsoCxV7] figure_7.jpg -> classified as: Plots / Charts
[KaYXsoCxV7] figure_3.jpg -> classified as: Plots / Charts
[KaYXsoCxV7] figure_4.jpg -> classified as: Plots / Charts
[KaYXsoCxV7] figure_1.jpg -> classified as: Plots / Charts
[Kb9PnkWYNT] figure_5.jpg -> classified as: Qualitative Examples
[Kb9PnkWYNT] figure_S_11.jpg -> classified as: Qualitative Examples
[Kb9PnkWYNT] figure_9.jpg -> classified as: Qualitative Examples
[Kb9PnkWYNT] figure_2.jpg -> classified as: Other
  -> Skipping second pass (Other)
[Kb9PnkWYNT] figure_S_12.jpg -> classified as: Plots / Charts
[Kb9PnkWYNT] figure_S_2.jpg -> classified as: Plots / Charts
[Kb9PnkWYNT] figure_S_3.jpg -> classified as: Plots / Charts
[Kb9PnkWYNT] figure_7.jpg -> classified as: Qualitative Examples
[Kb9PnkWYNT] figure_S_8.jpg -> classified as: Qualitative Examples
[Kb9PnkWYNT] figure_3.jpg -> classified as: Qualitative Examples
[Kb9PnkWYNT] figure_S_9.jpg -> classified as: Plots / Charts
[Kb9PnkWYNT] figure_4.jpg -> classified as: Other
  -> Skipping second pass (Other)
[Kb9PnkWYNT] figure_S_5.jpg -> classified as: Qualitative Examples
[Kb9PnkWYNT] figure_1.jpg -> classified as: Qualitative Examples
[Kb9PnkWYNT] figure_S_1.jpg -> classified as: Plots / Charts
[Kb9PnkWYNT] figure_S.jpg -> classified as: Plots / Charts
[Kb9PnkWYNT] figure_8.jpg -> classified as: Qualitative Examples
[Kb9PnkWYNT] figure_S_10.jpg -> classified as: Qualitative Examples
[Kb9PnkWYNT] figure_S_4.jpg -> classified as: Qualitative Examples
[Kb9PnkWYNT] figure_S_7.jpg -> classified as: Qualitative Examples
[Kb9PnkWYNT] figure_S_6.jpg -> classified as: Qualitative Examples
[Kb9PnkWYNT] figure_10.jpg -> classified as: Plots / Charts
[KbCh7zbw2K] figure_5.jpg -> classified as: Qualitative Examples
[KbCh7zbw2K] figure_6.jpg -> classified as: Qualitative Examples
[KbCh7zbw2K] figure_9.jpg -> classified as: Qualitative Examples
[KbCh7zbw2K] figure_2.jpg -> classified as: Architecture Diagram
[KbCh7zbw2K] figure_11.jpg -> classified as: Plots / Charts
[KbCh7zbw2K] figure_7.jpg -> classified as: Qualitative Examples
[KbCh7zbw2K] figure_3.jpg -> classified as: Architecture Diagram
[KbCh7zbw2K] figure_4.jpg -> classified as: Qualitative Examples
[KbCh7zbw2K] figure_1.jpg -> classified as: Architecture Diagram
[KbCh7zbw2K] figure_8.jpg -> classified as: Qualitative Examples
[KbCh7zbw2K] figure_12.jpg -> classified as: Qualitative Examples
[KbCh7zbw2K] figure_10.jpg -> classified as: Qualitative Examples
[KfkmwYQXWh] figure_5.jpg -> classified as: Qualitative Examples
[KfkmwYQXWh] figure_6.jpg -> classified as: Plots / Charts
[KfkmwYQXWh] figure_2.jpg -> classified as: Qualitative Examples
[KfkmwYQXWh] figure_7.jpg -> classified as: Qualitative Examples
[KfkmwYQXWh] figure_3.jpg -> classified as: Qualitative Examples
[KfkmwYQXWh] figure_4.jpg -> classified as: Architecture Diagram
[KfkmwYQXWh] figure_2_1.jpg -> classified as: Architecture Diagram
[KfkmwYQXWh] figure_1.jpg -> classified as: Qualitative Examples
[KfkmwYQXWh] figure_3_1.jpg -> classified as: Qualitative Examples
[KfkmwYQXWh] figure_1_1.jpg -> classified as: Architecture Diagram
[Kfpaq5CJPy] figure_5.jpg -> classified as: Plots / Charts
[Kfpaq5CJPy] figure_2.jpg -> classified as: Plots / Charts
[Kfpaq5CJPy] figure_3.jpg -> classified as: Qualitative Examples
[Kfpaq5CJPy] figure_4.jpg -> classified as: Qualitative Examples
[Kfpaq5CJPy] figure_1.jpg -> classified as: Qualitative Examples
[Kh5OS3oNlg] figure_5.jpg -> classified as: Plots / Charts
[Kh5OS3oNlg] figure_6.jpg -> classified as: Plots / Charts
[Kh5OS3oNlg] figure_2.jpg -> classified as: Architecture Diagram
[Kh5OS3oNlg] figure_7.jpg -> classified as: Plots / Charts
[Kh5OS3oNlg] figure_3.jpg -> classified as: Plots / Charts
[Kh5OS3oNlg] figure_1.jpg -> classified as: Qualitative Examples
[Kh5OS3oNlg] figure_8.jpg -> classified as: Qualitative Examples
[KiH8QXn2pk] figure_5.jpg -> classified as: Qualitative Examples
[KiH8QXn2pk] figure_6.jpg -> classified as: Other
  -> Skipping second pass (Other)
[KiH8QXn2pk] figure_2.jpg -> classified as: Architecture Diagram
[KiH8QXn2pk] figure_7.jpg -> classified as: Architecture Diagram
[KiH8QXn2pk] figure_3.jpg -> classified as: Architecture Diagram
[KiH8QXn2pk] figure_4.jpg -> classified as: Plots / Charts
[KiH8QXn2pk] figure_1.jpg -> classified as: Architecture Diagram
[KiH8QXn2pk] figure_8.jpg -> classified as: Architecture Diagram
[KjegfPGRde] figure_5.jpg -> classified as: Plots / Charts
[KjegfPGRde] figure_6.jpg -> classified as: Plots / Charts
[KjegfPGRde] figure_2.jpg -> classified as: Architecture Diagram
[KjegfPGRde] figure_3.jpg -> classified as: Plots / Charts
[KjegfPGRde] figure_4.jpg -> classified as: Plots / Charts
[KjegfPGRde] figure_1.jpg -> classified as: Architecture Diagram
[KkrDUGIASk] figure_6.jpg -> classified as: Qualitative Examples
[KkrDUGIASk] figure_9.jpg -> classified as: Qualitative Examples
[KkrDUGIASk] figure_2.jpg -> classified as: Architecture Diagram
[KkrDUGIASk] figure_7.jpg -> classified as: Architecture Diagram
[KkrDUGIASk] figure_3.jpg -> classified as: Architecture Diagram
[KkrDUGIASk] figure_4.jpg -> classified as: Plots / Charts
[KkrDUGIASk] figure_1.jpg -> classified as: Other
  -> Skipping second pass (Other)
[KkrDUGIASk] figure_8.jpg -> classified as: Plots / Charts
[KkrDUGIASk] figure_10.jpg -> classified as: Qualitative Examples
[KlN00vQEY2] figure_5.jpg -> classified as: Plots / Charts
[KlN00vQEY2] figure_6.jpg -> classified as: Plots / Charts
[KlN00vQEY2] figure_9.jpg -> classified as: Plots / Charts
[KlN00vQEY2] figure_13.jpg -> classified as: Plots / Charts
[KlN00vQEY2] figure_2.jpg -> classified as: Plots / Charts
[KlN00vQEY2] figure_11.jpg -> classified as: Plots / Charts
[KlN00vQEY2] figure_7.jpg -> classified as: Plots / Charts
[KlN00vQEY2] figure_3.jpg -> classified as: Plots / Charts
[KlN00vQEY2] figure_4.jpg -> classified as: Plots / Charts
[KlN00vQEY2] figure_1.jpg -> classified as: Plots / Charts
[KlN00vQEY2] figure_8.jpg -> classified as: Plots / Charts
[KlN00vQEY2] figure_10.jpg -> classified as: Plots / Charts
[KlhEEcSILs] figure_5.jpg -> classified as: Qualitative Examples
[KlhEEcSILs] figure_6.jpg -> classified as: Qualitative Examples
[KlhEEcSILs] figure_2.jpg -> classified as: Qualitative Examples
[KlhEEcSILs] figure_7.jpg -> classified as: Plots / Charts
[KlhEEcSILs] figure_3.jpg -> classified as: Architecture Diagram
[KlhEEcSILs] figure_4.jpg -> classified as: Architecture Diagram
[KlhEEcSILs] figure_1.jpg -> classified as: Plots / Charts
[KlxK4ncqWZ] figure_2.jpg -> classified as: Plots / Charts
[KlxK4ncqWZ] figure_1.jpg -> classified as: Plots / Charts
[KmQEsIfhr9] figure_5.jpg -> classified as: Plots / Charts
[KmQEsIfhr9] figure_6.jpg -> classified as: Plots / Charts
[KmQEsIfhr9] figure_9.jpg -> classified as: Plots / Charts
[KmQEsIfhr9] figure_13.jpg -> classified as: Plots / Charts
[KmQEsIfhr9] figure_15.jpg -> classified as: Plots / Charts
[KmQEsIfhr9] figure_2.jpg -> classified as: Plots / Charts
[KmQEsIfhr9] figure_11.jpg -> classified as: Plots / Charts
[KmQEsIfhr9] figure_7.jpg -> classified as: Qualitative Examples
[KmQEsIfhr9] figure_3.jpg -> classified as: Plots / Charts
[KmQEsIfhr9] figure_4.jpg -> classified as: Qualitative Examples
[KmQEsIfhr9] figure_1.jpg -> classified as: Plots / Charts
[KmQEsIfhr9] figure_8.jpg -> classified as: Plots / Charts
[KmQEsIfhr9] figure_12.jpg -> classified as: Plots / Charts
[KmQEsIfhr9] figure_14.jpg -> classified as: Plots / Charts
[KmQEsIfhr9] figure_16.jpg -> classified as: Plots / Charts
[KmQEsIfhr9] figure_10.jpg -> classified as: Plots / Charts
[KncRpAnprQ] figure_2.jpg -> classified as: Qualitative Examples
[KncRpAnprQ] figure_1.jpg -> classified as: Architecture Diagram
[KqbCvIFBY7] figure_5.jpg -> classified as: Plots / Charts
[KqbCvIFBY7] figure_6.jpg -> classified as: Qualitative Examples
[KqbCvIFBY7] figure_9.jpg -> classified as: Qualitative Examples
[KqbCvIFBY7] figure_13.jpg -> classified as: Plots / Charts
[KqbCvIFBY7] figure_2.jpg -> classified as: Plots / Charts
[KqbCvIFBY7] figure_11.jpg -> classified as: Qualitative Examples
[KqbCvIFBY7] figure_7.jpg -> classified as: Plots / Charts
[KqbCvIFBY7] figure_3.jpg -> classified as: Qualitative Examples
[KqbCvIFBY7] figure_4.jpg -> classified as: Plots / Charts
[KqbCvIFBY7] figure_1.jpg -> classified as: Plots / Charts
[KqbCvIFBY7] figure_8.jpg -> classified as: Qualitative Examples
[KqbCvIFBY7] figure_12.jpg -> classified as: Qualitative Examples
[KqbCvIFBY7] figure_10.jpg -> classified as: Qualitative Examples
[KrK6zXbjfO] figure_6.jpg -> classified as: Qualitative Examples
[KrK6zXbjfO] figure_9.jpg -> classified as: Plots / Charts
[KrK6zXbjfO] figure_Prompt__“Distant_honking.jpg -> classified as: Plots / Charts
[KrK6zXbjfO] figure_13.jpg -> classified as: Qualitative Examples
[KrK6zXbjfO] figure_2.jpg -> classified as: Architecture Diagram
[KrK6zXbjfO] figure_11.jpg -> classified as: Plots / Charts
[KrK6zXbjfO] figure_7.jpg -> classified as: Qualitative Examples
[KrK6zXbjfO] figure_1.jpg -> classified as: Plots / Charts
[KrK6zXbjfO] figure_8.jpg -> classified as: Qualitative Examples
[KrK6zXbjfO] figure_12.jpg -> classified as: Plots / Charts
[KrK6zXbjfO] figure_Prompt__“Thunder_claps,.jpg -> classified as: Qualitative Examples
[KrK6zXbjfO] figure_10.jpg -> classified as: Plots / Charts
[KsVlV2CRya] figure_5.jpg -> classified as: Plots / Charts
[KsVlV2CRya] figure_2.jpg -> classified as: Architecture Diagram
[KsVlV2CRya] figure_3.jpg -> classified as: Qualitative Examples
[KsVlV2CRya] figure_4.jpg -> classified as: Plots / Charts
[KsVlV2CRya] figure_1.jpg -> classified as: Plots / Charts
[Kuh5qgCGCp] figure_5.jpg -> classified as: Plots / Charts
[Kuh5qgCGCp] figure_6.jpg -> classified as: Plots / Charts
[Kuh5qgCGCp] figure_9.jpg -> classified as: Qualitative Examples
[Kuh5qgCGCp] figure_2.jpg -> classified as: Plots / Charts
[Kuh5qgCGCp] figure_7.jpg -> classified as: Qualitative Examples
[Kuh5qgCGCp] figure_3.jpg -> classified as: Qualitative Examples
[Kuh5qgCGCp] figure_4.jpg -> classified as: Plots / Charts
[Kuh5qgCGCp] figure_1.jpg -> classified as: Other
  -> Skipping second pass (Other)
[Kuh5qgCGCp] figure_8.jpg -> classified as: Qualitative Examples
[Kuh5qgCGCp] figure_10.jpg -> classified as: Plots / Charts
[Kwm1OyINXt] figure_5.jpg -> classified as: Plots / Charts
[Kwm1OyINXt] figure_6.jpg -> classified as: Plots / Charts
[Kwm1OyINXt] figure_2.jpg -> classified as: Architecture Diagram
[Kwm1OyINXt] figure_7.jpg -> classified as: Plots / Charts
[Kwm1OyINXt] figure_3.jpg -> classified as: Architecture Diagram
[Kwm1OyINXt] figure_4.jpg -> classified as: Plots / Charts
[Kwm1OyINXt] figure_1.jpg -> classified as: Plots / Charts
[KxGGZag9gW] figure_5.jpg -> classified as: Qualitative Examples
[KxGGZag9gW] figure_6.jpg -> classified as: Qualitative Examples
[KxGGZag9gW] figure_9.jpg -> classified as: Qualitative Examples
[KxGGZag9gW] figure_2.jpg -> classified as: Architecture Diagram
[KxGGZag9gW] figure_11.jpg -> classified as: Plots / Charts
[KxGGZag9gW] figure_7.jpg -> classified as: Qualitative Examples
[KxGGZag9gW] figure_3.jpg -> classified as: Plots / Charts
[KxGGZag9gW] figure_4.jpg -> classified as: Plots / Charts
[KxGGZag9gW] figure_1.jpg -> classified as: Architecture Diagram
[KxGGZag9gW] figure_8.jpg -> classified as: Qualitative Examples
[KxGGZag9gW] figure_12.jpg -> classified as: Plots / Charts
[KxGGZag9gW] figure_(a)_Training_Loss.jpg -> classified as: Plots / Charts
[KxGGZag9gW] figure_10.jpg -> classified as: Plots / Charts
[KzokzKV4JK] figure_5.jpg -> classified as: Qualitative Examples
[KzokzKV4JK] figure_6.jpg -> classified as: Qualitative Examples
[KzokzKV4JK] figure_2.jpg -> classified as: Architecture Diagram
[KzokzKV4JK] figure_7.jpg -> classified as: Qualitative Examples
[KzokzKV4JK] figure_3.jpg -> classified as: Plots / Charts
[KzokzKV4JK] figure_4.jpg -> classified as: Plots / Charts
[KzokzKV4JK] figure_1.jpg -> classified as: Qualitative Examples
[KzokzKV4JK] figure_8.jpg -> classified as: Qualitative Examples
[L07zWidgdW] figure_19.jpg -> classified as: Qualitative Examples
[L07zWidgdW] figure_23.jpg -> classified as: Qualitative Examples
[L07zWidgdW] figure_6.jpg -> classified as: Qualitative Examples
[L07zWidgdW] figure_9.jpg -> classified as: Qualitative Examples
[L07zWidgdW] figure_22.jpg -> classified as: Qualitative Examples
[L07zWidgdW] figure_18.jpg -> classified as: Qualitative Examples
[L07zWidgdW] figure_13.jpg -> classified as: Qualitative Examples
[L07zWidgdW] figure_15.jpg -> classified as: Qualitative Examples
[L07zWidgdW] figure_2.jpg -> classified as: Qualitative Examples
[L07zWidgdW] figure_20.jpg -> classified as: Qualitative Examples
[L07zWidgdW] figure_11.jpg -> classified as: Architecture Diagram
[L07zWidgdW] figure_7.jpg -> classified as: Qualitative Examples
[L07zWidgdW] figure_3.jpg -> classified as: Qualitative Examples
[L07zWidgdW] figure_4.jpg -> classified as: Qualitative Examples
[L07zWidgdW] figure_17.jpg -> classified as: Qualitative Examples
[L07zWidgdW] figure_1.jpg -> classified as: Qualitative Examples
[L07zWidgdW] figure_8.jpg -> classified as: Qualitative Examples
[L07zWidgdW] figure_12.jpg -> classified as: Plots / Charts
[L07zWidgdW] figure_21.jpg -> classified as: Qualitative Examples
[L07zWidgdW] figure_14.jpg -> classified as: Qualitative Examples
[L07zWidgdW] figure_16.jpg -> classified as: Qualitative Examples
[L07zWidgdW] figure_10.jpg -> classified as: Other
  -> Skipping second pass (Other)
[L1p3uQ8pzl] figure_2.jpg -> classified as: Plots / Charts
[L1p3uQ8pzl] figure_3.jpg -> classified as: Architecture Diagram
[L1p3uQ8pzl] figure_1.jpg -> classified as: Qualitative Examples
[L4nOxziGf9] figure_2.jpg -> classified as: Architecture Diagram
[L4nOxziGf9] figure_3.jpg -> classified as: Qualitative Examples
[L4nOxziGf9] figure_4.jpg -> classified as: Plots / Charts
[L4nOxziGf9] figure_1.jpg -> classified as: Qualitative Examples
[L5NUDBdHqR] figure_A.jpg -> classified as: Architecture Diagram
[L5NUDBdHqR] figure_5.jpg -> classified as: Qualitative Examples
[L5NUDBdHqR] figure_2.jpg -> classified as: Qualitative Examples
[L5NUDBdHqR] figure_C_1.jpg -> classified as: Plots / Charts
[L5NUDBdHqR] figure_A_1.jpg -> classified as: Architecture Diagram
[L5NUDBdHqR] figure_3.jpg -> classified as: Architecture Diagram
[L5NUDBdHqR] figure_4.jpg -> classified as: Architecture Diagram
[L5NUDBdHqR] figure_C.jpg -> classified as: Qualitative Examples
[L5NUDBdHqR] figure_1.jpg -> classified as: Other
  -> Skipping second pass (Other)
[L5nW2DxI5h] figure_5.jpg -> classified as: Plots / Charts
[L5nW2DxI5h] figure_6.jpg -> classified as: Plots / Charts
[L5nW2DxI5h] figure_2.jpg -> classified as: Architecture Diagram
[L5nW2DxI5h] figure_3.jpg -> classified as: Plots / Charts
[L5nW2DxI5h] figure_4.jpg -> classified as: Plots / Charts
[L5nW2DxI5h] figure_1.jpg -> classified as: Architecture Diagram
[L6IgkJvcgV] figure_6.jpg -> classified as: Plots / Charts
[L6IgkJvcgV] figure_9.jpg -> classified as: Plots / Charts
[L6IgkJvcgV] figure_2.jpg -> classified as: Architecture Diagram
[L6IgkJvcgV] figure_11.jpg -> classified as: Qualitative Examples
[L6IgkJvcgV] figure_7.jpg -> classified as: Plots / Charts
[L6IgkJvcgV] figure_3.jpg -> classified as: Plots / Charts
[L6IgkJvcgV] figure_4.jpg -> classified as: Plots / Charts
[L6IgkJvcgV] figure_1.jpg -> classified as: Plots / Charts
[L6IgkJvcgV] figure_8.jpg -> classified as: Plots / Charts
[L6IgkJvcgV] figure_10.jpg -> classified as: Qualitative Examples
[L6r9t0HtqQ] figure_2.jpg -> classified as: Architecture Diagram
[L6r9t0HtqQ] figure_3.jpg -> classified as: Qualitative Examples
[L6r9t0HtqQ] figure_4.jpg -> classified as: Qualitative Examples
[L6r9t0HtqQ] figure_1.jpg -> classified as: Plots / Charts
[L7LwHpjMTQ] figure_2.jpg -> classified as: Plots / Charts
[L7LwHpjMTQ] figure_3.jpg -> classified as: Qualitative Examples
[L7LwHpjMTQ] figure_1.jpg -> classified as: Architecture Diagram
[LAEd3kHao9] figure_5.jpg -> classified as: Plots / Charts
[LAEd3kHao9] figure_6.jpg -> classified as: Plots / Charts
[LAEd3kHao9] figure_9.jpg -> classified as: Plots / Charts
[LAEd3kHao9] figure_2.jpg -> classified as: Architecture Diagram
[LAEd3kHao9] figure_7.jpg -> classified as: Plots / Charts
[LAEd3kHao9] figure_3.jpg -> classified as: Architecture Diagram
[LAEd3kHao9] figure_4.jpg -> classified as: Architecture Diagram
[LAEd3kHao9] figure_1.jpg -> classified as: Qualitative Examples
[LAEd3kHao9] figure_8.jpg -> classified as: Qualitative Examples
[LBl7Hez0fF] figure_5.jpg -> classified as: Plots / Charts
[LBl7Hez0fF] figure_6.jpg -> classified as: Plots / Charts
[LBl7Hez0fF] figure_2.jpg -> classified as: Plots / Charts
[LBl7Hez0fF] figure_7.jpg -> classified as: Qualitative Examples
[LBl7Hez0fF] figure_3.jpg -> classified as: Architecture Diagram
[LBl7Hez0fF] figure_4.jpg -> classified as: Plots / Charts
[LBl7Hez0fF] figure_1.jpg -> classified as: Qualitative Examples
[LBl7Hez0fF] figure_8.jpg -> classified as: Plots / Charts
[LC6ZtQV6u2] figure_5.jpg -> classified as: Plots / Charts
[LC6ZtQV6u2] figure_6.jpg -> classified as: Plots / Charts
[LC6ZtQV6u2] figure_2.jpg -> classified as: Plots / Charts
[LC6ZtQV6u2] figure_7.jpg -> classified as: Plots / Charts
[LC6ZtQV6u2] figure_3.jpg -> classified as: Qualitative Examples
[LC6ZtQV6u2] figure_1.jpg -> classified as: Plots / Charts
[LC6ZtQV6u2] figure_8.jpg -> classified as: Other
  -> Skipping second pass (Other)
[LDAj4UJ4aL] figure_5.jpg -> classified as: Architecture Diagram
[LDAj4UJ4aL] figure_6.jpg -> classified as: Plots / Charts
[LDAj4UJ4aL] figure_2.jpg -> classified as: Architecture Diagram
[LDAj4UJ4aL] figure_7.jpg -> classified as: Plots / Charts
[LDAj4UJ4aL] figure_3.jpg -> classified as: Plots / Charts
[LDAj4UJ4aL] figure_1.jpg -> classified as: Architecture Diagram
[LDtNetvNQp] figure_5.jpg -> classified as: Plots / Charts
[LDtNetvNQp] figure_9.jpg -> classified as: Qualitative Examples
[LDtNetvNQp] figure_2.jpg -> classified as: Architecture Diagram
[LDtNetvNQp] figure_11.jpg -> classified as: Qualitative Examples
[LDtNetvNQp] figure_7.jpg -> classified as: Qualitative Examples
[LDtNetvNQp] figure_3.jpg -> classified as: Architecture Diagram
[LDtNetvNQp] figure_4.jpg -> classified as: Architecture Diagram
[LDtNetvNQp] figure_1.jpg -> classified as: Architecture Diagram
[LDtNetvNQp] figure_8.jpg -> classified as: Qualitative Examples
[LDtNetvNQp] figure_10.jpg -> classified as: Qualitative Examples
[LEYUkvdUhq] figure_5.jpg -> classified as: Architecture Diagram
[LEYUkvdUhq] figure_6.jpg -> classified as: Plots / Charts
[LEYUkvdUhq] figure_7.jpg -> classified as: Plots / Charts
[LEYUkvdUhq] figure_3.jpg -> classified as: Architecture Diagram
[LEYUkvdUhq] figure_4.jpg -> classified as: Architecture Diagram
[LEYUkvdUhq] figure_1.jpg -> classified as: Architecture Diagram
[LEYUkvdUhq] figure_8.jpg -> classified as: Plots / Charts
[LH2JNpfwdH] figure_5.jpg -> classified as: Plots / Charts
[LH2JNpfwdH] figure_6.jpg -> classified as: Plots / Charts
[LH2JNpfwdH] figure_2.jpg -> classified as: Qualitative Examples
[LH2JNpfwdH] figure_7.jpg -> classified as: Architecture Diagram
[LH2JNpfwdH] figure_3.jpg -> classified as: Qualitative Examples
[LH2JNpfwdH] figure_4.jpg -> classified as: Qualitative Examples
[LH2JNpfwdH] figure_1.jpg -> classified as: Architecture Diagram
[LIBLIlk5M9] figure_5.jpg -> classified as: Qualitative Examples
[LIBLIlk5M9] figure_6.jpg -> classified as: Qualitative Examples
[LIBLIlk5M9] figure_9.jpg -> classified as: Qualitative Examples
[LIBLIlk5M9] figure_13.jpg -> classified as: Qualitative Examples
[LIBLIlk5M9] figure_15.jpg -> classified as: Qualitative Examples
[LIBLIlk5M9] figure_2.jpg -> classified as: Plots / Charts
[LIBLIlk5M9] figure_11.jpg -> classified as: Qualitative Examples
[LIBLIlk5M9] figure_7.jpg -> classified as: Plots / Charts
[LIBLIlk5M9] figure_3.jpg -> classified as: Qualitative Examples
[LIBLIlk5M9] figure_4.jpg -> classified as: Qualitative Examples
[LIBLIlk5M9] figure_1.jpg -> classified as: Qualitative Examples
[LIBLIlk5M9] figure_8.jpg -> classified as: Qualitative Examples
[LIBLIlk5M9] figure_12.jpg -> classified as: Qualitative Examples
[LIBLIlk5M9] figure_14.jpg -> classified as: Qualitative Examples
[LIBLIlk5M9] figure_16.jpg -> classified as: Qualitative Examples
[LIBLIlk5M9] figure_10.jpg -> classified as: Plots / Charts
[LJWPYzjDz4] figure_5.jpg -> classified as: Qualitative Examples
[LJWPYzjDz4] figure_6.jpg -> classified as: Plots / Charts
[LJWPYzjDz4] figure_9.jpg -> classified as: Qualitative Examples
[LJWPYzjDz4] figure_2.jpg -> classified as: Architecture Diagram
[LJWPYzjDz4] figure_7.jpg -> classified as: Plots / Charts
[LJWPYzjDz4] figure_3.jpg -> classified as: Other
  -> Skipping second pass (Other)
[LJWPYzjDz4] figure_4.jpg -> classified as: Plots / Charts
[LJWPYzjDz4] figure_1.jpg -> classified as: Plots / Charts
[LJWPYzjDz4] figure_8.jpg -> classified as: Qualitative Examples
[LM4PYXBId5] figure_19.jpg -> classified as: Plots / Charts
[LM4PYXBId5] figure_5.jpg -> classified as: Plots / Charts
[LM4PYXBId5] figure_6.jpg -> classified as: Plots / Charts
[LM4PYXBId5] figure_9.jpg -> classified as: Plots / Charts
[LM4PYXBId5] figure_22.jpg -> classified as: Plots / Charts
[LM4PYXBId5] figure_18.jpg -> classified as: Plots / Charts
[LM4PYXBId5] figure_13.jpg -> classified as: Plots / Charts
[LM4PYXBId5] figure_15.jpg -> classified as: Plots / Charts
[LM4PYXBId5] figure_2.jpg -> classified as: Plots / Charts
[LM4PYXBId5] figure_20.jpg -> classified as: Plots / Charts
[LM4PYXBId5] figure_11.jpg -> classified as: Plots / Charts
[LM4PYXBId5] figure_7.jpg -> classified as: Plots / Charts
[LM4PYXBId5] figure_3.jpg -> classified as: Plots / Charts
[LM4PYXBId5] figure_4.jpg -> classified as: Plots / Charts
[LM4PYXBId5] figure_17.jpg -> classified as: Plots / Charts
[LM4PYXBId5] figure_1.jpg -> classified as: Other
  -> Skipping second pass (Other)
[LM4PYXBId5] figure_8.jpg -> classified as: Plots / Charts
[LM4PYXBId5] figure_12.jpg -> classified as: Plots / Charts
[LM4PYXBId5] figure_21.jpg -> classified as: Plots / Charts
[LM4PYXBId5] figure_14.jpg -> classified as: Plots / Charts
[LM4PYXBId5] figure_16.jpg -> classified as: Plots / Charts
[LM4PYXBId5] figure_10.jpg -> classified as: Plots / Charts
[LNL7zKvm7e] figure_5.jpg -> classified as: Plots / Charts
[LNL7zKvm7e] figure_6.jpg -> classified as: Plots / Charts
[LNL7zKvm7e] figure_9.jpg -> classified as: Qualitative Examples
[LNL7zKvm7e] figure_2.jpg -> classified as: Architecture Diagram
[LNL7zKvm7e] figure_11.jpg -> classified as: Qualitative Examples
[LNL7zKvm7e] figure_7.jpg -> classified as: Plots / Charts
[LNL7zKvm7e] figure_loss_values_correlate.jpg -> classified as: Qualitative Examples
[LNL7zKvm7e] figure_3.jpg -> classified as: Plots / Charts
[LNL7zKvm7e] figure_4.jpg -> classified as: Plots / Charts
[LNL7zKvm7e] figure_1.jpg -> classified as: Architecture Diagram
[LNL7zKvm7e] figure_10.jpg -> classified as: Qualitative Examples
[LNLjU5C5dK] figure_2.jpg -> classified as: Plots / Charts
[LNLjU5C5dK] figure_3.jpg -> classified as: Plots / Charts
[LNLjU5C5dK] figure_1.jpg -> classified as: Qualitative Examples
[LPfLsSqrQJ] figure_5.jpg -> classified as: Plots / Charts
[LPfLsSqrQJ] figure_6.jpg -> classified as: Qualitative Examples
[LPfLsSqrQJ] figure_2.jpg -> classified as: Architecture Diagram
[LPfLsSqrQJ] figure_7.jpg -> classified as: Plots / Charts
[LPfLsSqrQJ] figure_3.jpg -> classified as: Architecture Diagram
[LPfLsSqrQJ] figure_4.jpg -> classified as: Plots / Charts
[LPfLsSqrQJ] figure_1.jpg -> classified as: Architecture Diagram
[LQzN6TRFg9] figure_Text_Prompt__A_3.jpg -> classified as: Qualitative Examples
[LQzN6TRFg9] figure_5.jpg -> classified as: Qualitative Examples
[LQzN6TRFg9] figure_6.jpg -> classified as: Architecture Diagram
[LQzN6TRFg9] figure_Text_Prompt__A_1.jpg -> classified as: Qualitative Examples
[LQzN6TRFg9] figure_9.jpg -> classified as: Plots / Charts
[LQzN6TRFg9] figure_13.jpg -> classified as: Qualitative Examples
[LQzN6TRFg9] figure_15.jpg -> classified as: Qualitative Examples
[LQzN6TRFg9] figure_2.jpg -> classified as: Plots / Charts
[LQzN6TRFg9] figure_Text_Prompt__An.jpg -> classified as: Qualitative Examples
[LQzN6TRFg9] figure_Text_Prompt__A.jpg -> classified as: Qualitative Examples
[LQzN6TRFg9] figure_11.jpg -> classified as: Qualitative Examples
[LQzN6TRFg9] figure_7.jpg -> classified as: Architecture Diagram
[LQzN6TRFg9] figure_3.jpg -> classified as: Architecture Diagram
[LQzN6TRFg9] figure_tPromptAc_wakthghwarbrkinghsurfcplahinwarigh_pars.jpg -> classified as: Qualitative Examples
[LQzN6TRFg9] figure_ext_Prompt_de.jpg -> classified as: Qualitative Examples
[LQzN6TRFg9] figure_4.jpg -> classified as: Architecture Diagram
[LQzN6TRFg9] figure_Text_Prompt_Three.jpg -> classified as: Plots / Charts
[LQzN6TRFg9] figure_i.jpg -> classified as: Qualitative Examples
[LQzN6TRFg9] figure_up,_the_people.jpg -> classified as: Qualitative Examples
[LQzN6TRFg9] figure_1.jpg -> classified as: Qualitative Examples
[LQzN6TRFg9] figure_Text_Prompt__A_2.jpg -> classified as: Qualitative Examples
[LQzN6TRFg9] figure_8.jpg -> classified as: Plots / Charts
[LQzN6TRFg9] figure_12.jpg -> classified as: Other
  -> Skipping second pass (Other)
[LQzN6TRFg9] figure_14.jpg -> classified as: Qualitative Examples
[LQzN6TRFg9] figure_16.jpg -> classified as: Qualitative Examples
[LQzN6TRFg9] figure_10.jpg -> classified as: Plots / Charts
[LRSspInlN5] figure_5.jpg -> classified as: Plots / Charts
[LRSspInlN5] figure_6.jpg -> classified as: Plots / Charts
[LRSspInlN5] figure_9.jpg -> classified as: Plots / Charts
[LRSspInlN5] figure_13.jpg -> classified as: Plots / Charts
[LRSspInlN5] figure_15.jpg -> classified as: Plots / Charts
[LRSspInlN5] figure_2.jpg -> classified as: Qualitative Examples
[LRSspInlN5] figure_11.jpg -> classified as: Plots / Charts
[LRSspInlN5] figure_7.jpg -> classified as: Plots / Charts
[LRSspInlN5] figure_3.jpg -> classified as: Plots / Charts
[LRSspInlN5] figure_4.jpg -> classified as: Plots / Charts
[LRSspInlN5] figure_1.jpg -> classified as: Architecture Diagram
[LRSspInlN5] figure_8.jpg -> classified as: Plots / Charts
[LRSspInlN5] figure_12.jpg -> classified as: Plots / Charts
[LRSspInlN5] figure_14.jpg -> classified as: Plots / Charts
[LRSspInlN5] figure_16.jpg -> classified as: Plots / Charts
[LRSspInlN5] figure_10.jpg -> classified as: Plots / Charts
[LS1VuhkReU] figure_2.jpg -> classified as: Plots / Charts
[LS1VuhkReU] figure_3.jpg -> classified as: Plots / Charts
[LS1VuhkReU] figure_1.jpg -> classified as: Plots / Charts
[LSp4KBhAom] figure_5.jpg -> classified as: Plots / Charts
[LSp4KBhAom] figure_6.jpg -> classified as: Qualitative Examples
[LSp4KBhAom] figure_9.jpg -> classified as: Qualitative Examples
[LSp4KBhAom] figure_2.jpg -> classified as: Architecture Diagram
[LSp4KBhAom] figure_11.jpg -> classified as: Qualitative Examples
[LSp4KBhAom] figure_7.jpg -> classified as: Qualitative Examples
[LSp4KBhAom] figure_3.jpg -> classified as: Qualitative Examples
[LSp4KBhAom] figure_4.jpg -> classified as: Qualitative Examples
[LSp4KBhAom] figure_1.jpg -> classified as: Qualitative Examples
[LSp4KBhAom] figure_8.jpg -> classified as: Plots / Charts
[LSp4KBhAom] figure_12.jpg -> classified as: Qualitative Examples
[LSp4KBhAom] figure_10.jpg -> classified as: Plots / Charts
[LTDtjrv02Y] figure_5.jpg -> classified as: Qualitative Examples
[LTDtjrv02Y] figure_6.jpg -> classified as: Qualitative Examples
[LTDtjrv02Y] figure_9.jpg -> classified as: Qualitative Examples
[LTDtjrv02Y] figure_13.jpg -> classified as: Qualitative Examples
[LTDtjrv02Y] figure_2.jpg -> classified as: Qualitative Examples
[LTDtjrv02Y] figure_11.jpg -> classified as: Qualitative Examples
[LTDtjrv02Y] figure_7.jpg -> classified as: Qualitative Examples
[LTDtjrv02Y] figure_3.jpg -> classified as: Architecture Diagram
[LTDtjrv02Y] figure_4.jpg -> classified as: Architecture Diagram
[LTDtjrv02Y] figure_1.jpg -> classified as: Architecture Diagram
[LTDtjrv02Y] figure_8.jpg -> classified as: Qualitative Examples
[LTDtjrv02Y] figure_12.jpg -> classified as: Qualitative Examples
[LTDtjrv02Y] figure_14.jpg -> classified as: Qualitative Examples
[LTDtjrv02Y] figure_10.jpg -> classified as: Qualitative Examples
[LW55JrLYPg] figure_2.jpg -> classified as: Plots / Charts
[LW55JrLYPg] figure_3.jpg -> classified as: Plots / Charts
[LW55JrLYPg] figure_4.jpg -> classified as: Plots / Charts
[LW55JrLYPg] figure_1.jpg -> classified as: Plots / Charts
[LWqeF78c1q] figure_5.jpg -> classified as: Plots / Charts
[LWqeF78c1q] figure_6.jpg -> classified as: Plots / Charts
[LWqeF78c1q] figure_9.jpg -> classified as: Qualitative Examples
[LWqeF78c1q] figure_2.jpg -> classified as: Plots / Charts
[LWqeF78c1q] figure_7.jpg -> classified as: Plots / Charts
[LWqeF78c1q] figure_3.jpg -> classified as: Plots / Charts
[LWqeF78c1q] figure_4.jpg -> classified as: Plots / Charts
[LWqeF78c1q] figure_1.jpg -> classified as: Qualitative Examples
[LWqeF78c1q] figure_8.jpg -> classified as: Plots / Charts
[LWqeF78c1q] figure_10.jpg -> classified as: Qualitative Examples
[LXVswInHOo] figure_6.jpg -> classified as: Plots / Charts
[LXVswInHOo] figure_2.jpg -> classified as: Plots / Charts
[LXVswInHOo] figure_3.jpg -> classified as: Plots / Charts
[LXVswInHOo] figure_4.jpg -> classified as: Plots / Charts
[LXVswInHOo] figure_1.jpg -> classified as: Architecture Diagram
[LY3ukUANko] figure_5.jpg -> classified as: Plots / Charts
[LY3ukUANko] figure_6.jpg -> classified as: Plots / Charts
[LY3ukUANko] figure_9.jpg -> classified as: Architecture Diagram
[LY3ukUANko] figure_2.jpg -> classified as: Plots / Charts
[LY3ukUANko] figure_11.jpg -> classified as: Architecture Diagram
[LY3ukUANko] figure_7.jpg -> classified as: Plots / Charts
[LY3ukUANko] figure_3.jpg -> classified as: Plots / Charts
[LY3ukUANko] figure_4.jpg -> classified as: Plots / Charts
[LY3ukUANko] figure_1.jpg -> classified as: Plots / Charts
[LY3ukUANko] figure_8.jpg -> classified as: Plots / Charts
[LY3ukUANko] figure_10.jpg -> classified as: Architecture Diagram
[LZfjxvqw0N] figure_5.jpg -> classified as: Qualitative Examples
[LZfjxvqw0N] figure_6.jpg -> classified as: Plots / Charts
[LZfjxvqw0N] figure_9.jpg -> classified as: Plots / Charts
[LZfjxvqw0N] figure_18.jpg -> classified as: Qualitative Examples
[LZfjxvqw0N] figure_13.jpg -> classified as: Qualitative Examples
[LZfjxvqw0N] figure_15.jpg -> classified as: Qualitative Examples
[LZfjxvqw0N] figure_2.jpg -> classified as: Qualitative Examples
[LZfjxvqw0N] figure_11.jpg -> classified as: Qualitative Examples
[LZfjxvqw0N] figure_7.jpg -> classified as: Plots / Charts
[LZfjxvqw0N] figure_3.jpg -> classified as: Architecture Diagram
[LZfjxvqw0N] figure_4.jpg -> classified as: Architecture Diagram
[LZfjxvqw0N] figure_17.jpg -> classified as: Qualitative Examples
[LZfjxvqw0N] figure_1.jpg -> classified as: Qualitative Examples
[LZfjxvqw0N] figure_8.jpg -> classified as: Plots / Charts
[LZfjxvqw0N] figure_12.jpg -> classified as: Plots / Charts
[LZfjxvqw0N] figure_14.jpg -> classified as: Qualitative Examples
[LZfjxvqw0N] figure_16.jpg -> classified as: Qualitative Examples
[LZfjxvqw0N] figure_10.jpg -> classified as: Qualitative Examples
[LbEWwJOufy] figure_5.jpg -> classified as: Architecture Diagram
[LbEWwJOufy] figure_6.jpg -> classified as: Architecture Diagram
[LbEWwJOufy] figure_3.jpg -> classified as: Architecture Diagram
[LbEWwJOufy] figure_4.jpg -> classified as: Plots / Charts
[LbEWwJOufy] figure_1.jpg -> classified as: Qualitative Examples
[LbEWwJOufy] figure_8.jpg -> classified as: Qualitative Examples
[LcoOwM5y7r] figure_19.jpg -> classified as: Qualitative Examples
[LcoOwM5y7r] figure_5.jpg -> classified as: Qualitative Examples
[LcoOwM5y7r] figure_6.jpg -> classified as: Qualitative Examples
[LcoOwM5y7r] figure_9.jpg -> classified as: Qualitative Examples
[LcoOwM5y7r] figure_18.jpg -> classified as: Architecture Diagram
[LcoOwM5y7r] figure_13.jpg -> classified as: Qualitative Examples
[LcoOwM5y7r] figure_15.jpg -> classified as: Qualitative Examples
[LcoOwM5y7r] figure_2.jpg -> classified as: Architecture Diagram
[LcoOwM5y7r] figure_20.jpg -> classified as: Qualitative Examples
[LcoOwM5y7r] figure_11.jpg -> classified as: Plots / Charts
[LcoOwM5y7r] figure_7.jpg -> classified as: Qualitative Examples
[LcoOwM5y7r] figure_3.jpg -> classified as: Qualitative Examples
[LcoOwM5y7r] figure_4.jpg -> classified as: Qualitative Examples
[LcoOwM5y7r] figure_17.jpg -> classified as: Qualitative Examples
[LcoOwM5y7r] figure_1.jpg -> classified as: Qualitative Examples
[LcoOwM5y7r] figure_8.jpg -> classified as: Qualitative Examples
[LcoOwM5y7r] figure_12.jpg -> classified as: Qualitative Examples
[LcoOwM5y7r] figure_14.jpg -> classified as: Qualitative Examples
[LcoOwM5y7r] figure_16.jpg -> classified as: Qualitative Examples
[LcoOwM5y7r] figure_10.jpg -> classified as: Qualitative Examples
[Let8OMe20n] figure_5.jpg -> classified as: Qualitative Examples
[Let8OMe20n] figure_6.jpg -> classified as: Plots / Charts
[Let8OMe20n] figure_9.jpg -> classified as: Plots / Charts
[Let8OMe20n] figure_7.jpg -> classified as: Qualitative Examples
[Let8OMe20n] figure_3.jpg -> classified as: Architecture Diagram
[Let8OMe20n] figure_4.jpg -> classified as: Qualitative Examples
[Let8OMe20n] figure_1.jpg -> classified as: Qualitative Examples
[Let8OMe20n] figure_8.jpg -> classified as: Plots / Charts
[LfDUzzQa3g] figure_2.jpg -> classified as: Architecture Diagram
[LfDUzzQa3g] figure_3.jpg -> classified as: Architecture Diagram
[LfDUzzQa3g] figure_4.jpg -> classified as: Plots / Charts
[LfDUzzQa3g] figure_1.jpg -> classified as: Architecture Diagram
[LfghnrSJNg] figure_5.jpg -> classified as: Plots / Charts
[LfghnrSJNg] figure_6.jpg -> classified as: Qualitative Examples
[LfghnrSJNg] figure_9.jpg -> classified as: Qualitative Examples
[LfghnrSJNg] figure_2.jpg -> classified as: Architecture Diagram
[LfghnrSJNg] figure_11.jpg -> classified as: Plots / Charts
[LfghnrSJNg] figure_7.jpg -> classified as: Architecture Diagram
[LfghnrSJNg] figure_3.jpg -> classified as: Architecture Diagram
[LfghnrSJNg] figure_4.jpg -> classified as: Qualitative Examples
[LfghnrSJNg] figure_1.jpg -> classified as: Other
  -> Skipping second pass (Other)
[LfghnrSJNg] figure_8.jpg -> classified as: Architecture Diagram
[LfghnrSJNg] figure_10.jpg -> classified as: Plots / Charts
[LieTse3fQB] figure_5.jpg -> classified as: Qualitative Examples
[LieTse3fQB] figure_6.jpg -> classified as: Qualitative Examples
[LieTse3fQB] figure_9.jpg -> classified as: Qualitative Examples
[LieTse3fQB] figure_2.jpg -> classified as: Architecture Diagram
[LieTse3fQB] figure_7.jpg -> classified as: Qualitative Examples
[LieTse3fQB] figure_3.jpg -> classified as: Architecture Diagram
[LieTse3fQB] figure_4.jpg -> classified as: Qualitative Examples
[LieTse3fQB] figure_1.jpg -> classified as: Qualitative Examples
[LieTse3fQB] figure_8.jpg -> classified as: Qualitative Examples
[LjeqMvQpen] figure_5.jpg -> classified as: Plots / Charts
[LjeqMvQpen] figure_6.jpg -> classified as: Architecture Diagram
[LjeqMvQpen] figure_9.jpg -> classified as: Plots / Charts
[LjeqMvQpen] figure_2.jpg -> classified as: Architecture Diagram
[LjeqMvQpen] figure_11.jpg -> classified as: Plots / Charts
[LjeqMvQpen] figure_7.jpg -> classified as: Plots / Charts
[LjeqMvQpen] figure_3.jpg -> classified as: Architecture Diagram
[LjeqMvQpen] figure_4.jpg -> classified as: Plots / Charts
[LjeqMvQpen] figure_1.jpg -> classified as: Architecture Diagram
[LjeqMvQpen] figure_8.jpg -> classified as: Plots / Charts
[LjeqMvQpen] figure_12.jpg -> classified as: Plots / Charts
[LjeqMvQpen] figure_10.jpg -> classified as: Plots / Charts
[LlZ929lua7] figure_5.jpg -> classified as: Plots / Charts
[LlZ929lua7] figure_6.jpg -> classified as: Qualitative Examples
[LlZ929lua7] figure_13.jpg -> classified as: Qualitative Examples
[LlZ929lua7] figure_2.jpg -> classified as: Architecture Diagram
[LlZ929lua7] figure_11.jpg -> classified as: Architecture Diagram
[LlZ929lua7] figure_7.jpg -> classified as: Plots / Charts
[LlZ929lua7] figure_3.jpg -> classified as: Architecture Diagram
[LlZ929lua7] figure_4.jpg -> classified as: Plots / Charts
[LlZ929lua7] figure_1.jpg -> classified as: Qualitative Examples
[LlZ929lua7] figure_8.jpg -> classified as: Plots / Charts
[LlZ929lua7] figure_12.jpg -> classified as: Plots / Charts
[LoXJlAW3gU] figure_5.jpg -> classified as: Plots / Charts
[LoXJlAW3gU] figure_9.jpg -> classified as: Plots / Charts
[LoXJlAW3gU] figure_13.jpg -> classified as: Plots / Charts
[LoXJlAW3gU] figure_15.jpg -> classified as: Plots / Charts
[LoXJlAW3gU] figure_2.jpg -> classified as: Plots / Charts
[LoXJlAW3gU] figure_11.jpg -> classified as: Qualitative Examples
[LoXJlAW3gU] figure_7.jpg -> classified as: Plots / Charts
[LoXJlAW3gU] figure_3.jpg -> classified as: Plots / Charts
[LoXJlAW3gU] figure_4.jpg -> classified as: Qualitative Examples
[LoXJlAW3gU] figure_1.jpg -> classified as: Plots / Charts
[LoXJlAW3gU] figure_8.jpg -> classified as: Qualitative Examples
[LoXJlAW3gU] figure_12.jpg -> classified as: Plots / Charts
[LoXJlAW3gU] figure_14.jpg -> classified as: Architecture Diagram
[LoXJlAW3gU] figure_10.jpg -> classified as: Plots / Charts
[LokR2TTFMs] figure_2.jpg -> classified as: Architecture Diagram
[LokR2TTFMs] figure_3.jpg -> classified as: Qualitative Examples
[LokR2TTFMs] figure_1.jpg -> classified as: Architecture Diagram
[Lp40Z40N07] figure_S15.jpg -> classified as: Qualitative Examples
[Lp40Z40N07] figure_S1.jpg -> classified as: Plots / Charts
[Lp40Z40N07] figure_S11.jpg -> classified as: Qualitative Examples
[Lp40Z40N07] figure_5.jpg -> classified as: Plots / Charts
[Lp40Z40N07] figure_6.jpg -> classified as: Qualitative Examples
[Lp40Z40N07] figure_S2.jpg -> classified as: Plots / Charts
[Lp40Z40N07] figure_S9.jpg -> classified as: Qualitative Examples
[Lp40Z40N07] figure_9.jpg -> classified as: Qualitative Examples
[Lp40Z40N07] figure_13.jpg -> classified as: Qualitative Examples
[Lp40Z40N07] figure_S6.jpg -> classified as: Qualitative Examples
[Lp40Z40N07] figure_2.jpg -> classified as: Other
  -> Skipping second pass (Other)
[Lp40Z40N07] figure_S8.jpg -> classified as: Qualitative Examples
[Lp40Z40N07] figure_11.jpg -> classified as: Qualitative Examples
[Lp40Z40N07] figure_S5.jpg -> classified as: Qualitative Examples
[Lp40Z40N07] figure_7.jpg -> classified as: Qualitative Examples
[Lp40Z40N07] figure_3.jpg -> classified as: Architecture Diagram
[Lp40Z40N07] figure_S7.jpg -> classified as: Qualitative Examples
[Lp40Z40N07] figure_S4.jpg -> classified as: Qualitative Examples
[Lp40Z40N07] figure_S13.jpg -> classified as: Qualitative Examples
[Lp40Z40N07] figure_4.jpg -> classified as: Plots / Charts
[Lp40Z40N07] figure_S14.jpg -> classified as: Qualitative Examples
[Lp40Z40N07] figure_S16.jpg -> classified as: Qualitative Examples
[Lp40Z40N07] figure_8.jpg -> classified as: Qualitative Examples
[Lp40Z40N07] figure_12.jpg -> classified as: Qualitative Examples
[Lp40Z40N07] figure_S12.jpg -> classified as: Qualitative Examples
[Lp40Z40N07] figure_S3.jpg -> classified as: Plots / Charts
[Lp40Z40N07] figure_S10.jpg -> classified as: Qualitative Examples
[Lp40Z40N07] figure_10.jpg -> classified as: Plots / Charts
[LppenBe0fr] figure_19.jpg -> classified as: Qualitative Examples
[LppenBe0fr] figure_23.jpg -> classified as: Qualitative Examples
[LppenBe0fr] figure_24.jpg -> classified as: Qualitative Examples
[LppenBe0fr] figure_5.jpg -> classified as: Architecture Diagram
[LppenBe0fr] figure_6.jpg -> classified as: Qualitative Examples
[LppenBe0fr] figure_9.jpg -> classified as: Architecture Diagram
[LppenBe0fr] figure_22.jpg -> classified as: Plots / Charts
[LppenBe0fr] figure_18.jpg -> classified as: Plots / Charts
[LppenBe0fr] figure_13.jpg -> classified as: Plots / Charts
[LppenBe0fr] figure_15.jpg -> classified as: Plots / Charts
[LppenBe0fr] figure_2.jpg -> classified as: Architecture Diagram
[LppenBe0fr] figure_20.jpg -> classified as: Plots / Charts
[LppenBe0fr] figure_11.jpg -> classified as: Qualitative Examples
[LppenBe0fr] figure_7.jpg -> classified as: Qualitative Examples
[LppenBe0fr] figure_3.jpg -> classified as: Plots / Charts
[LppenBe0fr] figure_4.jpg -> classified as: Qualitative Examples
[LppenBe0fr] figure_17.jpg -> classified as: Plots / Charts
[LppenBe0fr] figure_1.jpg -> classified as: Plots / Charts
[LppenBe0fr] figure_8.jpg -> classified as: Qualitative Examples
[LppenBe0fr] figure_12.jpg -> classified as: Qualitative Examples
[LppenBe0fr] figure_21.jpg -> classified as: Qualitative Examples
[LppenBe0fr] figure_14.jpg -> classified as: Architecture Diagram
[LppenBe0fr] figure_16.jpg -> classified as: Plots / Charts
[LppenBe0fr] figure_10.jpg -> classified as: Qualitative Examples
[LqB8cRuBua] figure_5.jpg -> classified as: Plots / Charts
[LqB8cRuBua] figure_6.jpg -> classified as: Plots / Charts
[LqB8cRuBua] figure_2.jpg -> classified as: Architecture Diagram
[LqB8cRuBua] figure_3.jpg -> classified as: Architecture Diagram
[LqB8cRuBua] figure_4.jpg -> classified as: Plots / Charts
[LqB8cRuBua] figure_1.jpg -> classified as: Other
  -> Skipping second pass (Other)
[LqaEEs3UxU] figure_5.jpg -> classified as: Qualitative Examples
[LqaEEs3UxU] figure_6.jpg -> classified as: Qualitative Examples
[LqaEEs3UxU] figure_2.jpg -> classified as: Architecture Diagram
[LqaEEs3UxU] figure_3.jpg -> classified as: Architecture Diagram
[LqaEEs3UxU] figure_4.jpg -> classified as: Qualitative Examples
[LqaEEs3UxU] figure_1.jpg -> classified as: Architecture Diagram
[Lqwk6tNVEi] figure_5.jpg -> classified as: Plots / Charts
[Lqwk6tNVEi] figure_6.jpg -> classified as: Plots / Charts
[Lqwk6tNVEi] figure_2.jpg -> classified as: Architecture Diagram
[Lqwk6tNVEi] figure_3.jpg -> classified as: Plots / Charts
[Lqwk6tNVEi] figure_4.jpg -> classified as: Architecture Diagram
[Lqwk6tNVEi] figure_1.jpg -> classified as: Architecture Diagram
[LtuRgL03pI] figure_(a)_Put_a.jpg -> classified as: Qualitative Examples
[LtuRgL03pI] figure_5.jpg -> classified as: Qualitative Examples
[LtuRgL03pI] figure_6.jpg -> classified as: Qualitative Examples
[LtuRgL03pI] figure_9.jpg -> classified as: Qualitative Examples
[LtuRgL03pI] figure_13.jpg -> classified as: Qualitative Examples
[LtuRgL03pI] figure_15.jpg -> classified as: Qualitative Examples
[LtuRgL03pI] figure_2.jpg -> classified as: Architecture Diagram
[LtuRgL03pI] figure_11.jpg -> classified as: Qualitative Examples
[LtuRgL03pI] figure_7.jpg -> classified as: Qualitative Examples
[LtuRgL03pI] figure_3.jpg -> classified as: Architecture Diagram
[LtuRgL03pI] figure_4.jpg -> classified as: Plots / Charts
[LtuRgL03pI] figure_17.jpg -> classified as: Qualitative Examples
[LtuRgL03pI] figure_1.jpg -> classified as: Architecture Diagram
[LtuRgL03pI] figure_8.jpg -> classified as: Qualitative Examples
[LtuRgL03pI] figure_12.jpg -> classified as: Qualitative Examples
[LtuRgL03pI] figure_14.jpg -> classified as: Qualitative Examples
[LtuRgL03pI] figure_16.jpg -> classified as: Qualitative Examples
[LtuRgL03pI] figure_10.jpg -> classified as: Qualitative Examples
[LuGHbK8qTa] figure_19.jpg -> classified as: Qualitative Examples
[LuGHbK8qTa] figure_23.jpg -> classified as: Qualitative Examples
[LuGHbK8qTa] figure_24.jpg -> classified as: Qualitative Examples
[LuGHbK8qTa] figure_5.jpg -> classified as: Qualitative Examples
[LuGHbK8qTa] figure_6.jpg -> classified as: Qualitative Examples
[LuGHbK8qTa] figure_9.jpg -> classified as: Qualitative Examples
[LuGHbK8qTa] figure_22.jpg -> classified as: Qualitative Examples
[LuGHbK8qTa] figure_18.jpg -> classified as: Qualitative Examples
[LuGHbK8qTa] figure_13.jpg -> classified as: Qualitative Examples
[LuGHbK8qTa] figure_15.jpg -> classified as: Qualitative Examples
[LuGHbK8qTa] figure_2.jpg -> classified as: Qualitative Examples
[LuGHbK8qTa] figure_20.jpg -> classified as: Qualitative Examples
[LuGHbK8qTa] figure_11.jpg -> classified as: Qualitative Examples
[LuGHbK8qTa] figure_7.jpg -> classified as: Qualitative Examples
[LuGHbK8qTa] figure_3.jpg -> classified as: Architecture Diagram
[LuGHbK8qTa] figure_4.jpg -> classified as: Qualitative Examples
[LuGHbK8qTa] figure_17.jpg -> classified as: Qualitative Examples
[LuGHbK8qTa] figure_1.jpg -> classified as: Qualitative Examples
[LuGHbK8qTa] figure_8.jpg -> classified as: Architecture Diagram
[LuGHbK8qTa] figure_12.jpg -> classified as: Qualitative Examples
[LuGHbK8qTa] figure_25.jpg -> classified as: Qualitative Examples
[LuGHbK8qTa] figure_21.jpg -> classified as: Qualitative Examples
[LuGHbK8qTa] figure_26.jpg -> classified as: Qualitative Examples
[LuGHbK8qTa] figure_14.jpg -> classified as: Qualitative Examples
[LuGHbK8qTa] figure_16.jpg -> classified as: Qualitative Examples
[LuGHbK8qTa] figure_10.jpg -> classified as: Qualitative Examples
[LvTSvdiSwG] figure_2.jpg -> classified as: Other
  -> Skipping second pass (Other)
[LvTSvdiSwG] figure_K1.jpg -> classified as: Architecture Diagram
[LvTSvdiSwG] figure_3.jpg -> classified as: Plots / Charts
[LvTSvdiSwG] figure_I1.jpg -> classified as: Plots / Charts
[LvTSvdiSwG] figure_1.jpg -> classified as: Architecture Diagram
[LvjSLnMlwY] figure_30.jpg -> classified as: Qualitative Examples
[LvjSLnMlwY] figure_19.jpg -> classified as: Plots / Charts
[LvjSLnMlwY] figure_23.jpg -> classified as: Plots / Charts
[LvjSLnMlwY] figure_29.jpg -> classified as: Plots / Charts
[LvjSLnMlwY] figure_24.jpg -> classified as: Plots / Charts
[LvjSLnMlwY] figure_5.jpg -> classified as: Plots / Charts
[LvjSLnMlwY] figure_6.jpg -> classified as: Plots / Charts
[LvjSLnMlwY] figure_9.jpg -> classified as: Plots / Charts
[LvjSLnMlwY] figure_22.jpg -> classified as: Plots / Charts
[LvjSLnMlwY] figure_28.jpg -> classified as: Qualitative Examples
[LvjSLnMlwY] figure_18.jpg -> classified as: Plots / Charts
[LvjSLnMlwY] figure_13.jpg -> classified as: Plots / Charts
[LvjSLnMlwY] figure_15.jpg -> classified as: Plots / Charts
[LvjSLnMlwY] figure_2.jpg -> classified as: Qualitative Examples
[LvjSLnMlwY] figure_20.jpg -> classified as: Plots / Charts
[LvjSLnMlwY] figure_11.jpg -> classified as: Plots / Charts
[LvjSLnMlwY] figure_7.jpg -> classified as: Plots / Charts
[LvjSLnMlwY] figure_34.jpg -> classified as: Qualitative Examples
[LvjSLnMlwY] figure_3.jpg -> classified as: Plots / Charts
[LvjSLnMlwY] figure_33.jpg -> classified as: Qualitative Examples
[LvjSLnMlwY] figure_4.jpg -> classified as: Plots / Charts
[LvjSLnMlwY] figure_31.jpg -> classified as: Plots / Charts
[LvjSLnMlwY] figure_17.jpg -> classified as: Plots / Charts
[LvjSLnMlwY] figure_1.jpg -> classified as: Qualitative Examples
[LvjSLnMlwY] figure_27.jpg -> classified as: Qualitative Examples
[LvjSLnMlwY] figure_8.jpg -> classified as: Plots / Charts
[LvjSLnMlwY] figure_12.jpg -> classified as: Plots / Charts
[LvjSLnMlwY] figure_25.jpg -> classified as: Plots / Charts
[LvjSLnMlwY] figure_21.jpg -> classified as: Plots / Charts
[LvjSLnMlwY] figure_26.jpg -> classified as: Plots / Charts
[LvjSLnMlwY] figure_14.jpg -> classified as: Plots / Charts
[LvjSLnMlwY] figure_32.jpg -> classified as: Other
  -> Skipping second pass (Other)
[LvjSLnMlwY] figure_16.jpg -> classified as: Plots / Charts
[LvjSLnMlwY] figure_10.jpg -> classified as: Plots / Charts
[LvlqEaXJbe] figure_2.jpg -> classified as: Plots / Charts
[Lxc4nBkJuq] figure_S1.jpg -> classified as: Other
  -> Skipping second pass (Other)
[Lxc4nBkJuq] figure_S2.jpg -> classified as: Plots / Charts
[Lxc4nBkJuq] figure_2.jpg -> classified as: Plots / Charts
[Lxc4nBkJuq] figure_(b)_Different_initial.jpg -> classified as: Plots / Charts
[Lxc4nBkJuq] figure_3.jpg -> classified as: Plots / Charts
[Lxc4nBkJuq] figure_4.jpg -> classified as: Plots / Charts
[Lxc4nBkJuq] figure_1.jpg -> classified as: Plots / Charts
[LyJi5ugyJx] figure_5.jpg -> classified as: Plots / Charts
[LyJi5ugyJx] figure_6.jpg -> classified as: Plots / Charts
[LyJi5ugyJx] figure_9.jpg -> classified as: Qualitative Examples
[LyJi5ugyJx] figure_13.jpg -> classified as: Qualitative Examples
[LyJi5ugyJx] figure_2.jpg -> classified as: Qualitative Examples
[LyJi5ugyJx] figure_11.jpg -> classified as: Qualitative Examples
[LyJi5ugyJx] figure_7.jpg -> classified as: Plots / Charts
[LyJi5ugyJx] figure_3.jpg -> classified as: Plots / Charts
[LyJi5ugyJx] figure_4.jpg -> classified as: Plots / Charts
[LyJi5ugyJx] figure_1.jpg -> classified as: Plots / Charts
[LyJi5ugyJx] figure_8.jpg -> classified as: Qualitative Examples
[LyJi5ugyJx] figure_12.jpg -> classified as: Qualitative Examples
[LyJi5ugyJx] figure_10.jpg -> classified as: Qualitative Examples
[M0MF4t3hE9] figure_5.jpg -> classified as: Plots / Charts
[M0MF4t3hE9] figure_9.jpg -> classified as: Qualitative Examples
[M0MF4t3hE9] figure_11.jpg -> classified as: Qualitative Examples
[M0MF4t3hE9] figure_7.jpg -> classified as: Qualitative Examples
[M0MF4t3hE9] figure_3.jpg -> classified as: Architecture Diagram
[M0MF4t3hE9] figure_4.jpg -> classified as: Qualitative Examples
[M0MF4t3hE9] figure_Phase_1__DetCLIP.jpg -> classified as: Architecture Diagram
[M0MF4t3hE9] figure_1.jpg -> classified as: Qualitative Examples
[M0MF4t3hE9] figure_8.jpg -> classified as: Qualitative Examples
[M0MF4t3hE9] figure_12.jpg -> classified as: Qualitative Examples
[M0MF4t3hE9] figure_10.jpg -> classified as: Qualitative Examples
[M11LONBkx1] figure_5.jpg -> classified as: Plots / Charts
[M11LONBkx1] figure_6.jpg -> classified as: Plots / Charts
[M11LONBkx1] figure_9.jpg -> classified as: Architecture Diagram
[M11LONBkx1] figure_2.jpg -> classified as: Qualitative Examples
[M11LONBkx1] figure_11.jpg -> classified as: Plots / Charts
[M11LONBkx1] figure_7.jpg -> classified as: Plots / Charts
[M11LONBkx1] figure_3.jpg -> classified as: Plots / Charts
[M11LONBkx1] figure_4.jpg -> classified as: Plots / Charts
[M11LONBkx1] figure_1.jpg -> classified as: Plots / Charts
[M11LONBkx1] figure_8.jpg -> classified as: Plots / Charts
[M11LONBkx1] figure_10.jpg -> classified as: Plots / Charts
[M29nUGozPa] figure_5.jpg -> classified as: Architecture Diagram
[M29nUGozPa] figure_6.jpg -> classified as: Plots / Charts
[M29nUGozPa] figure_9.jpg -> classified as: Plots / Charts
[M29nUGozPa] figure_13.jpg -> classified as: Architecture Diagram
[M29nUGozPa] figure_15.jpg -> classified as: Plots / Charts
[M29nUGozPa] figure_2.jpg -> classified as: Plots / Charts
[M29nUGozPa] figure_11.jpg -> classified as: Plots / Charts
[M29nUGozPa] figure_7.jpg -> classified as: Plots / Charts
[M29nUGozPa] figure_3.jpg -> classified as: Plots / Charts
[M29nUGozPa] figure_4.jpg -> classified as: Plots / Charts
[M29nUGozPa] figure_1.jpg -> classified as: Architecture Diagram
[M29nUGozPa] figure_8.jpg -> classified as: Plots / Charts
[M29nUGozPa] figure_12.jpg -> classified as: Plots / Charts
[M29nUGozPa] figure_14.jpg -> classified as: Plots / Charts
[M29nUGozPa] figure_16.jpg -> classified as: Plots / Charts
[M29nUGozPa] figure_10.jpg -> classified as: Plots / Charts
[M2SsqpxGtc] figure_5.jpg -> classified as: Qualitative Examples
[M2SsqpxGtc] figure_6.jpg -> classified as: Qualitative Examples
[M2SsqpxGtc] figure_2.jpg -> classified as: Architecture Diagram
[M2SsqpxGtc] figure_3.jpg -> classified as: Qualitative Examples
[M2SsqpxGtc] figure_4.jpg -> classified as: Qualitative Examples
[M2SsqpxGtc] figure_1.jpg -> classified as: Qualitative Examples
[M4J8OtcqT0] figure_5.jpg -> classified as: Other
  -> Skipping second pass (Other)
[M4J8OtcqT0] figure_6.jpg -> classified as: Plots / Charts
[M4J8OtcqT0] figure_18.jpg -> classified as: Qualitative Examples
[M4J8OtcqT0] figure_13.jpg -> classified as: Qualitative Examples
[M4J8OtcqT0] figure_15.jpg -> classified as: Qualitative Examples
[M4J8OtcqT0] figure_2.jpg -> classified as: Architecture Diagram
[M4J8OtcqT0] figure_11.jpg -> classified as: Other
  -> Skipping second pass (Other)
[M4J8OtcqT0] figure_4.jpg -> classified as: Qualitative Examples
[M4J8OtcqT0] figure_17.jpg -> classified as: Qualitative Examples
[M4J8OtcqT0] figure_1.jpg -> classified as: Qualitative Examples
[M4J8OtcqT0] figure_8.jpg -> classified as: Other
  -> Skipping second pass (Other)
[M4J8OtcqT0] figure_12.jpg -> classified as: Other
  -> Skipping second pass (Other)
[M4J8OtcqT0] figure_14.jpg -> classified as: Plots / Charts
[M4J8OtcqT0] figure_16.jpg -> classified as: Plots / Charts
[M4J8OtcqT0] figure_10.jpg -> classified as: Other
  -> Skipping second pass (Other)
[M5t0WvjfCg] figure_5.jpg -> classified as: Plots / Charts
[M5t0WvjfCg] figure_6.jpg -> classified as: Qualitative Examples
[M5t0WvjfCg] figure_9.jpg -> classified as: Architecture Diagram
[M5t0WvjfCg] figure_13.jpg -> classified as: Architecture Diagram
[M5t0WvjfCg] figure_2.jpg -> classified as: Plots / Charts
[M5t0WvjfCg] figure_11.jpg -> classified as: Qualitative Examples
[M5t0WvjfCg] figure_3.jpg -> classified as: Architecture Diagram
[M5t0WvjfCg] figure_4.jpg -> classified as: Plots / Charts
[M5t0WvjfCg] figure_1.jpg -> classified as: Qualitative Examples
[M5t0WvjfCg] figure_8.jpg -> classified as: Qualitative Examples
[M5t0WvjfCg] figure_12.jpg -> classified as: Qualitative Examples
[M5t0WvjfCg] figure_14.jpg -> classified as: Plots / Charts
[M5t0WvjfCg] figure_10.jpg -> classified as: Other
  -> Skipping second pass (Other)
[M6fYrICcQs] figure_5.jpg -> classified as: Qualitative Examples
[M6fYrICcQs] figure_6.jpg -> classified as: Qualitative Examples
[M6fYrICcQs] figure_9.jpg -> classified as: Qualitative Examples
[M6fYrICcQs] figure_2.jpg -> classified as: Architecture Diagram
[M6fYrICcQs] figure_11.jpg -> classified as: Qualitative Examples
[M6fYrICcQs] figure_7.jpg -> classified as: Plots / Charts
[M6fYrICcQs] figure_3.jpg -> classified as: Qualitative Examples
[M6fYrICcQs] figure_4.jpg -> classified as: Plots / Charts
[M6fYrICcQs] figure_1.jpg -> classified as: Plots / Charts
[M6fYrICcQs] figure_8.jpg -> classified as: Qualitative Examples
[M6fYrICcQs] figure_10.jpg -> classified as: Qualitative Examples
[M8J0b9gNfG] figure_5.jpg -> classified as: Plots / Charts
[M8J0b9gNfG] figure_2.jpg -> classified as: Plots / Charts
[M8J0b9gNfG] figure_3.jpg -> classified as: Plots / Charts
[M8J0b9gNfG] figure_4.jpg -> classified as: Qualitative Examples
[M8J0b9gNfG] figure_1.jpg -> classified as: Architecture Diagram
[M8gXSFGkn2] figure_5.jpg -> classified as: Plots / Charts
[M8gXSFGkn2] figure_6.jpg -> classified as: Plots / Charts
[M8gXSFGkn2] figure_9.jpg -> classified as: Plots / Charts
[M8gXSFGkn2] figure_13.jpg -> classified as: Plots / Charts
[M8gXSFGkn2] figure_#C_C_puts.jpg -> classified as: Other
  -> Skipping second pass (Other)
[M8gXSFGkn2] figure_15.jpg -> classified as: Qualitative Examples
[M8gXSFGkn2] figure_2.jpg -> classified as: Plots / Charts
[M8gXSFGkn2] figure_11.jpg -> classified as: Plots / Charts
[M8gXSFGkn2] figure_#C_C_picks.jpg -> classified as: Qualitative Examples
[M8gXSFGkn2] figure_7.jpg -> classified as: Plots / Charts
[M8gXSFGkn2] figure_3.jpg -> classified as: Plots / Charts
[M8gXSFGkn2] figure_4.jpg -> classified as: Architecture Diagram
[M8gXSFGkn2] figure_17.jpg -> classified as: Qualitative Examples
[M8gXSFGkn2] figure_1.jpg -> classified as: Other
  -> Skipping second pass (Other)
[M8gXSFGkn2] figure_8.jpg -> classified as: Plots / Charts
[M8gXSFGkn2] figure_12.jpg -> classified as: Plots / Charts
[M8gXSFGkn2] figure_14.jpg -> classified as: Qualitative Examples
[M8gXSFGkn2] figure_10.jpg -> classified as: Plots / Charts
[M9SKazbVkJ] figure_5.jpg -> classified as: Plots / Charts
[M9SKazbVkJ] figure_6.jpg -> classified as: Plots / Charts
[M9SKazbVkJ] figure_9.jpg -> classified as: Plots / Charts
[M9SKazbVkJ] figure_13.jpg -> classified as: Plots / Charts
[M9SKazbVkJ] figure_2.jpg -> classified as: Plots / Charts
[M9SKazbVkJ] figure_11.jpg -> classified as: Plots / Charts
[M9SKazbVkJ] figure_7.jpg -> classified as: Plots / Charts
[M9SKazbVkJ] figure_3.jpg -> classified as: Plots / Charts
[M9SKazbVkJ] figure_4.jpg -> classified as: Plots / Charts
[M9SKazbVkJ] figure_1.jpg -> classified as: Architecture Diagram
[M9SKazbVkJ] figure_8.jpg -> classified as: Plots / Charts
[M9SKazbVkJ] figure_12.jpg -> classified as: Plots / Charts
[M9SKazbVkJ] figure_14.jpg -> classified as: Plots / Charts
[M9U49u9GA7] figure_2.jpg -> classified as: Plots / Charts
[M9U49u9GA7] figure_3.jpg -> classified as: Plots / Charts
[M9U49u9GA7] figure_4.jpg -> classified as: Plots / Charts
[M9U49u9GA7] figure_1.jpg -> classified as: Architecture Diagram
[MBBRHDuiwM] figure_5.jpg -> classified as: Plots / Charts
[MBBRHDuiwM] figure_6.jpg -> classified as: Plots / Charts
[MBBRHDuiwM] figure_9.jpg -> classified as: Plots / Charts
[MBBRHDuiwM] figure_2.jpg -> classified as: Architecture Diagram
[MBBRHDuiwM] figure_7.jpg -> classified as: Plots / Charts
[MBBRHDuiwM] figure_3.jpg -> classified as: Qualitative Examples
[MBBRHDuiwM] figure_4.jpg -> classified as: Plots / Charts
[MBBRHDuiwM] figure_1.jpg -> classified as: Architecture Diagram
[MBBRHDuiwM] figure_8.jpg -> classified as: Plots / Charts
[MBBRHDuiwM] figure_10.jpg -> classified as: Plots / Charts
[MBDH5zyxHM] figure_5.jpg -> classified as: Qualitative Examples
[MBDH5zyxHM] figure_6.jpg -> classified as: Qualitative Examples
[MBDH5zyxHM] figure_9.jpg -> classified as: Qualitative Examples
[MBDH5zyxHM] figure_13.jpg -> classified as: Qualitative Examples
[MBDH5zyxHM] figure_2.jpg -> classified as: Plots / Charts
[MBDH5zyxHM] figure_11.jpg -> classified as: Plots / Charts
[MBDH5zyxHM] figure_7.jpg -> classified as: Plots / Charts
[MBDH5zyxHM] figure_3.jpg -> classified as: Plots / Charts
[MBDH5zyxHM] figure_4.jpg -> classified as: Qualitative Examples
[MBDH5zyxHM] figure_1.jpg -> classified as: Qualitative Examples
[MBDH5zyxHM] figure_8.jpg -> classified as: Plots / Charts
[MBDH5zyxHM] figure_12.jpg -> classified as: Qualitative Examples
[MBDH5zyxHM] figure_10.jpg -> classified as: Plots / Charts
[MBYHrkgxKf] figure_1.jpg -> classified as: Architecture Diagram
[MBkoYFftRa] figure_5.jpg -> classified as: Qualitative Examples
[MBkoYFftRa] figure_6.jpg -> classified as: Architecture Diagram
[MBkoYFftRa] figure_9.jpg -> classified as: Plots / Charts
[MBkoYFftRa] figure_2.jpg -> classified as: Architecture Diagram
[MBkoYFftRa] figure_11.jpg -> classified as: Qualitative Examples
[MBkoYFftRa] figure_7.jpg -> classified as: Qualitative Examples
[MBkoYFftRa] figure_3.jpg -> classified as: Plots / Charts
[MBkoYFftRa] figure_1.jpg -> classified as: Qualitative Examples
[MBkoYFftRa] figure_8.jpg -> classified as: Plots / Charts
[MBkoYFftRa] figure_10.jpg -> classified as: Qualitative Examples
[MCNqgUFTHI] figure_5.jpg -> classified as: Plots / Charts
[MCNqgUFTHI] figure_2.jpg -> classified as: Plots / Charts
[MCNqgUFTHI] figure_3.jpg -> classified as: Plots / Charts
[MCNqgUFTHI] figure_4.jpg -> classified as: Plots / Charts
[MCNqgUFTHI] figure_1.jpg -> classified as: Architecture Diagram
[MEGQGNUfPx] figure_5.jpg -> classified as: Plots / Charts
[MEGQGNUfPx] figure_6.jpg -> classified as: Plots / Charts
[MEGQGNUfPx] figure_2.jpg -> classified as: Qualitative Examples
[MEGQGNUfPx] figure_3.jpg -> classified as: Plots / Charts
[MEGQGNUfPx] figure_4.jpg -> classified as: Plots / Charts
[MEGQGNUfPx] figure_1.jpg -> classified as: Plots / Charts
[MEztAJjcYZ] figure_2.jpg -> classified as: Plots / Charts
[MEztAJjcYZ] figure_3.jpg -> classified as: Plots / Charts
[MEztAJjcYZ] figure_4.jpg -> classified as: Qualitative Examples
[MEztAJjcYZ] figure_1.jpg -> classified as: Plots / Charts
[MIEnYtlGyv] figure_6.jpg -> classified as: Plots / Charts
[MIEnYtlGyv] figure_9.jpg -> classified as: Qualitative Examples
[MIEnYtlGyv] figure_13.jpg -> classified as: Plots / Charts
[MIEnYtlGyv] figure_15.jpg -> classified as: Plots / Charts
[MIEnYtlGyv] figure_2.jpg -> classified as: Other
  -> Skipping second pass (Other)
[MIEnYtlGyv] figure_11.jpg -> classified as: Plots / Charts
[MIEnYtlGyv] figure_7.jpg -> classified as: Plots / Charts
[MIEnYtlGyv] figure_3.jpg -> classified as: Plots / Charts
[MIEnYtlGyv] figure_unnamed_figure.jpg -> classified as: Plots / Charts
[MIEnYtlGyv] figure_4.jpg -> classified as: Plots / Charts
[MIEnYtlGyv] figure_17.jpg -> classified as: Qualitative Examples
[MIEnYtlGyv] figure_1.jpg -> classified as: Qualitative Examples
[MIEnYtlGyv] figure_Histogram_of_Bond.jpg -> classified as: Plots / Charts
[MIEnYtlGyv] figure_8.jpg -> classified as: Plots / Charts
[MIEnYtlGyv] figure_12.jpg -> classified as: Plots / Charts
[MIEnYtlGyv] figure_14.jpg -> classified as: Plots / Charts
[MIEnYtlGyv] figure_16.jpg -> classified as: Plots / Charts
[MIEnYtlGyv] figure_10.jpg -> classified as: Plots / Charts
[MJ3K7uDGGl] figure_2.jpg -> classified as: Plots / Charts
[MJ3K7uDGGl] figure_3.jpg -> classified as: Plots / Charts
[MJ3K7uDGGl] figure_4.jpg -> classified as: Plots / Charts
[MJ3K7uDGGl] figure_1.jpg -> classified as: Plots / Charts
[MJNywBdSDy] figure_5.jpg -> classified as: Plots / Charts
[MJNywBdSDy] figure_6.jpg -> classified as: Plots / Charts
[MJNywBdSDy] figure_18.jpg -> classified as: Plots / Charts
[MJNywBdSDy] figure_13.jpg -> classified as: Qualitative Examples
[MJNywBdSDy] figure_15.jpg -> classified as: Qualitative Examples
[MJNywBdSDy] figure_2.jpg -> classified as: Plots / Charts
[MJNywBdSDy] figure_11.jpg -> classified as: Plots / Charts
[MJNywBdSDy] figure_7.jpg -> classified as: Plots / Charts
[MJNywBdSDy] figure_3.jpg -> classified as: Plots / Charts
[MJNywBdSDy] figure_4.jpg -> classified as: Plots / Charts
[MJNywBdSDy] figure_17.jpg -> classified as: Qualitative Examples
[MJNywBdSDy] figure_1.jpg -> classified as: Plots / Charts
[MJNywBdSDy] figure_8.jpg -> classified as: Plots / Charts
[MJNywBdSDy] figure_12.jpg -> classified as: Plots / Charts
[MJNywBdSDy] figure_14.jpg -> classified as: Qualitative Examples
[MJNywBdSDy] figure_16.jpg -> classified as: Qualitative Examples
[MJNywBdSDy] figure_10.jpg -> classified as: Plots / Charts
[MJip0YjQkp] figure_5.jpg -> classified as: Architecture Diagram
[MJip0YjQkp] figure_6.jpg -> classified as: Plots / Charts
[MJip0YjQkp] figure_9.jpg -> classified as: Plots / Charts
[MJip0YjQkp] figure_2.jpg -> classified as: Architecture Diagram
[MJip0YjQkp] figure_11.jpg -> classified as: Plots / Charts
[MJip0YjQkp] figure_7.jpg -> classified as: Qualitative Examples
[MJip0YjQkp] figure_3.jpg -> classified as: Qualitative Examples
[MJip0YjQkp] figure_4.jpg -> classified as: Qualitative Examples
[MJip0YjQkp] figure_1.jpg -> classified as: Qualitative Examples
[MJip0YjQkp] figure_8.jpg -> classified as: Qualitative Examples
[MJip0YjQkp] figure_10.jpg -> classified as: Plots / Charts
[MJyqwBVgMs] figure_2.jpg -> classified as: Plots / Charts
[MJyqwBVgMs] figure_3.jpg -> classified as: Qualitative Examples
[MJyqwBVgMs] figure_4.jpg -> classified as: Qualitative Examples
[MJyqwBVgMs] figure_1.jpg -> classified as: Architecture Diagram
[MKvQH1ekeY] figure_19.jpg -> classified as: Plots / Charts
[MKvQH1ekeY] figure_23.jpg -> classified as: Plots / Charts
[MKvQH1ekeY] figure_24.jpg -> classified as: Qualitative Examples
[MKvQH1ekeY] figure_5.jpg -> classified as: Qualitative Examples
[MKvQH1ekeY] figure_6.jpg -> classified as: Plots / Charts
[MKvQH1ekeY] figure_9.jpg -> classified as: Plots / Charts
[MKvQH1ekeY] figure_22.jpg -> classified as: Plots / Charts
[MKvQH1ekeY] figure_18.jpg -> classified as: Qualitative Examples
[MKvQH1ekeY] figure_13.jpg -> classified as: Qualitative Examples
[MKvQH1ekeY] figure_15.jpg -> classified as: Qualitative Examples
[MKvQH1ekeY] figure_2.jpg -> classified as: Qualitative Examples
[MKvQH1ekeY] figure_20.jpg -> classified as: Plots / Charts
[MKvQH1ekeY] figure_11.jpg -> classified as: Qualitative Examples
[MKvQH1ekeY] figure_7.jpg -> classified as: Plots / Charts
[MKvQH1ekeY] figure_3.jpg -> classified as: Qualitative Examples
[MKvQH1ekeY] figure_4.jpg -> classified as: Plots / Charts
[MKvQH1ekeY] figure_17.jpg -> classified as: Qualitative Examples
[MKvQH1ekeY] figure_1.jpg -> classified as: Qualitative Examples
[MKvQH1ekeY] figure_27.jpg -> classified as: Plots / Charts
[MKvQH1ekeY] figure_8.jpg -> classified as: Qualitative Examples
[MKvQH1ekeY] figure_12.jpg -> classified as: Qualitative Examples
[MKvQH1ekeY] figure_25.jpg -> classified as: Qualitative Examples
[MKvQH1ekeY] figure_21.jpg -> classified as: Plots / Charts
[MKvQH1ekeY] figure_26.jpg -> classified as: Qualitative Examples
[MKvQH1ekeY] figure_14.jpg -> classified as: Qualitative Examples
[MKvQH1ekeY] figure_16.jpg -> classified as: Qualitative Examples
[MKvQH1ekeY] figure_10.jpg -> classified as: Plots / Charts
[ML8FH4s5Ts] figure_5.jpg -> classified as: Qualitative Examples
[ML8FH4s5Ts] figure_6.jpg -> classified as: Qualitative Examples
[ML8FH4s5Ts] figure_9.jpg -> classified as: Qualitative Examples
[ML8FH4s5Ts] figure_2.jpg -> classified as: Architecture Diagram
[ML8FH4s5Ts] figure_11.jpg -> classified as: Qualitative Examples
[ML8FH4s5Ts] figure_7.jpg -> classified as: Qualitative Examples
[ML8FH4s5Ts] figure_3.jpg -> classified as: Qualitative Examples
[ML8FH4s5Ts] figure_4.jpg -> classified as: Qualitative Examples
[ML8FH4s5Ts] figure_1.jpg -> classified as: Architecture Diagram
[ML8FH4s5Ts] figure_12.jpg -> classified as: Qualitative Examples
[ML8FH4s5Ts] figure_10.jpg -> classified as: Qualitative Examples
[MLBdiWu4Fw] figure_5.jpg -> classified as: Plots / Charts
[MLBdiWu4Fw] figure_6.jpg -> classified as: Architecture Diagram
[MLBdiWu4Fw] figure_9.jpg -> classified as: Qualitative Examples
[MLBdiWu4Fw] figure_13.jpg -> classified as: Qualitative Examples
[MLBdiWu4Fw] figure_15.jpg -> classified as: Qualitative Examples
[MLBdiWu4Fw] figure_2.jpg -> classified as: Qualitative Examples
[MLBdiWu4Fw] figure_11.jpg -> classified as: Architecture Diagram
[MLBdiWu4Fw] figure_7.jpg -> classified as: Plots / Charts
[MLBdiWu4Fw] figure_4.jpg -> classified as: Plots / Charts
[MLBdiWu4Fw] figure_17.jpg -> classified as: Qualitative Examples
[MLBdiWu4Fw] figure_1.jpg -> classified as: Qualitative Examples
[MLBdiWu4Fw] figure_12.jpg -> classified as: Qualitative Examples
[MLBdiWu4Fw] figure_14.jpg -> classified as: Qualitative Examples
[MLBdiWu4Fw] figure_16.jpg -> classified as: Qualitative Examples
[MLvovAYjo7] figure_5.jpg -> classified as: Plots / Charts
[MLvovAYjo7] figure_6.jpg -> classified as: Plots / Charts
[MLvovAYjo7] figure_9.jpg -> classified as: Plots / Charts
[MLvovAYjo7] figure_2.jpg -> classified as: Plots / Charts
[MLvovAYjo7] figure_7.jpg -> classified as: Plots / Charts
[MLvovAYjo7] figure_3.jpg -> classified as: Architecture Diagram
[MLvovAYjo7] figure_4.jpg -> classified as: Plots / Charts
[MLvovAYjo7] figure_1.jpg -> classified as: Architecture Diagram
[MLvovAYjo7] figure_8.jpg -> classified as: Plots / Charts
[MN3yH2ovHb] figure_5.jpg -> classified as: Qualitative Examples
[MN3yH2ovHb] figure_6.jpg -> classified as: Qualitative Examples
[MN3yH2ovHb] figure_9.jpg -> classified as: Qualitative Examples
[MN3yH2ovHb] figure_13.jpg -> classified as: Qualitative Examples
[MN3yH2ovHb] figure_15.jpg -> classified as: Qualitative Examples
[MN3yH2ovHb] figure_2.jpg -> classified as: Architecture Diagram
[MN3yH2ovHb] figure_11.jpg -> classified as: Qualitative Examples
[MN3yH2ovHb] figure_7.jpg -> classified as: Qualitative Examples
[MN3yH2ovHb] figure_3.jpg -> classified as: Qualitative Examples
[MN3yH2ovHb] figure_4.jpg -> classified as: Qualitative Examples
[MN3yH2ovHb] figure_1.jpg -> classified as: Qualitative Examples
[MN3yH2ovHb] figure_8.jpg -> classified as: Qualitative Examples
[MN3yH2ovHb] figure_12.jpg -> classified as: Qualitative Examples
[MN3yH2ovHb] figure_14.jpg -> classified as: Qualitative Examples
[MN3yH2ovHb] figure_16.jpg -> classified as: Qualitative Examples
[MN3yH2ovHb] figure_10.jpg -> classified as: Qualitative Examples
[MOCEoNsjEx] figure_5.jpg -> classified as: Qualitative Examples
[MOCEoNsjEx] figure_6.jpg -> classified as: Qualitative Examples
[MOCEoNsjEx] figure_2.jpg -> classified as: Qualitative Examples
[MOCEoNsjEx] figure_7.jpg -> classified as: Qualitative Examples
[MOCEoNsjEx] figure_3.jpg -> classified as: Qualitative Examples
[MOCEoNsjEx] figure_4.jpg -> classified as: Plots / Charts
[MOCEoNsjEx] figure_1.jpg -> classified as: Architecture Diagram
[MOCEoNsjEx] figure_8.jpg -> classified as: Qualitative Examples
[MP8xhn6ANf] figure_5.jpg -> classified as: Qualitative Examples
[MP8xhn6ANf] figure_6.jpg -> classified as: Qualitative Examples
[MP8xhn6ANf] figure_2.jpg -> classified as: Plots / Charts
[MP8xhn6ANf] figure_3.jpg -> classified as: Plots / Charts
[MP8xhn6ANf] figure_4.jpg -> classified as: Plots / Charts
[MP8xhn6ANf] figure_1.jpg -> classified as: Architecture Diagram
[MT3aOfXIbY] figure_1.jpg -> classified as: Plots / Charts
[MVQj0uajaF] figure_5.jpg -> classified as: Plots / Charts
[MVQj0uajaF] figure_6.jpg -> classified as: Plots / Charts
[MVQj0uajaF] figure_9.jpg -> classified as: Qualitative Examples
[MVQj0uajaF] figure_13.jpg -> classified as: Qualitative Examples
[MVQj0uajaF] figure_15.jpg -> classified as: Qualitative Examples
[MVQj0uajaF] figure_2.jpg -> classified as: Architecture Diagram
[MVQj0uajaF] figure_7.jpg -> classified as: Plots / Charts
[MVQj0uajaF] figure_3.jpg -> classified as: Plots / Charts
[MVQj0uajaF] figure_unnamed_figure.jpg -> classified as: Qualitative Examples
[MVQj0uajaF] figure_4.jpg -> classified as: Qualitative Examples
[MVQj0uajaF] figure_17.jpg -> classified as: Qualitative Examples
[MVQj0uajaF] figure_1.jpg -> classified as: Qualitative Examples
[MVQj0uajaF] figure_8.jpg -> classified as: Qualitative Examples
[MVQj0uajaF] figure_12.jpg -> classified as: Qualitative Examples
[MVQj0uajaF] figure_14.jpg -> classified as: Qualitative Examples
[MVQj0uajaF] figure_16.jpg -> classified as: Qualitative Examples
[MVQj0uajaF] figure_10.jpg -> classified as: Qualitative Examples
[MVmT6uQ3cQ] figure_2.jpg -> classified as: Plots / Charts
[MVmT6uQ3cQ] figure_(b)_High-Resolution_Segmentation.jpg -> classified as: Qualitative Examples
[MVmT6uQ3cQ] figure_3.jpg -> classified as: Plots / Charts
[MVmT6uQ3cQ] figure_1.jpg -> classified as: Architecture Diagram
[MVmT6uQ3cQ] figure_(b)_Ablating_the.jpg -> classified as: Plots / Charts
[MY0qlcFcUg] figure_Pseudo_Code_2.jpg -> classified as: Other
  -> Skipping second pass (Other)
[MY0qlcFcUg] figure_6.jpg -> classified as: Plots / Charts
[MY0qlcFcUg] figure_9.jpg -> classified as: Qualitative Examples
[MY0qlcFcUg] figure_13.jpg -> classified as: Qualitative Examples
[MY0qlcFcUg] figure_15.jpg -> classified as: Qualitative Examples
[MY0qlcFcUg] figure_2.jpg -> classified as: Plots / Charts
[MY0qlcFcUg] figure_11.jpg -> classified as: Qualitative Examples
[MY0qlcFcUg] figure_7.jpg -> classified as: Architecture Diagram
[MY0qlcFcUg] figure_3.jpg -> classified as: Plots / Charts
[MY0qlcFcUg] figure_4.jpg -> classified as: Plots / Charts
[MY0qlcFcUg] figure_1.jpg -> classified as: Architecture Diagram
[MY0qlcFcUg] figure_8.jpg -> classified as: Architecture Diagram
[MY0qlcFcUg] figure_12.jpg -> classified as: Qualitative Examples
[MY0qlcFcUg] figure_14.jpg -> classified as: Qualitative Examples
[MY0qlcFcUg] figure_10.jpg -> classified as: Qualitative Examples
[MYdt71DSgi] figure_5.jpg -> classified as: Plots / Charts
[MYdt71DSgi] figure_6.jpg -> classified as: Architecture Diagram
[MYdt71DSgi] figure_9.jpg -> classified as: Qualitative Examples
[MYdt71DSgi] figure_2.jpg -> classified as: Plots / Charts
[MYdt71DSgi] figure_7.jpg -> classified as: Plots / Charts
[MYdt71DSgi] figure_3.jpg -> classified as: Plots / Charts
[MYdt71DSgi] figure_4.jpg -> classified as: Qualitative Examples
[MYdt71DSgi] figure_1.jpg -> classified as: Other
  -> Skipping second pass (Other)
[MYdt71DSgi] figure_8.jpg -> classified as: Qualitative Examples
[MZDdTzN6Cy] figure_19.jpg -> classified as: Plots / Charts
[MZDdTzN6Cy] figure_5.jpg -> classified as: Plots / Charts
[MZDdTzN6Cy] figure_6.jpg -> classified as: Plots / Charts
[MZDdTzN6Cy] figure_9.jpg -> classified as: Plots / Charts
[MZDdTzN6Cy] figure_18.jpg -> classified as: Plots / Charts
[MZDdTzN6Cy] figure_13.jpg -> classified as: Plots / Charts
[MZDdTzN6Cy] figure_15.jpg -> classified as: Plots / Charts
[MZDdTzN6Cy] figure_2.jpg -> classified as: Architecture Diagram
[MZDdTzN6Cy] figure_11.jpg -> classified as: Plots / Charts
[MZDdTzN6Cy] figure_7.jpg -> classified as: Plots / Charts
[MZDdTzN6Cy] figure_3.jpg -> classified as: Plots / Charts
[MZDdTzN6Cy] figure_4.jpg -> classified as: Architecture Diagram
[MZDdTzN6Cy] figure_17.jpg -> classified as: Plots / Charts
[MZDdTzN6Cy] figure_1.jpg -> classified as: Architecture Diagram
[MZDdTzN6Cy] figure_8.jpg -> classified as: Plots / Charts
[MZDdTzN6Cy] figure_12.jpg -> classified as: Plots / Charts
[MZDdTzN6Cy] figure_14.jpg -> classified as: Plots / Charts
[MZDdTzN6Cy] figure_16.jpg -> classified as: Plots / Charts
[MZDdTzN6Cy] figure_10.jpg -> classified as: Plots / Charts
[MagmwodCAB] figure_6.jpg -> classified as: Qualitative Examples
[MagmwodCAB] figure_2.jpg -> classified as: Architecture Diagram
[MagmwodCAB] figure_1)_A_towering.jpg -> classified as: Qualitative Examples
[MagmwodCAB] figure_7.jpg -> classified as: Qualitative Examples
[MagmwodCAB] figure_3.jpg -> classified as: Qualitative Examples
[MagmwodCAB] figure_1)_A_luxurious.jpg -> classified as: Qualitative Examples
[MagmwodCAB] figure_1)_A_cute.jpg -> classified as: Qualitative Examples
[MbM1BqGpZu] figure_5.jpg -> classified as: Plots / Charts
[MbM1BqGpZu] figure_9.jpg -> classified as: Plots / Charts
[MbM1BqGpZu] figure_13.jpg -> classified as: Qualitative Examples
[MbM1BqGpZu] figure_2.jpg -> classified as: Architecture Diagram
[MbM1BqGpZu] figure_(b)_The_query-key.jpg -> classified as: Plots / Charts
[MbM1BqGpZu] figure_11.jpg -> classified as: Plots / Charts
[MbM1BqGpZu] figure_7.jpg -> classified as: Plots / Charts
[MbM1BqGpZu] figure_3.jpg -> classified as: Architecture Diagram
[MbM1BqGpZu] figure_4.jpg -> classified as: Plots / Charts
[MbM1BqGpZu] figure_1.jpg -> classified as: Plots / Charts
[MbM1BqGpZu] figure_8.jpg -> classified as: Plots / Charts
[MbM1BqGpZu] figure_12.jpg -> classified as: Plots / Charts
[MbM1BqGpZu] figure_10.jpg -> classified as: Plots / Charts
[MeHmwCDifc] figure_5.jpg -> classified as: Plots / Charts
[MeHmwCDifc] figure_6.jpg -> classified as: Plots / Charts
[MeHmwCDifc] figure_9.jpg -> classified as: Plots / Charts
[MeHmwCDifc] figure_2.jpg -> classified as: Plots / Charts
[MeHmwCDifc] figure_7.jpg -> classified as: Plots / Charts
[MeHmwCDifc] figure_3.jpg -> classified as: Plots / Charts
[MeHmwCDifc] figure_4.jpg -> classified as: Plots / Charts
[MeHmwCDifc] figure_1.jpg -> classified as: Qualitative Examples
[MeHmwCDifc] figure_8.jpg -> classified as: Plots / Charts
[MeHmwCDifc] figure_10.jpg -> classified as: Plots / Charts
[Mgq6kxl115] figure_5.jpg -> classified as: Architecture Diagram
[Mgq6kxl115] figure_6.jpg -> classified as: Plots / Charts
[Mgq6kxl115] figure_2.jpg -> classified as: Plots / Charts
[Mgq6kxl115] figure_3.jpg -> classified as: Plots / Charts
[Mgq6kxl115] figure_4.jpg -> classified as: Plots / Charts
[Mgq6kxl115] figure_1.jpg -> classified as: Architecture Diagram
[Mhb5fpA1T0] figure_5.jpg -> classified as: Qualitative Examples
[Mhb5fpA1T0] figure_6.jpg -> classified as: Plots / Charts
[Mhb5fpA1T0] figure_9.jpg -> classified as: Qualitative Examples
[Mhb5fpA1T0] figure_Input_text__gray.jpg -> classified as: Qualitative Examples
[Mhb5fpA1T0] figure_2.jpg -> classified as: Architecture Diagram
[Mhb5fpA1T0] figure_7.jpg -> classified as: Qualitative Examples
[Mhb5fpA1T0] figure_3.jpg -> classified as: Architecture Diagram
[Mhb5fpA1T0] figure_4.jpg -> classified as: Qualitative Examples
[Mhb5fpA1T0] figure_Input_text__small_1.jpg -> classified as: Qualitative Examples
[Mhb5fpA1T0] figure_1.jpg -> classified as: Qualitative Examples
[Mhb5fpA1T0] figure_8.jpg -> classified as: Qualitative Examples
[Mhb5fpA1T0] figure_12.jpg -> classified as: Plots / Charts
[Mhb5fpA1T0] figure_Input_text__small.jpg -> classified as: Qualitative Examples
[Mhb5fpA1T0] figure_10.jpg -> classified as: Qualitative Examples
[MiRPBbQNHv] figure_19.jpg -> classified as: Plots / Charts
[MiRPBbQNHv] figure_23.jpg -> classified as: Plots / Charts
[MiRPBbQNHv] figure_24.jpg -> classified as: Plots / Charts
[MiRPBbQNHv] figure_5.jpg -> classified as: Plots / Charts
[MiRPBbQNHv] figure_6.jpg -> classified as: Plots / Charts
[MiRPBbQNHv] figure_9.jpg -> classified as: Qualitative Examples
[MiRPBbQNHv] figure_22.jpg -> classified as: Qualitative Examples
[MiRPBbQNHv] figure_18.jpg -> classified as: Plots / Charts
[MiRPBbQNHv] figure_13.jpg -> classified as: Plots / Charts
[MiRPBbQNHv] figure_15.jpg -> classified as: Plots / Charts
[MiRPBbQNHv] figure_2.jpg -> classified as: Qualitative Examples
[MiRPBbQNHv] figure_20.jpg -> classified as: Qualitative Examples
[MiRPBbQNHv] figure_11.jpg -> classified as: Plots / Charts
[MiRPBbQNHv] figure_7.jpg -> classified as: Qualitative Examples
[MiRPBbQNHv] figure_3.jpg -> classified as: Qualitative Examples
[MiRPBbQNHv] figure_4.jpg -> classified as: Plots / Charts
[MiRPBbQNHv] figure_17.jpg -> classified as: Plots / Charts
[MiRPBbQNHv] figure_1.jpg -> classified as: Qualitative Examples
[MiRPBbQNHv] figure_27.jpg -> classified as: Plots / Charts
[MiRPBbQNHv] figure_8.jpg -> classified as: Qualitative Examples
[MiRPBbQNHv] figure_12.jpg -> classified as: Plots / Charts
[MiRPBbQNHv] figure_25.jpg -> classified as: Plots / Charts
[MiRPBbQNHv] figure_21.jpg -> classified as: Qualitative Examples
[MiRPBbQNHv] figure_26.jpg -> classified as: Plots / Charts
[MiRPBbQNHv] figure_14.jpg -> classified as: Qualitative Examples
[MiRPBbQNHv] figure_16.jpg -> classified as: Plots / Charts
[MiRPBbQNHv] figure_10.jpg -> classified as: Teaser Image
[MjhTb4gwFP] figure_5.jpg -> classified as: Plots / Charts
[MjhTb4gwFP] figure_6.jpg -> classified as: Qualitative Examples
[MjhTb4gwFP] figure_9.jpg -> classified as: Qualitative Examples
[MjhTb4gwFP] figure_18.jpg -> classified as: Other
  -> Skipping second pass (Other)
[MjhTb4gwFP] figure_13.jpg -> classified as: Qualitative Examples
[MjhTb4gwFP] figure_15.jpg -> classified as: Qualitative Examples
[MjhTb4gwFP] figure_2.jpg -> classified as: Architecture Diagram
[MjhTb4gwFP] figure_11.jpg -> classified as: Qualitative Examples
[MjhTb4gwFP] figure_7.jpg -> classified as: Qualitative Examples
[MjhTb4gwFP] figure_3.jpg -> classified as: Qualitative Examples
[MjhTb4gwFP] figure_4.jpg -> classified as: Qualitative Examples
[MjhTb4gwFP] figure_17.jpg -> classified as: Qualitative Examples
[MjhTb4gwFP] figure_1.jpg -> classified as: Qualitative Examples
[MjhTb4gwFP] figure_8.jpg -> classified as: Architecture Diagram
[MjhTb4gwFP] figure_12.jpg -> classified as: Qualitative Examples
[MjhTb4gwFP] figure_14.jpg -> classified as: Qualitative Examples
[MjhTb4gwFP] figure_16.jpg -> classified as: Qualitative Examples
[MjhTb4gwFP] figure_10.jpg -> classified as: Plots / Charts
[MloaGA6WwX] figure_5.jpg -> classified as: Plots / Charts
[MloaGA6WwX] figure_6.jpg -> classified as: Plots / Charts
[MloaGA6WwX] figure_3.jpg -> classified as: Architecture Diagram
[MloaGA6WwX] figure_4.jpg -> classified as: Plots / Charts
[MloaGA6WwX] figure_1.jpg -> classified as: Plots / Charts
[Mn2qgIcIPS] figure_5.jpg -> classified as: Plots / Charts
[Mn2qgIcIPS] figure_6.jpg -> classified as: Qualitative Examples
[Mn2qgIcIPS] figure_9.jpg -> classified as: Qualitative Examples
[Mn2qgIcIPS] figure_18.jpg -> classified as: Qualitative Examples
[Mn2qgIcIPS] figure_13.jpg -> classified as: Qualitative Examples
[Mn2qgIcIPS] figure_15.jpg -> classified as: Qualitative Examples
[Mn2qgIcIPS] figure_2.jpg -> classified as: Architecture Diagram
[Mn2qgIcIPS] figure_11.jpg -> classified as: Qualitative Examples
[Mn2qgIcIPS] figure_7.jpg -> classified as: Architecture Diagram
[Mn2qgIcIPS] figure_3.jpg -> classified as: Plots / Charts
[Mn2qgIcIPS] figure_4.jpg -> classified as: Qualitative Examples
[Mn2qgIcIPS] figure_17.jpg -> classified as: Qualitative Examples
[Mn2qgIcIPS] figure_1.jpg -> classified as: Qualitative Examples
[Mn2qgIcIPS] figure_8.jpg -> classified as: Qualitative Examples
[Mn2qgIcIPS] figure_12.jpg -> classified as: Plots / Charts
[Mn2qgIcIPS] figure_14.jpg -> classified as: Qualitative Examples
[Mn2qgIcIPS] figure_16.jpg -> classified as: Qualitative Examples
[Mn2qgIcIPS] figure_10.jpg -> classified as: Plots / Charts
[MnMWa94t12] figure_5.jpg -> classified as: Plots / Charts
[MnMWa94t12] figure_6.jpg -> classified as: Qualitative Examples
[MnMWa94t12] figure_9.jpg -> classified as: Qualitative Examples
[MnMWa94t12] figure_2.jpg -> classified as: Plots / Charts
[MnMWa94t12] figure_7.jpg -> classified as: Other
  -> Skipping second pass (Other)
[MnMWa94t12] figure_3.jpg -> classified as: Qualitative Examples
[MnMWa94t12] figure_4.jpg -> classified as: Qualitative Examples
[MnMWa94t12] figure_1.jpg -> classified as: Architecture Diagram
[MnMWa94t12] figure_8.jpg -> classified as: Architecture Diagram
[Mqukp3Lsnt] figure_5.jpg -> classified as: Plots / Charts
[Mqukp3Lsnt] figure_6.jpg -> classified as: Plots / Charts
[Mqukp3Lsnt] figure_9.jpg -> classified as: Plots / Charts
[Mqukp3Lsnt] figure_2.jpg -> classified as: Architecture Diagram
[Mqukp3Lsnt] figure_7.jpg -> classified as: Qualitative Examples
[Mqukp3Lsnt] figure_3.jpg -> classified as: Qualitative Examples
[Mqukp3Lsnt] figure_4.jpg -> classified as: Other
  -> Skipping second pass (Other)
[Mqukp3Lsnt] figure_1.jpg -> classified as: Qualitative Examples
[Mqukp3Lsnt] figure_8.jpg -> classified as: Qualitative Examples
[MqvQUP7ZuZ] figure_2.jpg -> classified as: Architecture Diagram
[MqvQUP7ZuZ] figure_3.jpg -> classified as: Qualitative Examples
[MqvQUP7ZuZ] figure_4.jpg -> classified as: Qualitative Examples
[MqvQUP7ZuZ] figure_1.jpg -> classified as: Qualitative Examples
[MrOefpTvev] figure_5.jpg -> classified as: Plots / Charts
[MrOefpTvev] figure_6.jpg -> classified as: Plots / Charts
[MrOefpTvev] figure_2.jpg -> classified as: Plots / Charts
[MrOefpTvev] figure_7.jpg -> classified as: Plots / Charts
[MrOefpTvev] figure_3.jpg -> classified as: Plots / Charts
[MrOefpTvev] figure_4.jpg -> classified as: Plots / Charts
[MrOefpTvev] figure_1.jpg -> classified as: Architecture Diagram
[Mri9WIfxSm] figure_2.jpg -> classified as: Qualitative Examples
[Mri9WIfxSm] figure_7.jpg -> classified as: Plots / Charts
[Mri9WIfxSm] figure_3.jpg -> classified as: Plots / Charts
[Mri9WIfxSm] figure_4.jpg -> classified as: Qualitative Examples
[Mri9WIfxSm] figure_1.jpg -> classified as: Plots / Charts
[Mri9WIfxSm] figure_8.jpg -> classified as: Plots / Charts
[MtDd7rWok1] figure_5.jpg -> classified as: Qualitative Examples
[MtDd7rWok1] figure_6.jpg -> classified as: Qualitative Examples
[MtDd7rWok1] figure_2.jpg -> classified as: Architecture Diagram
[MtDd7rWok1] figure_7.jpg -> classified as: Qualitative Examples
[MtDd7rWok1] figure_3.jpg -> classified as: Architecture Diagram
[MtDd7rWok1] figure_4.jpg -> classified as: Qualitative Examples
[MtDd7rWok1] figure_1.jpg -> classified as: Plots / Charts
[MtDd7rWok1] figure_8.jpg -> classified as: Qualitative Examples
[MvEkN2ejZ1] figure_5.jpg -> classified as: Qualitative Examples
[MvEkN2ejZ1] figure_6.jpg -> classified as: Qualitative Examples
[MvEkN2ejZ1] figure_9.jpg -> classified as: Qualitative Examples
[MvEkN2ejZ1] figure_2.jpg -> classified as: Architecture Diagram
[MvEkN2ejZ1] figure_7.jpg -> classified as: Qualitative Examples
[MvEkN2ejZ1] figure_3.jpg -> classified as: Architecture Diagram
[MvEkN2ejZ1] figure_4.jpg -> classified as: Architecture Diagram
[MvEkN2ejZ1] figure_1.jpg -> classified as: Architecture Diagram
[MvEkN2ejZ1] figure_8.jpg -> classified as: Qualitative Examples
[Mw42TqZ0o5] figure_5.jpg -> classified as: Qualitative Examples
[Mw42TqZ0o5] figure_6.jpg -> classified as: Qualitative Examples
[Mw42TqZ0o5] figure_2.jpg -> classified as: Architecture Diagram
[Mw42TqZ0o5] figure_7.jpg -> classified as: Qualitative Examples
[Mw42TqZ0o5] figure_3.jpg -> classified as: Architecture Diagram
[Mw42TqZ0o5] figure_4.jpg -> classified as: Plots / Charts
[Mw42TqZ0o5] figure_1.jpg -> classified as: Architecture Diagram
[MxALfOAnXv] figure_5.jpg -> classified as: Plots / Charts
[MxALfOAnXv] figure_6.jpg -> classified as: Plots / Charts
[MxALfOAnXv] figure_9.jpg -> classified as: Architecture Diagram
[MxALfOAnXv] figure_13.jpg -> classified as: Qualitative Examples
[MxALfOAnXv] figure_15.jpg -> classified as: Plots / Charts
[MxALfOAnXv] figure_2.jpg -> classified as: Architecture Diagram
[MxALfOAnXv] figure_11.jpg -> classified as: Plots / Charts
[MxALfOAnXv] figure_7.jpg -> classified as: Qualitative Examples
[MxALfOAnXv] figure_3.jpg -> classified as: Architecture Diagram
[MxALfOAnXv] figure_4.jpg -> classified as: Plots / Charts
[MxALfOAnXv] figure_1.jpg -> classified as: Plots / Charts
[MxALfOAnXv] figure_8.jpg -> classified as: Qualitative Examples
[MxALfOAnXv] figure_12.jpg -> classified as: Qualitative Examples
[MxALfOAnXv] figure_14.jpg -> classified as: Qualitative Examples
[MxALfOAnXv] figure_10.jpg -> classified as: Qualitative Examples
[My9MBsO41H] figure_5.jpg -> classified as: Qualitative Examples
[My9MBsO41H] figure_6.jpg -> classified as: Qualitative Examples
[My9MBsO41H] figure_2.jpg -> classified as: Architecture Diagram
[My9MBsO41H] figure_7.jpg -> classified as: Plots / Charts
[My9MBsO41H] figure_3.jpg -> classified as: Plots / Charts
[My9MBsO41H] figure_4.jpg -> classified as: Plots / Charts
[My9MBsO41H] figure_1.jpg -> classified as: Qualitative Examples
[My9MBsO41H] figure_8.jpg -> classified as: Qualitative Examples
[Mzb7XD0O1Q] figure_2.jpg -> classified as: Plots / Charts
[Mzb7XD0O1Q] figure_1.jpg -> classified as: Architecture Diagram
[Mzz9i4Zf8B] figure_30.jpg -> classified as: Qualitative Examples
[Mzz9i4Zf8B] figure_19.jpg -> classified as: Qualitative Examples
[Mzz9i4Zf8B] figure_23.jpg -> classified as: Qualitative Examples
[Mzz9i4Zf8B] figure_29.jpg -> classified as: Qualitative Examples
[Mzz9i4Zf8B] figure_24.jpg -> classified as: Qualitative Examples
[Mzz9i4Zf8B] figure_5.jpg -> classified as: Plots / Charts
[Mzz9i4Zf8B] figure_6.jpg -> classified as: Qualitative Examples
[Mzz9i4Zf8B] figure_9.jpg -> classified as: Qualitative Examples
[Mzz9i4Zf8B] figure_22.jpg -> classified as: Qualitative Examples
[Mzz9i4Zf8B] figure_28.jpg -> classified as: Qualitative Examples
[Mzz9i4Zf8B] figure_18.jpg -> classified as: Qualitative Examples
[Mzz9i4Zf8B] figure_13.jpg -> classified as: Qualitative Examples
[Mzz9i4Zf8B] figure_2.jpg -> classified as: Architecture Diagram
[Mzz9i4Zf8B] figure_20.jpg -> classified as: Qualitative Examples
[Mzz9i4Zf8B] figure_11.jpg -> classified as: Qualitative Examples
[Mzz9i4Zf8B] figure_7.jpg -> classified as: Plots / Charts
[Mzz9i4Zf8B] figure_3.jpg -> classified as: Qualitative Examples
[Mzz9i4Zf8B] figure_4.jpg -> classified as: Qualitative Examples
[Mzz9i4Zf8B] figure_31.jpg -> classified as: Qualitative Examples
[Mzz9i4Zf8B] figure_17.jpg -> classified as: Qualitative Examples
[Mzz9i4Zf8B] figure_1.jpg -> classified as: Qualitative Examples
[Mzz9i4Zf8B] figure_27.jpg -> classified as: Qualitative Examples
[Mzz9i4Zf8B] figure_8.jpg -> classified as: Plots / Charts
[Mzz9i4Zf8B] figure_12.jpg -> classified as: Qualitative Examples
[Mzz9i4Zf8B] figure_25.jpg -> classified as: Qualitative Examples
[Mzz9i4Zf8B] figure_21.jpg -> classified as: Qualitative Examples
[Mzz9i4Zf8B] figure_26.jpg -> classified as: Qualitative Examples
[Mzz9i4Zf8B] figure_14.jpg -> classified as: Qualitative Examples
[Mzz9i4Zf8B] figure_32.jpg -> classified as: Qualitative Examples
[Mzz9i4Zf8B] figure_16.jpg -> classified as: Qualitative Examples
[Mzz9i4Zf8B] figure_10.jpg -> classified as: Qualitative Examples
[N0I2RtD8je] figure_5.jpg -> classified as: Plots / Charts
[N0I2RtD8je] figure_6.jpg -> classified as: Plots / Charts
[N0I2RtD8je] figure_2.jpg -> classified as: Plots / Charts
[N0I2RtD8je] figure_7.jpg -> classified as: Plots / Charts
[N0I2RtD8je] figure_3.jpg -> classified as: Qualitative Examples
[N0I2RtD8je] figure_4.jpg -> classified as: Plots / Charts
[N0I2RtD8je] figure_1.jpg -> classified as: Qualitative Examples
[N0I2RtD8je] figure_8.jpg -> classified as: Plots / Charts
[N0ts5QGEW9] figure_2.jpg -> classified as: Architecture Diagram
[N0ts5QGEW9] figure_3.jpg -> classified as: Qualitative Examples
[N0ts5QGEW9] figure_1.jpg -> classified as: Plots / Charts
[N1hk66bz5m] figure_5.jpg -> classified as: Plots / Charts
[N1hk66bz5m] figure_6.jpg -> classified as: Plots / Charts
[N1hk66bz5m] figure_2.jpg -> classified as: Plots / Charts
[N1hk66bz5m] figure_7.jpg -> classified as: Plots / Charts
[N1hk66bz5m] figure_3.jpg -> classified as: Plots / Charts
[N1hk66bz5m] figure_4.jpg -> classified as: Plots / Charts
[N1hk66bz5m] figure_1.jpg -> classified as: Other
  -> Skipping second pass (Other)
[N1hk66bz5m] figure_8.jpg -> classified as: Plots / Charts
[N23A4ybMJr] figure_5.jpg -> classified as: Plots / Charts
[N23A4ybMJr] figure_6.jpg -> classified as: Architecture Diagram
[N23A4ybMJr] figure_2.jpg -> classified as: Architecture Diagram
[N23A4ybMJr] figure_7.jpg -> classified as: Qualitative Examples
[N23A4ybMJr] figure_3.jpg -> classified as: Architecture Diagram
[N23A4ybMJr] figure_4.jpg -> classified as: Plots / Charts
[N23A4ybMJr] figure_1.jpg -> classified as: Plots / Charts
[N23A4ybMJr] figure_8.jpg -> classified as: Plots / Charts
[N2ggBozsss] figure_(b)_t-SNE_Projection.jpg -> classified as: Plots / Charts
[N2ggBozsss] figure_5.jpg -> classified as: Plots / Charts
[N2ggBozsss] figure_6.jpg -> classified as: Plots / Charts
[N2ggBozsss] figure_2.jpg -> classified as: Architecture Diagram
[N2ggBozsss] figure_3.jpg -> classified as: Plots / Charts
[N2ggBozsss] figure_4.jpg -> classified as: Plots / Charts
[N2ggBozsss] figure_1.jpg -> classified as: Plots / Charts
[N581Nje6fH] figure_5.jpg -> classified as: Plots / Charts
[N581Nje6fH] figure_6.jpg -> classified as: Plots / Charts
[N581Nje6fH] figure_9.jpg -> classified as: Plots / Charts
[N581Nje6fH] figure_2.jpg -> classified as: Qualitative Examples
[N581Nje6fH] figure_7.jpg -> classified as: Qualitative Examples
[N581Nje6fH] figure_3.jpg -> classified as: Plots / Charts
[N581Nje6fH] figure_4.jpg -> classified as: Other
  -> Skipping second pass (Other)
[N581Nje6fH] figure_1.jpg -> classified as: Architecture Diagram
[N581Nje6fH] figure_8.jpg -> classified as: Plots / Charts
[N5YTixK4F1] figure_5.jpg -> classified as: Plots / Charts
[N5YTixK4F1] figure_2.jpg -> classified as: Plots / Charts
[N5YTixK4F1] figure_3.jpg -> classified as: Architecture Diagram
[N5YTixK4F1] figure_4.jpg -> classified as: Qualitative Examples
[N5YTixK4F1] figure_1.jpg -> classified as: Qualitative Examples
[N6SccBt3EF] figure_5.jpg -> classified as: Qualitative Examples
[N6SccBt3EF] figure_6.jpg -> classified as: Qualitative Examples
[N6SccBt3EF] figure_9.jpg -> classified as: Qualitative Examples
[N6SccBt3EF] figure_2.jpg -> classified as: Architecture Diagram
[N6SccBt3EF] figure_11.jpg -> classified as: Qualitative Examples
[N6SccBt3EF] figure_7.jpg -> classified as: Qualitative Examples
[N6SccBt3EF] figure_3.jpg -> classified as: Architecture Diagram
[N6SccBt3EF] figure_4.jpg -> classified as: Architecture Diagram
[N6SccBt3EF] figure_1.jpg -> classified as: Qualitative Examples
[N6SccBt3EF] figure_8.jpg -> classified as: Qualitative Examples
[N6SccBt3EF] figure_12.jpg -> classified as: Plots / Charts
[N6o0ZtPzTg] figure_19.jpg -> classified as: Plots / Charts
[N6o0ZtPzTg] figure_23.jpg -> classified as: Plots / Charts
[N6o0ZtPzTg] figure_24.jpg -> classified as: Plots / Charts
[N6o0ZtPzTg] figure_5.jpg -> classified as: Plots / Charts
[N6o0ZtPzTg] figure_6.jpg -> classified as: Plots / Charts
[N6o0ZtPzTg] figure_9.jpg -> classified as: Architecture Diagram
[N6o0ZtPzTg] figure_22.jpg -> classified as: Plots / Charts
[N6o0ZtPzTg] figure_18.jpg -> classified as: Plots / Charts
[N6o0ZtPzTg] figure_13.jpg -> classified as: Architecture Diagram
[N6o0ZtPzTg] figure_15.jpg -> classified as: Architecture Diagram
[N6o0ZtPzTg] figure_2.jpg -> classified as: Architecture Diagram
[N6o0ZtPzTg] figure_20.jpg -> classified as: Plots / Charts
[N6o0ZtPzTg] figure_11.jpg -> classified as: Architecture Diagram
[N6o0ZtPzTg] figure_7.jpg -> classified as: Architecture Diagram
[N6o0ZtPzTg] figure_3.jpg -> classified as: Architecture Diagram
[N6o0ZtPzTg] figure_4.jpg -> classified as: Architecture Diagram
[N6o0ZtPzTg] figure_17.jpg -> classified as: Architecture Diagram
[N6o0ZtPzTg] figure_8.jpg -> classified as: Architecture Diagram
[N6o0ZtPzTg] figure_12.jpg -> classified as: Architecture Diagram
[N6o0ZtPzTg] figure_25.jpg -> classified as: Plots / Charts
[N6o0ZtPzTg] figure_21.jpg -> classified as: Plots / Charts
[N6o0ZtPzTg] figure_26.jpg -> classified as: Plots / Charts
[N6o0ZtPzTg] figure_14.jpg -> classified as: Architecture Diagram
[N6o0ZtPzTg] figure_16.jpg -> classified as: Architecture Diagram
[N6o0ZtPzTg] figure_10.jpg -> classified as: Architecture Diagram
[N80ER2he6l] figure_2.jpg -> classified as: Architecture Diagram
[N80ER2he6l] figure_3.jpg -> classified as: Plots / Charts
[N80ER2he6l] figure_1.jpg -> classified as: Architecture Diagram
[N8N0hgNDRt] figure_5.jpg -> classified as: Plots / Charts
[N8N0hgNDRt] figure_6.jpg -> classified as: Plots / Charts
[N8N0hgNDRt] figure_9.jpg -> classified as: Plots / Charts
[N8N0hgNDRt] figure_2.jpg -> classified as: Plots / Charts
[N8N0hgNDRt] figure_7.jpg -> classified as: Plots / Charts
[N8N0hgNDRt] figure_3.jpg -> classified as: Plots / Charts
[N8N0hgNDRt] figure_4.jpg -> classified as: Plots / Charts
[N8N0hgNDRt] figure_1.jpg -> classified as: Plots / Charts
[N8N0hgNDRt] figure_8.jpg -> classified as: Plots / Charts
[N8N0hgNDRt] figure_10.jpg -> classified as: Plots / Charts
[N8Oj1XhtYZ] figure_5.jpg -> classified as: Architecture Diagram
[N8Oj1XhtYZ] figure_6.jpg -> classified as: Plots / Charts
[N8Oj1XhtYZ] figure_9.jpg -> classified as: Qualitative Examples
[N8Oj1XhtYZ] figure_13.jpg -> classified as: Other
  -> Skipping second pass (Other)
[N8Oj1XhtYZ] figure_15.jpg -> classified as: Qualitative Examples
[N8Oj1XhtYZ] figure_2.jpg -> classified as: Plots / Charts
[N8Oj1XhtYZ] figure_11.jpg -> classified as: Qualitative Examples
[N8Oj1XhtYZ] figure_7.jpg -> classified as: Qualitative Examples
[N8Oj1XhtYZ] figure_3.jpg -> classified as: Plots / Charts
[N8Oj1XhtYZ] figure_4.jpg -> classified as: Plots / Charts
[N8Oj1XhtYZ] figure_1.jpg -> classified as: Other
  -> Skipping second pass (Other)
[N8Oj1XhtYZ] figure_8.jpg -> classified as: Plots / Charts
[N8Oj1XhtYZ] figure_14.jpg -> classified as: Qualitative Examples
[N8Oj1XhtYZ] figure_16.jpg -> classified as: Qualitative Examples
[N8Oj1XhtYZ] figure_10.jpg -> classified as: Qualitative Examples
[N9hTix8kWA] figure_5.jpg -> classified as: Plots / Charts
[N9hTix8kWA] figure_6.jpg -> classified as: Qualitative Examples
[N9hTix8kWA] figure_2.jpg -> classified as: Architecture Diagram
[N9hTix8kWA] figure_3.jpg -> classified as: Architecture Diagram
[N9hTix8kWA] figure_4.jpg -> classified as: Architecture Diagram
[N9hTix8kWA] figure_1.jpg -> classified as: Architecture Diagram
[NCynHu1kVF] figure_5.jpg -> classified as: Qualitative Examples
[NCynHu1kVF] figure_6.jpg -> classified as: Qualitative Examples
[NCynHu1kVF] figure_9.jpg -> classified as: Qualitative Examples
[NCynHu1kVF] figure_2.jpg -> classified as: Architecture Diagram
[NCynHu1kVF] figure_7.jpg -> classified as: Qualitative Examples
[NCynHu1kVF] figure_3.jpg -> classified as: Qualitative Examples
[NCynHu1kVF] figure_4.jpg -> classified as: Plots / Charts
[NCynHu1kVF] figure_1.jpg -> classified as: Qualitative Examples
[NCynHu1kVF] figure_8.jpg -> classified as: Qualitative Examples
[NDLmZZWATc] figure_5.jpg -> classified as: Plots / Charts
[NDLmZZWATc] figure_2.jpg -> classified as: Architecture Diagram
[NDLmZZWATc] figure_3.jpg -> classified as: Plots / Charts
[NDLmZZWATc] figure_4.jpg -> classified as: Plots / Charts
[NDLmZZWATc] figure_1.jpg -> classified as: Other
  -> Skipping second pass (Other)
[NDMLjEJoLb] figure_Prompt_1__A_9.jpg -> classified as: Qualitative Examples
[NDMLjEJoLb] figure_rompt_1__A.jpg -> classified as: Qualitative Examples
[NDMLjEJoLb] figure_Prompt_1__A_6.jpg -> classified as: Qualitative Examples
[NDMLjEJoLb] figure_Prompt_1__A_1.jpg -> classified as: Qualitative Examples
[NDMLjEJoLb] figure_Prompt_1__A_5.jpg -> classified as: Qualitative Examples
[NDMLjEJoLb] figure_Prompt_1__A_11.jpg -> classified as: Qualitative Examples
[NDMLjEJoLb] figure_Prompt_1__A_2.jpg -> classified as: Qualitative Examples
[NDMLjEJoLb] figure_Prompt_1__A.jpg -> classified as: Qualitative Examples
[NDMLjEJoLb] figure_Prompt_1__A_10.jpg -> classified as: Qualitative Examples
[NDMLjEJoLb] figure_Prompt_1__A_8.jpg -> classified as: Qualitative Examples
[NDMLjEJoLb] figure_Prompt_1__A_3.jpg -> classified as: Qualitative Examples
[NDMLjEJoLb] figure_Prompt_1__A_4.jpg -> classified as: Qualitative Examples
[NDMLjEJoLb] figure_8.jpg -> classified as: Qualitative Examples
[NDMLjEJoLb] figure_Prompt_1__A_7.jpg -> classified as: Qualitative Examples
[NDkpxG94sF] figure_5.jpg -> classified as: Architecture Diagram
[NDkpxG94sF] figure_6.jpg -> classified as: Qualitative Examples
[NDkpxG94sF] figure_9.jpg -> classified as: Qualitative Examples
[NDkpxG94sF] figure_2.jpg -> classified as: Qualitative Examples
[NDkpxG94sF] figure_7.jpg -> classified as: Qualitative Examples
[NDkpxG94sF] figure_3.jpg -> classified as: Architecture Diagram
[NDkpxG94sF] figure_4.jpg -> classified as: Plots / Charts
[NDkpxG94sF] figure_1.jpg -> classified as: Qualitative Examples
[NDkpxG94sF] figure_8.jpg -> classified as: Qualitative Examples
[NDkpxG94sF] figure_10.jpg -> classified as: Qualitative Examples
[NG7sS51zVF] figure_5.jpg -> classified as: Plots / Charts
[NG7sS51zVF] figure_6.jpg -> classified as: Plots / Charts
[NG7sS51zVF] figure_9.jpg -> classified as: Plots / Charts
[NG7sS51zVF] figure_13.jpg -> classified as: Plots / Charts
[NG7sS51zVF] figure_15.jpg -> classified as: Plots / Charts
[NG7sS51zVF] figure_2.jpg -> classified as: Plots / Charts
[NG7sS51zVF] figure_11.jpg -> classified as: Plots / Charts
[NG7sS51zVF] figure_7.jpg -> classified as: Plots / Charts
[NG7sS51zVF] figure_3.jpg -> classified as: Plots / Charts
[NG7sS51zVF] figure_4.jpg -> classified as: Plots / Charts
[NG7sS51zVF] figure_1.jpg -> classified as: Plots / Charts
[NG7sS51zVF] figure_8.jpg -> classified as: Qualitative Examples
[NG7sS51zVF] figure_12.jpg -> classified as: Plots / Charts
[NG7sS51zVF] figure_14.jpg -> classified as: Plots / Charts
[NG7sS51zVF] figure_10.jpg -> classified as: Plots / Charts
[NGB6YNnO5o] figure_5.jpg -> classified as: Plots / Charts
[NGB6YNnO5o] figure_6.jpg -> classified as: Plots / Charts
[NGB6YNnO5o] figure_9.jpg -> classified as: Plots / Charts
[NGB6YNnO5o] figure_2.jpg -> classified as: Plots / Charts
[NGB6YNnO5o] figure_7.jpg -> classified as: Plots / Charts
[NGB6YNnO5o] figure_3.jpg -> classified as: Plots / Charts
[NGB6YNnO5o] figure_4.jpg -> classified as: Plots / Charts
[NGB6YNnO5o] figure_1.jpg -> classified as: Architecture Diagram
[NGB6YNnO5o] figure_8.jpg -> classified as: Plots / Charts
[NGB6YNnO5o] figure_10.jpg -> classified as: Plots / Charts
[NJ6nyv3XWH] figure_2.jpg -> classified as: Plots / Charts
[NJ6nyv3XWH] figure_3.jpg -> classified as: Plots / Charts
[NJ6nyv3XWH] figure_4.jpg -> classified as: Qualitative Examples
[NJ6nyv3XWH] figure_1.jpg -> classified as: Architecture Diagram
[NLAKxnnSuW] figure_5.jpg -> classified as: Qualitative Examples
[NLAKxnnSuW] figure_6.jpg -> classified as: Qualitative Examples
[NLAKxnnSuW] figure_7.jpg -> classified as: Qualitative Examples
[NLAKxnnSuW] figure_3.jpg -> classified as: Architecture Diagram
[NLAKxnnSuW] figure_4.jpg -> classified as: Plots / Charts
[NLAKxnnSuW] figure_1.jpg -> classified as: Plots / Charts
[NLAKxnnSuW] figure_8.jpg -> classified as: Architecture Diagram
[NLRo4qhg6t] figure_5.jpg -> classified as: Qualitative Examples
[NLRo4qhg6t] figure_2.jpg -> classified as: Architecture Diagram
[NLRo4qhg6t] figure_3.jpg -> classified as: Architecture Diagram
[NLRo4qhg6t] figure_4.jpg -> classified as: Qualitative Examples
[NLRo4qhg6t] figure_1.jpg -> classified as: Qualitative Examples
[NRIcs2TR7k] figure_2.jpg -> classified as: Qualitative Examples
[NRIcs2TR7k] figure_1.jpg -> classified as: Architecture Diagram
[NRVW8SShFd] figure_5.jpg -> classified as: Qualitative Examples
[NRVW8SShFd] figure_6.jpg -> classified as: Qualitative Examples
[NRVW8SShFd] figure_9.jpg -> classified as: Qualitative Examples
[NRVW8SShFd] figure_2.jpg -> classified as: Architecture Diagram
[NRVW8SShFd] figure_11.jpg -> classified as: Qualitative Examples
[NRVW8SShFd] figure_7.jpg -> classified as: Qualitative Examples
[NRVW8SShFd] figure_3.jpg -> classified as: Qualitative Examples
[NRVW8SShFd] figure_4.jpg -> classified as: Qualitative Examples
[NRVW8SShFd] figure_1.jpg -> classified as: Qualitative Examples
[NRVW8SShFd] figure_8.jpg -> classified as: Qualitative Examples
[NRVW8SShFd] figure_10.jpg -> classified as: Qualitative Examples
[NRY0QAvGNT] figure_5.jpg -> classified as: Plots / Charts
[NRY0QAvGNT] figure_6.jpg -> classified as: Qualitative Examples
[NRY0QAvGNT] figure_9.jpg -> classified as: Qualitative Examples
[NRY0QAvGNT] figure_2.jpg -> classified as: Qualitative Examples
[NRY0QAvGNT] figure_11.jpg -> classified as: Qualitative Examples
[NRY0QAvGNT] figure_7.jpg -> classified as: Qualitative Examples
[NRY0QAvGNT] figure_3.jpg -> classified as: Qualitative Examples
[NRY0QAvGNT] figure_4.jpg -> classified as: Architecture Diagram
[NRY0QAvGNT] figure_1.jpg -> classified as: Architecture Diagram
[NRY0QAvGNT] figure_8.jpg -> classified as: Qualitative Examples
[NRY0QAvGNT] figure_12.jpg -> classified as: Qualitative Examples
[NRY0QAvGNT] figure_10.jpg -> classified as: Qualitative Examples
[NRYgUzSPZz] figure_5.jpg -> classified as: Plots / Charts
[NRYgUzSPZz] figure_6.jpg -> classified as: Plots / Charts
[NRYgUzSPZz] figure_2.jpg -> classified as: Plots / Charts
[NRYgUzSPZz] figure_3.jpg -> classified as: Plots / Charts
[NRYgUzSPZz] figure_4.jpg -> classified as: Plots / Charts
[NRYgUzSPZz] figure_1.jpg -> classified as: Qualitative Examples
[NSIVHTbZBR] figure_5.jpg -> classified as: Qualitative Examples
[NSIVHTbZBR] figure_6.jpg -> classified as: Qualitative Examples
[NSIVHTbZBR] figure_9.jpg -> classified as: Qualitative Examples
[NSIVHTbZBR] figure_2.jpg -> classified as: Architecture Diagram
[NSIVHTbZBR] figure_3.jpg -> classified as: Qualitative Examples
[NSIVHTbZBR] figure_unnamed_figure.jpg -> classified as: Qualitative Examples
[NSIVHTbZBR] figure_4.jpg -> classified as: Plots / Charts
[NSIVHTbZBR] figure_1.jpg -> classified as: Architecture Diagram
[NSIVHTbZBR] figure_8.jpg -> classified as: Qualitative Examples
[NSIVHTbZBR] figure_10.jpg -> classified as: Qualitative Examples
[NSVtmmzeRB] figure_5.jpg -> classified as: Plots / Charts
[NSVtmmzeRB] figure_2.jpg -> classified as: Architecture Diagram
[NSVtmmzeRB] figure_3.jpg -> classified as: Qualitative Examples
[NSVtmmzeRB] figure_4.jpg -> classified as: Plots / Charts
[NSVtmmzeRB] figure_1.jpg -> classified as: Architecture Diagram
[NSpe8QgsCB] figure_Fig._S_4_.jpg -> classified as: Qualitative Examples
[NSpe8QgsCB] figure_5.jpg -> classified as: Qualitative Examples
[NSpe8QgsCB] figure_6.jpg -> classified as: Qualitative Examples
[NSpe8QgsCB] figure_Fig._S_6_.jpg -> classified as: Qualitative Examples
[NSpe8QgsCB] figure_2.jpg -> classified as: Architecture Diagram
[NSpe8QgsCB] figure_Fig._S_1_.jpg -> classified as: Plots / Charts
[NSpe8QgsCB] figure_Fig._S_5_.jpg -> classified as: Qualitative Examples
[NSpe8QgsCB] figure_3.jpg -> classified as: Other
  -> Skipping second pass (Other)
[NSpe8QgsCB] figure_4.jpg -> classified as: Qualitative Examples
[NSpe8QgsCB] figure_1.jpg -> classified as: Plots / Charts
[NSpe8QgsCB] figure_Fig._S_2_.jpg -> classified as: Plots / Charts
[NSpe8QgsCB] figure_Fig._S_3_.jpg -> classified as: Qualitative Examples
[NTNLlEmx8Y] figure_5.jpg -> classified as: Plots / Charts
[NTNLlEmx8Y] figure_6.jpg -> classified as: Plots / Charts
[NTNLlEmx8Y] figure_(b)_Density_of.jpg -> classified as: Plots / Charts
[NTNLlEmx8Y] figure_7.jpg -> classified as: Plots / Charts
[NTNLlEmx8Y] figure_3.jpg -> classified as: Architecture Diagram
[NTNLlEmx8Y] figure_4.jpg -> classified as: Qualitative Examples
[NTNLlEmx8Y] figure_1.jpg -> classified as: Qualitative Examples
[NTNLlEmx8Y] figure_8.jpg -> classified as: Plots / Charts
[NTWtNjlThd] figure_30.jpg -> classified as: Qualitative Examples
[NTWtNjlThd] figure_19.jpg -> classified as: Qualitative Examples
[NTWtNjlThd] figure_23.jpg -> classified as: Qualitative Examples
[NTWtNjlThd] figure_29.jpg -> classified as: Qualitative Examples
[NTWtNjlThd] figure_24.jpg -> classified as: Qualitative Examples
[NTWtNjlThd] figure_5.jpg -> classified as: Qualitative Examples
[NTWtNjlThd] figure_6.jpg -> classified as: Qualitative Examples
[NTWtNjlThd] figure_9.jpg -> classified as: Qualitative Examples
[NTWtNjlThd] figure_22.jpg -> classified as: Qualitative Examples
[NTWtNjlThd] figure_28.jpg -> classified as: Qualitative Examples
[NTWtNjlThd] figure_18.jpg -> classified as: Qualitative Examples
[NTWtNjlThd] figure_13.jpg -> classified as: Qualitative Examples
[NTWtNjlThd] figure_15.jpg -> classified as: Qualitative Examples
[NTWtNjlThd] figure_2.jpg -> classified as: Plots / Charts
[NTWtNjlThd] figure_20.jpg -> classified as: Qualitative Examples
[NTWtNjlThd] figure_11.jpg -> classified as: Plots / Charts
[NTWtNjlThd] figure_35.jpg -> classified as: Qualitative Examples
[NTWtNjlThd] figure_7.jpg -> classified as: Qualitative Examples
[NTWtNjlThd] figure_34.jpg -> classified as: Qualitative Examples
[NTWtNjlThd] figure_3.jpg -> classified as: Qualitative Examples
[NTWtNjlThd] figure_33.jpg -> classified as: Qualitative Examples
[NTWtNjlThd] figure_4.jpg -> classified as: Qualitative Examples
[NTWtNjlThd] figure_31.jpg -> classified as: Qualitative Examples
[NTWtNjlThd] figure_17.jpg -> classified as: Qualitative Examples
[NTWtNjlThd] figure_1.jpg -> classified as: Architecture Diagram
[NTWtNjlThd] figure_27.jpg -> classified as: Qualitative Examples
[NTWtNjlThd] figure_8.jpg -> classified as: Qualitative Examples
[NTWtNjlThd] figure_12.jpg -> classified as: Plots / Charts
[NTWtNjlThd] figure_25.jpg -> classified as: Qualitative Examples
[NTWtNjlThd] figure_21.jpg -> classified as: Qualitative Examples
[NTWtNjlThd] figure_26.jpg -> classified as: Qualitative Examples
[NTWtNjlThd] figure_14.jpg -> classified as: Plots / Charts
[NTWtNjlThd] figure_32.jpg -> classified as: Qualitative Examples
[NTWtNjlThd] figure_16.jpg -> classified as: Qualitative Examples
[NTWtNjlThd] figure_10.jpg -> classified as: Plots / Charts
[NV5p50EkT6] figure_5.jpg -> classified as: Plots / Charts
[NV5p50EkT6] figure_6.jpg -> classified as: Plots / Charts
[NV5p50EkT6] figure_9.jpg -> classified as: Plots / Charts
[NV5p50EkT6] figure_2.jpg -> classified as: Architecture Diagram
[NV5p50EkT6] figure_11.jpg -> classified as: Plots / Charts
[NV5p50EkT6] figure_7.jpg -> classified as: Plots / Charts
[NV5p50EkT6] figure_3.jpg -> classified as: Architecture Diagram
[NV5p50EkT6] figure_unnamed_figure.jpg -> classified as: Plots / Charts
[NV5p50EkT6] figure_4.jpg -> classified as: Plots / Charts
[NV5p50EkT6] figure_1.jpg -> classified as: Other
  -> Skipping second pass (Other)
[NV5p50EkT6] figure_8.jpg -> classified as: Plots / Charts
[NV5p50EkT6] figure_12.jpg -> classified as: Plots / Charts
[NV5p50EkT6] figure_14.jpg -> classified as: Plots / Charts
[NV5p50EkT6] figure_10.jpg -> classified as: Plots / Charts
[NW2s5XXwXU] figure_5.jpg -> classified as: Plots / Charts
[NW2s5XXwXU] figure_6.jpg -> classified as: Plots / Charts
[NW2s5XXwXU] figure_9.jpg -> classified as: Qualitative Examples
[NW2s5XXwXU] figure_2.jpg -> classified as: Architecture Diagram
[NW2s5XXwXU] figure_7.jpg -> classified as: Plots / Charts
[NW2s5XXwXU] figure_3.jpg -> classified as: Plots / Charts
[NW2s5XXwXU] figure_4.jpg -> classified as: Plots / Charts
[NW2s5XXwXU] figure_1.jpg -> classified as: Architecture Diagram
[NW2s5XXwXU] figure_8.jpg -> classified as: Qualitative Examples
[NW2s5XXwXU] figure_10.jpg -> classified as: Qualitative Examples
[NW31gAylIm] figure_2.jpg -> classified as: Architecture Diagram
[NW31gAylIm] figure_3.jpg -> classified as: Plots / Charts
[NW31gAylIm] figure_4.jpg -> classified as: Plots / Charts
[NW31gAylIm] figure_1.jpg -> classified as: Architecture Diagram
[NWb128pSCb] figure_19.jpg -> classified as: Plots / Charts
[NWb128pSCb] figure_A_brown_apple.jpg -> classified as: Other
  -> Skipping second pass (Other)
[NWb128pSCb] figure_A_full_glass.jpg -> classified as: Qualitative Examples
[NWb128pSCb] figure_A_green_apple.jpg -> classified as: Other
  -> Skipping second pass (Other)
[NWb128pSCb] figure_Ceramic_pots_with.jpg -> classified as: Other
  -> Skipping second pass (Other)
[NWb128pSCb] figure_The_pizza_on.jpg -> classified as: Qualitative Examples
[NWb128pSCb] figure_Two_balloons_are.jpg -> classified as: Teaser Image
[NWb128pSCb] figure_23.jpg -> classified as: Qualitative Examples
[NWb128pSCb] figure_A_robot_is.jpg -> classified as: Other
  -> Skipping second pass (Other)
[NWb128pSCb] figure_The_young_student's.jpg -> classified as: Teaser Image
[NWb128pSCb] figure_There's_a_plastic.jpg -> classified as: Other
  -> Skipping second pass (Other)
[NWb128pSCb] figure_24.jpg -> classified as: Qualitative Examples
[NWb128pSCb] figure_The_cold_tea.jpg -> classified as: Other
  -> Skipping second pass (Other)
[NWb128pSCb] figure_5.jpg -> classified as: Plots / Charts
[NWb128pSCb] figure_6.jpg -> classified as: Plots / Charts
[NWb128pSCb] figure_Above_a_bird.jpg -> classified as: Other
  -> Skipping second pass (Other)
[NWb128pSCb] figure_The_leg_of.jpg -> classified as: Plots / Charts
[NWb128pSCb] figure_A_black_vest.jpg -> classified as: Qualitative Examples
[NWb128pSCb] figure_The_child_on_1.jpg -> classified as: Other
  -> Skipping second pass (Other)
[NWb128pSCb] figure_The_happy_dog.jpg -> classified as: Qualitative Examples
[NWb128pSCb] figure_9.jpg -> classified as: Qualitative Examples
[NWb128pSCb] figure_A_robot_next.jpg -> classified as: Other
  -> Skipping second pass (Other)
[NWb128pSCb] figure_A_parent_is.jpg -> classified as: Other
  -> Skipping second pass (Other)
[NWb128pSCb] figure_An_empty_glass.jpg -> classified as: Other
  -> Skipping second pass (Other)
[NWb128pSCb] figure_22.jpg -> classified as: Teaser Image
[NWb128pSCb] figure_18.jpg -> classified as: Qualitative Examples
[NWb128pSCb] figure_13.jpg -> classified as: Qualitative Examples
[NWb128pSCb] figure_A_brown_stem.jpg -> classified as: Other
  -> Skipping second pass (Other)
[NWb128pSCb] figure_In_the_pool,.jpg -> classified as: Qualitative Examples
[NWb128pSCb] figure_The_ice_cream.jpg -> classified as: Other
  -> Skipping second pass (Other)
[NWb128pSCb] figure_The_horses_are.jpg -> classified as: Other
  -> Skipping second pass (Other)
[NWb128pSCb] figure_The_customer_is.jpg -> classified as: Qualitative Examples
[NWb128pSCb] figure_15.jpg -> classified as: Plots / Charts
[NWb128pSCb] figure_An_empty_plate.jpg -> classified as: Other
  -> Skipping second pass (Other)
[NWb128pSCb] figure_With_a_ceramic.jpg -> classified as: Other
  -> Skipping second pass (Other)
[NWb128pSCb] figure_The_waiter_is_1.jpg -> classified as: Other
  -> Skipping second pass (Other)
[NWb128pSCb] figure_Two_balloons_tied.jpg -> classified as: Other
  -> Skipping second pass (Other)
[NWb128pSCb] figure_2.jpg -> classified as: Plots / Charts
[NWb128pSCb] figure_A_police_officer.jpg -> classified as: Other
  -> Skipping second pass (Other)
[NWb128pSCb] figure_20.jpg -> classified as: Qualitative Examples
[NWb128pSCb] figure_There's_an_old,_1.jpg -> classified as: Teaser Image
[NWb128pSCb] figure_11.jpg -> classified as: Plots / Charts
[NWb128pSCb] figure_The_waiter_is.jpg -> classified as: Other
  -> Skipping second pass (Other)
[NWb128pSCb] figure_In_the_pool,_2.jpg -> classified as: Teaser Image
[NWb128pSCb] figure_The_ice_cream_1.jpg -> classified as: Other
  -> Skipping second pass (Other)
[NWb128pSCb] figure_The_pizza_on_1.jpg -> classified as: Qualitative Examples
[NWb128pSCb] figure_7.jpg -> classified as: Plots / Charts
[NWb128pSCb] figure_3.jpg -> classified as: Architecture Diagram
[NWb128pSCb] figure_The_horses_are_1.jpg -> classified as: Other
  -> Skipping second pass (Other)
[NWb128pSCb] figure_4.jpg -> classified as: Architecture Diagram
[NWb128pSCb] figure_Ceramic_plates_with.jpg -> classified as: Other
  -> Skipping second pass (Other)
[NWb128pSCb] figure_In_white_uniforms.jpg -> classified as: Other
  -> Skipping second pass (Other)
[NWb128pSCb] figure_Three_balloons_tied.jpg -> classified as: Qualitative Examples
[NWb128pSCb] figure_The_child_on.jpg -> classified as: Other
  -> Skipping second pass (Other)
[NWb128pSCb] figure_17.jpg -> classified as: Qualitative Examples
[NWb128pSCb] figure_There's_a_sleek,.jpg -> classified as: Teaser Image
[NWb128pSCb] figure_There's_a_ceramic.jpg -> classified as: Qualitative Examples
[NWb128pSCb] figure_The_happy_dog_1.jpg -> classified as: Qualitative Examples
[NWb128pSCb] figure_In_the_pool,_1.jpg -> classified as: Qualitative Examples
[NWb128pSCb] figure_A_police_officer_1.jpg -> classified as: Other
  -> Skipping second pass (Other)
[NWb128pSCb] figure_1.jpg -> classified as: Qualitative Examples
[NWb128pSCb] figure_27.jpg -> classified as: Qualitative Examples
[NWb128pSCb] figure_There's_an_old,.jpg -> classified as: Other
  -> Skipping second pass (Other)
[NWb128pSCb] figure_A_bird_without.jpg -> classified as: Qualitative Examples
[NWb128pSCb] figure_8.jpg -> classified as: Plots / Charts
[NWb128pSCb] figure_A_bird_with.jpg -> classified as: Qualitative Examples
[NWb128pSCb] figure_12.jpg -> classified as: Plots / Charts
[NWb128pSCb] figure_25.jpg -> classified as: Other
  -> Skipping second pass (Other)
[NWb128pSCb] figure_21.jpg -> classified as: Qualitative Examples
[NWb128pSCb] figure_The_pockets_on.jpg -> classified as: Qualitative Examples
[NWb128pSCb] figure_While_the_cat.jpg -> classified as: Plots / Charts
[NWb128pSCb] figure_26.jpg -> classified as: Other
  -> Skipping second pass (Other)
[NWb128pSCb] figure_The_camels_are.jpg -> classified as: Other
  -> Skipping second pass (Other)
[NWb128pSCb] figure_The_waiter_is_2.jpg -> classified as: Qualitative Examples
[NWb128pSCb] figure_16.jpg -> classified as: Qualitative Examples
[NWb128pSCb] figure_Copper_pots_with.jpg -> classified as: Other
  -> Skipping second pass (Other)
[NWb128pSCb] figure_10.jpg -> classified as: Qualitative Examples
[NWb128pSCb] figure_The_cold_tea_1.jpg -> classified as: Other
  -> Skipping second pass (Other)
[NWb128pSCb] figure_The_sandwich_on.jpg -> classified as: Other
  -> Skipping second pass (Other)
[NYN1b8GRGS] figure_5.jpg -> classified as: Qualitative Examples
[NYN1b8GRGS] figure_6.jpg -> classified as: Qualitative Examples
[NYN1b8GRGS] figure_9.jpg -> classified as: Qualitative Examples
[NYN1b8GRGS] figure_2.jpg -> classified as: Architecture Diagram
[NYN1b8GRGS] figure_3.jpg -> classified as: Qualitative Examples
[NYN1b8GRGS] figure_4.jpg -> classified as: Qualitative Examples
[NYN1b8GRGS] figure_1.jpg -> classified as: Other
  -> Skipping second pass (Other)
[NYN1b8GRGS] figure_8.jpg -> classified as: Qualitative Examples
[NZ5KXXDv1T] figure_5.jpg -> classified as: Plots / Charts
[NZ5KXXDv1T] figure_6.jpg -> classified as: Qualitative Examples
[NZ5KXXDv1T] figure_2.jpg -> classified as: Plots / Charts
[NZ5KXXDv1T] figure_3.jpg -> classified as: Qualitative Examples
[NZ5KXXDv1T] figure_4.jpg -> classified as: Plots / Charts
[NZ5KXXDv1T] figure_1.jpg -> classified as: Plots / Charts
[Nb3a8aUGfj] figure_5.jpg -> classified as: Qualitative Examples
[Nb3a8aUGfj] figure_9.jpg -> classified as: Qualitative Examples
[Nb3a8aUGfj] figure_2.jpg -> classified as: Architecture Diagram
[Nb3a8aUGfj] figure_11.jpg -> classified as: Plots / Charts
[Nb3a8aUGfj] figure_7.jpg -> classified as: Architecture Diagram
[Nb3a8aUGfj] figure_3.jpg -> classified as: Plots / Charts
[Nb3a8aUGfj] figure_4.jpg -> classified as: Qualitative Examples
[Nb3a8aUGfj] figure_1.jpg -> classified as: Qualitative Examples
[Nb3a8aUGfj] figure_8.jpg -> classified as: Architecture Diagram
[Nb3a8aUGfj] figure_10.jpg -> classified as: Plots / Charts
[NeKjkOWvwd] figure_5.jpg -> classified as: Plots / Charts
[NeKjkOWvwd] figure_6.jpg -> classified as: Plots / Charts
[NeKjkOWvwd] figure_9.jpg -> classified as: Plots / Charts
[NeKjkOWvwd] figure_2.jpg -> classified as: Qualitative Examples
[NeKjkOWvwd] figure_7.jpg -> classified as: Qualitative Examples
[NeKjkOWvwd] figure_3.jpg -> classified as: Plots / Charts
[NeKjkOWvwd] figure_4.jpg -> classified as: Qualitative Examples
[NeKjkOWvwd] figure_1.jpg -> classified as: Plots / Charts
[NeKjkOWvwd] figure_8.jpg -> classified as: Plots / Charts
[NeVbEYW4tp] figure_5.jpg -> classified as: Plots / Charts
[NeVbEYW4tp] figure_6.jpg -> classified as: Plots / Charts
[NeVbEYW4tp] figure_2.jpg -> classified as: Architecture Diagram
[NeVbEYW4tp] figure_3.jpg -> classified as: Plots / Charts
[NeVbEYW4tp] figure_4.jpg -> classified as: Plots / Charts
[NeVbEYW4tp] figure_1.jpg -> classified as: Other
  -> Skipping second pass (Other)
[Ng4HaH4L6P] figure_5.jpg -> classified as: Qualitative Examples
[Ng4HaH4L6P] figure_6.jpg -> classified as: Qualitative Examples
[Ng4HaH4L6P] figure_9.jpg -> classified as: Qualitative Examples
[Ng4HaH4L6P] figure_2.jpg -> classified as: Architecture Diagram
[Ng4HaH4L6P] figure_7.jpg -> classified as: Qualitative Examples
[Ng4HaH4L6P] figure_3.jpg -> classified as: Architecture Diagram
[Ng4HaH4L6P] figure_4.jpg -> classified as: Plots / Charts
[Ng4HaH4L6P] figure_1.jpg -> classified as: Qualitative Examples
[Ng4HaH4L6P] figure_8.jpg -> classified as: Qualitative Examples
[Nh8NLlIfBv] figure_5.jpg -> classified as: Plots / Charts
[Nh8NLlIfBv] figure_6.jpg -> classified as: Plots / Charts
[Nh8NLlIfBv] figure_2.jpg -> classified as: Architecture Diagram
[Nh8NLlIfBv] figure_3.jpg -> classified as: Plots / Charts
[Nh8NLlIfBv] figure_4.jpg -> classified as: Plots / Charts
[Nh8NLlIfBv] figure_1.jpg -> classified as: Qualitative Examples
[NhUinwpVSQ] figure_5.jpg -> classified as: Qualitative Examples
[NhUinwpVSQ] figure_6.jpg -> classified as: Qualitative Examples
[NhUinwpVSQ] figure_2.jpg -> classified as: Architecture Diagram
[NhUinwpVSQ] figure_7.jpg -> classified as: Qualitative Examples
[NhUinwpVSQ] figure_3.jpg -> classified as: Architecture Diagram
[NhUinwpVSQ] figure_4.jpg -> classified as: Architecture Diagram
[NhUinwpVSQ] figure_1.jpg -> classified as: Qualitative Examples
[NhUinwpVSQ] figure_8.jpg -> classified as: Qualitative Examples
[Nifg2fQMGW] figure_19.jpg -> classified as: Qualitative Examples
[Nifg2fQMGW] figure_23.jpg -> classified as: Qualitative Examples
[Nifg2fQMGW] figure_5.jpg -> classified as: Qualitative Examples
[Nifg2fQMGW] figure_6.jpg -> classified as: Qualitative Examples
[Nifg2fQMGW] figure_9.jpg -> classified as: Qualitative Examples
[Nifg2fQMGW] figure_22.jpg -> classified as: Qualitative Examples
[Nifg2fQMGW] figure_18.jpg -> classified as: Qualitative Examples
[Nifg2fQMGW] figure_13.jpg -> classified as: Qualitative Examples
[Nifg2fQMGW] figure_15.jpg -> classified as: Qualitative Examples
[Nifg2fQMGW] figure_Cross-Attention_Maps_Visualization.jpg -> classified as: Qualitative Examples
[Nifg2fQMGW] figure_2.jpg -> classified as: Architecture Diagram
[Nifg2fQMGW] figure_20.jpg -> classified as: Qualitative Examples
[Nifg2fQMGW] figure_7.jpg -> classified as: Plots / Charts
[Nifg2fQMGW] figure_3.jpg -> classified as: Architecture Diagram
[Nifg2fQMGW] figure_4.jpg -> classified as: Qualitative Examples
[Nifg2fQMGW] figure_17.jpg -> classified as: Qualitative Examples
[Nifg2fQMGW] figure_1.jpg -> classified as: Qualitative Examples
[Nifg2fQMGW] figure_8.jpg -> classified as: Plots / Charts
[Nifg2fQMGW] figure_12.jpg -> classified as: Plots / Charts
[Nifg2fQMGW] figure_21.jpg -> classified as: Qualitative Examples
[Nifg2fQMGW] figure_14.jpg -> classified as: Qualitative Examples
[Nifg2fQMGW] figure_16.jpg -> classified as: Qualitative Examples
[Nifg2fQMGW] figure_10.jpg -> classified as: Qualitative Examples
[NnYaYVODyV] figure_5.jpg -> classified as: Qualitative Examples
[NnYaYVODyV] figure_6.jpg -> classified as: Plots / Charts
[NnYaYVODyV] figure_9.jpg -> classified as: Qualitative Examples
[NnYaYVODyV] figure_2.jpg -> classified as: Architecture Diagram
[NnYaYVODyV] figure_7.jpg -> classified as: Plots / Charts
[NnYaYVODyV] figure_3.jpg -> classified as: Architecture Diagram
[NnYaYVODyV] figure_4.jpg -> classified as: Plots / Charts
[NnYaYVODyV] figure_1.jpg -> classified as: Qualitative Examples
[NnYaYVODyV] figure_8.jpg -> classified as: Qualitative Examples
[NnYaYVODyV] figure_10.jpg -> classified as: Qualitative Examples
[NoRvNK9eDp] figure_A.jpg -> classified as: Architecture Diagram
[NoRvNK9eDp] figure_5.jpg -> classified as: Plots / Charts
[NoRvNK9eDp] figure_6.jpg -> classified as: Qualitative Examples
[NoRvNK9eDp] figure_2.jpg -> classified as: Architecture Diagram
[NoRvNK9eDp] figure_B.jpg -> classified as: Architecture Diagram
[NoRvNK9eDp] figure_D.jpg -> classified as: Plots / Charts
[NoRvNK9eDp] figure_4.jpg -> classified as: Plots / Charts
[NoRvNK9eDp] figure_C.jpg -> classified as: Qualitative Examples
[NoiaAT0eec] figure_2.jpg -> classified as: Plots / Charts
[NoiaAT0eec] figure_3.jpg -> classified as: Plots / Charts
[NoiaAT0eec] figure_1.jpg -> classified as: Architecture Diagram
[NpBhYnUgFU] figure_2.jpg -> classified as: Plots / Charts
[NpBhYnUgFU] figure_1.jpg -> classified as: Architecture Diagram
[Nq7yKYL0Bp] figure_5.jpg -> classified as: Plots / Charts
[Nq7yKYL0Bp] figure_6.jpg -> classified as: Qualitative Examples
[Nq7yKYL0Bp] figure_9.jpg -> classified as: Plots / Charts
[Nq7yKYL0Bp] figure_13.jpg -> classified as: Plots / Charts
[Nq7yKYL0Bp] figure_15.jpg -> classified as: Qualitative Examples
[Nq7yKYL0Bp] figure_2.jpg -> classified as: Architecture Diagram
[Nq7yKYL0Bp] figure_11.jpg -> classified as: Plots / Charts
[Nq7yKYL0Bp] figure_7.jpg -> classified as: Architecture Diagram
[Nq7yKYL0Bp] figure_3.jpg -> classified as: Qualitative Examples
[Nq7yKYL0Bp] figure_4.jpg -> classified as: Plots / Charts
[Nq7yKYL0Bp] figure_1.jpg -> classified as: Architecture Diagram
[Nq7yKYL0Bp] figure_8.jpg -> classified as: Plots / Charts
[Nq7yKYL0Bp] figure_12.jpg -> classified as: Plots / Charts
[Nq7yKYL0Bp] figure_14.jpg -> classified as: Qualitative Examples
[Nq7yKYL0Bp] figure_16.jpg -> classified as: Qualitative Examples
[Nq7yKYL0Bp] figure_10.jpg -> classified as: Plots / Charts
[NqpdT8DwGc] figure_5.jpg -> classified as: Other
  -> Skipping second pass (Other)
[NqpdT8DwGc] figure_6.jpg -> classified as: Plots / Charts
[NqpdT8DwGc] figure_2.jpg -> classified as: Plots / Charts
[NqpdT8DwGc] figure_3.jpg -> classified as: Plots / Charts
[NqpdT8DwGc] figure_4.jpg -> classified as: Plots / Charts
[NqpdT8DwGc] figure_1.jpg -> classified as: Plots / Charts
[NsCXDyv2Bn] figure_2.jpg -> classified as: Architecture Diagram
[NsCXDyv2Bn] figure_3.jpg -> classified as: Architecture Diagram
[NsCXDyv2Bn] figure_4.jpg -> classified as: Plots / Charts
[NsCXDyv2Bn] figure_1.jpg -> classified as: Architecture Diagram
[NtMf8DejbV] figure_5.jpg -> classified as: Qualitative Examples
[NtMf8DejbV] figure_6.jpg -> classified as: Qualitative Examples
[NtMf8DejbV] figure_9.jpg -> classified as: Plots / Charts
[NtMf8DejbV] figure_13.jpg -> classified as: Qualitative Examples
[NtMf8DejbV] figure_15.jpg -> classified as: Qualitative Examples
[NtMf8DejbV] figure_2.jpg -> classified as: Architecture Diagram
[NtMf8DejbV] figure_11.jpg -> classified as: Plots / Charts
[NtMf8DejbV] figure_7.jpg -> classified as: Other
  -> Skipping second pass (Other)
[NtMf8DejbV] figure_3.jpg -> classified as: Qualitative Examples
[NtMf8DejbV] figure_4.jpg -> classified as: Architecture Diagram
[NtMf8DejbV] figure_1.jpg -> classified as: Qualitative Examples
[NtMf8DejbV] figure_8.jpg -> classified as: Architecture Diagram
[NtMf8DejbV] figure_12.jpg -> classified as: Qualitative Examples
[NtMf8DejbV] figure_14.jpg -> classified as: Qualitative Examples
[NtMf8DejbV] figure_16.jpg -> classified as: Qualitative Examples
[NtMf8DejbV] figure_10.jpg -> classified as: Qualitative Examples
[Nu7dDaVF5a] figure_5.jpg -> classified as: Plots / Charts
[Nu7dDaVF5a] figure_6.jpg -> classified as: Qualitative Examples
[Nu7dDaVF5a] figure_9.jpg -> classified as: Qualitative Examples
[Nu7dDaVF5a] figure_2.jpg -> classified as: Architecture Diagram
[Nu7dDaVF5a] figure_11.jpg -> classified as: Qualitative Examples
[Nu7dDaVF5a] figure_7.jpg -> classified as: Qualitative Examples
[Nu7dDaVF5a] figure_3.jpg -> classified as: Qualitative Examples
[Nu7dDaVF5a] figure_4.jpg -> classified as: Qualitative Examples
[Nu7dDaVF5a] figure_1.jpg -> classified as: Architecture Diagram
[Nu7dDaVF5a] figure_8.jpg -> classified as: Qualitative Examples
[Nu7dDaVF5a] figure_10.jpg -> classified as: Qualitative Examples
[Nu9mOSq7eH] figure_5.jpg -> classified as: Qualitative Examples
[Nu9mOSq7eH] figure_6.jpg -> classified as: Qualitative Examples
[Nu9mOSq7eH] figure_2.jpg -> classified as: Architecture Diagram
[Nu9mOSq7eH] figure_7.jpg -> classified as: Qualitative Examples
[Nu9mOSq7eH] figure_3.jpg -> classified as: Qualitative Examples
[Nu9mOSq7eH] figure_4.jpg -> classified as: Qualitative Examples
[Nu9mOSq7eH] figure_1.jpg -> classified as: Qualitative Examples
[Nu9mOSq7eH] figure_8.jpg -> classified as: Qualitative Examples
[Nvw2szDdmI] figure_5.jpg -> classified as: Plots / Charts
[Nvw2szDdmI] figure_6.jpg -> classified as: Plots / Charts
[Nvw2szDdmI] figure_9.jpg -> classified as: Plots / Charts
[Nvw2szDdmI] figure_2.jpg -> classified as: Plots / Charts
[Nvw2szDdmI] figure_11.jpg -> classified as: Qualitative Examples
[Nvw2szDdmI] figure_7.jpg -> classified as: Qualitative Examples
[Nvw2szDdmI] figure_3.jpg -> classified as: Qualitative Examples
[Nvw2szDdmI] figure_4.jpg -> classified as: Plots / Charts
[Nvw2szDdmI] figure_1.jpg -> classified as: Architecture Diagram
[Nvw2szDdmI] figure_8.jpg -> classified as: Plots / Charts
[Nvw2szDdmI] figure_12.jpg -> classified as: Plots / Charts
[Nvw2szDdmI] figure_10.jpg -> classified as: Qualitative Examples
[Nx6Bb5uxfI] figure_5.jpg -> classified as: Qualitative Examples
[Nx6Bb5uxfI] figure_6.jpg -> classified as: Plots / Charts
[Nx6Bb5uxfI] figure_2.jpg -> classified as: Architecture Diagram
[Nx6Bb5uxfI] figure_7.jpg -> classified as: Qualitative Examples
[Nx6Bb5uxfI] figure_3.jpg -> classified as: Architecture Diagram
[Nx6Bb5uxfI] figure_4.jpg -> classified as: Qualitative Examples
[Nx6Bb5uxfI] figure_1.jpg -> classified as: Plots / Charts
[NxoFmGgWC9] figure_“go_slide_the.jpg -> classified as: Qualitative Examples
[NxoFmGgWC9] figure_5.jpg -> classified as: Qualitative Examples
[NxoFmGgWC9] figure_9.jpg -> classified as: Qualitative Examples
[NxoFmGgWC9] figure_“grasp_the_blue.jpg -> classified as: Qualitative Examples
[NxoFmGgWC9] figure_2.jpg -> classified as: Architecture Diagram
[NxoFmGgWC9] figure_11.jpg -> classified as: Qualitative Examples
[NxoFmGgWC9] figure_7.jpg -> classified as: Plots / Charts
[NxoFmGgWC9] figure_4.jpg -> classified as: Qualitative Examples
[NxoFmGgWC9] figure_1.jpg -> classified as: Architecture Diagram
[NxoFmGgWC9] figure_8.jpg -> classified as: Qualitative Examples
[NxoFmGgWC9] figure_12.jpg -> classified as: Qualitative Examples
[NxoFmGgWC9] figure_10.jpg -> classified as: Qualitative Examples
[Ny150AblPu] figure_“Of_the_216.jpg -> classified as: Qualitative Examples
[Ny150AblPu] figure_“One_of_the.jpg -> classified as: Qualitative Examples
[Ny150AblPu] figure_“View_photo_gallery.jpg -> classified as: Qualitative Examples
[Ny150AblPu] figure_“Harambe_was_a.jpg -> classified as: Qualitative Examples
[Ny150AblPu] figure_5.jpg -> classified as: Qualitative Examples
[Ny150AblPu] figure_“A_school_bus_new.jpg -> classified as: Qualitative Examples
[Ny150AblPu] figure_“A_lovely_dog.jpg -> classified as: Qualitative Examples
[Ny150AblPu] figure_9.jpg -> classified as: Qualitative Examples
[Ny150AblPu] figure_13.jpg -> classified as: Qualitative Examples
[Ny150AblPu] figure_2.jpg -> classified as: Architecture Diagram
[Ny150AblPu] figure_“On_the_menu.jpg -> classified as: Qualitative Examples
[Ny150AblPu] figure_“Roses_playing_basketball.jpg -> classified as: Qualitative Examples
[Ny150AblPu] figure_“Karim_Benzema_from.jpg -> classified as: Qualitative Examples
[Ny150AblPu] figure_11.jpg -> classified as: Qualitative Examples
[Ny150AblPu] figure_“Google_Yahoo_plans_to.jpg -> classified as: Qualitative Examples
[Ny150AblPu] figure_7.jpg -> classified as: Qualitative Examples
[Ny150AblPu] figure_3.jpg -> classified as: Qualitative Examples
[Ny150AblPu] figure_“A_rabbit_Montgomery_lawnlovers.jpg -> classified as: Qualitative Examples
[Ny150AblPu] figure_4.jpg -> classified as: Plots / Charts
[Ny150AblPu] figure_“An_helicopter_Allegiant_Air.jpg -> classified as: Qualitative Examples
[Ny150AblPu] figure_“Icicles_hang_from.jpg -> classified as: Qualitative Examples
[Ny150AblPu] figure_“A_kite_drone_flies.jpg -> classified as: Qualitative Examples
[Ny150AblPu] figure_1.jpg -> classified as: Qualitative Examples
[Ny150AblPu] figure_“An_cake_Asian_Sloppy.jpg -> classified as: Qualitative Examples
[Ny150AblPu] figure_12.jpg -> classified as: Qualitative Examples
[Ny150AblPu] figure_“A_oil_painting.jpg -> classified as: Architecture Diagram
[Ny150AblPu] figure_10.jpg -> classified as: Qualitative Examples
[NzxCMe88HX] figure_19.jpg -> classified as: Plots / Charts
[NzxCMe88HX] figure_5.jpg -> classified as: Qualitative Examples
[NzxCMe88HX] figure_6.jpg -> classified as: Qualitative Examples
[NzxCMe88HX] figure_9.jpg -> classified as: Qualitative Examples
[NzxCMe88HX] figure_18.jpg -> classified as: Plots / Charts
[NzxCMe88HX] figure_13.jpg -> classified as: Qualitative Examples
[NzxCMe88HX] figure_15.jpg -> classified as: Qualitative Examples
[NzxCMe88HX] figure_2.jpg -> classified as: Qualitative Examples
[NzxCMe88HX] figure_11.jpg -> classified as: Qualitative Examples
[NzxCMe88HX] figure_7.jpg -> classified as: Qualitative Examples
[NzxCMe88HX] figure_3.jpg -> classified as: Qualitative Examples
[NzxCMe88HX] figure_4.jpg -> classified as: Qualitative Examples
[NzxCMe88HX] figure_17.jpg -> classified as: Qualitative Examples
[NzxCMe88HX] figure_1.jpg -> classified as: Plots / Charts
[NzxCMe88HX] figure_8.jpg -> classified as: Qualitative Examples
[NzxCMe88HX] figure_12.jpg -> classified as: Qualitative Examples
[NzxCMe88HX] figure_14.jpg -> classified as: Qualitative Examples
[NzxCMe88HX] figure_16.jpg -> classified as: Qualitative Examples
[NzxCMe88HX] figure_10.jpg -> classified as: Qualitative Examples
[O072Rc8uUy] figure_5.jpg -> classified as: Qualitative Examples
[O072Rc8uUy] figure_6.jpg -> classified as: Qualitative Examples
[O072Rc8uUy] figure_9.jpg -> classified as: Qualitative Examples
[O072Rc8uUy] figure_13.jpg -> classified as: Qualitative Examples
[O072Rc8uUy] figure_15.jpg -> classified as: Qualitative Examples
[O072Rc8uUy] figure_2.jpg -> classified as: Architecture Diagram
[O072Rc8uUy] figure_11.jpg -> classified as: Qualitative Examples
[O072Rc8uUy] figure_7.jpg -> classified as: Qualitative Examples
[O072Rc8uUy] figure_3.jpg -> classified as: Qualitative Examples
[O072Rc8uUy] figure_4.jpg -> classified as: Qualitative Examples
[O072Rc8uUy] figure_1.jpg -> classified as: Qualitative Examples
[O072Rc8uUy] figure_8.jpg -> classified as: Qualitative Examples
[O072Rc8uUy] figure_12.jpg -> classified as: Qualitative Examples
[O072Rc8uUy] figure_14.jpg -> classified as: Qualitative Examples
[O072Rc8uUy] figure_16.jpg -> classified as: Qualitative Examples
[O072Rc8uUy] figure_10.jpg -> classified as: Qualitative Examples
[O08nfMzc93] figure_5.jpg -> classified as: Plots / Charts
[O08nfMzc93] figure_6.jpg -> classified as: Qualitative Examples
[O08nfMzc93] figure_9.jpg -> classified as: Plots / Charts
[O08nfMzc93] figure_2.jpg -> classified as: Plots / Charts
[O08nfMzc93] figure_11.jpg -> classified as: Plots / Charts
[O08nfMzc93] figure_7.jpg -> classified as: Plots / Charts
[O08nfMzc93] figure_3.jpg -> classified as: Plots / Charts
[O08nfMzc93] figure_4.jpg -> classified as: Plots / Charts
[O08nfMzc93] figure_1.jpg -> classified as: Architecture Diagram
[O08nfMzc93] figure_8.jpg -> classified as: Architecture Diagram
[O08nfMzc93] figure_12.jpg -> classified as: Plots / Charts
[O08nfMzc93] figure_10.jpg -> classified as: Plots / Charts
[O0RIrM5iqX] figure_5.jpg -> classified as: Qualitative Examples
[O0RIrM5iqX] figure_6.jpg -> classified as: Qualitative Examples
[O0RIrM5iqX] figure_9.jpg -> classified as: Qualitative Examples
[O0RIrM5iqX] figure_2.jpg -> classified as: Architecture Diagram
[O0RIrM5iqX] figure_11.jpg -> classified as: Qualitative Examples
[O0RIrM5iqX] figure_7.jpg -> classified as: Qualitative Examples
[O0RIrM5iqX] figure_3.jpg -> classified as: Qualitative Examples
[O0RIrM5iqX] figure_4.jpg -> classified as: Qualitative Examples
[O0RIrM5iqX] figure_1.jpg -> classified as: Qualitative Examples
[O0RIrM5iqX] figure_8.jpg -> classified as: Qualitative Examples
[O0RIrM5iqX] figure_12.jpg -> classified as: Qualitative Examples
[O0RIrM5iqX] figure_10.jpg -> classified as: Qualitative Examples
[O1cLOzgi81] figure_2.jpg -> classified as: Architecture Diagram
[O1cLOzgi81] figure_3.jpg -> classified as: Architecture Diagram
[O1cLOzgi81] figure_1.jpg -> classified as: Architecture Diagram
[O2CG9B2k9Q] figure_5.jpg -> classified as: Plots / Charts
[O2CG9B2k9Q] figure_6.jpg -> classified as: Qualitative Examples
[O2CG9B2k9Q] figure_9.jpg -> classified as: Plots / Charts
[O2CG9B2k9Q] figure_13.jpg -> classified as: Plots / Charts
[O2CG9B2k9Q] figure_15.jpg -> classified as: Plots / Charts
[O2CG9B2k9Q] figure_2.jpg -> classified as: Architecture Diagram
[O2CG9B2k9Q] figure_11.jpg -> classified as: Plots / Charts
[O2CG9B2k9Q] figure_7.jpg -> classified as: Plots / Charts
[O2CG9B2k9Q] figure_3.jpg -> classified as: Architecture Diagram
[O2CG9B2k9Q] figure_4.jpg -> classified as: Plots / Charts
[O2CG9B2k9Q] figure_1.jpg -> classified as: Plots / Charts
[O2CG9B2k9Q] figure_8.jpg -> classified as: Plots / Charts
[O2CG9B2k9Q] figure_12.jpg -> classified as: Plots / Charts
[O2CG9B2k9Q] figure_14.jpg -> classified as: Qualitative Examples
[O2CG9B2k9Q] figure_10.jpg -> classified as: Plots / Charts
[O6DKGUwv0m] figure_5.jpg -> classified as: Plots / Charts
[O6DKGUwv0m] figure_2.jpg -> classified as: Architecture Diagram
[O6DKGUwv0m] figure_3.jpg -> classified as: Qualitative Examples
[O6DKGUwv0m] figure_4.jpg -> classified as: Plots / Charts
[O6DKGUwv0m] figure_1.jpg -> classified as: Architecture Diagram
[O8FkMqNF1M] figure_A.jpg -> classified as: Qualitative Examples
[O8FkMqNF1M] figure_2.jpg -> classified as: Architecture Diagram
[O8FkMqNF1M] figure_3.jpg -> classified as: Other
  -> Skipping second pass (Other)
[O8FkMqNF1M] figure_4.jpg -> classified as: Qualitative Examples
[O8FkMqNF1M] figure_1.jpg -> classified as: Other
  -> Skipping second pass (Other)
[O8ouVV8PjF] figure_F_1.jpg -> classified as: Plots / Charts
[O8ouVV8PjF] figure_5.jpg -> classified as: Plots / Charts
[O8ouVV8PjF] figure_6.jpg -> classified as: Plots / Charts
[O8ouVV8PjF] figure_2.jpg -> classified as: Plots / Charts
[O8ouVV8PjF] figure_F.jpg -> classified as: Plots / Charts
[O8ouVV8PjF] figure_B.jpg -> classified as: Qualitative Examples
[O8ouVV8PjF] figure_E.jpg -> classified as: Plots / Charts
[O8ouVV8PjF] figure_3.jpg -> classified as: Plots / Charts
[O8ouVV8PjF] figure_D.jpg -> classified as: Plots / Charts
[O8ouVV8PjF] figure_4.jpg -> classified as: Plots / Charts
[O8ouVV8PjF] figure_B_1.jpg -> classified as: Plots / Charts
[O8ouVV8PjF] figure_B_2.jpg -> classified as: Qualitative Examples
[O8ouVV8PjF] figure_(b)_Shapelet_transform.jpg -> classified as: Plots / Charts
[O8ouVV8PjF] figure_1.jpg -> classified as: Plots / Charts
[O9PArxKLe1] figure_5.jpg -> classified as: Qualitative Examples
[O9PArxKLe1] figure_2.jpg -> classified as: Plots / Charts
[O9PArxKLe1] figure_3.jpg -> classified as: Qualitative Examples
[O9PArxKLe1] figure_4.jpg -> classified as: Plots / Charts
[O9PArxKLe1] figure_1.jpg -> classified as: Architecture Diagram
[OBjF5I4PWg] figure_5.jpg -> classified as: Plots / Charts
[OBjF5I4PWg] figure_6.jpg -> classified as: Plots / Charts
[OBjF5I4PWg] figure_9.jpg -> classified as: Qualitative Examples
[OBjF5I4PWg] figure_2.jpg -> classified as: Architecture Diagram
[OBjF5I4PWg] figure_11.jpg -> classified as: Qualitative Examples
[OBjF5I4PWg] figure_7.jpg -> classified as: Qualitative Examples
[OBjF5I4PWg] figure_3.jpg -> classified as: Architecture Diagram
[OBjF5I4PWg] figure_4.jpg -> classified as: Plots / Charts
[OBjF5I4PWg] figure_1.jpg -> classified as: Plots / Charts
[OBjF5I4PWg] figure_8.jpg -> classified as: Plots / Charts
[OBjF5I4PWg] figure_10.jpg -> classified as: Qualitative Examples
[OCpxDSn0G4] figure_2.jpg -> classified as: Plots / Charts
[OCpxDSn0G4] figure_3.jpg -> classified as: Plots / Charts
[OCpxDSn0G4] figure_4.jpg -> classified as: Qualitative Examples
[OCpxDSn0G4] figure_1.jpg -> classified as: Architecture Diagram
[ODRHZrkOQM] figure_2.jpg -> classified as: Architecture Diagram
[ODRHZrkOQM] figure_3.jpg -> classified as: Plots / Charts
[ODRHZrkOQM] figure_4.jpg -> classified as: Qualitative Examples
[ODRHZrkOQM] figure_1.jpg -> classified as: Qualitative Examples
[OE2T7AgQFN] figure_19.jpg -> classified as: Qualitative Examples
[OE2T7AgQFN] figure_5.jpg -> classified as: Qualitative Examples
[OE2T7AgQFN] figure_6.jpg -> classified as: Qualitative Examples
[OE2T7AgQFN] figure_9.jpg -> classified as: Qualitative Examples
[OE2T7AgQFN] figure_22.jpg -> classified as: Qualitative Examples
[OE2T7AgQFN] figure_18.jpg -> classified as: Qualitative Examples
[OE2T7AgQFN] figure_13.jpg -> classified as: Qualitative Examples
[OE2T7AgQFN] figure_15.jpg -> classified as: Qualitative Examples
[OE2T7AgQFN] figure_2.jpg -> classified as: Architecture Diagram
[OE2T7AgQFN] figure_20.jpg -> classified as: Qualitative Examples
[OE2T7AgQFN] figure_11.jpg -> classified as: Qualitative Examples
[OE2T7AgQFN] figure_7.jpg -> classified as: Qualitative Examples
[OE2T7AgQFN] figure_3.jpg -> classified as: Qualitative Examples
[OE2T7AgQFN] figure_4.jpg -> classified as: Qualitative Examples
[OE2T7AgQFN] figure_17.jpg -> classified as: Qualitative Examples
[OE2T7AgQFN] figure_1.jpg -> classified as: Qualitative Examples
[OE2T7AgQFN] figure_8.jpg -> classified as: Qualitative Examples
[OE2T7AgQFN] figure_12.jpg -> classified as: Qualitative Examples
[OE2T7AgQFN] figure_21.jpg -> classified as: Qualitative Examples
[OE2T7AgQFN] figure_14.jpg -> classified as: Qualitative Examples
[OE2T7AgQFN] figure_16.jpg -> classified as: Qualitative Examples
[OE2T7AgQFN] figure_10.jpg -> classified as: Qualitative Examples
[OEL4FJMg1b] figure_5.jpg -> classified as: Qualitative Examples
[OEL4FJMg1b] figure_6.jpg -> classified as: Qualitative Examples
[OEL4FJMg1b] figure_9.jpg -> classified as: Qualitative Examples
[OEL4FJMg1b] figure_2.jpg -> classified as: Architecture Diagram
[OEL4FJMg1b] figure_7.jpg -> classified as: Qualitative Examples
[OEL4FJMg1b] figure_3.jpg -> classified as: Plots / Charts
[OEL4FJMg1b] figure_4.jpg -> classified as: Qualitative Examples
[OEL4FJMg1b] figure_1.jpg -> classified as: Qualitative Examples
[OEL4FJMg1b] figure_8.jpg -> classified as: Qualitative Examples
[OFukl9Qg8P] figure_30.jpg -> classified as: Qualitative Examples
[OFukl9Qg8P] figure_19.jpg -> classified as: Qualitative Examples
[OFukl9Qg8P] figure_23.jpg -> classified as: Qualitative Examples
[OFukl9Qg8P] figure_29.jpg -> classified as: Qualitative Examples
[OFukl9Qg8P] figure_24.jpg -> classified as: Qualitative Examples
[OFukl9Qg8P] figure_5.jpg -> classified as: Qualitative Examples
[OFukl9Qg8P] figure_6.jpg -> classified as: Qualitative Examples
[OFukl9Qg8P] figure_9.jpg -> classified as: Qualitative Examples
[OFukl9Qg8P] figure_42.jpg -> classified as: Qualitative Examples
[OFukl9Qg8P] figure_39.jpg -> classified as: Qualitative Examples
[OFukl9Qg8P] figure_22.jpg -> classified as: Qualitative Examples
[OFukl9Qg8P] figure_28.jpg -> classified as: Qualitative Examples
[OFukl9Qg8P] figure_18.jpg -> classified as: Qualitative Examples
[OFukl9Qg8P] figure_13.jpg -> classified as: Qualitative Examples
[OFukl9Qg8P] figure_15.jpg -> classified as: Qualitative Examples
[OFukl9Qg8P] figure_2.jpg -> classified as: Architecture Diagram
[OFukl9Qg8P] figure_38.jpg -> classified as: Qualitative Examples
[OFukl9Qg8P] figure_20.jpg -> classified as: Qualitative Examples
[OFukl9Qg8P] figure_11.jpg -> classified as: Qualitative Examples
[OFukl9Qg8P] figure_7.jpg -> classified as: Qualitative Examples
[OFukl9Qg8P] figure_34.jpg -> classified as: Qualitative Examples
[OFukl9Qg8P] figure_3.jpg -> classified as: Qualitative Examples
[OFukl9Qg8P] figure_33.jpg -> classified as: Qualitative Examples
[OFukl9Qg8P] figure_4.jpg -> classified as: Qualitative Examples
[OFukl9Qg8P] figure_36.jpg -> classified as: Qualitative Examples
[OFukl9Qg8P] figure_40.jpg -> classified as: Qualitative Examples
[OFukl9Qg8P] figure_31.jpg -> classified as: Qualitative Examples
[OFukl9Qg8P] figure_17.jpg -> classified as: Qualitative Examples
[OFukl9Qg8P] figure_41.jpg -> classified as: Qualitative Examples
[OFukl9Qg8P] figure_1.jpg -> classified as: Architecture Diagram
[OFukl9Qg8P] figure_27.jpg -> classified as: Qualitative Examples
[OFukl9Qg8P] figure_37.jpg -> classified as: Qualitative Examples
[OFukl9Qg8P] figure_8.jpg -> classified as: Architecture Diagram
[OFukl9Qg8P] figure_12.jpg -> classified as: Qualitative Examples
[OFukl9Qg8P] figure_25.jpg -> classified as: Qualitative Examples
[OFukl9Qg8P] figure_21.jpg -> classified as: Qualitative Examples
[OFukl9Qg8P] figure_____Biden.jpg -> classified as: Qualitative Examples
[OFukl9Qg8P] figure_26.jpg -> classified as: Qualitative Examples
[OFukl9Qg8P] figure_14.jpg -> classified as: Qualitative Examples
[OFukl9Qg8P] figure_32.jpg -> classified as: Qualitative Examples
[OFukl9Qg8P] figure_16.jpg -> classified as: Qualitative Examples
[OFukl9Qg8P] figure_10.jpg -> classified as: Plots / Charts
[OIsahq1UYC] figure_5.jpg -> classified as: Plots / Charts
[OIsahq1UYC] figure_6.jpg -> classified as: Plots / Charts
[OIsahq1UYC] figure_9.jpg -> classified as: Plots / Charts
[OIsahq1UYC] figure_2.jpg -> classified as: Plots / Charts
[OIsahq1UYC] figure_7.jpg -> classified as: Plots / Charts
[OIsahq1UYC] figure_3.jpg -> classified as: Qualitative Examples
[OIsahq1UYC] figure_4.jpg -> classified as: Plots / Charts
[OIsahq1UYC] figure_1.jpg -> classified as: Plots / Charts
[OIsahq1UYC] figure_8.jpg -> classified as: Qualitative Examples
[OIsahq1UYC] figure_10.jpg -> classified as: Plots / Charts
[ONPECq0Rk7] figure_5.jpg -> classified as: Plots / Charts
[ONPECq0Rk7] figure_6.jpg -> classified as: Plots / Charts
[ONPECq0Rk7] figure_9.jpg -> classified as: Other
  -> Skipping second pass (Other)
[ONPECq0Rk7] figure_2.jpg -> classified as: Plots / Charts
[ONPECq0Rk7] figure_7.jpg -> classified as: Plots / Charts
[ONPECq0Rk7] figure_3.jpg -> classified as: Plots / Charts
[ONPECq0Rk7] figure_4.jpg -> classified as: Plots / Charts
[ONPECq0Rk7] figure_1.jpg -> classified as: Architecture Diagram
[ONPECq0Rk7] figure_8.jpg -> classified as: Plots / Charts
[ONPECq0Rk7] figure_10.jpg -> classified as: Other
  -> Skipping second pass (Other)
[ONWLxkNkGN] figure_5.jpg -> classified as: Plots / Charts
[ONWLxkNkGN] figure_9.jpg -> classified as: Qualitative Examples
[ONWLxkNkGN] figure_2.jpg -> classified as: Architecture Diagram
[ONWLxkNkGN] figure_7.jpg -> classified as: Qualitative Examples
[ONWLxkNkGN] figure_3.jpg -> classified as: Plots / Charts
[ONWLxkNkGN] figure_4.jpg -> classified as: Plots / Charts
[ONWLxkNkGN] figure_1.jpg -> classified as: Qualitative Examples
[ONWLxkNkGN] figure_8.jpg -> classified as: Qualitative Examples
[OQccFglTb5] figure_2.jpg -> classified as: Architecture Diagram
[OQccFglTb5] figure_3.jpg -> classified as: Qualitative Examples
[OQccFglTb5] figure_4.jpg -> classified as: Plots / Charts
[OQccFglTb5] figure_1.jpg -> classified as: Qualitative Examples
[ORUiqcLpV6] figure_5.jpg -> classified as: Plots / Charts
[ORUiqcLpV6] figure_6.jpg -> classified as: Architecture Diagram
[ORUiqcLpV6] figure_9.jpg -> classified as: Qualitative Examples
[ORUiqcLpV6] figure_13.jpg -> classified as: Qualitative Examples
[ORUiqcLpV6] figure_2.jpg -> classified as: Plots / Charts
[ORUiqcLpV6] figure_7.jpg -> classified as: Qualitative Examples
[ORUiqcLpV6] figure_3.jpg -> classified as: Architecture Diagram
[ORUiqcLpV6] figure_4.jpg -> classified as: Qualitative Examples
[ORUiqcLpV6] figure_1.jpg -> classified as: Qualitative Examples
[ORUiqcLpV6] figure_8.jpg -> classified as: Other
  -> Skipping second pass (Other)
[ORUiqcLpV6] figure_12.jpg -> classified as: Qualitative Examples
[ORUiqcLpV6] figure_10.jpg -> classified as: Qualitative Examples
[OTFKVkxSlL] figure_5.jpg -> classified as: Plots / Charts
[OTFKVkxSlL] figure_6.jpg -> classified as: Plots / Charts
[OTFKVkxSlL] figure_9.jpg -> classified as: Plots / Charts
[OTFKVkxSlL] figure_2.jpg -> classified as: Architecture Diagram
[OTFKVkxSlL] figure_7.jpg -> classified as: Plots / Charts
[OTFKVkxSlL] figure_3.jpg -> classified as: Qualitative Examples
[OTFKVkxSlL] figure_4.jpg -> classified as: Plots / Charts
[OTFKVkxSlL] figure_1.jpg -> classified as: Qualitative Examples
[OTFKVkxSlL] figure_8.jpg -> classified as: Plots / Charts
[OTFKVkxSlL] figure_10.jpg -> classified as: Plots / Charts
[OUeIBFhyem] figure_6.jpg -> classified as: Plots / Charts
[OUeIBFhyem] figure_9.jpg -> classified as: Qualitative Examples
[OUeIBFhyem] figure_13.jpg -> classified as: Qualitative Examples
[OUeIBFhyem] figure_15.jpg -> classified as: Qualitative Examples
[OUeIBFhyem] figure_2.jpg -> classified as: Qualitative Examples
[OUeIBFhyem] figure_11.jpg -> classified as: Qualitative Examples
[OUeIBFhyem] figure_3.jpg -> classified as: Qualitative Examples
[OUeIBFhyem] figure_4.jpg -> classified as: Architecture Diagram
[OUeIBFhyem] figure_1.jpg -> classified as: Plots / Charts
[OUeIBFhyem] figure_8.jpg -> classified as: Qualitative Examples
[OUeIBFhyem] figure_12.jpg -> classified as: Qualitative Examples
[OUeIBFhyem] figure_14.jpg -> classified as: Qualitative Examples
[OUeIBFhyem] figure_10.jpg -> classified as: Qualitative Examples
[OUo50cxU21] figure_30.jpg -> classified as: Qualitative Examples
[OUo50cxU21] figure_19.jpg -> classified as: Qualitative Examples
[OUo50cxU21] figure_29.jpg -> classified as: Qualitative Examples
[OUo50cxU21] figure_24.jpg -> classified as: Qualitative Examples
[OUo50cxU21] figure_5.jpg -> classified as: Qualitative Examples
[OUo50cxU21] figure_6.jpg -> classified as: Qualitative Examples
[OUo50cxU21] figure_9.jpg -> classified as: Qualitative Examples
[OUo50cxU21] figure_39.jpg -> classified as: Qualitative Examples
[OUo50cxU21] figure_22.jpg -> classified as: Qualitative Examples
[OUo50cxU21] figure_28.jpg -> classified as: Qualitative Examples
[OUo50cxU21] figure_18.jpg -> classified as: Qualitative Examples
[OUo50cxU21] figure_13.jpg -> classified as: Plots / Charts
[OUo50cxU21] figure_15.jpg -> classified as: Plots / Charts
[OUo50cxU21] figure_2.jpg -> classified as: Architecture Diagram
[OUo50cxU21] figure_38.jpg -> classified as: Qualitative Examples
[OUo50cxU21] figure_20.jpg -> classified as: Qualitative Examples
[OUo50cxU21] figure_11.jpg -> classified as: Qualitative Examples
[OUo50cxU21] figure_35.jpg -> classified as: Qualitative Examples
[OUo50cxU21] figure_7.jpg -> classified as: Qualitative Examples
[OUo50cxU21] figure_34.jpg -> classified as: Qualitative Examples
[OUo50cxU21] figure_3.jpg -> classified as: Plots / Charts
[OUo50cxU21] figure_33.jpg -> classified as: Qualitative Examples
[OUo50cxU21] figure_4.jpg -> classified as: Plots / Charts
[OUo50cxU21] figure_36.jpg -> classified as: Qualitative Examples
[OUo50cxU21] figure_40.jpg -> classified as: Qualitative Examples
[OUo50cxU21] figure_31.jpg -> classified as: Qualitative Examples
[OUo50cxU21] figure_17.jpg -> classified as: Qualitative Examples
[OUo50cxU21] figure_41.jpg -> classified as: Qualitative Examples
[OUo50cxU21] figure_1.jpg -> classified as: Plots / Charts
[OUo50cxU21] figure_27.jpg -> classified as: Qualitative Examples
[OUo50cxU21] figure_37.jpg -> classified as: Qualitative Examples
[OUo50cxU21] figure_8.jpg -> classified as: Qualitative Examples
[OUo50cxU21] figure_12.jpg -> classified as: Qualitative Examples
[OUo50cxU21] figure_21.jpg -> classified as: Qualitative Examples
[OUo50cxU21] figure_26.jpg -> classified as: Qualitative Examples
[OUo50cxU21] figure_14.jpg -> classified as: Qualitative Examples
[OUo50cxU21] figure_32.jpg -> classified as: Qualitative Examples
[OUo50cxU21] figure_16.jpg -> classified as: Plots / Charts
[OUo50cxU21] figure_10.jpg -> classified as: Qualitative Examples
[OUuhwVsk9Z] figure_(b)_Ourdoor_environment.jpg -> classified as: Qualitative Examples
[OUuhwVsk9Z] figure_2.jpg -> classified as: Architecture Diagram
[OUuhwVsk9Z] figure_4.jpg -> classified as: Qualitative Examples
[OUuhwVsk9Z] figure_1.jpg -> classified as: Other
  -> Skipping second pass (Other)
[Oashk4fDD9] figure_5.jpg -> classified as: Other
  -> Skipping second pass (Other)
[Oashk4fDD9] figure_6.jpg -> classified as: Plots / Charts
[Oashk4fDD9] figure_2.jpg -> classified as: Architecture Diagram
[Oashk4fDD9] figure_3.jpg -> classified as: Architecture Diagram
[Oashk4fDD9] figure_4.jpg -> classified as: Plots / Charts
[Oashk4fDD9] figure_1.jpg -> classified as: Architecture Diagram
[OdGyza5FO1] figure_2.jpg -> classified as: Architecture Diagram
[OdGyza5FO1] figure_3.jpg -> classified as: Qualitative Examples
[OdGyza5FO1] figure_4.jpg -> classified as: Qualitative Examples
[OdGyza5FO1] figure_1.jpg -> classified as: Architecture Diagram
[OdMqKszKSd] figure_5.jpg -> classified as: Qualitative Examples
[OdMqKszKSd] figure_6.jpg -> classified as: Architecture Diagram
[OdMqKszKSd] figure_9.jpg -> classified as: Qualitative Examples
[OdMqKszKSd] figure_2.jpg -> classified as: Architecture Diagram
[OdMqKszKSd] figure_11.jpg -> classified as: Qualitative Examples
[OdMqKszKSd] figure_7.jpg -> classified as: Other
  -> Skipping second pass (Other)
[OdMqKszKSd] figure_3.jpg -> classified as: Qualitative Examples
[OdMqKszKSd] figure_4.jpg -> classified as: Qualitative Examples
[OdMqKszKSd] figure_1.jpg -> classified as: Architecture Diagram
[OdMqKszKSd] figure_8.jpg -> classified as: Other
  -> Skipping second pass (Other)
[OdMqKszKSd] figure_12.jpg -> classified as: Qualitative Examples
[OdMqKszKSd] figure_10.jpg -> classified as: Qualitative Examples
[OeH6Fdhv7q] figure_5.jpg -> classified as: Qualitative Examples
[OeH6Fdhv7q] figure_6.jpg -> classified as: Qualitative Examples
[OeH6Fdhv7q] figure_9.jpg -> classified as: Qualitative Examples
[OeH6Fdhv7q] figure_2.jpg -> classified as: Architecture Diagram
[OeH6Fdhv7q] figure_7.jpg -> classified as: Qualitative Examples
[OeH6Fdhv7q] figure_3.jpg -> classified as: Architecture Diagram
[OeH6Fdhv7q] figure_4.jpg -> classified as: Qualitative Examples
[OeH6Fdhv7q] figure_1.jpg -> classified as: Qualitative Examples
[OeH6Fdhv7q] figure_8.jpg -> classified as: Qualitative Examples
[OheAR2xrtb] figure_5.jpg -> classified as: Plots / Charts
[OheAR2xrtb] figure_6.jpg -> classified as: Plots / Charts
[OheAR2xrtb] figure_2.jpg -> classified as: Plots / Charts
[OheAR2xrtb] figure_3.jpg -> classified as: Architecture Diagram
[OheAR2xrtb] figure_4.jpg -> classified as: Qualitative Examples
[OheAR2xrtb] figure_1.jpg -> classified as: Plots / Charts
[Oho3UxCkKr] figure_5.jpg -> classified as: Qualitative Examples
[Oho3UxCkKr] figure_2.jpg -> classified as: Architecture Diagram
[Oho3UxCkKr] figure_3.jpg -> classified as: Plots / Charts
[Oho3UxCkKr] figure_4.jpg -> classified as: Plots / Charts
[Oho3UxCkKr] figure_1.jpg -> classified as: Qualitative Examples
[OinvjdvPjp] figure_5.jpg -> classified as: Plots / Charts
[OinvjdvPjp] figure_6.jpg -> classified as: Plots / Charts
[OinvjdvPjp] figure_2.jpg -> classified as: Plots / Charts
[OinvjdvPjp] figure_7.jpg -> classified as: Plots / Charts
[OinvjdvPjp] figure_3.jpg -> classified as: Plots / Charts
[OinvjdvPjp] figure_4.jpg -> classified as: Plots / Charts
[OinvjdvPjp] figure_1.jpg -> classified as: Plots / Charts
[OlytBskWjc] figure_S1.jpg -> classified as: Plots / Charts
[OlytBskWjc] figure_S2.jpg -> classified as: Plots / Charts
[OlytBskWjc] figure_S6.jpg -> classified as: Plots / Charts
[OlytBskWjc] figure_2.jpg -> classified as: Plots / Charts
[OlytBskWjc] figure_S5.jpg -> classified as: Qualitative Examples
[OlytBskWjc] figure_S4.jpg -> classified as: Plots / Charts
[OlytBskWjc] figure_1.jpg -> classified as: Qualitative Examples
[OlytBskWjc] figure_(a)_GradeIF_performance.jpg -> classified as: Plots / Charts
[OlytBskWjc] figure_S3.jpg -> classified as: Architecture Diagram
[OlzB6LnXcS] figure_5.jpg -> classified as: Plots / Charts
[OlzB6LnXcS] figure_6.jpg -> classified as: Qualitative Examples
[OlzB6LnXcS] figure_9.jpg -> classified as: Qualitative Examples
[OlzB6LnXcS] figure_2.jpg -> classified as: Qualitative Examples
[OlzB6LnXcS] figure_7.jpg -> classified as: Plots / Charts
[OlzB6LnXcS] figure_3.jpg -> classified as: Architecture Diagram
[OlzB6LnXcS] figure_4.jpg -> classified as: Plots / Charts
[OlzB6LnXcS] figure_1.jpg -> classified as: Qualitative Examples
[OlzB6LnXcS] figure_8.jpg -> classified as: Qualitative Examples
[Ombm8S40zN] figure_5.jpg -> classified as: Qualitative Examples
[Ombm8S40zN] figure_6.jpg -> classified as: Plots / Charts
[Ombm8S40zN] figure_2.jpg -> classified as: Other
  -> Skipping second pass (Other)
[Ombm8S40zN] figure_7.jpg -> classified as: Plots / Charts
[Ombm8S40zN] figure_4.jpg -> classified as: Qualitative Examples
[Ombm8S40zN] figure_1.jpg -> classified as: Qualitative Examples
[Ombm8S40zN] figure_8.jpg -> classified as: Qualitative Examples
[OmpTdjl7RV] figure_30.jpg -> classified as: Qualitative Examples
[OmpTdjl7RV] figure_19.jpg -> classified as: Plots / Charts
[OmpTdjl7RV] figure_23.jpg -> classified as: Plots / Charts
[OmpTdjl7RV] figure_29.jpg -> classified as: Qualitative Examples
[OmpTdjl7RV] figure_24.jpg -> classified as: Qualitative Examples
[OmpTdjl7RV] figure_5.jpg -> classified as: Plots / Charts
[OmpTdjl7RV] figure_6.jpg -> classified as: Qualitative Examples
[OmpTdjl7RV] figure_9.jpg -> classified as: Plots / Charts
[OmpTdjl7RV] figure_22.jpg -> classified as: Plots / Charts
[OmpTdjl7RV] figure_28.jpg -> classified as: Qualitative Examples
[OmpTdjl7RV] figure_18.jpg -> classified as: Plots / Charts
[OmpTdjl7RV] figure_13.jpg -> classified as: Plots / Charts
[OmpTdjl7RV] figure_15.jpg -> classified as: Plots / Charts
[OmpTdjl7RV] figure_2.jpg -> classified as: Plots / Charts
[OmpTdjl7RV] figure_20.jpg -> classified as: Plots / Charts
[OmpTdjl7RV] figure_11.jpg -> classified as: Plots / Charts
[OmpTdjl7RV] figure_7.jpg -> classified as: Qualitative Examples
[OmpTdjl7RV] figure_34.jpg -> classified as: Qualitative Examples
[OmpTdjl7RV] figure_3.jpg -> classified as: Qualitative Examples
[OmpTdjl7RV] figure_33.jpg -> classified as: Qualitative Examples
[OmpTdjl7RV] figure_4.jpg -> classified as: Plots / Charts
[OmpTdjl7RV] figure_31.jpg -> classified as: Qualitative Examples
[OmpTdjl7RV] figure_17.jpg -> classified as: Plots / Charts
[OmpTdjl7RV] figure_1.jpg -> classified as: Qualitative Examples
[OmpTdjl7RV] figure_27.jpg -> classified as: Qualitative Examples
[OmpTdjl7RV] figure_8.jpg -> classified as: Plots / Charts
[OmpTdjl7RV] figure_12.jpg -> classified as: Plots / Charts
[OmpTdjl7RV] figure_25.jpg -> classified as: Qualitative Examples
[OmpTdjl7RV] figure_21.jpg -> classified as: Plots / Charts
[OmpTdjl7RV] figure_26.jpg -> classified as: Qualitative Examples
[OmpTdjl7RV] figure_14.jpg -> classified as: Plots / Charts
[OmpTdjl7RV] figure_32.jpg -> classified as: Qualitative Examples
[OmpTdjl7RV] figure_16.jpg -> classified as: Plots / Charts
[OmpTdjl7RV] figure_10.jpg -> classified as: Plots / Charts
[OqLrv5oH6r] figure_19.jpg -> classified as: Qualitative Examples
[OqLrv5oH6r] figure_5.jpg -> classified as: Plots / Charts
[OqLrv5oH6r] figure_6.jpg -> classified as: Plots / Charts
[OqLrv5oH6r] figure_9.jpg -> classified as: Qualitative Examples
[OqLrv5oH6r] figure_18.jpg -> classified as: Qualitative Examples
[OqLrv5oH6r] figure_13.jpg -> classified as: Plots / Charts
[OqLrv5oH6r] figure_15.jpg -> classified as: Plots / Charts
[OqLrv5oH6r] figure_20.jpg -> classified as: Qualitative Examples
[OqLrv5oH6r] figure_11.jpg -> classified as: Plots / Charts
[OqLrv5oH6r] figure_7.jpg -> classified as: Plots / Charts
[OqLrv5oH6r] figure_3.jpg -> classified as: Plots / Charts
[OqLrv5oH6r] figure_4.jpg -> classified as: Plots / Charts
[OqLrv5oH6r] figure_17.jpg -> classified as: Qualitative Examples
[OqLrv5oH6r] figure_1.jpg -> classified as: Qualitative Examples
[OqLrv5oH6r] figure_8.jpg -> classified as: Plots / Charts
[OqLrv5oH6r] figure_12.jpg -> classified as: Qualitative Examples
[OqLrv5oH6r] figure_21.jpg -> classified as: Other
  -> Skipping second pass (Other)
[OqLrv5oH6r] figure_14.jpg -> classified as: Plots / Charts
[OqLrv5oH6r] figure_16.jpg -> classified as: Plots / Charts
[OqLrv5oH6r] figure_10.jpg -> classified as: Plots / Charts
[OuV9ZrkQlc] figure_Golden_gate_bridge.jpg -> classified as: Qualitative Examples
[OuV9ZrkQlc] figure_23.jpg -> classified as: Qualitative Examples
[OuV9ZrkQlc] figure_(d)_Multi-concept_Image.jpg -> classified as: Plots / Charts
[OuV9ZrkQlc] figure__prompt____golden_gate.jpg -> classified as: Qualitative Examples
[OuV9ZrkQlc] figure_24.jpg -> classified as: Qualitative Examples
[OuV9ZrkQlc] figure_5.jpg -> classified as: Teaser Image
[OuV9ZrkQlc] figure_6.jpg -> classified as: Qualitative Examples
[OuV9ZrkQlc] figure_(b)_Mask-guided_Text-guided_Image.jpg -> classified as: Plots / Charts
[OuV9ZrkQlc] figure__New_Year's_Eve_.jpg -> classified as: Qualitative Examples
[OuV9ZrkQlc] figure_9.jpg -> classified as: Qualitative Examples
[OuV9ZrkQlc] figure_22.jpg -> classified as: Qualitative Examples
[OuV9ZrkQlc] figure_18.jpg -> classified as: Qualitative Examples
[OuV9ZrkQlc] figure_(c)_Subject-driven_Image.jpg -> classified as: Plots / Charts
[OuV9ZrkQlc] figure_2.jpg -> classified as: Plots / Charts
[OuV9ZrkQlc] figure_20.jpg -> classified as: Plots / Charts
[OuV9ZrkQlc] figure_11.jpg -> classified as: Qualitative Examples
[OuV9ZrkQlc] figure_7.jpg -> classified as: Qualitative Examples
[OuV9ZrkQlc] figure_3.jpg -> classified as: Qualitative Examples
[OuV9ZrkQlc] figure_4.jpg -> classified as: Plots / Charts
[OuV9ZrkQlc] figure_(a)_Text-to-Image_Generation.jpg -> classified as: Plots / Charts
[OuV9ZrkQlc] figure_17.jpg -> classified as: Qualitative Examples
[OuV9ZrkQlc] figure_1.jpg -> classified as: Architecture Diagram
[OuV9ZrkQlc] figure_(f)_Control-guided_Image.jpg -> classified as: Plots / Charts
[OuV9ZrkQlc] figure_8.jpg -> classified as: Qualitative Examples
[OuV9ZrkQlc] figure_A_beautiful_photorealistic.jpg -> classified as: Qualitative Examples
[OuV9ZrkQlc] figure_12.jpg -> classified as: Plots / Charts
[OuV9ZrkQlc] figure_21.jpg -> classified as: Qualitative Examples
[OuV9ZrkQlc] figure_16.jpg -> classified as: Qualitative Examples
[OuV9ZrkQlc] figure_10.jpg -> classified as: Qualitative Examples
[Ouu3HnIVBc] figure_6.jpg -> classified as: Architecture Diagram
[Ouu3HnIVBc] figure_9.jpg -> classified as: Plots / Charts
[Ouu3HnIVBc] figure_2.jpg -> classified as: Architecture Diagram
[Ouu3HnIVBc] figure_11.jpg -> classified as: Qualitative Examples
[Ouu3HnIVBc] figure_7.jpg -> classified as: Architecture Diagram
[Ouu3HnIVBc] figure_3.jpg -> classified as: Architecture Diagram
[Ouu3HnIVBc] figure_4.jpg -> classified as: Qualitative Examples
[Ouu3HnIVBc] figure_1.jpg -> classified as: Plots / Charts
[Ouu3HnIVBc] figure_8.jpg -> classified as: Plots / Charts
[Ouu3HnIVBc] figure_10.jpg -> classified as: Qualitative Examples
[OvoRkDRLVr] figure_5.jpg -> classified as: Architecture Diagram
[OvoRkDRLVr] figure_2.jpg -> classified as: Qualitative Examples
[OvoRkDRLVr] figure_7.jpg -> classified as: Plots / Charts
[OvoRkDRLVr] figure_3.jpg -> classified as: Other
  -> Skipping second pass (Other)
[OvoRkDRLVr] figure_4.jpg -> classified as: Qualitative Examples
[OvoRkDRLVr] figure_1.jpg -> classified as: Architecture Diagram
[OxKi02I29I] figure_2.jpg -> classified as: Qualitative Examples
[OxKi02I29I] figure_3.jpg -> classified as: Architecture Diagram
[OxKi02I29I] figure_4.jpg -> classified as: Qualitative Examples
[OxKi02I29I] figure_1.jpg -> classified as: Architecture Diagram
[Oxpkn0YLG1] figure_5.jpg -> classified as: Qualitative Examples
[Oxpkn0YLG1] figure_6.jpg -> classified as: Qualitative Examples
[Oxpkn0YLG1] figure_9.jpg -> classified as: Qualitative Examples
[Oxpkn0YLG1] figure_15.jpg -> classified as: Qualitative Examples
[Oxpkn0YLG1] figure_2.jpg -> classified as: Architecture Diagram
[Oxpkn0YLG1] figure_11.jpg -> classified as: Qualitative Examples
[Oxpkn0YLG1] figure_7.jpg -> classified as: Qualitative Examples
[Oxpkn0YLG1] figure_3.jpg -> classified as: Architecture Diagram
[Oxpkn0YLG1] figure_4.jpg -> classified as: Qualitative Examples
[Oxpkn0YLG1] figure_1.jpg -> classified as: Qualitative Examples
[Oxpkn0YLG1] figure_8.jpg -> classified as: Qualitative Examples
[Oxpkn0YLG1] figure_12.jpg -> classified as: Plots / Charts
[Oxpkn0YLG1] figure_14.jpg -> classified as: Qualitative Examples
[Oxpkn0YLG1] figure_16.jpg -> classified as: Qualitative Examples
[Oxpkn0YLG1] figure_10.jpg -> classified as: Qualitative Examples
[Oz6ABL8o8C] figure_5.jpg -> classified as: Plots / Charts
[Oz6ABL8o8C] figure_(a)_Results_on.jpg -> classified as: Plots / Charts
[Oz6ABL8o8C] figure_6.jpg -> classified as: Plots / Charts
[Oz6ABL8o8C] figure_2.jpg -> classified as: Plots / Charts
[Oz6ABL8o8C] figure_7.jpg -> classified as: Plots / Charts
[Oz6ABL8o8C] figure_3.jpg -> classified as: Plots / Charts
[Oz6ABL8o8C] figure_1.jpg -> classified as: Plots / Charts
[OzUNDnpQyd] figure_S1.jpg -> classified as: Plots / Charts
[OzUNDnpQyd] figure_5.jpg -> classified as: Plots / Charts
[OzUNDnpQyd] figure_6.jpg -> classified as: Qualitative Examples
[OzUNDnpQyd] figure_S2.jpg -> classified as: Plots / Charts
[OzUNDnpQyd] figure_S6.jpg -> classified as: Qualitative Examples
[OzUNDnpQyd] figure_2.jpg -> classified as: Architecture Diagram
[OzUNDnpQyd] figure_S5.jpg -> classified as: Qualitative Examples
[OzUNDnpQyd] figure_3.jpg -> classified as: Architecture Diagram
[OzUNDnpQyd] figure_S7.jpg -> classified as: Qualitative Examples
[OzUNDnpQyd] figure_S4.jpg -> classified as: Plots / Charts
[OzUNDnpQyd] figure_4.jpg -> classified as: Architecture Diagram
[OzUNDnpQyd] figure_1.jpg -> classified as: Qualitative Examples
[OzUNDnpQyd] figure_S3.jpg -> classified as: Plots / Charts
[P1ANzoGg3W] figure_5.jpg -> classified as: Qualitative Examples
[P1ANzoGg3W] figure_9.jpg -> classified as: Architecture Diagram
[P1ANzoGg3W] figure_13.jpg -> classified as: Qualitative Examples
[P1ANzoGg3W] figure_15.jpg -> classified as: Qualitative Examples
[P1ANzoGg3W] figure_2.jpg -> classified as: Architecture Diagram
[P1ANzoGg3W] figure_11.jpg -> classified as: Plots / Charts
[P1ANzoGg3W] figure_7.jpg -> classified as: Qualitative Examples
[P1ANzoGg3W] figure_3.jpg -> classified as: Qualitative Examples
[P1ANzoGg3W] figure_4.jpg -> classified as: Plots / Charts
[P1ANzoGg3W] figure_1.jpg -> classified as: Qualitative Examples
[P1ANzoGg3W] figure_8.jpg -> classified as: Plots / Charts
[P1ANzoGg3W] figure_12.jpg -> classified as: Plots / Charts
[P1ANzoGg3W] figure_14.jpg -> classified as: Qualitative Examples
[P1ANzoGg3W] figure_16.jpg -> classified as: Qualitative Examples
[P1ANzoGg3W] figure_10.jpg -> classified as: Plots / Charts
[P4DbTSDQFu] figure_5.jpg -> classified as: Qualitative Examples
[P4DbTSDQFu] figure_9.jpg -> classified as: Qualitative Examples
[P4DbTSDQFu] figure_2.jpg -> classified as: Architecture Diagram
[P4DbTSDQFu] figure_11.jpg -> classified as: Qualitative Examples
[P4DbTSDQFu] figure_7.jpg -> classified as: Qualitative Examples
[P4DbTSDQFu] figure_3.jpg -> classified as: Qualitative Examples
[P4DbTSDQFu] figure_4.jpg -> classified as: Qualitative Examples
[P4DbTSDQFu] figure_1.jpg -> classified as: Architecture Diagram
[P4DbTSDQFu] figure_8.jpg -> classified as: Qualitative Examples
[P4DbTSDQFu] figure_10.jpg -> classified as: Qualitative Examples
[P4o9akekdf] figure_5.jpg -> classified as: Qualitative Examples
[P4o9akekdf] figure_6.jpg -> classified as: Plots / Charts
[P4o9akekdf] figure_9.jpg -> classified as: Qualitative Examples
[P4o9akekdf] figure_13.jpg -> classified as: Qualitative Examples
[P4o9akekdf] figure_15.jpg -> classified as: Qualitative Examples
[P4o9akekdf] figure_2.jpg -> classified as: Architecture Diagram
[P4o9akekdf] figure_11.jpg -> classified as: Plots / Charts
[P4o9akekdf] figure_7.jpg -> classified as: Qualitative Examples
[P4o9akekdf] figure_3.jpg -> classified as: Architecture Diagram
[P4o9akekdf] figure_4.jpg -> classified as: Qualitative Examples
[P4o9akekdf] figure_17.jpg -> classified as: Qualitative Examples
[P4o9akekdf] figure_1.jpg -> classified as: Architecture Diagram
[P4o9akekdf] figure_8.jpg -> classified as: Qualitative Examples
[P4o9akekdf] figure_12.jpg -> classified as: Qualitative Examples
[P4o9akekdf] figure_14.jpg -> classified as: Qualitative Examples
[P4o9akekdf] figure_16.jpg -> classified as: Qualitative Examples
[P4o9akekdf] figure_10.jpg -> classified as: Plots / Charts
[P6G1Z6jkf3] figure_5.jpg -> classified as: Qualitative Examples
[P6G1Z6jkf3] figure_6.jpg -> classified as: Plots / Charts
[P6G1Z6jkf3] figure_2.jpg -> classified as: Architecture Diagram
[P6G1Z6jkf3] figure_7.jpg -> classified as: Qualitative Examples
[P6G1Z6jkf3] figure_3.jpg -> classified as: Plots / Charts
[P6G1Z6jkf3] figure_4.jpg -> classified as: Architecture Diagram
[P6G1Z6jkf3] figure_1.jpg -> classified as: Other
  -> Skipping second pass (Other)
[P6PPBq8K2B] figure_2.jpg -> classified as: Architecture Diagram
[P6PPBq8K2B] figure_3.jpg -> classified as: Qualitative Examples
[P6PPBq8K2B] figure_4.jpg -> classified as: Plots / Charts
[P6PPBq8K2B] figure_1.jpg -> classified as: Qualitative Examples
[P7f55HQtV8] figure_5.jpg -> classified as: Plots / Charts
[P7f55HQtV8] figure_6.jpg -> classified as: Plots / Charts
[P7f55HQtV8] figure_2.jpg -> classified as: Architecture Diagram
[P7f55HQtV8] figure_3.jpg -> classified as: Plots / Charts
[P7f55HQtV8] figure_1.jpg -> classified as: Architecture Diagram
[P8pqeEkn1H] figure_5.jpg -> classified as: Qualitative Examples
[P8pqeEkn1H] figure_6.jpg -> classified as: Plots / Charts
[P8pqeEkn1H] figure_18.jpg -> classified as: Qualitative Examples
[P8pqeEkn1H] figure_13.jpg -> classified as: Plots / Charts
[P8pqeEkn1H] figure_15.jpg -> classified as: Qualitative Examples
[P8pqeEkn1H] figure_2.jpg -> classified as: Qualitative Examples
[P8pqeEkn1H] figure_11.jpg -> classified as: Qualitative Examples
[P8pqeEkn1H] figure_7.jpg -> classified as: Plots / Charts
[P8pqeEkn1H] figure_3.jpg -> classified as: Architecture Diagram
[P8pqeEkn1H] figure_4.jpg -> classified as: Qualitative Examples
[P8pqeEkn1H] figure_Figs._8,9,10,11_provide.jpg -> classified as: Qualitative Examples
[P8pqeEkn1H] figure_17.jpg -> classified as: Qualitative Examples
[P8pqeEkn1H] figure_1.jpg -> classified as: Qualitative Examples
[P8pqeEkn1H] figure_8.jpg -> classified as: Qualitative Examples
[P8pqeEkn1H] figure_12.jpg -> classified as: Qualitative Examples
[P8pqeEkn1H] figure_14.jpg -> classified as: Qualitative Examples
[P8pqeEkn1H] figure_16.jpg -> classified as: Plots / Charts
[P8pqeEkn1H] figure_10.jpg -> classified as: Qualitative Examples
[P9VdRQOyqu] figure_19.jpg -> classified as: Plots / Charts
[P9VdRQOyqu] figure_5.jpg -> classified as: Plots / Charts
[P9VdRQOyqu] figure_6.jpg -> classified as: Other
  -> Skipping second pass (Other)
[P9VdRQOyqu] figure_9.jpg -> classified as: Qualitative Examples
[P9VdRQOyqu] figure_13.jpg -> classified as: Qualitative Examples
[P9VdRQOyqu] figure_15.jpg -> classified as: Qualitative Examples
[P9VdRQOyqu] figure_2.jpg -> classified as: Plots / Charts
[P9VdRQOyqu] figure_20.jpg -> classified as: Plots / Charts
[P9VdRQOyqu] figure_11.jpg -> classified as: Qualitative Examples
[P9VdRQOyqu] figure_7.jpg -> classified as: Other
  -> Skipping second pass (Other)
[P9VdRQOyqu] figure_3.jpg -> classified as: Qualitative Examples
[P9VdRQOyqu] figure_4.jpg -> classified as: Qualitative Examples
[P9VdRQOyqu] figure_17.jpg -> classified as: Qualitative Examples
[P9VdRQOyqu] figure_1.jpg -> classified as: Plots / Charts
[P9VdRQOyqu] figure_8.jpg -> classified as: Other
  -> Skipping second pass (Other)
[P9VdRQOyqu] figure_12.jpg -> classified as: Qualitative Examples
[P9VdRQOyqu] figure_21.jpg -> classified as: Qualitative Examples
[P9VdRQOyqu] figure_10.jpg -> classified as: Qualitative Examples
[PBq8uOjGso] figure_I.jpg -> classified as: Qualitative Examples
[PBq8uOjGso] figure_H.jpg -> classified as: Qualitative Examples
[PBq8uOjGso] figure_2.jpg -> classified as: Architecture Diagram
[PBq8uOjGso] figure_F.jpg -> classified as: Plots / Charts
[PBq8uOjGso] figure_E.jpg -> classified as: Plots / Charts
[PBq8uOjGso] figure_G.jpg -> classified as: Qualitative Examples
[PBq8uOjGso] figure_3.jpg -> classified as: Architecture Diagram
[PBq8uOjGso] figure_4.jpg -> classified as: Qualitative Examples
[PBq8uOjGso] figure_1.jpg -> classified as: Architecture Diagram
[PC5WxcMRs8] figure_“What_award_did.jpg -> classified as: Plots / Charts
[PC5WxcMRs8] figure__Sports,_Olympics,_July,.jpg -> classified as: Qualitative Examples
[PC5WxcMRs8] figure___Finance,_Federal.jpg -> classified as: Other
  -> Skipping second pass (Other)
[PC5WxcMRs8] figure_5.jpg -> classified as: Qualitative Examples
[PC5WxcMRs8] figure_6.jpg -> classified as: Plots / Charts
[PC5WxcMRs8] figure___News,_Election.jpg -> classified as: Other
  -> Skipping second pass (Other)
[PC5WxcMRs8] figure_2.jpg -> classified as: Other
  -> Skipping second pass (Other)
[PC5WxcMRs8] figure_7.jpg -> classified as: Teaser Image
[PC5WxcMRs8] figure___Games,_Black.jpg -> classified as: Other
  -> Skipping second pass (Other)
[PC5WxcMRs8] figure_3.jpg -> classified as: Other
  -> Skipping second pass (Other)
[PC5WxcMRs8] figure_4.jpg -> classified as: Architecture Diagram
[PC5WxcMRs8] figure_“What's_price_of.jpg -> classified as: Other
  -> Skipping second pass (Other)
[PC5WxcMRs8] figure_8.jpg -> classified as: Qualitative Examples
[PC5WxcMRs8] figure_10.jpg -> classified as: Other
  -> Skipping second pass (Other)
[PCm1oT8pZI] figure_2.jpg -> classified as: Plots / Charts
[PCm1oT8pZI] figure_4.jpg -> classified as: Plots / Charts
[PCm1oT8pZI] figure_1.jpg -> classified as: Other
  -> Skipping second pass (Other)
[PFUrgJtfs0] figure_2.jpg -> classified as: Plots / Charts
[PFUrgJtfs0] figure_3.jpg -> classified as: Plots / Charts
[PFUrgJtfs0] figure_4.jpg -> classified as: Plots / Charts
[PFUrgJtfs0] figure_1.jpg -> classified as: Architecture Diagram
[PHGxChm1l5] figure_5.jpg -> classified as: Qualitative Examples
[PHGxChm1l5] figure_6.jpg -> classified as: Qualitative Examples
[PHGxChm1l5] figure_9.jpg -> classified as: Qualitative Examples
[PHGxChm1l5] figure_2.jpg -> classified as: Architecture Diagram
[PHGxChm1l5] figure_7.jpg -> classified as: Qualitative Examples
[PHGxChm1l5] figure_3.jpg -> classified as: Plots / Charts
[PHGxChm1l5] figure_4.jpg -> classified as: Qualitative Examples
[PHGxChm1l5] figure_1.jpg -> classified as: Qualitative Examples
[PHGxChm1l5] figure_8.jpg -> classified as: Qualitative Examples
[PHGxChm1l5] figure_10.jpg -> classified as: Qualitative Examples
[PIl69UIAWL] figure_5.jpg -> classified as: Plots / Charts
[PIl69UIAWL] figure_6.jpg -> classified as: Architecture Diagram
[PIl69UIAWL] figure_2.jpg -> classified as: Architecture Diagram
[PIl69UIAWL] figure_3.jpg -> classified as: Qualitative Examples
[PIl69UIAWL] figure_4.jpg -> classified as: Plots / Charts
[PIl69UIAWL] figure_1.jpg -> classified as: Architecture Diagram
[PJqP0wyQek] figure_19.jpg -> classified as: Qualitative Examples
[PJqP0wyQek] figure_a_cat_with.jpg -> classified as: Teaser Image
[PJqP0wyQek] figure_5.jpg -> classified as: Qualitative Examples
[PJqP0wyQek] figure_6.jpg -> classified as: Qualitative Examples
[PJqP0wyQek] figure_9.jpg -> classified as: Qualitative Examples
[PJqP0wyQek] figure_18.jpg -> classified as: Qualitative Examples
[PJqP0wyQek] figure_13.jpg -> classified as: Qualitative Examples
[PJqP0wyQek] figure_Subjects.jpg -> classified as: Qualitative Examples
[PJqP0wyQek] figure_15.jpg -> classified as: Qualitative Examples
[PJqP0wyQek] figure_2.jpg -> classified as: Plots / Charts
[PJqP0wyQek] figure_11.jpg -> classified as: Qualitative Examples
[PJqP0wyQek] figure_7.jpg -> classified as: Architecture Diagram
[PJqP0wyQek] figure_a_woman_lying.jpg -> classified as: Other
  -> Skipping second pass (Other)
[PJqP0wyQek] figure_3.jpg -> classified as: Architecture Diagram
[PJqP0wyQek] figure_4.jpg -> classified as: Qualitative Examples
[PJqP0wyQek] figure_17.jpg -> classified as: Qualitative Examples
[PJqP0wyQek] figure_1.jpg -> classified as: Qualitative Examples
[PJqP0wyQek] figure_a_dog_under.jpg -> classified as: Other
  -> Skipping second pass (Other)
[PJqP0wyQek] figure_8.jpg -> classified as: Qualitative Examples
[PJqP0wyQek] figure_12.jpg -> classified as: Qualitative Examples
[PJqP0wyQek] figure_14.jpg -> classified as: Qualitative Examples
[PJqP0wyQek] figure_16.jpg -> classified as: Qualitative Examples
[PJqP0wyQek] figure_10.jpg -> classified as: Qualitative Examples
[PJqP0wyQek] figure_a_dog_and.jpg -> classified as: Qualitative Examples
[PKICZXVY9M] figure_5.jpg -> classified as: Plots / Charts
[PKICZXVY9M] figure_6.jpg -> classified as: Plots / Charts
[PKICZXVY9M] figure_2.jpg -> classified as: Architecture Diagram
[PKICZXVY9M] figure_7.jpg -> classified as: Plots / Charts
[PKICZXVY9M] figure_3.jpg -> classified as: Qualitative Examples
[PKICZXVY9M] figure_4.jpg -> classified as: Plots / Charts
[PKICZXVY9M] figure_1.jpg -> classified as: Plots / Charts
[PN4f0hnI0U] figure_5.jpg -> classified as: Qualitative Examples
[PN4f0hnI0U] figure_2.jpg -> classified as: Architecture Diagram
[PN4f0hnI0U] figure_3.jpg -> classified as: Architecture Diagram
[PN4f0hnI0U] figure_4.jpg -> classified as: Qualitative Examples
[PN4f0hnI0U] figure_1.jpg -> classified as: Architecture Diagram
[POFrdKvpea] figure_5.jpg -> classified as: Qualitative Examples
[POFrdKvpea] figure_6.jpg -> classified as: Plots / Charts
[POFrdKvpea] figure_2.jpg -> classified as: Plots / Charts
[POFrdKvpea] figure_3.jpg -> classified as: Architecture Diagram
[POFrdKvpea] figure_4.jpg -> classified as: Plots / Charts
[POFrdKvpea] figure_1.jpg -> classified as: Qualitative Examples
[PORUmWsgBN] figure_5.jpg -> classified as: Qualitative Examples
[PORUmWsgBN] figure_2.jpg -> classified as: Architecture Diagram
[PORUmWsgBN] figure_3.jpg -> classified as: Qualitative Examples
[PORUmWsgBN] figure_4.jpg -> classified as: Plots / Charts
[PORUmWsgBN] figure_5_1.jpg -> classified as: Qualitative Examples
[PORUmWsgBN] figure_1.jpg -> classified as: Architecture Diagram
[PP1rudnxiW] figure_5.jpg -> classified as: Qualitative Examples
[PP1rudnxiW] figure_6.jpg -> classified as: Qualitative Examples
[PP1rudnxiW] figure_2.jpg -> classified as: Architecture Diagram
[PP1rudnxiW] figure_3.jpg -> classified as: Plots / Charts
[PP1rudnxiW] figure_4.jpg -> classified as: Plots / Charts
[PP1rudnxiW] figure_1.jpg -> classified as: Plots / Charts
[PPDheO2z5v] figure_5.jpg -> classified as: Qualitative Examples
[PPDheO2z5v] figure_6.jpg -> classified as: Plots / Charts
[PPDheO2z5v] figure_9.jpg -> classified as: Plots / Charts
[PPDheO2z5v] figure_2.jpg -> classified as: Architecture Diagram
[PPDheO2z5v] figure_7.jpg -> classified as: Qualitative Examples
[PPDheO2z5v] figure_3.jpg -> classified as: Plots / Charts
[PPDheO2z5v] figure_4.jpg -> classified as: Plots / Charts
[PPDheO2z5v] figure_1.jpg -> classified as: Plots / Charts
[PPDheO2z5v] figure_8.jpg -> classified as: Qualitative Examples
[PQjZes6vFV] figure_5.jpg -> classified as: Qualitative Examples
[PQjZes6vFV] figure_6.jpg -> classified as: Qualitative Examples
[PQjZes6vFV] figure_9.jpg -> classified as: Qualitative Examples
[PQjZes6vFV] figure_13.jpg -> classified as: Qualitative Examples
[PQjZes6vFV] figure_2.jpg -> classified as: Plots / Charts
[PQjZes6vFV] figure_11.jpg -> classified as: Qualitative Examples
[PQjZes6vFV] figure_7.jpg -> classified as: Qualitative Examples
[PQjZes6vFV] figure_3.jpg -> classified as: Plots / Charts
[PQjZes6vFV] figure_4.jpg -> classified as: Qualitative Examples
[PQjZes6vFV] figure_1.jpg -> classified as: Plots / Charts
[PQjZes6vFV] figure_8.jpg -> classified as: Qualitative Examples
[PQjZes6vFV] figure_12.jpg -> classified as: Qualitative Examples
[PQjZes6vFV] figure_10.jpg -> classified as: Qualitative Examples
[PQpvhUrA1C] figure_2.jpg -> classified as: Qualitative Examples
[PQpvhUrA1C] figure_3.jpg -> classified as: Qualitative Examples
[PQpvhUrA1C] figure_4.jpg -> classified as: Architecture Diagram
[PQpvhUrA1C] figure_1.jpg -> classified as: Plots / Charts
[PSQuy9sjQ8] figure_5.jpg -> classified as: Plots / Charts
[PSQuy9sjQ8] figure_6.jpg -> classified as: Plots / Charts
[PSQuy9sjQ8] figure_2.jpg -> classified as: Qualitative Examples
[PSQuy9sjQ8] figure_7.jpg -> classified as: Plots / Charts
[PSQuy9sjQ8] figure_3.jpg -> classified as: Architecture Diagram
[PSQuy9sjQ8] figure_4.jpg -> classified as: Plots / Charts
[PSQuy9sjQ8] figure_1.jpg -> classified as: Qualitative Examples
[PSzDG612AC] figure_2.jpg -> classified as: Architecture Diagram
[PSzDG612AC] figure_3.jpg -> classified as: Qualitative Examples
[PSzDG612AC] figure_1.jpg -> classified as: Architecture Diagram
[PVHoELf5UN] figure_5.jpg -> classified as: Qualitative Examples
[PVHoELf5UN] figure_6.jpg -> classified as: Qualitative Examples
[PVHoELf5UN] figure_9.jpg -> classified as: Plots / Charts
[PVHoELf5UN] figure_2.jpg -> classified as: Architecture Diagram
[PVHoELf5UN] figure_3.jpg -> classified as: Architecture Diagram
[PVHoELf5UN] figure_4.jpg -> classified as: Qualitative Examples
[PVHoELf5UN] figure_1.jpg -> classified as: Qualitative Examples
[PVHoELf5UN] figure_8.jpg -> classified as: Qualitative Examples
[PacBhLzeGO] figure_5.jpg -> classified as: Plots / Charts
[PacBhLzeGO] figure_6.jpg -> classified as: Qualitative Examples
[PacBhLzeGO] figure_7.jpg -> classified as: Qualitative Examples
[PacBhLzeGO] figure_3.jpg -> classified as: Architecture Diagram
[PacBhLzeGO] figure_4.jpg -> classified as: Qualitative Examples
[PacBhLzeGO] figure_1.jpg -> classified as: Architecture Diagram
[PbheqxnO1e] figure_5.jpg -> classified as: Qualitative Examples
[PbheqxnO1e] figure_6.jpg -> classified as: Qualitative Examples
[PbheqxnO1e] figure_9.jpg -> classified as: Qualitative Examples
[PbheqxnO1e] figure_2.jpg -> classified as: Architecture Diagram
[PbheqxnO1e] figure_3.jpg -> classified as: Plots / Charts
[PbheqxnO1e] figure_4.jpg -> classified as: Qualitative Examples
[PbheqxnO1e] figure_1.jpg -> classified as: Qualitative Examples
[PbheqxnO1e] figure_8.jpg -> classified as: Architecture Diagram
[PbheqxnO1e] figure_10.jpg -> classified as: Qualitative Examples
[PcE0yAGAGW] figure_2.jpg -> classified as: Plots / Charts
[PcE0yAGAGW] figure_3.jpg -> classified as: Plots / Charts
[PcE0yAGAGW] figure_1.jpg -> classified as: Architecture Diagram
[PdA9HAxO4w] figure_5.jpg -> classified as: Plots / Charts
[PdA9HAxO4w] figure_9.jpg -> classified as: Qualitative Examples
[PdA9HAxO4w] figure_7.jpg -> classified as: Plots / Charts
[PdA9HAxO4w] figure_3.jpg -> classified as: Architecture Diagram
[PdA9HAxO4w] figure_4.jpg -> classified as: Qualitative Examples
[PdA9HAxO4w] figure_1.jpg -> classified as: Plots / Charts
[PdA9HAxO4w] figure_8.jpg -> classified as: Qualitative Examples
[Pf85K2wtz8] figure_5.jpg -> classified as: Qualitative Examples
[Pf85K2wtz8] figure_6.jpg -> classified as: Qualitative Examples
[Pf85K2wtz8] figure_9.jpg -> classified as: Qualitative Examples
[Pf85K2wtz8] figure_2.jpg -> classified as: Plots / Charts
[Pf85K2wtz8] figure_11.jpg -> classified as: Qualitative Examples
[Pf85K2wtz8] figure_7.jpg -> classified as: Qualitative Examples
[Pf85K2wtz8] figure_3.jpg -> classified as: Plots / Charts
[Pf85K2wtz8] figure_4.jpg -> classified as: Qualitative Examples
[Pf85K2wtz8] figure_1.jpg -> classified as: Plots / Charts
[Pf85K2wtz8] figure_8.jpg -> classified as: Qualitative Examples
[Pf85K2wtz8] figure_10.jpg -> classified as: Qualitative Examples
[PfPnugdxup] figure_5.jpg -> classified as: Plots / Charts
[PfPnugdxup] figure_6.jpg -> classified as: Plots / Charts
[PfPnugdxup] figure_2.jpg -> classified as: Plots / Charts
[PfPnugdxup] figure_3.jpg -> classified as: Plots / Charts
[PfPnugdxup] figure_4.jpg -> classified as: Plots / Charts
[PfPnugdxup] figure_1.jpg -> classified as: Architecture Diagram
[PgC5UqKDye] figure_2.jpg -> classified as: Qualitative Examples
[PgC5UqKDye] figure_1.jpg -> classified as: Architecture Diagram
[PgXpOOqtyd] figure_5.jpg -> classified as: Plots / Charts
[PgXpOOqtyd] figure_6.jpg -> classified as: Plots / Charts
[PgXpOOqtyd] figure_9.jpg -> classified as: Qualitative Examples
[PgXpOOqtyd] figure_(a)_Query__‘Black.jpg -> classified as: Qualitative Examples
[PgXpOOqtyd] figure_2.jpg -> classified as: Qualitative Examples
[PgXpOOqtyd] figure_(b)_Query__‘Dark.jpg -> classified as: Qualitative Examples
[PgXpOOqtyd] figure_7.jpg -> classified as: Qualitative Examples
[PgXpOOqtyd] figure_3.jpg -> classified as: Qualitative Examples
[PgXpOOqtyd] figure_4.jpg -> classified as: Plots / Charts
[PgXpOOqtyd] figure_(a)_Query__“Zebra.jpg -> classified as: Qualitative Examples
[PgXpOOqtyd] figure_1.jpg -> classified as: Plots / Charts
[PgXpOOqtyd] figure_8.jpg -> classified as: Qualitative Examples
[PgXpOOqtyd] figure_(b)_Query__“Chair.jpg -> classified as: Qualitative Examples
[PgXpOOqtyd] figure_(c)_Query__“A.jpg -> classified as: Qualitative Examples
[PhRYDGqiee] figure_19.jpg -> classified as: Plots / Charts
[PhRYDGqiee] figure_23.jpg -> classified as: Qualitative Examples
[PhRYDGqiee] figure_24.jpg -> classified as: Plots / Charts
[PhRYDGqiee] figure_5.jpg -> classified as: Plots / Charts
[PhRYDGqiee] figure_6.jpg -> classified as: Plots / Charts
[PhRYDGqiee] figure_9.jpg -> classified as: Plots / Charts
[PhRYDGqiee] figure_22.jpg -> classified as: Qualitative Examples
[PhRYDGqiee] figure_13.jpg -> classified as: Qualitative Examples
[PhRYDGqiee] figure_15.jpg -> classified as: Qualitative Examples
[PhRYDGqiee] figure_2.jpg -> classified as: Qualitative Examples
[PhRYDGqiee] figure_20.jpg -> classified as: Plots / Charts
[PhRYDGqiee] figure_11.jpg -> classified as: Plots / Charts
[PhRYDGqiee] figure_7.jpg -> classified as: Plots / Charts
[PhRYDGqiee] figure_3.jpg -> classified as: Architecture Diagram
[PhRYDGqiee] figure_4.jpg -> classified as: Plots / Charts
[PhRYDGqiee] figure_17.jpg -> classified as: Qualitative Examples
[PhRYDGqiee] figure_1.jpg -> classified as: Qualitative Examples
[PhRYDGqiee] figure_8.jpg -> classified as: Plots / Charts
[PhRYDGqiee] figure_12.jpg -> classified as: Qualitative Examples
[PhRYDGqiee] figure_21.jpg -> classified as: Qualitative Examples
[PhRYDGqiee] figure_14.jpg -> classified as: Qualitative Examples
[PhRYDGqiee] figure_16.jpg -> classified as: Qualitative Examples
[PhRYDGqiee] figure_10.jpg -> classified as: Qualitative Examples
[PiHGrTTnvb] figure_5.jpg -> classified as: Qualitative Examples
[PiHGrTTnvb] figure_6.jpg -> classified as: Plots / Charts
[PiHGrTTnvb] figure_9.jpg -> classified as: Plots / Charts
[PiHGrTTnvb] figure_13.jpg -> classified as: Qualitative Examples
[PiHGrTTnvb] figure_15.jpg -> classified as: Qualitative Examples
[PiHGrTTnvb] figure_2.jpg -> classified as: Architecture Diagram
[PiHGrTTnvb] figure_11.jpg -> classified as: Plots / Charts
[PiHGrTTnvb] figure_7.jpg -> classified as: Plots / Charts
[PiHGrTTnvb] figure_3.jpg -> classified as: Qualitative Examples
[PiHGrTTnvb] figure_4.jpg -> classified as: Qualitative Examples
[PiHGrTTnvb] figure_1.jpg -> classified as: Plots / Charts
[PiHGrTTnvb] figure_8.jpg -> classified as: Plots / Charts
[PiHGrTTnvb] figure_12.jpg -> classified as: Plots / Charts
[PiHGrTTnvb] figure_14.jpg -> classified as: Qualitative Examples
[PiHGrTTnvb] figure_16.jpg -> classified as: Qualitative Examples
[PiHGrTTnvb] figure_10.jpg -> classified as: Plots / Charts
[PiZtlzMWUj] figure_5.jpg -> classified as: Plots / Charts
[PiZtlzMWUj] figure_6.jpg -> classified as: Plots / Charts
[PiZtlzMWUj] figure_9.jpg -> classified as: Qualitative Examples
[PiZtlzMWUj] figure_2.jpg -> classified as: Qualitative Examples
[PiZtlzMWUj] figure_7.jpg -> classified as: Plots / Charts
[PiZtlzMWUj] figure_3.jpg -> classified as: Plots / Charts
[PiZtlzMWUj] figure_4.jpg -> classified as: Qualitative Examples
[PiZtlzMWUj] figure_1.jpg -> classified as: Plots / Charts
[PiZtlzMWUj] figure_8.jpg -> classified as: Plots / Charts
[PiZtlzMWUj] figure_10.jpg -> classified as: Plots / Charts
[Pj2qEVzufH] figure_5.jpg -> classified as: Qualitative Examples
[Pj2qEVzufH] figure_6.jpg -> classified as: Qualitative Examples
[Pj2qEVzufH] figure_9.jpg -> classified as: Qualitative Examples
[Pj2qEVzufH] figure_13.jpg -> classified as: Qualitative Examples
[Pj2qEVzufH] figure_2.jpg -> classified as: Qualitative Examples
[Pj2qEVzufH] figure_11.jpg -> classified as: Qualitative Examples
[Pj2qEVzufH] figure_7.jpg -> classified as: Architecture Diagram
[Pj2qEVzufH] figure_3.jpg -> classified as: Architecture Diagram
[Pj2qEVzufH] figure_4.jpg -> classified as: Qualitative Examples
[Pj2qEVzufH] figure_(b)_More_labels.jpg -> classified as: Qualitative Examples
[Pj2qEVzufH] figure_1.jpg -> classified as: Qualitative Examples
[Pj2qEVzufH] figure_8.jpg -> classified as: Qualitative Examples
[Pj2qEVzufH] figure_12.jpg -> classified as: Qualitative Examples
[Pj2qEVzufH] figure_10.jpg -> classified as: Qualitative Examples
[Pj4Aid3XqL] figure_5.jpg -> classified as: Plots / Charts
[Pj4Aid3XqL] figure_6.jpg -> classified as: Plots / Charts
[Pj4Aid3XqL] figure_9.jpg -> classified as: Plots / Charts
[Pj4Aid3XqL] figure_13.jpg -> classified as: Plots / Charts
[Pj4Aid3XqL] figure_2.jpg -> classified as: Architecture Diagram
[Pj4Aid3XqL] figure_11.jpg -> classified as: Plots / Charts
[Pj4Aid3XqL] figure_7.jpg -> classified as: Plots / Charts
[Pj4Aid3XqL] figure_3.jpg -> classified as: Plots / Charts
[Pj4Aid3XqL] figure_4.jpg -> classified as: Plots / Charts
[Pj4Aid3XqL] figure_1.jpg -> classified as: Architecture Diagram
[Pj4Aid3XqL] figure_8.jpg -> classified as: Plots / Charts
[Pj4Aid3XqL] figure_12.jpg -> classified as: Plots / Charts
[Pj4Aid3XqL] figure_14.jpg -> classified as: Plots / Charts
[Pj4Aid3XqL] figure_10.jpg -> classified as: Plots / Charts
[PlpPflNCKV] figure_5.jpg -> classified as: Qualitative Examples
[PlpPflNCKV] figure_6.jpg -> classified as: Qualitative Examples
[PlpPflNCKV] figure_9.jpg -> classified as: Qualitative Examples
[PlpPflNCKV] figure_13.jpg -> classified as: Qualitative Examples
[PlpPflNCKV] figure_2.jpg -> classified as: Architecture Diagram
[PlpPflNCKV] figure_11.jpg -> classified as: Qualitative Examples
[PlpPflNCKV] figure_7.jpg -> classified as: Qualitative Examples
[PlpPflNCKV] figure_3.jpg -> classified as: Qualitative Examples
[PlpPflNCKV] figure_4.jpg -> classified as: Qualitative Examples
[PlpPflNCKV] figure_1.jpg -> classified as: Qualitative Examples
[PlpPflNCKV] figure_8.jpg -> classified as: Qualitative Examples
[PlpPflNCKV] figure_12.jpg -> classified as: Qualitative Examples
[PlpPflNCKV] figure_14.jpg -> classified as: Qualitative Examples
[PlpPflNCKV] figure_10.jpg -> classified as: Qualitative Examples
[Po6lYYsrB4] figure_2.jpg -> classified as: Qualitative Examples
[Po6lYYsrB4] figure_3.jpg -> classified as: Qualitative Examples
[Po6lYYsrB4] figure_1.jpg -> classified as: Architecture Diagram
[Pp2j9BvpgC] figure_2.jpg -> classified as: Architecture Diagram
[Pp2j9BvpgC] figure_3.jpg -> classified as: Architecture Diagram
[Pp2j9BvpgC] figure_4.jpg -> classified as: Qualitative Examples
[Pp2j9BvpgC] figure_1.jpg -> classified as: Plots / Charts
[PplM2kDrl3] figure_5.jpg -> classified as: Qualitative Examples
[PplM2kDrl3] figure_6.jpg -> classified as: Qualitative Examples
[PplM2kDrl3] figure_2.jpg -> classified as: Plots / Charts
[PplM2kDrl3] figure_7.jpg -> classified as: Qualitative Examples
[PplM2kDrl3] figure_3.jpg -> classified as: Plots / Charts
[PplM2kDrl3] figure_4.jpg -> classified as: Qualitative Examples
[PplM2kDrl3] figure_1.jpg -> classified as: Architecture Diagram
[Psl75UCoZM] figure_5.jpg -> classified as: Qualitative Examples
[Psl75UCoZM] figure_6.jpg -> classified as: Architecture Diagram
[Psl75UCoZM] figure_9.jpg -> classified as: Qualitative Examples
[Psl75UCoZM] figure_2.jpg -> classified as: Architecture Diagram
[Psl75UCoZM] figure_11.jpg -> classified as: Architecture Diagram
[Psl75UCoZM] figure_7.jpg -> classified as: Architecture Diagram
[Psl75UCoZM] figure_4.jpg -> classified as: Qualitative Examples
[Psl75UCoZM] figure_17.jpg -> classified as: Qualitative Examples
[Psl75UCoZM] figure_1.jpg -> classified as: Qualitative Examples
[Psl75UCoZM] figure_8.jpg -> classified as: Architecture Diagram
[Psl75UCoZM] figure_12.jpg -> classified as: Qualitative Examples
[Psl75UCoZM] figure_16.jpg -> classified as: Qualitative Examples
[Psl75UCoZM] figure_10.jpg -> classified as: Architecture Diagram
[PstM8YfhvI] figure_5.jpg -> classified as: Qualitative Examples
[PstM8YfhvI] figure_6.jpg -> classified as: Qualitative Examples
[PstM8YfhvI] figure_9.jpg -> classified as: Qualitative Examples
[PstM8YfhvI] figure_13.jpg -> classified as: Plots / Charts
[PstM8YfhvI] figure_2.jpg -> classified as: Qualitative Examples
[PstM8YfhvI] figure_11.jpg -> classified as: Plots / Charts
[PstM8YfhvI] figure_7.jpg -> classified as: Qualitative Examples
[PstM8YfhvI] figure_3.jpg -> classified as: Plots / Charts
[PstM8YfhvI] figure_4.jpg -> classified as: Qualitative Examples
[PstM8YfhvI] figure_1.jpg -> classified as: Architecture Diagram
[PstM8YfhvI] figure_8.jpg -> classified as: Qualitative Examples
[PstM8YfhvI] figure_12.jpg -> classified as: Plots / Charts
[PstM8YfhvI] figure_10.jpg -> classified as: Plots / Charts
[Pt3lfU1NqC] figure_5.jpg -> classified as: Architecture Diagram
[Pt3lfU1NqC] figure_6.jpg -> classified as: Plots / Charts
[Pt3lfU1NqC] figure_2.jpg -> classified as: Architecture Diagram
[Pt3lfU1NqC] figure_3.jpg -> classified as: Qualitative Examples
[Pt3lfU1NqC] figure_4.jpg -> classified as: Qualitative Examples
[Pt3lfU1NqC] figure_1.jpg -> classified as: Other
  -> Skipping second pass (Other)
[PuRhqpBTmj] figure_5.jpg -> classified as: Qualitative Examples
[PuRhqpBTmj] figure_6.jpg -> classified as: Qualitative Examples
[PuRhqpBTmj] figure_9.jpg -> classified as: Qualitative Examples
[PuRhqpBTmj] figure_2.jpg -> classified as: Qualitative Examples
[PuRhqpBTmj] figure_11.jpg -> classified as: Qualitative Examples
[PuRhqpBTmj] figure_7.jpg -> classified as: Qualitative Examples
[PuRhqpBTmj] figure_3.jpg -> classified as: Qualitative Examples
[PuRhqpBTmj] figure_4.jpg -> classified as: Qualitative Examples
[PuRhqpBTmj] figure_1.jpg -> classified as: Qualitative Examples
[PuRhqpBTmj] figure_8.jpg -> classified as: Qualitative Examples
[PuRhqpBTmj] figure_10.jpg -> classified as: Qualitative Examples
[PuTJF5Tzfa] figure_5.jpg -> classified as: Qualitative Examples
[PuTJF5Tzfa] figure_6.jpg -> classified as: Plots / Charts
[PuTJF5Tzfa] figure_2.jpg -> classified as: Plots / Charts
[PuTJF5Tzfa] figure_4.jpg -> classified as: Qualitative Examples
[PuTJF5Tzfa] figure_1.jpg -> classified as: Architecture Diagram
[PulKaNibeQ] figure_5.jpg -> classified as: Plots / Charts
[PulKaNibeQ] figure_6.jpg -> classified as: Qualitative Examples
[PulKaNibeQ] figure_9.jpg -> classified as: Plots / Charts
[PulKaNibeQ] figure_13.jpg -> classified as: Qualitative Examples
[PulKaNibeQ] figure_2.jpg -> classified as: Architecture Diagram
[PulKaNibeQ] figure_11.jpg -> classified as: Qualitative Examples
[PulKaNibeQ] figure_7.jpg -> classified as: Qualitative Examples
[PulKaNibeQ] figure_3.jpg -> classified as: Qualitative Examples
[PulKaNibeQ] figure_4.jpg -> classified as: Plots / Charts
[PulKaNibeQ] figure_1.jpg -> classified as: Qualitative Examples
[PulKaNibeQ] figure_8.jpg -> classified as: Qualitative Examples
[PulKaNibeQ] figure_12.jpg -> classified as: Qualitative Examples
[PulKaNibeQ] figure_10.jpg -> classified as: Plots / Charts
[PvvQlhBbgu] figure_5.jpg -> classified as: Qualitative Examples
[PvvQlhBbgu] figure_6.jpg -> classified as: Architecture Diagram
[PvvQlhBbgu] figure_9.jpg -> classified as: Plots / Charts
[PvvQlhBbgu] figure_2.jpg -> classified as: Plots / Charts
[PvvQlhBbgu] figure_7.jpg -> classified as: Plots / Charts
[PvvQlhBbgu] figure_3.jpg -> classified as: Architecture Diagram
[PvvQlhBbgu] figure_4.jpg -> classified as: Plots / Charts
[PvvQlhBbgu] figure_1.jpg -> classified as: Qualitative Examples
[PvvQlhBbgu] figure_8.jpg -> classified as: Plots / Charts
[PvyOYleymy] figure_5.jpg -> classified as: Plots / Charts
[PvyOYleymy] figure_6.jpg -> classified as: Qualitative Examples
[PvyOYleymy] figure_9.jpg -> classified as: Qualitative Examples
[PvyOYleymy] figure_2.jpg -> classified as: Architecture Diagram
[PvyOYleymy] figure_11.jpg -> classified as: Plots / Charts
[PvyOYleymy] figure_7.jpg -> classified as: Plots / Charts
[PvyOYleymy] figure_3.jpg -> classified as: Plots / Charts
[PvyOYleymy] figure_4.jpg -> classified as: Architecture Diagram
[PvyOYleymy] figure_1.jpg -> classified as: Architecture Diagram
[PvyOYleymy] figure_8.jpg -> classified as: Qualitative Examples
[PvyOYleymy] figure_10.jpg -> classified as: Qualitative Examples
[PwLsQ1AFbP] figure_5.jpg -> classified as: Qualitative Examples
[PwLsQ1AFbP] figure_2.jpg -> classified as: Qualitative Examples
[PwLsQ1AFbP] figure_3.jpg -> classified as: Plots / Charts
[PwLsQ1AFbP] figure_4.jpg -> classified as: Qualitative Examples
[PwLsQ1AFbP] figure_1.jpg -> classified as: Architecture Diagram
[PxlfzEePC0] figure_5.jpg -> classified as: Plots / Charts
[PxlfzEePC0] figure_6.jpg -> classified as: Plots / Charts
[PxlfzEePC0] figure_A_bowl_of.jpg -> classified as: Qualitative Examples
[PxlfzEePC0] figure_9.jpg -> classified as: Qualitative Examples
[PxlfzEePC0] figure_A_cheeseburger_with.jpg -> classified as: Other
  -> Skipping second pass (Other)
[PxlfzEePC0] figure_2.jpg -> classified as: Architecture Diagram
[PxlfzEePC0] figure_A_blue_cow.jpg -> classified as: Other
  -> Skipping second pass (Other)
[PxlfzEePC0] figure_11.jpg -> classified as: Other
  -> Skipping second pass (Other)
[PxlfzEePC0] figure_7.jpg -> classified as: Plots / Charts
[PxlfzEePC0] figure_3.jpg -> classified as: Plots / Charts
[PxlfzEePC0] figure_4.jpg -> classified as: Plots / Charts
[PxlfzEePC0] figure_A_rusty_spaceship.jpg -> classified as: Other
  -> Skipping second pass (Other)
[PxlfzEePC0] figure_(a)_Allocation_per.jpg -> classified as: Plots / Charts
[PxlfzEePC0] figure_s.jpg -> classified as: Other
  -> Skipping second pass (Other)
[PxlfzEePC0] figure_1.jpg -> classified as: Plots / Charts
[PxlfzEePC0] figure_A_small_office.jpg -> classified as: Other
  -> Skipping second pass (Other)
[PxlfzEePC0] figure_Three-quarters_front_view.jpg -> classified as: Other
  -> Skipping second pass (Other)
[PxlfzEePC0] figure_8.jpg -> classified as: Plots / Charts
[PxlfzEePC0] figure_10.jpg -> classified as: Qualitative Examples
[PxlfzEePC0] figure_A_gundam_stands.jpg -> classified as: Other
  -> Skipping second pass (Other)
[PyERBFX0wJ] figure_5.jpg -> classified as: Qualitative Examples
[PyERBFX0wJ] figure_6.jpg -> classified as: Qualitative Examples
[PyERBFX0wJ] figure_9.jpg -> classified as: Plots / Charts
[PyERBFX0wJ] figure_2.jpg -> classified as: Qualitative Examples
[PyERBFX0wJ] figure_7.jpg -> classified as: Qualitative Examples
[PyERBFX0wJ] figure_3.jpg -> classified as: Plots / Charts
[PyERBFX0wJ] figure_4.jpg -> classified as: Plots / Charts
[PyERBFX0wJ] figure_1.jpg -> classified as: Qualitative Examples
[PyERBFX0wJ] figure_8.jpg -> classified as: Qualitative Examples
[PyERBFX0wJ] figure_10.jpg -> classified as: Plots / Charts
[PyyoSwPaSa] figure_2.jpg -> classified as: Architecture Diagram
[PyyoSwPaSa] figure_1.jpg -> classified as: Plots / Charts
[Pz9zFea4MQ] figure_G32.jpg -> classified as: Qualitative Examples
[Pz9zFea4MQ] figure_A7.jpg -> classified as: Plots / Charts
[Pz9zFea4MQ] figure_D17.jpg -> classified as: Qualitative Examples
[Pz9zFea4MQ] figure_D19.jpg -> classified as: Qualitative Examples
[Pz9zFea4MQ] figure_D21.jpg -> classified as: Qualitative Examples
[Pz9zFea4MQ] figure_G33.jpg -> classified as: Qualitative Examples
[Pz9zFea4MQ] figure_H47.jpg -> classified as: Qualitative Examples
[Pz9zFea4MQ] figure_H46.jpg -> classified as: Plots / Charts
[Pz9zFea4MQ] figure_5.jpg -> classified as: Qualitative Examples
[Pz9zFea4MQ] figure_H37.jpg -> classified as: Plots / Charts
[Pz9zFea4MQ] figure_D16.jpg -> classified as: Qualitative Examples
[Pz9zFea4MQ] figure_A1.jpg -> classified as: Other
  -> Skipping second pass (Other)
[Pz9zFea4MQ] figure_6.jpg -> classified as: Plots / Charts
[Pz9zFea4MQ] figure_H41.jpg -> classified as: Qualitative Examples
[Pz9zFea4MQ] figure_A2.jpg -> classified as: Qualitative Examples
[Pz9zFea4MQ] figure_G31.jpg -> classified as: Architecture Diagram
[Pz9zFea4MQ] figure_D22.jpg -> classified as: Qualitative Examples
[Pz9zFea4MQ] figure_D28.jpg -> classified as: Qualitative Examples
[Pz9zFea4MQ] figure_H38.jpg -> classified as: Qualitative Examples
[Pz9zFea4MQ] figure_D30.jpg -> classified as: Plots / Charts
[Pz9zFea4MQ] figure_H36.jpg -> classified as: Qualitative Examples
[Pz9zFea4MQ] figure_9.jpg -> classified as: Plots / Charts
[Pz9zFea4MQ] figure_D27.jpg -> classified as: Qualitative Examples
[Pz9zFea4MQ] figure_13.jpg -> classified as: Qualitative Examples
[Pz9zFea4MQ] figure_H44.jpg -> classified as: Plots / Charts
[Pz9zFea4MQ] figure_D20.jpg -> classified as: Qualitative Examples
[Pz9zFea4MQ] figure_D23.jpg -> classified as: Qualitative Examples
[Pz9zFea4MQ] figure_D24.jpg -> classified as: Qualitative Examples
[Pz9zFea4MQ] figure_B8.jpg -> classified as: Plots / Charts
[Pz9zFea4MQ] figure_D26.jpg -> classified as: Qualitative Examples
[Pz9zFea4MQ] figure_D9.jpg -> classified as: Plots / Charts
[Pz9zFea4MQ] figure_D25.jpg -> classified as: Qualitative Examples
[Pz9zFea4MQ] figure_2.jpg -> classified as: Architecture Diagram
[Pz9zFea4MQ] figure_G34.jpg -> classified as: Plots / Charts
[Pz9zFea4MQ] figure_H43.jpg -> classified as: Qualitative Examples
[Pz9zFea4MQ] figure_D10.jpg -> classified as: Plots / Charts
[Pz9zFea4MQ] figure_11.jpg -> classified as: Plots / Charts
[Pz9zFea4MQ] figure_D11.jpg -> classified as: Qualitative Examples
[Pz9zFea4MQ] figure_H48.jpg -> classified as: Qualitative Examples
[Pz9zFea4MQ] figure_7.jpg -> classified as: Plots / Charts
[Pz9zFea4MQ] figure_D13.jpg -> classified as: Plots / Charts
[Pz9zFea4MQ] figure_3.jpg -> classified as: Other
  -> Skipping second pass (Other)
[Pz9zFea4MQ] figure_4.jpg -> classified as: Architecture Diagram
[Pz9zFea4MQ] figure_G35.jpg -> classified as: Qualitative Examples
[Pz9zFea4MQ] figure_A6.jpg -> classified as: Qualitative Examples
[Pz9zFea4MQ] figure_H42.jpg -> classified as: Qualitative Examples
[Pz9zFea4MQ] figure_D15.jpg -> classified as: Qualitative Examples
[Pz9zFea4MQ] figure_H40.jpg -> classified as: Qualitative Examples
[Pz9zFea4MQ] figure_H39.jpg -> classified as: Qualitative Examples
[Pz9zFea4MQ] figure_1.jpg -> classified as: Architecture Diagram
[Pz9zFea4MQ] figure_H45.jpg -> classified as: Plots / Charts
[Pz9zFea4MQ] figure_D14.jpg -> classified as: Qualitative Examples
[Pz9zFea4MQ] figure_A4.jpg -> classified as: Plots / Charts
[Pz9zFea4MQ] figure_A5.jpg -> classified as: Qualitative Examples
[Pz9zFea4MQ] figure_D12.jpg -> classified as: Plots / Charts
[Pz9zFea4MQ] figure_8.jpg -> classified as: Plots / Charts
[Pz9zFea4MQ] figure_12.jpg -> classified as: Qualitative Examples
[Pz9zFea4MQ] figure_D29.jpg -> classified as: Qualitative Examples
[Pz9zFea4MQ] figure_14.jpg -> classified as: Plots / Charts
[Pz9zFea4MQ] figure_D18.jpg -> classified as: Qualitative Examples
[Pz9zFea4MQ] figure_A3.jpg -> classified as: Qualitative Examples
[Pz9zFea4MQ] figure_10.jpg -> classified as: Qualitative Examples
[Q0zmmNNePz] figure_5.jpg -> classified as: Qualitative Examples
[Q0zmmNNePz] figure_6.jpg -> classified as: Plots / Charts
[Q0zmmNNePz] figure_9.jpg -> classified as: Qualitative Examples
[Q0zmmNNePz] figure_13.jpg -> classified as: Plots / Charts
[Q0zmmNNePz] figure_15.jpg -> classified as: Qualitative Examples
[Q0zmmNNePz] figure_2.jpg -> classified as: Qualitative Examples
[Q0zmmNNePz] figure_11.jpg -> classified as: Qualitative Examples
[Q0zmmNNePz] figure_7.jpg -> classified as: Qualitative Examples
[Q0zmmNNePz] figure_3.jpg -> classified as: Qualitative Examples
[Q0zmmNNePz] figure_4.jpg -> classified as: Qualitative Examples
[Q0zmmNNePz] figure_17.jpg -> classified as: Plots / Charts
[Q0zmmNNePz] figure_1.jpg -> classified as: Qualitative Examples
[Q0zmmNNePz] figure_8.jpg -> classified as: Qualitative Examples
[Q0zmmNNePz] figure_12.jpg -> classified as: Qualitative Examples
[Q0zmmNNePz] figure_14.jpg -> classified as: Qualitative Examples
[Q0zmmNNePz] figure_16.jpg -> classified as: Qualitative Examples
[Q150eWkQ4I] figure_19.jpg -> classified as: Qualitative Examples
[Q150eWkQ4I] figure_23.jpg -> classified as: Qualitative Examples
[Q150eWkQ4I] figure_5.jpg -> classified as: Qualitative Examples
[Q150eWkQ4I] figure_9.jpg -> classified as: Plots / Charts
[Q150eWkQ4I] figure_22.jpg -> classified as: Qualitative Examples
[Q150eWkQ4I] figure_18.jpg -> classified as: Qualitative Examples
[Q150eWkQ4I] figure_13.jpg -> classified as: Plots / Charts
[Q150eWkQ4I] figure_15.jpg -> classified as: Qualitative Examples
[Q150eWkQ4I] figure_2.jpg -> classified as: Architecture Diagram
[Q150eWkQ4I] figure_20.jpg -> classified as: Qualitative Examples
[Q150eWkQ4I] figure_11.jpg -> classified as: Plots / Charts
[Q150eWkQ4I] figure_7.jpg -> classified as: Plots / Charts
[Q150eWkQ4I] figure_3.jpg -> classified as: Architecture Diagram
[Q150eWkQ4I] figure_4.jpg -> classified as: Qualitative Examples
[Q150eWkQ4I] figure_17.jpg -> classified as: Qualitative Examples
[Q150eWkQ4I] figure_1.jpg -> classified as: Qualitative Examples
[Q150eWkQ4I] figure_8.jpg -> classified as: Qualitative Examples
[Q150eWkQ4I] figure_12.jpg -> classified as: Plots / Charts
[Q150eWkQ4I] figure_21.jpg -> classified as: Qualitative Examples
[Q150eWkQ4I] figure_14.jpg -> classified as: Qualitative Examples
[Q150eWkQ4I] figure_16.jpg -> classified as: Qualitative Examples
[Q150eWkQ4I] figure_10.jpg -> classified as: Plots / Charts
[Q1QTxFm0Is] figure_5.jpg -> classified as: Plots / Charts
[Q1QTxFm0Is] figure_6.jpg -> classified as: Plots / Charts
[Q1QTxFm0Is] figure_9.jpg -> classified as: Plots / Charts
[Q1QTxFm0Is] figure_2.jpg -> classified as: Plots / Charts
[Q1QTxFm0Is] figure_11.jpg -> classified as: Plots / Charts
[Q1QTxFm0Is] figure_7.jpg -> classified as: Plots / Charts
[Q1QTxFm0Is] figure_3.jpg -> classified as: Plots / Charts
[Q1QTxFm0Is] figure_4.jpg -> classified as: Plots / Charts
[Q1QTxFm0Is] figure_1.jpg -> classified as: Plots / Charts
[Q1QTxFm0Is] figure_8.jpg -> classified as: Plots / Charts
[Q1QTxFm0Is] figure_10.jpg -> classified as: Plots / Charts
[Q1vkAhdI6j] figure_5.jpg -> classified as: Architecture Diagram
[Q1vkAhdI6j] figure_6.jpg -> classified as: Qualitative Examples
[Q1vkAhdI6j] figure_9.jpg -> classified as: Qualitative Examples
[Q1vkAhdI6j] figure_2.jpg -> classified as: Architecture Diagram
[Q1vkAhdI6j] figure_7.jpg -> classified as: Qualitative Examples
[Q1vkAhdI6j] figure_3.jpg -> classified as: Architecture Diagram
[Q1vkAhdI6j] figure_4.jpg -> classified as: Qualitative Examples
[Q1vkAhdI6j] figure_1.jpg -> classified as: Qualitative Examples
[Q1vkAhdI6j] figure_8.jpg -> classified as: Architecture Diagram
[Q4s7nFoowt] figure_2.jpg -> classified as: Plots / Charts
[Q4s7nFoowt] figure_3.jpg -> classified as: Architecture Diagram
[Q4s7nFoowt] figure_1.jpg -> classified as: Architecture Diagram
[Q6a9W6kzv5] figure_44.jpg -> classified as: Qualitative Examples
[Q6a9W6kzv5] figure_43.jpg -> classified as: Qualitative Examples
[Q6a9W6kzv5] figure_19.jpg -> classified as: Plots / Charts
[Q6a9W6kzv5] figure_112.jpg -> classified as: Plots / Charts
[Q6a9W6kzv5] figure___video_1__1.jpg -> classified as: Qualitative Examples
[Q6a9W6kzv5] figure_113.jpg -> classified as: Plots / Charts
[Q6a9W6kzv5] figure_23.jpg -> classified as: Qualitative Examples
[Q6a9W6kzv5] figure__image_1_.jpg -> classified as: Other
  -> Skipping second pass (Other)
[Q6a9W6kzv5] figure__image_2_.jpg -> classified as: Other
  -> Skipping second pass (Other)
[Q6a9W6kzv5] figure_24.jpg -> classified as: Plots / Charts
[Q6a9W6kzv5] figure__video_$1__$.jpg -> classified as: Other
  -> Skipping second pass (Other)
[Q6a9W6kzv5] figure_5.jpg -> classified as: Plots / Charts
[Q6a9W6kzv5] figure_6.jpg -> classified as: Plots / Charts
[Q6a9W6kzv5] figure___video_1_.jpg -> classified as: Qualitative Examples
[Q6a9W6kzv5] figure__video_1__2.jpg -> classified as: Teaser Image
[Q6a9W6kzv5] figure_9.jpg -> classified as: Plots / Charts
[Q6a9W6kzv5] figure_22.jpg -> classified as: Qualitative Examples
[Q6a9W6kzv5] figure_28.jpg -> classified as: Qualitative Examples
[Q6a9W6kzv5] figure_18.jpg -> classified as: Plots / Charts
[Q6a9W6kzv5] figure_13.jpg -> classified as: Architecture Diagram
[Q6a9W6kzv5] figure_15.jpg -> classified as: Plots / Charts
[Q6a9W6kzv5] figure_2.jpg -> classified as: Qualitative Examples
[Q6a9W6kzv5] figure_20.jpg -> classified as: Plots / Charts
[Q6a9W6kzv5] figure_92.jpg -> classified as: Other
  -> Skipping second pass (Other)
[Q6a9W6kzv5] figure_11.jpg -> classified as: Qualitative Examples
[Q6a9W6kzv5] figure___video_1__2.jpg -> classified as: Qualitative Examples
[Q6a9W6kzv5] figure_7.jpg -> classified as: Plots / Charts
[Q6a9W6kzv5] figure_109.jpg -> classified as: Plots / Charts
[Q6a9W6kzv5] figure_3.jpg -> classified as: Plots / Charts
[Q6a9W6kzv5] figure__video_1__3.jpg -> classified as: Qualitative Examples
[Q6a9W6kzv5] figure_4.jpg -> classified as: Plots / Charts
[Q6a9W6kzv5] figure_108.jpg -> classified as: Plots / Charts
[Q6a9W6kzv5] figure_17.jpg -> classified as: Plots / Charts
[Q6a9W6kzv5] figure_104.jpg -> classified as: Other
  -> Skipping second pass (Other)
[Q6a9W6kzv5] figure___video_1__3.jpg -> classified as: Qualitative Examples
[Q6a9W6kzv5] figure_1.jpg -> classified as: Qualitative Examples
[Q6a9W6kzv5] figure_27.jpg -> classified as: Plots / Charts
[Q6a9W6kzv5] figure_110.jpg -> classified as: Plots / Charts
[Q6a9W6kzv5] figure_8.jpg -> classified as: Qualitative Examples
[Q6a9W6kzv5] figure__image_3_.jpg -> classified as: Other
  -> Skipping second pass (Other)
[Q6a9W6kzv5] figure__video_$1__$_1.jpg -> classified as: Qualitative Examples
[Q6a9W6kzv5] figure_12.jpg -> classified as: Qualitative Examples
[Q6a9W6kzv5] figure__video_1__1.jpg -> classified as: Other
  -> Skipping second pass (Other)
[Q6a9W6kzv5] figure__video_1_.jpg -> classified as: Other
  -> Skipping second pass (Other)
[Q6a9W6kzv5] figure_25.jpg -> classified as: Qualitative Examples
[Q6a9W6kzv5] figure_21.jpg -> classified as: Plots / Charts
[Q6a9W6kzv5] figure_26.jpg -> classified as: Qualitative Examples
[Q6a9W6kzv5] figure_14.jpg -> classified as: Plots / Charts
[Q6a9W6kzv5] figure__video_1__4.jpg -> classified as: Other
  -> Skipping second pass (Other)
[Q6a9W6kzv5] figure_111.jpg -> classified as: Plots / Charts
[Q6a9W6kzv5] figure_16.jpg -> classified as: Plots / Charts
[Q6a9W6kzv5] figure_10.jpg -> classified as: Qualitative Examples
[QByW8EYEtt] figure_5.jpg -> classified as: Plots / Charts
[QByW8EYEtt] figure_6.jpg -> classified as: Plots / Charts
[QByW8EYEtt] figure_9.jpg -> classified as: Plots / Charts
[QByW8EYEtt] figure_13.jpg -> classified as: Plots / Charts
[QByW8EYEtt] figure_15.jpg -> classified as: Plots / Charts
[QByW8EYEtt] figure_2.jpg -> classified as: Qualitative Examples
[QByW8EYEtt] figure_11.jpg -> classified as: Plots / Charts
[QByW8EYEtt] figure_7.jpg -> classified as: Plots / Charts
[QByW8EYEtt] figure_3.jpg -> classified as: Architecture Diagram
[QByW8EYEtt] figure_4.jpg -> classified as: Plots / Charts
[QByW8EYEtt] figure_1.jpg -> classified as: Plots / Charts
[QByW8EYEtt] figure_8.jpg -> classified as: Plots / Charts
[QByW8EYEtt] figure_12.jpg -> classified as: Plots / Charts
[QByW8EYEtt] figure_10.jpg -> classified as: Plots / Charts
[QE1LFzXQPL] figure_5.jpg -> classified as: Architecture Diagram
[QE1LFzXQPL] figure_6.jpg -> classified as: Qualitative Examples
[QE1LFzXQPL] figure_9.jpg -> classified as: Qualitative Examples
[QE1LFzXQPL] figure_13.jpg -> classified as: Plots / Charts
[QE1LFzXQPL] figure_2.jpg -> classified as: Qualitative Examples
[QE1LFzXQPL] figure_11.jpg -> classified as: Qualitative Examples
[QE1LFzXQPL] figure_7.jpg -> classified as: Plots / Charts
[QE1LFzXQPL] figure_3.jpg -> classified as: Architecture Diagram
[QE1LFzXQPL] figure_4.jpg -> classified as: Qualitative Examples
[QE1LFzXQPL] figure_1.jpg -> classified as: Architecture Diagram
[QE1LFzXQPL] figure_12.jpg -> classified as: Qualitative Examples
[QE1LFzXQPL] figure_10.jpg -> classified as: Plots / Charts
[QG31By6S6w] figure_5.jpg -> classified as: Plots / Charts
[QG31By6S6w] figure_6.jpg -> classified as: Qualitative Examples
[QG31By6S6w] figure_2.jpg -> classified as: Architecture Diagram
[QG31By6S6w] figure_7.jpg -> classified as: Qualitative Examples
[QG31By6S6w] figure_3.jpg -> classified as: Qualitative Examples
[QG31By6S6w] figure_4.jpg -> classified as: Plots / Charts
[QG31By6S6w] figure_1.jpg -> classified as: Architecture Diagram
[QG31By6S6w] figure_8.jpg -> classified as: Qualitative Examples
[QHj2LL958o] figure_19.jpg -> classified as: Qualitative Examples
[QHj2LL958o] figure_But_Will_managed.jpg -> classified as: Other
  -> Skipping second pass (Other)
[QHj2LL958o] figure_As_a_result,_1.jpg -> classified as: Other
  -> Skipping second pass (Other)
[QHj2LL958o] figure_As_the_appointed.jpg -> classified as: Other
  -> Skipping second pass (Other)
[QHj2LL958o] figure_Andy_was_wrongfully.jpg -> classified as: Other
  -> Skipping second pass (Other)
[QHj2LL958o] figure_23.jpg -> classified as: Qualitative Examples
[QHj2LL958o] figure_But_unfortunately,_his.jpg -> classified as: Other
  -> Skipping second pass (Other)
[QHj2LL958o] figure_5.jpg -> classified as: Qualitative Examples
[QHj2LL958o] figure_This_helped_him.jpg -> classified as: Other
  -> Skipping second pass (Other)
[QHj2LL958o] figure_6.jpg -> classified as: Qualitative Examples
[QHj2LL958o] figure_Andy_heard_the.jpg -> classified as: Other
  -> Skipping second pass (Other)
[QHj2LL958o] figure_9.jpg -> classified as: Architecture Diagram
[QHj2LL958o] figure_The_lawyer_didn’t.jpg -> classified as: Other
  -> Skipping second pass (Other)
[QHj2LL958o] figure_Andy_agreed..jpg -> classified as: Other
  -> Skipping second pass (Other)
[QHj2LL958o] figure_Soon_after,_Red’s.jpg -> classified as: Other
  -> Skipping second pass (Other)
[QHj2LL958o] figure_22.jpg -> classified as: Qualitative Examples
[QHj2LL958o] figure_18.jpg -> classified as: Qualitative Examples
[QHj2LL958o] figure_13.jpg -> classified as: Other
  -> Skipping second pass (Other)
[QHj2LL958o] figure_Step1__Frame_Caption.jpg -> classified as: Other
  -> Skipping second pass (Other)
[QHj2LL958o] figure_The_judge_intended.jpg -> classified as: Other
  -> Skipping second pass (Other)
[QHj2LL958o] figure_15.jpg -> classified as: Qualitative Examples
[QHj2LL958o] figure_After_entering_prison,.jpg -> classified as: Other
  -> Skipping second pass (Other)
[QHj2LL958o] figure_2.jpg -> classified as: Architecture Diagram
[QHj2LL958o] figure_20.jpg -> classified as: Qualitative Examples
[QHj2LL958o] figure_11.jpg -> classified as: Other
  -> Skipping second pass (Other)
[QHj2LL958o] figure_Gatsby_still_wanted.jpg -> classified as: Other
  -> Skipping second pass (Other)
[QHj2LL958o] figure_7.jpg -> classified as: Qualitative Examples
[QHj2LL958o] figure_This_is_his.jpg -> classified as: Other
  -> Skipping second pass (Other)
[QHj2LL958o] figure_Will_is_a.jpg -> classified as: Other
  -> Skipping second pass (Other)
[QHj2LL958o] figure_3.jpg -> classified as: Qualitative Examples
[QHj2LL958o] figure_They_have_a.jpg -> classified as: Other
  -> Skipping second pass (Other)
[QHj2LL958o] figure_James_is_checking.jpg -> classified as: Other
  -> Skipping second pass (Other)
[QHj2LL958o] figure_4.jpg -> classified as: Qualitative Examples
[QHj2LL958o] figure_Tom_stood_there.jpg -> classified as: Other
  -> Skipping second pass (Other)
[QHj2LL958o] figure_Witnessing_this,_Daisy.jpg -> classified as: Other
  -> Skipping second pass (Other)
[QHj2LL958o] figure_Ignoring_the_guard’s.jpg -> classified as: Other
  -> Skipping second pass (Other)
[QHj2LL958o] figure_One_day,_Andy.jpg -> classified as: Other
  -> Skipping second pass (Other)
[QHj2LL958o] figure_As_a_result,.jpg -> classified as: Other
  -> Skipping second pass (Other)
[QHj2LL958o] figure_1.jpg -> classified as: Qualitative Examples
[QHj2LL958o] figure_Red_was_happy.jpg -> classified as: Qualitative Examples
[QHj2LL958o] figure_8.jpg -> classified as: Qualitative Examples
[QHj2LL958o] figure_12.jpg -> classified as: Other
  -> Skipping second pass (Other)
[QHj2LL958o] figure_21.jpg -> classified as: Qualitative Examples
[QHj2LL958o] figure_James_launches_the.jpg -> classified as: Other
  -> Skipping second pass (Other)
[QHj2LL958o] figure_14.jpg -> classified as: Other
  -> Skipping second pass (Other)
[QHj2LL958o] figure_16.jpg -> classified as: Architecture Diagram
[QIxFo9mFwR] figure_2.jpg -> classified as: Architecture Diagram
[QIxFo9mFwR] figure_3.jpg -> classified as: Plots / Charts
[QIxFo9mFwR] figure_1.jpg -> classified as: Qualitative Examples
[QKqWnNkwPL] figure_5.jpg -> classified as: Qualitative Examples
[QKqWnNkwPL] figure_6.jpg -> classified as: Qualitative Examples
[QKqWnNkwPL] figure_9.jpg -> classified as: Qualitative Examples
[QKqWnNkwPL] figure_13.jpg -> classified as: Qualitative Examples
[QKqWnNkwPL] figure_2.jpg -> classified as: Qualitative Examples
[QKqWnNkwPL] figure_11.jpg -> classified as: Qualitative Examples
[QKqWnNkwPL] figure_7.jpg -> classified as: Qualitative Examples
[QKqWnNkwPL] figure_3.jpg -> classified as: Plots / Charts
[QKqWnNkwPL] figure_4.jpg -> classified as: Plots / Charts
[QKqWnNkwPL] figure_1.jpg -> classified as: Architecture Diagram
[QKqWnNkwPL] figure_8.jpg -> classified as: Qualitative Examples
[QKqWnNkwPL] figure_12.jpg -> classified as: Qualitative Examples
[QKqWnNkwPL] figure_10.jpg -> classified as: Qualitative Examples
[QLoepRnoue] figure_5.jpg -> classified as: Plots / Charts
[QLoepRnoue] figure_6.jpg -> classified as: Other
  -> Skipping second pass (Other)
[QLoepRnoue] figure_9.jpg -> classified as: Plots / Charts
[QLoepRnoue] figure_2.jpg -> classified as: Plots / Charts
[QLoepRnoue] figure_11.jpg -> classified as: Plots / Charts
[QLoepRnoue] figure_7.jpg -> classified as: Plots / Charts
[QLoepRnoue] figure_3.jpg -> classified as: Plots / Charts
[QLoepRnoue] figure_4.jpg -> classified as: Plots / Charts
[QLoepRnoue] figure_1.jpg -> classified as: Architecture Diagram
[QLoepRnoue] figure_8.jpg -> classified as: Plots / Charts
[QLoepRnoue] figure_12.jpg -> classified as: Plots / Charts
[QLoepRnoue] figure_10.jpg -> classified as: Plots / Charts
[QMQBza9BCx] figure_S18.jpg -> classified as: Plots / Charts
[QMQBza9BCx] figure_S15.jpg -> classified as: Plots / Charts
[QMQBza9BCx] figure_S1.jpg -> classified as: Plots / Charts
[QMQBza9BCx] figure_S11.jpg -> classified as: Plots / Charts
[QMQBza9BCx] figure_5.jpg -> classified as: Plots / Charts
[QMQBza9BCx] figure_6.jpg -> classified as: Plots / Charts
[QMQBza9BCx] figure_S2.jpg -> classified as: Plots / Charts
[QMQBza9BCx] figure_S9.jpg -> classified as: Plots / Charts
[QMQBza9BCx] figure_9.jpg -> classified as: Plots / Charts
[QMQBza9BCx] figure_S6.jpg -> classified as: Plots / Charts
[QMQBza9BCx] figure_2.jpg -> classified as: Plots / Charts
[QMQBza9BCx] figure_S8.jpg -> classified as: Plots / Charts
[QMQBza9BCx] figure_S21.jpg -> classified as: Plots / Charts
[QMQBza9BCx] figure_S5.jpg -> classified as: Plots / Charts
[QMQBza9BCx] figure_7.jpg -> classified as: Plots / Charts
[QMQBza9BCx] figure_3.jpg -> classified as: Plots / Charts
[QMQBza9BCx] figure_S7.jpg -> classified as: Plots / Charts
[QMQBza9BCx] figure_S4.jpg -> classified as: Plots / Charts
[QMQBza9BCx] figure_S13.jpg -> classified as: Plots / Charts
[QMQBza9BCx] figure_4.jpg -> classified as: Plots / Charts
[QMQBza9BCx] figure_9_1.jpg -> classified as: Plots / Charts
[QMQBza9BCx] figure_5_1.jpg -> classified as: Plots / Charts
[QMQBza9BCx] figure_S19.jpg -> classified as: Plots / Charts
[QMQBza9BCx] figure_S14.jpg -> classified as: Plots / Charts
[QMQBza9BCx] figure_1.jpg -> classified as: Plots / Charts
[QMQBza9BCx] figure_S16.jpg -> classified as: Plots / Charts
[QMQBza9BCx] figure_8.jpg -> classified as: Plots / Charts
[QMQBza9BCx] figure_S17.jpg -> classified as: Plots / Charts
[QMQBza9BCx] figure_S12.jpg -> classified as: Plots / Charts
[QMQBza9BCx] figure_S3.jpg -> classified as: Qualitative Examples
[QNW42cjkym] figure_5.jpg -> classified as: Plots / Charts
[QNW42cjkym] figure_6.jpg -> classified as: Plots / Charts
[QNW42cjkym] figure_9.jpg -> classified as: Plots / Charts
[QNW42cjkym] figure_2.jpg -> classified as: Qualitative Examples
[QNW42cjkym] figure_7.jpg -> classified as: Plots / Charts
[QNW42cjkym] figure_3.jpg -> classified as: Qualitative Examples
[QNW42cjkym] figure_4.jpg -> classified as: Plots / Charts
[QNW42cjkym] figure_1.jpg -> classified as: Architecture Diagram
[QNW42cjkym] figure_8.jpg -> classified as: Qualitative Examples
[QNW42cjkym] figure_10.jpg -> classified as: Plots / Charts
[QP3EvD1AVa] figure_2.jpg -> classified as: Qualitative Examples
[QP3EvD1AVa] figure_3.jpg -> classified as: Plots / Charts
[QP3EvD1AVa] figure_4.jpg -> classified as: Qualitative Examples
[QP3EvD1AVa] figure_1.jpg -> classified as: Architecture Diagram
[QPtoBPn4lZ] figure_19.jpg -> classified as: Plots / Charts
[QPtoBPn4lZ] figure_23.jpg -> classified as: Plots / Charts
[QPtoBPn4lZ] figure_24.jpg -> classified as: Plots / Charts
[QPtoBPn4lZ] figure_5.jpg -> classified as: Architecture Diagram
[QPtoBPn4lZ] figure_6.jpg -> classified as: Plots / Charts
[QPtoBPn4lZ] figure_9.jpg -> classified as: Plots / Charts
[QPtoBPn4lZ] figure_22.jpg -> classified as: Plots / Charts
[QPtoBPn4lZ] figure_18.jpg -> classified as: Plots / Charts
[QPtoBPn4lZ] figure_13.jpg -> classified as: Plots / Charts
[QPtoBPn4lZ] figure_15.jpg -> classified as: Plots / Charts
[QPtoBPn4lZ] figure_2.jpg -> classified as: Plots / Charts
[QPtoBPn4lZ] figure_20.jpg -> classified as: Plots / Charts
[QPtoBPn4lZ] figure_11.jpg -> classified as: Plots / Charts
[QPtoBPn4lZ] figure_7.jpg -> classified as: Plots / Charts
[QPtoBPn4lZ] figure_3.jpg -> classified as: Plots / Charts
[QPtoBPn4lZ] figure_4.jpg -> classified as: Plots / Charts
[QPtoBPn4lZ] figure_17.jpg -> classified as: Plots / Charts
[QPtoBPn4lZ] figure_1.jpg -> classified as: Architecture Diagram
[QPtoBPn4lZ] figure_8.jpg -> classified as: Plots / Charts
[QPtoBPn4lZ] figure_12.jpg -> classified as: Plots / Charts
[QPtoBPn4lZ] figure_25.jpg -> classified as: Plots / Charts
[QPtoBPn4lZ] figure_21.jpg -> classified as: Plots / Charts
[QPtoBPn4lZ] figure_14.jpg -> classified as: Plots / Charts
[QPtoBPn4lZ] figure_16.jpg -> classified as: Plots / Charts
[QPtoBPn4lZ] figure_10.jpg -> classified as: Plots / Charts
[QQ6RgKYiQq] figure_5.jpg -> classified as: Qualitative Examples
[QQ6RgKYiQq] figure_6.jpg -> classified as: Qualitative Examples
[QQ6RgKYiQq] figure_9.jpg -> classified as: Qualitative Examples
[QQ6RgKYiQq] figure_2.jpg -> classified as: Architecture Diagram
[QQ6RgKYiQq] figure_11.jpg -> classified as: Qualitative Examples
[QQ6RgKYiQq] figure_7.jpg -> classified as: Qualitative Examples
[QQ6RgKYiQq] figure_3.jpg -> classified as: Architecture Diagram
[QQ6RgKYiQq] figure_4.jpg -> classified as: Architecture Diagram
[QQ6RgKYiQq] figure_1.jpg -> classified as: Architecture Diagram
[QQ6RgKYiQq] figure_8.jpg -> classified as: Qualitative Examples
[QQ6RgKYiQq] figure_12.jpg -> classified as: Architecture Diagram
[QQ6RgKYiQq] figure_10.jpg -> classified as: Qualitative Examples
[QQBPWtvtcn] figure_5.jpg -> classified as: Plots / Charts
[QQBPWtvtcn] figure_6.jpg -> classified as: Plots / Charts
[QQBPWtvtcn] figure_9.jpg -> classified as: Plots / Charts
[QQBPWtvtcn] figure_2.jpg -> classified as: Architecture Diagram
[QQBPWtvtcn] figure_7.jpg -> classified as: Qualitative Examples
[QQBPWtvtcn] figure_3.jpg -> classified as: Qualitative Examples
[QQBPWtvtcn] figure_4.jpg -> classified as: Qualitative Examples
[QQBPWtvtcn] figure_1.jpg -> classified as: Qualitative Examples
[QQBPWtvtcn] figure_8.jpg -> classified as: Architecture Diagram
[QQCIfkhGIq] figure_5.jpg -> classified as: Qualitative Examples
[QQCIfkhGIq] figure_6.jpg -> classified as: Qualitative Examples
[QQCIfkhGIq] figure_gopher_animal_kangaroo.jpg -> classified as: Qualitative Examples
[QQCIfkhGIq] figure_9.jpg -> classified as: Qualitative Examples
[QQCIfkhGIq] figure_13.jpg -> classified as: Qualitative Examples
[QQCIfkhGIq] figure_2.jpg -> classified as: Qualitative Examples
[QQCIfkhGIq] figure_11.jpg -> classified as: Qualitative Examples
[QQCIfkhGIq] figure_7.jpg -> classified as: Qualitative Examples
[QQCIfkhGIq] figure_3.jpg -> classified as: Qualitative Examples
[QQCIfkhGIq] figure_4.jpg -> classified as: Qualitative Examples
[QQCIfkhGIq] figure_1.jpg -> classified as: Qualitative Examples
[QQCIfkhGIq] figure_8.jpg -> classified as: Qualitative Examples
[QQCIfkhGIq] figure_12.jpg -> classified as: Qualitative Examples
[QQCIfkhGIq] figure_10.jpg -> classified as: Qualitative Examples
[QQYpgReSRk] figure_5.jpg -> classified as: Plots / Charts
[QQYpgReSRk] figure_6.jpg -> classified as: Plots / Charts
[QQYpgReSRk] figure_2.jpg -> classified as: Qualitative Examples
[QQYpgReSRk] figure_3.jpg -> classified as: Architecture Diagram
[QQYpgReSRk] figure_4.jpg -> classified as: Qualitative Examples
[QRmpkVsvqS] figure_5.jpg -> classified as: Architecture Diagram
[QRmpkVsvqS] figure_6.jpg -> classified as: Qualitative Examples
[QRmpkVsvqS] figure_2.jpg -> classified as: Plots / Charts
[QRmpkVsvqS] figure_7.jpg -> classified as: Plots / Charts
[QRmpkVsvqS] figure_3.jpg -> classified as: Architecture Diagram
[QRmpkVsvqS] figure_4.jpg -> classified as: Architecture Diagram
[QRmpkVsvqS] figure_1.jpg -> classified as: Qualitative Examples
[QRmpkVsvqS] figure_8.jpg -> classified as: Architecture Diagram
[QRmpkVsvqS] figure_Listing_3__PyTorch.jpg -> classified as: Other
  -> Skipping second pass (Other)
[QWDFOOoV3U] figure_Query__The_person.jpg -> classified as: Plots / Charts
[QWDFOOoV3U] figure_Query__The_person_1.jpg -> classified as: Plots / Charts
[QWDFOOoV3U] figure_5.jpg -> classified as: Plots / Charts
[QWDFOOoV3U] figure_6.jpg -> classified as: Qualitative Examples
[QWDFOOoV3U] figure_9.jpg -> classified as: Plots / Charts
[QWDFOOoV3U] figure_13.jpg -> classified as: Plots / Charts
[QWDFOOoV3U] figure_15.jpg -> classified as: Plots / Charts
[QWDFOOoV3U] figure_2.jpg -> classified as: Architecture Diagram
[QWDFOOoV3U] figure_11.jpg -> classified as: Other
  -> Skipping second pass (Other)
[QWDFOOoV3U] figure_7.jpg -> classified as: Plots / Charts
[QWDFOOoV3U] figure_3.jpg -> classified as: Architecture Diagram
[QWDFOOoV3U] figure_4.jpg -> classified as: Plots / Charts
[QWDFOOoV3U] figure_17.jpg -> classified as: Plots / Charts
[QWDFOOoV3U] figure_1.jpg -> classified as: Other
  -> Skipping second pass (Other)
[QWDFOOoV3U] figure_(a)_Grounding_example..jpg -> classified as: Plots / Charts
[QWDFOOoV3U] figure_8.jpg -> classified as: Plots / Charts
[QWDFOOoV3U] figure_12.jpg -> classified as: Plots / Charts
[QWDFOOoV3U] figure_14.jpg -> classified as: Plots / Charts
[QWDFOOoV3U] figure_16.jpg -> classified as: Plots / Charts
[QWDFOOoV3U] figure_10.jpg -> classified as: Plots / Charts
[QarKTT5brZ] figure_30.jpg -> classified as: Qualitative Examples
[QarKTT5brZ] figure_29.jpg -> classified as: Qualitative Examples
[QarKTT5brZ] figure_5.jpg -> classified as: Qualitative Examples
[QarKTT5brZ] figure_6.jpg -> classified as: Plots / Charts
[QarKTT5brZ] figure_9.jpg -> classified as: Other
  -> Skipping second pass (Other)
[QarKTT5brZ] figure_28.jpg -> classified as: Qualitative Examples
[QarKTT5brZ] figure_13.jpg -> classified as: Plots / Charts
[QarKTT5brZ] figure_15.jpg -> classified as: Plots / Charts
[QarKTT5brZ] figure_2.jpg -> classified as: Plots / Charts
[QarKTT5brZ] figure_11.jpg -> classified as: Qualitative Examples
[QarKTT5brZ] figure_35.jpg -> classified as: Qualitative Examples
[QarKTT5brZ] figure_7.jpg -> classified as: Architecture Diagram
[QarKTT5brZ] figure_34.jpg -> classified as: Qualitative Examples
[QarKTT5brZ] figure_3.jpg -> classified as: Architecture Diagram
[QarKTT5brZ] figure_33.jpg -> classified as: Teaser Image
[QarKTT5brZ] figure_4.jpg -> classified as: Plots / Charts
[QarKTT5brZ] figure_36.jpg -> classified as: Qualitative Examples
[QarKTT5brZ] figure_31.jpg -> classified as: Qualitative Examples
[QarKTT5brZ] figure_17.jpg -> classified as: Plots / Charts
[QarKTT5brZ] figure_1.jpg -> classified as: Teaser Image
[QarKTT5brZ] figure_27.jpg -> classified as: Qualitative Examples
[QarKTT5brZ] figure_37.jpg -> classified as: Qualitative Examples
[QarKTT5brZ] figure_8.jpg -> classified as: Plots / Charts
[QarKTT5brZ] figure_12.jpg -> classified as: Other
  -> Skipping second pass (Other)
[QarKTT5brZ] figure_26.jpg -> classified as: Qualitative Examples
[QarKTT5brZ] figure_14.jpg -> classified as: Plots / Charts
[QarKTT5brZ] figure_32.jpg -> classified as: Teaser Image
[QarKTT5brZ] figure_16.jpg -> classified as: Plots / Charts
[QarKTT5brZ] figure_10.jpg -> classified as: Plots / Charts
[QcPokaTxyp] figure_5.jpg -> classified as: Plots / Charts
[QcPokaTxyp] figure_6.jpg -> classified as: Plots / Charts
[QcPokaTxyp] figure_9.jpg -> classified as: Plots / Charts
[QcPokaTxyp] figure_13.jpg -> classified as: Plots / Charts
[QcPokaTxyp] figure_15.jpg -> classified as: Plots / Charts
[QcPokaTxyp] figure_2.jpg -> classified as: Plots / Charts
[QcPokaTxyp] figure_11.jpg -> classified as: Plots / Charts
[QcPokaTxyp] figure_7.jpg -> classified as: Plots / Charts
[QcPokaTxyp] figure_3.jpg -> classified as: Plots / Charts
[QcPokaTxyp] figure_4.jpg -> classified as: Plots / Charts
[QcPokaTxyp] figure_17.jpg -> classified as: Plots / Charts
[QcPokaTxyp] figure_1.jpg -> classified as: Plots / Charts
[QcPokaTxyp] figure_8.jpg -> classified as: Plots / Charts
[QcPokaTxyp] figure_12.jpg -> classified as: Plots / Charts
[QcPokaTxyp] figure_14.jpg -> classified as: Plots / Charts
[QcPokaTxyp] figure_16.jpg -> classified as: Plots / Charts
[QcPokaTxyp] figure_10.jpg -> classified as: Plots / Charts
[QeX0YFt4iW] figure_2.jpg -> classified as: Architecture Diagram
[QeX0YFt4iW] figure_3.jpg -> classified as: Qualitative Examples
[QeX0YFt4iW] figure_4.jpg -> classified as: Plots / Charts
[QeX0YFt4iW] figure_1.jpg -> classified as: Architecture Diagram
[QfwNfZUg6V] figure_2.jpg -> classified as: Architecture Diagram
[QfwNfZUg6V] figure_3.jpg -> classified as: Architecture Diagram
[QfwNfZUg6V] figure_4.jpg -> classified as: Qualitative Examples
[QfwNfZUg6V] figure_1.jpg -> classified as: Architecture Diagram
[QgSwyVsOzK] figure_2.jpg -> classified as: Architecture Diagram
[QgSwyVsOzK] figure_3.jpg -> classified as: Plots / Charts
[QgSwyVsOzK] figure_1.jpg -> classified as: Architecture Diagram
[QinkNNKZ3b] figure_19.jpg -> classified as: Qualitative Examples
[QinkNNKZ3b] figure_5.jpg -> classified as: Plots / Charts
[QinkNNKZ3b] figure_6.jpg -> classified as: Plots / Charts
[QinkNNKZ3b] figure_9.jpg -> classified as: Architecture Diagram
[QinkNNKZ3b] figure_18.jpg -> classified as: Qualitative Examples
[QinkNNKZ3b] figure_13.jpg -> classified as: Qualitative Examples
[QinkNNKZ3b] figure_15.jpg -> classified as: Qualitative Examples
[QinkNNKZ3b] figure_2.jpg -> classified as: Plots / Charts
[QinkNNKZ3b] figure_20.jpg -> classified as: Qualitative Examples
[QinkNNKZ3b] figure_11.jpg -> classified as: Plots / Charts
[QinkNNKZ3b] figure_7.jpg -> classified as: Plots / Charts
[QinkNNKZ3b] figure_3.jpg -> classified as: Architecture Diagram
[QinkNNKZ3b] figure_4.jpg -> classified as: Qualitative Examples
[QinkNNKZ3b] figure_17.jpg -> classified as: Qualitative Examples
[QinkNNKZ3b] figure_1.jpg -> classified as: Qualitative Examples
[QinkNNKZ3b] figure_8.jpg -> classified as: Architecture Diagram
[QinkNNKZ3b] figure_12.jpg -> classified as: Qualitative Examples
[QinkNNKZ3b] figure_21.jpg -> classified as: Qualitative Examples
[QinkNNKZ3b] figure_(b)_DDGAN_on.jpg -> classified as: Qualitative Examples
[QinkNNKZ3b] figure_14.jpg -> classified as: Other
  -> Skipping second pass (Other)
[QinkNNKZ3b] figure_16.jpg -> classified as: Qualitative Examples
[QlqdXrzzD1] figure_5.jpg -> classified as: Plots / Charts
[QlqdXrzzD1] figure_6.jpg -> classified as: Plots / Charts
[QlqdXrzzD1] figure_2.jpg -> classified as: Architecture Diagram
[QlqdXrzzD1] figure_7.jpg -> classified as: Plots / Charts
[QlqdXrzzD1] figure_3.jpg -> classified as: Qualitative Examples
[QlqdXrzzD1] figure_4.jpg -> classified as: Plots / Charts
[QlqdXrzzD1] figure_1.jpg -> classified as: Architecture Diagram
[QlqdXrzzD1] figure_8.jpg -> classified as: Plots / Charts
[QmZKc7UZCy] figure_5.jpg -> classified as: Qualitative Examples
[QmZKc7UZCy] figure_6.jpg -> classified as: Plots / Charts
[QmZKc7UZCy] figure_9.jpg -> classified as: Plots / Charts
[QmZKc7UZCy] figure_2.jpg -> classified as: Plots / Charts
[QmZKc7UZCy] figure_11.jpg -> classified as: Plots / Charts
[QmZKc7UZCy] figure_7.jpg -> classified as: Plots / Charts
[QmZKc7UZCy] figure_3.jpg -> classified as: Architecture Diagram
[QmZKc7UZCy] figure_4.jpg -> classified as: Other
  -> Skipping second pass (Other)
[QmZKc7UZCy] figure_1.jpg -> classified as: Architecture Diagram
[QmZKc7UZCy] figure_8.jpg -> classified as: Plots / Charts
[QmZKc7UZCy] figure_10.jpg -> classified as: Qualitative Examples
[Qmw9ne6SOQ] figure_5.jpg -> classified as: Qualitative Examples
[Qmw9ne6SOQ] figure_2.jpg -> classified as: Plots / Charts
[Qmw9ne6SOQ] figure_3.jpg -> classified as: Plots / Charts
[Qmw9ne6SOQ] figure_4.jpg -> classified as: Plots / Charts
[Qmw9ne6SOQ] figure_1.jpg -> classified as: Architecture Diagram
[Qn4HEhezKW] figure_5.jpg -> classified as: Plots / Charts
[Qn4HEhezKW] figure_6.jpg -> classified as: Plots / Charts
[Qn4HEhezKW] figure_2.jpg -> classified as: Qualitative Examples
[Qn4HEhezKW] figure_7.jpg -> classified as: Plots / Charts
[Qn4HEhezKW] figure_3.jpg -> classified as: Plots / Charts
[Qn4HEhezKW] figure_4.jpg -> classified as: Plots / Charts
[Qn4HEhezKW] figure_1.jpg -> classified as: Architecture Diagram
[Qn4HEhezKW] figure_8.jpg -> classified as: Qualitative Examples
[QoDDNkx4fP] figure_5.jpg -> classified as: Plots / Charts
[QoDDNkx4fP] figure__DRIVERS__LICENSE_FRAUD.jpg -> classified as: Other
  -> Skipping second pass (Other)
[QoDDNkx4fP] figure_2.jpg -> classified as: Architecture Diagram
[QoDDNkx4fP] figure_11.jpg -> classified as: Other
  -> Skipping second pass (Other)
[QoDDNkx4fP] figure_3.jpg -> classified as: Plots / Charts
[QoDDNkx4fP] figure_4.jpg -> classified as: Plots / Charts
[QoDDNkx4fP] figure_purchase_illegal_drugs.jpg -> classified as: Qualitative Examples
[QoDDNkx4fP] figure_1.jpg -> classified as: Architecture Diagram
[QoufMIejek] figure_2.jpg -> classified as: Architecture Diagram
[QoufMIejek] figure_3.jpg -> classified as: Qualitative Examples
[QoufMIejek] figure_4.jpg -> classified as: Qualitative Examples
[QoufMIejek] figure_1.jpg -> classified as: Architecture Diagram
[QowsEic1sc] figure_19.jpg -> classified as: Qualitative Examples
[QowsEic1sc] figure_5.jpg -> classified as: Plots / Charts
[QowsEic1sc] figure_6.jpg -> classified as: Plots / Charts
[QowsEic1sc] figure_9.jpg -> classified as: Plots / Charts
[QowsEic1sc] figure_22.jpg -> classified as: Qualitative Examples
[QowsEic1sc] figure_18.jpg -> classified as: Qualitative Examples
[QowsEic1sc] figure_13.jpg -> classified as: Plots / Charts
[QowsEic1sc] figure_(b)_Visualization_of.jpg -> classified as: Plots / Charts
[QowsEic1sc] figure_15.jpg -> classified as: Plots / Charts
[QowsEic1sc] figure_2.jpg -> classified as: Qualitative Examples
[QowsEic1sc] figure_20.jpg -> classified as: Qualitative Examples
[QowsEic1sc] figure_11.jpg -> classified as: Plots / Charts
[QowsEic1sc] figure_7.jpg -> classified as: Plots / Charts
[QowsEic1sc] figure_3.jpg -> classified as: Architecture Diagram
[QowsEic1sc] figure_Results_on_ImageNet-64.jpg -> classified as: Plots / Charts
[QowsEic1sc] figure_4.jpg -> classified as: Plots / Charts
[QowsEic1sc] figure_17.jpg -> classified as: Qualitative Examples
[QowsEic1sc] figure_1.jpg -> classified as: Plots / Charts
[QowsEic1sc] figure_Results_on_ImageNet-64_1.jpg -> classified as: Plots / Charts
[QowsEic1sc] figure_Results_on_ImageNet-64_2.jpg -> classified as: Plots / Charts
[QowsEic1sc] figure_8.jpg -> classified as: Plots / Charts
[QowsEic1sc] figure_12.jpg -> classified as: Plots / Charts
[QowsEic1sc] figure_21.jpg -> classified as: Qualitative Examples
[QowsEic1sc] figure_16.jpg -> classified as: Qualitative Examples
[QqjFHyQwtF] figure_2.jpg -> classified as: Plots / Charts
[QqjFHyQwtF] figure_3.jpg -> classified as: Plots / Charts
[QqjFHyQwtF] figure_4.jpg -> classified as: Plots / Charts
[QqjFHyQwtF] figure_1.jpg -> classified as: Architecture Diagram
[QrTvFCa4nX] figure_2.jpg -> classified as: Architecture Diagram
[QrTvFCa4nX] figure_3.jpg -> classified as: Qualitative Examples
[QrTvFCa4nX] figure_1.jpg -> classified as: Architecture Diagram
[Qro97zWC29] figure_5.jpg -> classified as: Qualitative Examples
[Qro97zWC29] figure_6.jpg -> classified as: Qualitative Examples
[Qro97zWC29] figure_2.jpg -> classified as: Plots / Charts
[Qro97zWC29] figure_7.jpg -> classified as: Qualitative Examples
[Qro97zWC29] figure_3.jpg -> classified as: Qualitative Examples
[Qro97zWC29] figure_4.jpg -> classified as: Qualitative Examples
[Qro97zWC29] figure_1.jpg -> classified as: Architecture Diagram
[Qt5sBi0u7I] figure_5.jpg -> classified as: Qualitative Examples
[Qt5sBi0u7I] figure_2.jpg -> classified as: Plots / Charts
[Qt5sBi0u7I] figure_3.jpg -> classified as: Plots / Charts
[Qt5sBi0u7I] figure_1.jpg -> classified as: Plots / Charts
[Qt5sBi0u7I] figure_(b)_An_example.jpg -> classified as: Qualitative Examples
[QuFHei1vuE] figure_5.jpg -> classified as: Qualitative Examples
[QuFHei1vuE] figure_6.jpg -> classified as: Plots / Charts
[QuFHei1vuE] figure_9.jpg -> classified as: Qualitative Examples
[QuFHei1vuE] figure_2.jpg -> classified as: Qualitative Examples
[QuFHei1vuE] figure_7.jpg -> classified as: Plots / Charts
[QuFHei1vuE] figure_3.jpg -> classified as: Qualitative Examples
[QuFHei1vuE] figure_4.jpg -> classified as: Plots / Charts
[QuFHei1vuE] figure_1.jpg -> classified as: Architecture Diagram
[QuFHei1vuE] figure_8.jpg -> classified as: Qualitative Examples
[QuFHei1vuE] figure_10.jpg -> classified as: Qualitative Examples
[QuVlUn4T2G] figure_S1.jpg -> classified as: Qualitative Examples
[QuVlUn4T2G] figure_5.jpg -> classified as: Plots / Charts
[QuVlUn4T2G] figure_S2.jpg -> classified as: Qualitative Examples
[QuVlUn4T2G] figure_2.jpg -> classified as: Architecture Diagram
[QuVlUn4T2G] figure_7.jpg -> classified as: Qualitative Examples
[QuVlUn4T2G] figure_3.jpg -> classified as: Architecture Diagram
[QuVlUn4T2G] figure_4.jpg -> classified as: Architecture Diagram
[QuVlUn4T2G] figure_1.jpg -> classified as: Plots / Charts
[QuVlUn4T2G] figure_8.jpg -> classified as: Qualitative Examples
[QuVlUn4T2G] figure_S3.jpg -> classified as: Qualitative Examples
[QwKieXLF6x] figure_5.jpg -> classified as: Qualitative Examples
[QwKieXLF6x] figure_6.jpg -> classified as: Plots / Charts
[QwKieXLF6x] figure_9.jpg -> classified as: Qualitative Examples
[QwKieXLF6x] figure_2.jpg -> classified as: Qualitative Examples
[QwKieXLF6x] figure_7.jpg -> classified as: Qualitative Examples
[QwKieXLF6x] figure_3.jpg -> classified as: Qualitative Examples
[QwKieXLF6x] figure_4.jpg -> classified as: Qualitative Examples
[QwKieXLF6x] figure_1.jpg -> classified as: Architecture Diagram
[QwKieXLF6x] figure_8.jpg -> classified as: Qualitative Examples
[QyFm3D3Tzi] figure_5.jpg -> classified as: Architecture Diagram
[QyFm3D3Tzi] figure_6.jpg -> classified as: Architecture Diagram
[QyFm3D3Tzi] figure_9.jpg -> classified as: Plots / Charts
[QyFm3D3Tzi] figure_13.jpg -> classified as: Plots / Charts
[QyFm3D3Tzi] figure_15.jpg -> classified as: Architecture Diagram
[QyFm3D3Tzi] figure_2.jpg -> classified as: Architecture Diagram
[QyFm3D3Tzi] figure_11.jpg -> classified as: Plots / Charts
[QyFm3D3Tzi] figure_7.jpg -> classified as: Plots / Charts
[QyFm3D3Tzi] figure_3.jpg -> classified as: Plots / Charts
[QyFm3D3Tzi] figure_4.jpg -> classified as: Plots / Charts
[QyFm3D3Tzi] figure_1.jpg -> classified as: Architecture Diagram
[QyFm3D3Tzi] figure_8.jpg -> classified as: Plots / Charts
[QyFm3D3Tzi] figure_12.jpg -> classified as: Plots / Charts
[QyFm3D3Tzi] figure_14.jpg -> classified as: Plots / Charts
[QyFm3D3Tzi] figure_16.jpg -> classified as: Architecture Diagram
[QyFm3D3Tzi] figure_10.jpg -> classified as: Plots / Charts
[QzPKSUUcud] figure_5.jpg -> classified as: Plots / Charts
[QzPKSUUcud] figure_2.jpg -> classified as: Architecture Diagram
[QzPKSUUcud] figure_3.jpg -> classified as: Qualitative Examples
[QzPKSUUcud] figure_4.jpg -> classified as: Plots / Charts
[QzPKSUUcud] figure_1.jpg -> classified as: Qualitative Examples
[R1crLHQ4kf] figure_2.jpg -> classified as: Plots / Charts
[R1crLHQ4kf] figure_1.jpg -> classified as: Architecture Diagram
[R32pqU5vej] figure_5.jpg -> classified as: Plots / Charts
[R32pqU5vej] figure_6.jpg -> classified as: Qualitative Examples
[R32pqU5vej] figure_2.jpg -> classified as: Architecture Diagram
[R32pqU5vej] figure_7.jpg -> classified as: Qualitative Examples
[R32pqU5vej] figure_3.jpg -> classified as: Architecture Diagram
[R32pqU5vej] figure_4.jpg -> classified as: Architecture Diagram
[R32pqU5vej] figure_1.jpg -> classified as: Plots / Charts
[R32pqU5vej] figure_8.jpg -> classified as: Qualitative Examples
[R4gqcDRJ9l] figure_5.jpg -> classified as: Plots / Charts
[R4gqcDRJ9l] figure_6.jpg -> classified as: Plots / Charts
[R4gqcDRJ9l] figure_2.jpg -> classified as: Plots / Charts
[R4gqcDRJ9l] figure_7.jpg -> classified as: Plots / Charts
[R4gqcDRJ9l] figure_3.jpg -> classified as: Architecture Diagram
[R4gqcDRJ9l] figure_4.jpg -> classified as: Plots / Charts
[R4gqcDRJ9l] figure_1.jpg -> classified as: Plots / Charts
[R4gqcDRJ9l] figure_8.jpg -> classified as: Plots / Charts
[R4h5PXzUuU] figure_C_5.jpg -> classified as: Other
  -> Skipping second pass (Other)
[R4h5PXzUuU] figure_5.jpg -> classified as: Qualitative Examples
[R4h5PXzUuU] figure_B_3.jpg -> classified as: Other
  -> Skipping second pass (Other)
[R4h5PXzUuU] figure_2.jpg -> classified as: Architecture Diagram
[R4h5PXzUuU] figure_C_1.jpg -> classified as: Plots / Charts
[R4h5PXzUuU] figure_C_4.jpg -> classified as: Other
  -> Skipping second pass (Other)
[R4h5PXzUuU] figure_C_2.jpg -> classified as: Plots / Charts
[R4h5PXzUuU] figure_B.jpg -> classified as: Plots / Charts
[R4h5PXzUuU] figure_C_3.jpg -> classified as: Other
  -> Skipping second pass (Other)
[R4h5PXzUuU] figure_3.jpg -> classified as: Qualitative Examples
[R4h5PXzUuU] figure_4.jpg -> classified as: Plots / Charts
[R4h5PXzUuU] figure_B_1.jpg -> classified as: Plots / Charts
[R4h5PXzUuU] figure_B_2.jpg -> classified as: Plots / Charts
[R4h5PXzUuU] figure_C.jpg -> classified as: Plots / Charts
[R4h5PXzUuU] figure_1.jpg -> classified as: Plots / Charts
[R9feGbYRG7] figure_5.jpg -> classified as: Plots / Charts
[R9feGbYRG7] figure_6.jpg -> classified as: Plots / Charts
[R9feGbYRG7] figure_2.jpg -> classified as: Plots / Charts
[R9feGbYRG7] figure_3.jpg -> classified as: Plots / Charts
[R9feGbYRG7] figure_4.jpg -> classified as: Plots / Charts
[R9feGbYRG7] figure_1.jpg -> classified as: Architecture Diagram
[R9lgWYE508] figure_5.jpg -> classified as: Qualitative Examples
[R9lgWYE508] figure_6.jpg -> classified as: Qualitative Examples
[R9lgWYE508] figure_9.jpg -> classified as: Plots / Charts
[R9lgWYE508] figure_13.jpg -> classified as: Plots / Charts
[R9lgWYE508] figure_15.jpg -> classified as: Qualitative Examples
[R9lgWYE508] figure_2.jpg -> classified as: Qualitative Examples
[R9lgWYE508] figure_11.jpg -> classified as: Qualitative Examples
[R9lgWYE508] figure_7.jpg -> classified as: Qualitative Examples
[R9lgWYE508] figure_3.jpg -> classified as: Qualitative Examples
[R9lgWYE508] figure_4.jpg -> classified as: Qualitative Examples
[R9lgWYE508] figure_1.jpg -> classified as: Qualitative Examples
[R9lgWYE508] figure_8.jpg -> classified as: Plots / Charts
[R9lgWYE508] figure_12.jpg -> classified as: Qualitative Examples
[R9lgWYE508] figure_14.jpg -> classified as: Qualitative Examples
[R9lgWYE508] figure_10.jpg -> classified as: Plots / Charts
[RAX45dcfA2] figure_ond_Signalized,_Traffic.jpg -> classified as: Qualitative Examples
[RAX45dcfA2] figure_5.jpg -> classified as: Plots / Charts
[RAX45dcfA2] figure_6.jpg -> classified as: Qualitative Examples
[RAX45dcfA2] figure_9.jpg -> classified as: Qualitative Examples
[RAX45dcfA2] figure_2.jpg -> classified as: Architecture Diagram
[RAX45dcfA2] figure_7.jpg -> classified as: Qualitative Examples
[RAX45dcfA2] figure_3.jpg -> classified as: Plots / Charts
[RAX45dcfA2] figure_4.jpg -> classified as: Qualitative Examples
[RAX45dcfA2] figure_1_Action_THE_PEDESTRIAN.jpg -> classified as: Qualitative Examples
[RAX45dcfA2] figure_1.jpg -> classified as: Architecture Diagram
[RAX45dcfA2] figure_8.jpg -> classified as: Qualitative Examples
[RAX45dcfA2] figure_10.jpg -> classified as: Qualitative Examples
[RBp0x7rkMO] figure_19.jpg -> classified as: Qualitative Examples
[RBp0x7rkMO] figure_5.jpg -> classified as: Qualitative Examples
[RBp0x7rkMO] figure_6.jpg -> classified as: Qualitative Examples
[RBp0x7rkMO] figure_9.jpg -> classified as: Qualitative Examples
[RBp0x7rkMO] figure_18.jpg -> classified as: Qualitative Examples
[RBp0x7rkMO] figure_13.jpg -> classified as: Qualitative Examples
[RBp0x7rkMO] figure_15.jpg -> classified as: Architecture Diagram
[RBp0x7rkMO] figure_2.jpg -> classified as: Architecture Diagram
[RBp0x7rkMO] figure_20.jpg -> classified as: Plots / Charts
[RBp0x7rkMO] figure_11.jpg -> classified as: Qualitative Examples
[RBp0x7rkMO] figure_7.jpg -> classified as: Qualitative Examples
[RBp0x7rkMO] figure_3.jpg -> classified as: Architecture Diagram
[RBp0x7rkMO] figure_4.jpg -> classified as: Qualitative Examples
[RBp0x7rkMO] figure_1.jpg -> classified as: Qualitative Examples
[RBp0x7rkMO] figure_16_1.jpg -> classified as: Qualitative Examples
[RBp0x7rkMO] figure_8.jpg -> classified as: Qualitative Examples
[RBp0x7rkMO] figure_12.jpg -> classified as: Qualitative Examples
[RBp0x7rkMO] figure_21.jpg -> classified as: Qualitative Examples
[RBp0x7rkMO] figure_14.jpg -> classified as: Qualitative Examples
[RBp0x7rkMO] figure_16.jpg -> classified as: Qualitative Examples
[RBp0x7rkMO] figure_10.jpg -> classified as: Qualitative Examples
[RCKoQGpPEN] figure_5.jpg -> classified as: Qualitative Examples
[RCKoQGpPEN] figure_6.jpg -> classified as: Qualitative Examples
[RCKoQGpPEN] figure_9.jpg -> classified as: Qualitative Examples
[RCKoQGpPEN] figure_13.jpg -> classified as: Qualitative Examples
[RCKoQGpPEN] figure_15.jpg -> classified as: Architecture Diagram
[RCKoQGpPEN] figure_2.jpg -> classified as: Architecture Diagram
[RCKoQGpPEN] figure_11.jpg -> classified as: Qualitative Examples
[RCKoQGpPEN] figure_7.jpg -> classified as: Qualitative Examples
[RCKoQGpPEN] figure_3.jpg -> classified as: Architecture Diagram
[RCKoQGpPEN] figure_4.jpg -> classified as: Architecture Diagram
[RCKoQGpPEN] figure_1.jpg -> classified as: Qualitative Examples
[RCKoQGpPEN] figure_8.jpg -> classified as: Qualitative Examples
[RCKoQGpPEN] figure_12.jpg -> classified as: Qualitative Examples
[RCKoQGpPEN] figure_14.jpg -> classified as: Qualitative Examples
[RCKoQGpPEN] figure_16.jpg -> classified as: Architecture Diagram
[RCKoQGpPEN] figure_10.jpg -> classified as: Qualitative Examples
[RDLvnUJ5JZ] figure_1.jpg -> classified as: Architecture Diagram
[RDVrlWAb7K] figure_(b)_Human_attributes.jpg -> classified as: Qualitative Examples
[RDVrlWAb7K] figure_5.jpg -> classified as: Plots / Charts
[RDVrlWAb7K] figure_6.jpg -> classified as: Qualitative Examples
[RDVrlWAb7K] figure_9.jpg -> classified as: Plots / Charts
[RDVrlWAb7K] figure_2.jpg -> classified as: Architecture Diagram
[RDVrlWAb7K] figure_11.jpg -> classified as: Qualitative Examples
[RDVrlWAb7K] figure_7.jpg -> classified as: Qualitative Examples
[RDVrlWAb7K] figure_3.jpg -> classified as: Qualitative Examples
[RDVrlWAb7K] figure_4.jpg -> classified as: Plots / Charts
[RDVrlWAb7K] figure_(a)_Multiple_Object.jpg -> classified as: Other
  -> Skipping second pass (Other)
[RDVrlWAb7K] figure_1.jpg -> classified as: Qualitative Examples
[RDVrlWAb7K] figure_8.jpg -> classified as: Plots / Charts
[RDVrlWAb7K] figure_12.jpg -> classified as: Teaser Image
[RDVrlWAb7K] figure_10.jpg -> classified as: Qualitative Examples
[RE0aibEQ1J] figure_5.jpg -> classified as: Qualitative Examples
[RE0aibEQ1J] figure_2.jpg -> classified as: Qualitative Examples
[RE0aibEQ1J] figure_3.jpg -> classified as: Architecture Diagram
[RE0aibEQ1J] figure_4.jpg -> classified as: Qualitative Examples
[RE0aibEQ1J] figure_1.jpg -> classified as: Other
  -> Skipping second pass (Other)
[REprQnylmC] figure_5.jpg -> classified as: Plots / Charts
[REprQnylmC] figure_6.jpg -> classified as: Plots / Charts
[REprQnylmC] figure_9.jpg -> classified as: Qualitative Examples
[REprQnylmC] figure_2.jpg -> classified as: Qualitative Examples
[REprQnylmC] figure_11.jpg -> classified as: Qualitative Examples
[REprQnylmC] figure_7.jpg -> classified as: Architecture Diagram
[REprQnylmC] figure_3.jpg -> classified as: Architecture Diagram
[REprQnylmC] figure_4.jpg -> classified as: Plots / Charts
[REprQnylmC] figure_1.jpg -> classified as: Other
  -> Skipping second pass (Other)
[REprQnylmC] figure_8.jpg -> classified as: Plots / Charts
[REprQnylmC] figure_12.jpg -> classified as: Plots / Charts
[REprQnylmC] figure_10.jpg -> classified as: Architecture Diagram
[RIcYTbpO38] figure_5.jpg -> classified as: Plots / Charts
[RIcYTbpO38] figure_6.jpg -> classified as: Plots / Charts
[RIcYTbpO38] figure_9.jpg -> classified as: Qualitative Examples
[RIcYTbpO38] figure_13.jpg -> classified as: Qualitative Examples
[RIcYTbpO38] figure_2.jpg -> classified as: Architecture Diagram
[RIcYTbpO38] figure_11.jpg -> classified as: Plots / Charts
[RIcYTbpO38] figure_7.jpg -> classified as: Plots / Charts
[RIcYTbpO38] figure_3.jpg -> classified as: Architecture Diagram
[RIcYTbpO38] figure_4.jpg -> classified as: Plots / Charts
[RIcYTbpO38] figure_1.jpg -> classified as: Qualitative Examples
[RIcYTbpO38] figure_8.jpg -> classified as: Plots / Charts
[RIcYTbpO38] figure_12.jpg -> classified as: Plots / Charts
[RIcYTbpO38] figure_10.jpg -> classified as: Plots / Charts
[RJDjSXNuAZ] figure_5.jpg -> classified as: Plots / Charts
[RJDjSXNuAZ] figure_6.jpg -> classified as: Plots / Charts
[RJDjSXNuAZ] figure_9.jpg -> classified as: Qualitative Examples
[RJDjSXNuAZ] figure_13.jpg -> classified as: Qualitative Examples
[RJDjSXNuAZ] figure_15.jpg -> classified as: Qualitative Examples
[RJDjSXNuAZ] figure_2.jpg -> classified as: Qualitative Examples
[RJDjSXNuAZ] figure_11.jpg -> classified as: Qualitative Examples
[RJDjSXNuAZ] figure_7.jpg -> classified as: Qualitative Examples
[RJDjSXNuAZ] figure_3.jpg -> classified as: Plots / Charts
[RJDjSXNuAZ] figure_4.jpg -> classified as: Plots / Charts
[RJDjSXNuAZ] figure_17.jpg -> classified as: Qualitative Examples
[RJDjSXNuAZ] figure_1.jpg -> classified as: Architecture Diagram
[RJDjSXNuAZ] figure_8.jpg -> classified as: Qualitative Examples
[RJDjSXNuAZ] figure_12.jpg -> classified as: Qualitative Examples
[RJDjSXNuAZ] figure_14.jpg -> classified as: Qualitative Examples
[RJDjSXNuAZ] figure_16.jpg -> classified as: Qualitative Examples
[RJDjSXNuAZ] figure_10.jpg -> classified as: Qualitative Examples
[RJG7fCVkhQ] figure_5.jpg -> classified as: Qualitative Examples
[RJG7fCVkhQ] figure_6.jpg -> classified as: Qualitative Examples
[RJG7fCVkhQ] figure_9.jpg -> classified as: Qualitative Examples
[RJG7fCVkhQ] figure_2.jpg -> classified as: Plots / Charts
[RJG7fCVkhQ] figure_11.jpg -> classified as: Qualitative Examples
[RJG7fCVkhQ] figure_7.jpg -> classified as: Qualitative Examples
[RJG7fCVkhQ] figure_3.jpg -> classified as: Architecture Diagram
[RJG7fCVkhQ] figure_4.jpg -> classified as: Architecture Diagram
[RJG7fCVkhQ] figure_1.jpg -> classified as: Architecture Diagram
[RJG7fCVkhQ] figure_8.jpg -> classified as: Qualitative Examples
[RJG7fCVkhQ] figure_12.jpg -> classified as: Qualitative Examples
[RJG7fCVkhQ] figure_10.jpg -> classified as: Qualitative Examples
[RL7PycCtAO] figure_19.jpg -> classified as: Teaser Image
[RL7PycCtAO] figure_23.jpg -> classified as: Teaser Image
[RL7PycCtAO] figure_29.jpg -> classified as: Other
  -> Skipping second pass (Other)
[RL7PycCtAO] figure_6.jpg -> classified as: Qualitative Examples
[RL7PycCtAO] figure_9.jpg -> classified as: Architecture Diagram
[RL7PycCtAO] figure_28.jpg -> classified as: Other
  -> Skipping second pass (Other)
[RL7PycCtAO] figure_18.jpg -> classified as: Plots / Charts
[RL7PycCtAO] figure_13.jpg -> classified as: Qualitative Examples
[RL7PycCtAO] figure_15.jpg -> classified as: Plots / Charts
[RL7PycCtAO] figure_2.jpg -> classified as: Architecture Diagram
[RL7PycCtAO] figure_11.jpg -> classified as: Qualitative Examples
[RL7PycCtAO] figure_7.jpg -> classified as: Plots / Charts
[RL7PycCtAO] figure_3.jpg -> classified as: Architecture Diagram
[RL7PycCtAO] figure_4.jpg -> classified as: Plots / Charts
[RL7PycCtAO] figure_17.jpg -> classified as: Plots / Charts
[RL7PycCtAO] figure_1.jpg -> classified as: Qualitative Examples
[RL7PycCtAO] figure_27.jpg -> classified as: Other
  -> Skipping second pass (Other)
[RL7PycCtAO] figure_8.jpg -> classified as: Plots / Charts
[RL7PycCtAO] figure_12.jpg -> classified as: Plots / Charts
[RL7PycCtAO] figure_25.jpg -> classified as: Teaser Image
[RL7PycCtAO] figure_21.jpg -> classified as: Other
  -> Skipping second pass (Other)
[RL7PycCtAO] figure_16.jpg -> classified as: Qualitative Examples
[RL7PycCtAO] figure_10.jpg -> classified as: Architecture Diagram
[RMaRBE9s2H] figure_5.jpg -> classified as: Qualitative Examples
[RMaRBE9s2H] figure_6.jpg -> classified as: Qualitative Examples
[RMaRBE9s2H] figure_9.jpg -> classified as: Qualitative Examples
[RMaRBE9s2H] figure_2.jpg -> classified as: Architecture Diagram
[RMaRBE9s2H] figure_11.jpg -> classified as: Teaser Image
[RMaRBE9s2H] figure_7.jpg -> classified as: Qualitative Examples
[RMaRBE9s2H] figure_3.jpg -> classified as: Other
  -> Skipping second pass (Other)
[RMaRBE9s2H] figure_4.jpg -> classified as: Architecture Diagram
[RMaRBE9s2H] figure_1.jpg -> classified as: Qualitative Examples
[RMaRBE9s2H] figure_8.jpg -> classified as: Qualitative Examples
[RMaRBE9s2H] figure_10.jpg -> classified as: Qualitative Examples
[RN2lIjrtSR] figure_2.jpg -> classified as: Architecture Diagram
[RN2lIjrtSR] figure_3.jpg -> classified as: Qualitative Examples
[RN2lIjrtSR] figure_1.jpg -> classified as: Other
  -> Skipping second pass (Other)
[RPhoFFj0jg] figure_5.jpg -> classified as: Qualitative Examples
[RPhoFFj0jg] figure_6.jpg -> classified as: Qualitative Examples
[RPhoFFj0jg] figure_2.jpg -> classified as: Plots / Charts
[RPhoFFj0jg] figure_3.jpg -> classified as: Qualitative Examples
[RPhoFFj0jg] figure_4.jpg -> classified as: Plots / Charts
[RPhoFFj0jg] figure_1.jpg -> classified as: Architecture Diagram
[RQk9srYfhj] figure_5.jpg -> classified as: Qualitative Examples
[RQk9srYfhj] figure_6.jpg -> classified as: Qualitative Examples
[RQk9srYfhj] figure_9.jpg -> classified as: Qualitative Examples
[RQk9srYfhj] figure_18.jpg -> classified as: Other
  -> Skipping second pass (Other)
[RQk9srYfhj] figure_13.jpg -> classified as: Qualitative Examples
[RQk9srYfhj] figure_15.jpg -> classified as: Qualitative Examples
[RQk9srYfhj] figure_2.jpg -> classified as: Architecture Diagram
[RQk9srYfhj] figure_11.jpg -> classified as: Qualitative Examples
[RQk9srYfhj] figure_7.jpg -> classified as: Qualitative Examples
[RQk9srYfhj] figure_3.jpg -> classified as: Qualitative Examples
[RQk9srYfhj] figure_4.jpg -> classified as: Architecture Diagram
[RQk9srYfhj] figure_17.jpg -> classified as: Qualitative Examples
[RQk9srYfhj] figure_1.jpg -> classified as: Qualitative Examples
[RQk9srYfhj] figure_8.jpg -> classified as: Qualitative Examples
[RQk9srYfhj] figure_12.jpg -> classified as: Qualitative Examples
[RQk9srYfhj] figure_14.jpg -> classified as: Qualitative Examples
[RQk9srYfhj] figure_16.jpg -> classified as: Qualitative Examples
[RQk9srYfhj] figure_10.jpg -> classified as: Qualitative Examples
[RR8y0WKrFv] figure_5.jpg -> classified as: Plots / Charts
[RR8y0WKrFv] figure_6.jpg -> classified as: Qualitative Examples
[RR8y0WKrFv] figure_2.jpg -> classified as: Plots / Charts
[RR8y0WKrFv] figure_7.jpg -> classified as: Qualitative Examples
[RR8y0WKrFv] figure_3.jpg -> classified as: Plots / Charts
[RR8y0WKrFv] figure_4.jpg -> classified as: Plots / Charts
[RR8y0WKrFv] figure_1.jpg -> classified as: Plots / Charts
[RR8y0WKrFv] figure_8.jpg -> classified as: Qualitative Examples
[RS827PjAUs] figure_Design_2__•.jpg -> classified as: Qualitative Examples
[RS827PjAUs] figure_5.jpg -> classified as: Plots / Charts
[RS827PjAUs] figure_6.jpg -> classified as: Qualitative Examples
[RS827PjAUs] figure_9.jpg -> classified as: Qualitative Examples
[RS827PjAUs] figure_13.jpg -> classified as: Plots / Charts
[RS827PjAUs] figure_15.jpg -> classified as: Qualitative Examples
[RS827PjAUs] figure_2.jpg -> classified as: Plots / Charts
[RS827PjAUs] figure_7.jpg -> classified as: Qualitative Examples
[RS827PjAUs] figure_3.jpg -> classified as: Architecture Diagram
[RS827PjAUs] figure_4.jpg -> classified as: Plots / Charts
[RS827PjAUs] figure_Design_1__•.jpg -> classified as: Qualitative Examples
[RS827PjAUs] figure_Design_2__•_1.jpg -> classified as: Qualitative Examples
[RS827PjAUs] figure_12.jpg -> classified as: Qualitative Examples
[RS827PjAUs] figure_14.jpg -> classified as: Qualitative Examples
[RS827PjAUs] figure_10.jpg -> classified as: Qualitative Examples
[RSincg5RBe] figure_5.jpg -> classified as: Plots / Charts
[RSincg5RBe] figure_6.jpg -> classified as: Qualitative Examples
[RSincg5RBe] figure_2.jpg -> classified as: Architecture Diagram
[RSincg5RBe] figure_3.jpg -> classified as: Architecture Diagram
[RSincg5RBe] figure_4.jpg -> classified as: Plots / Charts
[RSincg5RBe] figure_1.jpg -> classified as: Architecture Diagram
[RT5yHR0zwp] figure_5.jpg -> classified as: Plots / Charts
[RT5yHR0zwp] figure_6.jpg -> classified as: Plots / Charts
[RT5yHR0zwp] figure_2.jpg -> classified as: Architecture Diagram
[RT5yHR0zwp] figure_3.jpg -> classified as: Architecture Diagram
[RT5yHR0zwp] figure_4.jpg -> classified as: Qualitative Examples
[RT5yHR0zwp] figure_1.jpg -> classified as: Plots / Charts
[RUF7j1cJzK] figure_5.jpg -> classified as: Plots / Charts
[RUF7j1cJzK] figure_6.jpg -> classified as: Qualitative Examples
[RUF7j1cJzK] figure_9.jpg -> classified as: Plots / Charts
[RUF7j1cJzK] figure_13.jpg -> classified as: Qualitative Examples
[RUF7j1cJzK] figure_2.jpg -> classified as: Qualitative Examples
[RUF7j1cJzK] figure_11.jpg -> classified as: Qualitative Examples
[RUF7j1cJzK] figure_3.jpg -> classified as: Architecture Diagram
[RUF7j1cJzK] figure_4.jpg -> classified as: Architecture Diagram
[RUF7j1cJzK] figure_1.jpg -> classified as: Architecture Diagram
[RUF7j1cJzK] figure_8.jpg -> classified as: Plots / Charts
[RUF7j1cJzK] figure_12.jpg -> classified as: Qualitative Examples
[RUF7j1cJzK] figure_14.jpg -> classified as: Plots / Charts
[RXeP5ajK2S] figure_5.jpg -> classified as: Plots / Charts
[RXeP5ajK2S] figure_6.jpg -> classified as: Qualitative Examples
[RXeP5ajK2S] figure_9.jpg -> classified as: Qualitative Examples
[RXeP5ajK2S] figure_18.jpg -> classified as: Qualitative Examples
[RXeP5ajK2S] figure_13.jpg -> classified as: Qualitative Examples
[RXeP5ajK2S] figure_15.jpg -> classified as: Qualitative Examples
[RXeP5ajK2S] figure_2.jpg -> classified as: Architecture Diagram
[RXeP5ajK2S] figure_11.jpg -> classified as: Qualitative Examples
[RXeP5ajK2S] figure_7.jpg -> classified as: Qualitative Examples
[RXeP5ajK2S] figure_3.jpg -> classified as: Qualitative Examples
[RXeP5ajK2S] figure_4.jpg -> classified as: Plots / Charts
[RXeP5ajK2S] figure_17.jpg -> classified as: Qualitative Examples
[RXeP5ajK2S] figure_1.jpg -> classified as: Qualitative Examples
[RXeP5ajK2S] figure_8.jpg -> classified as: Qualitative Examples
[RXeP5ajK2S] figure_12.jpg -> classified as: Qualitative Examples
[RXeP5ajK2S] figure_14.jpg -> classified as: Qualitative Examples
[RXeP5ajK2S] figure_16.jpg -> classified as: Qualitative Examples
[RXeP5ajK2S] figure_10.jpg -> classified as: Qualitative Examples
[RauUgiw7VX] figure_5.jpg -> classified as: Qualitative Examples
[RauUgiw7VX] figure_6.jpg -> classified as: Qualitative Examples
[RauUgiw7VX] figure_9.jpg -> classified as: Qualitative Examples
[RauUgiw7VX] figure_13.jpg -> classified as: Qualitative Examples
[RauUgiw7VX] figure_2.jpg -> classified as: Plots / Charts
[RauUgiw7VX] figure_11.jpg -> classified as: Qualitative Examples
[RauUgiw7VX] figure_7.jpg -> classified as: Qualitative Examples
[RauUgiw7VX] figure_3.jpg -> classified as: Architecture Diagram
[RauUgiw7VX] figure_4.jpg -> classified as: Plots / Charts
[RauUgiw7VX] figure_1.jpg -> classified as: Qualitative Examples
[RauUgiw7VX] figure_8.jpg -> classified as: Qualitative Examples
[RauUgiw7VX] figure_12.jpg -> classified as: Qualitative Examples
[RauUgiw7VX] figure_10.jpg -> classified as: Qualitative Examples
[RavSZTIe2s] figure_19.jpg -> classified as: Qualitative Examples
[RavSZTIe2s] figure_5.jpg -> classified as: Architecture Diagram
[RavSZTIe2s] figure_6.jpg -> classified as: Qualitative Examples
[RavSZTIe2s] figure_9.jpg -> classified as: Qualitative Examples
[RavSZTIe2s] figure_18.jpg -> classified as: Qualitative Examples
[RavSZTIe2s] figure_13.jpg -> classified as: Qualitative Examples
[RavSZTIe2s] figure_15.jpg -> classified as: Qualitative Examples
[RavSZTIe2s] figure_20.jpg -> classified as: Qualitative Examples
[RavSZTIe2s] figure_7.jpg -> classified as: Qualitative Examples
[RavSZTIe2s] figure_3.jpg -> classified as: Other
  -> Skipping second pass (Other)
[RavSZTIe2s] figure_4.jpg -> classified as: Architecture Diagram
[RavSZTIe2s] figure_17.jpg -> classified as: Qualitative Examples
[RavSZTIe2s] figure_1.jpg -> classified as: Qualitative Examples
[RavSZTIe2s] figure_8.jpg -> classified as: Qualitative Examples
[RavSZTIe2s] figure_12.jpg -> classified as: Qualitative Examples
[RavSZTIe2s] figure_14.jpg -> classified as: Qualitative Examples
[RavSZTIe2s] figure_16.jpg -> classified as: Qualitative Examples
[RavSZTIe2s] figure_10.jpg -> classified as: Qualitative Examples
[Rc7dAwVL3v] figure_2.jpg -> classified as: Architecture Diagram
[Rc7dAwVL3v] figure_3.jpg -> classified as: Architecture Diagram
[Rc7dAwVL3v] figure_4.jpg -> classified as: Architecture Diagram
[Rc7dAwVL3v] figure_1.jpg -> classified as: Architecture Diagram
[RcANissyP4] figure_5.jpg -> classified as: Plots / Charts
[RcANissyP4] figure_6.jpg -> classified as: Qualitative Examples
[RcANissyP4] figure_2.jpg -> classified as: Plots / Charts
[RcANissyP4] figure_3.jpg -> classified as: Qualitative Examples
[RcANissyP4] figure_4.jpg -> classified as: Plots / Charts
[RcANissyP4] figure_1.jpg -> classified as: Architecture Diagram
[RcmJ9NpqeA] figure_1.jpg -> classified as: Architecture Diagram
[Rd4pGjTcTj] figure_5.jpg -> classified as: Plots / Charts
[Rd4pGjTcTj] figure_2.jpg -> classified as: Qualitative Examples
[Rd4pGjTcTj] figure_3.jpg -> classified as: Plots / Charts
[Rd4pGjTcTj] figure_4.jpg -> classified as: Plots / Charts
[Rd4pGjTcTj] figure_1.jpg -> classified as: Qualitative Examples
[RfCGvKBmMq] figure_1.jpg -> classified as: Architecture Diagram
[RgE1qiO2ek] figure_2.jpg -> classified as: Plots / Charts
[RgE1qiO2ek] figure_3.jpg -> classified as: Architecture Diagram
[RgE1qiO2ek] figure_4.jpg -> classified as: Plots / Charts
[RgE1qiO2ek] figure_1.jpg -> classified as: Architecture Diagram
[RhkI1cba7n] figure_5.jpg -> classified as: Architecture Diagram
[RhkI1cba7n] figure_6.jpg -> classified as: Qualitative Examples
[RhkI1cba7n] figure_9.jpg -> classified as: Qualitative Examples
[RhkI1cba7n] figure_2.jpg -> classified as: Plots / Charts
[RhkI1cba7n] figure_11.jpg -> classified as: Qualitative Examples
[RhkI1cba7n] figure_7.jpg -> classified as: Qualitative Examples
[RhkI1cba7n] figure_4.jpg -> classified as: Architecture Diagram
[RhkI1cba7n] figure_1.jpg -> classified as: Plots / Charts
[RhkI1cba7n] figure_8.jpg -> classified as: Qualitative Examples
[RhkI1cba7n] figure_12.jpg -> classified as: Qualitative Examples
[RhkI1cba7n] figure_10.jpg -> classified as: Qualitative Examples
[RiDtvlNiqp] figure_5.jpg -> classified as: Plots / Charts
[RiDtvlNiqp] figure_6.jpg -> classified as: Plots / Charts
[RiDtvlNiqp] figure_2.jpg -> classified as: Plots / Charts
[RiDtvlNiqp] figure_7.jpg -> classified as: Plots / Charts
[RiDtvlNiqp] figure_3.jpg -> classified as: Plots / Charts
[RiDtvlNiqp] figure_4.jpg -> classified as: Plots / Charts
[RiDtvlNiqp] figure_1.jpg -> classified as: Plots / Charts
[RiDtvlNiqp] figure_8.jpg -> classified as: Plots / Charts
[RiS2cxpENN] figure_5.jpg -> classified as: Plots / Charts
[RiS2cxpENN] figure_6.jpg -> classified as: Qualitative Examples
[RiS2cxpENN] figure_9.jpg -> classified as: Qualitative Examples
[RiS2cxpENN] figure_13.jpg -> classified as: Qualitative Examples
[RiS2cxpENN] figure_11.jpg -> classified as: Plots / Charts
[RiS2cxpENN] figure_7.jpg -> classified as: Qualitative Examples
[RiS2cxpENN] figure_3.jpg -> classified as: Plots / Charts
[RiS2cxpENN] figure_4.jpg -> classified as: Plots / Charts
[RiS2cxpENN] figure_1.jpg -> classified as: Qualitative Examples
[RiS2cxpENN] figure_8.jpg -> classified as: Plots / Charts
[RiS2cxpENN] figure_12.jpg -> classified as: Qualitative Examples
[RiS2cxpENN] figure_10.jpg -> classified as: Qualitative Examples
[RjwWClPZtV] figure_5.jpg -> classified as: Qualitative Examples
[RjwWClPZtV] figure_6.jpg -> classified as: Other
  -> Skipping second pass (Other)
[RjwWClPZtV] figure_9.jpg -> classified as: Qualitative Examples
[RjwWClPZtV] figure_2.jpg -> classified as: Plots / Charts
[RjwWClPZtV] figure_11.jpg -> classified as: Other
  -> Skipping second pass (Other)
[RjwWClPZtV] figure_7.jpg -> classified as: Qualitative Examples
[RjwWClPZtV] figure_3.jpg -> classified as: Plots / Charts
[RjwWClPZtV] figure_4.jpg -> classified as: Plots / Charts
[RjwWClPZtV] figure_1.jpg -> classified as: Qualitative Examples
[RjwWClPZtV] figure_8.jpg -> classified as: Plots / Charts
[RjwWClPZtV] figure_12.jpg -> classified as: Qualitative Examples
[RjwWClPZtV] figure_10.jpg -> classified as: Qualitative Examples
[RlcWvyf5rm] figure_2.jpg -> classified as: Architecture Diagram
[RlcWvyf5rm] figure_3.jpg -> classified as: Architecture Diagram
[RlcWvyf5rm] figure_4.jpg -> classified as: Architecture Diagram
[RlcWvyf5rm] figure_1.jpg -> classified as: Architecture Diagram
[RmmrHEH6Nx] figure_2.jpg -> classified as: Architecture Diagram
[RmmrHEH6Nx] figure_3.jpg -> classified as: Qualitative Examples
[RmmrHEH6Nx] figure_4.jpg -> classified as: Plots / Charts
[RmmrHEH6Nx] figure_1.jpg -> classified as: Plots / Charts
[Rn3qJGOitY] figure_2.jpg -> classified as: Architecture Diagram
[Rn3qJGOitY] figure_3.jpg -> classified as: Architecture Diagram
[Rn3qJGOitY] figure_4.jpg -> classified as: Plots / Charts
[Rn3qJGOitY] figure_1.jpg -> classified as: Architecture Diagram
[RoN6NnHjn4] figure_5.jpg -> classified as: Plots / Charts
[RoN6NnHjn4] figure_2.jpg -> classified as: Architecture Diagram
[RoN6NnHjn4] figure_3.jpg -> classified as: Qualitative Examples
[RoN6NnHjn4] figure_4.jpg -> classified as: Qualitative Examples
[RoN6NnHjn4] figure_1.jpg -> classified as: Qualitative Examples
[RomiC05ApM] figure_5.jpg -> classified as: Qualitative Examples
[RomiC05ApM] figure_6.jpg -> classified as: Qualitative Examples
[RomiC05ApM] figure_2.jpg -> classified as: Plots / Charts
[RomiC05ApM] figure_3.jpg -> classified as: Qualitative Examples
[RomiC05ApM] figure_4.jpg -> classified as: Qualitative Examples
[RomiC05ApM] figure_1.jpg -> classified as: Architecture Diagram
[RqJ0px8osW] figure_5.jpg -> classified as: Architecture Diagram
[RqJ0px8osW] figure_6.jpg -> classified as: Qualitative Examples
[RqJ0px8osW] figure_2.jpg -> classified as: Qualitative Examples
[RqJ0px8osW] figure_7.jpg -> classified as: Qualitative Examples
[RqJ0px8osW] figure_3.jpg -> classified as: Qualitative Examples
[RqJ0px8osW] figure_4.jpg -> classified as: Qualitative Examples
[RqJ0px8osW] figure_1.jpg -> classified as: Qualitative Examples
API Error (Attempt 1/6): Error code: 400 - {'error': {'message': 'Input data may contain inappropriate content. For details, see: https://www.alibabacloud.com/help/en/model-studio/error-code#inappropriate-content', 'type': 'data_inspection_failed', 'param': None, 'code': 'data_inspection_failed'}, 'id': 'chatcmpl-430d2c68-133b-9a7d-a18a-9239362965d9', 'request_id': '430d2c68-133b-9a7d-a18a-9239362965d9'}
Waiting 3.40s before retry...
API Error (Attempt 2/6): Error code: 400 - {'error': {'message': 'Input data may contain inappropriate content. For details, see: https://www.alibabacloud.com/help/en/model-studio/error-code#inappropriate-content', 'type': 'data_inspection_failed', 'param': None, 'code': 'data_inspection_failed'}, 'id': 'chatcmpl-19817ab8-97d9-9ffd-a19b-516d967e1f96', 'request_id': '19817ab8-97d9-9ffd-a19b-516d967e1f96'}
Waiting 5.79s before retry...
API Error (Attempt 3/6): Error code: 400 - {'error': {'message': 'Input data may contain inappropriate content. For details, see: https://www.alibabacloud.com/help/en/model-studio/error-code#inappropriate-content', 'type': 'data_inspection_failed', 'param': None, 'code': 'data_inspection_failed'}, 'id': 'chatcmpl-f9e607ec-2b0f-96fb-91fa-387248065b96', 'request_id': 'f9e607ec-2b0f-96fb-91fa-387248065b96'}
Waiting 9.19s before retry...
API Error (Attempt 4/6): Error code: 400 - {'error': {'message': 'Input data may contain inappropriate content. For details, see: https://www.alibabacloud.com/help/en/model-studio/error-code#inappropriate-content', 'type': 'data_inspection_failed', 'param': None, 'code': 'data_inspection_failed'}, 'id': 'chatcmpl-b5e93fe9-d823-9f29-b17c-d71a5c7d9a90', 'request_id': 'b5e93fe9-d823-9f29-b17c-d71a5c7d9a90'}
Waiting 18.46s before retry...
API Error (Attempt 5/6): Error code: 400 - {'error': {'message': 'Input data may contain inappropriate content. For details, see: https://www.alibabacloud.com/help/en/model-studio/error-code#inappropriate-content', 'type': 'data_inspection_failed', 'param': None, 'code': 'data_inspection_failed'}, 'id': 'chatcmpl-891588a0-c178-9fe7-a9c0-d2477021b5a1', 'request_id': '891588a0-c178-9fe7-a9c0-d2477021b5a1'}
Waiting 33.49s before retry...
API Failed after 6 attempts: Error code: 400 - {'error': {'message': 'Input data may contain inappropriate content. For details, see: https://www.alibabacloud.com/help/en/model-studio/error-code#inappropriate-content', 'type': 'data_inspection_failed', 'param': None, 'code': 'data_inspection_failed'}, 'id': 'chatcmpl-c03bb683-5bbf-9889-973f-d38721e6f82c', 'request_id': 'c03bb683-5bbf-9889-973f-d38721e6f82c'}
Error processing /ceph/hpc/home/euweihez/topcon/d2025d08-005-users/data_src/balanced/balanced_cv/cv/balanced_cv/RqUMWdDg52/figures/figure_5.jpg: Error code: 400 - {'error': {'message': 'Input data may contain inappropriate content. For details, see: https://www.alibabacloud.com/help/en/model-studio/error-code#inappropriate-content', 'type': 'data_inspection_failed', 'param': None, 'code': 'data_inspection_failed'}, 'id': 'chatcmpl-c03bb683-5bbf-9889-973f-d38721e6f82c', 'request_id': 'c03bb683-5bbf-9889-973f-d38721e6f82c'}
[RqUMWdDg52] figure_6.jpg -> classified as: Plots / Charts
[RqUMWdDg52] figure_2.jpg -> classified as: Architecture Diagram
[RqUMWdDg52] figure_7.jpg -> classified as: Plots / Charts
[RqUMWdDg52] figure_3.jpg -> classified as: Plots / Charts
[RqUMWdDg52] figure_4.jpg -> classified as: Plots / Charts
[RqUMWdDg52] figure_1.jpg -> classified as: Architecture Diagram
[Rs8fLyaOer] figure_5.jpg -> classified as: Plots / Charts
[Rs8fLyaOer] figure_6.jpg -> classified as: Plots / Charts
[Rs8fLyaOer] figure_9.jpg -> classified as: Qualitative Examples
[Rs8fLyaOer] figure_2.jpg -> classified as: Plots / Charts
[Rs8fLyaOer] figure_(a)_PLLaVA_generates.jpg -> classified as: Qualitative Examples
[Rs8fLyaOer] figure_7.jpg -> classified as: Plots / Charts
[Rs8fLyaOer] figure_3.jpg -> classified as: Plots / Charts
[Rs8fLyaOer] figure_4.jpg -> classified as: Architecture Diagram
[Rs8fLyaOer] figure_(b)_Peformance_on.jpg -> classified as: Plots / Charts
[Rs8fLyaOer] figure_1.jpg -> classified as: Plots / Charts
[Rs8fLyaOer] figure_8.jpg -> classified as: Qualitative Examples
[RsmIgTLt9e] figure_5.jpg -> classified as: Qualitative Examples
[RsmIgTLt9e] figure_2.jpg -> classified as: Architecture Diagram
[RsmIgTLt9e] figure_3.jpg -> classified as: Qualitative Examples
[RsmIgTLt9e] figure_4.jpg -> classified as: Architecture Diagram
[RsmIgTLt9e] figure_1.jpg -> classified as: Qualitative Examples
[RtAct1E2zS] figure_2.jpg -> classified as: Plots / Charts
[RtAct1E2zS] figure_3.jpg -> classified as: Plots / Charts
[RtAct1E2zS] figure_4.jpg -> classified as: Plots / Charts
[RtAct1E2zS] figure_1.jpg -> classified as: Architecture Diagram
[Rtw2xd4ZdK] figure_5.jpg -> classified as: Plots / Charts
[Rtw2xd4ZdK] figure_6.jpg -> classified as: Plots / Charts
[Rtw2xd4ZdK] figure_9.jpg -> classified as: Plots / Charts
[Rtw2xd4ZdK] figure_2.jpg -> classified as: Architecture Diagram
[Rtw2xd4ZdK] figure_7.jpg -> classified as: Qualitative Examples
[Rtw2xd4ZdK] figure_3.jpg -> classified as: Architecture Diagram
[Rtw2xd4ZdK] figure_4.jpg -> classified as: Qualitative Examples
[Rtw2xd4ZdK] figure_1.jpg -> classified as: Architecture Diagram
[Rtw2xd4ZdK] figure_8.jpg -> classified as: Qualitative Examples
[RuP17cJtZo] figure_5.jpg -> classified as: Plots / Charts
[RuP17cJtZo] figure_6.jpg -> classified as: Qualitative Examples
[RuP17cJtZo] figure_9.jpg -> classified as: Plots / Charts
[RuP17cJtZo] figure_2.jpg -> classified as: Plots / Charts
[RuP17cJtZo] figure_7.jpg -> classified as: Plots / Charts
[RuP17cJtZo] figure_3.jpg -> classified as: Qualitative Examples
[RuP17cJtZo] figure_4.jpg -> classified as: Qualitative Examples
[RuP17cJtZo] figure_1.jpg -> classified as: Architecture Diagram
[RuP17cJtZo] figure_8.jpg -> classified as: Plots / Charts
[RuP17cJtZo] figure_10.jpg -> classified as: Plots / Charts
[Rwj3i0xJiU] figure_5.jpg -> classified as: Qualitative Examples
[Rwj3i0xJiU] figure_2.jpg -> classified as: Qualitative Examples
[Rwj3i0xJiU] figure_4.jpg -> classified as: Qualitative Examples
[Rwj3i0xJiU] figure_1.jpg -> classified as: Architecture Diagram
[S1RKWSyZ2Y] figure_5.jpg -> classified as: Plots / Charts
[S1RKWSyZ2Y] figure_6.jpg -> classified as: Plots / Charts
[S1RKWSyZ2Y] figure_2.jpg -> classified as: Architecture Diagram
[S1RKWSyZ2Y] figure_7.jpg -> classified as: Qualitative Examples
[S1RKWSyZ2Y] figure_3.jpg -> classified as: Plots / Charts
[S1RKWSyZ2Y] figure_4.jpg -> classified as: Plots / Charts
[S1RKWSyZ2Y] figure_1.jpg -> classified as: Qualitative Examples
[S1RKWSyZ2Y] figure_8.jpg -> classified as: Qualitative Examples
[S3x7IcbwY8] figure_5.jpg -> classified as: Plots / Charts
[S3x7IcbwY8] figure_2.jpg -> classified as: Qualitative Examples
[S3x7IcbwY8] figure_3.jpg -> classified as: Architecture Diagram
[S3x7IcbwY8] figure_1.jpg -> classified as: Architecture Diagram
[S5EqslEHnz] figure_5.jpg -> classified as: Plots / Charts
[S5EqslEHnz] figure_6.jpg -> classified as: Plots / Charts
[S5EqslEHnz] figure_9.jpg -> classified as: Plots / Charts
[S5EqslEHnz] figure_13.jpg -> classified as: Qualitative Examples
[S5EqslEHnz] figure_2.jpg -> classified as: Plots / Charts
[S5EqslEHnz] figure_11.jpg -> classified as: Qualitative Examples
[S5EqslEHnz] figure_7.jpg -> classified as: Plots / Charts
[S5EqslEHnz] figure_3.jpg -> classified as: Plots / Charts
[S5EqslEHnz] figure_4.jpg -> classified as: Qualitative Examples
[S5EqslEHnz] figure_1.jpg -> classified as: Other
  -> Skipping second pass (Other)
[S5EqslEHnz] figure_8.jpg -> classified as: Plots / Charts
[S5EqslEHnz] figure_12.jpg -> classified as: Qualitative Examples
[S5EqslEHnz] figure_10.jpg -> classified as: Plots / Charts
[S7F7IMGX4O] figure_Waves_crash_onto.jpg -> classified as: Qualitative Examples
[S7F7IMGX4O] figure_5.jpg -> classified as: Architecture Diagram
[S7F7IMGX4O] figure_6.jpg -> classified as: Architecture Diagram
[S7F7IMGX4O] figure_SVD-1.1_Extend_Video.jpg -> classified as: Qualitative Examples
[S7F7IMGX4O] figure_9.jpg -> classified as: Qualitative Examples
[S7F7IMGX4O] figure_13.jpg -> classified as: Qualitative Examples
[S7F7IMGX4O] figure_15.jpg -> classified as: Qualitative Examples
[S7F7IMGX4O] figure_11.jpg -> classified as: Qualitative Examples
[S7F7IMGX4O] figure_7.jpg -> classified as: Plots / Charts
[S7F7IMGX4O] figure_3.jpg -> classified as: Plots / Charts
[S7F7IMGX4O] figure_4.jpg -> classified as: Plots / Charts
[S7F7IMGX4O] figure_1.jpg -> classified as: Architecture Diagram
[S7F7IMGX4O] figure_8.jpg -> classified as: Plots / Charts
[S7F7IMGX4O] figure_14.jpg -> classified as: Qualitative Examples
[S7F7IMGX4O] figure_A_serene_sunrise.jpg -> classified as: Qualitative Examples
[S7F7IMGX4O] figure_16.jpg -> classified as: Qualitative Examples
[S7F7IMGX4O] figure_10.jpg -> classified as: Qualitative Examples
[S7M1iqFLVm] figure_5.jpg -> classified as: Plots / Charts
[S7M1iqFLVm] figure_6.jpg -> classified as: Other
  -> Skipping second pass (Other)
[S7M1iqFLVm] figure_2.jpg -> classified as: Architecture Diagram
[S7M1iqFLVm] figure_7.jpg -> classified as: Plots / Charts
[S7M1iqFLVm] figure_3.jpg -> classified as: Architecture Diagram
[S7M1iqFLVm] figure_4.jpg -> classified as: Architecture Diagram
[S7M1iqFLVm] figure_1.jpg -> classified as: Qualitative Examples
[S7M1iqFLVm] figure_8.jpg -> classified as: Plots / Charts
[S7M1iqFLVm] figure_10.jpg -> classified as: Plots / Charts
[S7T0slMrTD] figure_5.jpg -> classified as: Plots / Charts
[S7T0slMrTD] figure_6.jpg -> classified as: Plots / Charts
[S7T0slMrTD] figure_2.jpg -> classified as: Qualitative Examples
[S7T0slMrTD] figure_7.jpg -> classified as: Plots / Charts
[S7T0slMrTD] figure_3.jpg -> classified as: Plots / Charts
[S7T0slMrTD] figure_4.jpg -> classified as: Plots / Charts
[S7T0slMrTD] figure_1.jpg -> classified as: Qualitative Examples
[S7cWJkWqOi] figure_5.jpg -> classified as: Plots / Charts
[S7cWJkWqOi] figure_6.jpg -> classified as: Plots / Charts
[S7cWJkWqOi] figure_9.jpg -> classified as: Qualitative Examples
[S7cWJkWqOi] figure_13.jpg -> classified as: Plots / Charts
[S7cWJkWqOi] figure_15.jpg -> classified as: Plots / Charts
[S7cWJkWqOi] figure_2.jpg -> classified as: Architecture Diagram
[S7cWJkWqOi] figure_11.jpg -> classified as: Plots / Charts
[S7cWJkWqOi] figure_7.jpg -> classified as: Qualitative Examples
[S7cWJkWqOi] figure_3.jpg -> classified as: Architecture Diagram
[S7cWJkWqOi] figure_4.jpg -> classified as: Qualitative Examples
[S7cWJkWqOi] figure_1.jpg -> classified as: Qualitative Examples
[S7cWJkWqOi] figure_8.jpg -> classified as: Qualitative Examples
[S7cWJkWqOi] figure_12.jpg -> classified as: Architecture Diagram
[S7cWJkWqOi] figure_14.jpg -> classified as: Architecture Diagram
[S7cWJkWqOi] figure_10.jpg -> classified as: Qualitative Examples
[S7fuHAL89C] figure_2.jpg -> classified as: Plots / Charts
[S7fuHAL89C] figure_3.jpg -> classified as: Plots / Charts
[S7fuHAL89C] figure_4.jpg -> classified as: Plots / Charts
[S7fuHAL89C] figure_1.jpg -> classified as: Plots / Charts
[S85PP4xjFD] figure_5.jpg -> classified as: Plots / Charts
[S85PP4xjFD] figure_6.jpg -> classified as: Qualitative Examples
[S85PP4xjFD] figure_9.jpg -> classified as: Other
  -> Skipping second pass (Other)
[S85PP4xjFD] figure_13.jpg -> classified as: Qualitative Examples
[S85PP4xjFD] figure_15.jpg -> classified as: Qualitative Examples
[S85PP4xjFD] figure_2.jpg -> classified as: Other
  -> Skipping second pass (Other)
[S85PP4xjFD] figure_11.jpg -> classified as: Qualitative Examples
[S85PP4xjFD] figure_7.jpg -> classified as: Plots / Charts
[S85PP4xjFD] figure_4.jpg -> classified as: Plots / Charts
[S85PP4xjFD] figure_More_complex,_more.jpg -> classified as: Qualitative Examples
[S85PP4xjFD] figure_1.jpg -> classified as: Qualitative Examples
[S85PP4xjFD] figure_12.jpg -> classified as: Qualitative Examples
[S85PP4xjFD] figure_10.jpg -> classified as: Other
  -> Skipping second pass (Other)
[SBZiZFp560] figure_2.jpg -> classified as: Architecture Diagram
[SBZiZFp560] figure_3.jpg -> classified as: Plots / Charts
[SBZiZFp560] figure_4.jpg -> classified as: Plots / Charts
[SBZiZFp560] figure_1.jpg -> classified as: Plots / Charts
[SBzIbJojs8] figure_2.jpg -> classified as: Architecture Diagram
[SBzIbJojs8] figure_3.jpg -> classified as: Qualitative Examples
[SBzIbJojs8] figure_4.jpg -> classified as: Qualitative Examples
[SBzIbJojs8] figure_1.jpg -> classified as: Qualitative Examples
[SEiuSzlD1d] figure_5.jpg -> classified as: Qualitative Examples
[SEiuSzlD1d] figure_6.jpg -> classified as: Qualitative Examples
[SEiuSzlD1d] figure_9.jpg -> classified as: Architecture Diagram
[SEiuSzlD1d] figure_13.jpg -> classified as: Qualitative Examples
[SEiuSzlD1d] figure_15.jpg -> classified as: Qualitative Examples
[SEiuSzlD1d] figure_2.jpg -> classified as: Architecture Diagram
[SEiuSzlD1d] figure_11.jpg -> classified as: Qualitative Examples
[SEiuSzlD1d] figure_7.jpg -> classified as: Architecture Diagram
[SEiuSzlD1d] figure_3.jpg -> classified as: Qualitative Examples
[SEiuSzlD1d] figure_4.jpg -> classified as: Qualitative Examples
[SEiuSzlD1d] figure_1.jpg -> classified as: Architecture Diagram
[SEiuSzlD1d] figure_8.jpg -> classified as: Architecture Diagram
[SEiuSzlD1d] figure_12.jpg -> classified as: Qualitative Examples
[SEiuSzlD1d] figure_14.jpg -> classified as: Qualitative Examples
[SEiuSzlD1d] figure_10.jpg -> classified as: Qualitative Examples
[SFN6Wm7YBI] figure_5.jpg -> classified as: Plots / Charts
[SFN6Wm7YBI] figure_2.jpg -> classified as: Architecture Diagram
[SFN6Wm7YBI] figure_3.jpg -> classified as: Architecture Diagram
[SFN6Wm7YBI] figure_4.jpg -> classified as: Architecture Diagram
[SFN6Wm7YBI] figure_1.jpg -> classified as: Architecture Diagram
[SGQ9aDvObu] figure_5.jpg -> classified as: Plots / Charts
[SGQ9aDvObu] figure_6.jpg -> classified as: Plots / Charts
[SGQ9aDvObu] figure_2.jpg -> classified as: Qualitative Examples
[SGQ9aDvObu] figure_3.jpg -> classified as: Plots / Charts
[SGQ9aDvObu] figure_4.jpg -> classified as: Plots / Charts
[SGQ9aDvObu] figure_1.jpg -> classified as: Qualitative Examples
[SI2hI0frk6] figure_A_sign_that.jpg -> classified as: Teaser Image
[SI2hI0frk6] figure_Downtown_Seattle_at.jpg -> classified as: Other
  -> Skipping second pass (Other)
[SI2hI0frk6] figure_A_corgi..jpg -> classified as: Other
  -> Skipping second pass (Other)
[SI2hI0frk6] figure_5.jpg -> classified as: Plots / Charts
[SI2hI0frk6] figure_6.jpg -> classified as: Qualitative Examples
[SI2hI0frk6] figure_A_kangaroo_holding.jpg -> classified as: Qualitative Examples
[SI2hI0frk6] figure_A_car_made.jpg -> classified as: Qualitative Examples
[SI2hI0frk6] figure_A_woman_on.jpg -> classified as: Qualitative Examples
[SI2hI0frk6] figure_A_horse_reading.jpg -> classified as: Other
  -> Skipping second pass (Other)
[SI2hI0frk6] figure_a_yellow_wall.jpg -> classified as: Other
  -> Skipping second pass (Other)
[SI2hI0frk6] figure_A_bread,_an.jpg -> classified as: Other
  -> Skipping second pass (Other)
[SI2hI0frk6] figure_the_word_‘START’.jpg -> classified as: Teaser Image
[SI2hI0frk6] figure_2.jpg -> classified as: Qualitative Examples
[SI2hI0frk6] figure_A_chromeplated_cat.jpg -> classified as: Qualitative Examples
[SI2hI0frk6] figure_graffiti_of_a.jpg -> classified as: Other
  -> Skipping second pass (Other)
[SI2hI0frk6] figure_an_egg_and.jpg -> classified as: Other
  -> Skipping second pass (Other)
[SI2hI0frk6] figure_“Transfusion__is_written.jpg -> classified as: Other
  -> Skipping second pass (Other)
[SI2hI0frk6] figure_3.jpg -> classified as: Architecture Diagram
[SI2hI0frk6] figure_A_crab_made.jpg -> classified as: Qualitative Examples
[SI2hI0frk6] figure_4.jpg -> classified as: Plots / Charts
[SI2hI0frk6] figure_An_armchair_in.jpg -> classified as: Qualitative Examples
[SI2hI0frk6] figure_1.jpg -> classified as: Plots / Charts
[SI2hI0frk6] figure_A_light_bulb.jpg -> classified as: Other
  -> Skipping second pass (Other)
[SI2hI0frk6] figure_A_black_basketball.jpg -> classified as: Other
  -> Skipping second pass (Other)
[SI2hI0frk6] figure_A_small_blue.jpg -> classified as: Other
  -> Skipping second pass (Other)
[SI2hI0frk6] figure_human_life_depicted.jpg -> classified as: Qualitative Examples
[SI2hI0frk6] figure_10.jpg -> classified as: Qualitative Examples
[SIZWiya7FE] figure_5.jpg -> classified as: Plots / Charts
[SIZWiya7FE] figure_6.jpg -> classified as: Plots / Charts
[SIZWiya7FE] figure_2.jpg -> classified as: Architecture Diagram
[SIZWiya7FE] figure_3.jpg -> classified as: Plots / Charts
[SIZWiya7FE] figure_4.jpg -> classified as: Plots / Charts
[SIZWiya7FE] figure_1.jpg -> classified as: Plots / Charts
[SKW10XJlAI] figure_19.jpg -> classified as: Qualitative Examples
[SKW10XJlAI] figure_23.jpg -> classified as: Qualitative Examples
[SKW10XJlAI] figure_5.jpg -> classified as: Plots / Charts
[SKW10XJlAI] figure_6.jpg -> classified as: Plots / Charts
[SKW10XJlAI] figure_9.jpg -> classified as: Qualitative Examples
[SKW10XJlAI] figure_22.jpg -> classified as: Qualitative Examples
[SKW10XJlAI] figure_18.jpg -> classified as: Plots / Charts
[SKW10XJlAI] figure_13.jpg -> classified as: Qualitative Examples
[SKW10XJlAI] figure_15.jpg -> classified as: Qualitative Examples
[SKW10XJlAI] figure_2.jpg -> classified as: Other
  -> Skipping second pass (Other)
[SKW10XJlAI] figure_(d)_Phase_2_.jpg -> classified as: Plots / Charts
[SKW10XJlAI] figure_20.jpg -> classified as: Qualitative Examples
[SKW10XJlAI] figure_11.jpg -> classified as: Qualitative Examples
[SKW10XJlAI] figure_7.jpg -> classified as: Plots / Charts
[SKW10XJlAI] figure_(c)_Phase_1_.jpg -> classified as: Plots / Charts
[SKW10XJlAI] figure_3.jpg -> classified as: Plots / Charts
[SKW10XJlAI] figure_(b)_The_average.jpg -> classified as: Plots / Charts
[SKW10XJlAI] figure_4.jpg -> classified as: Plots / Charts
[SKW10XJlAI] figure_(a)_Three_stairs.jpg -> classified as: Plots / Charts
[SKW10XJlAI] figure_17.jpg -> classified as: Plots / Charts
[SKW10XJlAI] figure_1.jpg -> classified as: Qualitative Examples
[SKW10XJlAI] figure_8.jpg -> classified as: Teaser Image
[SKW10XJlAI] figure_12.jpg -> classified as: Qualitative Examples
[SKW10XJlAI] figure_25.jpg -> classified as: Plots / Charts
[SKW10XJlAI] figure_21.jpg -> classified as: Qualitative Examples
[SKW10XJlAI] figure_14.jpg -> classified as: Qualitative Examples
[SKW10XJlAI] figure_16.jpg -> classified as: Plots / Charts
[SKW10XJlAI] figure_10.jpg -> classified as: Teaser Image
[SLufnMLhbv] figure_5.jpg -> classified as: Plots / Charts
[SLufnMLhbv] figure_6.jpg -> classified as: Plots / Charts
[SLufnMLhbv] figure_2.jpg -> classified as: Qualitative Examples
[SLufnMLhbv] figure_11.jpg -> classified as: Qualitative Examples
[SLufnMLhbv] figure_7.jpg -> classified as: Plots / Charts
[SLufnMLhbv] figure_3.jpg -> classified as: Plots / Charts
[SLufnMLhbv] figure_4.jpg -> classified as: Plots / Charts
[SLufnMLhbv] figure_1.jpg -> classified as: Qualitative Examples
[SLufnMLhbv] figure_8.jpg -> classified as: Plots / Charts
[SLufnMLhbv] figure_(c)_Task_1.jpg -> classified as: Plots / Charts
[SLufnMLhbv] figure_(b)_Task_1.jpg -> classified as: Plots / Charts
[SLufnMLhbv] figure_10.jpg -> classified as: Qualitative Examples
[SM1guXel3E] figure_5.jpg -> classified as: Plots / Charts
[SM1guXel3E] figure_A1.jpg -> classified as: Architecture Diagram
[SM1guXel3E] figure_6.jpg -> classified as: Plots / Charts
[SM1guXel3E] figure_A2.jpg -> classified as: Plots / Charts
[SM1guXel3E] figure_2.jpg -> classified as: Qualitative Examples
[SM1guXel3E] figure_7.jpg -> classified as: Qualitative Examples
[SM1guXel3E] figure_3.jpg -> classified as: Architecture Diagram
[SM1guXel3E] figure_4.jpg -> classified as: Plots / Charts
[SM1guXel3E] figure_1.jpg -> classified as: Plots / Charts
[SM1guXel3E] figure_A4.jpg -> classified as: Plots / Charts
[SM1guXel3E] figure_A3.jpg -> classified as: Plots / Charts
[SMYEApLhyx] figure_19.jpg -> classified as: Plots / Charts
[SMYEApLhyx] figure_5.jpg -> classified as: Plots / Charts
[SMYEApLhyx] figure_6.jpg -> classified as: Qualitative Examples
[SMYEApLhyx] figure_9.jpg -> classified as: Qualitative Examples
[SMYEApLhyx] figure_22.jpg -> classified as: Qualitative Examples
[SMYEApLhyx] figure_18.jpg -> classified as: Qualitative Examples
[SMYEApLhyx] figure_13.jpg -> classified as: Other
  -> Skipping second pass (Other)
[SMYEApLhyx] figure_15.jpg -> classified as: Plots / Charts
[SMYEApLhyx] figure_2.jpg -> classified as: Plots / Charts
[SMYEApLhyx] figure_20.jpg -> classified as: Qualitative Examples
[SMYEApLhyx] figure_11.jpg -> classified as: Architecture Diagram
[SMYEApLhyx] figure_7.jpg -> classified as: Plots / Charts
[SMYEApLhyx] figure_3.jpg -> classified as: Qualitative Examples
[SMYEApLhyx] figure_4.jpg -> classified as: Plots / Charts
[SMYEApLhyx] figure_17.jpg -> classified as: Plots / Charts
[SMYEApLhyx] figure_1.jpg -> classified as: Plots / Charts
[SMYEApLhyx] figure_8.jpg -> classified as: Plots / Charts
[SMYEApLhyx] figure_12.jpg -> classified as: Plots / Charts
[SMYEApLhyx] figure_21.jpg -> classified as: Plots / Charts
[SMYEApLhyx] figure_14.jpg -> classified as: Qualitative Examples
[SMYEApLhyx] figure_16.jpg -> classified as: Plots / Charts
[SMYEApLhyx] figure_10.jpg -> classified as: Plots / Charts
[SMZqIOSdlN] figure_5.jpg -> classified as: Plots / Charts
[SMZqIOSdlN] figure_6.jpg -> classified as: Plots / Charts
[SMZqIOSdlN] figure_2.jpg -> classified as: Architecture Diagram
[SMZqIOSdlN] figure_7.jpg -> classified as: Plots / Charts
[SMZqIOSdlN] figure_3.jpg -> classified as: Plots / Charts
[SMZqIOSdlN] figure_4.jpg -> classified as: Plots / Charts
[SMZqIOSdlN] figure_1.jpg -> classified as: Qualitative Examples
[SMlVEeoSyI] figure_5.jpg -> classified as: Qualitative Examples
[SMlVEeoSyI] figure_2.jpg -> classified as: Architecture Diagram
[SMlVEeoSyI] figure_3.jpg -> classified as: Plots / Charts
[SMlVEeoSyI] figure_4.jpg -> classified as: Plots / Charts
[SMlVEeoSyI] figure_1.jpg -> classified as: Plots / Charts
[SN3iwsAp0n] figure_5.jpg -> classified as: Plots / Charts
[SN3iwsAp0n] figure_6.jpg -> classified as: Plots / Charts
[SN3iwsAp0n] figure_9.jpg -> classified as: Qualitative Examples
[SN3iwsAp0n] figure_2.jpg -> classified as: Plots / Charts
[SN3iwsAp0n] figure_7.jpg -> classified as: Qualitative Examples
[SN3iwsAp0n] figure_3.jpg -> classified as: Plots / Charts
[SN3iwsAp0n] figure_4.jpg -> classified as: Plots / Charts
[SN3iwsAp0n] figure_1.jpg -> classified as: Plots / Charts
[SN3iwsAp0n] figure_8.jpg -> classified as: Plots / Charts
[SN3iwsAp0n] figure_10.jpg -> classified as: Qualitative Examples
[SQrHpTllXa] figure_(b)_Histogram_plot.jpg -> classified as: Plots / Charts
[SQrHpTllXa] figure_5.jpg -> classified as: Plots / Charts
[SQrHpTllXa] figure_6.jpg -> classified as: Plots / Charts
[SQrHpTllXa] figure_2.jpg -> classified as: Architecture Diagram
[SQrHpTllXa] figure_3.jpg -> classified as: Plots / Charts
[SQrHpTllXa] figure_4.jpg -> classified as: Plots / Charts
[SQrHpTllXa] figure_(a)_Histogram_plot.jpg -> classified as: Plots / Charts
[SQrHpTllXa] figure_(d)_Histogram_plot.jpg -> classified as: Plots / Charts
[SQrHpTllXa] figure_1.jpg -> classified as: Qualitative Examples
[SSE9myD9SG] figure_19.jpg -> classified as: Qualitative Examples
[SSE9myD9SG] figure_5.jpg -> classified as: Qualitative Examples
[SSE9myD9SG] figure_6.jpg -> classified as: Qualitative Examples
[SSE9myD9SG] figure_9.jpg -> classified as: Other
  -> Skipping second pass (Other)
[SSE9myD9SG] figure_18.jpg -> classified as: Qualitative Examples
[SSE9myD9SG] figure_2.jpg -> classified as: Architecture Diagram
[SSE9myD9SG] figure_11.jpg -> classified as: Qualitative Examples
[SSE9myD9SG] figure_7.jpg -> classified as: Qualitative Examples
[SSE9myD9SG] figure_3.jpg -> classified as: Qualitative Examples
[SSE9myD9SG] figure_4.jpg -> classified as: Qualitative Examples
[SSE9myD9SG] figure_17.jpg -> classified as: Qualitative Examples
[SSE9myD9SG] figure_1.jpg -> classified as: Architecture Diagram
[SSE9myD9SG] figure_8.jpg -> classified as: Qualitative Examples
[SSE9myD9SG] figure_16.jpg -> classified as: Qualitative Examples
[SSE9myD9SG] figure_10.jpg -> classified as: Qualitative Examples
[SSItGuNLD2] figure_5.jpg -> classified as: Plots / Charts
[SSItGuNLD2] figure_6.jpg -> classified as: Plots / Charts
[SSItGuNLD2] figure_9.jpg -> classified as: Architecture Diagram
[SSItGuNLD2] figure_2.jpg -> classified as: Architecture Diagram
[SSItGuNLD2] figure_7.jpg -> classified as: Plots / Charts
[SSItGuNLD2] figure_3.jpg -> classified as: Plots / Charts
[SSItGuNLD2] figure_4.jpg -> classified as: Plots / Charts
[SSItGuNLD2] figure_1.jpg -> classified as: Architecture Diagram
[SSItGuNLD2] figure_8.jpg -> classified as: Plots / Charts
[SSItGuNLD2] figure_10.jpg -> classified as: Plots / Charts
[SSslAtcPB6] figure_5.jpg -> classified as: Qualitative Examples
[SSslAtcPB6] figure_6.jpg -> classified as: Qualitative Examples
[SSslAtcPB6] figure_9.jpg -> classified as: Qualitative Examples
[SSslAtcPB6] figure_13.jpg -> classified as: Qualitative Examples
[SSslAtcPB6] figure_15.jpg -> classified as: Qualitative Examples
[SSslAtcPB6] figure_2.jpg -> classified as: Qualitative Examples
[SSslAtcPB6] figure_11.jpg -> classified as: Qualitative Examples
[SSslAtcPB6] figure_7.jpg -> classified as: Qualitative Examples
[SSslAtcPB6] figure_3.jpg -> classified as: Qualitative Examples
[SSslAtcPB6] figure_4.jpg -> classified as: Architecture Diagram
[SSslAtcPB6] figure_17.jpg -> classified as: Qualitative Examples
[SSslAtcPB6] figure_1.jpg -> classified as: Qualitative Examples
[SSslAtcPB6] figure_8.jpg -> classified as: Qualitative Examples
[SSslAtcPB6] figure_12.jpg -> classified as: Qualitative Examples
[SSslAtcPB6] figure_14.jpg -> classified as: Qualitative Examples
[SSslAtcPB6] figure_16.jpg -> classified as: Qualitative Examples
[SSslAtcPB6] figure_10.jpg -> classified as: Qualitative Examples
[SU3lZ8jrRD] figure_5.jpg -> classified as: Plots / Charts
[SU3lZ8jrRD] figure_2.jpg -> classified as: Architecture Diagram
[SU3lZ8jrRD] figure_3.jpg -> classified as: Qualitative Examples
[SU3lZ8jrRD] figure_4.jpg -> classified as: Plots / Charts
[SU3lZ8jrRD] figure_1.jpg -> classified as: Plots / Charts
[SVta2eQNt3] figure_A.jpg -> classified as: Qualitative Examples
[SVta2eQNt3] figure_N.jpg -> classified as: Qualitative Examples
[SVta2eQNt3] figure_O.jpg -> classified as: Qualitative Examples
[SVta2eQNt3] figure_5.jpg -> classified as: Qualitative Examples
[SVta2eQNt3] figure_6.jpg -> classified as: Qualitative Examples
[SVta2eQNt3] figure_I.jpg -> classified as: Qualitative Examples
[SVta2eQNt3] figure_H.jpg -> classified as: Qualitative Examples
[SVta2eQNt3] figure_F.jpg -> classified as: Qualitative Examples
[SVta2eQNt3] figure_K.jpg -> classified as: Qualitative Examples
[SVta2eQNt3] figure_Q.jpg -> classified as: Qualitative Examples
[SVta2eQNt3] figure_P.jpg -> classified as: Qualitative Examples
[SVta2eQNt3] figure_B.jpg -> classified as: Qualitative Examples
[SVta2eQNt3] figure_7.jpg -> classified as: Qualitative Examples
[SVta2eQNt3] figure_E.jpg -> classified as: Qualitative Examples
[SVta2eQNt3] figure_G.jpg -> classified as: Qualitative Examples
[SVta2eQNt3] figure_3.jpg -> classified as: Qualitative Examples
[SVta2eQNt3] figure_D.jpg -> classified as: Qualitative Examples
[SVta2eQNt3] figure_4.jpg -> classified as: Qualitative Examples
[SVta2eQNt3] figure_J.jpg -> classified as: Qualitative Examples
[SVta2eQNt3] figure_C.jpg -> classified as: Qualitative Examples
[SVta2eQNt3] figure_1.jpg -> classified as: Architecture Diagram
[SVta2eQNt3] figure_8.jpg -> classified as: Qualitative Examples
[SVta2eQNt3] figure_L.jpg -> classified as: Qualitative Examples
[SVta2eQNt3] figure_R.jpg -> classified as: Qualitative Examples
[SVta2eQNt3] figure_M.jpg -> classified as: Qualitative Examples
[SYBdkHcXXK] figure_5.jpg -> classified as: Architecture Diagram
[SYBdkHcXXK] figure_6.jpg -> classified as: Architecture Diagram
[SYBdkHcXXK] figure_9.jpg -> classified as: Plots / Charts
[SYBdkHcXXK] figure_13.jpg -> classified as: Qualitative Examples
[SYBdkHcXXK] figure_15.jpg -> classified as: Plots / Charts
[SYBdkHcXXK] figure_2.jpg -> classified as: Plots / Charts
[SYBdkHcXXK] figure_11.jpg -> classified as: Plots / Charts
[SYBdkHcXXK] figure_7.jpg -> classified as: Qualitative Examples
[SYBdkHcXXK] figure_3.jpg -> classified as: Architecture Diagram
[SYBdkHcXXK] figure_4.jpg -> classified as: Qualitative Examples
[SYBdkHcXXK] figure_1.jpg -> classified as: Qualitative Examples
[SYBdkHcXXK] figure_8.jpg -> classified as: Plots / Charts
[SYBdkHcXXK] figure_12.jpg -> classified as: Qualitative Examples
[SYBdkHcXXK] figure_14.jpg -> classified as: Qualitative Examples
[SYBdkHcXXK] figure_16.jpg -> classified as: Plots / Charts
[SYBdkHcXXK] figure_10.jpg -> classified as: Plots / Charts
[SYmUS6qRub] figure_6.jpg -> classified as: Qualitative Examples
[SYmUS6qRub] figure_2.jpg -> classified as: Plots / Charts
[SYmUS6qRub] figure_7.jpg -> classified as: Qualitative Examples
[SYmUS6qRub] figure_4.jpg -> classified as: Plots / Charts
[SYmUS6qRub] figure_1.jpg -> classified as: Architecture Diagram
[SZm3hxmksx] figure_5.jpg -> classified as: Plots / Charts
[SZm3hxmksx] figure_6.jpg -> classified as: Qualitative Examples
[SZm3hxmksx] figure_2.jpg -> classified as: Plots / Charts
[SZm3hxmksx] figure_7.jpg -> classified as: Qualitative Examples
[SZm3hxmksx] figure_3.jpg -> classified as: Architecture Diagram
[SZm3hxmksx] figure_4.jpg -> classified as: Plots / Charts
[SZm3hxmksx] figure_1.jpg -> classified as: Plots / Charts
[SZm3hxmksx] figure_8.jpg -> classified as: Plots / Charts
[SctfBCLmWo] figure_5.jpg -> classified as: Plots / Charts
[SctfBCLmWo] figure_6.jpg -> classified as: Plots / Charts
[SctfBCLmWo] figure_2.jpg -> classified as: Plots / Charts
[SctfBCLmWo] figure_7.jpg -> classified as: Plots / Charts
[SctfBCLmWo] figure_3.jpg -> classified as: Plots / Charts
[SctfBCLmWo] figure_4.jpg -> classified as: Qualitative Examples
[SctfBCLmWo] figure_1.jpg -> classified as: Qualitative Examples
[SdBQM7f4bX] figure_4.jpg -> classified as: Plots / Charts
[SeiL55hCnu] figure_(a)_Our_interleaved.jpg -> classified as: Architecture Diagram
[SeiL55hCnu] figure_5.jpg -> classified as: Plots / Charts
[SeiL55hCnu] figure_Step_3__Preheat.jpg -> classified as: Qualitative Examples
[SeiL55hCnu] figure_Step_1__Gather.jpg -> classified as: Other
  -> Skipping second pass (Other)
[SeiL55hCnu] figure_2.jpg -> classified as: Architecture Diagram
[SeiL55hCnu] figure_3.jpg -> classified as: Qualitative Examples
[SeiL55hCnu] figure_4.jpg -> classified as: Other
  -> Skipping second pass (Other)
[SeiL55hCnu] figure_(b)_Converting_text.jpg -> classified as: Qualitative Examples
[SeiL55hCnu] figure_1.jpg -> classified as: Qualitative Examples
[SeiL55hCnu] figure_Step_2__Season.jpg -> classified as: Other
  -> Skipping second pass (Other)
[SfTy1ac4OX] figure_5.jpg -> classified as: Plots / Charts
[SfTy1ac4OX] figure_6.jpg -> classified as: Plots / Charts
[SfTy1ac4OX] figure_9.jpg -> classified as: Plots / Charts
[SfTy1ac4OX] figure_2.jpg -> classified as: Architecture Diagram
[SfTy1ac4OX] figure_7.jpg -> classified as: Plots / Charts
[SfTy1ac4OX] figure_3.jpg -> classified as: Plots / Charts
[SfTy1ac4OX] figure_4.jpg -> classified as: Plots / Charts
[SfTy1ac4OX] figure_1.jpg -> classified as: Qualitative Examples
[SfTy1ac4OX] figure_8.jpg -> classified as: Plots / Charts
[SgjAojPKb3] figure_5.jpg -> classified as: Qualitative Examples
[SgjAojPKb3] figure_6.jpg -> classified as: Qualitative Examples
[SgjAojPKb3] figure_2.jpg -> classified as: Qualitative Examples
[SgjAojPKb3] figure_7.jpg -> classified as: Qualitative Examples
[SgjAojPKb3] figure_3.jpg -> classified as: Plots / Charts
[SgjAojPKb3] figure_4.jpg -> classified as: Plots / Charts
[SgjAojPKb3] figure_1.jpg -> classified as: Qualitative Examples
[ShjMHfmPs0] figure_30.jpg -> classified as: Plots / Charts
[ShjMHfmPs0] figure_19.jpg -> classified as: Qualitative Examples
[ShjMHfmPs0] figure_23.jpg -> classified as: Qualitative Examples
[ShjMHfmPs0] figure_29.jpg -> classified as: Plots / Charts
[ShjMHfmPs0] figure_24.jpg -> classified as: Qualitative Examples
[ShjMHfmPs0] figure_5.jpg -> classified as: Qualitative Examples
[ShjMHfmPs0] figure_6.jpg -> classified as: Plots / Charts
[ShjMHfmPs0] figure_9.jpg -> classified as: Plots / Charts
[ShjMHfmPs0] figure_22.jpg -> classified as: Qualitative Examples
[ShjMHfmPs0] figure_28.jpg -> classified as: Plots / Charts
[ShjMHfmPs0] figure_18.jpg -> classified as: Qualitative Examples
[ShjMHfmPs0] figure_13.jpg -> classified as: Plots / Charts
[ShjMHfmPs0] figure_15.jpg -> classified as: Qualitative Examples
[ShjMHfmPs0] figure_2.jpg -> classified as: Qualitative Examples
[ShjMHfmPs0] figure_20.jpg -> classified as: Qualitative Examples
[ShjMHfmPs0] figure_11.jpg -> classified as: Qualitative Examples
[ShjMHfmPs0] figure_7.jpg -> classified as: Plots / Charts
[ShjMHfmPs0] figure_34.jpg -> classified as: Plots / Charts
[ShjMHfmPs0] figure_3.jpg -> classified as: Architecture Diagram
[ShjMHfmPs0] figure_33.jpg -> classified as: Plots / Charts
[ShjMHfmPs0] figure_4.jpg -> classified as: Plots / Charts
[ShjMHfmPs0] figure_31.jpg -> classified as: Plots / Charts
[ShjMHfmPs0] figure_17.jpg -> classified as: Qualitative Examples
[ShjMHfmPs0] figure_1.jpg -> classified as: Qualitative Examples
[ShjMHfmPs0] figure_27.jpg -> classified as: Qualitative Examples
[ShjMHfmPs0] figure_8.jpg -> classified as: Plots / Charts
[ShjMHfmPs0] figure_12.jpg -> classified as: Plots / Charts
[ShjMHfmPs0] figure_25.jpg -> classified as: Qualitative Examples
[ShjMHfmPs0] figure_21.jpg -> classified as: Qualitative Examples
[ShjMHfmPs0] figure_26.jpg -> classified as: Qualitative Examples
[ShjMHfmPs0] figure_14.jpg -> classified as: Plots / Charts
[ShjMHfmPs0] figure_32.jpg -> classified as: Plots / Charts
[ShjMHfmPs0] figure_16.jpg -> classified as: Qualitative Examples
[ShjMHfmPs0] figure_10.jpg -> classified as: Plots / Charts
[SiH7DwNKZZ] figure_2.jpg -> classified as: Architecture Diagram
[SiH7DwNKZZ] figure_3.jpg -> classified as: Plots / Charts
[SiH7DwNKZZ] figure_4.jpg -> classified as: Qualitative Examples
[SiH7DwNKZZ] figure_1.jpg -> classified as: Plots / Charts
[SirD4KYNRr] figure_5.jpg -> classified as: Qualitative Examples
[SirD4KYNRr] figure_2.jpg -> classified as: Plots / Charts
[SirD4KYNRr] figure_3.jpg -> classified as: Qualitative Examples
[SirD4KYNRr] figure_4.jpg -> classified as: Plots / Charts
[SirD4KYNRr] figure_1.jpg -> classified as: Qualitative Examples
[Slr3KojVRO] figure_5.jpg -> classified as: Plots / Charts
[Slr3KojVRO] figure_6.jpg -> classified as: Qualitative Examples
[Slr3KojVRO] figure_2.jpg -> classified as: Architecture Diagram
[Slr3KojVRO] figure_7.jpg -> classified as: Qualitative Examples
[Slr3KojVRO] figure_3.jpg -> classified as: Qualitative Examples
[Slr3KojVRO] figure_4.jpg -> classified as: Plots / Charts
[Slr3KojVRO] figure_1.jpg -> classified as: Other
  -> Skipping second pass (Other)
[Slr3KojVRO] figure_8.jpg -> classified as: Qualitative Examples
[SoUwcVplq4] figure_5.jpg -> classified as: Qualitative Examples
[SoUwcVplq4] figure_6.jpg -> classified as: Qualitative Examples
[SoUwcVplq4] figure_9.jpg -> classified as: Qualitative Examples
[SoUwcVplq4] figure_13.jpg -> classified as: Qualitative Examples
[SoUwcVplq4] figure_15.jpg -> classified as: Qualitative Examples
[SoUwcVplq4] figure_2.jpg -> classified as: Architecture Diagram
[SoUwcVplq4] figure_11.jpg -> classified as: Qualitative Examples
[SoUwcVplq4] figure_7.jpg -> classified as: Qualitative Examples
[SoUwcVplq4] figure_3.jpg -> classified as: Qualitative Examples
[SoUwcVplq4] figure_4.jpg -> classified as: Architecture Diagram
[SoUwcVplq4] figure_17.jpg -> classified as: Qualitative Examples
[SoUwcVplq4] figure_1.jpg -> classified as: Architecture Diagram
[SoUwcVplq4] figure_8.jpg -> classified as: Qualitative Examples
[SoUwcVplq4] figure_12.jpg -> classified as: Qualitative Examples
[SoUwcVplq4] figure_14.jpg -> classified as: Qualitative Examples
[SoUwcVplq4] figure_16.jpg -> classified as: Qualitative Examples
[SoUwcVplq4] figure_10.jpg -> classified as: Qualitative Examples
[SoismgeX7z] figure_5.jpg -> classified as: Qualitative Examples
[SoismgeX7z] figure_6.jpg -> classified as: Plots / Charts
[SoismgeX7z] figure_9.jpg -> classified as: Architecture Diagram
[SoismgeX7z] figure_13.jpg -> classified as: Qualitative Examples
[SoismgeX7z] figure_15.jpg -> classified as: Plots / Charts
[SoismgeX7z] figure_11.jpg -> classified as: Qualitative Examples
[SoismgeX7z] figure_7.jpg -> classified as: Plots / Charts
[SoismgeX7z] figure_3.jpg -> classified as: Plots / Charts
[SoismgeX7z] figure_4.jpg -> classified as: Qualitative Examples
[SoismgeX7z] figure_1.jpg -> classified as: Plots / Charts
[SoismgeX7z] figure_8.jpg -> classified as: Plots / Charts
[SoismgeX7z] figure_12.jpg -> classified as: Plots / Charts
[SoismgeX7z] figure_14.jpg -> classified as: Qualitative Examples
[SoismgeX7z] figure_16.jpg -> classified as: Qualitative Examples
[SoismgeX7z] figure_10.jpg -> classified as: Qualitative Examples
[SrzrUGWoRq] figure_2.jpg -> classified as: Qualitative Examples
[SrzrUGWoRq] figure_3.jpg -> classified as: Plots / Charts
[SrzrUGWoRq] figure_4.jpg -> classified as: Architecture Diagram
[SrzrUGWoRq] figure_1.jpg -> classified as: Qualitative Examples
[SrzrUGWoRq] figure_(b)_Complex_Query.jpg -> classified as: Qualitative Examples
[SsbMoaQUyA] figure_1.jpg -> classified as: Architecture Diagram
[St7aZgQJBf] figure_5.jpg -> classified as: Plots / Charts
[St7aZgQJBf] figure_2.jpg -> classified as: Plots / Charts
[St7aZgQJBf] figure_3.jpg -> classified as: Plots / Charts
[St7aZgQJBf] figure_4.jpg -> classified as: Plots / Charts
[St7aZgQJBf] figure_1.jpg -> classified as: Qualitative Examples
[SuHScQv5gP] figure_5.jpg -> classified as: Qualitative Examples
[SuHScQv5gP] figure_6.jpg -> classified as: Plots / Charts
[SuHScQv5gP] figure_After_Unlearning__0.jpg -> classified as: Qualitative Examples
[SuHScQv5gP] figure_2.jpg -> classified as: Qualitative Examples
[SuHScQv5gP] figure_3.jpg -> classified as: Qualitative Examples
[SuHScQv5gP] figure_4.jpg -> classified as: Plots / Charts
[SuHScQv5gP] figure_1.jpg -> classified as: Qualitative Examples
[SvCOhZRQqa] figure_1.jpg -> classified as: Other
  -> Skipping second pass (Other)
[SvydqVoHrp] figure_S1.jpg -> classified as: Architecture Diagram
[SvydqVoHrp] figure_5.jpg -> classified as: Plots / Charts
[SvydqVoHrp] figure_6.jpg -> classified as: Plots / Charts
[SvydqVoHrp] figure_S2.jpg -> classified as: Plots / Charts
[SvydqVoHrp] figure_2.jpg -> classified as: Qualitative Examples
[SvydqVoHrp] figure_S5.jpg -> classified as: Plots / Charts
[SvydqVoHrp] figure_3.jpg -> classified as: Plots / Charts
[SvydqVoHrp] figure_S4.jpg -> classified as: Plots / Charts
[SvydqVoHrp] figure_4.jpg -> classified as: Plots / Charts
[SvydqVoHrp] figure_1.jpg -> classified as: Architecture Diagram
[SvydqVoHrp] figure_S3.jpg -> classified as: Plots / Charts
[Sw7c4fwpSC] figure_5.jpg -> classified as: Plots / Charts
[Sw7c4fwpSC] figure_6.jpg -> classified as: Qualitative Examples
[Sw7c4fwpSC] figure_9.jpg -> classified as: Qualitative Examples
[Sw7c4fwpSC] figure_13.jpg -> classified as: Qualitative Examples
[Sw7c4fwpSC] figure_2.jpg -> classified as: Plots / Charts
[Sw7c4fwpSC] figure_11.jpg -> classified as: Plots / Charts
[Sw7c4fwpSC] figure_7.jpg -> classified as: Qualitative Examples
[Sw7c4fwpSC] figure_3.jpg -> classified as: Qualitative Examples
[Sw7c4fwpSC] figure_4.jpg -> classified as: Plots / Charts
[Sw7c4fwpSC] figure_1.jpg -> classified as: Qualitative Examples
[Sw7c4fwpSC] figure_8.jpg -> classified as: Qualitative Examples
[Sw7c4fwpSC] figure_12.jpg -> classified as: Plots / Charts
[Sw7c4fwpSC] figure_10.jpg -> classified as: Qualitative Examples
[SzPZK856iI] figure_19.jpg -> classified as: Qualitative Examples
[SzPZK856iI] figure_5.jpg -> classified as: Plots / Charts
[SzPZK856iI] figure_6.jpg -> classified as: Qualitative Examples
[SzPZK856iI] figure_9.jpg -> classified as: Qualitative Examples
[SzPZK856iI] figure_18.jpg -> classified as: Qualitative Examples
[SzPZK856iI] figure_13.jpg -> classified as: Qualitative Examples
[SzPZK856iI] figure_15.jpg -> classified as: Qualitative Examples
[SzPZK856iI] figure_2.jpg -> classified as: Architecture Diagram
[SzPZK856iI] figure_11.jpg -> classified as: Qualitative Examples
[SzPZK856iI] figure_3.jpg -> classified as: Qualitative Examples
[SzPZK856iI] figure_4.jpg -> classified as: Qualitative Examples
[SzPZK856iI] figure_17.jpg -> classified as: Qualitative Examples
[SzPZK856iI] figure_1.jpg -> classified as: Qualitative Examples
[SzPZK856iI] figure_8.jpg -> classified as: Qualitative Examples
[SzPZK856iI] figure_12.jpg -> classified as: Qualitative Examples
[SzPZK856iI] figure_14.jpg -> classified as: Qualitative Examples
[SzPZK856iI] figure_16.jpg -> classified as: Qualitative Examples
[SzPZK856iI] figure_10.jpg -> classified as: Qualitative Examples
[T0hhkuv8I0] figure_2.jpg -> classified as: Plots / Charts
[T0hhkuv8I0] figure_3.jpg -> classified as: Plots / Charts
[T0hhkuv8I0] figure_1.jpg -> classified as: Other
  -> Skipping second pass (Other)
[T1Y2KmVtUn] figure_5.jpg -> classified as: Qualitative Examples
[T1Y2KmVtUn] figure_6.jpg -> classified as: Plots / Charts
[T1Y2KmVtUn] figure_9.jpg -> classified as: Plots / Charts
[T1Y2KmVtUn] figure_2.jpg -> classified as: Other
  -> Skipping second pass (Other)
[T1Y2KmVtUn] figure_11.jpg -> classified as: Qualitative Examples
[T1Y2KmVtUn] figure_7.jpg -> classified as: Plots / Charts
[T1Y2KmVtUn] figure_3.jpg -> classified as: Qualitative Examples
[T1Y2KmVtUn] figure_4.jpg -> classified as: Plots / Charts
[T1Y2KmVtUn] figure_1.jpg -> classified as: Architecture Diagram
[T1Y2KmVtUn] figure_8.jpg -> classified as: Qualitative Examples
[T1Y2KmVtUn] figure_12.jpg -> classified as: Qualitative Examples
[T1Y2KmVtUn] figure_10.jpg -> classified as: Other
  -> Skipping second pass (Other)
[T4VK4U4aKb] figure_(a)_User-side_watching.jpg -> classified as: Plots / Charts
[T4VK4U4aKb] figure_5.jpg -> classified as: Plots / Charts
[T4VK4U4aKb] figure_6.jpg -> classified as: Plots / Charts
[T4VK4U4aKb] figure_9.jpg -> classified as: Plots / Charts
[T4VK4U4aKb] figure_(b)_Video-side_watching.jpg -> classified as: Plots / Charts
[T4VK4U4aKb] figure_2.jpg -> classified as: Architecture Diagram
[T4VK4U4aKb] figure_11.jpg -> classified as: Teaser Image
[T4VK4U4aKb] figure_7.jpg -> classified as: Architecture Diagram
[T4VK4U4aKb] figure_3.jpg -> classified as: Plots / Charts
[T4VK4U4aKb] figure_4.jpg -> classified as: Plots / Charts
[T4VK4U4aKb] figure_1.jpg -> classified as: Qualitative Examples
[T4VK4U4aKb] figure_8.jpg -> classified as: Plots / Charts
[T4VK4U4aKb] figure_10.jpg -> classified as: Plots / Charts
[T6hhDEnAoo] figure_2.jpg -> classified as: Architecture Diagram
[T6hhDEnAoo] figure_3.jpg -> classified as: Architecture Diagram
[T6hhDEnAoo] figure_1.jpg -> classified as: Architecture Diagram
[T7kThJhl02] figure_5.jpg -> classified as: Plots / Charts
[T7kThJhl02] figure_6.jpg -> classified as: Qualitative Examples
[T7kThJhl02] figure_9.jpg -> classified as: Other
  -> Skipping second pass (Other)
[T7kThJhl02] figure_13.jpg -> classified as: Qualitative Examples
[T7kThJhl02] figure_15.jpg -> classified as: Qualitative Examples
[T7kThJhl02] figure_11.jpg -> classified as: Qualitative Examples
[T7kThJhl02] figure_7.jpg -> classified as: Qualitative Examples
[T7kThJhl02] figure_Prompt__A_beautiful.jpg -> classified as: Qualitative Examples
[T7kThJhl02] figure_3.jpg -> classified as: Plots / Charts
[T7kThJhl02] figure_4.jpg -> classified as: Plots / Charts
[T7kThJhl02] figure_1.jpg -> classified as: Qualitative Examples
[T7kThJhl02] figure_8.jpg -> classified as: Qualitative Examples
[T7kThJhl02] figure_12.jpg -> classified as: Qualitative Examples
[T7kThJhl02] figure_14.jpg -> classified as: Qualitative Examples
[T7kThJhl02] figure_10.jpg -> classified as: Other
  -> Skipping second pass (Other)
[T7q5LBGISH] figure_19.jpg -> classified as: Qualitative Examples
[T7q5LBGISH] figure_23.jpg -> classified as: Qualitative Examples
[T7q5LBGISH] figure_24.jpg -> classified as: Qualitative Examples
[T7q5LBGISH] figure_5.jpg -> classified as: Plots / Charts
[T7q5LBGISH] figure_6.jpg -> classified as: Plots / Charts
[T7q5LBGISH] figure_9.jpg -> classified as: Plots / Charts
[T7q5LBGISH] figure_22.jpg -> classified as: Qualitative Examples
[T7q5LBGISH] figure_18.jpg -> classified as: Qualitative Examples
[T7q5LBGISH] figure_13.jpg -> classified as: Plots / Charts
[T7q5LBGISH] figure_15.jpg -> classified as: Plots / Charts
[T7q5LBGISH] figure_2.jpg -> classified as: Architecture Diagram
[T7q5LBGISH] figure_20.jpg -> classified as: Qualitative Examples
[T7q5LBGISH] figure_11.jpg -> classified as: Plots / Charts
[T7q5LBGISH] figure_7.jpg -> classified as: Plots / Charts
[T7q5LBGISH] figure_3.jpg -> classified as: Qualitative Examples
[T7q5LBGISH] figure_4.jpg -> classified as: Plots / Charts
[T7q5LBGISH] figure_17.jpg -> classified as: Qualitative Examples
[T7q5LBGISH] figure_1.jpg -> classified as: Qualitative Examples
[T7q5LBGISH] figure_8.jpg -> classified as: Plots / Charts
[T7q5LBGISH] figure_12.jpg -> classified as: Plots / Charts
[T7q5LBGISH] figure_25.jpg -> classified as: Qualitative Examples
[T7q5LBGISH] figure_21.jpg -> classified as: Qualitative Examples
[T7q5LBGISH] figure_14.jpg -> classified as: Architecture Diagram
[T7q5LBGISH] figure_16.jpg -> classified as: Qualitative Examples
[T7q5LBGISH] figure_10.jpg -> classified as: Plots / Charts
[TDuxzV3Efo] figure_19.jpg -> classified as: Qualitative Examples
[TDuxzV3Efo] figure_23.jpg -> classified as: Qualitative Examples
[TDuxzV3Efo] figure_24.jpg -> classified as: Plots / Charts
[TDuxzV3Efo] figure_5.jpg -> classified as: Architecture Diagram
[TDuxzV3Efo] figure_6.jpg -> classified as: Plots / Charts
[TDuxzV3Efo] figure_22.jpg -> classified as: Qualitative Examples
[TDuxzV3Efo] figure_18.jpg -> classified as: Plots / Charts
[TDuxzV3Efo] figure_13.jpg -> classified as: Plots / Charts
[TDuxzV3Efo] figure_15.jpg -> classified as: Qualitative Examples
[TDuxzV3Efo] figure_2.jpg -> classified as: Plots / Charts
[TDuxzV3Efo] figure_20.jpg -> classified as: Qualitative Examples
[TDuxzV3Efo] figure_11.jpg -> classified as: Plots / Charts
[TDuxzV3Efo] figure_7.jpg -> classified as: Qualitative Examples
[TDuxzV3Efo] figure_4.jpg -> classified as: Qualitative Examples
[TDuxzV3Efo] figure_17.jpg -> classified as: Qualitative Examples
[TDuxzV3Efo] figure_1.jpg -> classified as: Plots / Charts
[TDuxzV3Efo] figure_8.jpg -> classified as: Qualitative Examples
[TDuxzV3Efo] figure_12.jpg -> classified as: Plots / Charts
[TDuxzV3Efo] figure_25.jpg -> classified as: Qualitative Examples
[TDuxzV3Efo] figure_21.jpg -> classified as: Qualitative Examples
[TDuxzV3Efo] figure_14.jpg -> classified as: Qualitative Examples
[TDuxzV3Efo] figure_16.jpg -> classified as: Plots / Charts
[TE0KOzWYAF] figure_5.jpg -> classified as: Plots / Charts
[TE0KOzWYAF] figure_2.jpg -> classified as: Other
  -> Skipping second pass (Other)
[TE0KOzWYAF] figure_3.jpg -> classified as: Architecture Diagram
[TE0KOzWYAF] figure_4.jpg -> classified as: Plots / Charts
[TE0KOzWYAF] figure_1.jpg -> classified as: Architecture Diagram
[TEjXRrhqtJ] figure_5.jpg -> classified as: Plots / Charts
[TEjXRrhqtJ] figure_6.jpg -> classified as: Qualitative Examples
[TEjXRrhqtJ] figure_9.jpg -> classified as: Qualitative Examples
[TEjXRrhqtJ] figure_2.jpg -> classified as: Plots / Charts
[TEjXRrhqtJ] figure_7.jpg -> classified as: Plots / Charts
[TEjXRrhqtJ] figure_3.jpg -> classified as: Architecture Diagram
[TEjXRrhqtJ] figure_4.jpg -> classified as: Architecture Diagram
[TEjXRrhqtJ] figure_1.jpg -> classified as: Plots / Charts
[TEjXRrhqtJ] figure_8.jpg -> classified as: Plots / Charts
[TEjXRrhqtJ] figure_10.jpg -> classified as: Plots / Charts
[TEkoMEjf7E] figure_5.jpg -> classified as: Qualitative Examples
[TEkoMEjf7E] figure_6.jpg -> classified as: Qualitative Examples
[TEkoMEjf7E] figure_9.jpg -> classified as: Qualitative Examples
[TEkoMEjf7E] figure_18.jpg -> classified as: Qualitative Examples
[TEkoMEjf7E] figure_13.jpg -> classified as: Architecture Diagram
[TEkoMEjf7E] figure_15.jpg -> classified as: Qualitative Examples
[TEkoMEjf7E] figure_2.jpg -> classified as: Architecture Diagram
[TEkoMEjf7E] figure_11.jpg -> classified as: Qualitative Examples
[TEkoMEjf7E] figure_7.jpg -> classified as: Qualitative Examples
[TEkoMEjf7E] figure_3.jpg -> classified as: Architecture Diagram
[TEkoMEjf7E] figure_4.jpg -> classified as: Qualitative Examples
[TEkoMEjf7E] figure_17.jpg -> classified as: Qualitative Examples
[TEkoMEjf7E] figure_1.jpg -> classified as: Qualitative Examples
[TEkoMEjf7E] figure_8.jpg -> classified as: Qualitative Examples
[TEkoMEjf7E] figure_12.jpg -> classified as: Plots / Charts
[TEkoMEjf7E] figure_14.jpg -> classified as: Qualitative Examples
[TEkoMEjf7E] figure_16.jpg -> classified as: Qualitative Examples
[TEkoMEjf7E] figure_10.jpg -> classified as: Qualitative Examples
[THqWPzL00e] figure_5.jpg -> classified as: Plots / Charts
[THqWPzL00e] figure_6.jpg -> classified as: Plots / Charts
[THqWPzL00e] figure_9.jpg -> classified as: Plots / Charts
[THqWPzL00e] figure_2.jpg -> classified as: Plots / Charts
[THqWPzL00e] figure_11.jpg -> classified as: Plots / Charts
[THqWPzL00e] figure_7.jpg -> classified as: Plots / Charts
[THqWPzL00e] figure_3.jpg -> classified as: Plots / Charts
[THqWPzL00e] figure_4.jpg -> classified as: Plots / Charts
[THqWPzL00e] figure_1.jpg -> classified as: Qualitative Examples
[THqWPzL00e] figure_8.jpg -> classified as: Plots / Charts
[THqWPzL00e] figure_10.jpg -> classified as: Plots / Charts
[TKAzF69Fcv] figure_5.jpg -> classified as: Plots / Charts
[TKAzF69Fcv] figure_6.jpg -> classified as: Qualitative Examples
[TKAzF69Fcv] figure_9.jpg -> classified as: Qualitative Examples
[TKAzF69Fcv] figure_2.jpg -> classified as: Architecture Diagram
[TKAzF69Fcv] figure_11.jpg -> classified as: Qualitative Examples
[TKAzF69Fcv] figure_7.jpg -> classified as: Architecture Diagram
[TKAzF69Fcv] figure_3.jpg -> classified as: Architecture Diagram
[TKAzF69Fcv] figure_4.jpg -> classified as: Architecture Diagram
[TKAzF69Fcv] figure_1.jpg -> classified as: Qualitative Examples
[TKAzF69Fcv] figure_8.jpg -> classified as: Qualitative Examples
[TKAzF69Fcv] figure_12.jpg -> classified as: Qualitative Examples
[TKAzF69Fcv] figure_10.jpg -> classified as: Qualitative Examples
[TMYxJIcdgS] figure_19.jpg -> classified as: Plots / Charts
[TMYxJIcdgS] figure_23.jpg -> classified as: Qualitative Examples
[TMYxJIcdgS] figure_29.jpg -> classified as: Plots / Charts
[TMYxJIcdgS] figure_24.jpg -> classified as: Qualitative Examples
[TMYxJIcdgS] figure_5.jpg -> classified as: Plots / Charts
[TMYxJIcdgS] figure_6.jpg -> classified as: Plots / Charts
[TMYxJIcdgS] figure_9.jpg -> classified as: Plots / Charts
[TMYxJIcdgS] figure_28.jpg -> classified as: Qualitative Examples
[TMYxJIcdgS] figure_18.jpg -> classified as: Plots / Charts
[TMYxJIcdgS] figure_13.jpg -> classified as: Plots / Charts
[TMYxJIcdgS] figure_15.jpg -> classified as: Plots / Charts
[TMYxJIcdgS] figure_2.jpg -> classified as: Architecture Diagram
[TMYxJIcdgS] figure_20.jpg -> classified as: Plots / Charts
[TMYxJIcdgS] figure_11.jpg -> classified as: Plots / Charts
[TMYxJIcdgS] figure_7.jpg -> classified as: Plots / Charts
[TMYxJIcdgS] figure_3.jpg -> classified as: Plots / Charts
[TMYxJIcdgS] figure_4.jpg -> classified as: Plots / Charts
[TMYxJIcdgS] figure_17.jpg -> classified as: Plots / Charts
[TMYxJIcdgS] figure_1.jpg -> classified as: Plots / Charts
[TMYxJIcdgS] figure_8.jpg -> classified as: Plots / Charts
[TMYxJIcdgS] figure_12.jpg -> classified as: Plots / Charts
[TMYxJIcdgS] figure_21.jpg -> classified as: Qualitative Examples
[TMYxJIcdgS] figure_26.jpg -> classified as: Qualitative Examples
[TMYxJIcdgS] figure_14.jpg -> classified as: Plots / Charts
[TMYxJIcdgS] figure_16.jpg -> classified as: Plots / Charts
[TMYxJIcdgS] figure_10.jpg -> classified as: Plots / Charts
[TO2dzfZtgt] figure_5.jpg -> classified as: Plots / Charts
[TO2dzfZtgt] figure_2.jpg -> classified as: Architecture Diagram
[TO2dzfZtgt] figure_3.jpg -> classified as: Other
  -> Skipping second pass (Other)
[TO2dzfZtgt] figure_4.jpg -> classified as: Plots / Charts
[TO2dzfZtgt] figure_1.jpg -> classified as: Architecture Diagram
[TOVBglQvhB] figure_5.jpg -> classified as: Qualitative Examples
[TOVBglQvhB] figure_2.jpg -> classified as: Plots / Charts
[TOVBglQvhB] figure_3.jpg -> classified as: Plots / Charts
[TOVBglQvhB] figure_4.jpg -> classified as: Qualitative Examples
[TOVBglQvhB] figure_1.jpg -> classified as: Architecture Diagram
[TOWdQQgMJY] figure_5.jpg -> classified as: Plots / Charts
[TOWdQQgMJY] figure_6.jpg -> classified as: Qualitative Examples
[TOWdQQgMJY] figure_9.jpg -> classified as: Qualitative Examples
[TOWdQQgMJY] figure_13.jpg -> classified as: Qualitative Examples
[TOWdQQgMJY] figure_15.jpg -> classified as: Qualitative Examples
[TOWdQQgMJY] figure_2.jpg -> classified as: Architecture Diagram
[TOWdQQgMJY] figure_11.jpg -> classified as: Qualitative Examples
[TOWdQQgMJY] figure_3.jpg -> classified as: Qualitative Examples
[TOWdQQgMJY] figure_4.jpg -> classified as: Qualitative Examples
[TOWdQQgMJY] figure_Positive0.8580_Positive_0.9055.jpg -> classified as: Qualitative Examples
[TOWdQQgMJY] figure_1.jpg -> classified as: Qualitative Examples
[TOWdQQgMJY] figure_8.jpg -> classified as: Qualitative Examples
[TOWdQQgMJY] figure_12.jpg -> classified as: Qualitative Examples
[TOWdQQgMJY] figure_14.jpg -> classified as: Other
  -> Skipping second pass (Other)
[TOWdQQgMJY] figure_16.jpg -> classified as: Qualitative Examples
[TPYwwqF0bv] figure_5.jpg -> classified as: Plots / Charts
[TPYwwqF0bv] figure_6.jpg -> classified as: Plots / Charts
[TPYwwqF0bv] figure_9.jpg -> classified as: Plots / Charts
[TPYwwqF0bv] figure_2.jpg -> classified as: Architecture Diagram
[TPYwwqF0bv] figure_7.jpg -> classified as: Plots / Charts
[TPYwwqF0bv] figure_3.jpg -> classified as: Architecture Diagram
[TPYwwqF0bv] figure_4.jpg -> classified as: Plots / Charts
[TPYwwqF0bv] figure_1.jpg -> classified as: Architecture Diagram
[TPYwwqF0bv] figure_8.jpg -> classified as: Plots / Charts
[TRHyAnInUC] figure_1.jpg -> classified as: Plots / Charts
[TRWxFUzK9K] figure_5.jpg -> classified as: Qualitative Examples
[TRWxFUzK9K] figure_6.jpg -> classified as: Qualitative Examples
[TRWxFUzK9K] figure_9.jpg -> classified as: Other
  -> Skipping second pass (Other)
[TRWxFUzK9K] figure_13.jpg -> classified as: Qualitative Examples
[TRWxFUzK9K] figure_15.jpg -> classified as: Qualitative Examples
[TRWxFUzK9K] figure_2.jpg -> classified as: Qualitative Examples
[TRWxFUzK9K] figure_11.jpg -> classified as: Qualitative Examples
[TRWxFUzK9K] figure_7.jpg -> classified as: Plots / Charts
[TRWxFUzK9K] figure_3.jpg -> classified as: Plots / Charts
[TRWxFUzK9K] figure_4.jpg -> classified as: Qualitative Examples
[TRWxFUzK9K] figure_17.jpg -> classified as: Qualitative Examples
[TRWxFUzK9K] figure_1.jpg -> classified as: Qualitative Examples
[TRWxFUzK9K] figure_8.jpg -> classified as: Qualitative Examples
[TRWxFUzK9K] figure_12.jpg -> classified as: Qualitative Examples
[TRWxFUzK9K] figure_14.jpg -> classified as: Qualitative Examples
[TRWxFUzK9K] figure_16.jpg -> classified as: Qualitative Examples
[TRWxFUzK9K] figure_10.jpg -> classified as: Qualitative Examples
[TS4BLf951Y] figure_5.jpg -> classified as: Qualitative Examples
[TS4BLf951Y] figure_6.jpg -> classified as: Qualitative Examples
[TS4BLf951Y] figure_9.jpg -> classified as: Qualitative Examples
[TS4BLf951Y] figure_13.jpg -> classified as: Qualitative Examples
[TS4BLf951Y] figure_2.jpg -> classified as: Architecture Diagram
[TS4BLf951Y] figure_3.jpg -> classified as: Architecture Diagram
[TS4BLf951Y] figure_4.jpg -> classified as: Architecture Diagram
[TS4BLf951Y] figure_1.jpg -> classified as: Qualitative Examples
[TS4BLf951Y] figure_8.jpg -> classified as: Qualitative Examples
[TS4BLf951Y] figure_12.jpg -> classified as: Qualitative Examples
[TS4BLf951Y] figure_14.jpg -> classified as: Qualitative Examples
[TS4BLf951Y] figure_10.jpg -> classified as: Qualitative Examples
[TS8PXBN6B6] figure_2.jpg -> classified as: Qualitative Examples
[TS8PXBN6B6] figure_3.jpg -> classified as: Plots / Charts
[TS8PXBN6B6] figure_4.jpg -> classified as: Plots / Charts
[TS8PXBN6B6] figure_1.jpg -> classified as: Qualitative Examples
[TUvg5uwdeG] figure_5.jpg -> classified as: Plots / Charts
[TUvg5uwdeG] figure_6.jpg -> classified as: Plots / Charts
[TUvg5uwdeG] figure_2.jpg -> classified as: Plots / Charts
[TUvg5uwdeG] figure_7.jpg -> classified as: Plots / Charts
[TUvg5uwdeG] figure_3.jpg -> classified as: Qualitative Examples
[TUvg5uwdeG] figure_4.jpg -> classified as: Plots / Charts
[TUvg5uwdeG] figure_1.jpg -> classified as: Plots / Charts
[TVDUVpgu9s] figure_5.jpg -> classified as: Plots / Charts
[TVDUVpgu9s] figure_6.jpg -> classified as: Qualitative Examples
[TVDUVpgu9s] figure_9.jpg -> classified as: Plots / Charts
[TVDUVpgu9s] figure_13.jpg -> classified as: Plots / Charts
[TVDUVpgu9s] figure_15.jpg -> classified as: Qualitative Examples
[TVDUVpgu9s] figure_2.jpg -> classified as: Architecture Diagram
[TVDUVpgu9s] figure_11.jpg -> classified as: Plots / Charts
[TVDUVpgu9s] figure_7.jpg -> classified as: Qualitative Examples
[TVDUVpgu9s] figure_3.jpg -> classified as: Plots / Charts
[TVDUVpgu9s] figure_4.jpg -> classified as: Plots / Charts
[TVDUVpgu9s] figure_1.jpg -> classified as: Qualitative Examples
[TVDUVpgu9s] figure_8.jpg -> classified as: Plots / Charts
[TVDUVpgu9s] figure_12.jpg -> classified as: Plots / Charts
[TVDUVpgu9s] figure_14.jpg -> classified as: Plots / Charts
[TVDUVpgu9s] figure_16.jpg -> classified as: Qualitative Examples
[TVDUVpgu9s] figure_10.jpg -> classified as: Plots / Charts
[TVg6hlfsKa] figure_5.jpg -> classified as: Plots / Charts
[TVg6hlfsKa] figure_6.jpg -> classified as: Qualitative Examples
[TVg6hlfsKa] figure_9.jpg -> classified as: Qualitative Examples
[TVg6hlfsKa] figure_2.jpg -> classified as: Architecture Diagram
[TVg6hlfsKa] figure_7.jpg -> classified as: Qualitative Examples
[TVg6hlfsKa] figure_3.jpg -> classified as: Architecture Diagram
[TVg6hlfsKa] figure_4.jpg -> classified as: Qualitative Examples
[TVg6hlfsKa] figure_1.jpg -> classified as: Qualitative Examples
[TVg6hlfsKa] figure_8.jpg -> classified as: Qualitative Examples
[TVg6hlfsKa] figure_10.jpg -> classified as: Qualitative Examples
[TWVMVPx2wO] figure_(b)_The_semantic.jpg -> classified as: Qualitative Examples
[TWVMVPx2wO] figure_(a)_Illustrate_of.jpg -> classified as: Plots / Charts
[TWVMVPx2wO] figure_2.jpg -> classified as: Architecture Diagram
[TWVMVPx2wO] figure_(e)_Impact_of.jpg -> classified as: Plots / Charts
[TWVMVPx2wO] figure_3.jpg -> classified as: Plots / Charts
[TWVMVPx2wO] figure_Random_Initialize_Semantic.jpg -> classified as: Architecture Diagram
[TWVMVPx2wO] figure_(c)_Our_proposed.jpg -> classified as: Architecture Diagram
[TWVMVPx2wO] figure_1.jpg -> classified as: Architecture Diagram
[TWVMVPx2wO] figure_(b)_Illustrate_the.jpg -> classified as: Plots / Charts
[TWnUgSAWNw] figure_5.jpg -> classified as: Plots / Charts
[TWnUgSAWNw] figure_A1.jpg -> classified as: Plots / Charts
[TWnUgSAWNw] figure_6.jpg -> classified as: Plots / Charts
[TWnUgSAWNw] figure_A2.jpg -> classified as: Architecture Diagram
[TWnUgSAWNw] figure_2.jpg -> classified as: Plots / Charts
[TWnUgSAWNw] figure_7.jpg -> classified as: Plots / Charts
[TWnUgSAWNw] figure_4.jpg -> classified as: Qualitative Examples
[TWnUgSAWNw] figure_1.jpg -> classified as: Qualitative Examples
[TWnUgSAWNw] figure_8.jpg -> classified as: Plots / Charts
[TWnUgSAWNw] figure_A3.jpg -> classified as: Qualitative Examples
[TX0OsLcaWf] figure_5.jpg -> classified as: Qualitative Examples
[TX0OsLcaWf] figure_6.jpg -> classified as: Qualitative Examples
[TX0OsLcaWf] figure_9.jpg -> classified as: Architecture Diagram
[TX0OsLcaWf] figure_13.jpg -> classified as: Qualitative Examples
[TX0OsLcaWf] figure_2.jpg -> classified as: Architecture Diagram
[TX0OsLcaWf] figure_11.jpg -> classified as: Qualitative Examples
[TX0OsLcaWf] figure_7.jpg -> classified as: Plots / Charts
[TX0OsLcaWf] figure_3.jpg -> classified as: Qualitative Examples
[TX0OsLcaWf] figure_4.jpg -> classified as: Qualitative Examples
[TX0OsLcaWf] figure_1.jpg -> classified as: Qualitative Examples
[TX0OsLcaWf] figure_12.jpg -> classified as: Qualitative Examples
[TX0OsLcaWf] figure_14.jpg -> classified as: Qualitative Examples
[TX0OsLcaWf] figure_10.jpg -> classified as: Qualitative Examples
[TZa84ZkOLM] figure_19.jpg -> classified as: Plots / Charts
[TZa84ZkOLM] figure_23.jpg -> classified as: Qualitative Examples
[TZa84ZkOLM] figure_24.jpg -> classified as: Other
  -> Skipping second pass (Other)
[TZa84ZkOLM] figure_5.jpg -> classified as: Qualitative Examples
[TZa84ZkOLM] figure_6.jpg -> classified as: Plots / Charts
[TZa84ZkOLM] figure_9.jpg -> classified as: Plots / Charts
[TZa84ZkOLM] figure_22.jpg -> classified as: Plots / Charts
[TZa84ZkOLM] figure_18.jpg -> classified as: Plots / Charts
[TZa84ZkOLM] figure_13.jpg -> classified as: Plots / Charts
[TZa84ZkOLM] figure_15.jpg -> classified as: Qualitative Examples
[TZa84ZkOLM] figure_2.jpg -> classified as: Plots / Charts
[TZa84ZkOLM] figure_20.jpg -> classified as: Qualitative Examples
[TZa84ZkOLM] figure_11.jpg -> classified as: Plots / Charts
[TZa84ZkOLM] figure_7.jpg -> classified as: Plots / Charts
[TZa84ZkOLM] figure_3.jpg -> classified as: Plots / Charts
[TZa84ZkOLM] figure_4.jpg -> classified as: Plots / Charts
[TZa84ZkOLM] figure_17.jpg -> classified as: Plots / Charts
[TZa84ZkOLM] figure_1.jpg -> classified as: Architecture Diagram
[TZa84ZkOLM] figure_8.jpg -> classified as: Qualitative Examples
[TZa84ZkOLM] figure_12.jpg -> classified as: Plots / Charts
[TZa84ZkOLM] figure_25.jpg -> classified as: Other
  -> Skipping second pass (Other)
[TZa84ZkOLM] figure_21.jpg -> classified as: Plots / Charts
[TZa84ZkOLM] figure_26.jpg -> classified as: Qualitative Examples
[TZa84ZkOLM] figure_14.jpg -> classified as: Plots / Charts
[TZa84ZkOLM] figure_16.jpg -> classified as: Qualitative Examples
[TZa84ZkOLM] figure_10.jpg -> classified as: Plots / Charts
[TeeyHEi25C] figure_5.jpg -> classified as: Plots / Charts
[TeeyHEi25C] figure_6.jpg -> classified as: Plots / Charts
[TeeyHEi25C] figure_2.jpg -> classified as: Plots / Charts
[TeeyHEi25C] figure_3.jpg -> classified as: Qualitative Examples
[TeeyHEi25C] figure_4.jpg -> classified as: Plots / Charts
[TeeyHEi25C] figure_1.jpg -> classified as: Architecture Diagram
[TgSRPRz8cI] figure_5.jpg -> classified as: Qualitative Examples
[TgSRPRz8cI] figure_6.jpg -> classified as: Qualitative Examples
[TgSRPRz8cI] figure_9.jpg -> classified as: Plots / Charts
[TgSRPRz8cI] figure_18.jpg -> classified as: Qualitative Examples
[TgSRPRz8cI] figure_13.jpg -> classified as: Qualitative Examples
[TgSRPRz8cI] figure_15.jpg -> classified as: Qualitative Examples
[TgSRPRz8cI] figure_2.jpg -> classified as: Architecture Diagram
[TgSRPRz8cI] figure_11.jpg -> classified as: Other
  -> Skipping second pass (Other)
[TgSRPRz8cI] figure_7.jpg -> classified as: Qualitative Examples
[TgSRPRz8cI] figure_3.jpg -> classified as: Architecture Diagram
[TgSRPRz8cI] figure_4.jpg -> classified as: Qualitative Examples
[TgSRPRz8cI] figure_17.jpg -> classified as: Qualitative Examples
[TgSRPRz8cI] figure_1.jpg -> classified as: Other
  -> Skipping second pass (Other)
[TgSRPRz8cI] figure_8.jpg -> classified as: Qualitative Examples
[TgSRPRz8cI] figure_12.jpg -> classified as: Qualitative Examples
[TgSRPRz8cI] figure_14.jpg -> classified as: Qualitative Examples
[TgSRPRz8cI] figure_16.jpg -> classified as: Qualitative Examples
[TgSRPRz8cI] figure_10.jpg -> classified as: Other
  -> Skipping second pass (Other)
[TilcG5C8bN] figure_(a)_Removed_a.jpg -> classified as: Plots / Charts
[TilcG5C8bN] figure_5.jpg -> classified as: Qualitative Examples
[TilcG5C8bN] figure_6.jpg -> classified as: Plots / Charts
[TilcG5C8bN] figure_7.jpg -> classified as: Plots / Charts
[TilcG5C8bN] figure_3.jpg -> classified as: Architecture Diagram
[TilcG5C8bN] figure_4.jpg -> classified as: Qualitative Examples
[TilcG5C8bN] figure_1.jpg -> classified as: Architecture Diagram
[Tisu1L0Jwt] figure_5.jpg -> classified as: Qualitative Examples
[Tisu1L0Jwt] figure_6.jpg -> classified as: Qualitative Examples
[Tisu1L0Jwt] figure_9.jpg -> classified as: Qualitative Examples
[Tisu1L0Jwt] figure_2.jpg -> classified as: Architecture Diagram
[Tisu1L0Jwt] figure_7.jpg -> classified as: Qualitative Examples
[Tisu1L0Jwt] figure_3.jpg -> classified as: Architecture Diagram
[Tisu1L0Jwt] figure_4.jpg -> classified as: Architecture Diagram
[Tisu1L0Jwt] figure_1.jpg -> classified as: Plots / Charts
[Tisu1L0Jwt] figure_8.jpg -> classified as: Qualitative Examples
[TjfXcDgvzk] figure_2.jpg -> classified as: Plots / Charts
[TjfXcDgvzk] figure_1.jpg -> classified as: Architecture Diagram
[TmCcNuo03f] figure_5.jpg -> classified as: Plots / Charts
[TmCcNuo03f] figure_6.jpg -> classified as: Architecture Diagram
[TmCcNuo03f] figure_9.jpg -> classified as: Qualitative Examples
[TmCcNuo03f] figure_13.jpg -> classified as: Qualitative Examples
[TmCcNuo03f] figure_15.jpg -> classified as: Plots / Charts
[TmCcNuo03f] figure_2.jpg -> classified as: Architecture Diagram
[TmCcNuo03f] figure_11.jpg -> classified as: Qualitative Examples
[TmCcNuo03f] figure_(a)_Architecture_of.jpg -> classified as: Architecture Diagram
[TmCcNuo03f] figure_7.jpg -> classified as: Plots / Charts
[TmCcNuo03f] figure_3.jpg -> classified as: Plots / Charts
[TmCcNuo03f] figure_4.jpg -> classified as: Plots / Charts
[TmCcNuo03f] figure_1.jpg -> classified as: Qualitative Examples
[TmCcNuo03f] figure_8.jpg -> classified as: Qualitative Examples
[TmCcNuo03f] figure_12.jpg -> classified as: Architecture Diagram
[TmCcNuo03f] figure_10.jpg -> classified as: Teaser Image
[Tn6lrFbiP4] figure_5.jpg -> classified as: Teaser Image
[Tn6lrFbiP4] figure_2.jpg -> classified as: Architecture Diagram
[Tn6lrFbiP4] figure_7.jpg -> classified as: Qualitative Examples
[Tn6lrFbiP4] figure_3.jpg -> classified as: Plots / Charts
[Tn6lrFbiP4] figure_4.jpg -> classified as: Other
  -> Skipping second pass (Other)
[Tn6lrFbiP4] figure_1.jpg -> classified as: Qualitative Examples
[Tn6lrFbiP4] figure_8.jpg -> classified as: Qualitative Examples
[Tp9c7s3ZmN] figure_5.jpg -> classified as: Qualitative Examples
[Tp9c7s3ZmN] figure_2.jpg -> classified as: Qualitative Examples
[Tp9c7s3ZmN] figure_3.jpg -> classified as: Qualitative Examples
[Tp9c7s3ZmN] figure_4.jpg -> classified as: Qualitative Examples
[Tp9c7s3ZmN] figure_1.jpg -> classified as: Architecture Diagram
[TppgZwyEnQ] figure_19.jpg -> classified as: Plots / Charts
[TppgZwyEnQ] figure_23.jpg -> classified as: Plots / Charts
[TppgZwyEnQ] figure_24.jpg -> classified as: Plots / Charts
[TppgZwyEnQ] figure_5.jpg -> classified as: Plots / Charts
[TppgZwyEnQ] figure_6.jpg -> classified as: Plots / Charts
[TppgZwyEnQ] figure_9.jpg -> classified as: Plots / Charts
[TppgZwyEnQ] figure_22.jpg -> classified as: Plots / Charts
[TppgZwyEnQ] figure_28.jpg -> classified as: Plots / Charts
[TppgZwyEnQ] figure_18.jpg -> classified as: Plots / Charts
[TppgZwyEnQ] figure_13.jpg -> classified as: Plots / Charts
[TppgZwyEnQ] figure_15.jpg -> classified as: Plots / Charts
[TppgZwyEnQ] figure_2.jpg -> classified as: Plots / Charts
[TppgZwyEnQ] figure_20.jpg -> classified as: Plots / Charts
[TppgZwyEnQ] figure_11.jpg -> classified as: Qualitative Examples
[TppgZwyEnQ] figure_7.jpg -> classified as: Plots / Charts
[TppgZwyEnQ] figure_3.jpg -> classified as: Plots / Charts
[TppgZwyEnQ] figure_4.jpg -> classified as: Plots / Charts
[TppgZwyEnQ] figure_17.jpg -> classified as: Plots / Charts
[TppgZwyEnQ] figure_1.jpg -> classified as: Plots / Charts
[TppgZwyEnQ] figure_27.jpg -> classified as: Plots / Charts
[TppgZwyEnQ] figure_8.jpg -> classified as: Plots / Charts
[TppgZwyEnQ] figure_12.jpg -> classified as: Plots / Charts
[TppgZwyEnQ] figure_25.jpg -> classified as: Plots / Charts
[TppgZwyEnQ] figure_21.jpg -> classified as: Plots / Charts
[TppgZwyEnQ] figure_26.jpg -> classified as: Plots / Charts
[TppgZwyEnQ] figure_14.jpg -> classified as: Plots / Charts
[TppgZwyEnQ] figure_16.jpg -> classified as: Plots / Charts
[TppgZwyEnQ] figure_10.jpg -> classified as: Plots / Charts
[TqM0hifngW] figure_5.jpg -> classified as: Plots / Charts
[TqM0hifngW] figure_6.jpg -> classified as: Plots / Charts
[TqM0hifngW] figure_2.jpg -> classified as: Architecture Diagram
[TqM0hifngW] figure_7.jpg -> classified as: Qualitative Examples
[TqM0hifngW] figure_3.jpg -> classified as: Plots / Charts
[TqM0hifngW] figure_4.jpg -> classified as: Other
  -> Skipping second pass (Other)
[TqM0hifngW] figure_1.jpg -> classified as: Architecture Diagram
[TrVYEZtSQH] figure_5.jpg -> classified as: Qualitative Examples
[TrVYEZtSQH] figure_6.jpg -> classified as: Qualitative Examples
[TrVYEZtSQH] figure_9.jpg -> classified as: Plots / Charts
[TrVYEZtSQH] figure_13.jpg -> classified as: Plots / Charts
[TrVYEZtSQH] figure_15.jpg -> classified as: Qualitative Examples
[TrVYEZtSQH] figure_2.jpg -> classified as: Qualitative Examples
[TrVYEZtSQH] figure_11.jpg -> classified as: Plots / Charts
[TrVYEZtSQH] figure_7.jpg -> classified as: Plots / Charts
[TrVYEZtSQH] figure_3.jpg -> classified as: Plots / Charts
[TrVYEZtSQH] figure_4.jpg -> classified as: Plots / Charts
[TrVYEZtSQH] figure_1.jpg -> classified as: Qualitative Examples
[TrVYEZtSQH] figure_8.jpg -> classified as: Plots / Charts
[TrVYEZtSQH] figure_12.jpg -> classified as: Plots / Charts
[TrVYEZtSQH] figure_16.jpg -> classified as: Qualitative Examples
[Trn4Hji6iH] figure_5.jpg -> classified as: Qualitative Examples
[Trn4Hji6iH] figure_6.jpg -> classified as: Qualitative Examples
[Trn4Hji6iH] figure_2.jpg -> classified as: Other
  -> Skipping second pass (Other)
[Trn4Hji6iH] figure_7.jpg -> classified as: Qualitative Examples
[Trn4Hji6iH] figure_3.jpg -> classified as: Plots / Charts
[Trn4Hji6iH] figure_4.jpg -> classified as: Qualitative Examples
[Trn4Hji6iH] figure_1.jpg -> classified as: Qualitative Examples
[TsBDfe8Ra5] figure_5.jpg -> classified as: Plots / Charts
[TsBDfe8Ra5] figure_6.jpg -> classified as: Qualitative Examples
[TsBDfe8Ra5] figure_2.jpg -> classified as: Architecture Diagram
[TsBDfe8Ra5] figure_3.jpg -> classified as: Qualitative Examples
[TsBDfe8Ra5] figure_4.jpg -> classified as: Plots / Charts
[TsBDfe8Ra5] figure_1.jpg -> classified as: Plots / Charts
[TspmMMOG7X] figure_19.jpg -> classified as: Qualitative Examples
[TspmMMOG7X] figure_23.jpg -> classified as: Other
  -> Skipping second pass (Other)
[TspmMMOG7X] figure_5.jpg -> classified as: Qualitative Examples
[TspmMMOG7X] figure_6.jpg -> classified as: Plots / Charts
[TspmMMOG7X] figure_9.jpg -> classified as: Qualitative Examples
[TspmMMOG7X] figure_18.jpg -> classified as: Other
  -> Skipping second pass (Other)
[TspmMMOG7X] figure_13.jpg -> classified as: Qualitative Examples
[TspmMMOG7X] figure_2.jpg -> classified as: Plots / Charts
[TspmMMOG7X] figure_20.jpg -> classified as: Plots / Charts
[TspmMMOG7X] figure_11.jpg -> classified as: Qualitative Examples
[TspmMMOG7X] figure_Omni-modal_Spoken_Dialogue.jpg -> classified as: Qualitative Examples
[TspmMMOG7X] figure_7.jpg -> classified as: Architecture Diagram
[TspmMMOG7X] figure_3.jpg -> classified as: Qualitative Examples
[TspmMMOG7X] figure_4.jpg -> classified as: Plots / Charts
[TspmMMOG7X] figure_17.jpg -> classified as: Other
  -> Skipping second pass (Other)
[TspmMMOG7X] figure_1.jpg -> classified as: Architecture Diagram
[TspmMMOG7X] figure_8.jpg -> classified as: Plots / Charts
[TspmMMOG7X] figure_12.jpg -> classified as: Qualitative Examples
[TspmMMOG7X] figure_21.jpg -> classified as: Other
  -> Skipping second pass (Other)
[TspmMMOG7X] figure_14.jpg -> classified as: Plots / Charts
[TspmMMOG7X] figure_16.jpg -> classified as: Qualitative Examples
[TspmMMOG7X] figure_10.jpg -> classified as: Qualitative Examples
[TtUh0TOlGX] figure_19.jpg -> classified as: Qualitative Examples
[TtUh0TOlGX] figure_5.jpg -> classified as: Qualitative Examples
[TtUh0TOlGX] figure_6.jpg -> classified as: Qualitative Examples
[TtUh0TOlGX] figure_9.jpg -> classified as: Plots / Charts
[TtUh0TOlGX] figure_18.jpg -> classified as: Qualitative Examples
[TtUh0TOlGX] figure_13.jpg -> classified as: Qualitative Examples
[TtUh0TOlGX] figure_15.jpg -> classified as: Qualitative Examples
[TtUh0TOlGX] figure_2.jpg -> classified as: Plots / Charts
[TtUh0TOlGX] figure_20.jpg -> classified as: Qualitative Examples
[TtUh0TOlGX] figure_7.jpg -> classified as: Qualitative Examples
[TtUh0TOlGX] figure_3.jpg -> classified as: Qualitative Examples
[TtUh0TOlGX] figure_4.jpg -> classified as: Qualitative Examples
[TtUh0TOlGX] figure_17.jpg -> classified as: Qualitative Examples
[TtUh0TOlGX] figure_1.jpg -> classified as: Qualitative Examples
[TtUh0TOlGX] figure_8.jpg -> classified as: Plots / Charts
[TtUh0TOlGX] figure_12.jpg -> classified as: Qualitative Examples
[TtUh0TOlGX] figure_14.jpg -> classified as: Qualitative Examples
[TtUh0TOlGX] figure_16.jpg -> classified as: Qualitative Examples
[TtUh0TOlGX] figure_10.jpg -> classified as: Qualitative Examples
[TvhEoz1nim] figure_5.jpg -> classified as: Qualitative Examples
[TvhEoz1nim] figure_6.jpg -> classified as: Qualitative Examples
[TvhEoz1nim] figure_2.jpg -> classified as: Architecture Diagram
[TvhEoz1nim] figure_7.jpg -> classified as: Qualitative Examples
[TvhEoz1nim] figure_3.jpg -> classified as: Qualitative Examples
[TvhEoz1nim] figure_4.jpg -> classified as: Plots / Charts
[TvhEoz1nim] figure_1.jpg -> classified as: Plots / Charts
[TvhEoz1nim] figure_8.jpg -> classified as: Qualitative Examples
[TvkvWjxj3T] figure_5.jpg -> classified as: Plots / Charts
[TvkvWjxj3T] figure_6.jpg -> classified as: Plots / Charts
[TvkvWjxj3T] figure_9.jpg -> classified as: Qualitative Examples
[TvkvWjxj3T] figure_2.jpg -> classified as: Architecture Diagram
[TvkvWjxj3T] figure_11.jpg -> classified as: Qualitative Examples
[TvkvWjxj3T] figure_7.jpg -> classified as: Plots / Charts
[TvkvWjxj3T] figure_3.jpg -> classified as: Qualitative Examples
[TvkvWjxj3T] figure_4.jpg -> classified as: Plots / Charts
[TvkvWjxj3T] figure_1.jpg -> classified as: Qualitative Examples
[TvkvWjxj3T] figure_8.jpg -> classified as: Qualitative Examples
[TvkvWjxj3T] figure_12.jpg -> classified as: Qualitative Examples
[TvkvWjxj3T] figure_10.jpg -> classified as: Qualitative Examples
[TvwsOrl865] figure_2.jpg -> classified as: Plots / Charts
[TvwsOrl865] figure_3.jpg -> classified as: Plots / Charts
[TvwsOrl865] figure_4.jpg -> classified as: Plots / Charts
[TvwsOrl865] figure_1.jpg -> classified as: Plots / Charts
[TwBY17Hgiy] figure_2.jpg -> classified as: Architecture Diagram
[TwBY17Hgiy] figure_3.jpg -> classified as: Qualitative Examples
[TwBY17Hgiy] figure_4.jpg -> classified as: Qualitative Examples
[TwBY17Hgiy] figure_1.jpg -> classified as: Architecture Diagram
[TxIrMD6lAN] figure_5.jpg -> classified as: Plots / Charts
[TxIrMD6lAN] figure_6.jpg -> classified as: Plots / Charts
[TxIrMD6lAN] figure_9.jpg -> classified as: Plots / Charts
[TxIrMD6lAN] figure_2.jpg -> classified as: Architecture Diagram
[TxIrMD6lAN] figure_7.jpg -> classified as: Plots / Charts
[TxIrMD6lAN] figure_3.jpg -> classified as: Plots / Charts
[TxIrMD6lAN] figure_4.jpg -> classified as: Plots / Charts
[TxIrMD6lAN] figure_1.jpg -> classified as: Plots / Charts
[TxIrMD6lAN] figure_8.jpg -> classified as: Plots / Charts
[TykT5YB89r] figure_2.jpg -> classified as: Architecture Diagram
[TykT5YB89r] figure_3.jpg -> classified as: Plots / Charts
[TykT5YB89r] figure_1.jpg -> classified as: Architecture Diagram
[TzcuXQq0aR] figure_5.jpg -> classified as: Plots / Charts
[TzcuXQq0aR] figure_6.jpg -> classified as: Plots / Charts
[TzcuXQq0aR] figure_2.jpg -> classified as: Architecture Diagram
[TzcuXQq0aR] figure_7.jpg -> classified as: Plots / Charts
[TzcuXQq0aR] figure_3.jpg -> classified as: Plots / Charts
[TzcuXQq0aR] figure_4.jpg -> classified as: Plots / Charts
[TzcuXQq0aR] figure_1.jpg -> classified as: Qualitative Examples
[TzdTRC85SQ] figure_5.jpg -> classified as: Qualitative Examples
[TzdTRC85SQ] figure_6.jpg -> classified as: Qualitative Examples
[TzdTRC85SQ] figure_2.jpg -> classified as: Architecture Diagram
[TzdTRC85SQ] figure_3.jpg -> classified as: Qualitative Examples
[TzdTRC85SQ] figure_4.jpg -> classified as: Qualitative Examples
[TzdTRC85SQ] figure_1.jpg -> classified as: Architecture Diagram
[U0IOMStUQ8] figure_5.jpg -> classified as: Qualitative Examples
[U0IOMStUQ8] figure_6.jpg -> classified as: Qualitative Examples
[U0IOMStUQ8] figure_9.jpg -> classified as: Qualitative Examples
[U0IOMStUQ8] figure_13.jpg -> classified as: Qualitative Examples
[U0IOMStUQ8] figure_15.jpg -> classified as: Qualitative Examples
[U0IOMStUQ8] figure_2.jpg -> classified as: Architecture Diagram
[U0IOMStUQ8] figure_11.jpg -> classified as: Plots / Charts
[U0IOMStUQ8] figure_7.jpg -> classified as: Qualitative Examples
[U0IOMStUQ8] figure_3.jpg -> classified as: Architecture Diagram
[U0IOMStUQ8] figure_4.jpg -> classified as: Qualitative Examples
[U0IOMStUQ8] figure_17.jpg -> classified as: Qualitative Examples
[U0IOMStUQ8] figure_1.jpg -> classified as: Qualitative Examples
[U0IOMStUQ8] figure_8.jpg -> classified as: Qualitative Examples
[U0IOMStUQ8] figure_12.jpg -> classified as: Qualitative Examples
[U0IOMStUQ8] figure_14.jpg -> classified as: Qualitative Examples
[U0IOMStUQ8] figure_16.jpg -> classified as: Qualitative Examples
[U0IOMStUQ8] figure_10.jpg -> classified as: Qualitative Examples
[U2K4bQVWez] figure_5.jpg -> classified as: Plots / Charts
[U2K4bQVWez] figure_6.jpg -> classified as: Plots / Charts
[U2K4bQVWez] figure_9.jpg -> classified as: Plots / Charts
[U2K4bQVWez] figure_2.jpg -> classified as: Plots / Charts
[U2K4bQVWez] figure_7.jpg -> classified as: Plots / Charts
[U2K4bQVWez] figure_3.jpg -> classified as: Plots / Charts
[U2K4bQVWez] figure_4.jpg -> classified as: Plots / Charts
[U2K4bQVWez] figure_1.jpg -> classified as: Other
  -> Skipping second pass (Other)
[U2K4bQVWez] figure_8.jpg -> classified as: Plots / Charts
[U2gYoh8gZG] figure_5.jpg -> classified as: Qualitative Examples
[U2gYoh8gZG] figure_9.jpg -> classified as: Qualitative Examples
[U2gYoh8gZG] figure_2.jpg -> classified as: Architecture Diagram
[U2gYoh8gZG] figure_11.jpg -> classified as: Qualitative Examples
[U2gYoh8gZG] figure_7.jpg -> classified as: Qualitative Examples
[U2gYoh8gZG] figure_3.jpg -> classified as: Qualitative Examples
[U2gYoh8gZG] figure_4.jpg -> classified as: Qualitative Examples
[U2gYoh8gZG] figure_1.jpg -> classified as: Qualitative Examples
[U2gYoh8gZG] figure_8.jpg -> classified as: Plots / Charts
[U2gYoh8gZG] figure_12.jpg -> classified as: Qualitative Examples
[U3EzVIsyiP] figure_5.jpg -> classified as: Qualitative Examples
[U3EzVIsyiP] figure_2.jpg -> classified as: Qualitative Examples
[U3EzVIsyiP] figure_3.jpg -> classified as: Architecture Diagram
[U3EzVIsyiP] figure_4.jpg -> classified as: Plots / Charts
[U3EzVIsyiP] figure_1.jpg -> classified as: Plots / Charts
[U3PBITXNG6] figure_5.jpg -> classified as: Qualitative Examples
[U3PBITXNG6] figure_6.jpg -> classified as: Plots / Charts
[U3PBITXNG6] figure_2.jpg -> classified as: Qualitative Examples
[U3PBITXNG6] figure_7.jpg -> classified as: Qualitative Examples
[U3PBITXNG6] figure_3.jpg -> classified as: Plots / Charts
[U3PBITXNG6] figure_4.jpg -> classified as: Plots / Charts
[U3PBITXNG6] figure_1.jpg -> classified as: Plots / Charts
[U3PBITXNG6] figure_8.jpg -> classified as: Qualitative Examples
[U67J0QNtzo] figure_5.jpg -> classified as: Architecture Diagram
[U67J0QNtzo] figure_6.jpg -> classified as: Plots / Charts
[U67J0QNtzo] figure_9.jpg -> classified as: Plots / Charts
[U67J0QNtzo] figure_13.jpg -> classified as: Plots / Charts
[U67J0QNtzo] figure_15.jpg -> classified as: Plots / Charts
[U67J0QNtzo] figure_2.jpg -> classified as: Plots / Charts
[U67J0QNtzo] figure_11.jpg -> classified as: Plots / Charts
[U67J0QNtzo] figure_7.jpg -> classified as: Plots / Charts
[U67J0QNtzo] figure_3.jpg -> classified as: Plots / Charts
[U67J0QNtzo] figure_4.jpg -> classified as: Plots / Charts
[U67J0QNtzo] figure_1.jpg -> classified as: Plots / Charts
[U67J0QNtzo] figure_8.jpg -> classified as: Plots / Charts
[U67J0QNtzo] figure_12.jpg -> classified as: Plots / Charts
[U67J0QNtzo] figure_14.jpg -> classified as: Plots / Charts
[U67J0QNtzo] figure_16.jpg -> classified as: Plots / Charts
[U67J0QNtzo] figure_10.jpg -> classified as: Plots / Charts
[U6hEOZlDf5] figure_5.jpg -> classified as: Architecture Diagram
[U6hEOZlDf5] figure_6.jpg -> classified as: Qualitative Examples
[U6hEOZlDf5] figure_9.jpg -> classified as: Plots / Charts
[U6hEOZlDf5] figure_2.jpg -> classified as: Architecture Diagram
[U6hEOZlDf5] figure_7.jpg -> classified as: Plots / Charts
[U6hEOZlDf5] figure_3.jpg -> classified as: Qualitative Examples
[U6hEOZlDf5] figure_4.jpg -> classified as: Plots / Charts
[U6hEOZlDf5] figure_1.jpg -> classified as: Architecture Diagram
[U6hEOZlDf5] figure_8.jpg -> classified as: Qualitative Examples
[U862lgKUgj] figure_30.jpg -> classified as: Qualitative Examples
[U862lgKUgj] figure_Cap3D__3D_models.jpg -> classified as: Qualitative Examples
[U862lgKUgj] figure_23.jpg -> classified as: Qualitative Examples
[U862lgKUgj] figure_Cap3D__A_collection.jpg -> classified as: Qualitative Examples
[U862lgKUgj] figure_O_u_r.jpg -> classified as: Qualitative Examples
[U862lgKUgj] figure_29.jpg -> classified as: Qualitative Examples
[U862lgKUgj] figure_24.jpg -> classified as: Qualitative Examples
[U862lgKUgj] figure_5.jpg -> classified as: Qualitative Examples
[U862lgKUgj] figure_6.jpg -> classified as: Plots / Charts
[U862lgKUgj] figure_Cap3D__A_3D_6.jpg -> classified as: Qualitative Examples
[U862lgKUgj] figure_Cap3D__A_low.jpg -> classified as: Qualitative Examples
[U862lgKUgj] figure_9.jpg -> classified as: Qualitative Examples
[U862lgKUgj] figure_22.jpg -> classified as: Qualitative Examples
[U862lgKUgj] figure_Cap3D__3D_rendering.jpg -> classified as: Qualitative Examples
[U862lgKUgj] figure_28.jpg -> classified as: Qualitative Examples
[U862lgKUgj] figure_18.jpg -> classified as: Qualitative Examples
[U862lgKUgj] figure_13.jpg -> classified as: Plots / Charts
[U862lgKUgj] figure_Cap3D__A_3D_1.jpg -> classified as: Qualitative Examples
[U862lgKUgj] figure_2.jpg -> classified as: Architecture Diagram
[U862lgKUgj] figure_Cap3D__A_3D_3.jpg -> classified as: Qualitative Examples
[U862lgKUgj] figure_11.jpg -> classified as: Plots / Charts
[U862lgKUgj] figure_Cap3D__A_3D_4.jpg -> classified as: Qualitative Examples
[U862lgKUgj] figure_7.jpg -> classified as: Plots / Charts
[U862lgKUgj] figure_Cap3D__A_3D_2.jpg -> classified as: Qualitative Examples
[U862lgKUgj] figure_3.jpg -> classified as: Other
  -> Skipping second pass (Other)
[U862lgKUgj] figure_4.jpg -> classified as: Architecture Diagram
[U862lgKUgj] figure_31.jpg -> classified as: Qualitative Examples
[U862lgKUgj] figure_17.jpg -> classified as: Qualitative Examples
[U862lgKUgj] figure_Cap3D__3D_model.jpg -> classified as: Qualitative Examples
[U862lgKUgj] figure_Cap3D__A_3D.jpg -> classified as: Qualitative Examples
[U862lgKUgj] figure_1.jpg -> classified as: Qualitative Examples
[U862lgKUgj] figure_27.jpg -> classified as: Qualitative Examples
[U862lgKUgj] figure_Cap3D__Red_Peugeot.jpg -> classified as: Qualitative Examples
[U862lgKUgj] figure_8.jpg -> classified as: Qualitative Examples
[U862lgKUgj] figure_12.jpg -> classified as: Plots / Charts
[U862lgKUgj] figure_25.jpg -> classified as: Qualitative Examples
[U862lgKUgj] figure_21.jpg -> classified as: Qualitative Examples
[U862lgKUgj] figure_Cap3D__A_3D_5.jpg -> classified as: Qualitative Examples
[U862lgKUgj] figure_Cap3D__Yvy_toilet.jpg -> classified as: Other
  -> Skipping second pass (Other)
[U862lgKUgj] figure_26.jpg -> classified as: Qualitative Examples
[U862lgKUgj] figure_14.jpg -> classified as: Qualitative Examples
[U862lgKUgj] figure_16.jpg -> classified as: Qualitative Examples
[U862lgKUgj] figure_10.jpg -> classified as: Plots / Charts
[U9NHClvopO] figure_2.jpg -> classified as: Plots / Charts
[U9NHClvopO] figure_1.jpg -> classified as: Architecture Diagram
[UACXMKAz0Z] figure_5.jpg -> classified as: Plots / Charts
[UACXMKAz0Z] figure_6.jpg -> classified as: Qualitative Examples
[UACXMKAz0Z] figure_“A_gas_stove.jpg -> classified as: Qualitative Examples
[UACXMKAz0Z] figure_9.jpg -> classified as: Qualitative Examples
[UACXMKAz0Z] figure_13.jpg -> classified as: Qualitative Examples
[UACXMKAz0Z] figure_15.jpg -> classified as: Qualitative Examples
[UACXMKAz0Z] figure_2.jpg -> classified as: Plots / Charts
[UACXMKAz0Z] figure_11.jpg -> classified as: Qualitative Examples
[UACXMKAz0Z] figure_7.jpg -> classified as: Qualitative Examples
[UACXMKAz0Z] figure_3.jpg -> classified as: Plots / Charts
[UACXMKAz0Z] figure_4.jpg -> classified as: Plots / Charts
[UACXMKAz0Z] figure_1.jpg -> classified as: Qualitative Examples
[UACXMKAz0Z] figure_8.jpg -> classified as: Plots / Charts
[UACXMKAz0Z] figure_12.jpg -> classified as: Qualitative Examples
[UACXMKAz0Z] figure_14.jpg -> classified as: Qualitative Examples
[UACXMKAz0Z] figure_16.jpg -> classified as: Qualitative Examples
[UACXMKAz0Z] figure_10.jpg -> classified as: Qualitative Examples
[UCOPY3FZQW] figure_5.jpg -> classified as: Plots / Charts
[UCOPY3FZQW] figure_6.jpg -> classified as: Plots / Charts
[UCOPY3FZQW] figure_2.jpg -> classified as: Qualitative Examples
[UCOPY3FZQW] figure_7.jpg -> classified as: Plots / Charts
[UCOPY3FZQW] figure_3.jpg -> classified as: Plots / Charts
[UCOPY3FZQW] figure_4.jpg -> classified as: Plots / Charts
[UCOPY3FZQW] figure_1.jpg -> classified as: Architecture Diagram
[UDeARVACQi] figure_5.jpg -> classified as: Architecture Diagram
[UDeARVACQi] figure_6.jpg -> classified as: Qualitative Examples
[UDeARVACQi] figure_9.jpg -> classified as: Qualitative Examples
[UDeARVACQi] figure_2.jpg -> classified as: Other
  -> Skipping second pass (Other)
[UDeARVACQi] figure_7.jpg -> classified as: Plots / Charts
[UDeARVACQi] figure_3.jpg -> classified as: Qualitative Examples
[UDeARVACQi] figure_4.jpg -> classified as: Qualitative Examples
[UDeARVACQi] figure_1.jpg -> classified as: Qualitative Examples
[UDeARVACQi] figure_8.jpg -> classified as: Plots / Charts
[UDeARVACQi] figure_10.jpg -> classified as: Qualitative Examples
[UE3okxYTUR] figure_5.jpg -> classified as: Qualitative Examples
[UE3okxYTUR] figure_6.jpg -> classified as: Other
  -> Skipping second pass (Other)
[UE3okxYTUR] figure_2.jpg -> classified as: Architecture Diagram
[UE3okxYTUR] figure_3.jpg -> classified as: Plots / Charts
[UE3okxYTUR] figure_4.jpg -> classified as: Plots / Charts
[UE3okxYTUR] figure_1.jpg -> classified as: Architecture Diagram
[UEE13WQlNU] figure_2.jpg -> classified as: Architecture Diagram
[UEE13WQlNU] figure_3.jpg -> classified as: Qualitative Examples
[UEE13WQlNU] figure_4.jpg -> classified as: Qualitative Examples
[UEE13WQlNU] figure_1.jpg -> classified as: Architecture Diagram
[UEP8yRxTfV] figure_5.jpg -> classified as: Plots / Charts
[UEP8yRxTfV] figure_6.jpg -> classified as: Qualitative Examples
[UEP8yRxTfV] figure_9.jpg -> classified as: Qualitative Examples
[UEP8yRxTfV] figure_13.jpg -> classified as: Plots / Charts
[UEP8yRxTfV] figure_15.jpg -> classified as: Qualitative Examples
[UEP8yRxTfV] figure_2.jpg -> classified as: Qualitative Examples
[UEP8yRxTfV] figure_11.jpg -> classified as: Plots / Charts
[UEP8yRxTfV] figure_7.jpg -> classified as: Plots / Charts
[UEP8yRxTfV] figure_3.jpg -> classified as: Qualitative Examples
[UEP8yRxTfV] figure_4.jpg -> classified as: Plots / Charts
[UEP8yRxTfV] figure_1.jpg -> classified as: Other
  -> Skipping second pass (Other)
[UEP8yRxTfV] figure_8.jpg -> classified as: Plots / Charts
[UEP8yRxTfV] figure_12.jpg -> classified as: Qualitative Examples
[UEP8yRxTfV] figure_14.jpg -> classified as: Qualitative Examples
[UEP8yRxTfV] figure_16.jpg -> classified as: Qualitative Examples
[UEP8yRxTfV] figure_10.jpg -> classified as: Qualitative Examples
[UF6CEzAVVr] figure_5.jpg -> classified as: Qualitative Examples
[UF6CEzAVVr] figure_6.jpg -> classified as: Qualitative Examples
[UF6CEzAVVr] figure_9.jpg -> classified as: Qualitative Examples
[UF6CEzAVVr] figure_A_LIGHT_BROWN.jpg -> classified as: Qualitative Examples
[UF6CEzAVVr] figure_A_KITTEN_PLAYING.jpg -> classified as: Qualitative Examples
[UF6CEzAVVr] figure_2.jpg -> classified as: Architecture Diagram
[UF6CEzAVVr] figure_11.jpg -> classified as: Qualitative Examples
[UF6CEzAVVr] figure_7.jpg -> classified as: Qualitative Examples
[UF6CEzAVVr] figure_3.jpg -> classified as: Architecture Diagram
[UF6CEzAVVr] figure_4.jpg -> classified as: Architecture Diagram
[UF6CEzAVVr] figure_AN_APPLE_WITH.jpg -> classified as: Qualitative Examples
[UF6CEzAVVr] figure_1.jpg -> classified as: Qualitative Examples
[UF6CEzAVVr] figure_8.jpg -> classified as: Qualitative Examples
[UF6CEzAVVr] figure_10.jpg -> classified as: Qualitative Examples
[UFBabPTgr2] figure_5.jpg -> classified as: Qualitative Examples
[UFBabPTgr2] figure_2.jpg -> classified as: Architecture Diagram
[UFBabPTgr2] figure_3.jpg -> classified as: Qualitative Examples
[UFBabPTgr2] figure_4.jpg -> classified as: Qualitative Examples
[UFBabPTgr2] figure_1.jpg -> classified as: Architecture Diagram
[UFrHWzZENz] figure_30.jpg -> classified as: Qualitative Examples
[UFrHWzZENz] figure_19.jpg -> classified as: Qualitative Examples
[UFrHWzZENz] figure_a_person_holding.jpg -> classified as: Qualitative Examples
[UFrHWzZENz] figure_a_photo_of.jpg -> classified as: Qualitative Examples
[UFrHWzZENz] figure_23.jpg -> classified as: Qualitative Examples
[UFrHWzZENz] figure_29.jpg -> classified as: Qualitative Examples
[UFrHWzZENz] figure_24.jpg -> classified as: Qualitative Examples
[UFrHWzZENz] figure_a_bird_sitting_1.jpg -> classified as: Qualitative Examples
[UFrHWzZENz] figure_5.jpg -> classified as: Qualitative Examples
[UFrHWzZENz] figure_6.jpg -> classified as: Qualitative Examples
[UFrHWzZENz] figure_9.jpg -> classified as: Qualitative Examples
[UFrHWzZENz] figure_22.jpg -> classified as: Qualitative Examples
[UFrHWzZENz] figure_28.jpg -> classified as: Qualitative Examples
[UFrHWzZENz] figure_18.jpg -> classified as: Qualitative Examples
[UFrHWzZENz] figure_13.jpg -> classified as: Qualitative Examples
[UFrHWzZENz] figure_15.jpg -> classified as: Plots / Charts
[UFrHWzZENz] figure_2.jpg -> classified as: Qualitative Examples
[UFrHWzZENz] figure_35.jpg -> classified as: Qualitative Examples
[UFrHWzZENz] figure_7.jpg -> classified as: Plots / Charts
[UFrHWzZENz] figure_34.jpg -> classified as: Qualitative Examples
[UFrHWzZENz] figure_3.jpg -> classified as: Architecture Diagram
[UFrHWzZENz] figure_unnamed_figure.jpg -> classified as: Qualitative Examples
[UFrHWzZENz] figure_33.jpg -> classified as: Qualitative Examples
[UFrHWzZENz] figure_4.jpg -> classified as: Architecture Diagram
[UFrHWzZENz] figure_a_bird_sitting.jpg -> classified as: Qualitative Examples
[UFrHWzZENz] figure_31.jpg -> classified as: Qualitative Examples
[UFrHWzZENz] figure_17.jpg -> classified as: Qualitative Examples
[UFrHWzZENz] figure_1.jpg -> classified as: Qualitative Examples
[UFrHWzZENz] figure_27.jpg -> classified as: Qualitative Examples
[UFrHWzZENz] figure_12.jpg -> classified as: Qualitative Examples
[UFrHWzZENz] figure_26.jpg -> classified as: Qualitative Examples
[UFrHWzZENz] figure_14.jpg -> classified as: Plots / Charts
[UFrHWzZENz] figure_32.jpg -> classified as: Qualitative Examples
[UFrHWzZENz] figure_16.jpg -> classified as: Qualitative Examples
[UFrHWzZENz] figure_10.jpg -> classified as: Qualitative Examples
[UIFAJZ22ZF] figure_5.jpg -> classified as: Plots / Charts
[UIFAJZ22ZF] figure_6.jpg -> classified as: Qualitative Examples
[UIFAJZ22ZF] figure_9.jpg -> classified as: Plots / Charts
[UIFAJZ22ZF] figure_2.jpg -> classified as: Qualitative Examples
[UIFAJZ22ZF] figure_11.jpg -> classified as: Qualitative Examples
[UIFAJZ22ZF] figure_7.jpg -> classified as: Qualitative Examples
[UIFAJZ22ZF] figure_3.jpg -> classified as: Plots / Charts
[UIFAJZ22ZF] figure_4.jpg -> classified as: Plots / Charts
[UIFAJZ22ZF] figure_1.jpg -> classified as: Qualitative Examples
[UIFAJZ22ZF] figure_8.jpg -> classified as: Qualitative Examples
[UIFAJZ22ZF] figure_10.jpg -> classified as: Plots / Charts
[UJkgGbLfWA] figure_5.jpg -> classified as: Plots / Charts
[UJkgGbLfWA] figure_3.jpg -> classified as: Plots / Charts
[UJkgGbLfWA] figure_1.jpg -> classified as: Qualitative Examples
[UKE7YpUubu] figure_1.jpg -> classified as: Qualitative Examples
[UL8b54P96G] figure_5.jpg -> classified as: Qualitative Examples
[UL8b54P96G] figure_6.jpg -> classified as: Plots / Charts
[UL8b54P96G] figure_9.jpg -> classified as: Qualitative Examples
[UL8b54P96G] figure_2.jpg -> classified as: Architecture Diagram
[UL8b54P96G] figure_7.jpg -> classified as: Qualitative Examples
[UL8b54P96G] figure_3.jpg -> classified as: Qualitative Examples
[UL8b54P96G] figure_1.jpg -> classified as: Qualitative Examples
[UL8b54P96G] figure_8.jpg -> classified as: Qualitative Examples
[UL8b54P96G] figure_10.jpg -> classified as: Qualitative Examples
[UM6QLuOVNi] figure_5.jpg -> classified as: Plots / Charts
[UM6QLuOVNi] figure_6.jpg -> classified as: Plots / Charts
[UM6QLuOVNi] figure_9.jpg -> classified as: Qualitative Examples
[UM6QLuOVNi] figure_2.jpg -> classified as: Architecture Diagram
[UM6QLuOVNi] figure_7.jpg -> classified as: Qualitative Examples
[UM6QLuOVNi] figure_3.jpg -> classified as: Qualitative Examples
[UM6QLuOVNi] figure_4.jpg -> classified as: Qualitative Examples
[UM6QLuOVNi] figure_1.jpg -> classified as: Plots / Charts
[UM6QLuOVNi] figure_8.jpg -> classified as: Qualitative Examples
[UM6QLuOVNi] figure_10.jpg -> classified as: Qualitative Examples
[UN6Ik6OCx8] figure_(b)_The_relationship_1.jpg -> classified as: Plots / Charts
[UN6Ik6OCx8] figure_2.jpg -> classified as: Plots / Charts
[UN6Ik6OCx8] figure_(b)_The_relationship.jpg -> classified as: Plots / Charts
[UN6Ik6OCx8] figure_3.jpg -> classified as: Plots / Charts
[UN6Ik6OCx8] figure_4.jpg -> classified as: Plots / Charts
[UN6Ik6OCx8] figure_1.jpg -> classified as: Architecture Diagram
[UPvufoBAIs] figure_5.jpg -> classified as: Plots / Charts
[UPvufoBAIs] figure_6.jpg -> classified as: Qualitative Examples
[UPvufoBAIs] figure_9.jpg -> classified as: Plots / Charts
[UPvufoBAIs] figure_2.jpg -> classified as: Architecture Diagram
[UPvufoBAIs] figure_7.jpg -> classified as: Architecture Diagram
[UPvufoBAIs] figure_3.jpg -> classified as: Qualitative Examples
[UPvufoBAIs] figure_4.jpg -> classified as: Plots / Charts
[UPvufoBAIs] figure_1.jpg -> classified as: Qualitative Examples
[UPvufoBAIs] figure_8.jpg -> classified as: Plots / Charts
[UQ0RqfhgCk] figure_5.jpg -> classified as: Plots / Charts
[UQ0RqfhgCk] figure_6.jpg -> classified as: Plots / Charts
[UQ0RqfhgCk] figure_2.jpg -> classified as: Architecture Diagram
[UQ0RqfhgCk] figure_3.jpg -> classified as: Plots / Charts
[UQ0RqfhgCk] figure_1.jpg -> classified as: Plots / Charts
[UQJ7CDW8nb] figure_5.jpg -> classified as: Plots / Charts
[UQJ7CDW8nb] figure_6.jpg -> classified as: Architecture Diagram
[UQJ7CDW8nb] figure_9.jpg -> classified as: Plots / Charts
[UQJ7CDW8nb] figure_2.jpg -> classified as: Plots / Charts
[UQJ7CDW8nb] figure_7.jpg -> classified as: Plots / Charts
[UQJ7CDW8nb] figure_3.jpg -> classified as: Plots / Charts
[UQJ7CDW8nb] figure_4.jpg -> classified as: Plots / Charts
[UQJ7CDW8nb] figure_Image__1.jpg -> classified as: Other
  -> Skipping second pass (Other)
[UQJ7CDW8nb] figure_1.jpg -> classified as: Plots / Charts
[UQJ7CDW8nb] figure_8.jpg -> classified as: Plots / Charts
[UQJ7CDW8nb] figure_12.jpg -> classified as: Qualitative Examples
[UQJ7CDW8nb] figure_Image_.jpg -> classified as: Qualitative Examples
[UQJ7CDW8nb] figure_10.jpg -> classified as: Qualitative Examples
[UQVhOVhUi4] figure_19.jpg -> classified as: Qualitative Examples
[UQVhOVhUi4] figure_5.jpg -> classified as: Plots / Charts
[UQVhOVhUi4] figure_9.jpg -> classified as: Qualitative Examples
[UQVhOVhUi4] figure_18.jpg -> classified as: Qualitative Examples
[UQVhOVhUi4] figure_13.jpg -> classified as: Qualitative Examples
[UQVhOVhUi4] figure_15.jpg -> classified as: Qualitative Examples
[UQVhOVhUi4] figure_11.jpg -> classified as: Qualitative Examples
[UQVhOVhUi4] figure_7.jpg -> classified as: Plots / Charts
[UQVhOVhUi4] figure_17.jpg -> classified as: Plots / Charts
[UQVhOVhUi4] figure_1.jpg -> classified as: Plots / Charts
[UQVhOVhUi4] figure_12.jpg -> classified as: Qualitative Examples
[UQVhOVhUi4] figure_14.jpg -> classified as: Qualitative Examples
[UQVhOVhUi4] figure_16.jpg -> classified as: Plots / Charts
[UQVhOVhUi4] figure_10.jpg -> classified as: Qualitative Examples
[UUNTAwJIIn] figure_5.jpg -> classified as: Plots / Charts
[UUNTAwJIIn] figure_9.jpg -> classified as: Qualitative Examples
[UUNTAwJIIn] figure_2.jpg -> classified as: Architecture Diagram
[UUNTAwJIIn] figure_7.jpg -> classified as: Qualitative Examples
[UUNTAwJIIn] figure_3.jpg -> classified as: Plots / Charts
[UUNTAwJIIn] figure_4.jpg -> classified as: Other
  -> Skipping second pass (Other)
[UUNTAwJIIn] figure_1.jpg -> classified as: Qualitative Examples
[UUNTAwJIIn] figure_8.jpg -> classified as: Qualitative Examples
[UVSKuh9eK5] figure_5.jpg -> classified as: Qualitative Examples
[UVSKuh9eK5] figure_6.jpg -> classified as: Plots / Charts
[UVSKuh9eK5] figure_9.jpg -> classified as: Plots / Charts
[UVSKuh9eK5] figure_13.jpg -> classified as: Qualitative Examples
[UVSKuh9eK5] figure_2.jpg -> classified as: Qualitative Examples
[UVSKuh9eK5] figure_11.jpg -> classified as: Plots / Charts
[UVSKuh9eK5] figure_7.jpg -> classified as: Plots / Charts
[UVSKuh9eK5] figure_3.jpg -> classified as: Architecture Diagram
[UVSKuh9eK5] figure_unnamed_figure.jpg -> classified as: Plots / Charts
[UVSKuh9eK5] figure_4.jpg -> classified as: Plots / Charts
[UVSKuh9eK5] figure_1.jpg -> classified as: Plots / Charts
[UVSKuh9eK5] figure_8.jpg -> classified as: Qualitative Examples
[UVSKuh9eK5] figure_12.jpg -> classified as: Plots / Charts
[UVSKuh9eK5] figure_10.jpg -> classified as: Plots / Charts
[UX9lljSZqX] figure_5.jpg -> classified as: Plots / Charts
[UX9lljSZqX] figure_6.jpg -> classified as: Plots / Charts
[UX9lljSZqX] figure_9.jpg -> classified as: Architecture Diagram
[UX9lljSZqX] figure_2.jpg -> classified as: Plots / Charts
[UX9lljSZqX] figure_11.jpg -> classified as: Qualitative Examples
[UX9lljSZqX] figure_7.jpg -> classified as: Plots / Charts
[UX9lljSZqX] figure_3.jpg -> classified as: Architecture Diagram
[UX9lljSZqX] figure_4.jpg -> classified as: Architecture Diagram
[UX9lljSZqX] figure_1.jpg -> classified as: Qualitative Examples
[UX9lljSZqX] figure_8.jpg -> classified as: Plots / Charts
[UX9lljSZqX] figure_12.jpg -> classified as: Qualitative Examples
[UX9lljSZqX] figure_10.jpg -> classified as: Qualitative Examples
[UXALv0lJZS] figure_5.jpg -> classified as: Plots / Charts
[UXALv0lJZS] figure_3.jpg -> classified as: Plots / Charts
[UXALv0lJZS] figure_4.jpg -> classified as: Plots / Charts
[UXALv0lJZS] figure_1.jpg -> classified as: Plots / Charts
[UXNprzZmvZ] figure_5.jpg -> classified as: Plots / Charts
[UXNprzZmvZ] figure_6.jpg -> classified as: Qualitative Examples
[UXNprzZmvZ] figure_2.jpg -> classified as: Architecture Diagram
[UXNprzZmvZ] figure_7.jpg -> classified as: Qualitative Examples
[UXNprzZmvZ] figure_3.jpg -> classified as: Qualitative Examples
[UXNprzZmvZ] figure_4.jpg -> classified as: Qualitative Examples
[UXNprzZmvZ] figure_1.jpg -> classified as: Qualitative Examples
[UXNprzZmvZ] figure_8.jpg -> classified as: Plots / Charts
[UYZRaUCLAg] figure_2.jpg -> classified as: Plots / Charts
[UYZRaUCLAg] figure_3.jpg -> classified as: Plots / Charts
[UYZRaUCLAg] figure_4.jpg -> classified as: Qualitative Examples
[UYZRaUCLAg] figure_1.jpg -> classified as: Architecture Diagram
[UbMYhX60tY] figure_19.jpg -> classified as: Qualitative Examples
[UbMYhX60tY] figure_5.jpg -> classified as: Plots / Charts
[UbMYhX60tY] figure_6.jpg -> classified as: Qualitative Examples
[UbMYhX60tY] figure_9.jpg -> classified as: Plots / Charts
[UbMYhX60tY] figure_18.jpg -> classified as: Qualitative Examples
[UbMYhX60tY] figure_13.jpg -> classified as: Qualitative Examples
[UbMYhX60tY] figure_15.jpg -> classified as: Qualitative Examples
[UbMYhX60tY] figure_2.jpg -> classified as: Plots / Charts
[UbMYhX60tY] figure_11.jpg -> classified as: Plots / Charts
[UbMYhX60tY] figure_7.jpg -> classified as: Plots / Charts
[UbMYhX60tY] figure_3.jpg -> classified as: Plots / Charts
[UbMYhX60tY] figure_4.jpg -> classified as: Architecture Diagram
[UbMYhX60tY] figure_17.jpg -> classified as: Qualitative Examples
[UbMYhX60tY] figure_1.jpg -> classified as: Architecture Diagram
[UbMYhX60tY] figure_8.jpg -> classified as: Plots / Charts
[UbMYhX60tY] figure_12.jpg -> classified as: Qualitative Examples
[UbMYhX60tY] figure_14.jpg -> classified as: Qualitative Examples
[UbMYhX60tY] figure_16.jpg -> classified as: Qualitative Examples
[UbMYhX60tY] figure_10.jpg -> classified as: Plots / Charts
[UbxWjq0UO2] figure_5.jpg -> classified as: Qualitative Examples
[UbxWjq0UO2] figure_6.jpg -> classified as: Qualitative Examples
[UbxWjq0UO2] figure_9.jpg -> classified as: Qualitative Examples
[UbxWjq0UO2] figure_18.jpg -> classified as: Qualitative Examples
[UbxWjq0UO2] figure_13.jpg -> classified as: Architecture Diagram
[UbxWjq0UO2] figure_15.jpg -> classified as: Qualitative Examples
[UbxWjq0UO2] figure_2.jpg -> classified as: Architecture Diagram
[UbxWjq0UO2] figure_20.jpg -> classified as: Qualitative Examples
[UbxWjq0UO2] figure_11.jpg -> classified as: Qualitative Examples
[UbxWjq0UO2] figure_3.jpg -> classified as: Qualitative Examples
[UbxWjq0UO2] figure_unnamed_figure.jpg -> classified as: Qualitative Examples
[UbxWjq0UO2] figure_4.jpg -> classified as: Qualitative Examples
[UbxWjq0UO2] figure_1.jpg -> classified as: Architecture Diagram
[UbxWjq0UO2] figure_12.jpg -> classified as: Qualitative Examples
[UbxWjq0UO2] figure_14.jpg -> classified as: Qualitative Examples
[UbxWjq0UO2] figure_16.jpg -> classified as: Plots / Charts
[UbxWjq0UO2] figure_10.jpg -> classified as: Qualitative Examples
[UchRjcf4z7] figure_5.jpg -> classified as: Plots / Charts
[UchRjcf4z7] figure_6.jpg -> classified as: Plots / Charts
[UchRjcf4z7] figure_9.jpg -> classified as: Plots / Charts
[UchRjcf4z7] figure_13.jpg -> classified as: Plots / Charts
[UchRjcf4z7] figure_15.jpg -> classified as: Plots / Charts
[UchRjcf4z7] figure_2.jpg -> classified as: Plots / Charts
[UchRjcf4z7] figure_11.jpg -> classified as: Plots / Charts
[UchRjcf4z7] figure_7.jpg -> classified as: Plots / Charts
[UchRjcf4z7] figure_3.jpg -> classified as: Plots / Charts
[UchRjcf4z7] figure_4.jpg -> classified as: Plots / Charts
[UchRjcf4z7] figure_1.jpg -> classified as: Qualitative Examples
[UchRjcf4z7] figure_8.jpg -> classified as: Plots / Charts
[UchRjcf4z7] figure_12.jpg -> classified as: Plots / Charts
[UchRjcf4z7] figure_14.jpg -> classified as: Plots / Charts
[UchRjcf4z7] figure_10.jpg -> classified as: Plots / Charts
[UfBIxpTK10] figure_5.jpg -> classified as: Plots / Charts
[UfBIxpTK10] figure_6.jpg -> classified as: Qualitative Examples
[UfBIxpTK10] figure_2.jpg -> classified as: Qualitative Examples
[UfBIxpTK10] figure_7.jpg -> classified as: Plots / Charts
[UfBIxpTK10] figure_3.jpg -> classified as: Plots / Charts
[UfBIxpTK10] figure_4.jpg -> classified as: Plots / Charts
[UfBIxpTK10] figure_1.jpg -> classified as: Qualitative Examples
[UfBIxpTK10] figure_8.jpg -> classified as: Plots / Charts
[Ugs2W5XFFo] figure_SD-2.1-base_Fine-tuned_using.jpg -> classified as: Qualitative Examples
[Ugs2W5XFFo] figure_a_dog_in.jpg -> classified as: Qualitative Examples
[Ugs2W5XFFo] figure_rami_malek_as.jpg -> classified as: Qualitative Examples
[Ugs2W5XFFo] figure_5.jpg -> classified as: Qualitative Examples
[Ugs2W5XFFo] figure_6.jpg -> classified as: Qualitative Examples
[Ugs2W5XFFo] figure_the_eifel_tower.jpg -> classified as: Qualitative Examples
[Ugs2W5XFFo] figure_9.jpg -> classified as: Qualitative Examples
[Ugs2W5XFFo] figure_13.jpg -> classified as: Qualitative Examples
[Ugs2W5XFFo] figure_a_closeup_photorealistic.jpg -> classified as: Qualitative Examples
[Ugs2W5XFFo] figure_2.jpg -> classified as: Plots / Charts
[Ugs2W5XFFo] figure_11.jpg -> classified as: Qualitative Examples
[Ugs2W5XFFo] figure_7.jpg -> classified as: Plots / Charts
[Ugs2W5XFFo] figure_(_(_(.jpg -> classified as: Qualitative Examples
[Ugs2W5XFFo] figure_17.jpg -> classified as: Plots / Charts
[Ugs2W5XFFo] figure_1.jpg -> classified as: Qualitative Examples
[Ugs2W5XFFo] figure_8.jpg -> classified as: Qualitative Examples
[Ugs2W5XFFo] figure_12.jpg -> classified as: Qualitative Examples
[Ugs2W5XFFo] figure_14.jpg -> classified as: Qualitative Examples
[Ugs2W5XFFo] figure_16.jpg -> classified as: Qualitative Examples
[Ugs2W5XFFo] figure_10.jpg -> classified as: Qualitative Examples
[UhcXE3o1R3] figure_2.jpg -> classified as: Qualitative Examples
[UhcXE3o1R3] figure_3.jpg -> classified as: Qualitative Examples
[UhcXE3o1R3] figure_1.jpg -> classified as: Architecture Diagram
[Uj2Wjv0pMY] figure_44.jpg -> classified as: Plots / Charts
[Uj2Wjv0pMY] figure_30.jpg -> classified as: Architecture Diagram
[Uj2Wjv0pMY] figure_43.jpg -> classified as: Qualitative Examples
[Uj2Wjv0pMY] figure_19.jpg -> classified as: Plots / Charts
[Uj2Wjv0pMY] figure_23.jpg -> classified as: Qualitative Examples
[Uj2Wjv0pMY] figure_47.jpg -> classified as: Qualitative Examples
[Uj2Wjv0pMY] figure_29.jpg -> classified as: Architecture Diagram
[Uj2Wjv0pMY] figure_24.jpg -> classified as: Qualitative Examples
[Uj2Wjv0pMY] figure_5.jpg -> classified as: Qualitative Examples
[Uj2Wjv0pMY] figure_6.jpg -> classified as: Plots / Charts
[Uj2Wjv0pMY] figure_9.jpg -> classified as: Qualitative Examples
[Uj2Wjv0pMY] figure_42.jpg -> classified as: Architecture Diagram
[Uj2Wjv0pMY] figure_46.jpg -> classified as: Plots / Charts
[Uj2Wjv0pMY] figure_39.jpg -> classified as: Architecture Diagram
[Uj2Wjv0pMY] figure_22.jpg -> classified as: Qualitative Examples
[Uj2Wjv0pMY] figure_28.jpg -> classified as: Qualitative Examples
[Uj2Wjv0pMY] figure_18.jpg -> classified as: Qualitative Examples
[Uj2Wjv0pMY] figure_13.jpg -> classified as: Architecture Diagram
[Uj2Wjv0pMY] figure_15.jpg -> classified as: Plots / Charts
[Uj2Wjv0pMY] figure_2.jpg -> classified as: Qualitative Examples
[Uj2Wjv0pMY] figure_38.jpg -> classified as: Qualitative Examples
[Uj2Wjv0pMY] figure_20.jpg -> classified as: Plots / Charts
[Uj2Wjv0pMY] figure_11.jpg -> classified as: Qualitative Examples
[Uj2Wjv0pMY] figure_35.jpg -> classified as: Architecture Diagram
[Uj2Wjv0pMY] figure_7.jpg -> classified as: Qualitative Examples
[Uj2Wjv0pMY] figure_34.jpg -> classified as: Architecture Diagram
[Uj2Wjv0pMY] figure_3.jpg -> classified as: Qualitative Examples
[Uj2Wjv0pMY] figure_33.jpg -> classified as: Qualitative Examples
[Uj2Wjv0pMY] figure_4.jpg -> classified as: Plots / Charts
[Uj2Wjv0pMY] figure_36.jpg -> classified as: Architecture Diagram
[Uj2Wjv0pMY] figure_40.jpg -> classified as: Qualitative Examples
[Uj2Wjv0pMY] figure_31.jpg -> classified as: Qualitative Examples
[Uj2Wjv0pMY] figure_17.jpg -> classified as: Plots / Charts
[Uj2Wjv0pMY] figure_41.jpg -> classified as: Qualitative Examples
[Uj2Wjv0pMY] figure_1.jpg -> classified as: Qualitative Examples
[Uj2Wjv0pMY] figure_27.jpg -> classified as: Qualitative Examples
[Uj2Wjv0pMY] figure_37.jpg -> classified as: Architecture Diagram
[Uj2Wjv0pMY] figure_8.jpg -> classified as: Qualitative Examples
[Uj2Wjv0pMY] figure_12.jpg -> classified as: Other
  -> Skipping second pass (Other)
[Uj2Wjv0pMY] figure_25.jpg -> classified as: Qualitative Examples
[Uj2Wjv0pMY] figure_21.jpg -> classified as: Architecture Diagram
[Uj2Wjv0pMY] figure_26.jpg -> classified as: Architecture Diagram
[Uj2Wjv0pMY] figure_32.jpg -> classified as: Qualitative Examples
[Uj2Wjv0pMY] figure_16.jpg -> classified as: Plots / Charts
[Uj2Wjv0pMY] figure_10.jpg -> classified as: Qualitative Examples
[UmMa3UNDAz] figure_A.jpg -> classified as: Plots / Charts
[UmMa3UNDAz] figure_N.jpg -> classified as: Qualitative Examples
[UmMa3UNDAz] figure_I.jpg -> classified as: Qualitative Examples
[UmMa3UNDAz] figure_H.jpg -> classified as: Qualitative Examples
[UmMa3UNDAz] figure_2.jpg -> classified as: Architecture Diagram
[UmMa3UNDAz] figure_F.jpg -> classified as: Qualitative Examples
[UmMa3UNDAz] figure_K.jpg -> classified as: Qualitative Examples
[UmMa3UNDAz] figure_B.jpg -> classified as: Plots / Charts
[UmMa3UNDAz] figure_E.jpg -> classified as: Qualitative Examples
[UmMa3UNDAz] figure_G.jpg -> classified as: Qualitative Examples
[UmMa3UNDAz] figure_3.jpg -> classified as: Plots / Charts
[UmMa3UNDAz] figure_D.jpg -> classified as: Qualitative Examples
[UmMa3UNDAz] figure_J.jpg -> classified as: Qualitative Examples
[UmMa3UNDAz] figure_C.jpg -> classified as: Plots / Charts
[UmMa3UNDAz] figure_1.jpg -> classified as: Plots / Charts
[UmMa3UNDAz] figure_L.jpg -> classified as: Qualitative Examples
[UmMa3UNDAz] figure_M.jpg -> classified as: Qualitative Examples
[UmhC7fuhzs] figure_5.jpg -> classified as: Qualitative Examples
[UmhC7fuhzs] figure_9.jpg -> classified as: Other
  -> Skipping second pass (Other)
[UmhC7fuhzs] figure_13.jpg -> classified as: Qualitative Examples
[UmhC7fuhzs] figure_15.jpg -> classified as: Qualitative Examples
[UmhC7fuhzs] figure_2.jpg -> classified as: Qualitative Examples
[UmhC7fuhzs] figure_11.jpg -> classified as: Qualitative Examples
[UmhC7fuhzs] figure_7.jpg -> classified as: Qualitative Examples
[UmhC7fuhzs] figure_4.jpg -> classified as: Qualitative Examples
[UmhC7fuhzs] figure_17.jpg -> classified as: Qualitative Examples
[UmhC7fuhzs] figure_1.jpg -> classified as: Architecture Diagram
[UmhC7fuhzs] figure_8.jpg -> classified as: Qualitative Examples
[UmhC7fuhzs] figure_12.jpg -> classified as: Architecture Diagram
[UmhC7fuhzs] figure_14.jpg -> classified as: Qualitative Examples
[UmhC7fuhzs] figure_16.jpg -> classified as: Qualitative Examples
[UmhC7fuhzs] figure_10.jpg -> classified as: Qualitative Examples
[Un0rgm9f04] figure_19.jpg -> classified as: Qualitative Examples
[Un0rgm9f04] figure_Condition_Frame_Length__2.jpg -> classified as: Qualitative Examples
[Un0rgm9f04] figure_Condition_Frame_Length_.jpg -> classified as: Qualitative Examples
[Un0rgm9f04] figure_Condition_Frame_Length__1.jpg -> classified as: Qualitative Examples
[Un0rgm9f04] figure_5.jpg -> classified as: Qualitative Examples
[Un0rgm9f04] figure_Condition_Frame_Length__3.jpg -> classified as: Qualitative Examples
[Un0rgm9f04] figure_18.jpg -> classified as: Qualitative Examples
[Un0rgm9f04] figure_13.jpg -> classified as: Qualitative Examples
[Un0rgm9f04] figure_15.jpg -> classified as: Qualitative Examples
[Un0rgm9f04] figure_2.jpg -> classified as: Architecture Diagram
[Un0rgm9f04] figure_20.jpg -> classified as: Qualitative Examples
[Un0rgm9f04] figure_11.jpg -> classified as: Qualitative Examples
[Un0rgm9f04] figure_7.jpg -> classified as: Plots / Charts
[Un0rgm9f04] figure_3.jpg -> classified as: Architecture Diagram
[Un0rgm9f04] figure_4.jpg -> classified as: Architecture Diagram
[Un0rgm9f04] figure_17.jpg -> classified as: Qualitative Examples
[Un0rgm9f04] figure_1.jpg -> classified as: Architecture Diagram
[Un0rgm9f04] figure_8.jpg -> classified as: Qualitative Examples
[Un0rgm9f04] figure_12.jpg -> classified as: Qualitative Examples
[Un0rgm9f04] figure_21.jpg -> classified as: Qualitative Examples
[Un0rgm9f04] figure_14.jpg -> classified as: Qualitative Examples
[Un0rgm9f04] figure_16.jpg -> classified as: Qualitative Examples
[Un0rgm9f04] figure_10.jpg -> classified as: Qualitative Examples
[Unb5CVPtae] figure_5.jpg -> classified as: Plots / Charts
[Unb5CVPtae] figure_6.jpg -> classified as: Plots / Charts
[Unb5CVPtae] figure_9.jpg -> classified as: Plots / Charts
[Unb5CVPtae] figure_2.jpg -> classified as: Architecture Diagram
[Unb5CVPtae] figure_7.jpg -> classified as: Plots / Charts
[Unb5CVPtae] figure_3.jpg -> classified as: Architecture Diagram
[Unb5CVPtae] figure_4.jpg -> classified as: Other
  -> Skipping second pass (Other)
[Unb5CVPtae] figure_1.jpg -> classified as: Architecture Diagram
[Unb5CVPtae] figure_8.jpg -> classified as: Plots / Charts
[Unb5CVPtae] figure_10.jpg -> classified as: Plots / Charts
[UpQLu9bzAR] figure_Listing_1__Prompt.jpg -> classified as: Other
  -> Skipping second pass (Other)
[UpQLu9bzAR] figure_5.jpg -> classified as: Qualitative Examples
[UpQLu9bzAR] figure_6.jpg -> classified as: Plots / Charts
[UpQLu9bzAR] figure_9.jpg -> classified as: Qualitative Examples
[UpQLu9bzAR] figure_2.jpg -> classified as: Architecture Diagram
[UpQLu9bzAR] figure_11.jpg -> classified as: Qualitative Examples
[UpQLu9bzAR] figure_7.jpg -> classified as: Architecture Diagram
[UpQLu9bzAR] figure_3.jpg -> classified as: Plots / Charts
[UpQLu9bzAR] figure_4.jpg -> classified as: Plots / Charts
[UpQLu9bzAR] figure_1.jpg -> classified as: Qualitative Examples
[UpQLu9bzAR] figure_8.jpg -> classified as: Qualitative Examples
[UpQLu9bzAR] figure_12.jpg -> classified as: Qualitative Examples
[UpQLu9bzAR] figure_10.jpg -> classified as: Plots / Charts
[UrbTqU2xrb] figure_5.jpg -> classified as: Qualitative Examples
[UrbTqU2xrb] figure_6.jpg -> classified as: Qualitative Examples
[UrbTqU2xrb] figure_2.jpg -> classified as: Architecture Diagram
[UrbTqU2xrb] figure_7.jpg -> classified as: Qualitative Examples
[UrbTqU2xrb] figure_3.jpg -> classified as: Qualitative Examples
[UrbTqU2xrb] figure_4.jpg -> classified as: Qualitative Examples
[UrbTqU2xrb] figure_1.jpg -> classified as: Qualitative Examples
[UrbTqU2xrb] figure_8.jpg -> classified as: Qualitative Examples
Shard 1 complete.
Task 1 finished
