Starting Task ID: 0
Initializing Qwen Client with model: qwen3-vl-30b-a3b-instruct
Using Data Root: /ceph/hpc/home/euweihez/topcon/d2025d08-005-users/data_src/balanced/balanced_rl/rl/balanced_rl
--- SHARD INFO ---
Job ID: 0 / 4
Processing indices: 0 to 382 (Total: 382 papers)
Outputting to: /ceph/hpc/home/euweihez/topcon/d2025d08-005-users/img_description/rl/image_descriptions_0.json
------------------
[07cehZ97Xb] figure_5.jpg -> classified as: Qualitative Examples
[07cehZ97Xb] figure_6.jpg -> classified as: Qualitative Examples
[07cehZ97Xb] figure_3.jpg -> classified as: Qualitative Examples
[07cehZ97Xb] figure_4.jpg -> classified as: Plots / Charts
[07cehZ97Xb] figure_1.jpg -> classified as: Architecture Diagram
[0Ce3c9l7G1] figure_5.jpg -> classified as: Plots / Charts
[0Ce3c9l7G1] figure_6.jpg -> classified as: Plots / Charts
[0Ce3c9l7G1] figure_9.jpg -> classified as: Qualitative Examples
[0Ce3c9l7G1] figure_2.jpg -> classified as: Plots / Charts
[0Ce3c9l7G1] figure_11.jpg -> classified as: Plots / Charts
[0Ce3c9l7G1] figure_7.jpg -> classified as: Qualitative Examples
[0Ce3c9l7G1] figure_3.jpg -> classified as: Qualitative Examples
[0Ce3c9l7G1] figure_4.jpg -> classified as: Plots / Charts
[0Ce3c9l7G1] figure_1.jpg -> classified as: Architecture Diagram
[0Ce3c9l7G1] figure_8.jpg -> classified as: Plots / Charts
[0Ce3c9l7G1] figure_10.jpg -> classified as: Plots / Charts
[0FK6tzqV76] figure_2.jpg -> classified as: Architecture Diagram
[0FK6tzqV76] figure_3.jpg -> classified as: Qualitative Examples
[0FK6tzqV76] figure_1.jpg -> classified as: Architecture Diagram
[0H6DFoZZXZ] figure_(d)_An_example.jpg -> classified as: Qualitative Examples
[0H6DFoZZXZ] figure_(a)_An_example.jpg -> classified as: Qualitative Examples
[0H6DFoZZXZ] figure_5.jpg -> classified as: Plots / Charts
[0H6DFoZZXZ] figure_9.jpg -> classified as: Plots / Charts
[0H6DFoZZXZ] figure_(c)_An_example.jpg -> classified as: Qualitative Examples
[0H6DFoZZXZ] figure_2.jpg -> classified as: Qualitative Examples
[0H6DFoZZXZ] figure_3.jpg -> classified as: Qualitative Examples
[0H6DFoZZXZ] figure_4.jpg -> classified as: Plots / Charts
[0H6DFoZZXZ] figure_1.jpg -> classified as: Architecture Diagram
[0H6DFoZZXZ] figure_(b)_An_example.jpg -> classified as: Qualitative Examples
[0H6DFoZZXZ] figure_8.jpg -> classified as: Plots / Charts
[0HIMHjYhYe] figure_2.jpg -> classified as: Architecture Diagram
[0HIMHjYhYe] figure_3.jpg -> classified as: Qualitative Examples
[0HIMHjYhYe] figure_4.jpg -> classified as: Plots / Charts
[0HIMHjYhYe] figure_1.jpg -> classified as: Architecture Diagram
[0JwxMqKGxa] figure_5.jpg -> classified as: Qualitative Examples
[0JwxMqKGxa] figure_6.jpg -> classified as: Plots / Charts
[0JwxMqKGxa] figure_9.jpg -> classified as: Plots / Charts
[0JwxMqKGxa] figure_2.jpg -> classified as: Architecture Diagram
[0JwxMqKGxa] figure_7.jpg -> classified as: Plots / Charts
[0JwxMqKGxa] figure_3.jpg -> classified as: Qualitative Examples
[0JwxMqKGxa] figure_4.jpg -> classified as: Architecture Diagram
[0JwxMqKGxa] figure_1.jpg -> classified as: Plots / Charts
[0JwxMqKGxa] figure_8.jpg -> classified as: Plots / Charts
[0PcJAHbSmc] figure_5.jpg -> classified as: Qualitative Examples
[0PcJAHbSmc] figure_6.jpg -> classified as: Qualitative Examples
[0PcJAHbSmc] figure_9.jpg -> classified as: Qualitative Examples
[0PcJAHbSmc] figure_2.jpg -> classified as: Architecture Diagram
[0PcJAHbSmc] figure_11.jpg -> classified as: Qualitative Examples
[0PcJAHbSmc] figure_7.jpg -> classified as: Plots / Charts
[0PcJAHbSmc] figure_3.jpg -> classified as: Architecture Diagram
[0PcJAHbSmc] figure_4.jpg -> classified as: Qualitative Examples
[0PcJAHbSmc] figure_1.jpg -> classified as: Architecture Diagram
[0PcJAHbSmc] figure_8.jpg -> classified as: Qualitative Examples
[0PcJAHbSmc] figure_10.jpg -> classified as: Qualitative Examples
[0QnKnt411O] figure_5.jpg -> classified as: Plots / Charts
[0QnKnt411O] figure_6.jpg -> classified as: Plots / Charts
[0QnKnt411O] figure_9.jpg -> classified as: Plots / Charts
[0QnKnt411O] figure_2.jpg -> classified as: Plots / Charts
[0QnKnt411O] figure_11.jpg -> classified as: Plots / Charts
[0QnKnt411O] figure_7.jpg -> classified as: Plots / Charts
[0QnKnt411O] figure_3.jpg -> classified as: Plots / Charts
[0QnKnt411O] figure_4.jpg -> classified as: Architecture Diagram
[0QnKnt411O] figure_1.jpg -> classified as: Plots / Charts
[0QnKnt411O] figure_8.jpg -> classified as: Qualitative Examples
[0QnKnt411O] figure_10.jpg -> classified as: Plots / Charts
[0UvlnHgaii] figure_5.jpg -> classified as: Qualitative Examples
[0UvlnHgaii] figure_6.jpg -> classified as: Plots / Charts
[0UvlnHgaii] figure_9.jpg -> classified as: Plots / Charts
[0UvlnHgaii] figure_2.jpg -> classified as: Qualitative Examples
[0UvlnHgaii] figure_7.jpg -> classified as: Plots / Charts
[0UvlnHgaii] figure_3.jpg -> classified as: Plots / Charts
[0UvlnHgaii] figure_4.jpg -> classified as: Plots / Charts
[0UvlnHgaii] figure_1.jpg -> classified as: Architecture Diagram
[0UvlnHgaii] figure_8.jpg -> classified as: Plots / Charts
[0YkZe9nwiC] figure_2.jpg -> classified as: Architecture Diagram
[0YkZe9nwiC] figure_3.jpg -> classified as: Plots / Charts
[0YkZe9nwiC] figure_1.jpg -> classified as: Architecture Diagram
[0aR1s9YxoL] figure_19.jpg -> classified as: Plots / Charts
[0aR1s9YxoL] figure_5.jpg -> classified as: Plots / Charts
[0aR1s9YxoL] figure_6.jpg -> classified as: Plots / Charts
[0aR1s9YxoL] figure_9.jpg -> classified as: Plots / Charts
[0aR1s9YxoL] figure_18.jpg -> classified as: Plots / Charts
[0aR1s9YxoL] figure_13.jpg -> classified as: Plots / Charts
[0aR1s9YxoL] figure_15.jpg -> classified as: Plots / Charts
[0aR1s9YxoL] figure_2.jpg -> classified as: Plots / Charts
[0aR1s9YxoL] figure_20.jpg -> classified as: Plots / Charts
[0aR1s9YxoL] figure_11.jpg -> classified as: Plots / Charts
[0aR1s9YxoL] figure_3.jpg -> classified as: Plots / Charts
[0aR1s9YxoL] figure_4.jpg -> classified as: Plots / Charts
[0aR1s9YxoL] figure_17.jpg -> classified as: Plots / Charts
[0aR1s9YxoL] figure_1.jpg -> classified as: Plots / Charts
[0aR1s9YxoL] figure_8.jpg -> classified as: Plots / Charts
[0aR1s9YxoL] figure_12.jpg -> classified as: Plots / Charts
[0aR1s9YxoL] figure_21.jpg -> classified as: Plots / Charts
[0aR1s9YxoL] figure_14.jpg -> classified as: Plots / Charts
[0aR1s9YxoL] figure_16.jpg -> classified as: Plots / Charts
[0akLDTFR9x] figure_5.jpg -> classified as: Qualitative Examples
[0akLDTFR9x] figure_6.jpg -> classified as: Plots / Charts
[0akLDTFR9x] figure_9.jpg -> classified as: Qualitative Examples
[0akLDTFR9x] figure_13.jpg -> classified as: Plots / Charts
[0akLDTFR9x] figure_2.jpg -> classified as: Plots / Charts
[0akLDTFR9x] figure_11.jpg -> classified as: Plots / Charts
[0akLDTFR9x] figure_7.jpg -> classified as: Plots / Charts
[0akLDTFR9x] figure_3.jpg -> classified as: Plots / Charts
[0akLDTFR9x] figure_4.jpg -> classified as: Architecture Diagram
[0akLDTFR9x] figure_1.jpg -> classified as: Architecture Diagram
[0akLDTFR9x] figure_8.jpg -> classified as: Qualitative Examples
[0akLDTFR9x] figure_12.jpg -> classified as: Plots / Charts
[0akLDTFR9x] figure_10.jpg -> classified as: Plots / Charts
[0bcUyy2vdY] figure_5.jpg -> classified as: Plots / Charts
[0bcUyy2vdY] figure_2.jpg -> classified as: Plots / Charts
[0bcUyy2vdY] figure_3.jpg -> classified as: Plots / Charts
[0bcUyy2vdY] figure_4.jpg -> classified as: Plots / Charts
[0bcUyy2vdY] figure_1.jpg -> classified as: Plots / Charts
[0d1gQI114C] figure_2.jpg -> classified as: Plots / Charts
[0d1gQI114C] figure_3.jpg -> classified as: Plots / Charts
[0d1gQI114C] figure_1.jpg -> classified as: Architecture Diagram
[0e2pcSxQJS] figure_5.jpg -> classified as: Plots / Charts
[0e2pcSxQJS] figure_6.jpg -> classified as: Plots / Charts
[0e2pcSxQJS] figure_9.jpg -> classified as: Plots / Charts
[0e2pcSxQJS] figure_2.jpg -> classified as: Plots / Charts
[0e2pcSxQJS] figure_11.jpg -> classified as: Plots / Charts
[0e2pcSxQJS] figure_7.jpg -> classified as: Plots / Charts
[0e2pcSxQJS] figure_3.jpg -> classified as: Plots / Charts
[0e2pcSxQJS] figure_4.jpg -> classified as: Plots / Charts
[0e2pcSxQJS] figure_1.jpg -> classified as: Plots / Charts
[0e2pcSxQJS] figure_8.jpg -> classified as: Plots / Charts
[0e2pcSxQJS] figure_12.jpg -> classified as: Plots / Charts
[0e2pcSxQJS] figure_10.jpg -> classified as: Plots / Charts
[0nJEgNpb4l] figure_19.jpg -> classified as: Qualitative Examples
[0nJEgNpb4l] figure_5.jpg -> classified as: Plots / Charts
[0nJEgNpb4l] figure_9.jpg -> classified as: Plots / Charts
[0nJEgNpb4l] figure_18.jpg -> classified as: Qualitative Examples
[0nJEgNpb4l] figure_13.jpg -> classified as: Plots / Charts
[0nJEgNpb4l] figure_15.jpg -> classified as: Plots / Charts
[0nJEgNpb4l] figure_20.jpg -> classified as: Qualitative Examples
[0nJEgNpb4l] figure_11.jpg -> classified as: Plots / Charts
[0nJEgNpb4l] figure_7.jpg -> classified as: Plots / Charts
[0nJEgNpb4l] figure_3.jpg -> classified as: Plots / Charts
[0nJEgNpb4l] figure_4.jpg -> classified as: Plots / Charts
[0nJEgNpb4l] figure_17.jpg -> classified as: Qualitative Examples
[0nJEgNpb4l] figure_1.jpg -> classified as: Qualitative Examples
[0nJEgNpb4l] figure_8.jpg -> classified as: Plots / Charts
[0nJEgNpb4l] figure_12.jpg -> classified as: Plots / Charts
[0nJEgNpb4l] figure_21.jpg -> classified as: Qualitative Examples
[0nJEgNpb4l] figure_14.jpg -> classified as: Plots / Charts
[0nJEgNpb4l] figure_16.jpg -> classified as: Qualitative Examples
[0nJEgNpb4l] figure_10.jpg -> classified as: Plots / Charts
[0oWGVvC6oq] figure_2.jpg -> classified as: Plots / Charts
[0oWGVvC6oq] figure_3.jpg -> classified as: Plots / Charts
[0oWGVvC6oq] figure_1.jpg -> classified as: Architecture Diagram
[0t1O8ziRZp] figure_5.jpg -> classified as: Plots / Charts
[0t1O8ziRZp] figure_6.jpg -> classified as: Plots / Charts
[0t1O8ziRZp] figure_9.jpg -> classified as: Plots / Charts
[0t1O8ziRZp] figure_2.jpg -> classified as: Plots / Charts
[0t1O8ziRZp] figure_11.jpg -> classified as: Plots / Charts
[0t1O8ziRZp] figure_7.jpg -> classified as: Plots / Charts
[0t1O8ziRZp] figure_3.jpg -> classified as: Architecture Diagram
[0t1O8ziRZp] figure_4.jpg -> classified as: Architecture Diagram
[0t1O8ziRZp] figure_1.jpg -> classified as: Architecture Diagram
[0t1O8ziRZp] figure_8.jpg -> classified as: Plots / Charts
[0t1O8ziRZp] figure_12.jpg -> classified as: Plots / Charts
[0t1O8ziRZp] figure_10.jpg -> classified as: Plots / Charts
[0tWTxYYPnW] figure_2.jpg -> classified as: Architecture Diagram
[0tWTxYYPnW] figure_3.jpg -> classified as: Plots / Charts
[0tWTxYYPnW] figure_1.jpg -> classified as: Architecture Diagram
[0uRc3CfJIQ] figure_19.jpg -> classified as: Plots / Charts
[0uRc3CfJIQ] figure_23.jpg -> classified as: Plots / Charts
[0uRc3CfJIQ] figure_24.jpg -> classified as: Plots / Charts
[0uRc3CfJIQ] figure_5.jpg -> classified as: Plots / Charts
[0uRc3CfJIQ] figure_6.jpg -> classified as: Plots / Charts
[0uRc3CfJIQ] figure_9.jpg -> classified as: Plots / Charts
[0uRc3CfJIQ] figure_22.jpg -> classified as: Plots / Charts
[0uRc3CfJIQ] figure_18.jpg -> classified as: Plots / Charts
[0uRc3CfJIQ] figure_13.jpg -> classified as: Plots / Charts
[0uRc3CfJIQ] figure_15.jpg -> classified as: Plots / Charts
[0uRc3CfJIQ] figure_2.jpg -> classified as: Plots / Charts
[0uRc3CfJIQ] figure_20.jpg -> classified as: Plots / Charts
[0uRc3CfJIQ] figure_11.jpg -> classified as: Plots / Charts
[0uRc3CfJIQ] figure_7.jpg -> classified as: Plots / Charts
[0uRc3CfJIQ] figure_3.jpg -> classified as: Plots / Charts
[0uRc3CfJIQ] figure_4.jpg -> classified as: Plots / Charts
[0uRc3CfJIQ] figure_17.jpg -> classified as: Plots / Charts
[0uRc3CfJIQ] figure_1.jpg -> classified as: Plots / Charts
[0uRc3CfJIQ] figure_8.jpg -> classified as: Plots / Charts
[0uRc3CfJIQ] figure_12.jpg -> classified as: Plots / Charts
[0uRc3CfJIQ] figure_25.jpg -> classified as: Plots / Charts
[0uRc3CfJIQ] figure_21.jpg -> classified as: Plots / Charts
[0uRc3CfJIQ] figure_14.jpg -> classified as: Plots / Charts
[0uRc3CfJIQ] figure_16.jpg -> classified as: Plots / Charts
[0uRc3CfJIQ] figure_10.jpg -> classified as: Plots / Charts
[0ydseYDKRi] figure_B5.jpg -> classified as: Plots / Charts
[0ydseYDKRi] figure_J12.jpg -> classified as: Plots / Charts
[0ydseYDKRi] figure_5.jpg -> classified as: Plots / Charts
[0ydseYDKRi] figure_B3.jpg -> classified as: Plots / Charts
[0ydseYDKRi] figure_D7.jpg -> classified as: Plots / Charts
[0ydseYDKRi] figure_L14.jpg -> classified as: Plots / Charts
[0ydseYDKRi] figure_D6.jpg -> classified as: Architecture Diagram
[0ydseYDKRi] figure_J13.jpg -> classified as: Plots / Charts
[0ydseYDKRi] figure_2.jpg -> classified as: Plots / Charts
[0ydseYDKRi] figure_I11.jpg -> classified as: Plots / Charts
[0ydseYDKRi] figure_B4.jpg -> classified as: Plots / Charts
[0ydseYDKRi] figure_F8.jpg -> classified as: Plots / Charts
[0ydseYDKRi] figure_B2.jpg -> classified as: Plots / Charts
[0ydseYDKRi] figure_3.jpg -> classified as: Plots / Charts
[0ydseYDKRi] figure_4.jpg -> classified as: Plots / Charts
[0ydseYDKRi] figure_I10.jpg -> classified as: Plots / Charts
[0ydseYDKRi] figure_1.jpg -> classified as: Plots / Charts
[0ydseYDKRi] figure_B1.jpg -> classified as: Plots / Charts
[0ydseYDKRi] figure_F9.jpg -> classified as: Plots / Charts
[11xgiMEI5o] figure_5.jpg -> classified as: Qualitative Examples
[11xgiMEI5o] figure_6.jpg -> classified as: Qualitative Examples
[11xgiMEI5o] figure_9.jpg -> classified as: Qualitative Examples
[11xgiMEI5o] figure_2.jpg -> classified as: Architecture Diagram
[11xgiMEI5o] figure_11.jpg -> classified as: Qualitative Examples
[11xgiMEI5o] figure_7.jpg -> classified as: Qualitative Examples
[11xgiMEI5o] figure_3.jpg -> classified as: Architecture Diagram
[11xgiMEI5o] figure_4.jpg -> classified as: Qualitative Examples
[11xgiMEI5o] figure_1.jpg -> classified as: Qualitative Examples
[11xgiMEI5o] figure_8.jpg -> classified as: Qualitative Examples
[11xgiMEI5o] figure_12.jpg -> classified as: Qualitative Examples
[11xgiMEI5o] figure_10.jpg -> classified as: Qualitative Examples
[14E7S17hFv] figure_5.jpg -> classified as: Plots / Charts
[14E7S17hFv] figure_6.jpg -> classified as: Plots / Charts
[14E7S17hFv] figure_2.jpg -> classified as: Plots / Charts
[14E7S17hFv] figure_3.jpg -> classified as: Plots / Charts
[14E7S17hFv] figure_4.jpg -> classified as: Plots / Charts
[14E7S17hFv] figure_1.jpg -> classified as: Plots / Charts
[1EEst6oDU7] figure_5.jpg -> classified as: Plots / Charts
[1EEst6oDU7] figure_6.jpg -> classified as: Plots / Charts
[1EEst6oDU7] figure_9.jpg -> classified as: Plots / Charts
[1EEst6oDU7] figure_2.jpg -> classified as: Plots / Charts
[1EEst6oDU7] figure_3.jpg -> classified as: Plots / Charts
[1EEst6oDU7] figure_4.jpg -> classified as: Plots / Charts
[1EEst6oDU7] figure_1.jpg -> classified as: Architecture Diagram
[1EEst6oDU7] figure_8.jpg -> classified as: Qualitative Examples
[1EEst6oDU7] figure_10.jpg -> classified as: Qualitative Examples
[1OGhJCGdcP] figure_2.jpg -> classified as: Plots / Charts
[1OGhJCGdcP] figure_3.jpg -> classified as: Plots / Charts
[1OGhJCGdcP] figure_4.jpg -> classified as: Plots / Charts
[1OGhJCGdcP] figure_1.jpg -> classified as: Plots / Charts
[1PPjf4wife] figure_2.jpg -> classified as: Architecture Diagram
[1PPjf4wife] figure_3.jpg -> classified as: Plots / Charts
[1PPjf4wife] figure_4.jpg -> classified as: Plots / Charts
[1PPjf4wife] figure_1.jpg -> classified as: Architecture Diagram
[1RE0H6mU7M] figure_2.jpg -> classified as: Plots / Charts
[1RE0H6mU7M] figure_3.jpg -> classified as: Plots / Charts
[1RE0H6mU7M] figure_4.jpg -> classified as: Plots / Charts
[1RE0H6mU7M] figure_1.jpg -> classified as: Plots / Charts
[1VeQ6VBbev] figure_2.jpg -> classified as: Plots / Charts
[1VeQ6VBbev] figure_1.jpg -> classified as: Plots / Charts
[1X1R7P6yzt] figure_5.jpg -> classified as: Plots / Charts
[1X1R7P6yzt] figure_6.jpg -> classified as: Plots / Charts
[1X1R7P6yzt] figure_9.jpg -> classified as: Plots / Charts
[1X1R7P6yzt] figure_13.jpg -> classified as: Plots / Charts
[1X1R7P6yzt] figure_15.jpg -> classified as: Architecture Diagram
[1X1R7P6yzt] figure_2.jpg -> classified as: Qualitative Examples
[1X1R7P6yzt] figure_11.jpg -> classified as: Plots / Charts
[1X1R7P6yzt] figure_7.jpg -> classified as: Plots / Charts
[1X1R7P6yzt] figure_3.jpg -> classified as: Plots / Charts
[1X1R7P6yzt] figure_4.jpg -> classified as: Plots / Charts
[1X1R7P6yzt] figure_1.jpg -> classified as: Architecture Diagram
[1X1R7P6yzt] figure_8.jpg -> classified as: Plots / Charts
[1X1R7P6yzt] figure_12.jpg -> classified as: Plots / Charts
[1X1R7P6yzt] figure_14.jpg -> classified as: Plots / Charts
[1X1R7P6yzt] figure_10.jpg -> classified as: Plots / Charts
[1YYp1rPRlm] figure_5.jpg -> classified as: Plots / Charts
[1YYp1rPRlm] figure_6.jpg -> classified as: Plots / Charts
[1YYp1rPRlm] figure_2.jpg -> classified as: Plots / Charts
[1YYp1rPRlm] figure_3.jpg -> classified as: Plots / Charts
[1YYp1rPRlm] figure_4.jpg -> classified as: Plots / Charts
[1YYp1rPRlm] figure_1.jpg -> classified as: Architecture Diagram
[1d2cLKeNgY] figure_5.jpg -> classified as: Qualitative Examples
[1d2cLKeNgY] figure_6.jpg -> classified as: Qualitative Examples
[1d2cLKeNgY] figure_2.jpg -> classified as: Qualitative Examples
[1d2cLKeNgY] figure_7.jpg -> classified as: Qualitative Examples
[1d2cLKeNgY] figure_3.jpg -> classified as: Architecture Diagram
[1d2cLKeNgY] figure_4.jpg -> classified as: Plots / Charts
[1d2cLKeNgY] figure_1.jpg -> classified as: Architecture Diagram
[1d2cLKeNgY] figure_8.jpg -> classified as: Qualitative Examples
[1olDGAXncb] figure_5.jpg -> classified as: Plots / Charts
[1olDGAXncb] figure_6.jpg -> classified as: Plots / Charts
[1olDGAXncb] figure_9.jpg -> classified as: Plots / Charts
[1olDGAXncb] figure_13.jpg -> classified as: Plots / Charts
[1olDGAXncb] figure_2.jpg -> classified as: Plots / Charts
[1olDGAXncb] figure_11.jpg -> classified as: Plots / Charts
[1olDGAXncb] figure_7.jpg -> classified as: Plots / Charts
[1olDGAXncb] figure_3.jpg -> classified as: Plots / Charts
[1olDGAXncb] figure_4.jpg -> classified as: Plots / Charts
[1olDGAXncb] figure_1.jpg -> classified as: Plots / Charts
[1olDGAXncb] figure_8.jpg -> classified as: Plots / Charts
[1olDGAXncb] figure_12.jpg -> classified as: Plots / Charts
[1olDGAXncb] figure_14.jpg -> classified as: Plots / Charts
[1olDGAXncb] figure_10.jpg -> classified as: Plots / Charts
[1vCnDyQkjg] figure_5.jpg -> classified as: Qualitative Examples
[1vCnDyQkjg] figure_6.jpg -> classified as: Plots / Charts
[1vCnDyQkjg] figure_2.jpg -> classified as: Architecture Diagram
[1vCnDyQkjg] figure_3.jpg -> classified as: Architecture Diagram
[1vCnDyQkjg] figure_4.jpg -> classified as: Architecture Diagram
[1vCnDyQkjg] figure_1.jpg -> classified as: Architecture Diagram
[1vDArHJ68h] figure_19.jpg -> classified as: Plots / Charts
[1vDArHJ68h] figure_23.jpg -> classified as: Plots / Charts
[1vDArHJ68h] figure_24.jpg -> classified as: Plots / Charts
[1vDArHJ68h] figure_5.jpg -> classified as: Plots / Charts
[1vDArHJ68h] figure_6.jpg -> classified as: Plots / Charts
[1vDArHJ68h] figure_9.jpg -> classified as: Plots / Charts
[1vDArHJ68h] figure_22.jpg -> classified as: Plots / Charts
[1vDArHJ68h] figure_18.jpg -> classified as: Plots / Charts
[1vDArHJ68h] figure_13.jpg -> classified as: Plots / Charts
[1vDArHJ68h] figure_15.jpg -> classified as: Plots / Charts
[1vDArHJ68h] figure_2.jpg -> classified as: Plots / Charts
[1vDArHJ68h] figure_20.jpg -> classified as: Plots / Charts
[1vDArHJ68h] figure_11.jpg -> classified as: Plots / Charts
[1vDArHJ68h] figure_7.jpg -> classified as: Plots / Charts
[1vDArHJ68h] figure_3.jpg -> classified as: Plots / Charts
[1vDArHJ68h] figure_4.jpg -> classified as: Plots / Charts
[1vDArHJ68h] figure_17.jpg -> classified as: Plots / Charts
[1vDArHJ68h] figure_1.jpg -> classified as: Architecture Diagram
[1vDArHJ68h] figure_27.jpg -> classified as: Plots / Charts
[1vDArHJ68h] figure_8.jpg -> classified as: Plots / Charts
[1vDArHJ68h] figure_12.jpg -> classified as: Plots / Charts
[1vDArHJ68h] figure_25.jpg -> classified as: Plots / Charts
[1vDArHJ68h] figure_21.jpg -> classified as: Plots / Charts
[1vDArHJ68h] figure_26.jpg -> classified as: Plots / Charts
[1vDArHJ68h] figure_14.jpg -> classified as: Plots / Charts
[1vDArHJ68h] figure_16.jpg -> classified as: Plots / Charts
[1vDArHJ68h] figure_10.jpg -> classified as: Plots / Charts
[1zuJZ1jGvT] figure_5.jpg -> classified as: Plots / Charts
[1zuJZ1jGvT] figure_6.jpg -> classified as: Plots / Charts
[1zuJZ1jGvT] figure_2.jpg -> classified as: Architecture Diagram
[1zuJZ1jGvT] figure_3.jpg -> classified as: Plots / Charts
[1zuJZ1jGvT] figure_4.jpg -> classified as: Plots / Charts
[1zuJZ1jGvT] figure_1.jpg -> classified as: Architecture Diagram
[20qZK2T7fa] figure_5.jpg -> classified as: Plots / Charts
[20qZK2T7fa] figure_6.jpg -> classified as: Plots / Charts
[20qZK2T7fa] figure_9.jpg -> classified as: Plots / Charts
[20qZK2T7fa] figure_13.jpg -> classified as: Plots / Charts
[20qZK2T7fa] figure_2.jpg -> classified as: Plots / Charts
[20qZK2T7fa] figure_11.jpg -> classified as: Plots / Charts
[20qZK2T7fa] figure_7.jpg -> classified as: Plots / Charts
[20qZK2T7fa] figure_3.jpg -> classified as: Plots / Charts
[20qZK2T7fa] figure_4.jpg -> classified as: Plots / Charts
[20qZK2T7fa] figure_1.jpg -> classified as: Architecture Diagram
[20qZK2T7fa] figure_8.jpg -> classified as: Plots / Charts
[20qZK2T7fa] figure_12.jpg -> classified as: Qualitative Examples
[20qZK2T7fa] figure_14.jpg -> classified as: Plots / Charts
[20qZK2T7fa] figure_10.jpg -> classified as: Plots / Charts
[228XQpErvW] figure_5.jpg -> classified as: Plots / Charts
[228XQpErvW] figure_6.jpg -> classified as: Plots / Charts
[228XQpErvW] figure_9.jpg -> classified as: Plots / Charts
[228XQpErvW] figure_2.jpg -> classified as: Plots / Charts
[228XQpErvW] figure_11.jpg -> classified as: Plots / Charts
[228XQpErvW] figure_7.jpg -> classified as: Plots / Charts
[228XQpErvW] figure_3.jpg -> classified as: Plots / Charts
[228XQpErvW] figure_4.jpg -> classified as: Plots / Charts
[228XQpErvW] figure_1.jpg -> classified as: Plots / Charts
[228XQpErvW] figure_8.jpg -> classified as: Plots / Charts
[228XQpErvW] figure_12.jpg -> classified as: Plots / Charts
[228XQpErvW] figure_10.jpg -> classified as: Plots / Charts
[254NJe9JEw] figure_5.jpg -> classified as: Plots / Charts
[254NJe9JEw] figure_6.jpg -> classified as: Architecture Diagram
[254NJe9JEw] figure_2.jpg -> classified as: Architecture Diagram
[254NJe9JEw] figure_7.jpg -> classified as: Plots / Charts
[254NJe9JEw] figure_3.jpg -> classified as: Architecture Diagram
[254NJe9JEw] figure_4.jpg -> classified as: Plots / Charts
[254NJe9JEw] figure_1.jpg -> classified as: Architecture Diagram
[29pGC6IYaL] figure_5.jpg -> classified as: Plots / Charts
[29pGC6IYaL] figure_6.jpg -> classified as: Plots / Charts
[29pGC6IYaL] figure_2.jpg -> classified as: Plots / Charts
[29pGC6IYaL] figure_7.jpg -> classified as: Plots / Charts
[29pGC6IYaL] figure_4.jpg -> classified as: Plots / Charts
[29pGC6IYaL] figure_1.jpg -> classified as: Architecture Diagram
[2C3CWCPxNS] figure_2.jpg -> classified as: Plots / Charts
[2C3CWCPxNS] figure_3.jpg -> classified as: Plots / Charts
[2C3CWCPxNS] figure_1.jpg -> classified as: Plots / Charts
[2Chkk5Ye2s] figure_5.jpg -> classified as: Plots / Charts
[2Chkk5Ye2s] figure_6.jpg -> classified as: Qualitative Examples
[2Chkk5Ye2s] figure_13.jpg -> classified as: Qualitative Examples
[2Chkk5Ye2s] figure_2.jpg -> classified as: Plots / Charts
[2Chkk5Ye2s] figure_11.jpg -> classified as: Plots / Charts
[2Chkk5Ye2s] figure_7.jpg -> classified as: Plots / Charts
[2Chkk5Ye2s] figure_3.jpg -> classified as: Plots / Charts
[2Chkk5Ye2s] figure_4.jpg -> classified as: Plots / Charts
[2Chkk5Ye2s] figure_1.jpg -> classified as: Qualitative Examples
[2Chkk5Ye2s] figure_8.jpg -> classified as: Qualitative Examples
[2Chkk5Ye2s] figure_12.jpg -> classified as: Plots / Charts
[2Chkk5Ye2s] figure_10.jpg -> classified as: Qualitative Examples
[2IBdk8cUdC] figure_A10.jpg -> classified as: Qualitative Examples
[2IBdk8cUdC] figure_A7.jpg -> classified as: Qualitative Examples
[2IBdk8cUdC] figure_5.jpg -> classified as: Architecture Diagram
[2IBdk8cUdC] figure_A1.jpg -> classified as: Architecture Diagram
[2IBdk8cUdC] figure_6.jpg -> classified as: Qualitative Examples
[2IBdk8cUdC] figure_A8.jpg -> classified as: Qualitative Examples
[2IBdk8cUdC] figure_A2.jpg -> classified as: Plots / Charts
[2IBdk8cUdC] figure_2.jpg -> classified as: Architecture Diagram
[2IBdk8cUdC] figure_A11.jpg -> classified as: Qualitative Examples
[2IBdk8cUdC] figure_7.jpg -> classified as: Architecture Diagram
[2IBdk8cUdC] figure_3.jpg -> classified as: Architecture Diagram
[2IBdk8cUdC] figure_4.jpg -> classified as: Qualitative Examples
[2IBdk8cUdC] figure_A6.jpg -> classified as: Qualitative Examples
[2IBdk8cUdC] figure_1.jpg -> classified as: Architecture Diagram
[2IBdk8cUdC] figure_A4.jpg -> classified as: Architecture Diagram
[2IBdk8cUdC] figure_A5.jpg -> classified as: Qualitative Examples
[2IBdk8cUdC] figure_A9.jpg -> classified as: Qualitative Examples
[2IBdk8cUdC] figure_A3.jpg -> classified as: Plots / Charts
[2IoFFexvuw] figure_5.jpg -> classified as: Qualitative Examples
[2IoFFexvuw] figure_6.jpg -> classified as: Qualitative Examples
[2IoFFexvuw] figure_9.jpg -> classified as: Qualitative Examples
[2IoFFexvuw] figure_13.jpg -> classified as: Qualitative Examples
[2IoFFexvuw] figure_2.jpg -> classified as: Plots / Charts
[2IoFFexvuw] figure_11.jpg -> classified as: Plots / Charts
[2IoFFexvuw] figure_7.jpg -> classified as: Qualitative Examples
[2IoFFexvuw] figure_3.jpg -> classified as: Plots / Charts
[2IoFFexvuw] figure_4.jpg -> classified as: Plots / Charts
[2IoFFexvuw] figure_1.jpg -> classified as: Architecture Diagram
[2IoFFexvuw] figure_8.jpg -> classified as: Qualitative Examples
[2IoFFexvuw] figure_12.jpg -> classified as: Qualitative Examples
[2IoFFexvuw] figure_14.jpg -> classified as: Qualitative Examples
[2IoFFexvuw] figure_10.jpg -> classified as: Qualitative Examples
[2LHzKdb8Ao] figure_5.jpg -> classified as: Plots / Charts
[2LHzKdb8Ao] figure_6.jpg -> classified as: Plots / Charts
[2LHzKdb8Ao] figure_9.jpg -> classified as: Qualitative Examples
[2LHzKdb8Ao] figure_13.jpg -> classified as: Qualitative Examples
[2LHzKdb8Ao] figure_2.jpg -> classified as: Architecture Diagram
[2LHzKdb8Ao] figure_11.jpg -> classified as: Qualitative Examples
[2LHzKdb8Ao] figure_7.jpg -> classified as: Plots / Charts
[2LHzKdb8Ao] figure_3.jpg -> classified as: Qualitative Examples
[2LHzKdb8Ao] figure_4.jpg -> classified as: Qualitative Examples
[2LHzKdb8Ao] figure_1.jpg -> classified as: Qualitative Examples
[2LHzKdb8Ao] figure_8.jpg -> classified as: Qualitative Examples
[2LHzKdb8Ao] figure_12.jpg -> classified as: Plots / Charts
[2LHzKdb8Ao] figure_10.jpg -> classified as: Qualitative Examples
[2NpAw2QJBY] figure_5.jpg -> classified as: Plots / Charts
[2NpAw2QJBY] figure_6.jpg -> classified as: Plots / Charts
[2NpAw2QJBY] figure_9.jpg -> classified as: Plots / Charts
[2NpAw2QJBY] figure_2.jpg -> classified as: Architecture Diagram
[2NpAw2QJBY] figure_11.jpg -> classified as: Plots / Charts
[2NpAw2QJBY] figure_7.jpg -> classified as: Plots / Charts
[2NpAw2QJBY] figure_3.jpg -> classified as: Architecture Diagram
[2NpAw2QJBY] figure_4.jpg -> classified as: Qualitative Examples
[2NpAw2QJBY] figure_1.jpg -> classified as: Architecture Diagram
[2NpAw2QJBY] figure_8.jpg -> classified as: Plots / Charts
[2NpAw2QJBY] figure_10.jpg -> classified as: Plots / Charts
[2NqrA1wYi6] figure_5.jpg -> classified as: Plots / Charts
[2NqrA1wYi6] figure_2.jpg -> classified as: Architecture Diagram
[2NqrA1wYi6] figure_3.jpg -> classified as: Architecture Diagram
[2NqrA1wYi6] figure_4.jpg -> classified as: Other
  -> Skipping second pass (Other)
[2NqrA1wYi6] figure_1.jpg -> classified as: Architecture Diagram
[2PRpcmJecX] figure_2.jpg -> classified as: Plots / Charts
[2PRpcmJecX] figure_3.jpg -> classified as: Architecture Diagram
[2PRpcmJecX] figure_1.jpg -> classified as: Plots / Charts
[2R7498e2Tx] figure_5.jpg -> classified as: Plots / Charts
[2R7498e2Tx] figure_6.jpg -> classified as: Plots / Charts
[2R7498e2Tx] figure_9.jpg -> classified as: Plots / Charts
[2R7498e2Tx] figure_2.jpg -> classified as: Architecture Diagram
[2R7498e2Tx] figure_7.jpg -> classified as: Architecture Diagram
[2R7498e2Tx] figure_3.jpg -> classified as: Qualitative Examples
[2R7498e2Tx] figure_4.jpg -> classified as: Plots / Charts
[2R7498e2Tx] figure_1.jpg -> classified as: Qualitative Examples
[2R7498e2Tx] figure_8.jpg -> classified as: Plots / Charts
[2SwHngthig] figure_5.jpg -> classified as: Plots / Charts
[2SwHngthig] figure_6.jpg -> classified as: Plots / Charts
[2SwHngthig] figure_9.jpg -> classified as: Plots / Charts
[2SwHngthig] figure_2.jpg -> classified as: Architecture Diagram
[2SwHngthig] figure_7.jpg -> classified as: Qualitative Examples
[2SwHngthig] figure_3.jpg -> classified as: Plots / Charts
[2SwHngthig] figure_4.jpg -> classified as: Plots / Charts
[2SwHngthig] figure_1.jpg -> classified as: Architecture Diagram
[2SwHngthig] figure_8.jpg -> classified as: Plots / Charts
[2TasVD7FXp] figure_5.jpg -> classified as: Plots / Charts
[2TasVD7FXp] figure_6.jpg -> classified as: Plots / Charts
[2TasVD7FXp] figure_9.jpg -> classified as: Plots / Charts
[2TasVD7FXp] figure_(b)_Mitigation_and.jpg -> classified as: Plots / Charts
[2TasVD7FXp] figure_13.jpg -> classified as: Plots / Charts
[2TasVD7FXp] figure_2.jpg -> classified as: Plots / Charts
[2TasVD7FXp] figure_11.jpg -> classified as: Plots / Charts
[2TasVD7FXp] figure_7.jpg -> classified as: Plots / Charts
[2TasVD7FXp] figure_3.jpg -> classified as: Plots / Charts
[2TasVD7FXp] figure_unnamed_figure.jpg -> classified as: Plots / Charts
[2TasVD7FXp] figure_4.jpg -> classified as: Plots / Charts
[2TasVD7FXp] figure_1.jpg -> classified as: Architecture Diagram
[2TasVD7FXp] figure_8.jpg -> classified as: Plots / Charts
[2TasVD7FXp] figure_12.jpg -> classified as: Plots / Charts
[2TasVD7FXp] figure_10.jpg -> classified as: Plots / Charts
[2UozyR49ZB] figure_5.jpg -> classified as: Plots / Charts
[2UozyR49ZB] figure_6.jpg -> classified as: Plots / Charts
[2UozyR49ZB] figure_9.jpg -> classified as: Architecture Diagram
[2UozyR49ZB] figure_2.jpg -> classified as: Architecture Diagram
[2UozyR49ZB] figure_11.jpg -> classified as: Other
  -> Skipping second pass (Other)
[2UozyR49ZB] figure_7.jpg -> classified as: Plots / Charts
[2UozyR49ZB] figure_3.jpg -> classified as: Architecture Diagram
[2UozyR49ZB] figure_4.jpg -> classified as: Plots / Charts
[2UozyR49ZB] figure_1.jpg -> classified as: Architecture Diagram
[2UozyR49ZB] figure_8.jpg -> classified as: Plots / Charts
[2UozyR49ZB] figure_12.jpg -> classified as: Plots / Charts
[2UozyR49ZB] figure_10.jpg -> classified as: Plots / Charts
[2eIembMRQJ] figure_5.jpg -> classified as: Plots / Charts
[2eIembMRQJ] figure_6.jpg -> classified as: Plots / Charts
[2eIembMRQJ] figure_9.jpg -> classified as: Plots / Charts
[2eIembMRQJ] figure_2.jpg -> classified as: Plots / Charts
[2eIembMRQJ] figure_7.jpg -> classified as: Plots / Charts
[2eIembMRQJ] figure_3.jpg -> classified as: Plots / Charts
[2eIembMRQJ] figure_4.jpg -> classified as: Plots / Charts
[2eIembMRQJ] figure_(b)_ATS_with.jpg -> classified as: Plots / Charts
[2eIembMRQJ] figure_1.jpg -> classified as: Plots / Charts
[2eIembMRQJ] figure_8.jpg -> classified as: Plots / Charts
[2eIembMRQJ] figure_10.jpg -> classified as: Plots / Charts
[2fgzf8u5fP] figure_(f)_Molecules_(by.jpg -> classified as: Qualitative Examples
[2fgzf8u5fP] figure_5.jpg -> classified as: Plots / Charts
[2fgzf8u5fP] figure_6.jpg -> classified as: Plots / Charts
[2fgzf8u5fP] figure_9.jpg -> classified as: Qualitative Examples
[2fgzf8u5fP] figure_13.jpg -> classified as: Qualitative Examples
[2fgzf8u5fP] figure_15.jpg -> classified as: Qualitative Examples
[2fgzf8u5fP] figure_2.jpg -> classified as: Plots / Charts
[2fgzf8u5fP] figure_11.jpg -> classified as: Qualitative Examples
[2fgzf8u5fP] figure_7.jpg -> classified as: Plots / Charts
[2fgzf8u5fP] figure_3.jpg -> classified as: Plots / Charts
[2fgzf8u5fP] figure_4.jpg -> classified as: Qualitative Examples
[2fgzf8u5fP] figure_1.jpg -> classified as: Architecture Diagram
[2fgzf8u5fP] figure_8.jpg -> classified as: Qualitative Examples
[2fgzf8u5fP] figure_12.jpg -> classified as: Qualitative Examples
[2fgzf8u5fP] figure_14.jpg -> classified as: Qualitative Examples
[2fgzf8u5fP] figure_16.jpg -> classified as: Qualitative Examples
[2fgzf8u5fP] figure_10.jpg -> classified as: Qualitative Examples
[2iYVBqRHK4] figure_2.jpg -> classified as: Plots / Charts
[2iYVBqRHK4] figure_4.jpg -> classified as: Plots / Charts
[2iYVBqRHK4] figure_1.jpg -> classified as: Plots / Charts
[2int61IpaP] figure_2.jpg -> classified as: Plots / Charts
[2int61IpaP] figure_1.jpg -> classified as: Architecture Diagram
[2nrn8LRpex] figure_2.jpg -> classified as: Plots / Charts
[2nrn8LRpex] figure_1.jpg -> classified as: Qualitative Examples
[2pJpFtdVNe] figure_5.jpg -> classified as: Architecture Diagram
[2pJpFtdVNe] figure_6.jpg -> classified as: Other
  -> Skipping second pass (Other)
[2pJpFtdVNe] figure_2.jpg -> classified as: Plots / Charts
[2pJpFtdVNe] figure_7.jpg -> classified as: Plots / Charts
[2pJpFtdVNe] figure_3.jpg -> classified as: Plots / Charts
[2pJpFtdVNe] figure_4.jpg -> classified as: Architecture Diagram
[2pJpFtdVNe] figure_1.jpg -> classified as: Plots / Charts
[2qLSkTuqrb] figure_5.jpg -> classified as: Plots / Charts
[2qLSkTuqrb] figure_2.jpg -> classified as: Plots / Charts
[2qLSkTuqrb] figure_3.jpg -> classified as: Plots / Charts
[2qLSkTuqrb] figure_4.jpg -> classified as: Plots / Charts
[2qLSkTuqrb] figure_1.jpg -> classified as: Plots / Charts
[2tIyA5cri8] figure_19.jpg -> classified as: Plots / Charts
[2tIyA5cri8] figure_5.jpg -> classified as: Plots / Charts
[2tIyA5cri8] figure_6.jpg -> classified as: Plots / Charts
[2tIyA5cri8] figure_9.jpg -> classified as: Plots / Charts
[2tIyA5cri8] figure_18.jpg -> classified as: Plots / Charts
[2tIyA5cri8] figure_13.jpg -> classified as: Plots / Charts
[2tIyA5cri8] figure_15.jpg -> classified as: Plots / Charts
[2tIyA5cri8] figure_2.jpg -> classified as: Plots / Charts
[2tIyA5cri8] figure_20.jpg -> classified as: Plots / Charts
[2tIyA5cri8] figure_11.jpg -> classified as: Plots / Charts
[2tIyA5cri8] figure_7.jpg -> classified as: Plots / Charts
[2tIyA5cri8] figure_3.jpg -> classified as: Plots / Charts
[2tIyA5cri8] figure_4.jpg -> classified as: Plots / Charts
[2tIyA5cri8] figure_17.jpg -> classified as: Plots / Charts
[2tIyA5cri8] figure_1.jpg -> classified as: Architecture Diagram
[2tIyA5cri8] figure_8.jpg -> classified as: Plots / Charts
[2tIyA5cri8] figure_12.jpg -> classified as: Plots / Charts
[2tIyA5cri8] figure_21.jpg -> classified as: Plots / Charts
[2tIyA5cri8] figure_14.jpg -> classified as: Plots / Charts
[2tIyA5cri8] figure_16.jpg -> classified as: Plots / Charts
[2tIyA5cri8] figure_10.jpg -> classified as: Plots / Charts
[2uPZ4aX1VV] figure_5.jpg -> classified as: Plots / Charts
[2uPZ4aX1VV] figure_6.jpg -> classified as: Architecture Diagram
[2uPZ4aX1VV] figure_9.jpg -> classified as: Architecture Diagram
[2uPZ4aX1VV] figure_13.jpg -> classified as: Qualitative Examples
[2uPZ4aX1VV] figure_15.jpg -> classified as: Qualitative Examples
[2uPZ4aX1VV] figure_2.jpg -> classified as: Architecture Diagram
[2uPZ4aX1VV] figure_11.jpg -> classified as: Plots / Charts
[2uPZ4aX1VV] figure_7.jpg -> classified as: Plots / Charts
[2uPZ4aX1VV] figure_3.jpg -> classified as: Other
  -> Skipping second pass (Other)
[2uPZ4aX1VV] figure_4.jpg -> classified as: Plots / Charts
[2uPZ4aX1VV] figure_1.jpg -> classified as: Architecture Diagram
[2uPZ4aX1VV] figure_8.jpg -> classified as: Architecture Diagram
[2uPZ4aX1VV] figure_12.jpg -> classified as: Plots / Charts
[2uPZ4aX1VV] figure_14.jpg -> classified as: Qualitative Examples
[2uPZ4aX1VV] figure_16.jpg -> classified as: Qualitative Examples
[2uPZ4aX1VV] figure_10.jpg -> classified as: Plots / Charts
[2uQBSa2X4R] figure_5.jpg -> classified as: Plots / Charts
[2uQBSa2X4R] figure_6.jpg -> classified as: Plots / Charts
[2uQBSa2X4R] figure_9.jpg -> classified as: Plots / Charts
[2uQBSa2X4R] figure_13.jpg -> classified as: Plots / Charts
[2uQBSa2X4R] figure_15.jpg -> classified as: Plots / Charts
[2uQBSa2X4R] figure_2.jpg -> classified as: Architecture Diagram
[2uQBSa2X4R] figure_11.jpg -> classified as: Plots / Charts
[2uQBSa2X4R] figure_7.jpg -> classified as: Plots / Charts
[2uQBSa2X4R] figure_3.jpg -> classified as: Qualitative Examples
[2uQBSa2X4R] figure_4.jpg -> classified as: Plots / Charts
[2uQBSa2X4R] figure_1.jpg -> classified as: Architecture Diagram
[2uQBSa2X4R] figure_8.jpg -> classified as: Plots / Charts
[2uQBSa2X4R] figure_12.jpg -> classified as: Plots / Charts
[2uQBSa2X4R] figure_14.jpg -> classified as: Architecture Diagram
[2uQBSa2X4R] figure_16.jpg -> classified as: Qualitative Examples
[2uQBSa2X4R] figure_10.jpg -> classified as: Plots / Charts
[2vgcDW2blS] figure_5.jpg -> classified as: Plots / Charts
[2vgcDW2blS] figure_6.jpg -> classified as: Plots / Charts
[2vgcDW2blS] figure_9.jpg -> classified as: Plots / Charts
[2vgcDW2blS] figure_18.jpg -> classified as: Plots / Charts
[2vgcDW2blS] figure_13.jpg -> classified as: Plots / Charts
[2vgcDW2blS] figure_15.jpg -> classified as: Plots / Charts
[2vgcDW2blS] figure_2.jpg -> classified as: Architecture Diagram
[2vgcDW2blS] figure_11.jpg -> classified as: Plots / Charts
[2vgcDW2blS] figure_7.jpg -> classified as: Architecture Diagram
[2vgcDW2blS] figure_3.jpg -> classified as: Plots / Charts
[2vgcDW2blS] figure_4.jpg -> classified as: Plots / Charts
[2vgcDW2blS] figure_17.jpg -> classified as: Plots / Charts
[2vgcDW2blS] figure_1.jpg -> classified as: Plots / Charts
[2vgcDW2blS] figure_8.jpg -> classified as: Plots / Charts
[2vgcDW2blS] figure_12.jpg -> classified as: Plots / Charts
[2vgcDW2blS] figure_14.jpg -> classified as: Plots / Charts
[2vgcDW2blS] figure_16.jpg -> classified as: Plots / Charts
[2vgcDW2blS] figure_10.jpg -> classified as: Plots / Charts
[30L0rr9W8A] figure_5.jpg -> classified as: Plots / Charts
[30L0rr9W8A] figure_6.jpg -> classified as: Plots / Charts
[30L0rr9W8A] figure_2.jpg -> classified as: Architecture Diagram
[30L0rr9W8A] figure_7.jpg -> classified as: Plots / Charts
[30L0rr9W8A] figure_3.jpg -> classified as: Plots / Charts
[30L0rr9W8A] figure_4.jpg -> classified as: Plots / Charts
[30L0rr9W8A] figure_1.jpg -> classified as: Architecture Diagram
[324fOKW1wO] figure_5.jpg -> classified as: Plots / Charts
[324fOKW1wO] figure_6.jpg -> classified as: Architecture Diagram
[324fOKW1wO] figure_2.jpg -> classified as: Architecture Diagram
[324fOKW1wO] figure_7.jpg -> classified as: Plots / Charts
[324fOKW1wO] figure_3.jpg -> classified as: Plots / Charts
[324fOKW1wO] figure_4.jpg -> classified as: Qualitative Examples
[324fOKW1wO] figure_1.jpg -> classified as: Plots / Charts
[324fOKW1wO] figure_8.jpg -> classified as: Qualitative Examples
[36L7W3ri4U] figure_Figure_${__textbf.jpg -> classified as: Plots / Charts
[36L7W3ri4U] figure_5.jpg -> classified as: Plots / Charts
[36L7W3ri4U] figure_6.jpg -> classified as: Plots / Charts
[36L7W3ri4U] figure_9.jpg -> classified as: Plots / Charts
[36L7W3ri4U] figure_2.jpg -> classified as: Plots / Charts
[36L7W3ri4U] figure_7.jpg -> classified as: Plots / Charts
[36L7W3ri4U] figure_3.jpg -> classified as: Plots / Charts
[36L7W3ri4U] figure_1.jpg -> classified as: Plots / Charts
[36L7W3ri4U] figure_8.jpg -> classified as: Plots / Charts
[37f8b1ZDzS] figure_5.jpg -> classified as: Architecture Diagram
[37f8b1ZDzS] figure_6.jpg -> classified as: Qualitative Examples
[37f8b1ZDzS] figure_2.jpg -> classified as: Plots / Charts
[37f8b1ZDzS] figure_3.jpg -> classified as: Plots / Charts
[37f8b1ZDzS] figure_4.jpg -> classified as: Plots / Charts
[37f8b1ZDzS] figure_1.jpg -> classified as: Plots / Charts
[38BBWrXUhP] figure_2.jpg -> classified as: Plots / Charts
[38BBWrXUhP] figure_1.jpg -> classified as: Plots / Charts
[38E4yUbrgr] figure_5.jpg -> classified as: Plots / Charts
[38E4yUbrgr] figure_6.jpg -> classified as: Plots / Charts
[38E4yUbrgr] figure_9.jpg -> classified as: Plots / Charts
[38E4yUbrgr] figure_2.jpg -> classified as: Plots / Charts
[38E4yUbrgr] figure_7.jpg -> classified as: Plots / Charts
[38E4yUbrgr] figure_3.jpg -> classified as: Plots / Charts
[38E4yUbrgr] figure_4.jpg -> classified as: Architecture Diagram
[38E4yUbrgr] figure_1.jpg -> classified as: Architecture Diagram
[38E4yUbrgr] figure_8.jpg -> classified as: Plots / Charts
[38kLrJNwaM] figure_A_2.jpg -> classified as: Plots / Charts
[38kLrJNwaM] figure_A.jpg -> classified as: Qualitative Examples
[38kLrJNwaM] figure_2.jpg -> classified as: Plots / Charts
[38kLrJNwaM] figure_A_1.jpg -> classified as: Plots / Charts
[38kLrJNwaM] figure_3.jpg -> classified as: Plots / Charts
[38kLrJNwaM] figure_1.jpg -> classified as: Architecture Diagram
[39JM3A3KS3] figure_2.jpg -> classified as: Plots / Charts
[39JM3A3KS3] figure_3.jpg -> classified as: Plots / Charts
[39JM3A3KS3] figure_4.jpg -> classified as: Plots / Charts
[39JM3A3KS3] figure_1.jpg -> classified as: Plots / Charts
[3ARp595Ucc] figure_5.jpg -> classified as: Plots / Charts
[3ARp595Ucc] figure_6.jpg -> classified as: Plots / Charts
[3ARp595Ucc] figure_9.jpg -> classified as: Qualitative Examples
[3ARp595Ucc] figure_2.jpg -> classified as: Qualitative Examples
[3ARp595Ucc] figure_11.jpg -> classified as: Plots / Charts
[3ARp595Ucc] figure_7.jpg -> classified as: Architecture Diagram
[3ARp595Ucc] figure_3.jpg -> classified as: Plots / Charts
[3ARp595Ucc] figure_4.jpg -> classified as: Plots / Charts
[3ARp595Ucc] figure_1.jpg -> classified as: Qualitative Examples
[3ARp595Ucc] figure_8.jpg -> classified as: Plots / Charts
[3ARp595Ucc] figure_12.jpg -> classified as: Plots / Charts
[3ARp595Ucc] figure_10.jpg -> classified as: Plots / Charts
[3ENBquM4b4] figure_5.jpg -> classified as: Plots / Charts
[3ENBquM4b4] figure_6.jpg -> classified as: Plots / Charts
[3ENBquM4b4] figure_9.jpg -> classified as: Plots / Charts
[3ENBquM4b4] figure_13.jpg -> classified as: Plots / Charts
[3ENBquM4b4] figure_2.jpg -> classified as: Architecture Diagram
[3ENBquM4b4] figure_11.jpg -> classified as: Plots / Charts
[3ENBquM4b4] figure_7.jpg -> classified as: Plots / Charts
[3ENBquM4b4] figure_3.jpg -> classified as: Architecture Diagram
[3ENBquM4b4] figure_4.jpg -> classified as: Plots / Charts
[3ENBquM4b4] figure_1.jpg -> classified as: Plots / Charts
[3ENBquM4b4] figure_8.jpg -> classified as: Qualitative Examples
[3ENBquM4b4] figure_12.jpg -> classified as: Plots / Charts
[3ENBquM4b4] figure_14.jpg -> classified as: Qualitative Examples
[3ENBquM4b4] figure_10.jpg -> classified as: Plots / Charts
[3Gzz7ZQLiz] figure_5.jpg -> classified as: Plots / Charts
[3Gzz7ZQLiz] figure_6.jpg -> classified as: Architecture Diagram
[3Gzz7ZQLiz] figure_9.jpg -> classified as: Plots / Charts
[3Gzz7ZQLiz] figure_13.jpg -> classified as: Other
  -> Skipping second pass (Other)
[3Gzz7ZQLiz] figure_2.jpg -> classified as: Architecture Diagram
[3Gzz7ZQLiz] figure_11.jpg -> classified as: Qualitative Examples
[3Gzz7ZQLiz] figure_7.jpg -> classified as: Plots / Charts
[3Gzz7ZQLiz] figure_3.jpg -> classified as: Architecture Diagram
[3Gzz7ZQLiz] figure_4.jpg -> classified as: Architecture Diagram
[3Gzz7ZQLiz] figure_1.jpg -> classified as: Plots / Charts
[3Gzz7ZQLiz] figure_8.jpg -> classified as: Plots / Charts
[3Gzz7ZQLiz] figure_12.jpg -> classified as: Other
  -> Skipping second pass (Other)
[3Gzz7ZQLiz] figure_14.jpg -> classified as: Plots / Charts
[3Gzz7ZQLiz] figure_10.jpg -> classified as: Other
  -> Skipping second pass (Other)
[3IFRygQKGL] figure_5.jpg -> classified as: Qualitative Examples
[3IFRygQKGL] figure_6.jpg -> classified as: Plots / Charts
[3IFRygQKGL] figure_2.jpg -> classified as: Architecture Diagram
[3IFRygQKGL] figure_7.jpg -> classified as: Plots / Charts
[3IFRygQKGL] figure_3.jpg -> classified as: Architecture Diagram
[3IFRygQKGL] figure_4.jpg -> classified as: Qualitative Examples
[3IFRygQKGL] figure_1.jpg -> classified as: Architecture Diagram
[3K3s9qxSn7] figure_5.jpg -> classified as: Plots / Charts
[3K3s9qxSn7] figure_6.jpg -> classified as: Plots / Charts
[3K3s9qxSn7] figure_9.jpg -> classified as: Plots / Charts
[3K3s9qxSn7] figure_2.jpg -> classified as: Architecture Diagram
[3K3s9qxSn7] figure_7.jpg -> classified as: Plots / Charts
[3K3s9qxSn7] figure_3.jpg -> classified as: Plots / Charts
[3K3s9qxSn7] figure_4.jpg -> classified as: Plots / Charts
[3K3s9qxSn7] figure_1.jpg -> classified as: Architecture Diagram
[3K3s9qxSn7] figure_8.jpg -> classified as: Plots / Charts
[3OtVLnXfmS] figure_2.jpg -> classified as: Architecture Diagram
[3OtVLnXfmS] figure_3.jpg -> classified as: Qualitative Examples
[3OtVLnXfmS] figure_4.jpg -> classified as: Qualitative Examples
[3OtVLnXfmS] figure_1.jpg -> classified as: Architecture Diagram
[3OzQhhPLyW] figure_(a)_Optimization_trajectories..jpg -> classified as: Qualitative Examples
[3OzQhhPLyW] figure_3.jpg -> classified as: Plots / Charts
[3OzQhhPLyW] figure_4.jpg -> classified as: Plots / Charts
[3OzQhhPLyW] figure_1.jpg -> classified as: Plots / Charts
[3RSLW9YSgk] figure_F_1.jpg -> classified as: Qualitative Examples
[3RSLW9YSgk] figure_K_1.jpg -> classified as: Qualitative Examples
[3RSLW9YSgk] figure_N.jpg -> classified as: Qualitative Examples
[3RSLW9YSgk] figure_N_5.jpg -> classified as: Qualitative Examples
[3RSLW9YSgk] figure_5.jpg -> classified as: Qualitative Examples
[3RSLW9YSgk] figure_N_2.jpg -> classified as: Qualitative Examples
[3RSLW9YSgk] figure_N_1.jpg -> classified as: Qualitative Examples
[3RSLW9YSgk] figure_H.jpg -> classified as: Qualitative Examples
[3RSLW9YSgk] figure_2.jpg -> classified as: Architecture Diagram
[3RSLW9YSgk] figure_F.jpg -> classified as: Qualitative Examples
[3RSLW9YSgk] figure_K.jpg -> classified as: Qualitative Examples
[3RSLW9YSgk] figure_3.jpg -> classified as: Qualitative Examples
[3RSLW9YSgk] figure_4.jpg -> classified as: Plots / Charts
[3RSLW9YSgk] figure_L_1.jpg -> classified as: Qualitative Examples
[3RSLW9YSgk] figure_C.jpg -> classified as: Plots / Charts
[3RSLW9YSgk] figure_1.jpg -> classified as: Architecture Diagram
[3RSLW9YSgk] figure_F_2.jpg -> classified as: Qualitative Examples
[3RSLW9YSgk] figure_N_3.jpg -> classified as: Qualitative Examples
[3RSLW9YSgk] figure_L.jpg -> classified as: Qualitative Examples
[3RSLW9YSgk] figure_N_4.jpg -> classified as: Qualitative Examples
[3SMBSTG3qN] figure_5.jpg -> classified as: Plots / Charts
[3SMBSTG3qN] figure_6.jpg -> classified as: Plots / Charts
[3SMBSTG3qN] figure_2.jpg -> classified as: Plots / Charts
[3SMBSTG3qN] figure_7.jpg -> classified as: Plots / Charts
[3SMBSTG3qN] figure_3.jpg -> classified as: Architecture Diagram
[3SMBSTG3qN] figure_4.jpg -> classified as: Plots / Charts
[3SMBSTG3qN] figure_1.jpg -> classified as: Plots / Charts
[3SMBSTG3qN] figure_8.jpg -> classified as: Plots / Charts
[3UWuFoksGb] figure_5.jpg -> classified as: Qualitative Examples
[3UWuFoksGb] figure_6.jpg -> classified as: Qualitative Examples
[3UWuFoksGb] figure_7.jpg -> classified as: Qualitative Examples
[3UWuFoksGb] figure_3.jpg -> classified as: Architecture Diagram
[3UWuFoksGb] figure_4.jpg -> classified as: Architecture Diagram
[3UWuFoksGb] figure_1.jpg -> classified as: Architecture Diagram
[3UWuFoksGb] figure_8.jpg -> classified as: Qualitative Examples
[3Xfa63ggsq] figure_2.jpg -> classified as: Plots / Charts
[3Xfa63ggsq] figure_3.jpg -> classified as: Plots / Charts
[3Xfa63ggsq] figure_1.jpg -> classified as: Plots / Charts
[3Zm6wR5Mvc] figure_5.jpg -> classified as: Architecture Diagram
[3Zm6wR5Mvc] figure_6.jpg -> classified as: Plots / Charts
[3Zm6wR5Mvc] figure_2.jpg -> classified as: Architecture Diagram
[3Zm6wR5Mvc] figure_4.jpg -> classified as: Qualitative Examples
[3Zm6wR5Mvc] figure_1.jpg -> classified as: Architecture Diagram
[3d0OmYTNui] figure_2.jpg -> classified as: Architecture Diagram
[3d0OmYTNui] figure_3.jpg -> classified as: Plots / Charts
[3d0OmYTNui] figure_1.jpg -> classified as: Architecture Diagram
[3ep9ZYMZS3] figure_5.jpg -> classified as: Plots / Charts
[3ep9ZYMZS3] figure_6.jpg -> classified as: Plots / Charts
[3ep9ZYMZS3] figure_2.jpg -> classified as: Architecture Diagram
[3ep9ZYMZS3] figure_7.jpg -> classified as: Qualitative Examples
[3ep9ZYMZS3] figure_3.jpg -> classified as: Qualitative Examples
[3ep9ZYMZS3] figure_4.jpg -> classified as: Plots / Charts
[3ep9ZYMZS3] figure_1.jpg -> classified as: Plots / Charts
[3ep9ZYMZS3] figure_8.jpg -> classified as: Qualitative Examples
[3mnWvUZIXt] figure_5.jpg -> classified as: Qualitative Examples
[3mnWvUZIXt] figure_6.jpg -> classified as: Plots / Charts
[3mnWvUZIXt] figure_9.jpg -> classified as: Plots / Charts
[3mnWvUZIXt] figure_13.jpg -> classified as: Qualitative Examples
[3mnWvUZIXt] figure_2.jpg -> classified as: Plots / Charts
[3mnWvUZIXt] figure_11.jpg -> classified as: Plots / Charts
[3mnWvUZIXt] figure_7.jpg -> classified as: Plots / Charts
[3mnWvUZIXt] figure_3.jpg -> classified as: Qualitative Examples
[3mnWvUZIXt] figure_4.jpg -> classified as: Plots / Charts
[3mnWvUZIXt] figure_1.jpg -> classified as: Architecture Diagram
[3mnWvUZIXt] figure_8.jpg -> classified as: Qualitative Examples
[3mnWvUZIXt] figure_12.jpg -> classified as: Qualitative Examples
[3mnWvUZIXt] figure_10.jpg -> classified as: Plots / Charts
[3ms8EQY7f8] figure_5.jpg -> classified as: Plots / Charts
[3ms8EQY7f8] figure_6.jpg -> classified as: Plots / Charts
[3ms8EQY7f8] figure_9.jpg -> classified as: Plots / Charts
[3ms8EQY7f8] figure_13.jpg -> classified as: Plots / Charts
[3ms8EQY7f8] figure_15.jpg -> classified as: Plots / Charts
[3ms8EQY7f8] figure_2.jpg -> classified as: Architecture Diagram
[3ms8EQY7f8] figure_11.jpg -> classified as: Qualitative Examples
[3ms8EQY7f8] figure_7.jpg -> classified as: Plots / Charts
[3ms8EQY7f8] figure_3.jpg -> classified as: Plots / Charts
[3ms8EQY7f8] figure_4.jpg -> classified as: Plots / Charts
[3ms8EQY7f8] figure_1.jpg -> classified as: Architecture Diagram
[3ms8EQY7f8] figure_8.jpg -> classified as: Plots / Charts
[3ms8EQY7f8] figure_12.jpg -> classified as: Plots / Charts
[3ms8EQY7f8] figure_14.jpg -> classified as: Plots / Charts
[3ms8EQY7f8] figure_16.jpg -> classified as: Plots / Charts
[3ms8EQY7f8] figure_10.jpg -> classified as: Plots / Charts
[3qDB9j6p3S] figure_5.jpg -> classified as: Plots / Charts
[3qDB9j6p3S] figure_6.jpg -> classified as: Plots / Charts
[3qDB9j6p3S] figure_2.jpg -> classified as: Architecture Diagram
[3qDB9j6p3S] figure_7.jpg -> classified as: Plots / Charts
[3qDB9j6p3S] figure_3.jpg -> classified as: Architecture Diagram
[3qDB9j6p3S] figure_4.jpg -> classified as: Plots / Charts
[3qDB9j6p3S] figure_1.jpg -> classified as: Architecture Diagram
[3qDB9j6p3S] figure_8.jpg -> classified as: Plots / Charts
[3qo1pJHabg] figure_2.jpg -> classified as: Architecture Diagram
[3qo1pJHabg] figure_3.jpg -> classified as: Qualitative Examples
[3qo1pJHabg] figure_1.jpg -> classified as: Plots / Charts
[3rSeDrPj4B] figure_5.jpg -> classified as: Plots / Charts
[3rSeDrPj4B] figure_6.jpg -> classified as: Qualitative Examples
[3rSeDrPj4B] figure_2.jpg -> classified as: Architecture Diagram
[3rSeDrPj4B] figure_3.jpg -> classified as: Qualitative Examples
[3rSeDrPj4B] figure_4.jpg -> classified as: Plots / Charts
[3rSeDrPj4B] figure_1.jpg -> classified as: Architecture Diagram
[3s4fZTr1ce] figure_5.jpg -> classified as: Qualitative Examples
[3s4fZTr1ce] figure_2.jpg -> classified as: Architecture Diagram
[3s4fZTr1ce] figure_3.jpg -> classified as: Plots / Charts
[3s4fZTr1ce] figure_4.jpg -> classified as: Qualitative Examples
[3s4fZTr1ce] figure_1.jpg -> classified as: Architecture Diagram
[3ukT8oODY0] figure_5.jpg -> classified as: Plots / Charts
[3ukT8oODY0] figure_6.jpg -> classified as: Plots / Charts
[3ukT8oODY0] figure_9.jpg -> classified as: Plots / Charts
[3ukT8oODY0] figure_13.jpg -> classified as: Plots / Charts
[3ukT8oODY0] figure_2.jpg -> classified as: Plots / Charts
[3ukT8oODY0] figure_11.jpg -> classified as: Plots / Charts
[3ukT8oODY0] figure_7.jpg -> classified as: Plots / Charts
[3ukT8oODY0] figure_3.jpg -> classified as: Plots / Charts
[3ukT8oODY0] figure_4.jpg -> classified as: Plots / Charts
[3ukT8oODY0] figure_1.jpg -> classified as: Plots / Charts
[3ukT8oODY0] figure_8.jpg -> classified as: Plots / Charts
[3ukT8oODY0] figure_12.jpg -> classified as: Plots / Charts
[3ukT8oODY0] figure_14.jpg -> classified as: Plots / Charts
[3ukT8oODY0] figure_10.jpg -> classified as: Plots / Charts
[3w6xuXDOdY] figure_19.jpg -> classified as: Plots / Charts
[3w6xuXDOdY] figure_23.jpg -> classified as: Plots / Charts
[3w6xuXDOdY] figure_29.jpg -> classified as: Plots / Charts
[3w6xuXDOdY] figure_24.jpg -> classified as: Plots / Charts
[3w6xuXDOdY] figure_5.jpg -> classified as: Plots / Charts
[3w6xuXDOdY] figure_6.jpg -> classified as: Plots / Charts
[3w6xuXDOdY] figure_9.jpg -> classified as: Plots / Charts
[3w6xuXDOdY] figure_22.jpg -> classified as: Plots / Charts
[3w6xuXDOdY] figure_28.jpg -> classified as: Plots / Charts
[3w6xuXDOdY] figure_18.jpg -> classified as: Plots / Charts
[3w6xuXDOdY] figure_13.jpg -> classified as: Plots / Charts
[3w6xuXDOdY] figure_15.jpg -> classified as: Plots / Charts
[3w6xuXDOdY] figure_2.jpg -> classified as: Plots / Charts
[3w6xuXDOdY] figure_20.jpg -> classified as: Plots / Charts
[3w6xuXDOdY] figure_11.jpg -> classified as: Plots / Charts
[3w6xuXDOdY] figure_7.jpg -> classified as: Plots / Charts
[3w6xuXDOdY] figure_3.jpg -> classified as: Plots / Charts
[3w6xuXDOdY] figure_4.jpg -> classified as: Plots / Charts
[3w6xuXDOdY] figure_17.jpg -> classified as: Plots / Charts
[3w6xuXDOdY] figure_1.jpg -> classified as: Architecture Diagram
[3w6xuXDOdY] figure_27.jpg -> classified as: Plots / Charts
[3w6xuXDOdY] figure_8.jpg -> classified as: Plots / Charts
[3w6xuXDOdY] figure_12.jpg -> classified as: Plots / Charts
[3w6xuXDOdY] figure_25.jpg -> classified as: Plots / Charts
[3w6xuXDOdY] figure_21.jpg -> classified as: Plots / Charts
[3w6xuXDOdY] figure_26.jpg -> classified as: Plots / Charts
[3w6xuXDOdY] figure_14.jpg -> classified as: Plots / Charts
[3w6xuXDOdY] figure_16.jpg -> classified as: Plots / Charts
[3w6xuXDOdY] figure_10.jpg -> classified as: Plots / Charts
[41WIgfdd5o] figure_5.jpg -> classified as: Architecture Diagram
[41WIgfdd5o] figure_6.jpg -> classified as: Architecture Diagram
[41WIgfdd5o] figure_2.jpg -> classified as: Architecture Diagram
[41WIgfdd5o] figure_7.jpg -> classified as: Plots / Charts
[41WIgfdd5o] figure_3.jpg -> classified as: Architecture Diagram
[41WIgfdd5o] figure_4.jpg -> classified as: Architecture Diagram
[41WIgfdd5o] figure_1.jpg -> classified as: Qualitative Examples
[41WIgfdd5o] figure_8.jpg -> classified as: Plots / Charts
[4FUa5dxiiA] figure_5.jpg -> classified as: Plots / Charts
[4FUa5dxiiA] figure_6.jpg -> classified as: Plots / Charts
[4FUa5dxiiA] figure_2.jpg -> classified as: Plots / Charts
[4FUa5dxiiA] figure_7.jpg -> classified as: Plots / Charts
[4FUa5dxiiA] figure_4.jpg -> classified as: Plots / Charts
[4FUa5dxiiA] figure_1.jpg -> classified as: Plots / Charts
[4FUa5dxiiA] figure_8.jpg -> classified as: Plots / Charts
[4FVGowGzQb] figure_5.jpg -> classified as: Plots / Charts
[4FVGowGzQb] figure_6.jpg -> classified as: Qualitative Examples
[4FVGowGzQb] figure_2.jpg -> classified as: Plots / Charts
[4FVGowGzQb] figure_7.jpg -> classified as: Architecture Diagram
[4FVGowGzQb] figure_3.jpg -> classified as: Plots / Charts
[4FVGowGzQb] figure_4.jpg -> classified as: Plots / Charts
[4FVGowGzQb] figure_1.jpg -> classified as: Plots / Charts
[4IxtmklIym] figure_(a)_statistics_of.jpg -> classified as: Plots / Charts
[4IxtmklIym] figure_5.jpg -> classified as: Plots / Charts
[4IxtmklIym] figure_6.jpg -> classified as: Plots / Charts
[4IxtmklIym] figure_2.jpg -> classified as: Qualitative Examples
[4IxtmklIym] figure_7.jpg -> classified as: Qualitative Examples
[4IxtmklIym] figure_3.jpg -> classified as: Qualitative Examples
[4IxtmklIym] figure_4.jpg -> classified as: Plots / Charts
[4IxtmklIym] figure_1.jpg -> classified as: Qualitative Examples
[4IxtmklIym] figure_(b)_statistics_of.jpg -> classified as: Plots / Charts
[4JfFW7d1gu] figure_2.jpg -> classified as: Architecture Diagram
[4JfFW7d1gu] figure_3.jpg -> classified as: Plots / Charts
[4JfFW7d1gu] figure_4.jpg -> classified as: Plots / Charts
[4JfFW7d1gu] figure_1.jpg -> classified as: Architecture Diagram
[4KqkizXgXU] figure_5.jpg -> classified as: Plots / Charts
[4KqkizXgXU] figure_6.jpg -> classified as: Plots / Charts
[4KqkizXgXU] figure_9.jpg -> classified as: Plots / Charts
[4KqkizXgXU] figure_2.jpg -> classified as: Plots / Charts
[4KqkizXgXU] figure_11.jpg -> classified as: Plots / Charts
[4KqkizXgXU] figure_7.jpg -> classified as: Plots / Charts
[4KqkizXgXU] figure_3.jpg -> classified as: Plots / Charts
[4KqkizXgXU] figure_4.jpg -> classified as: Plots / Charts
[4KqkizXgXU] figure_(ii)_Confusion_matrix.jpg -> classified as: Plots / Charts
[4KqkizXgXU] figure_1.jpg -> classified as: Plots / Charts
[4KqkizXgXU] figure_10.jpg -> classified as: Plots / Charts
[4MsfQ2H0lP] figure_6.jpg -> classified as: Qualitative Examples
[4MsfQ2H0lP] figure_2.jpg -> classified as: Architecture Diagram
[4MsfQ2H0lP] figure_4.jpg -> classified as: Plots / Charts
[4MsfQ2H0lP] figure_1.jpg -> classified as: Architecture Diagram
[4O0v4s3IzY] figure_2.jpg -> classified as: Plots / Charts
[4O0v4s3IzY] figure_1.jpg -> classified as: Architecture Diagram
[4OaO3GjP7k] figure_5.jpg -> classified as: Plots / Charts
[4OaO3GjP7k] figure_6.jpg -> classified as: Plots / Charts
[4OaO3GjP7k] figure_2.jpg -> classified as: Plots / Charts
[4OaO3GjP7k] figure_7.jpg -> classified as: Plots / Charts
[4OaO3GjP7k] figure_3.jpg -> classified as: Plots / Charts
[4OaO3GjP7k] figure_4.jpg -> classified as: Plots / Charts
[4OaO3GjP7k] figure_1.jpg -> classified as: Qualitative Examples
[4OaO3GjP7k] figure_8.jpg -> classified as: Plots / Charts
[4PlbIfmX9o] figure_5.jpg -> classified as: Architecture Diagram
[4PlbIfmX9o] figure_6.jpg -> classified as: Plots / Charts
[4PlbIfmX9o] figure_9.jpg -> classified as: Architecture Diagram
[4PlbIfmX9o] figure_2.jpg -> classified as: Architecture Diagram
[4PlbIfmX9o] figure_7.jpg -> classified as: Architecture Diagram
[4PlbIfmX9o] figure_3.jpg -> classified as: Architecture Diagram
[4PlbIfmX9o] figure_4.jpg -> classified as: Architecture Diagram
[4PlbIfmX9o] figure_1.jpg -> classified as: Architecture Diagram
[4PlbIfmX9o] figure_8.jpg -> classified as: Architecture Diagram
[4PlbIfmX9o] figure_10.jpg -> classified as: Plots / Charts
[4PzxLPEGRn] figure_5.jpg -> classified as: Plots / Charts
[4PzxLPEGRn] figure_6.jpg -> classified as: Qualitative Examples
[4PzxLPEGRn] figure_2.jpg -> classified as: Architecture Diagram
[4PzxLPEGRn] figure_7.jpg -> classified as: Qualitative Examples
[4PzxLPEGRn] figure_3.jpg -> classified as: Qualitative Examples
[4PzxLPEGRn] figure_4.jpg -> classified as: Qualitative Examples
[4PzxLPEGRn] figure_1.jpg -> classified as: Plots / Charts
[4PzxLPEGRn] figure_8.jpg -> classified as: Plots / Charts
[4VHiptx7xe] figure_30.jpg -> classified as: Plots / Charts
[4VHiptx7xe] figure_19.jpg -> classified as: Qualitative Examples
[4VHiptx7xe] figure_29.jpg -> classified as: Plots / Charts
[4VHiptx7xe] figure_18.jpg -> classified as: Qualitative Examples
[4VHiptx7xe] figure_15.jpg -> classified as: Qualitative Examples
[4VHiptx7xe] figure_2.jpg -> classified as: Architecture Diagram
[4VHiptx7xe] figure_20.jpg -> classified as: Qualitative Examples
[4VHiptx7xe] figure_3.jpg -> classified as: Qualitative Examples
[4VHiptx7xe] figure_31.jpg -> classified as: Plots / Charts
[4VHiptx7xe] figure_17.jpg -> classified as: Qualitative Examples
[4VHiptx7xe] figure_1.jpg -> classified as: Architecture Diagram
[4VHiptx7xe] figure_27.jpg -> classified as: Qualitative Examples
[4VHiptx7xe] figure_12.jpg -> classified as: Qualitative Examples
[4VHiptx7xe] figure_25.jpg -> classified as: Qualitative Examples
[4VHiptx7xe] figure_26.jpg -> classified as: Qualitative Examples
[4VHiptx7xe] figure_14.jpg -> classified as: Qualitative Examples
[4VHiptx7xe] figure_16.jpg -> classified as: Qualitative Examples
[4WM0OogPTx] figure_5.jpg -> classified as: Plots / Charts
[4WM0OogPTx] figure_2.jpg -> classified as: Plots / Charts
[4WM0OogPTx] figure_3.jpg -> classified as: Plots / Charts
[4WM0OogPTx] figure_4.jpg -> classified as: Plots / Charts
[4WM0OogPTx] figure_1.jpg -> classified as: Plots / Charts
[4Y4hPWUppN] figure_2.jpg -> classified as: Plots / Charts
[4Y4hPWUppN] figure_3.jpg -> classified as: Qualitative Examples
[4Y4hPWUppN] figure_4.jpg -> classified as: Plots / Charts
[4Y4hPWUppN] figure_1.jpg -> classified as: Architecture Diagram
[4YESQqIys7] figure_2.jpg -> classified as: Architecture Diagram
[4YESQqIys7] figure_3.jpg -> classified as: Plots / Charts
[4YESQqIys7] figure_4.jpg -> classified as: Plots / Charts
[4YESQqIys7] figure_1.jpg -> classified as: Architecture Diagram
[4gaySj8kvX] figure_5.jpg -> classified as: Plots / Charts
[4gaySj8kvX] figure_6.jpg -> classified as: Plots / Charts
[4gaySj8kvX] figure_9.jpg -> classified as: Plots / Charts
[4gaySj8kvX] figure_13.jpg -> classified as: Plots / Charts
[4gaySj8kvX] figure_2.jpg -> classified as: Qualitative Examples
[4gaySj8kvX] figure_11.jpg -> classified as: Plots / Charts
[4gaySj8kvX] figure_7.jpg -> classified as: Plots / Charts
[4gaySj8kvX] figure_3.jpg -> classified as: Plots / Charts
[4gaySj8kvX] figure_4.jpg -> classified as: Plots / Charts
[4gaySj8kvX] figure_1.jpg -> classified as: Architecture Diagram
[4gaySj8kvX] figure_8.jpg -> classified as: Plots / Charts
[4gaySj8kvX] figure_12.jpg -> classified as: Plots / Charts
[4gaySj8kvX] figure_14.jpg -> classified as: Plots / Charts
[4gaySj8kvX] figure_10.jpg -> classified as: Plots / Charts
[4jBL79L5QS] figure_19.jpg -> classified as: Plots / Charts
[4jBL79L5QS] figure_23.jpg -> classified as: Plots / Charts
[4jBL79L5QS] figure_5.jpg -> classified as: Plots / Charts
[4jBL79L5QS] figure_6.jpg -> classified as: Plots / Charts
[4jBL79L5QS] figure_9.jpg -> classified as: Architecture Diagram
[4jBL79L5QS] figure_22.jpg -> classified as: Plots / Charts
[4jBL79L5QS] figure_18.jpg -> classified as: Plots / Charts
[4jBL79L5QS] figure_13.jpg -> classified as: Plots / Charts
[4jBL79L5QS] figure_15.jpg -> classified as: Plots / Charts
[4jBL79L5QS] figure_2.jpg -> classified as: Architecture Diagram
[4jBL79L5QS] figure_20.jpg -> classified as: Plots / Charts
[4jBL79L5QS] figure_11.jpg -> classified as: Plots / Charts
[4jBL79L5QS] figure_7.jpg -> classified as: Plots / Charts
[4jBL79L5QS] figure_3.jpg -> classified as: Plots / Charts
[4jBL79L5QS] figure_4.jpg -> classified as: Plots / Charts
[4jBL79L5QS] figure_17.jpg -> classified as: Plots / Charts
[4jBL79L5QS] figure_1.jpg -> classified as: Architecture Diagram
[4jBL79L5QS] figure_8.jpg -> classified as: Architecture Diagram
[4jBL79L5QS] figure_12.jpg -> classified as: Plots / Charts
[4jBL79L5QS] figure_21.jpg -> classified as: Plots / Charts
[4jBL79L5QS] figure_14.jpg -> classified as: Plots / Charts
[4jBL79L5QS] figure_16.jpg -> classified as: Plots / Charts
[4jBL79L5QS] figure_10.jpg -> classified as: Qualitative Examples
[4jzjexvjI7] figure_2.jpg -> classified as: Plots / Charts
[4jzjexvjI7] figure_3.jpg -> classified as: Plots / Charts
[4jzjexvjI7] figure_1.jpg -> classified as: Plots / Charts
[4l4Gfc1B6E] figure_2.jpg -> classified as: Plots / Charts
[4l4Gfc1B6E] figure_1.jpg -> classified as: Architecture Diagram
[4lqA5EuieJ] figure_2.jpg -> classified as: Plots / Charts
[4lqA5EuieJ] figure_3.jpg -> classified as: Plots / Charts
[4lqA5EuieJ] figure_1.jpg -> classified as: Plots / Charts
[4sJ2FYE65U] figure_5.jpg -> classified as: Plots / Charts
[4sJ2FYE65U] figure_6.jpg -> classified as: Plots / Charts
[4sJ2FYE65U] figure_2.jpg -> classified as: Architecture Diagram
[4sJ2FYE65U] figure_7.jpg -> classified as: Plots / Charts
[4sJ2FYE65U] figure_3.jpg -> classified as: Plots / Charts
[4sJ2FYE65U] figure_4.jpg -> classified as: Plots / Charts
[4sJ2FYE65U] figure_1.jpg -> classified as: Architecture Diagram
[4sJ2FYE65U] figure_8.jpg -> classified as: Plots / Charts
[4vPC6Aj6N7] figure_2.jpg -> classified as: Plots / Charts
[4vPC6Aj6N7] figure_1.jpg -> classified as: Architecture Diagram
[50cmx4SrkM] figure_5.jpg -> classified as: Plots / Charts
[50cmx4SrkM] figure_6.jpg -> classified as: Qualitative Examples
[50cmx4SrkM] figure_9.jpg -> classified as: Qualitative Examples
[50cmx4SrkM] figure_2.jpg -> classified as: Plots / Charts
[50cmx4SrkM] figure_7.jpg -> classified as: Qualitative Examples
[50cmx4SrkM] figure_3.jpg -> classified as: Plots / Charts
[50cmx4SrkM] figure_4.jpg -> classified as: Plots / Charts
[50cmx4SrkM] figure_1.jpg -> classified as: Qualitative Examples
[50cmx4SrkM] figure_8.jpg -> classified as: Qualitative Examples
[50vyPuz0iv] figure_5.jpg -> classified as: Plots / Charts
[50vyPuz0iv] figure_6.jpg -> classified as: Plots / Charts
[50vyPuz0iv] figure_2.jpg -> classified as: Plots / Charts
[50vyPuz0iv] figure_7.jpg -> classified as: Plots / Charts
[50vyPuz0iv] figure_3.jpg -> classified as: Plots / Charts
[50vyPuz0iv] figure_4.jpg -> classified as: Plots / Charts
[50vyPuz0iv] figure_1.jpg -> classified as: Plots / Charts
[50vyPuz0iv] figure_8.jpg -> classified as: Plots / Charts
[532tcx7IHF] figure_6.jpg -> classified as: Other
  -> Skipping second pass (Other)
[532tcx7IHF] figure_9.jpg -> classified as: Other
  -> Skipping second pass (Other)
[532tcx7IHF] figure_13.jpg -> classified as: Other
  -> Skipping second pass (Other)
[532tcx7IHF] figure_15.jpg -> classified as: Other
  -> Skipping second pass (Other)
[532tcx7IHF] figure_2.jpg -> classified as: Architecture Diagram
[532tcx7IHF] figure_11.jpg -> classified as: Plots / Charts
[532tcx7IHF] figure_7.jpg -> classified as: Plots / Charts
[532tcx7IHF] figure_(a)_Aggregate_metrics.jpg -> classified as: Plots / Charts
[532tcx7IHF] figure_3.jpg -> classified as: Plots / Charts
[532tcx7IHF] figure_4.jpg -> classified as: Architecture Diagram
[532tcx7IHF] figure_1.jpg -> classified as: Architecture Diagram
[532tcx7IHF] figure_8.jpg -> classified as: Architecture Diagram
[532tcx7IHF] figure_12.jpg -> classified as: Other
  -> Skipping second pass (Other)
[532tcx7IHF] figure_14.jpg -> classified as: Other
  -> Skipping second pass (Other)
[532tcx7IHF] figure_10.jpg -> classified as: Other
  -> Skipping second pass (Other)
[53kW6e1uNN] figure_5.jpg -> classified as: Plots / Charts
[53kW6e1uNN] figure_2.jpg -> classified as: Plots / Charts
[53kW6e1uNN] figure_B2.jpg -> classified as: Plots / Charts
[53kW6e1uNN] figure_3.jpg -> classified as: Architecture Diagram
[53kW6e1uNN] figure_4.jpg -> classified as: Plots / Charts
[53kW6e1uNN] figure_1.jpg -> classified as: Architecture Diagram
[53kW6e1uNN] figure_B1.jpg -> classified as: Plots / Charts
[5BBEFotHkJ] figure_5.jpg -> classified as: Architecture Diagram
[5BBEFotHkJ] figure_6.jpg -> classified as: Plots / Charts
[5BBEFotHkJ] figure_9.jpg -> classified as: Qualitative Examples
[5BBEFotHkJ] figure_2.jpg -> classified as: Architecture Diagram
[5BBEFotHkJ] figure_7.jpg -> classified as: Qualitative Examples
[5BBEFotHkJ] figure_3.jpg -> classified as: Plots / Charts
[5BBEFotHkJ] figure_1.jpg -> classified as: Architecture Diagram
[5BBEFotHkJ] figure_8.jpg -> classified as: Qualitative Examples
[5BBEFotHkJ] figure_10.jpg -> classified as: Qualitative Examples
[5BRFddsAai] figure_(a)_Early_in.jpg -> classified as: Qualitative Examples
[5BRFddsAai] figure_23.jpg -> classified as: Plots / Charts
[5BRFddsAai] figure_24.jpg -> classified as: Plots / Charts
[5BRFddsAai] figure_5.jpg -> classified as: Plots / Charts
[5BRFddsAai] figure_9.jpg -> classified as: Qualitative Examples
[5BRFddsAai] figure_(a)_Accurately_assessing.jpg -> classified as: Qualitative Examples
[5BRFddsAai] figure_22.jpg -> classified as: Plots / Charts
[5BRFddsAai] figure_2.jpg -> classified as: Qualitative Examples
[5BRFddsAai] figure_4.jpg -> classified as: Plots / Charts
[5BRFddsAai] figure_1.jpg -> classified as: Qualitative Examples
[5BRFddsAai] figure_8.jpg -> classified as: Qualitative Examples
[5BRFddsAai] figure_12.jpg -> classified as: Qualitative Examples
[5BRFddsAai] figure_25.jpg -> classified as: Plots / Charts
[5BRFddsAai] figure_21.jpg -> classified as: Plots / Charts
[5BRFddsAai] figure_14.jpg -> classified as: Plots / Charts
[5BRFddsAai] figure_(a)_The_agent.jpg -> classified as: Qualitative Examples
[5BRFddsAai] figure_(a)_The_PPO.jpg -> classified as: Plots / Charts
[5BRFddsAai] figure_16.jpg -> classified as: Plots / Charts
[5CHcmVzbAz] figure_5.jpg -> classified as: Qualitative Examples
[5CHcmVzbAz] figure_6.jpg -> classified as: Plots / Charts
[5CHcmVzbAz] figure_9.jpg -> classified as: Qualitative Examples
[5CHcmVzbAz] figure_2.jpg -> classified as: Plots / Charts
[5CHcmVzbAz] figure_7.jpg -> classified as: Qualitative Examples
[5CHcmVzbAz] figure_3.jpg -> classified as: Plots / Charts
[5CHcmVzbAz] figure_4.jpg -> classified as: Qualitative Examples
[5CHcmVzbAz] figure_1.jpg -> classified as: Qualitative Examples
[5CHcmVzbAz] figure_8.jpg -> classified as: Qualitative Examples
[5DUekOKWcS] figure_5.jpg -> classified as: Architecture Diagram
[5DUekOKWcS] figure_6.jpg -> classified as: Plots / Charts
[5DUekOKWcS] figure_2.jpg -> classified as: Qualitative Examples
[5DUekOKWcS] figure_7.jpg -> classified as: Plots / Charts
[5DUekOKWcS] figure_3.jpg -> classified as: Plots / Charts
[5DUekOKWcS] figure_4.jpg -> classified as: Plots / Charts
[5DUekOKWcS] figure_1.jpg -> classified as: Architecture Diagram
[5DUekOKWcS] figure_8.jpg -> classified as: Plots / Charts
[5Dwqu5urzs] figure_5.jpg -> classified as: Architecture Diagram
[5Dwqu5urzs] figure_6.jpg -> classified as: Architecture Diagram
[5Dwqu5urzs] figure_9.jpg -> classified as: Architecture Diagram
[5Dwqu5urzs] figure_18.jpg -> classified as: Plots / Charts
[5Dwqu5urzs] figure_13.jpg -> classified as: Plots / Charts
[5Dwqu5urzs] figure_15.jpg -> classified as: Plots / Charts
[5Dwqu5urzs] figure_2.jpg -> classified as: Architecture Diagram
[5Dwqu5urzs] figure_11.jpg -> classified as: Architecture Diagram
[5Dwqu5urzs] figure_7.jpg -> classified as: Plots / Charts
[5Dwqu5urzs] figure_3.jpg -> classified as: Plots / Charts
[5Dwqu5urzs] figure_4.jpg -> classified as: Plots / Charts
[5Dwqu5urzs] figure_17.jpg -> classified as: Plots / Charts
[5Dwqu5urzs] figure_1.jpg -> classified as: Architecture Diagram
[5Dwqu5urzs] figure_8.jpg -> classified as: Architecture Diagram
[5Dwqu5urzs] figure_12.jpg -> classified as: Plots / Charts
[5Dwqu5urzs] figure_14.jpg -> classified as: Architecture Diagram
[5Dwqu5urzs] figure_16.jpg -> classified as: Architecture Diagram
[5Dwqu5urzs] figure_10.jpg -> classified as: Architecture Diagram
[5ES5Hdlbxw] figure_5.jpg -> classified as: Plots / Charts
[5ES5Hdlbxw] figure_2.jpg -> classified as: Plots / Charts
[5ES5Hdlbxw] figure_4.jpg -> classified as: Plots / Charts
[5ES5Hdlbxw] figure_1.jpg -> classified as: Architecture Diagram
[5IkDAfabuo] figure_5.jpg -> classified as: Plots / Charts
[5IkDAfabuo] figure_6.jpg -> classified as: Plots / Charts
[5IkDAfabuo] figure_9.jpg -> classified as: Plots / Charts
[5IkDAfabuo] figure_2.jpg -> classified as: Plots / Charts
[5IkDAfabuo] figure_7.jpg -> classified as: Plots / Charts
[5IkDAfabuo] figure_3.jpg -> classified as: Plots / Charts
[5IkDAfabuo] figure_4.jpg -> classified as: Plots / Charts
[5IkDAfabuo] figure_1.jpg -> classified as: Architecture Diagram
[5IkDAfabuo] figure_8.jpg -> classified as: Qualitative Examples
[5NJzNAXAmx] figure_5.jpg -> classified as: Plots / Charts
[5NJzNAXAmx] figure_6.jpg -> classified as: Plots / Charts
[5NJzNAXAmx] figure_9.jpg -> classified as: Plots / Charts
[5NJzNAXAmx] figure_2.jpg -> classified as: Architecture Diagram
[5NJzNAXAmx] figure_7.jpg -> classified as: Plots / Charts
[5NJzNAXAmx] figure_3.jpg -> classified as: Architecture Diagram
[5NJzNAXAmx] figure_4.jpg -> classified as: Plots / Charts
[5NJzNAXAmx] figure_1.jpg -> classified as: Architecture Diagram
[5NJzNAXAmx] figure_8.jpg -> classified as: Plots / Charts
[5NJzNAXAmx] figure_10.jpg -> classified as: Plots / Charts
[5WtovCb1ZE] figure_Phase_1__Collect.jpg -> classified as: Architecture Diagram
[5WtovCb1ZE] figure_5.jpg -> classified as: Plots / Charts
[5WtovCb1ZE] figure_6.jpg -> classified as: Plots / Charts
[5WtovCb1ZE] figure_2.jpg -> classified as: Plots / Charts
[5WtovCb1ZE] figure_3.jpg -> classified as: Plots / Charts
[5WtovCb1ZE] figure_4.jpg -> classified as: Architecture Diagram
[5WtovCb1ZE] figure_1.jpg -> classified as: Architecture Diagram
[5XUlfPcQnG] figure_5.jpg -> classified as: Plots / Charts
[5XUlfPcQnG] figure_6.jpg -> classified as: Plots / Charts
[5XUlfPcQnG] figure_9.jpg -> classified as: Plots / Charts
[5XUlfPcQnG] figure_18.jpg -> classified as: Plots / Charts
[5XUlfPcQnG] figure_13.jpg -> classified as: Plots / Charts
[5XUlfPcQnG] figure_15.jpg -> classified as: Plots / Charts
[5XUlfPcQnG] figure_2.jpg -> classified as: Architecture Diagram
[5XUlfPcQnG] figure_11.jpg -> classified as: Plots / Charts
[5XUlfPcQnG] figure_7.jpg -> classified as: Plots / Charts
[5XUlfPcQnG] figure_3.jpg -> classified as: Plots / Charts
[5XUlfPcQnG] figure_4.jpg -> classified as: Plots / Charts
[5XUlfPcQnG] figure_1.jpg -> classified as: Plots / Charts
[5XUlfPcQnG] figure_8.jpg -> classified as: Plots / Charts
[5XUlfPcQnG] figure_12.jpg -> classified as: Plots / Charts
[5XUlfPcQnG] figure_14.jpg -> classified as: Plots / Charts
[5XUlfPcQnG] figure_16.jpg -> classified as: Architecture Diagram
[5XUlfPcQnG] figure_10.jpg -> classified as: Plots / Charts
[5Y9NT6lW21] figure_5.jpg -> classified as: Plots / Charts
[5Y9NT6lW21] figure_2.jpg -> classified as: Plots / Charts
[5Y9NT6lW21] figure_3.jpg -> classified as: Plots / Charts
[5Y9NT6lW21] figure_4.jpg -> classified as: Plots / Charts
[5Y9NT6lW21] figure_1.jpg -> classified as: Plots / Charts
[5YbuOTUFQ4] figure_5.jpg -> classified as: Plots / Charts
[5YbuOTUFQ4] figure_6.jpg -> classified as: Plots / Charts
[5YbuOTUFQ4] figure_9.jpg -> classified as: Plots / Charts
[5YbuOTUFQ4] figure_13.jpg -> classified as: Plots / Charts
[5YbuOTUFQ4] figure_15.jpg -> classified as: Plots / Charts
[5YbuOTUFQ4] figure_2.jpg -> classified as: Architecture Diagram
[5YbuOTUFQ4] figure_11.jpg -> classified as: Plots / Charts
[5YbuOTUFQ4] figure_7.jpg -> classified as: Qualitative Examples
[5YbuOTUFQ4] figure_3.jpg -> classified as: Plots / Charts
[5YbuOTUFQ4] figure_4.jpg -> classified as: Plots / Charts
[5YbuOTUFQ4] figure_8.jpg -> classified as: Plots / Charts
[5YbuOTUFQ4] figure_14.jpg -> classified as: Plots / Charts
[5YbuOTUFQ4] figure_16.jpg -> classified as: Plots / Charts
[5YbuOTUFQ4] figure_10.jpg -> classified as: Plots / Charts
[5e0yWSNGIc] figure_5.jpg -> classified as: Plots / Charts
[5e0yWSNGIc] figure_2.jpg -> classified as: Plots / Charts
[5e0yWSNGIc] figure_3.jpg -> classified as: Plots / Charts
[5e0yWSNGIc] figure_4.jpg -> classified as: Plots / Charts
[5e0yWSNGIc] figure_1.jpg -> classified as: Plots / Charts
[5f0n5yi8qK] figure_5.jpg -> classified as: Plots / Charts
[5f0n5yi8qK] figure_2.jpg -> classified as: Architecture Diagram
[5f0n5yi8qK] figure_3.jpg -> classified as: Architecture Diagram
[5f0n5yi8qK] figure_4.jpg -> classified as: Plots / Charts
[5f0n5yi8qK] figure_1.jpg -> classified as: Architecture Diagram
[5hAMmCU0bK] figure_5.jpg -> classified as: Plots / Charts
[5hAMmCU0bK] figure_6.jpg -> classified as: Plots / Charts
[5hAMmCU0bK] figure_9.jpg -> classified as: Plots / Charts
[5hAMmCU0bK] figure_18.jpg -> classified as: Plots / Charts
[5hAMmCU0bK] figure_13.jpg -> classified as: Plots / Charts
[5hAMmCU0bK] figure_15.jpg -> classified as: Plots / Charts
[5hAMmCU0bK] figure_2.jpg -> classified as: Plots / Charts
[5hAMmCU0bK] figure_11.jpg -> classified as: Plots / Charts
[5hAMmCU0bK] figure_7.jpg -> classified as: Plots / Charts
[5hAMmCU0bK] figure_3.jpg -> classified as: Plots / Charts
[5hAMmCU0bK] figure_4.jpg -> classified as: Plots / Charts
[5hAMmCU0bK] figure_17.jpg -> classified as: Plots / Charts
[5hAMmCU0bK] figure_1.jpg -> classified as: Plots / Charts
[5hAMmCU0bK] figure_8.jpg -> classified as: Plots / Charts
[5hAMmCU0bK] figure_12.jpg -> classified as: Plots / Charts
[5hAMmCU0bK] figure_14.jpg -> classified as: Plots / Charts
[5hAMmCU0bK] figure_16.jpg -> classified as: Plots / Charts
[5hAMmCU0bK] figure_10.jpg -> classified as: Plots / Charts
[5iWim8KqBR] figure_5.jpg -> classified as: Plots / Charts
[5iWim8KqBR] figure_6.jpg -> classified as: Plots / Charts
[5iWim8KqBR] figure_9.jpg -> classified as: Plots / Charts
[5iWim8KqBR] figure_2.jpg -> classified as: Architecture Diagram
[5iWim8KqBR] figure_11.jpg -> classified as: Plots / Charts
[5iWim8KqBR] figure_7.jpg -> classified as: Plots / Charts
[5iWim8KqBR] figure_4.jpg -> classified as: Plots / Charts
[5iWim8KqBR] figure_1.jpg -> classified as: Architecture Diagram
[5iWim8KqBR] figure_8.jpg -> classified as: Plots / Charts
[5iWim8KqBR] figure_10.jpg -> classified as: Plots / Charts
[5j6wtOO6Fk] figure_5.jpg -> classified as: Qualitative Examples
[5j6wtOO6Fk] figure_6.jpg -> classified as: Plots / Charts
[5j6wtOO6Fk] figure_9.jpg -> classified as: Plots / Charts
[5j6wtOO6Fk] figure_2.jpg -> classified as: Plots / Charts
[5j6wtOO6Fk] figure_11.jpg -> classified as: Plots / Charts
[5j6wtOO6Fk] figure_7.jpg -> classified as: Plots / Charts
[5j6wtOO6Fk] figure_3.jpg -> classified as: Qualitative Examples
[5j6wtOO6Fk] figure_4.jpg -> classified as: Plots / Charts
[5j6wtOO6Fk] figure_1.jpg -> classified as: Architecture Diagram
[5j6wtOO6Fk] figure_8.jpg -> classified as: Plots / Charts
[5j6wtOO6Fk] figure_10.jpg -> classified as: Plots / Charts
[5kMwiMnUip] figure_2.jpg -> classified as: Plots / Charts
[5kMwiMnUip] figure_1.jpg -> classified as: Architecture Diagram
[5kMwiMnUip] figure_1_1.jpg -> classified as: Plots / Charts
[5liV2xUdJL] figure_5.jpg -> classified as: Architecture Diagram
[5liV2xUdJL] figure_6.jpg -> classified as: Architecture Diagram
[5liV2xUdJL] figure_9.jpg -> classified as: Plots / Charts
[5liV2xUdJL] figure_13.jpg -> classified as: Plots / Charts
[5liV2xUdJL] figure_15.jpg -> classified as: Plots / Charts
[5liV2xUdJL] figure_2.jpg -> classified as: Qualitative Examples
[5liV2xUdJL] figure_11.jpg -> classified as: Qualitative Examples
[5liV2xUdJL] figure_7.jpg -> classified as: Plots / Charts
[5liV2xUdJL] figure_3.jpg -> classified as: Plots / Charts
[5liV2xUdJL] figure_4.jpg -> classified as: Plots / Charts
[5liV2xUdJL] figure_1.jpg -> classified as: Architecture Diagram
[5liV2xUdJL] figure_12.jpg -> classified as: Plots / Charts
[5liV2xUdJL] figure_14.jpg -> classified as: Plots / Charts
[5liV2xUdJL] figure_10.jpg -> classified as: Plots / Charts
[5m43PEd3sz] figure_5.jpg -> classified as: Plots / Charts
[5m43PEd3sz] figure_6.jpg -> classified as: Plots / Charts
[5m43PEd3sz] figure_9.jpg -> classified as: Qualitative Examples
[5m43PEd3sz] figure_2.jpg -> classified as: Qualitative Examples
[5m43PEd3sz] figure_7.jpg -> classified as: Qualitative Examples
[5m43PEd3sz] figure_3.jpg -> classified as: Plots / Charts
[5m43PEd3sz] figure_4.jpg -> classified as: Plots / Charts
[5m43PEd3sz] figure_1.jpg -> classified as: Architecture Diagram
[5m43PEd3sz] figure_8.jpg -> classified as: Qualitative Examples
[5o9G4XF1LI] figure_5.jpg -> classified as: Plots / Charts
[5o9G4XF1LI] figure_6.jpg -> classified as: Plots / Charts
[5o9G4XF1LI] figure_9.jpg -> classified as: Plots / Charts
[5o9G4XF1LI] figure_(a)_Goodharting_behavior.jpg -> classified as: Plots / Charts
[5o9G4XF1LI] figure_13.jpg -> classified as: Plots / Charts
[5o9G4XF1LI] figure_15.jpg -> classified as: Plots / Charts
[5o9G4XF1LI] figure_2.jpg -> classified as: Plots / Charts
[5o9G4XF1LI] figure_20.jpg -> classified as: Plots / Charts
[5o9G4XF1LI] figure_11.jpg -> classified as: Plots / Charts
[5o9G4XF1LI] figure_(a)_Correlation_between.jpg -> classified as: Plots / Charts
[5o9G4XF1LI] figure_7.jpg -> classified as: Plots / Charts
[5o9G4XF1LI] figure_(b)_Log-scale_histogram.jpg -> classified as: Plots / Charts
[5o9G4XF1LI] figure_1.jpg -> classified as: Plots / Charts
[5o9G4XF1LI] figure_8.jpg -> classified as: Plots / Charts
[5o9G4XF1LI] figure_14.jpg -> classified as: Plots / Charts
[5o9G4XF1LI] figure_16.jpg -> classified as: Plots / Charts
[5o9G4XF1LI] figure_10.jpg -> classified as: Architecture Diagram
[5pd46nlxc6] figure_5.jpg -> classified as: Plots / Charts
[5pd46nlxc6] figure_6.jpg -> classified as: Architecture Diagram
[5pd46nlxc6] figure_9.jpg -> classified as: Architecture Diagram
[5pd46nlxc6] figure_13.jpg -> classified as: Plots / Charts
[5pd46nlxc6] figure_15.jpg -> classified as: Plots / Charts
[5pd46nlxc6] figure_11.jpg -> classified as: Plots / Charts
[5pd46nlxc6] figure_7.jpg -> classified as: Architecture Diagram
[5pd46nlxc6] figure_3.jpg -> classified as: Architecture Diagram
[5pd46nlxc6] figure_1.jpg -> classified as: Architecture Diagram
[5pd46nlxc6] figure_8.jpg -> classified as: Architecture Diagram
[5pd46nlxc6] figure_12.jpg -> classified as: Plots / Charts
[5pd46nlxc6] figure_14.jpg -> classified as: Plots / Charts
[5pd46nlxc6] figure_16.jpg -> classified as: Plots / Charts
[5pd46nlxc6] figure_10.jpg -> classified as: Plots / Charts
[5sixirvG0I] figure_2.jpg -> classified as: Plots / Charts
[5sixirvG0I] figure_1.jpg -> classified as: Plots / Charts
[5xSRg3eYZz] figure_5.jpg -> classified as: Qualitative Examples
[5xSRg3eYZz] figure_6.jpg -> classified as: Plots / Charts
[5xSRg3eYZz] figure_9.jpg -> classified as: Architecture Diagram
[5xSRg3eYZz] figure_2.jpg -> classified as: Plots / Charts
[5xSRg3eYZz] figure_11.jpg -> classified as: Plots / Charts
[5xSRg3eYZz] figure_7.jpg -> classified as: Plots / Charts
[5xSRg3eYZz] figure_3.jpg -> classified as: Plots / Charts
[5xSRg3eYZz] figure_1.jpg -> classified as: Architecture Diagram
[5xSRg3eYZz] figure_8.jpg -> classified as: Plots / Charts
[5xSRg3eYZz] figure_12.jpg -> classified as: Plots / Charts
[5xSRg3eYZz] figure_14.jpg -> classified as: Plots / Charts
[5xSRg3eYZz] figure_10.jpg -> classified as: Plots / Charts
[5xfAcRHfgP] figure_2.jpg -> classified as: Architecture Diagram
[5xfAcRHfgP] figure_3.jpg -> classified as: Qualitative Examples
[5xfAcRHfgP] figure_1.jpg -> classified as: Architecture Diagram
[60GeEoG5kD] figure_2.jpg -> classified as: Plots / Charts
[60GeEoG5kD] figure_3.jpg -> classified as: Qualitative Examples
[60GeEoG5kD] figure_1.jpg -> classified as: Plots / Charts
[60i0ksMAhd] figure_5.jpg -> classified as: Qualitative Examples
[60i0ksMAhd] figure_6.jpg -> classified as: Plots / Charts
[60i0ksMAhd] figure_9.jpg -> classified as: Plots / Charts
[60i0ksMAhd] figure_13.jpg -> classified as: Qualitative Examples
[60i0ksMAhd] figure_2.jpg -> classified as: Architecture Diagram
[60i0ksMAhd] figure_11.jpg -> classified as: Plots / Charts
[60i0ksMAhd] figure_3.jpg -> classified as: Architecture Diagram
[60i0ksMAhd] figure_1.jpg -> classified as: Qualitative Examples
[60i0ksMAhd] figure_8.jpg -> classified as: Architecture Diagram
[60i0ksMAhd] figure_12.jpg -> classified as: Qualitative Examples
[60i0ksMAhd] figure_14.jpg -> classified as: Plots / Charts
[60i0ksMAhd] figure_10.jpg -> classified as: Plots / Charts
[63pceN3fOg] figure_2.jpg -> classified as: Plots / Charts
[63pceN3fOg] figure_3.jpg -> classified as: Plots / Charts
[63pceN3fOg] figure_1.jpg -> classified as: Plots / Charts
[6CZ50WgfCG] figure_5.jpg -> classified as: Plots / Charts
[6CZ50WgfCG] figure_6.jpg -> classified as: Plots / Charts
[6CZ50WgfCG] figure_2.jpg -> classified as: Architecture Diagram
[6CZ50WgfCG] figure_7.jpg -> classified as: Plots / Charts
[6CZ50WgfCG] figure_3.jpg -> classified as: Plots / Charts
[6CZ50WgfCG] figure_4.jpg -> classified as: Qualitative Examples
[6CZ50WgfCG] figure_1.jpg -> classified as: Architecture Diagram
[6CZ50WgfCG] figure_8.jpg -> classified as: Plots / Charts
[6CetUU9FSt] figure_5.jpg -> classified as: Qualitative Examples
[6CetUU9FSt] figure_6.jpg -> classified as: Architecture Diagram
[6CetUU9FSt] figure_9.jpg -> classified as: Qualitative Examples
[6CetUU9FSt] figure_13.jpg -> classified as: Qualitative Examples
[6CetUU9FSt] figure_15.jpg -> classified as: Qualitative Examples
[6CetUU9FSt] figure_2.jpg -> classified as: Architecture Diagram
[6CetUU9FSt] figure_11.jpg -> classified as: Qualitative Examples
[6CetUU9FSt] figure_7.jpg -> classified as: Plots / Charts
[6CetUU9FSt] figure_3.jpg -> classified as: Plots / Charts
[6CetUU9FSt] figure_4.jpg -> classified as: Plots / Charts
[6CetUU9FSt] figure_17.jpg -> classified as: Qualitative Examples
[6CetUU9FSt] figure_1.jpg -> classified as: Qualitative Examples
[6CetUU9FSt] figure_8.jpg -> classified as: Plots / Charts
[6CetUU9FSt] figure_12.jpg -> classified as: Qualitative Examples
[6CetUU9FSt] figure_14.jpg -> classified as: Qualitative Examples
[6CetUU9FSt] figure_16.jpg -> classified as: Qualitative Examples
[6CetUU9FSt] figure_10.jpg -> classified as: Qualitative Examples
[6RtRsg8ZV1] figure_19.jpg -> classified as: Plots / Charts
[6RtRsg8ZV1] figure_5.jpg -> classified as: Plots / Charts
[6RtRsg8ZV1] figure_6.jpg -> classified as: Plots / Charts
[6RtRsg8ZV1] figure_9.jpg -> classified as: Plots / Charts
[6RtRsg8ZV1] figure_22.jpg -> classified as: Plots / Charts
[6RtRsg8ZV1] figure_18.jpg -> classified as: Plots / Charts
[6RtRsg8ZV1] figure_13.jpg -> classified as: Plots / Charts
[6RtRsg8ZV1] figure_15.jpg -> classified as: Plots / Charts
[6RtRsg8ZV1] figure_2.jpg -> classified as: Plots / Charts
[6RtRsg8ZV1] figure_20.jpg -> classified as: Plots / Charts
[6RtRsg8ZV1] figure_11.jpg -> classified as: Plots / Charts
[6RtRsg8ZV1] figure_7.jpg -> classified as: Plots / Charts
[6RtRsg8ZV1] figure_3.jpg -> classified as: Plots / Charts
[6RtRsg8ZV1] figure_4.jpg -> classified as: Plots / Charts
[6RtRsg8ZV1] figure_17.jpg -> classified as: Plots / Charts
[6RtRsg8ZV1] figure_1.jpg -> classified as: Architecture Diagram
[6RtRsg8ZV1] figure_8.jpg -> classified as: Plots / Charts
[6RtRsg8ZV1] figure_12.jpg -> classified as: Plots / Charts
[6RtRsg8ZV1] figure_21.jpg -> classified as: Plots / Charts
[6RtRsg8ZV1] figure_14.jpg -> classified as: Plots / Charts
[6RtRsg8ZV1] figure_16.jpg -> classified as: Plots / Charts
[6RtRsg8ZV1] figure_10.jpg -> classified as: Plots / Charts
[6SNyuiph3F] figure_2.jpg -> classified as: Qualitative Examples
[6SNyuiph3F] figure_1.jpg -> classified as: Architecture Diagram
[6TLdqAZgzn] figure_5.jpg -> classified as: Qualitative Examples
[6TLdqAZgzn] figure_6.jpg -> classified as: Qualitative Examples
[6TLdqAZgzn] figure_2.jpg -> classified as: Architecture Diagram
[6TLdqAZgzn] figure_7.jpg -> classified as: Plots / Charts
[6TLdqAZgzn] figure_3.jpg -> classified as: Qualitative Examples
[6TLdqAZgzn] figure_4.jpg -> classified as: Plots / Charts
[6TLdqAZgzn] figure_1.jpg -> classified as: Plots / Charts
[6TLdqAZgzn] figure_8.jpg -> classified as: Architecture Diagram
[6UQaXJm53B] figure_5.jpg -> classified as: Plots / Charts
[6UQaXJm53B] figure_6.jpg -> classified as: Plots / Charts
[6UQaXJm53B] figure_9.jpg -> classified as: Plots / Charts
[6UQaXJm53B] figure_2.jpg -> classified as: Architecture Diagram
[6UQaXJm53B] figure_11.jpg -> classified as: Plots / Charts
[6UQaXJm53B] figure_7.jpg -> classified as: Plots / Charts
[6UQaXJm53B] figure_3.jpg -> classified as: Plots / Charts
[6UQaXJm53B] figure_4.jpg -> classified as: Plots / Charts
[6UQaXJm53B] figure_1.jpg -> classified as: Plots / Charts
[6UQaXJm53B] figure_8.jpg -> classified as: Plots / Charts
[6UQaXJm53B] figure_10.jpg -> classified as: Plots / Charts
[6bKEWevgSd] figure_5.jpg -> classified as: Plots / Charts
[6bKEWevgSd] figure_6.jpg -> classified as: Plots / Charts
[6bKEWevgSd] figure_9.jpg -> classified as: Plots / Charts
[6bKEWevgSd] figure_2.jpg -> classified as: Qualitative Examples
[6bKEWevgSd] figure_7.jpg -> classified as: Plots / Charts
[6bKEWevgSd] figure_3.jpg -> classified as: Plots / Charts
[6bKEWevgSd] figure_4.jpg -> classified as: Plots / Charts
[6bKEWevgSd] figure_1.jpg -> classified as: Plots / Charts
[6bKEWevgSd] figure_8.jpg -> classified as: Plots / Charts
[6bKEWevgSd] figure_10.jpg -> classified as: Qualitative Examples
[6cFcw1Rxww] figure_5.jpg -> classified as: Plots / Charts
[6cFcw1Rxww] figure_6.jpg -> classified as: Plots / Charts
[6cFcw1Rxww] figure_9.jpg -> classified as: Plots / Charts
[6cFcw1Rxww] figure_13.jpg -> classified as: Plots / Charts
[6cFcw1Rxww] figure_15.jpg -> classified as: Plots / Charts
[6cFcw1Rxww] figure_2.jpg -> classified as: Architecture Diagram
[6cFcw1Rxww] figure_11.jpg -> classified as: Plots / Charts
[6cFcw1Rxww] figure_7.jpg -> classified as: Plots / Charts
[6cFcw1Rxww] figure_3.jpg -> classified as: Architecture Diagram
[6cFcw1Rxww] figure_4.jpg -> classified as: Architecture Diagram
[6cFcw1Rxww] figure_17.jpg -> classified as: Plots / Charts
[6cFcw1Rxww] figure_1.jpg -> classified as: Architecture Diagram
[6cFcw1Rxww] figure_8.jpg -> classified as: Plots / Charts
[6cFcw1Rxww] figure_12.jpg -> classified as: Plots / Charts
[6cFcw1Rxww] figure_14.jpg -> classified as: Plots / Charts
[6cFcw1Rxww] figure_16.jpg -> classified as: Plots / Charts
[6cFcw1Rxww] figure_10.jpg -> classified as: Plots / Charts
[6jr94SCjH6] figure_6.jpg -> classified as: Plots / Charts
[6jr94SCjH6] figure_9.jpg -> classified as: Plots / Charts
[6jr94SCjH6] figure_2.jpg -> classified as: Architecture Diagram
[6jr94SCjH6] figure_11.jpg -> classified as: Plots / Charts
[6jr94SCjH6] figure_7.jpg -> classified as: Plots / Charts
[6jr94SCjH6] figure_3.jpg -> classified as: Plots / Charts
[6jr94SCjH6] figure_4.jpg -> classified as: Plots / Charts
[6jr94SCjH6] figure_1.jpg -> classified as: Architecture Diagram
[6jr94SCjH6] figure_8.jpg -> classified as: Plots / Charts
[6jr94SCjH6] figure_10.jpg -> classified as: Architecture Diagram
[6o9Vy1m0Jv] figure_5.jpg -> classified as: Qualitative Examples
[6o9Vy1m0Jv] figure_6.jpg -> classified as: Qualitative Examples
[6o9Vy1m0Jv] figure_2.jpg -> classified as: Architecture Diagram
[6o9Vy1m0Jv] figure_3.jpg -> classified as: Architecture Diagram
[6o9Vy1m0Jv] figure_4.jpg -> classified as: Qualitative Examples
[6o9Vy1m0Jv] figure_1.jpg -> classified as: Architecture Diagram
[6tyPSkshtF] figure_2.jpg -> classified as: Plots / Charts
[6tyPSkshtF] figure_3.jpg -> classified as: Plots / Charts
[6tyPSkshtF] figure_4.jpg -> classified as: Plots / Charts
[6tyPSkshtF] figure_1.jpg -> classified as: Plots / Charts
[6xfe4IVcOu] figure_5.jpg -> classified as: Plots / Charts
[6xfe4IVcOu] figure_6.jpg -> classified as: Qualitative Examples
[6xfe4IVcOu] figure_9.jpg -> classified as: Plots / Charts
[6xfe4IVcOu] figure_2.jpg -> classified as: Architecture Diagram
[6xfe4IVcOu] figure_7.jpg -> classified as: Other
  -> Skipping second pass (Other)
[6xfe4IVcOu] figure_3.jpg -> classified as: Plots / Charts
[6xfe4IVcOu] figure_4.jpg -> classified as: Plots / Charts
[6xfe4IVcOu] figure_1.jpg -> classified as: Plots / Charts
[6xfe4IVcOu] figure_8.jpg -> classified as: Plots / Charts
[6y00rooi7i] figure_5.jpg -> classified as: Qualitative Examples
[6y00rooi7i] figure_9.jpg -> classified as: Plots / Charts
[6y00rooi7i] figure_13.jpg -> classified as: Plots / Charts
[6y00rooi7i] figure_2.jpg -> classified as: Qualitative Examples
[6y00rooi7i] figure_11.jpg -> classified as: Plots / Charts
[6y00rooi7i] figure_7.jpg -> classified as: Plots / Charts
[6y00rooi7i] figure_3.jpg -> classified as: Plots / Charts
[6y00rooi7i] figure_1.jpg -> classified as: Architecture Diagram
[6y00rooi7i] figure_8.jpg -> classified as: Other
  -> Skipping second pass (Other)
[6y00rooi7i] figure_12.jpg -> classified as: Plots / Charts
[6y00rooi7i] figure_14.jpg -> classified as: Plots / Charts
[6y00rooi7i] figure_10.jpg -> classified as: Plots / Charts
[70ul28Zwwp] figure_(b)_Histogram_shows.jpg -> classified as: Plots / Charts
[70ul28Zwwp] figure_5.jpg -> classified as: Plots / Charts
[70ul28Zwwp] figure_6.jpg -> classified as: Plots / Charts
[70ul28Zwwp] figure_(a)_Fraction_of.jpg -> classified as: Plots / Charts
[70ul28Zwwp] figure_2.jpg -> classified as: Plots / Charts
[70ul28Zwwp] figure_7.jpg -> classified as: Plots / Charts
[70ul28Zwwp] figure_3.jpg -> classified as: Plots / Charts
[70ul28Zwwp] figure_1.jpg -> classified as: Plots / Charts
[72MSbSZtHv] figure_5.jpg -> classified as: Architecture Diagram
[72MSbSZtHv] figure_6.jpg -> classified as: Qualitative Examples
[72MSbSZtHv] figure_9.jpg -> classified as: Plots / Charts
[72MSbSZtHv] figure_2.jpg -> classified as: Architecture Diagram
[72MSbSZtHv] figure_7.jpg -> classified as: Plots / Charts
[72MSbSZtHv] figure_3.jpg -> classified as: Architecture Diagram
[72MSbSZtHv] figure_4.jpg -> classified as: Architecture Diagram
[72MSbSZtHv] figure_1.jpg -> classified as: Architecture Diagram
[72MSbSZtHv] figure_8.jpg -> classified as: Qualitative Examples
[760br3YEtY] figure_5.jpg -> classified as: Architecture Diagram
[760br3YEtY] figure_2.jpg -> classified as: Plots / Charts
[760br3YEtY] figure_3.jpg -> classified as: Plots / Charts
[760br3YEtY] figure_4.jpg -> classified as: Plots / Charts
[760br3YEtY] figure_A6.jpg -> classified as: Plots / Charts
[760br3YEtY] figure_1.jpg -> classified as: Architecture Diagram
[77gQUdQhE7] figure_5.jpg -> classified as: Plots / Charts
[77gQUdQhE7] figure_6.jpg -> classified as: Plots / Charts
[77gQUdQhE7] figure_9.jpg -> classified as: Plots / Charts
[77gQUdQhE7] figure_13.jpg -> classified as: Plots / Charts
[77gQUdQhE7] figure_15.jpg -> classified as: Plots / Charts
[77gQUdQhE7] figure_2.jpg -> classified as: Architecture Diagram
[77gQUdQhE7] figure_11.jpg -> classified as: Plots / Charts
[77gQUdQhE7] figure_7.jpg -> classified as: Plots / Charts
[77gQUdQhE7] figure_3.jpg -> classified as: Plots / Charts
[77gQUdQhE7] figure_4.jpg -> classified as: Plots / Charts
[77gQUdQhE7] figure_1.jpg -> classified as: Plots / Charts
[77gQUdQhE7] figure_8.jpg -> classified as: Plots / Charts
[77gQUdQhE7] figure_12.jpg -> classified as: Plots / Charts
[77gQUdQhE7] figure_14.jpg -> classified as: Plots / Charts
[77gQUdQhE7] figure_10.jpg -> classified as: Plots / Charts
[7AiPfnM73h] figure_2.jpg -> classified as: Plots / Charts
[7AiPfnM73h] figure_3.jpg -> classified as: Plots / Charts
[7AiPfnM73h] figure_4.jpg -> classified as: Plots / Charts
[7AiPfnM73h] figure_1.jpg -> classified as: Architecture Diagram
[7BLXhmWvwF] figure_19.jpg -> classified as: Qualitative Examples
[7BLXhmWvwF] figure_23.jpg -> classified as: Plots / Charts
[7BLXhmWvwF] figure_24.jpg -> classified as: Plots / Charts
[7BLXhmWvwF] figure_5.jpg -> classified as: Plots / Charts
[7BLXhmWvwF] figure_9.jpg -> classified as: Architecture Diagram
[7BLXhmWvwF] figure_22.jpg -> classified as: Plots / Charts
[7BLXhmWvwF] figure_18.jpg -> classified as: Plots / Charts
[7BLXhmWvwF] figure_13.jpg -> classified as: Qualitative Examples
[7BLXhmWvwF] figure_15.jpg -> classified as: Qualitative Examples
[7BLXhmWvwF] figure_2.jpg -> classified as: Qualitative Examples
[7BLXhmWvwF] figure_20.jpg -> classified as: Plots / Charts
[7BLXhmWvwF] figure_11.jpg -> classified as: Qualitative Examples
[7BLXhmWvwF] figure_7.jpg -> classified as: Plots / Charts
[7BLXhmWvwF] figure_3.jpg -> classified as: Plots / Charts
[7BLXhmWvwF] figure_4.jpg -> classified as: Plots / Charts
[7BLXhmWvwF] figure_17.jpg -> classified as: Qualitative Examples
[7BLXhmWvwF] figure_1.jpg -> classified as: Architecture Diagram
[7BLXhmWvwF] figure_8.jpg -> classified as: Plots / Charts
[7BLXhmWvwF] figure_12.jpg -> classified as: Qualitative Examples
[7BLXhmWvwF] figure_25.jpg -> classified as: Plots / Charts
[7BLXhmWvwF] figure_21.jpg -> classified as: Plots / Charts
[7BLXhmWvwF] figure_14.jpg -> classified as: Plots / Charts
[7BLXhmWvwF] figure_16.jpg -> classified as: Qualitative Examples
[7BLXhmWvwF] figure_10.jpg -> classified as: Qualitative Examples
[7BQkXXM8Fy] figure_5.jpg -> classified as: Plots / Charts
[7BQkXXM8Fy] figure_6.jpg -> classified as: Plots / Charts
[7BQkXXM8Fy] figure_9.jpg -> classified as: Qualitative Examples
[7BQkXXM8Fy] figure_18.jpg -> classified as: Plots / Charts
[7BQkXXM8Fy] figure_13.jpg -> classified as: Plots / Charts
[7BQkXXM8Fy] figure_15.jpg -> classified as: Plots / Charts
[7BQkXXM8Fy] figure_2.jpg -> classified as: Qualitative Examples
[7BQkXXM8Fy] figure_11.jpg -> classified as: Plots / Charts
[7BQkXXM8Fy] figure_7.jpg -> classified as: Plots / Charts
[7BQkXXM8Fy] figure_3.jpg -> classified as: Plots / Charts
[7BQkXXM8Fy] figure_4.jpg -> classified as: Plots / Charts
[7BQkXXM8Fy] figure_17.jpg -> classified as: Plots / Charts
[7BQkXXM8Fy] figure_1.jpg -> classified as: Architecture Diagram
[7BQkXXM8Fy] figure_8.jpg -> classified as: Plots / Charts
[7BQkXXM8Fy] figure_12.jpg -> classified as: Plots / Charts
[7BQkXXM8Fy] figure_14.jpg -> classified as: Plots / Charts
[7BQkXXM8Fy] figure_16.jpg -> classified as: Plots / Charts
[7BQkXXM8Fy] figure_10.jpg -> classified as: Plots / Charts
[7IzeL0kflu] figure_19.jpg -> classified as: Plots / Charts
[7IzeL0kflu] figure_5.jpg -> classified as: Plots / Charts
[7IzeL0kflu] figure_6.jpg -> classified as: Plots / Charts
[7IzeL0kflu] figure_9.jpg -> classified as: Plots / Charts
[7IzeL0kflu] figure_18.jpg -> classified as: Plots / Charts
[7IzeL0kflu] figure_13.jpg -> classified as: Plots / Charts
[7IzeL0kflu] figure_15.jpg -> classified as: Plots / Charts
[7IzeL0kflu] figure_2.jpg -> classified as: Architecture Diagram
[7IzeL0kflu] figure_11.jpg -> classified as: Plots / Charts
[7IzeL0kflu] figure_7.jpg -> classified as: Plots / Charts
[7IzeL0kflu] figure_3.jpg -> classified as: Architecture Diagram
[7IzeL0kflu] figure_4.jpg -> classified as: Plots / Charts
[7IzeL0kflu] figure_17.jpg -> classified as: Plots / Charts
[7IzeL0kflu] figure_1.jpg -> classified as: Architecture Diagram
[7IzeL0kflu] figure_8.jpg -> classified as: Plots / Charts
[7IzeL0kflu] figure_12.jpg -> classified as: Plots / Charts
[7IzeL0kflu] figure_14.jpg -> classified as: Plots / Charts
[7IzeL0kflu] figure_(b)_IQM_time.jpg -> classified as: Plots / Charts
[7IzeL0kflu] figure_16.jpg -> classified as: Plots / Charts
[7IzeL0kflu] figure_10.jpg -> classified as: Plots / Charts
[7J0NsFXnFd] figure_2.jpg -> classified as: Architecture Diagram
[7J0NsFXnFd] figure_3.jpg -> classified as: Architecture Diagram
[7J0NsFXnFd] figure_1.jpg -> classified as: Architecture Diagram
[7J2C4QnQrl] figure_2.jpg -> classified as: Architecture Diagram
[7J2C4QnQrl] figure_C_1.jpg -> classified as: Plots / Charts
[7J2C4QnQrl] figure_C_2.jpg -> classified as: Plots / Charts
[7J2C4QnQrl] figure_C_3.jpg -> classified as: Plots / Charts
[7J2C4QnQrl] figure_G.jpg -> classified as: Plots / Charts
[7J2C4QnQrl] figure_3.jpg -> classified as: Architecture Diagram
[7J2C4QnQrl] figure_G_2.jpg -> classified as: Plots / Charts
[7J2C4QnQrl] figure_C.jpg -> classified as: Plots / Charts
[7J2C4QnQrl] figure_1.jpg -> classified as: Architecture Diagram
[7J2C4QnQrl] figure_G_1.jpg -> classified as: Plots / Charts
[7M0EzjugaN] figure_5.jpg -> classified as: Qualitative Examples
[7M0EzjugaN] figure_2.jpg -> classified as: Architecture Diagram
[7M0EzjugaN] figure_3.jpg -> classified as: Plots / Charts
[7M0EzjugaN] figure_4.jpg -> classified as: Qualitative Examples
[7M0EzjugaN] figure_1.jpg -> classified as: Architecture Diagram
[7Rf2j94H1x] figure_5.jpg -> classified as: Plots / Charts
[7Rf2j94H1x] figure_6.jpg -> classified as: Plots / Charts
[7Rf2j94H1x] figure_2.jpg -> classified as: Architecture Diagram
[7Rf2j94H1x] figure_7.jpg -> classified as: Qualitative Examples
[7Rf2j94H1x] figure_3.jpg -> classified as: Plots / Charts
[7Rf2j94H1x] figure_4.jpg -> classified as: Plots / Charts
[7Rf2j94H1x] figure_1.jpg -> classified as: Architecture Diagram
[7S1xDos9pH] figure_5.jpg -> classified as: Plots / Charts
[7S1xDos9pH] figure_6.jpg -> classified as: Plots / Charts
[7S1xDos9pH] figure_9.jpg -> classified as: Plots / Charts
[7S1xDos9pH] figure_18.jpg -> classified as: Plots / Charts
[7S1xDos9pH] figure_13.jpg -> classified as: Plots / Charts
[7S1xDos9pH] figure_15.jpg -> classified as: Plots / Charts
[7S1xDos9pH] figure_2.jpg -> classified as: Plots / Charts
[7S1xDos9pH] figure_11.jpg -> classified as: Plots / Charts
[7S1xDos9pH] figure_7.jpg -> classified as: Plots / Charts
[7S1xDos9pH] figure_3.jpg -> classified as: Plots / Charts
[7S1xDos9pH] figure_4.jpg -> classified as: Plots / Charts
[7S1xDos9pH] figure_17.jpg -> classified as: Plots / Charts
[7S1xDos9pH] figure_1.jpg -> classified as: Plots / Charts
[7S1xDos9pH] figure_8.jpg -> classified as: Plots / Charts
[7S1xDos9pH] figure_12.jpg -> classified as: Plots / Charts
[7S1xDos9pH] figure_14.jpg -> classified as: Plots / Charts
[7S1xDos9pH] figure_16.jpg -> classified as: Plots / Charts
[7S1xDos9pH] figure_10.jpg -> classified as: Plots / Charts
[7UhxsmbdaQ] figure_C12.jpg -> classified as: Plots / Charts
[7UhxsmbdaQ] figure_B10.jpg -> classified as: Plots / Charts
[7UhxsmbdaQ] figure_B9.jpg -> classified as: Plots / Charts
[7UhxsmbdaQ] figure_Generative_Yield_$_$.jpg -> classified as: Plots / Charts
[7UhxsmbdaQ] figure_B5.jpg -> classified as: Plots / Charts
[7UhxsmbdaQ] figure_Structure_Min._Size_1.jpg -> classified as: Plots / Charts
[7UhxsmbdaQ] figure_Scaffold__Sample_.jpg -> classified as: Plots / Charts
[7UhxsmbdaQ] figure_Scaffold_Min._Size.jpg -> classified as: Plots / Charts
[7UhxsmbdaQ] figure_Oracle_Burden_$_mathbf.jpg -> classified as: Plots / Charts
[7UhxsmbdaQ] figure_Scaffold__Sample__Min..jpg -> classified as: Plots / Charts
[7UhxsmbdaQ] figure_Structure__Sample__Min._1.jpg -> classified as: Plots / Charts
[7UhxsmbdaQ] figure_Structure_Min._Size.jpg -> classified as: Plots / Charts
[7UhxsmbdaQ] figure_B8.jpg -> classified as: Plots / Charts
[7UhxsmbdaQ] figure_B6.jpg -> classified as: Plots / Charts
[7UhxsmbdaQ] figure_2.jpg -> classified as: Plots / Charts
[7UhxsmbdaQ] figure_C11.jpg -> classified as: Qualitative Examples
[7UhxsmbdaQ] figure_D13.jpg -> classified as: Qualitative Examples
[7UhxsmbdaQ] figure_3.jpg -> classified as: Qualitative Examples
[7UhxsmbdaQ] figure_Scaffold__Sample__Min._1.jpg -> classified as: Plots / Charts
[7UhxsmbdaQ] figure_D15.jpg -> classified as: Qualitative Examples
[7UhxsmbdaQ] figure_1.jpg -> classified as: Architecture Diagram
[7UhxsmbdaQ] figure_Structure__Sample__Min._2.jpg -> classified as: Plots / Charts
[7UhxsmbdaQ] figure_Oracle_Burden_(10).jpg -> classified as: Plots / Charts
[7UhxsmbdaQ] figure_D14.jpg -> classified as: Qualitative Examples
[7UhxsmbdaQ] figure_A4.jpg -> classified as: Architecture Diagram
[7UhxsmbdaQ] figure_B7.jpg -> classified as: Plots / Charts
[7UhxsmbdaQ] figure_Structure__Sample__Min._3.jpg -> classified as: Plots / Charts
[7UhxsmbdaQ] figure_Structure__Sample__Min..jpg -> classified as: Plots / Charts
[7VVGO0kuuY] figure_5.jpg -> classified as: Qualitative Examples
[7VVGO0kuuY] figure_6.jpg -> classified as: Architecture Diagram
[7VVGO0kuuY] figure_9.jpg -> classified as: Architecture Diagram
[7VVGO0kuuY] figure_2.jpg -> classified as: Architecture Diagram
[7VVGO0kuuY] figure_7.jpg -> classified as: Plots / Charts
[7VVGO0kuuY] figure_3.jpg -> classified as: Architecture Diagram
[7VVGO0kuuY] figure_4.jpg -> classified as: Architecture Diagram
[7VVGO0kuuY] figure_1.jpg -> classified as: Architecture Diagram
[7VVGO0kuuY] figure_8.jpg -> classified as: Plots / Charts
[7WaRh4gCXp] figure_5.jpg -> classified as: Plots / Charts
[7WaRh4gCXp] figure_6.jpg -> classified as: Qualitative Examples
[7WaRh4gCXp] figure_(a)_Results_of.jpg -> classified as: Qualitative Examples
[7WaRh4gCXp] figure_7.jpg -> classified as: Qualitative Examples
[7WaRh4gCXp] figure_3.jpg -> classified as: Architecture Diagram
[7WaRh4gCXp] figure_4.jpg -> classified as: Qualitative Examples
[7WaRh4gCXp] figure_1.jpg -> classified as: Qualitative Examples
[7WaRh4gCXp] figure_8.jpg -> classified as: Qualitative Examples
[7WaRh4gCXp] figure_(a)_Bird-eye_views.jpg -> classified as: Qualitative Examples
[7XIkRgYjK3] figure_5.jpg -> classified as: Plots / Charts
[7XIkRgYjK3] figure_6.jpg -> classified as: Plots / Charts
[7XIkRgYjK3] figure_9.jpg -> classified as: Plots / Charts
[7XIkRgYjK3] figure_2.jpg -> classified as: Plots / Charts
[7XIkRgYjK3] figure_7.jpg -> classified as: Qualitative Examples
[7XIkRgYjK3] figure_3.jpg -> classified as: Architecture Diagram
[7XIkRgYjK3] figure_4.jpg -> classified as: Plots / Charts
[7XIkRgYjK3] figure_1.jpg -> classified as: Architecture Diagram
[7XIkRgYjK3] figure_8.jpg -> classified as: Qualitative Examples
[7XIkRgYjK3] figure_10.jpg -> classified as: Plots / Charts
[7YKV7zkNpX] figure_2.jpg -> classified as: Plots / Charts
[7YKV7zkNpX] figure_1.jpg -> classified as: Plots / Charts
[7ZToWPWUlO] figure_5.jpg -> classified as: Qualitative Examples
[7ZToWPWUlO] figure_6.jpg -> classified as: Plots / Charts
[7ZToWPWUlO] figure_2.jpg -> classified as: Architecture Diagram
[7ZToWPWUlO] figure_7.jpg -> classified as: Plots / Charts
[7ZToWPWUlO] figure_3.jpg -> classified as: Architecture Diagram
[7ZToWPWUlO] figure_4.jpg -> classified as: Architecture Diagram
[7ZToWPWUlO] figure_1.jpg -> classified as: Plots / Charts
[7ZToWPWUlO] figure_8.jpg -> classified as: Plots / Charts
[7Zppme1swQ] figure_2.jpg -> classified as: Architecture Diagram
[7Zppme1swQ] figure_3.jpg -> classified as: Qualitative Examples
[7Zppme1swQ] figure_4.jpg -> classified as: Plots / Charts
[7Zppme1swQ] figure_1.jpg -> classified as: Architecture Diagram
[7ZyFjPUeJp] figure_2.jpg -> classified as: Plots / Charts
[7ZyFjPUeJp] figure_3.jpg -> classified as: Plots / Charts
[7ZyFjPUeJp] figure_4.jpg -> classified as: Plots / Charts
[7ZyFjPUeJp] figure_1.jpg -> classified as: Architecture Diagram
[7b2itdrxMa] figure_5.jpg -> classified as: Plots / Charts
[7b2itdrxMa] figure_6.jpg -> classified as: Qualitative Examples
[7b2itdrxMa] figure_9.jpg -> classified as: Plots / Charts
[7b2itdrxMa] figure_2.jpg -> classified as: Plots / Charts
[7b2itdrxMa] figure_7.jpg -> classified as: Qualitative Examples
[7b2itdrxMa] figure_3.jpg -> classified as: Plots / Charts
[7b2itdrxMa] figure_4.jpg -> classified as: Plots / Charts
[7b2itdrxMa] figure_1.jpg -> classified as: Plots / Charts
[7b2itdrxMa] figure_8.jpg -> classified as: Plots / Charts
[7dPrT34fHF] figure_2.jpg -> classified as: Architecture Diagram
[7dPrT34fHF] figure_1.jpg -> classified as: Architecture Diagram
[7fxzVTSgZC] figure_5.jpg -> classified as: Plots / Charts
[7fxzVTSgZC] figure_6.jpg -> classified as: Plots / Charts
[7fxzVTSgZC] figure_2.jpg -> classified as: Architecture Diagram
[7fxzVTSgZC] figure_3.jpg -> classified as: Plots / Charts
[7fxzVTSgZC] figure_4.jpg -> classified as: Plots / Charts
[7fxzVTSgZC] figure_1.jpg -> classified as: Plots / Charts
[7gDENzTzw1] figure_5.jpg -> classified as: Plots / Charts
[7gDENzTzw1] figure_2.jpg -> classified as: Architecture Diagram
[7gDENzTzw1] figure_3.jpg -> classified as: Architecture Diagram
[7gDENzTzw1] figure_4.jpg -> classified as: Qualitative Examples
[7gDENzTzw1] figure_1.jpg -> classified as: Qualitative Examples
[7gLfQT52Nn] figure_5.jpg -> classified as: Plots / Charts
[7gLfQT52Nn] figure_6.jpg -> classified as: Qualitative Examples
[7gLfQT52Nn] figure_9.jpg -> classified as: Plots / Charts
[7gLfQT52Nn] figure_(b)_Cosine_similarity.jpg -> classified as: Plots / Charts
[7gLfQT52Nn] figure_2.jpg -> classified as: Qualitative Examples
[7gLfQT52Nn] figure_7.jpg -> classified as: Qualitative Examples
[7gLfQT52Nn] figure_3.jpg -> classified as: Plots / Charts
[7gLfQT52Nn] figure_4.jpg -> classified as: Plots / Charts
[7gLfQT52Nn] figure_1.jpg -> classified as: Plots / Charts
[7gLfQT52Nn] figure_8.jpg -> classified as: Plots / Charts
[7ienVkNf83] figure_5.jpg -> classified as: Plots / Charts
[7ienVkNf83] figure_6.jpg -> classified as: Qualitative Examples
[7ienVkNf83] figure_9.jpg -> classified as: Plots / Charts
[7ienVkNf83] figure_13.jpg -> classified as: Architecture Diagram
[7ienVkNf83] figure_2.jpg -> classified as: Plots / Charts
[7ienVkNf83] figure_11.jpg -> classified as: Plots / Charts
[7ienVkNf83] figure_7.jpg -> classified as: Plots / Charts
[7ienVkNf83] figure_3.jpg -> classified as: Plots / Charts
[7ienVkNf83] figure_4.jpg -> classified as: Plots / Charts
[7ienVkNf83] figure_1.jpg -> classified as: Architecture Diagram
[7ienVkNf83] figure_8.jpg -> classified as: Plots / Charts
[7ienVkNf83] figure_12.jpg -> classified as: Plots / Charts
[7ienVkNf83] figure_10.jpg -> classified as: Plots / Charts
[7k4HVhUS9k] figure_2.jpg -> classified as: Architecture Diagram
[7k4HVhUS9k] figure_1.jpg -> classified as: Plots / Charts
[7kKyELnAhn] figure_2.jpg -> classified as: Plots / Charts
[7kKyELnAhn] figure_3.jpg -> classified as: Plots / Charts
[7kKyELnAhn] figure_4.jpg -> classified as: Plots / Charts
[7kKyELnAhn] figure_1.jpg -> classified as: Plots / Charts
[7lUdo8Vuqa] figure_2.jpg -> classified as: Plots / Charts
[7lUdo8Vuqa] figure_3.jpg -> classified as: Plots / Charts
[7lUdo8Vuqa] figure_1.jpg -> classified as: Plots / Charts
[7n360rsYAq] figure_5.jpg -> classified as: Plots / Charts
[7n360rsYAq] figure_6.jpg -> classified as: Plots / Charts
[7n360rsYAq] figure_9.jpg -> classified as: Plots / Charts
[7n360rsYAq] figure_2.jpg -> classified as: Plots / Charts
[7n360rsYAq] figure_7.jpg -> classified as: Plots / Charts
[7n360rsYAq] figure_3.jpg -> classified as: Plots / Charts
[7n360rsYAq] figure_4.jpg -> classified as: Plots / Charts
[7n360rsYAq] figure_1.jpg -> classified as: Architecture Diagram
[7n360rsYAq] figure_8.jpg -> classified as: Plots / Charts
[7n360rsYAq] figure_10.jpg -> classified as: Plots / Charts
[7orD38wzdi] figure_19.jpg -> classified as: Plots / Charts
[7orD38wzdi] figure_23.jpg -> classified as: Plots / Charts
[7orD38wzdi] figure_5.jpg -> classified as: Architecture Diagram
[7orD38wzdi] figure_6.jpg -> classified as: Plots / Charts
[7orD38wzdi] figure_9.jpg -> classified as: Plots / Charts
[7orD38wzdi] figure_22.jpg -> classified as: Plots / Charts
[7orD38wzdi] figure_18.jpg -> classified as: Architecture Diagram
[7orD38wzdi] figure_13.jpg -> classified as: Qualitative Examples
[7orD38wzdi] figure_15.jpg -> classified as: Qualitative Examples
[7orD38wzdi] figure_2.jpg -> classified as: Plots / Charts
[7orD38wzdi] figure_20.jpg -> classified as: Plots / Charts
[7orD38wzdi] figure_11.jpg -> classified as: Plots / Charts
[7orD38wzdi] figure_7.jpg -> classified as: Architecture Diagram
[7orD38wzdi] figure_3.jpg -> classified as: Qualitative Examples
[7orD38wzdi] figure_4.jpg -> classified as: Plots / Charts
[7orD38wzdi] figure_17.jpg -> classified as: Architecture Diagram
[7orD38wzdi] figure_1.jpg -> classified as: Architecture Diagram
[7orD38wzdi] figure_8.jpg -> classified as: Qualitative Examples
[7orD38wzdi] figure_12.jpg -> classified as: Plots / Charts
[7orD38wzdi] figure_21.jpg -> classified as: Plots / Charts
[7orD38wzdi] figure_14.jpg -> classified as: Qualitative Examples
[7orD38wzdi] figure_16.jpg -> classified as: Qualitative Examples
[7orD38wzdi] figure_10.jpg -> classified as: Plots / Charts
[7q7s5fXEpP] figure_5.jpg -> classified as: Plots / Charts
[7q7s5fXEpP] figure_6.jpg -> classified as: Plots / Charts
[7q7s5fXEpP] figure_9.jpg -> classified as: Plots / Charts
[7q7s5fXEpP] figure_2.jpg -> classified as: Plots / Charts
[7q7s5fXEpP] figure_7.jpg -> classified as: Plots / Charts
[7q7s5fXEpP] figure_3.jpg -> classified as: Plots / Charts
[7q7s5fXEpP] figure_4.jpg -> classified as: Plots / Charts
[7q7s5fXEpP] figure_1.jpg -> classified as: Architecture Diagram
[7q7s5fXEpP] figure_8.jpg -> classified as: Plots / Charts
[7q7s5fXEpP] figure_10.jpg -> classified as: Plots / Charts
[7sMR09VNKU] figure_5.jpg -> classified as: Plots / Charts
[7sMR09VNKU] figure_2.jpg -> classified as: Plots / Charts
[7sMR09VNKU] figure_3.jpg -> classified as: Plots / Charts
[7sMR09VNKU] figure_4.jpg -> classified as: Plots / Charts
[7sMR09VNKU] figure_1.jpg -> classified as: Architecture Diagram
[7wuJMvK639] figure_5.jpg -> classified as: Plots / Charts
[7wuJMvK639] figure_6.jpg -> classified as: Plots / Charts
[7wuJMvK639] figure_9.jpg -> classified as: Plots / Charts
[7wuJMvK639] figure_2.jpg -> classified as: Architecture Diagram
[7wuJMvK639] figure_7.jpg -> classified as: Qualitative Examples
[7wuJMvK639] figure_3.jpg -> classified as: Qualitative Examples
[7wuJMvK639] figure_4.jpg -> classified as: Qualitative Examples
[7wuJMvK639] figure_1.jpg -> classified as: Qualitative Examples
[7wuJMvK639] figure_8.jpg -> classified as: Plots / Charts
[7wuJMvK639] figure_10.jpg -> classified as: Qualitative Examples
[7zY781bMDO] figure_6.jpg -> classified as: Plots / Charts
[7zY781bMDO] figure_2.jpg -> classified as: Architecture Diagram
[7zY781bMDO] figure_7.jpg -> classified as: Plots / Charts
[7zY781bMDO] figure_3.jpg -> classified as: Qualitative Examples
[7zY781bMDO] figure_4.jpg -> classified as: Qualitative Examples
[7zY781bMDO] figure_1.jpg -> classified as: Architecture Diagram
[80wh3jjCZf] figure_5.jpg -> classified as: Plots / Charts
[80wh3jjCZf] figure_6.jpg -> classified as: Qualitative Examples
[80wh3jjCZf] figure_9.jpg -> classified as: Plots / Charts
[80wh3jjCZf] figure_2.jpg -> classified as: Architecture Diagram
[80wh3jjCZf] figure_11.jpg -> classified as: Plots / Charts
[80wh3jjCZf] figure_7.jpg -> classified as: Plots / Charts
[80wh3jjCZf] figure_3.jpg -> classified as: Plots / Charts
[80wh3jjCZf] figure_4.jpg -> classified as: Plots / Charts
[80wh3jjCZf] figure_1.jpg -> classified as: Plots / Charts
[80wh3jjCZf] figure_8.jpg -> classified as: Plots / Charts
[80wh3jjCZf] figure_12.jpg -> classified as: Plots / Charts
[80wh3jjCZf] figure_10.jpg -> classified as: Plots / Charts
[82VzAtBZGk] figure_5.jpg -> classified as: Plots / Charts
[82VzAtBZGk] figure_6.jpg -> classified as: Qualitative Examples
[82VzAtBZGk] figure_9.jpg -> classified as: Plots / Charts
[82VzAtBZGk] figure_13.jpg -> classified as: Plots / Charts
[82VzAtBZGk] figure_15.jpg -> classified as: Plots / Charts
[82VzAtBZGk] figure_2.jpg -> classified as: Plots / Charts
[82VzAtBZGk] figure_11.jpg -> classified as: Plots / Charts
[82VzAtBZGk] figure_7.jpg -> classified as: Qualitative Examples
[82VzAtBZGk] figure_3.jpg -> classified as: Qualitative Examples
[82VzAtBZGk] figure_4.jpg -> classified as: Plots / Charts
[82VzAtBZGk] figure_1.jpg -> classified as: Architecture Diagram
[82VzAtBZGk] figure_8.jpg -> classified as: Plots / Charts
[82VzAtBZGk] figure_12.jpg -> classified as: Plots / Charts
[82VzAtBZGk] figure_14.jpg -> classified as: Plots / Charts
[82VzAtBZGk] figure_16.jpg -> classified as: Plots / Charts
[82VzAtBZGk] figure_10.jpg -> classified as: Plots / Charts
[86w3LbTNI1] figure_5.jpg -> classified as: Qualitative Examples
[86w3LbTNI1] figure_6.jpg -> classified as: Plots / Charts
[86w3LbTNI1] figure_2.jpg -> classified as: Plots / Charts
[86w3LbTNI1] figure_3.jpg -> classified as: Plots / Charts
[86w3LbTNI1] figure_4.jpg -> classified as: Plots / Charts
[86w3LbTNI1] figure_1.jpg -> classified as: Plots / Charts
[86zAUE80pP] figure_5.jpg -> classified as: Plots / Charts
[86zAUE80pP] figure_6.jpg -> classified as: Plots / Charts
[86zAUE80pP] figure_9.jpg -> classified as: Plots / Charts
[86zAUE80pP] figure_2.jpg -> classified as: Plots / Charts
[86zAUE80pP] figure_7.jpg -> classified as: Plots / Charts
[86zAUE80pP] figure_3.jpg -> classified as: Plots / Charts
[86zAUE80pP] figure_4.jpg -> classified as: Plots / Charts
[86zAUE80pP] figure_1.jpg -> classified as: Plots / Charts
[86zAUE80pP] figure_8.jpg -> classified as: Plots / Charts
[89EjtiGWVS] figure_5.jpg -> classified as: Plots / Charts
[89EjtiGWVS] figure_6.jpg -> classified as: Plots / Charts
[89EjtiGWVS] figure_9.jpg -> classified as: Plots / Charts
[89EjtiGWVS] figure_2.jpg -> classified as: Plots / Charts
[89EjtiGWVS] figure_7.jpg -> classified as: Plots / Charts
[89EjtiGWVS] figure_3.jpg -> classified as: Plots / Charts
[89EjtiGWVS] figure_4.jpg -> classified as: Plots / Charts
[89EjtiGWVS] figure_1.jpg -> classified as: Architecture Diagram
[89EjtiGWVS] figure_8.jpg -> classified as: Plots / Charts
[8BAkNCqpGW] figure_2.jpg -> classified as: Plots / Charts
[8BAkNCqpGW] figure_3.jpg -> classified as: Plots / Charts
[8BAkNCqpGW] figure_1.jpg -> classified as: Architecture Diagram
[8DBTq09LgN] figure_5.jpg -> classified as: Architecture Diagram
[8DBTq09LgN] figure_6.jpg -> classified as: Plots / Charts
[8DBTq09LgN] figure_22.jpg -> classified as: Plots / Charts
[8DBTq09LgN] figure_18.jpg -> classified as: Plots / Charts
[8DBTq09LgN] figure_13.jpg -> classified as: Architecture Diagram
[8DBTq09LgN] figure_2.jpg -> classified as: Qualitative Examples
[8DBTq09LgN] figure_11.jpg -> classified as: Qualitative Examples
[8DBTq09LgN] figure_3.jpg -> classified as: Architecture Diagram
[8DBTq09LgN] figure_1.jpg -> classified as: Other
  -> Skipping second pass (Other)
[8DBTq09LgN] figure_8.jpg -> classified as: Plots / Charts
[8DBTq09LgN] figure_12.jpg -> classified as: Qualitative Examples
[8DBTq09LgN] figure_21.jpg -> classified as: Qualitative Examples
[8DBTq09LgN] figure_14.jpg -> classified as: Plots / Charts
[8DBTq09LgN] figure_16.jpg -> classified as: Plots / Charts
[8DBTq09LgN] figure_10.jpg -> classified as: Plots / Charts
[8HCARN2hhw] figure_5.jpg -> classified as: Architecture Diagram
[8HCARN2hhw] figure_6.jpg -> classified as: Qualitative Examples
[8HCARN2hhw] figure_9.jpg -> classified as: Qualitative Examples
[8HCARN2hhw] figure_2.jpg -> classified as: Architecture Diagram
[8HCARN2hhw] figure_7.jpg -> classified as: Architecture Diagram
[8HCARN2hhw] figure_3.jpg -> classified as: Architecture Diagram
[8HCARN2hhw] figure_4.jpg -> classified as: Architecture Diagram
[8HCARN2hhw] figure_1.jpg -> classified as: Architecture Diagram
[8HCARN2hhw] figure_8.jpg -> classified as: Qualitative Examples
[8HCARN2hhw] figure_10.jpg -> classified as: Architecture Diagram
[8Itp6Axs9Z] figure_2.jpg -> classified as: Architecture Diagram
[8Itp6Axs9Z] figure_1.jpg -> classified as: Architecture Diagram
[8Q0beBHq41] figure_5.jpg -> classified as: Other
  -> Skipping second pass (Other)
[8Q0beBHq41] figure_6.jpg -> classified as: Qualitative Examples
[8Q0beBHq41] figure_2.jpg -> classified as: Qualitative Examples
[8Q0beBHq41] figure_7.jpg -> classified as: Plots / Charts
[8Q0beBHq41] figure_3.jpg -> classified as: Plots / Charts
[8Q0beBHq41] figure_4.jpg -> classified as: Plots / Charts
[8Q0beBHq41] figure_1.jpg -> classified as: Architecture Diagram
[8QkpCRio53] figure_5.jpg -> classified as: Plots / Charts
[8QkpCRio53] figure_2.jpg -> classified as: Plots / Charts
[8QkpCRio53] figure_3.jpg -> classified as: Plots / Charts
[8QkpCRio53] figure_4.jpg -> classified as: Architecture Diagram
[8QkpCRio53] figure_1.jpg -> classified as: Plots / Charts
[8Rad5LwSv2] figure_2.jpg -> classified as: Qualitative Examples
[8Rad5LwSv2] figure_3.jpg -> classified as: Qualitative Examples
[8Rad5LwSv2] figure_1.jpg -> classified as: Architecture Diagram
[8UFG9D8xeU] figure_5.jpg -> classified as: Qualitative Examples
[8UFG9D8xeU] figure_6.jpg -> classified as: Plots / Charts
[8UFG9D8xeU] figure_2.jpg -> classified as: Qualitative Examples
[8UFG9D8xeU] figure_7.jpg -> classified as: Plots / Charts
[8UFG9D8xeU] figure_3.jpg -> classified as: Plots / Charts
[8UFG9D8xeU] figure_4.jpg -> classified as: Plots / Charts
[8UFG9D8xeU] figure_1.jpg -> classified as: Architecture Diagram
[8cNMMrWRbZ] figure_5.jpg -> classified as: Plots / Charts
[8cNMMrWRbZ] figure_2.jpg -> classified as: Architecture Diagram
[8cNMMrWRbZ] figure_4.jpg -> classified as: Qualitative Examples
[8cNMMrWRbZ] figure_1.jpg -> classified as: Qualitative Examples
[8egnwady4b] figure_5.jpg -> classified as: Plots / Charts
[8egnwady4b] figure_6.jpg -> classified as: Qualitative Examples
[8egnwady4b] figure_9.jpg -> classified as: Plots / Charts
[8egnwady4b] figure_2.jpg -> classified as: Architecture Diagram
[8egnwady4b] figure_11.jpg -> classified as: Plots / Charts
[8egnwady4b] figure_7.jpg -> classified as: Qualitative Examples
[8egnwady4b] figure_3.jpg -> classified as: Plots / Charts
[8egnwady4b] figure_4.jpg -> classified as: Plots / Charts
[8egnwady4b] figure_1.jpg -> classified as: Architecture Diagram
[8egnwady4b] figure_8.jpg -> classified as: Plots / Charts
[8egnwady4b] figure_12.jpg -> classified as: Plots / Charts
[8egnwady4b] figure_10.jpg -> classified as: Plots / Charts
[8lLaS1ekDA] figure_19.jpg -> classified as: Plots / Charts
[8lLaS1ekDA] figure_5.jpg -> classified as: Architecture Diagram
[8lLaS1ekDA] figure_6.jpg -> classified as: Architecture Diagram
[8lLaS1ekDA] figure_9.jpg -> classified as: Plots / Charts
[8lLaS1ekDA] figure_18.jpg -> classified as: Qualitative Examples
[8lLaS1ekDA] figure_13.jpg -> classified as: Qualitative Examples
[8lLaS1ekDA] figure_15.jpg -> classified as: Plots / Charts
[8lLaS1ekDA] figure_2.jpg -> classified as: Plots / Charts
[8lLaS1ekDA] figure_20.jpg -> classified as: Qualitative Examples
[8lLaS1ekDA] figure_11.jpg -> classified as: Architecture Diagram
[8lLaS1ekDA] figure_7.jpg -> classified as: Plots / Charts
[8lLaS1ekDA] figure_3.jpg -> classified as: Plots / Charts
[8lLaS1ekDA] figure_4.jpg -> classified as: Architecture Diagram
[8lLaS1ekDA] figure_17.jpg -> classified as: Plots / Charts
[8lLaS1ekDA] figure_1.jpg -> classified as: Architecture Diagram
[8lLaS1ekDA] figure_8.jpg -> classified as: Plots / Charts
[8lLaS1ekDA] figure_12.jpg -> classified as: Plots / Charts
[8lLaS1ekDA] figure_14.jpg -> classified as: Architecture Diagram
[8lLaS1ekDA] figure_16.jpg -> classified as: Plots / Charts
[8lLaS1ekDA] figure_10.jpg -> classified as: Plots / Charts
[8lwWBSa1pJ] figure_5.jpg -> classified as: Plots / Charts
[8lwWBSa1pJ] figure_6.jpg -> classified as: Plots / Charts
[8lwWBSa1pJ] figure_2.jpg -> classified as: Qualitative Examples
[8lwWBSa1pJ] figure_7.jpg -> classified as: Plots / Charts
[8lwWBSa1pJ] figure_3.jpg -> classified as: Plots / Charts
[8lwWBSa1pJ] figure_4.jpg -> classified as: Plots / Charts
[8lwWBSa1pJ] figure_1.jpg -> classified as: Architecture Diagram
[8lwWBSa1pJ] figure_8.jpg -> classified as: Plots / Charts
[8oCrlOaYcc] figure_19.jpg -> classified as: Plots / Charts
[8oCrlOaYcc] figure_23.jpg -> classified as: Plots / Charts
[8oCrlOaYcc] figure_24.jpg -> classified as: Plots / Charts
[8oCrlOaYcc] figure_5.jpg -> classified as: Plots / Charts
[8oCrlOaYcc] figure_6.jpg -> classified as: Plots / Charts
[8oCrlOaYcc] figure_9.jpg -> classified as: Plots / Charts
[8oCrlOaYcc] figure_22.jpg -> classified as: Plots / Charts
[8oCrlOaYcc] figure_18.jpg -> classified as: Plots / Charts
[8oCrlOaYcc] figure_13.jpg -> classified as: Plots / Charts
[8oCrlOaYcc] figure_15.jpg -> classified as: Plots / Charts
[8oCrlOaYcc] figure_2.jpg -> classified as: Architecture Diagram
[8oCrlOaYcc] figure_20.jpg -> classified as: Plots / Charts
[8oCrlOaYcc] figure_11.jpg -> classified as: Plots / Charts
[8oCrlOaYcc] figure_7.jpg -> classified as: Plots / Charts
[8oCrlOaYcc] figure_3.jpg -> classified as: Architecture Diagram
[8oCrlOaYcc] figure_4.jpg -> classified as: Plots / Charts
[8oCrlOaYcc] figure_17.jpg -> classified as: Plots / Charts
[8oCrlOaYcc] figure_1.jpg -> classified as: Plots / Charts
[8oCrlOaYcc] figure_8.jpg -> classified as: Plots / Charts
[8oCrlOaYcc] figure_12.jpg -> classified as: Plots / Charts
[8oCrlOaYcc] figure_21.jpg -> classified as: Plots / Charts
[8oCrlOaYcc] figure_14.jpg -> classified as: Plots / Charts
[8oCrlOaYcc] figure_16.jpg -> classified as: Plots / Charts
[8oCrlOaYcc] figure_10.jpg -> classified as: Plots / Charts
[8oFvUBvF1u] figure_5.jpg -> classified as: Qualitative Examples
[8oFvUBvF1u] figure_6.jpg -> classified as: Architecture Diagram
[8oFvUBvF1u] figure_9.jpg -> classified as: Qualitative Examples
[8oFvUBvF1u] figure_2.jpg -> classified as: Qualitative Examples
[8oFvUBvF1u] figure_11.jpg -> classified as: Qualitative Examples
[8oFvUBvF1u] figure_7.jpg -> classified as: Architecture Diagram
[8oFvUBvF1u] figure_3.jpg -> classified as: Qualitative Examples
[8oFvUBvF1u] figure_4.jpg -> classified as: Qualitative Examples
[8oFvUBvF1u] figure_1.jpg -> classified as: Qualitative Examples
[8oFvUBvF1u] figure_8.jpg -> classified as: Qualitative Examples
[8oFvUBvF1u] figure_12.jpg -> classified as: Qualitative Examples
[8oFvUBvF1u] figure_10.jpg -> classified as: Qualitative Examples
[8oNzf7u5lT] figure_5.jpg -> classified as: Plots / Charts
[8oNzf7u5lT] figure_2.jpg -> classified as: Qualitative Examples
[8oNzf7u5lT] figure_3.jpg -> classified as: Qualitative Examples
[8oNzf7u5lT] figure_4.jpg -> classified as: Architecture Diagram
[8oNzf7u5lT] figure_1.jpg -> classified as: Architecture Diagram
[8uYJottqTy] figure_5.jpg -> classified as: Plots / Charts
[8uYJottqTy] figure_6.jpg -> classified as: Plots / Charts
[8uYJottqTy] figure_9.jpg -> classified as: Plots / Charts
[8uYJottqTy] figure_2.jpg -> classified as: Architecture Diagram
[8uYJottqTy] figure_11.jpg -> classified as: Plots / Charts
[8uYJottqTy] figure_7.jpg -> classified as: Plots / Charts
[8uYJottqTy] figure_3.jpg -> classified as: Architecture Diagram
[8uYJottqTy] figure_4.jpg -> classified as: Plots / Charts
[8uYJottqTy] figure_1.jpg -> classified as: Plots / Charts
[8uYJottqTy] figure_8.jpg -> classified as: Plots / Charts
[8uYJottqTy] figure_10.jpg -> classified as: Plots / Charts
[8y5vlBuRll] figure_5.jpg -> classified as: Plots / Charts
[8y5vlBuRll] figure_6.jpg -> classified as: Plots / Charts
[8y5vlBuRll] figure_9.jpg -> classified as: Plots / Charts
[8y5vlBuRll] figure_2.jpg -> classified as: Other
  -> Skipping second pass (Other)
[8y5vlBuRll] figure_7.jpg -> classified as: Plots / Charts
[8y5vlBuRll] figure_3.jpg -> classified as: Plots / Charts
[8y5vlBuRll] figure_4.jpg -> classified as: Plots / Charts
[8y5vlBuRll] figure_1.jpg -> classified as: Other
  -> Skipping second pass (Other)
[8y5vlBuRll] figure_8.jpg -> classified as: Plots / Charts
[8y5vlBuRll] figure_10.jpg -> classified as: Plots / Charts
[8yEoTBceap] figure_5.jpg -> classified as: Qualitative Examples
[8yEoTBceap] figure_6.jpg -> classified as: Qualitative Examples
[8yEoTBceap] figure_2.jpg -> classified as: Architecture Diagram
[8yEoTBceap] figure_7.jpg -> classified as: Qualitative Examples
[8yEoTBceap] figure_3.jpg -> classified as: Qualitative Examples
[8yEoTBceap] figure_4.jpg -> classified as: Qualitative Examples
[8yEoTBceap] figure_1.jpg -> classified as: Architecture Diagram
[8zJevzvk64] figure_1.jpg -> classified as: Plots / Charts
[92KV9xAMhF] figure_5.jpg -> classified as: Plots / Charts
[92KV9xAMhF] figure_2.jpg -> classified as: Architecture Diagram
[92KV9xAMhF] figure_3.jpg -> classified as: Plots / Charts
[92KV9xAMhF] figure_4.jpg -> classified as: Plots / Charts
[92KV9xAMhF] figure_1.jpg -> classified as: Architecture Diagram
[93LoCyww8o] figure_5.jpg -> classified as: Plots / Charts
[93LoCyww8o] figure_6.jpg -> classified as: Qualitative Examples
[93LoCyww8o] figure_2.jpg -> classified as: Architecture Diagram
[93LoCyww8o] figure_7.jpg -> classified as: Plots / Charts
[93LoCyww8o] figure_3.jpg -> classified as: Architecture Diagram
[93LoCyww8o] figure_4.jpg -> classified as: Plots / Charts
[93LoCyww8o] figure_1.jpg -> classified as: Architecture Diagram
[93LoCyww8o] figure_8.jpg -> classified as: Qualitative Examples
[99tKiMVJhY] figure_19.jpg -> classified as: Qualitative Examples
[99tKiMVJhY] figure_23.jpg -> classified as: Plots / Charts
[99tKiMVJhY] figure_24.jpg -> classified as: Plots / Charts
[99tKiMVJhY] figure_5.jpg -> classified as: Plots / Charts
[99tKiMVJhY] figure_6.jpg -> classified as: Plots / Charts
[99tKiMVJhY] figure_9.jpg -> classified as: Qualitative Examples
[99tKiMVJhY] figure_22.jpg -> classified as: Qualitative Examples
[99tKiMVJhY] figure_18.jpg -> classified as: Plots / Charts
[99tKiMVJhY] figure_13.jpg -> classified as: Plots / Charts
[99tKiMVJhY] figure_15.jpg -> classified as: Plots / Charts
[99tKiMVJhY] figure_2.jpg -> classified as: Architecture Diagram
[99tKiMVJhY] figure_20.jpg -> classified as: Plots / Charts
[99tKiMVJhY] figure_11.jpg -> classified as: Qualitative Examples
[99tKiMVJhY] figure_7.jpg -> classified as: Plots / Charts
[99tKiMVJhY] figure_3.jpg -> classified as: Plots / Charts
[99tKiMVJhY] figure_4.jpg -> classified as: Plots / Charts
[99tKiMVJhY] figure_17.jpg -> classified as: Plots / Charts
[99tKiMVJhY] figure_1.jpg -> classified as: Architecture Diagram
[99tKiMVJhY] figure_12.jpg -> classified as: Qualitative Examples
[99tKiMVJhY] figure_21.jpg -> classified as: Qualitative Examples
[99tKiMVJhY] figure_14.jpg -> classified as: Plots / Charts
[99tKiMVJhY] figure_16.jpg -> classified as: Plots / Charts
[99tKiMVJhY] figure_10.jpg -> classified as: Qualitative Examples
[9CqkpQExe2] figure_5.jpg -> classified as: Plots / Charts
[9CqkpQExe2] figure_6.jpg -> classified as: Plots / Charts
[9CqkpQExe2] figure_2.jpg -> classified as: Plots / Charts
[9CqkpQExe2] figure_7.jpg -> classified as: Plots / Charts
[9CqkpQExe2] figure_3.jpg -> classified as: Plots / Charts
[9CqkpQExe2] figure_4.jpg -> classified as: Plots / Charts
[9CqkpQExe2] figure_1.jpg -> classified as: Architecture Diagram
[9CqkpQExe2] figure_8.jpg -> classified as: Plots / Charts
[9DrPvYCETp] figure_5.jpg -> classified as: Plots / Charts
[9DrPvYCETp] figure_6.jpg -> classified as: Plots / Charts
[9DrPvYCETp] figure_9.jpg -> classified as: Plots / Charts
[9DrPvYCETp] figure_2.jpg -> classified as: Qualitative Examples
[9DrPvYCETp] figure_11.jpg -> classified as: Plots / Charts
[9DrPvYCETp] figure_7.jpg -> classified as: Plots / Charts
[9DrPvYCETp] figure_3.jpg -> classified as: Plots / Charts
[9DrPvYCETp] figure_4.jpg -> classified as: Plots / Charts
[9DrPvYCETp] figure_1.jpg -> classified as: Architecture Diagram
[9DrPvYCETp] figure_8.jpg -> classified as: Plots / Charts
[9DrPvYCETp] figure_10.jpg -> classified as: Plots / Charts
[9GKMCecZ7c] figure_5.jpg -> classified as: Plots / Charts
[9GKMCecZ7c] figure_6.jpg -> classified as: Plots / Charts
[9GKMCecZ7c] figure_2.jpg -> classified as: Qualitative Examples
[9GKMCecZ7c] figure_7.jpg -> classified as: Plots / Charts
[9GKMCecZ7c] figure_3.jpg -> classified as: Plots / Charts
[9GKMCecZ7c] figure_4.jpg -> classified as: Architecture Diagram
[9GKMCecZ7c] figure_1.jpg -> classified as: Architecture Diagram
[9GKMCecZ7c] figure_8.jpg -> classified as: Plots / Charts
[9Ieq8jQNAl] figure_44.jpg -> classified as: Plots / Charts
[9Ieq8jQNAl] figure_30.jpg -> classified as: Plots / Charts
[9Ieq8jQNAl] figure_43.jpg -> classified as: Plots / Charts
[9Ieq8jQNAl] figure_19.jpg -> classified as: Plots / Charts
[9Ieq8jQNAl] figure_23.jpg -> classified as: Plots / Charts
[9Ieq8jQNAl] figure_47.jpg -> classified as: Plots / Charts
[9Ieq8jQNAl] figure_29.jpg -> classified as: Plots / Charts
[9Ieq8jQNAl] figure_24.jpg -> classified as: Plots / Charts
[9Ieq8jQNAl] figure_(a)_Episode_Returns.jpg -> classified as: Plots / Charts
[9Ieq8jQNAl] figure_6.jpg -> classified as: Plots / Charts
[9Ieq8jQNAl] figure_9.jpg -> classified as: Plots / Charts
[9Ieq8jQNAl] figure_42.jpg -> classified as: Plots / Charts
[9Ieq8jQNAl] figure_46.jpg -> classified as: Plots / Charts
[9Ieq8jQNAl] figure_39.jpg -> classified as: Plots / Charts
[9Ieq8jQNAl] figure_22.jpg -> classified as: Plots / Charts
[9Ieq8jQNAl] figure_28.jpg -> classified as: Plots / Charts
[9Ieq8jQNAl] figure_18.jpg -> classified as: Qualitative Examples
[9Ieq8jQNAl] figure_13.jpg -> classified as: Plots / Charts
[9Ieq8jQNAl] figure_15.jpg -> classified as: Plots / Charts
[9Ieq8jQNAl] figure_2.jpg -> classified as: Plots / Charts
[9Ieq8jQNAl] figure_38.jpg -> classified as: Plots / Charts
[9Ieq8jQNAl] figure_20.jpg -> classified as: Plots / Charts
[9Ieq8jQNAl] figure_(b)_Relationship_between.jpg -> classified as: Plots / Charts
[9Ieq8jQNAl] figure_53.jpg -> classified as: Plots / Charts
[9Ieq8jQNAl] figure_11.jpg -> classified as: Plots / Charts
[9Ieq8jQNAl] figure_35.jpg -> classified as: Plots / Charts
[9Ieq8jQNAl] figure_50.jpg -> classified as: Plots / Charts
[9Ieq8jQNAl] figure_52.jpg -> classified as: Plots / Charts
[9Ieq8jQNAl] figure_7.jpg -> classified as: Plots / Charts
[9Ieq8jQNAl] figure_34.jpg -> classified as: Plots / Charts
[9Ieq8jQNAl] figure_49.jpg -> classified as: Plots / Charts
[9Ieq8jQNAl] figure_3.jpg -> classified as: Plots / Charts
[9Ieq8jQNAl] figure_33.jpg -> classified as: Plots / Charts
[9Ieq8jQNAl] figure_36.jpg -> classified as: Plots / Charts
[9Ieq8jQNAl] figure_40.jpg -> classified as: Plots / Charts
[9Ieq8jQNAl] figure_31.jpg -> classified as: Plots / Charts
[9Ieq8jQNAl] figure_17.jpg -> classified as: Qualitative Examples
[9Ieq8jQNAl] figure_45.jpg -> classified as: Plots / Charts
[9Ieq8jQNAl] figure_41.jpg -> classified as: Plots / Charts
[9Ieq8jQNAl] figure_48.jpg -> classified as: Plots / Charts
[9Ieq8jQNAl] figure_1.jpg -> classified as: Architecture Diagram
[9Ieq8jQNAl] figure_27.jpg -> classified as: Plots / Charts
[9Ieq8jQNAl] figure_37.jpg -> classified as: Plots / Charts
[9Ieq8jQNAl] figure_8.jpg -> classified as: Plots / Charts
[9Ieq8jQNAl] figure_51.jpg -> classified as: Plots / Charts
[9Ieq8jQNAl] figure_12.jpg -> classified as: Plots / Charts
[9Ieq8jQNAl] figure_25.jpg -> classified as: Plots / Charts
[9Ieq8jQNAl] figure_21.jpg -> classified as: Plots / Charts
[9Ieq8jQNAl] figure_26.jpg -> classified as: Plots / Charts
[9Ieq8jQNAl] figure_14.jpg -> classified as: Plots / Charts
[9Ieq8jQNAl] figure_32.jpg -> classified as: Plots / Charts
[9Ieq8jQNAl] figure_16.jpg -> classified as: Plots / Charts
[9Ieq8jQNAl] figure_10.jpg -> classified as: Plots / Charts
[9JE3HogPCw] figure_19.jpg -> classified as: Plots / Charts
[9JE3HogPCw] figure_23.jpg -> classified as: Plots / Charts
[9JE3HogPCw] figure_24.jpg -> classified as: Plots / Charts
[9JE3HogPCw] figure_5.jpg -> classified as: Plots / Charts
[9JE3HogPCw] figure_6.jpg -> classified as: Plots / Charts
[9JE3HogPCw] figure_9.jpg -> classified as: Plots / Charts
[9JE3HogPCw] figure_22.jpg -> classified as: Plots / Charts
[9JE3HogPCw] figure_28.jpg -> classified as: Plots / Charts
[9JE3HogPCw] figure_18.jpg -> classified as: Plots / Charts
[9JE3HogPCw] figure_13.jpg -> classified as: Plots / Charts
[9JE3HogPCw] figure_15.jpg -> classified as: Plots / Charts
[9JE3HogPCw] figure_2.jpg -> classified as: Plots / Charts
[9JE3HogPCw] figure_20.jpg -> classified as: Plots / Charts
[9JE3HogPCw] figure_11.jpg -> classified as: Architecture Diagram
[9JE3HogPCw] figure_(a)_Comparison_of.jpg -> classified as: Plots / Charts
[9JE3HogPCw] figure_7.jpg -> classified as: Plots / Charts
[9JE3HogPCw] figure_(b)_Comparison_of.jpg -> classified as: Plots / Charts
[9JE3HogPCw] figure_3.jpg -> classified as: Plots / Charts
[9JE3HogPCw] figure_4.jpg -> classified as: Architecture Diagram
[9JE3HogPCw] figure_17.jpg -> classified as: Plots / Charts
[9JE3HogPCw] figure_1.jpg -> classified as: Plots / Charts
[9JE3HogPCw] figure_27.jpg -> classified as: Plots / Charts
[9JE3HogPCw] figure_8.jpg -> classified as: Plots / Charts
[9JE3HogPCw] figure_12.jpg -> classified as: Plots / Charts
[9JE3HogPCw] figure_25.jpg -> classified as: Plots / Charts
[9JE3HogPCw] figure_21.jpg -> classified as: Plots / Charts
[9JE3HogPCw] figure_26.jpg -> classified as: Plots / Charts
[9JE3HogPCw] figure_16.jpg -> classified as: Plots / Charts
[9JE3HogPCw] figure_10.jpg -> classified as: Plots / Charts
[9JQtrumvg8] figure_5.jpg -> classified as: Architecture Diagram
[9JQtrumvg8] figure_2.jpg -> classified as: Plots / Charts
[9JQtrumvg8] figure_7.jpg -> classified as: Plots / Charts
[9JQtrumvg8] figure_3.jpg -> classified as: Architecture Diagram
[9JQtrumvg8] figure_4.jpg -> classified as: Architecture Diagram
[9JQtrumvg8] figure_1.jpg -> classified as: Architecture Diagram
[9JQtrumvg8] figure_8.jpg -> classified as: Plots / Charts
[9JtG4nN7ql] figure_5.jpg -> classified as: Plots / Charts
[9JtG4nN7ql] figure_2.jpg -> classified as: Qualitative Examples
[9JtG4nN7ql] figure_3.jpg -> classified as: Plots / Charts
[9JtG4nN7ql] figure_4.jpg -> classified as: Plots / Charts
[9JtG4nN7ql] figure_1.jpg -> classified as: Architecture Diagram
[9RIbNmx984] figure_5.jpg -> classified as: Plots / Charts
[9RIbNmx984] figure_6.jpg -> classified as: Plots / Charts
[9RIbNmx984] figure_9.jpg -> classified as: Plots / Charts
[9RIbNmx984] figure_13.jpg -> classified as: Plots / Charts
[9RIbNmx984] figure_2.jpg -> classified as: Plots / Charts
[9RIbNmx984] figure_11.jpg -> classified as: Plots / Charts
[9RIbNmx984] figure_7.jpg -> classified as: Plots / Charts
[9RIbNmx984] figure_3.jpg -> classified as: Plots / Charts
[9RIbNmx984] figure_4.jpg -> classified as: Plots / Charts
[9RIbNmx984] figure_1.jpg -> classified as: Plots / Charts
[9RIbNmx984] figure_8.jpg -> classified as: Plots / Charts
[9RIbNmx984] figure_12.jpg -> classified as: Plots / Charts
[9RIbNmx984] figure_14.jpg -> classified as: Plots / Charts
[9RIbNmx984] figure_10.jpg -> classified as: Plots / Charts
[9TJDsOEaBC] figure_2.jpg -> classified as: Architecture Diagram
[9TJDsOEaBC] figure_3.jpg -> classified as: Plots / Charts
[9TJDsOEaBC] figure_1.jpg -> classified as: Plots / Charts
[9TMbdO870O] figure_5.jpg -> classified as: Architecture Diagram
[9TMbdO870O] figure_6.jpg -> classified as: Architecture Diagram
[9TMbdO870O] figure_9.jpg -> classified as: Qualitative Examples
[9TMbdO870O] figure_2.jpg -> classified as: Plots / Charts
[9TMbdO870O] figure_11.jpg -> classified as: Qualitative Examples
[9TMbdO870O] figure_7.jpg -> classified as: Architecture Diagram
[9TMbdO870O] figure_3.jpg -> classified as: Plots / Charts
[9TMbdO870O] figure_4.jpg -> classified as: Plots / Charts
[9TMbdO870O] figure_1.jpg -> classified as: Architecture Diagram
[9TMbdO870O] figure_8.jpg -> classified as: Plots / Charts
[9TMbdO870O] figure_12.jpg -> classified as: Qualitative Examples
[9TMbdO870O] figure_10.jpg -> classified as: Qualitative Examples
[9VGTk2NYjF] figure_2.jpg -> classified as: Plots / Charts
[9VGTk2NYjF] figure_1.jpg -> classified as: Architecture Diagram
[9cQtXpRshE] figure_5.jpg -> classified as: Qualitative Examples
[9cQtXpRshE] figure_6.jpg -> classified as: Qualitative Examples
[9cQtXpRshE] figure_9.jpg -> classified as: Architecture Diagram
[9cQtXpRshE] figure_13.jpg -> classified as: Qualitative Examples
[9cQtXpRshE] figure_15.jpg -> classified as: Qualitative Examples
[9cQtXpRshE] figure_2.jpg -> classified as: Architecture Diagram
[9cQtXpRshE] figure_11.jpg -> classified as: Qualitative Examples
[9cQtXpRshE] figure_7.jpg -> classified as: Qualitative Examples
[9cQtXpRshE] figure_3.jpg -> classified as: Architecture Diagram
[9cQtXpRshE] figure_4.jpg -> classified as: Qualitative Examples
[9cQtXpRshE] figure_17.jpg -> classified as: Plots / Charts
[9cQtXpRshE] figure_1.jpg -> classified as: Architecture Diagram
[9cQtXpRshE] figure_8.jpg -> classified as: Qualitative Examples
[9cQtXpRshE] figure_12.jpg -> classified as: Qualitative Examples
[9cQtXpRshE] figure_14.jpg -> classified as: Qualitative Examples
[9cQtXpRshE] figure_16.jpg -> classified as: Qualitative Examples
[9cQtXpRshE] figure_10.jpg -> classified as: Architecture Diagram
[9ehJCZz4aM] figure_5.jpg -> classified as: Qualitative Examples
[9ehJCZz4aM] figure_6.jpg -> classified as: Architecture Diagram
[9ehJCZz4aM] figure_9.jpg -> classified as: Qualitative Examples
[9ehJCZz4aM] figure_13.jpg -> classified as: Qualitative Examples
[9ehJCZz4aM] figure_15.jpg -> classified as: Qualitative Examples
[9ehJCZz4aM] figure_2.jpg -> classified as: Architecture Diagram
[9ehJCZz4aM] figure_11.jpg -> classified as: Qualitative Examples
[9ehJCZz4aM] figure_7.jpg -> classified as: Qualitative Examples
[9ehJCZz4aM] figure_3.jpg -> classified as: Architecture Diagram
[9ehJCZz4aM] figure_4.jpg -> classified as: Qualitative Examples
[9ehJCZz4aM] figure_1.jpg -> classified as: Architecture Diagram
[9ehJCZz4aM] figure_8.jpg -> classified as: Qualitative Examples
[9ehJCZz4aM] figure_12.jpg -> classified as: Qualitative Examples
[9ehJCZz4aM] figure_14.jpg -> classified as: Qualitative Examples
[9ehJCZz4aM] figure_10.jpg -> classified as: Qualitative Examples
[9pKtcJcMP3] figure_3._Place_apple.jpg -> classified as: Qualitative Examples
[9pKtcJcMP3] figure_5.jpg -> classified as: Qualitative Examples
[9pKtcJcMP3] figure_6.jpg -> classified as: Qualitative Examples
[9pKtcJcMP3] figure_X_1.jpg -> classified as: Qualitative Examples
[9pKtcJcMP3] figure_9.jpg -> classified as: Qualitative Examples
[9pKtcJcMP3] figure_X_2.jpg -> classified as: Qualitative Examples
[9pKtcJcMP3] figure_2.jpg -> classified as: Qualitative Examples
[9pKtcJcMP3] figure_X_3.jpg -> classified as: Qualitative Examples
[9pKtcJcMP3] figure_7.jpg -> classified as: Qualitative Examples
[9pKtcJcMP3] figure_3.jpg -> classified as: Qualitative Examples
[9pKtcJcMP3] figure_4.jpg -> classified as: Architecture Diagram
[9pKtcJcMP3] figure_1.jpg -> classified as: Architecture Diagram
[9pKtcJcMP3] figure_X.jpg -> classified as: Qualitative Examples
[9pKtcJcMP3] figure_10.jpg -> classified as: Qualitative Examples
[9pW2J49flQ] figure_5.jpg -> classified as: Plots / Charts
[9pW2J49flQ] figure_6.jpg -> classified as: Qualitative Examples
[9pW2J49flQ] figure_9.jpg -> classified as: Qualitative Examples
[9pW2J49flQ] figure_13.jpg -> classified as: Qualitative Examples
[9pW2J49flQ] figure_2.jpg -> classified as: Architecture Diagram
[9pW2J49flQ] figure_11.jpg -> classified as: Plots / Charts
[9pW2J49flQ] figure_7.jpg -> classified as: Architecture Diagram
[9pW2J49flQ] figure_3.jpg -> classified as: Architecture Diagram
[9pW2J49flQ] figure_1.jpg -> classified as: Qualitative Examples
[9pW2J49flQ] figure_8.jpg -> classified as: Other
  -> Skipping second pass (Other)
[9pW2J49flQ] figure_12.jpg -> classified as: Qualitative Examples
[9pW2J49flQ] figure_10.jpg -> classified as: Plots / Charts
[9sOR0nYLtz] figure_19.jpg -> classified as: Qualitative Examples
[9sOR0nYLtz] figure_5.jpg -> classified as: Qualitative Examples
[9sOR0nYLtz] figure_6.jpg -> classified as: Plots / Charts
[9sOR0nYLtz] figure_9.jpg -> classified as: Plots / Charts
[9sOR0nYLtz] figure_22.jpg -> classified as: Plots / Charts
[9sOR0nYLtz] figure_18.jpg -> classified as: Plots / Charts
[9sOR0nYLtz] figure_13.jpg -> classified as: Plots / Charts
[9sOR0nYLtz] figure_15.jpg -> classified as: Plots / Charts
[9sOR0nYLtz] figure_2.jpg -> classified as: Architecture Diagram
[9sOR0nYLtz] figure_20.jpg -> classified as: Qualitative Examples
[9sOR0nYLtz] figure_11.jpg -> classified as: Plots / Charts
[9sOR0nYLtz] figure_7.jpg -> classified as: Plots / Charts
[9sOR0nYLtz] figure_3.jpg -> classified as: Plots / Charts
[9sOR0nYLtz] figure_4.jpg -> classified as: Plots / Charts
[9sOR0nYLtz] figure_17.jpg -> classified as: Qualitative Examples
[9sOR0nYLtz] figure_1.jpg -> classified as: Architecture Diagram
[9sOR0nYLtz] figure_12.jpg -> classified as: Qualitative Examples
[9sOR0nYLtz] figure_21.jpg -> classified as: Architecture Diagram
[9sOR0nYLtz] figure_14.jpg -> classified as: Qualitative Examples
[9sOR0nYLtz] figure_16.jpg -> classified as: Plots / Charts
[9sOR0nYLtz] figure_10.jpg -> classified as: Plots / Charts
[9soA8GWQ9g] figure_30.jpg -> classified as: Plots / Charts
[9soA8GWQ9g] figure_19.jpg -> classified as: Plots / Charts
[9soA8GWQ9g] figure_23.jpg -> classified as: Plots / Charts
[9soA8GWQ9g] figure_29.jpg -> classified as: Plots / Charts
[9soA8GWQ9g] figure_24.jpg -> classified as: Plots / Charts
[9soA8GWQ9g] figure_5.jpg -> classified as: Plots / Charts
[9soA8GWQ9g] figure_6.jpg -> classified as: Plots / Charts
[9soA8GWQ9g] figure_9.jpg -> classified as: Plots / Charts
[9soA8GWQ9g] figure_22.jpg -> classified as: Plots / Charts
[9soA8GWQ9g] figure_28.jpg -> classified as: Plots / Charts
[9soA8GWQ9g] figure_18.jpg -> classified as: Plots / Charts
[9soA8GWQ9g] figure_13.jpg -> classified as: Plots / Charts
[9soA8GWQ9g] figure_15.jpg -> classified as: Plots / Charts
[9soA8GWQ9g] figure_2.jpg -> classified as: Architecture Diagram
[9soA8GWQ9g] figure_20.jpg -> classified as: Plots / Charts
[9soA8GWQ9g] figure_11.jpg -> classified as: Plots / Charts
[9soA8GWQ9g] figure_7.jpg -> classified as: Plots / Charts
[9soA8GWQ9g] figure_3.jpg -> classified as: Plots / Charts
[9soA8GWQ9g] figure_4.jpg -> classified as: Plots / Charts
[9soA8GWQ9g] figure_17.jpg -> classified as: Plots / Charts
[9soA8GWQ9g] figure_1.jpg -> classified as: Architecture Diagram
[9soA8GWQ9g] figure_27.jpg -> classified as: Plots / Charts
[9soA8GWQ9g] figure_8.jpg -> classified as: Plots / Charts
[9soA8GWQ9g] figure_12.jpg -> classified as: Plots / Charts
[9soA8GWQ9g] figure_25.jpg -> classified as: Architecture Diagram
[9soA8GWQ9g] figure_21.jpg -> classified as: Plots / Charts
[9soA8GWQ9g] figure_26.jpg -> classified as: Plots / Charts
[9soA8GWQ9g] figure_14.jpg -> classified as: Plots / Charts
[9soA8GWQ9g] figure_16.jpg -> classified as: Plots / Charts
[9soA8GWQ9g] figure_10.jpg -> classified as: Plots / Charts
[9tKC0YM8sX] figure_5.jpg -> classified as: Other
  -> Skipping second pass (Other)
[9tKC0YM8sX] figure_6.jpg -> classified as: Qualitative Examples
[9tKC0YM8sX] figure_9.jpg -> classified as: Plots / Charts
[9tKC0YM8sX] figure_18.jpg -> classified as: Architecture Diagram
[9tKC0YM8sX] figure_13.jpg -> classified as: Plots / Charts
[9tKC0YM8sX] figure_15.jpg -> classified as: Plots / Charts
[9tKC0YM8sX] figure_2.jpg -> classified as: Architecture Diagram
[9tKC0YM8sX] figure_11.jpg -> classified as: Qualitative Examples
[9tKC0YM8sX] figure_7.jpg -> classified as: Plots / Charts
[9tKC0YM8sX] figure_3.jpg -> classified as: Plots / Charts
[9tKC0YM8sX] figure_4.jpg -> classified as: Plots / Charts
[9tKC0YM8sX] figure_17.jpg -> classified as: Architecture Diagram
[9tKC0YM8sX] figure_1.jpg -> classified as: Qualitative Examples
[9tKC0YM8sX] figure_8.jpg -> classified as: Plots / Charts
[9tKC0YM8sX] figure_12.jpg -> classified as: Plots / Charts
[9tKC0YM8sX] figure_14.jpg -> classified as: Plots / Charts
[9tKC0YM8sX] figure_16.jpg -> classified as: Qualitative Examples
[9tKC0YM8sX] figure_10.jpg -> classified as: Plots / Charts
[A18gWgc5mi] figure_5.jpg -> classified as: Plots / Charts
[A18gWgc5mi] figure_6.jpg -> classified as: Plots / Charts
[A18gWgc5mi] figure_(a)_Without_reencoding..jpg -> classified as: Plots / Charts
[A18gWgc5mi] figure_2.jpg -> classified as: Architecture Diagram
[A18gWgc5mi] figure_7.jpg -> classified as: Plots / Charts
[A18gWgc5mi] figure_3.jpg -> classified as: Plots / Charts
[A18gWgc5mi] figure_4.jpg -> classified as: Plots / Charts
[A18gWgc5mi] figure_1.jpg -> classified as: Architecture Diagram
[A18gWgc5mi] figure_8.jpg -> classified as: Plots / Charts
[A9y3LFX4ds] figure_5.jpg -> classified as: Qualitative Examples
[A9y3LFX4ds] figure_6.jpg -> classified as: Qualitative Examples
[A9y3LFX4ds] figure_2.jpg -> classified as: Plots / Charts
[A9y3LFX4ds] figure_3.jpg -> classified as: Plots / Charts
[A9y3LFX4ds] figure_4.jpg -> classified as: Qualitative Examples
[A9y3LFX4ds] figure_1.jpg -> classified as: Architecture Diagram
[AKAlVyunxA] figure_2.jpg -> classified as: Plots / Charts
[AKAlVyunxA] figure_3.jpg -> classified as: Qualitative Examples
[AKAlVyunxA] figure_4.jpg -> classified as: Plots / Charts
[AKAlVyunxA] figure_1.jpg -> classified as: Qualitative Examples
[AMivuI7Bnk] figure_5.jpg -> classified as: Plots / Charts
[AMivuI7Bnk] figure_6.jpg -> classified as: Plots / Charts
[AMivuI7Bnk] figure_2.jpg -> classified as: Qualitative Examples
[AMivuI7Bnk] figure_3.jpg -> classified as: Qualitative Examples
[AMivuI7Bnk] figure_4.jpg -> classified as: Plots / Charts
[AMivuI7Bnk] figure_1.jpg -> classified as: Plots / Charts
[AOlm45AUVS] figure_2.jpg -> classified as: Plots / Charts
[AOlm45AUVS] figure_3.jpg -> classified as: Plots / Charts
[AOlm45AUVS] figure_4.jpg -> classified as: Plots / Charts
[AOlm45AUVS] figure_1.jpg -> classified as: Architecture Diagram
[AOpJ3vPNu8] figure_2.jpg -> classified as: Plots / Charts
[AOpJ3vPNu8] figure_1.jpg -> classified as: Architecture Diagram
[AP0ndQloqR] figure_5.jpg -> classified as: Plots / Charts
[AP0ndQloqR] figure_6.jpg -> classified as: Plots / Charts
[AP0ndQloqR] figure_9.jpg -> classified as: Plots / Charts
[AP0ndQloqR] figure_2.jpg -> classified as: Plots / Charts
[AP0ndQloqR] figure_7.jpg -> classified as: Plots / Charts
[AP0ndQloqR] figure_3.jpg -> classified as: Plots / Charts
[AP0ndQloqR] figure_4.jpg -> classified as: Plots / Charts
[AP0ndQloqR] figure_1.jpg -> classified as: Architecture Diagram
[AP0ndQloqR] figure_8.jpg -> classified as: Plots / Charts
[APCjgjFy5M] figure_5.jpg -> classified as: Plots / Charts
[APCjgjFy5M] figure_6.jpg -> classified as: Plots / Charts
[APCjgjFy5M] figure_9.jpg -> classified as: Qualitative Examples
[APCjgjFy5M] figure_18.jpg -> classified as: Plots / Charts
[APCjgjFy5M] figure_13.jpg -> classified as: Qualitative Examples
[APCjgjFy5M] figure_15.jpg -> classified as: Qualitative Examples
[APCjgjFy5M] figure_2.jpg -> classified as: Plots / Charts
[APCjgjFy5M] figure_11.jpg -> classified as: Plots / Charts
[APCjgjFy5M] figure_7.jpg -> classified as: Plots / Charts
[APCjgjFy5M] figure_3.jpg -> classified as: Plots / Charts
[APCjgjFy5M] figure_4.jpg -> classified as: Plots / Charts
[APCjgjFy5M] figure_17.jpg -> classified as: Plots / Charts
[APCjgjFy5M] figure_1.jpg -> classified as: Architecture Diagram
[APCjgjFy5M] figure_8.jpg -> classified as: Plots / Charts
[APCjgjFy5M] figure_12.jpg -> classified as: Qualitative Examples
[APCjgjFy5M] figure_14.jpg -> classified as: Plots / Charts
[APCjgjFy5M] figure_16.jpg -> classified as: Plots / Charts
[APCjgjFy5M] figure_10.jpg -> classified as: Plots / Charts
[AUCYptvAf3] figure_5.jpg -> classified as: Plots / Charts
[AUCYptvAf3] figure_6.jpg -> classified as: Qualitative Examples
[AUCYptvAf3] figure_2.jpg -> classified as: Plots / Charts
[AUCYptvAf3] figure_7.jpg -> classified as: Qualitative Examples
[AUCYptvAf3] figure_3.jpg -> classified as: Plots / Charts
[AUCYptvAf3] figure_4.jpg -> classified as: Plots / Charts
[AUCYptvAf3] figure_1.jpg -> classified as: Qualitative Examples
[AecVG5CXdp] figure_5.jpg -> classified as: Plots / Charts
[AecVG5CXdp] figure_6.jpg -> classified as: Plots / Charts
[AecVG5CXdp] figure_9.jpg -> classified as: Plots / Charts
[AecVG5CXdp] figure_2.jpg -> classified as: Plots / Charts
[AecVG5CXdp] figure_11.jpg -> classified as: Plots / Charts
[AecVG5CXdp] figure_7.jpg -> classified as: Plots / Charts
[AecVG5CXdp] figure_3.jpg -> classified as: Architecture Diagram
[AecVG5CXdp] figure_4.jpg -> classified as: Architecture Diagram
[AecVG5CXdp] figure_1.jpg -> classified as: Plots / Charts
[AecVG5CXdp] figure_8.jpg -> classified as: Plots / Charts
[AecVG5CXdp] figure_12.jpg -> classified as: Plots / Charts
[AecVG5CXdp] figure_10.jpg -> classified as: Plots / Charts
[AgM3MzT99c] figure_30.jpg -> classified as: Plots / Charts
[AgM3MzT99c] figure_19.jpg -> classified as: Plots / Charts
[AgM3MzT99c] figure_23.jpg -> classified as: Architecture Diagram
[AgM3MzT99c] figure_29.jpg -> classified as: Plots / Charts
[AgM3MzT99c] figure_24.jpg -> classified as: Qualitative Examples
[AgM3MzT99c] figure_5.jpg -> classified as: Plots / Charts
[AgM3MzT99c] figure_6.jpg -> classified as: Architecture Diagram
[AgM3MzT99c] figure_9.jpg -> classified as: Plots / Charts
[AgM3MzT99c] figure_22.jpg -> classified as: Plots / Charts
[AgM3MzT99c] figure_28.jpg -> classified as: Plots / Charts
[AgM3MzT99c] figure_18.jpg -> classified as: Plots / Charts
[AgM3MzT99c] figure_13.jpg -> classified as: Plots / Charts
[AgM3MzT99c] figure_15.jpg -> classified as: Plots / Charts
[AgM3MzT99c] figure_2.jpg -> classified as: Plots / Charts
[AgM3MzT99c] figure_20.jpg -> classified as: Plots / Charts
[AgM3MzT99c] figure_11.jpg -> classified as: Plots / Charts
[AgM3MzT99c] figure_7.jpg -> classified as: Plots / Charts
[AgM3MzT99c] figure_3.jpg -> classified as: Plots / Charts
[AgM3MzT99c] figure_33.jpg -> classified as: Qualitative Examples
[AgM3MzT99c] figure_31.jpg -> classified as: Plots / Charts
[AgM3MzT99c] figure_17.jpg -> classified as: Plots / Charts
[AgM3MzT99c] figure_1.jpg -> classified as: Architecture Diagram
[AgM3MzT99c] figure_27.jpg -> classified as: Qualitative Examples
[AgM3MzT99c] figure_8.jpg -> classified as: Plots / Charts
[AgM3MzT99c] figure_12.jpg -> classified as: Plots / Charts
[AgM3MzT99c] figure_25.jpg -> classified as: Plots / Charts
[AgM3MzT99c] figure_21.jpg -> classified as: Plots / Charts
[AgM3MzT99c] figure_26.jpg -> classified as: Plots / Charts
[AgM3MzT99c] figure_14.jpg -> classified as: Plots / Charts
[AgM3MzT99c] figure_32.jpg -> classified as: Plots / Charts
[AgM3MzT99c] figure_16.jpg -> classified as: Plots / Charts
[AgM3MzT99c] figure_10.jpg -> classified as: Plots / Charts
[AgMpK7z4bz] figure_5.jpg -> classified as: Plots / Charts
[AgMpK7z4bz] figure_6.jpg -> classified as: Architecture Diagram
[AgMpK7z4bz] figure_9.jpg -> classified as: Plots / Charts
[AgMpK7z4bz] figure_13.jpg -> classified as: Plots / Charts
[AgMpK7z4bz] figure_2.jpg -> classified as: Architecture Diagram
[AgMpK7z4bz] figure_11.jpg -> classified as: Plots / Charts
[AgMpK7z4bz] figure_7.jpg -> classified as: Plots / Charts
[AgMpK7z4bz] figure_3.jpg -> classified as: Plots / Charts
[AgMpK7z4bz] figure_4.jpg -> classified as: Plots / Charts
[AgMpK7z4bz] figure_8.jpg -> classified as: Plots / Charts
[AgMpK7z4bz] figure_12.jpg -> classified as: Plots / Charts
[AgMpK7z4bz] figure_14.jpg -> classified as: Plots / Charts
[AgMpK7z4bz] figure_10.jpg -> classified as: Plots / Charts
[Aj1wftldeR] figure_2.jpg -> classified as: Qualitative Examples
[Aj1wftldeR] figure_3.jpg -> classified as: Qualitative Examples
[Aj1wftldeR] figure_4.jpg -> classified as: Qualitative Examples
[Aj1wftldeR] figure_1.jpg -> classified as: Qualitative Examples
[AloCXPpq54] figure_5.jpg -> classified as: Plots / Charts
[AloCXPpq54] figure_6.jpg -> classified as: Plots / Charts
[AloCXPpq54] figure_2.jpg -> classified as: Plots / Charts
[AloCXPpq54] figure_7.jpg -> classified as: Plots / Charts
[AloCXPpq54] figure_3.jpg -> classified as: Architecture Diagram
[AloCXPpq54] figure_4.jpg -> classified as: Architecture Diagram
[AloCXPpq54] figure_1.jpg -> classified as: Architecture Diagram
[AloCXPpq54] figure_8.jpg -> classified as: Plots / Charts
[Aqfwhna1D7] figure_5.jpg -> classified as: Plots / Charts
[Aqfwhna1D7] figure_6.jpg -> classified as: Qualitative Examples
[Aqfwhna1D7] figure_2.jpg -> classified as: Architecture Diagram
[Aqfwhna1D7] figure_7.jpg -> classified as: Qualitative Examples
[Aqfwhna1D7] figure_3.jpg -> classified as: Architecture Diagram
[Aqfwhna1D7] figure_4.jpg -> classified as: Qualitative Examples
[Aqfwhna1D7] figure_1.jpg -> classified as: Architecture Diagram
[ArwsbHBoxA] figure_2.jpg -> classified as: Plots / Charts
[ArwsbHBoxA] figure_1.jpg -> classified as: Plots / Charts
[Ax9cPWDKkR] figure_5.jpg -> classified as: Plots / Charts
[Ax9cPWDKkR] figure_6.jpg -> classified as: Plots / Charts
[Ax9cPWDKkR] figure_2.jpg -> classified as: Plots / Charts
[Ax9cPWDKkR] figure_3.jpg -> classified as: Plots / Charts
[Ax9cPWDKkR] figure_4.jpg -> classified as: Plots / Charts
[Ax9cPWDKkR] figure_1.jpg -> classified as: Qualitative Examples
[Ax9cPWDKkR] figure_8.jpg -> classified as: Plots / Charts
[B2N0nCVC91] figure_5.jpg -> classified as: Plots / Charts
[B2N0nCVC91] figure_9.jpg -> classified as: Qualitative Examples
[B2N0nCVC91] figure_13.jpg -> classified as: Architecture Diagram
[B2N0nCVC91] figure_15.jpg -> classified as: Qualitative Examples
[B2N0nCVC91] figure_2.jpg -> classified as: Architecture Diagram
[B2N0nCVC91] figure_11.jpg -> classified as: Architecture Diagram
[B2N0nCVC91] figure_3.jpg -> classified as: Architecture Diagram
[B2N0nCVC91] figure_4.jpg -> classified as: Qualitative Examples
[B2N0nCVC91] figure_17.jpg -> classified as: Qualitative Examples
[B2N0nCVC91] figure_1.jpg -> classified as: Architecture Diagram
[B2N0nCVC91] figure_8.jpg -> classified as: Qualitative Examples
[B2N0nCVC91] figure_12.jpg -> classified as: Plots / Charts
[B2N0nCVC91] figure_14.jpg -> classified as: Architecture Diagram
[B2N0nCVC91] figure_16.jpg -> classified as: Qualitative Examples
[B2N0nCVC91] figure_10.jpg -> classified as: Plots / Charts
[B2RXwASSpy] figure_6.jpg -> classified as: Plots / Charts
[B2RXwASSpy] figure_2.jpg -> classified as: Plots / Charts
[B2RXwASSpy] figure_7.jpg -> classified as: Plots / Charts
[B2RXwASSpy] figure_3.jpg -> classified as: Plots / Charts
[B2RXwASSpy] figure_4.jpg -> classified as: Plots / Charts
[B2RXwASSpy] figure_1.jpg -> classified as: Architecture Diagram
[B5kAfAC7hO] figure_2.jpg -> classified as: Plots / Charts
[B5kAfAC7hO] figure_1.jpg -> classified as: Plots / Charts
[BH8Nrt2dPf] figure_5.jpg -> classified as: Plots / Charts
[BH8Nrt2dPf] figure_6.jpg -> classified as: Plots / Charts
[BH8Nrt2dPf] figure_9.jpg -> classified as: Architecture Diagram
[BH8Nrt2dPf] figure_2.jpg -> classified as: Architecture Diagram
[BH8Nrt2dPf] figure_11.jpg -> classified as: Other
  -> Skipping second pass (Other)
[BH8Nrt2dPf] figure_7.jpg -> classified as: Plots / Charts
[BH8Nrt2dPf] figure_3.jpg -> classified as: Plots / Charts
[BH8Nrt2dPf] figure_4.jpg -> classified as: Plots / Charts
[BH8Nrt2dPf] figure_1.jpg -> classified as: Architecture Diagram
[BH8Nrt2dPf] figure_8.jpg -> classified as: Plots / Charts
[BH8Nrt2dPf] figure_10.jpg -> classified as: Plots / Charts
[BJfIDS5LsS] figure_5.jpg -> classified as: Plots / Charts
[BJfIDS5LsS] figure_2.jpg -> classified as: Qualitative Examples
[BJfIDS5LsS] figure_3.jpg -> classified as: Plots / Charts
[BJfIDS5LsS] figure_4.jpg -> classified as: Plots / Charts
[BJfIDS5LsS] figure_1.jpg -> classified as: Qualitative Examples
[BMWOw3xhUQ] figure_5.jpg -> classified as: Plots / Charts
[BMWOw3xhUQ] figure_6.jpg -> classified as: Plots / Charts
[BMWOw3xhUQ] figure_9.jpg -> classified as: Plots / Charts
[BMWOw3xhUQ] figure_2.jpg -> classified as: Plots / Charts
[BMWOw3xhUQ] figure_7.jpg -> classified as: Qualitative Examples
[BMWOw3xhUQ] figure_3.jpg -> classified as: Architecture Diagram
[BMWOw3xhUQ] figure_4.jpg -> classified as: Plots / Charts
[BMWOw3xhUQ] figure_1.jpg -> classified as: Architecture Diagram
[BMWOw3xhUQ] figure_8.jpg -> classified as: Qualitative Examples
[BMWOw3xhUQ] figure_10.jpg -> classified as: Plots / Charts
[BPAZ6yW3K7] figure_2.jpg -> classified as: Architecture Diagram
[BPAZ6yW3K7] figure_3.jpg -> classified as: Architecture Diagram
[BPAZ6yW3K7] figure_4.jpg -> classified as: Plots / Charts
[BPAZ6yW3K7] figure_1.jpg -> classified as: Plots / Charts
[BPQMd2gTYI] figure_1.jpg -> classified as: Plots / Charts
[BSePKWwTUj] figure_2.jpg -> classified as: Plots / Charts
[BSePKWwTUj] figure_1.jpg -> classified as: Architecture Diagram
[BSqVfAFJWz] figure_19.jpg -> classified as: Plots / Charts
[BSqVfAFJWz] figure_5.jpg -> classified as: Plots / Charts
[BSqVfAFJWz] figure_6.jpg -> classified as: Plots / Charts
[BSqVfAFJWz] figure_9.jpg -> classified as: Architecture Diagram
[BSqVfAFJWz] figure_18.jpg -> classified as: Plots / Charts
[BSqVfAFJWz] figure_13.jpg -> classified as: Plots / Charts
[BSqVfAFJWz] figure_15.jpg -> classified as: Plots / Charts
[BSqVfAFJWz] figure_2.jpg -> classified as: Plots / Charts
[BSqVfAFJWz] figure_11.jpg -> classified as: Architecture Diagram
[BSqVfAFJWz] figure_7.jpg -> classified as: Plots / Charts
[BSqVfAFJWz] figure_3.jpg -> classified as: Plots / Charts
[BSqVfAFJWz] figure_17.jpg -> classified as: Plots / Charts
[BSqVfAFJWz] figure_1.jpg -> classified as: Plots / Charts
[BSqVfAFJWz] figure_8.jpg -> classified as: Architecture Diagram
[BSqVfAFJWz] figure_12.jpg -> classified as: Plots / Charts
[BSqVfAFJWz] figure_14.jpg -> classified as: Plots / Charts
[BSqVfAFJWz] figure_16.jpg -> classified as: Plots / Charts
[BSqVfAFJWz] figure_10.jpg -> classified as: Plots / Charts
[BUj9VSCoET] figure_5.jpg -> classified as: Plots / Charts
[BUj9VSCoET] figure_6.jpg -> classified as: Plots / Charts
[BUj9VSCoET] figure_2.jpg -> classified as: Plots / Charts
[BUj9VSCoET] figure_3.jpg -> classified as: Qualitative Examples
[BUj9VSCoET] figure_4.jpg -> classified as: Qualitative Examples
[BUj9VSCoET] figure_1.jpg -> classified as: Architecture Diagram
[BbYu1wLwmj] figure_5.jpg -> classified as: Plots / Charts
[BbYu1wLwmj] figure_6.jpg -> classified as: Plots / Charts
[BbYu1wLwmj] figure_2.jpg -> classified as: Plots / Charts
[BbYu1wLwmj] figure_3.jpg -> classified as: Qualitative Examples
[BbYu1wLwmj] figure_4.jpg -> classified as: Plots / Charts
[BbYu1wLwmj] figure_1.jpg -> classified as: Plots / Charts
[BfUDZGqCAu] figure_5.jpg -> classified as: Architecture Diagram
[BfUDZGqCAu] figure_6.jpg -> classified as: Architecture Diagram
[BfUDZGqCAu] figure_9.jpg -> classified as: Plots / Charts
[BfUDZGqCAu] figure_13.jpg -> classified as: Plots / Charts
[BfUDZGqCAu] figure_15.jpg -> classified as: Plots / Charts
[BfUDZGqCAu] figure_2.jpg -> classified as: Plots / Charts
[BfUDZGqCAu] figure_11.jpg -> classified as: Plots / Charts
[BfUDZGqCAu] figure_7.jpg -> classified as: Architecture Diagram
[BfUDZGqCAu] figure_(b)_Agents_learn.jpg -> classified as: Architecture Diagram
[BfUDZGqCAu] figure_3.jpg -> classified as: Plots / Charts
[BfUDZGqCAu] figure_4.jpg -> classified as: Architecture Diagram
[BfUDZGqCAu] figure_1.jpg -> classified as: Architecture Diagram
[BfUDZGqCAu] figure_8.jpg -> classified as: Plots / Charts
[BfUDZGqCAu] figure_12.jpg -> classified as: Plots / Charts
[BfUDZGqCAu] figure_14.jpg -> classified as: Plots / Charts
[BfUDZGqCAu] figure_16.jpg -> classified as: Plots / Charts
[BfUDZGqCAu] figure_10.jpg -> classified as: Plots / Charts
[BfUugGfBE5] figure_2.jpg -> classified as: Plots / Charts
[BfUugGfBE5] figure_3.jpg -> classified as: Plots / Charts
[BfUugGfBE5] figure_4.jpg -> classified as: Architecture Diagram
[BfUugGfBE5] figure_1.jpg -> classified as: Architecture Diagram
[Bff9RniI03] figure_19.jpg -> classified as: Plots / Charts
[Bff9RniI03] figure_5.jpg -> classified as: Plots / Charts
[Bff9RniI03] figure_6.jpg -> classified as: Plots / Charts
[Bff9RniI03] figure_9.jpg -> classified as: Plots / Charts
[Bff9RniI03] figure_18.jpg -> classified as: Plots / Charts
[Bff9RniI03] figure_13.jpg -> classified as: Plots / Charts
[Bff9RniI03] figure_15.jpg -> classified as: Plots / Charts
[Bff9RniI03] figure_2.jpg -> classified as: Qualitative Examples
[Bff9RniI03] figure_20.jpg -> classified as: Plots / Charts
[Bff9RniI03] figure_7.jpg -> classified as: Plots / Charts
[Bff9RniI03] figure_3.jpg -> classified as: Plots / Charts
[Bff9RniI03] figure_4.jpg -> classified as: Plots / Charts
[Bff9RniI03] figure_17.jpg -> classified as: Plots / Charts
[Bff9RniI03] figure_1.jpg -> classified as: Architecture Diagram
[Bff9RniI03] figure_8.jpg -> classified as: Plots / Charts
[Bff9RniI03] figure_12.jpg -> classified as: Plots / Charts
[Bff9RniI03] figure_14.jpg -> classified as: Plots / Charts
[Bff9RniI03] figure_16.jpg -> classified as: Plots / Charts
[Bff9RniI03] figure_10.jpg -> classified as: Plots / Charts
[BhBVAC5i2T] figure_6.jpg -> classified as: Other
  -> Skipping second pass (Other)
[BhBVAC5i2T] figure_9.jpg -> classified as: Plots / Charts
[BhBVAC5i2T] figure_2.jpg -> classified as: Architecture Diagram
[BhBVAC5i2T] figure_7.jpg -> classified as: Plots / Charts
[BhBVAC5i2T] figure_4.jpg -> classified as: Plots / Charts
[BhBVAC5i2T] figure_1.jpg -> classified as: Architecture Diagram
[BhBVAC5i2T] figure_8.jpg -> classified as: Plots / Charts
[Bk0ykeYCfP] figure_1.jpg -> classified as: Plots / Charts
[Bmzv2Gch9v] figure_5.jpg -> classified as: Qualitative Examples
[Bmzv2Gch9v] figure_6.jpg -> classified as: Qualitative Examples
[Bmzv2Gch9v] figure_2.jpg -> classified as: Architecture Diagram
[Bmzv2Gch9v] figure_7.jpg -> classified as: Qualitative Examples
[Bmzv2Gch9v] figure_3.jpg -> classified as: Plots / Charts
[Bmzv2Gch9v] figure_4.jpg -> classified as: Qualitative Examples
[Bmzv2Gch9v] figure_1.jpg -> classified as: Architecture Diagram
[Bmzv2Gch9v] figure_8.jpg -> classified as: Qualitative Examples
[BqEvdOS1Hs] figure_19.jpg -> classified as: Other
  -> Skipping second pass (Other)
[BqEvdOS1Hs] figure_23.jpg -> classified as: Other
  -> Skipping second pass (Other)
[BqEvdOS1Hs] figure_24.jpg -> classified as: Plots / Charts
[BqEvdOS1Hs] figure_5.jpg -> classified as: Plots / Charts
[BqEvdOS1Hs] figure_6.jpg -> classified as: Plots / Charts
[BqEvdOS1Hs] figure_9.jpg -> classified as: Architecture Diagram
[BqEvdOS1Hs] figure_22.jpg -> classified as: Other
  -> Skipping second pass (Other)
[BqEvdOS1Hs] figure_18.jpg -> classified as: Architecture Diagram
[BqEvdOS1Hs] figure_13.jpg -> classified as: Architecture Diagram
[BqEvdOS1Hs] figure_15.jpg -> classified as: Plots / Charts
[BqEvdOS1Hs] figure_2.jpg -> classified as: Qualitative Examples
[BqEvdOS1Hs] figure_20.jpg -> classified as: Other
  -> Skipping second pass (Other)
[BqEvdOS1Hs] figure_11.jpg -> classified as: Architecture Diagram
[BqEvdOS1Hs] figure_7.jpg -> classified as: Plots / Charts
[BqEvdOS1Hs] figure_3.jpg -> classified as: Architecture Diagram
[BqEvdOS1Hs] figure_4.jpg -> classified as: Plots / Charts
[BqEvdOS1Hs] figure_17.jpg -> classified as: Other
  -> Skipping second pass (Other)
[BqEvdOS1Hs] figure_1.jpg -> classified as: Qualitative Examples
[BqEvdOS1Hs] figure_8.jpg -> classified as: Architecture Diagram
[BqEvdOS1Hs] figure_12.jpg -> classified as: Architecture Diagram
[BqEvdOS1Hs] figure_21.jpg -> classified as: Qualitative Examples
[BqEvdOS1Hs] figure_14.jpg -> classified as: Plots / Charts
[BqEvdOS1Hs] figure_16.jpg -> classified as: Plots / Charts
[BqEvdOS1Hs] figure_10.jpg -> classified as: Architecture Diagram
[BsQTw0uPDX] figure_5.jpg -> classified as: Plots / Charts
[BsQTw0uPDX] figure_6.jpg -> classified as: Plots / Charts
[BsQTw0uPDX] figure_9.jpg -> classified as: Qualitative Examples
[BsQTw0uPDX] figure_2.jpg -> classified as: Plots / Charts
[BsQTw0uPDX] figure_7.jpg -> classified as: Qualitative Examples
[BsQTw0uPDX] figure_3.jpg -> classified as: Plots / Charts
[BsQTw0uPDX] figure_4.jpg -> classified as: Plots / Charts
[BsQTw0uPDX] figure_1.jpg -> classified as: Architecture Diagram
[BsQTw0uPDX] figure_8.jpg -> classified as: Qualitative Examples
[BsQTw0uPDX] figure_10.jpg -> classified as: Qualitative Examples
[Bwhd7GUyHH] figure_5.jpg -> classified as: Plots / Charts
[Bwhd7GUyHH] figure_6.jpg -> classified as: Plots / Charts
[Bwhd7GUyHH] figure_2.jpg -> classified as: Plots / Charts
[Bwhd7GUyHH] figure_7.jpg -> classified as: Plots / Charts
[Bwhd7GUyHH] figure_3.jpg -> classified as: Plots / Charts
[Bwhd7GUyHH] figure_4.jpg -> classified as: Plots / Charts
[Bwhd7GUyHH] figure_1.jpg -> classified as: Plots / Charts
[Bwhd7GUyHH] figure_8.jpg -> classified as: Plots / Charts
[BxHgpC6FNv] figure_5.jpg -> classified as: Plots / Charts
[BxHgpC6FNv] figure_6.jpg -> classified as: Plots / Charts
[BxHgpC6FNv] figure_2.jpg -> classified as: Qualitative Examples
[BxHgpC6FNv] figure_7.jpg -> classified as: Plots / Charts
[BxHgpC6FNv] figure_3.jpg -> classified as: Plots / Charts
[BxHgpC6FNv] figure_4.jpg -> classified as: Plots / Charts
[BxHgpC6FNv] figure_1.jpg -> classified as: Plots / Charts
[BxLK1M1f8T] figure_5.jpg -> classified as: Plots / Charts
[BxLK1M1f8T] figure_2.jpg -> classified as: Architecture Diagram
[BxLK1M1f8T] figure_3.jpg -> classified as: Plots / Charts
[BxLK1M1f8T] figure_4.jpg -> classified as: Plots / Charts
[BxLK1M1f8T] figure_1.jpg -> classified as: Plots / Charts
[ByR3NdDSZB] figure_5.jpg -> classified as: Qualitative Examples
[ByR3NdDSZB] figure_2.jpg -> classified as: Plots / Charts
[ByR3NdDSZB] figure_3.jpg -> classified as: Qualitative Examples
[ByR3NdDSZB] figure_4.jpg -> classified as: Architecture Diagram
[ByR3NdDSZB] figure_1.jpg -> classified as: Plots / Charts
[C4CxQmp9wc] figure_5.jpg -> classified as: Plots / Charts
[C4CxQmp9wc] figure_6.jpg -> classified as: Plots / Charts
[C4CxQmp9wc] figure_9.jpg -> classified as: Plots / Charts
[C4CxQmp9wc] figure_2.jpg -> classified as: Plots / Charts
[C4CxQmp9wc] figure_7.jpg -> classified as: Plots / Charts
[C4CxQmp9wc] figure_3.jpg -> classified as: Plots / Charts
[C4CxQmp9wc] figure_4.jpg -> classified as: Qualitative Examples
[C4CxQmp9wc] figure_1.jpg -> classified as: Qualitative Examples
[C4CxQmp9wc] figure_8.jpg -> classified as: Plots / Charts
[C4H45A9cZa] figure_A.jpg -> classified as: Qualitative Examples
[C4H45A9cZa] figure_5.jpg -> classified as: Plots / Charts
[C4H45A9cZa] figure_2.jpg -> classified as: Architecture Diagram
[C4H45A9cZa] figure_B.jpg -> classified as: Plots / Charts
[C4H45A9cZa] figure_3.jpg -> classified as: Plots / Charts
[C4H45A9cZa] figure_4.jpg -> classified as: Qualitative Examples
[C4H45A9cZa] figure_1.jpg -> classified as: Architecture Diagram
[C8jXEugWkq] figure_5.jpg -> classified as: Plots / Charts
[C8jXEugWkq] figure_6.jpg -> classified as: Plots / Charts
[C8jXEugWkq] figure_9.jpg -> classified as: Plots / Charts
[C8jXEugWkq] figure_13.jpg -> classified as: Plots / Charts
[C8jXEugWkq] figure_15.jpg -> classified as: Plots / Charts
[C8jXEugWkq] figure_2.jpg -> classified as: Architecture Diagram
[C8jXEugWkq] figure_11.jpg -> classified as: Plots / Charts
[C8jXEugWkq] figure_7.jpg -> classified as: Architecture Diagram
[C8jXEugWkq] figure_3.jpg -> classified as: Architecture Diagram
[C8jXEugWkq] figure_4.jpg -> classified as: Plots / Charts
[C8jXEugWkq] figure_1.jpg -> classified as: Architecture Diagram
[C8jXEugWkq] figure_8.jpg -> classified as: Plots / Charts
[C8jXEugWkq] figure_12.jpg -> classified as: Plots / Charts
[C8jXEugWkq] figure_14.jpg -> classified as: Plots / Charts
[C8jXEugWkq] figure_10.jpg -> classified as: Plots / Charts
[C9BA0T3xhq] figure_2.jpg -> classified as: Plots / Charts
[C9BA0T3xhq] figure_1.jpg -> classified as: Plots / Charts
[C9uv8qR7RX] figure_5.jpg -> classified as: Architecture Diagram
[C9uv8qR7RX] figure_6.jpg -> classified as: Plots / Charts
[C9uv8qR7RX] figure_9.jpg -> classified as: Architecture Diagram
[C9uv8qR7RX] figure_(b)_SiTs_and.jpg -> classified as: Plots / Charts
[C9uv8qR7RX] figure_2.jpg -> classified as: Architecture Diagram
[C9uv8qR7RX] figure_11.jpg -> classified as: Plots / Charts
[C9uv8qR7RX] figure_7.jpg -> classified as: Plots / Charts
[C9uv8qR7RX] figure_3.jpg -> classified as: Architecture Diagram
[C9uv8qR7RX] figure_4.jpg -> classified as: Plots / Charts
[C9uv8qR7RX] figure_1.jpg -> classified as: Qualitative Examples
[C9uv8qR7RX] figure_8.jpg -> classified as: Architecture Diagram
[C9uv8qR7RX] figure_12.jpg -> classified as: Plots / Charts
[CA06Nqa7CG] figure_5.jpg -> classified as: Plots / Charts
[CA06Nqa7CG] figure_2.jpg -> classified as: Plots / Charts
[CA06Nqa7CG] figure_3.jpg -> classified as: Plots / Charts
[CA06Nqa7CG] figure_4.jpg -> classified as: Plots / Charts
[CA06Nqa7CG] figure_1.jpg -> classified as: Plots / Charts
[CGhgB8Kz8i] figure_5.jpg -> classified as: Plots / Charts
[CGhgB8Kz8i] figure_6.jpg -> classified as: Plots / Charts
[CGhgB8Kz8i] figure_9.jpg -> classified as: Qualitative Examples
[CGhgB8Kz8i] figure_13.jpg -> classified as: Qualitative Examples
[CGhgB8Kz8i] figure_2.jpg -> classified as: Architecture Diagram
[CGhgB8Kz8i] figure_11.jpg -> classified as: Other
  -> Skipping second pass (Other)
[CGhgB8Kz8i] figure_7.jpg -> classified as: Qualitative Examples
[CGhgB8Kz8i] figure_3.jpg -> classified as: Architecture Diagram
[CGhgB8Kz8i] figure_4.jpg -> classified as: Architecture Diagram
[CGhgB8Kz8i] figure_17.jpg -> classified as: Architecture Diagram
[CGhgB8Kz8i] figure_1.jpg -> classified as: Qualitative Examples
[CGhgB8Kz8i] figure_12.jpg -> classified as: Qualitative Examples
[CGhgB8Kz8i] figure_16.jpg -> classified as: Plots / Charts
[CJWMXqAnAy] figure_19.jpg -> classified as: Qualitative Examples
[CJWMXqAnAy] figure_23.jpg -> classified as: Qualitative Examples
[CJWMXqAnAy] figure_5.jpg -> classified as: Plots / Charts
[CJWMXqAnAy] figure_6.jpg -> classified as: Plots / Charts
[CJWMXqAnAy] figure_9.jpg -> classified as: Plots / Charts
[CJWMXqAnAy] figure_22.jpg -> classified as: Qualitative Examples
[CJWMXqAnAy] figure_18.jpg -> classified as: Qualitative Examples
[CJWMXqAnAy] figure_13.jpg -> classified as: Qualitative Examples
[CJWMXqAnAy] figure_15.jpg -> classified as: Qualitative Examples
[CJWMXqAnAy] figure_2.jpg -> classified as: Architecture Diagram
[CJWMXqAnAy] figure_20.jpg -> classified as: Qualitative Examples
[CJWMXqAnAy] figure_11.jpg -> classified as: Qualitative Examples
[CJWMXqAnAy] figure_7.jpg -> classified as: Plots / Charts
[CJWMXqAnAy] figure_3.jpg -> classified as: Architecture Diagram
[CJWMXqAnAy] figure_4.jpg -> classified as: Plots / Charts
[CJWMXqAnAy] figure_17.jpg -> classified as: Qualitative Examples
[CJWMXqAnAy] figure_1.jpg -> classified as: Qualitative Examples
[CJWMXqAnAy] figure_8.jpg -> classified as: Plots / Charts
[CJWMXqAnAy] figure_12.jpg -> classified as: Qualitative Examples
[CJWMXqAnAy] figure_21.jpg -> classified as: Qualitative Examples
[CJWMXqAnAy] figure_14.jpg -> classified as: Qualitative Examples
[CJWMXqAnAy] figure_16.jpg -> classified as: Qualitative Examples
[CJWMXqAnAy] figure_10.jpg -> classified as: Qualitative Examples
[CL3U0GxFRD] figure_5.jpg -> classified as: Plots / Charts
[CL3U0GxFRD] figure_6.jpg -> classified as: Plots / Charts
[CL3U0GxFRD] figure_9.jpg -> classified as: Plots / Charts
[CL3U0GxFRD] figure_2.jpg -> classified as: Qualitative Examples
[CL3U0GxFRD] figure_11.jpg -> classified as: Plots / Charts
[CL3U0GxFRD] figure_7.jpg -> classified as: Qualitative Examples
[CL3U0GxFRD] figure_3.jpg -> classified as: Architecture Diagram
[CL3U0GxFRD] figure_4.jpg -> classified as: Plots / Charts
[CL3U0GxFRD] figure_1.jpg -> classified as: Architecture Diagram
[CL3U0GxFRD] figure_8.jpg -> classified as: Architecture Diagram
[CL3U0GxFRD] figure_10.jpg -> classified as: Plots / Charts
[CLZ4mgMdTz] figure_2.jpg -> classified as: Architecture Diagram
[CLZ4mgMdTz] figure_3.jpg -> classified as: Qualitative Examples
[CLZ4mgMdTz] figure_4.jpg -> classified as: Plots / Charts
[CLZ4mgMdTz] figure_1.jpg -> classified as: Architecture Diagram
[CSpWgKo0ID] figure_5.jpg -> classified as: Plots / Charts
[CSpWgKo0ID] figure_6.jpg -> classified as: Plots / Charts
[CSpWgKo0ID] figure_2.jpg -> classified as: Plots / Charts
[CSpWgKo0ID] figure_7.jpg -> classified as: Other
  -> Skipping second pass (Other)
[CSpWgKo0ID] figure_3.jpg -> classified as: Plots / Charts
[CSpWgKo0ID] figure_4.jpg -> classified as: Plots / Charts
[CSpWgKo0ID] figure_1.jpg -> classified as: Architecture Diagram
[CTlUHIKF71] figure_5.jpg -> classified as: Plots / Charts
[CTlUHIKF71] figure_6.jpg -> classified as: Plots / Charts
[CTlUHIKF71] figure_9.jpg -> classified as: Plots / Charts
[CTlUHIKF71] figure_13.jpg -> classified as: Plots / Charts
[CTlUHIKF71] figure_15.jpg -> classified as: Architecture Diagram
[CTlUHIKF71] figure_2.jpg -> classified as: Qualitative Examples
[CTlUHIKF71] figure_11.jpg -> classified as: Qualitative Examples
[CTlUHIKF71] figure_7.jpg -> classified as: Plots / Charts
[CTlUHIKF71] figure_3.jpg -> classified as: Plots / Charts
[CTlUHIKF71] figure_4.jpg -> classified as: Plots / Charts
[CTlUHIKF71] figure_17.jpg -> classified as: Plots / Charts
[CTlUHIKF71] figure_1.jpg -> classified as: Architecture Diagram
[CTlUHIKF71] figure_8.jpg -> classified as: Plots / Charts
[CTlUHIKF71] figure_12.jpg -> classified as: Architecture Diagram
[CTlUHIKF71] figure_14.jpg -> classified as: Plots / Charts
[CTlUHIKF71] figure_16.jpg -> classified as: Qualitative Examples
[CTlUHIKF71] figure_10.jpg -> classified as: Plots / Charts
[CUL3MTjyMc] figure_5.jpg -> classified as: Plots / Charts
[CUL3MTjyMc] figure_6.jpg -> classified as: Plots / Charts
[CUL3MTjyMc] figure_9.jpg -> classified as: Plots / Charts
[CUL3MTjyMc] figure_2.jpg -> classified as: Plots / Charts
[CUL3MTjyMc] figure_7.jpg -> classified as: Qualitative Examples
[CUL3MTjyMc] figure_3.jpg -> classified as: Plots / Charts
[CUL3MTjyMc] figure_4.jpg -> classified as: Plots / Charts
[CUL3MTjyMc] figure_1.jpg -> classified as: Architecture Diagram
[CUL3MTjyMc] figure_8.jpg -> classified as: Plots / Charts
[CUfSCwcgqm] figure_30.jpg -> classified as: Plots / Charts
[CUfSCwcgqm] figure_19.jpg -> classified as: Plots / Charts
[CUfSCwcgqm] figure_23.jpg -> classified as: Plots / Charts
[CUfSCwcgqm] figure_29.jpg -> classified as: Plots / Charts
[CUfSCwcgqm] figure_24.jpg -> classified as: Plots / Charts
[CUfSCwcgqm] figure_5.jpg -> classified as: Other
  -> Skipping second pass (Other)
[CUfSCwcgqm] figure_6.jpg -> classified as: Architecture Diagram
[CUfSCwcgqm] figure_9.jpg -> classified as: Plots / Charts
[CUfSCwcgqm] figure_22.jpg -> classified as: Plots / Charts
[CUfSCwcgqm] figure_28.jpg -> classified as: Plots / Charts
[CUfSCwcgqm] figure_18.jpg -> classified as: Plots / Charts
[CUfSCwcgqm] figure_13.jpg -> classified as: Plots / Charts
[CUfSCwcgqm] figure_15.jpg -> classified as: Plots / Charts
[CUfSCwcgqm] figure_20.jpg -> classified as: Plots / Charts
[CUfSCwcgqm] figure_11.jpg -> classified as: Plots / Charts
[CUfSCwcgqm] figure_Layer-2..jpg -> classified as: Other
  -> Skipping second pass (Other)
[CUfSCwcgqm] figure_7.jpg -> classified as: Plots / Charts
[CUfSCwcgqm] figure_3.jpg -> classified as: Architecture Diagram
[CUfSCwcgqm] figure_4.jpg -> classified as: Architecture Diagram
[CUfSCwcgqm] figure_17.jpg -> classified as: Plots / Charts
[CUfSCwcgqm] figure_1.jpg -> classified as: Architecture Diagram
[CUfSCwcgqm] figure_27.jpg -> classified as: Plots / Charts
[CUfSCwcgqm] figure_8.jpg -> classified as: Plots / Charts
[CUfSCwcgqm] figure_12.jpg -> classified as: Plots / Charts
[CUfSCwcgqm] figure_25.jpg -> classified as: Plots / Charts
[CUfSCwcgqm] figure_21.jpg -> classified as: Plots / Charts
[CUfSCwcgqm] figure_26.jpg -> classified as: Plots / Charts
[CUfSCwcgqm] figure_14.jpg -> classified as: Plots / Charts
[CUfSCwcgqm] figure_16.jpg -> classified as: Plots / Charts
[CUfSCwcgqm] figure_10.jpg -> classified as: Plots / Charts
[CW2aryHm95] figure_2.jpg -> classified as: Plots / Charts
[CW2aryHm95] figure_3.jpg -> classified as: Plots / Charts
[CW2aryHm95] figure_4.jpg -> classified as: Plots / Charts
[CW2aryHm95] figure_1.jpg -> classified as: Architecture Diagram
[CaNp8ALCRT] figure_2.jpg -> classified as: Plots / Charts
[CaNp8ALCRT] figure_3.jpg -> classified as: Plots / Charts
[CaNp8ALCRT] figure_1.jpg -> classified as: Plots / Charts
[CbPifku2Un] figure_5.jpg -> classified as: Qualitative Examples
[CbPifku2Un] figure_6.jpg -> classified as: Plots / Charts
[CbPifku2Un] figure_9.jpg -> classified as: Plots / Charts
[CbPifku2Un] figure_2.jpg -> classified as: Plots / Charts
[CbPifku2Un] figure_11.jpg -> classified as: Plots / Charts
[CbPifku2Un] figure_7.jpg -> classified as: Plots / Charts
[CbPifku2Un] figure_3.jpg -> classified as: Plots / Charts
[CbPifku2Un] figure_4.jpg -> classified as: Plots / Charts
[CbPifku2Un] figure_1.jpg -> classified as: Architecture Diagram
[CbPifku2Un] figure_8.jpg -> classified as: Qualitative Examples
[CbPifku2Un] figure_10.jpg -> classified as: Plots / Charts
[Cbak1TA12X] figure_2.jpg -> classified as: Qualitative Examples
[Cbak1TA12X] figure_3.jpg -> classified as: Qualitative Examples
[Cbak1TA12X] figure_4.jpg -> classified as: Plots / Charts
[Cbak1TA12X] figure_1.jpg -> classified as: Architecture Diagram
[CfdPELywGN] figure_19.jpg -> classified as: Plots / Charts
[CfdPELywGN] figure_5.jpg -> classified as: Plots / Charts
[CfdPELywGN] figure_6.jpg -> classified as: Plots / Charts
[CfdPELywGN] figure_9.jpg -> classified as: Plots / Charts
[CfdPELywGN] figure_13_1.jpg -> classified as: Plots / Charts
[CfdPELywGN] figure_18.jpg -> classified as: Plots / Charts
[CfdPELywGN] figure_13.jpg -> classified as: Plots / Charts
[CfdPELywGN] figure_15.jpg -> classified as: Plots / Charts
[CfdPELywGN] figure_20.jpg -> classified as: Plots / Charts
[CfdPELywGN] figure_11.jpg -> classified as: Plots / Charts
[CfdPELywGN] figure_7.jpg -> classified as: Plots / Charts
[CfdPELywGN] figure_3.jpg -> classified as: Architecture Diagram
[CfdPELywGN] figure_4.jpg -> classified as: Architecture Diagram
[CfdPELywGN] figure_17.jpg -> classified as: Plots / Charts
[CfdPELywGN] figure_1.jpg -> classified as: Architecture Diagram
[CfdPELywGN] figure_8.jpg -> classified as: Plots / Charts
[CfdPELywGN] figure_11_1.jpg -> classified as: Plots / Charts
[CfdPELywGN] figure_16.jpg -> classified as: Plots / Charts
[CfdPELywGN] figure_10.jpg -> classified as: Plots / Charts
[Cfi68cGzIt] figure_5.jpg -> classified as: Plots / Charts
[Cfi68cGzIt] figure_6.jpg -> classified as: Plots / Charts
[Cfi68cGzIt] figure_2.jpg -> classified as: Plots / Charts
[Cfi68cGzIt] figure_7.jpg -> classified as: Plots / Charts
[Cfi68cGzIt] figure_3.jpg -> classified as: Plots / Charts
[Cfi68cGzIt] figure_4.jpg -> classified as: Plots / Charts
[Cfi68cGzIt] figure_1.jpg -> classified as: Plots / Charts
[Ch9rHRomYe] figure_5.jpg -> classified as: Architecture Diagram
[Ch9rHRomYe] figure_6.jpg -> classified as: Architecture Diagram
[Ch9rHRomYe] figure_9.jpg -> classified as: Plots / Charts
[Ch9rHRomYe] figure_2.jpg -> classified as: Plots / Charts
[Ch9rHRomYe] figure_7.jpg -> classified as: Plots / Charts
[Ch9rHRomYe] figure_3.jpg -> classified as: Qualitative Examples
[Ch9rHRomYe] figure_4.jpg -> classified as: Architecture Diagram
[Ch9rHRomYe] figure_1.jpg -> classified as: Qualitative Examples
[Ch9rHRomYe] figure_8.jpg -> classified as: Plots / Charts
[CiEOW1CdKc] figure_5.jpg -> classified as: Plots / Charts
[CiEOW1CdKc] figure_6.jpg -> classified as: Plots / Charts
[CiEOW1CdKc] figure_9.jpg -> classified as: Plots / Charts
[CiEOW1CdKc] figure_2.jpg -> classified as: Plots / Charts
[CiEOW1CdKc] figure_7.jpg -> classified as: Qualitative Examples
[CiEOW1CdKc] figure_3.jpg -> classified as: Plots / Charts
[CiEOW1CdKc] figure_4.jpg -> classified as: Plots / Charts
[CiEOW1CdKc] figure_1.jpg -> classified as: Architecture Diagram
[CiEOW1CdKc] figure_8.jpg -> classified as: Plots / Charts
[CjfQssZtAb] figure_5.jpg -> classified as: Architecture Diagram
[CjfQssZtAb] figure_6.jpg -> classified as: Plots / Charts
[CjfQssZtAb] figure_9.jpg -> classified as: Qualitative Examples
[CjfQssZtAb] figure_2.jpg -> classified as: Architecture Diagram
[CjfQssZtAb] figure_7.jpg -> classified as: Qualitative Examples
[CjfQssZtAb] figure_3.jpg -> classified as: Plots / Charts
[CjfQssZtAb] figure_4.jpg -> classified as: Plots / Charts
[CjfQssZtAb] figure_1.jpg -> classified as: Architecture Diagram
[CjfQssZtAb] figure_8.jpg -> classified as: Qualitative Examples
[CjfQssZtAb] figure_10.jpg -> classified as: Plots / Charts
[CjwERcAU7w] figure_6.jpg -> classified as: Architecture Diagram
[CjwERcAU7w] figure_9.jpg -> classified as: Architecture Diagram
[CjwERcAU7w] figure_A.2_PERFORMANCE_OF.jpg -> classified as: Plots / Charts
[CjwERcAU7w] figure_11.jpg -> classified as: Architecture Diagram
[CjwERcAU7w] figure_7.jpg -> classified as: Plots / Charts
[CjwERcAU7w] figure_3.jpg -> classified as: Plots / Charts
[CjwERcAU7w] figure_(b)_Frequency_in.jpg -> classified as: Plots / Charts
[CjwERcAU7w] figure_4.jpg -> classified as: Plots / Charts
[CjwERcAU7w] figure_1.jpg -> classified as: Plots / Charts
[CjwERcAU7w] figure_10.jpg -> classified as: Plots / Charts
[CkrqCY0GhW] figure_5.jpg -> classified as: Plots / Charts
[CkrqCY0GhW] figure_6.jpg -> classified as: Plots / Charts
[CkrqCY0GhW] figure_2.jpg -> classified as: Plots / Charts
[CkrqCY0GhW] figure_7.jpg -> classified as: Plots / Charts
[CkrqCY0GhW] figure_3.jpg -> classified as: Plots / Charts
[CkrqCY0GhW] figure_4.jpg -> classified as: Plots / Charts
[CkrqCY0GhW] figure_1.jpg -> classified as: Architecture Diagram
[CkrqCY0GhW] figure_8.jpg -> classified as: Plots / Charts
[Cnwz9jONi5] figure_(b)_RM_with.jpg -> classified as: Plots / Charts
[Cnwz9jONi5] figure_5.jpg -> classified as: Plots / Charts
[Cnwz9jONi5] figure_6.jpg -> classified as: Plots / Charts
[Cnwz9jONi5] figure_(a)_Trend_between.jpg -> classified as: Plots / Charts
[Cnwz9jONi5] figure_9.jpg -> classified as: Plots / Charts
[Cnwz9jONi5] figure_13.jpg -> classified as: Plots / Charts
[Cnwz9jONi5] figure_15.jpg -> classified as: Plots / Charts
[Cnwz9jONi5] figure_2.jpg -> classified as: Architecture Diagram
[Cnwz9jONi5] figure_(b)_The_correlation.jpg -> classified as: Plots / Charts
[Cnwz9jONi5] figure_11.jpg -> classified as: Plots / Charts
[Cnwz9jONi5] figure_7.jpg -> classified as: Plots / Charts
[Cnwz9jONi5] figure_3.jpg -> classified as: Plots / Charts
[Cnwz9jONi5] figure_(b)_The_trend.jpg -> classified as: Plots / Charts
[Cnwz9jONi5] figure_4.jpg -> classified as: Plots / Charts
[Cnwz9jONi5] figure_1.jpg -> classified as: Architecture Diagram
[Cnwz9jONi5] figure_8.jpg -> classified as: Plots / Charts
[Cnwz9jONi5] figure_12.jpg -> classified as: Plots / Charts
[Cnwz9jONi5] figure_14.jpg -> classified as: Plots / Charts
[Cnwz9jONi5] figure_10.jpg -> classified as: Plots / Charts
[CpnKq3UJwp] figure_5.jpg -> classified as: Plots / Charts
[CpnKq3UJwp] figure_6.jpg -> classified as: Plots / Charts
[CpnKq3UJwp] figure_9.jpg -> classified as: Plots / Charts
[CpnKq3UJwp] figure_2.jpg -> classified as: Architecture Diagram
[CpnKq3UJwp] figure_11.jpg -> classified as: Plots / Charts
[CpnKq3UJwp] figure_7.jpg -> classified as: Plots / Charts
[CpnKq3UJwp] figure_3.jpg -> classified as: Plots / Charts
[CpnKq3UJwp] figure_4.jpg -> classified as: Plots / Charts
[CpnKq3UJwp] figure_1.jpg -> classified as: Plots / Charts
[CpnKq3UJwp] figure_8.jpg -> classified as: Plots / Charts
[CpnKq3UJwp] figure_10.jpg -> classified as: Plots / Charts
[Cqrv7Sve7g] figure_5.jpg -> classified as: Plots / Charts
[Cqrv7Sve7g] figure_6.jpg -> classified as: Plots / Charts
[Cqrv7Sve7g] figure_9.jpg -> classified as: Plots / Charts
[Cqrv7Sve7g] figure_2.jpg -> classified as: Architecture Diagram
[Cqrv7Sve7g] figure_7.jpg -> classified as: Plots / Charts
[Cqrv7Sve7g] figure_3.jpg -> classified as: Qualitative Examples
[Cqrv7Sve7g] figure_4.jpg -> classified as: Qualitative Examples
[Cqrv7Sve7g] figure_1.jpg -> classified as: Architecture Diagram
[Cqrv7Sve7g] figure_8.jpg -> classified as: Plots / Charts
[Cqrv7Sve7g] figure_10.jpg -> classified as: Plots / Charts
[Cr1XlGBGVm] figure_5.jpg -> classified as: Plots / Charts
[Cr1XlGBGVm] figure_6.jpg -> classified as: Plots / Charts
[Cr1XlGBGVm] figure_9.jpg -> classified as: Plots / Charts
[Cr1XlGBGVm] figure_2.jpg -> classified as: Plots / Charts
[Cr1XlGBGVm] figure_7.jpg -> classified as: Plots / Charts
[Cr1XlGBGVm] figure_3.jpg -> classified as: Plots / Charts
[Cr1XlGBGVm] figure_4.jpg -> classified as: Plots / Charts
[Cr1XlGBGVm] figure_1.jpg -> classified as: Architecture Diagram
[Cr1XlGBGVm] figure_8.jpg -> classified as: Plots / Charts
[CuwjD3cazX] figure_5.jpg -> classified as: Plots / Charts
[CuwjD3cazX] figure_6.jpg -> classified as: Plots / Charts
[CuwjD3cazX] figure_9.jpg -> classified as: Qualitative Examples
[CuwjD3cazX] figure_2.jpg -> classified as: Plots / Charts
[CuwjD3cazX] figure_7.jpg -> classified as: Plots / Charts
[CuwjD3cazX] figure_3.jpg -> classified as: Plots / Charts
[CuwjD3cazX] figure_4.jpg -> classified as: Plots / Charts
[CuwjD3cazX] figure_1.jpg -> classified as: Plots / Charts
[D02lqBeVpP] figure_5.jpg -> classified as: Architecture Diagram
[D02lqBeVpP] figure_6.jpg -> classified as: Qualitative Examples
[D02lqBeVpP] figure_2.jpg -> classified as: Architecture Diagram
[D02lqBeVpP] figure_7.jpg -> classified as: Qualitative Examples
[D02lqBeVpP] figure_3.jpg -> classified as: Qualitative Examples
[D02lqBeVpP] figure_4.jpg -> classified as: Architecture Diagram
[D02lqBeVpP] figure_1.jpg -> classified as: Architecture Diagram
[D2eOVqPX9g] figure_5.jpg -> classified as: Plots / Charts
[D2eOVqPX9g] figure_6.jpg -> classified as: Plots / Charts
[D2eOVqPX9g] figure_2.jpg -> classified as: Plots / Charts
[D2eOVqPX9g] figure_7.jpg -> classified as: Plots / Charts
[D2eOVqPX9g] figure_3.jpg -> classified as: Plots / Charts
[D2eOVqPX9g] figure_4.jpg -> classified as: Plots / Charts
[D2eOVqPX9g] figure_1.jpg -> classified as: Plots / Charts
[D4xztKoz0Y] figure_5.jpg -> classified as: Qualitative Examples
[D4xztKoz0Y] figure_6.jpg -> classified as: Architecture Diagram
[D4xztKoz0Y] figure_9.jpg -> classified as: Qualitative Examples
[D4xztKoz0Y] figure_2.jpg -> classified as: Architecture Diagram
[D4xztKoz0Y] figure_7.jpg -> classified as: Plots / Charts
[D4xztKoz0Y] figure_3.jpg -> classified as: Plots / Charts
[D4xztKoz0Y] figure_4.jpg -> classified as: Qualitative Examples
[D4xztKoz0Y] figure_1.jpg -> classified as: Architecture Diagram
[D4xztKoz0Y] figure_8.jpg -> classified as: Qualitative Examples
[D4xztKoz0Y] figure_10.jpg -> classified as: Qualitative Examples
[D78HxVUg1Q] figure_6.jpg -> classified as: Plots / Charts
[D78HxVUg1Q] figure_(c)_Success_rate.jpg -> classified as: Plots / Charts
[D78HxVUg1Q] figure_9.jpg -> classified as: Plots / Charts
[D78HxVUg1Q] figure_(b)_Success_rate.jpg -> classified as: Plots / Charts
[D78HxVUg1Q] figure_2.jpg -> classified as: Plots / Charts
[D78HxVUg1Q] figure_(c)_Reward_changes.jpg -> classified as: Plots / Charts
[D78HxVUg1Q] figure_11.jpg -> classified as: Plots / Charts
[D78HxVUg1Q] figure_(b)_Highest_$_mu$.jpg -> classified as: Plots / Charts
[D78HxVUg1Q] figure_7.jpg -> classified as: Plots / Charts
[D78HxVUg1Q] figure_(c)_Highest_$_nu$.jpg -> classified as: Plots / Charts
[D78HxVUg1Q] figure_(b)_Reward_changes.jpg -> classified as: Plots / Charts
[D78HxVUg1Q] figure_1.jpg -> classified as: Architecture Diagram
[D78HxVUg1Q] figure_8.jpg -> classified as: Plots / Charts
[D78HxVUg1Q] figure_(b)_Highest_$_mu$_1.jpg -> classified as: Plots / Charts
[DBbgasVgyQ] figure_19.jpg -> classified as: Other
  -> Skipping second pass (Other)
[DBbgasVgyQ] figure_5.jpg -> classified as: Plots / Charts
[DBbgasVgyQ] figure_6.jpg -> classified as: Qualitative Examples
[DBbgasVgyQ] figure_9.jpg -> classified as: Plots / Charts
[DBbgasVgyQ] figure_18.jpg -> classified as: Other
  -> Skipping second pass (Other)
[DBbgasVgyQ] figure_13.jpg -> classified as: Other
  -> Skipping second pass (Other)
[DBbgasVgyQ] figure_15.jpg -> classified as: Other
  -> Skipping second pass (Other)
[DBbgasVgyQ] figure_2.jpg -> classified as: Architecture Diagram
[DBbgasVgyQ] figure_11.jpg -> classified as: Other
  -> Skipping second pass (Other)
[DBbgasVgyQ] figure_7.jpg -> classified as: Plots / Charts
[DBbgasVgyQ] figure_3.jpg -> classified as: Qualitative Examples
[DBbgasVgyQ] figure_4.jpg -> classified as: Plots / Charts
[DBbgasVgyQ] figure_17.jpg -> classified as: Other
  -> Skipping second pass (Other)
[DBbgasVgyQ] figure_1.jpg -> classified as: Architecture Diagram
[DBbgasVgyQ] figure_8.jpg -> classified as: Plots / Charts
[DBbgasVgyQ] figure_12.jpg -> classified as: Other
  -> Skipping second pass (Other)
[DBbgasVgyQ] figure_14.jpg -> classified as: Other
  -> Skipping second pass (Other)
[DBbgasVgyQ] figure_16.jpg -> classified as: Other
  -> Skipping second pass (Other)
[DBbgasVgyQ] figure_10.jpg -> classified as: Other
  -> Skipping second pass (Other)
[DCg9r2DKKe] figure_2.jpg -> classified as: Architecture Diagram
[DCg9r2DKKe] figure_3.jpg -> classified as: Qualitative Examples
[DCg9r2DKKe] figure_1.jpg -> classified as: Qualitative Examples
[DCpukR83sw] figure_5.jpg -> classified as: Qualitative Examples
[DCpukR83sw] figure_6.jpg -> classified as: Plots / Charts
[DCpukR83sw] figure_9.jpg -> classified as: Architecture Diagram
[DCpukR83sw] figure_2.jpg -> classified as: Architecture Diagram
[DCpukR83sw] figure_7.jpg -> classified as: Qualitative Examples
[DCpukR83sw] figure_3.jpg -> classified as: Architecture Diagram
[DCpukR83sw] figure_4.jpg -> classified as: Qualitative Examples
[DCpukR83sw] figure_1.jpg -> classified as: Architecture Diagram
[DCpukR83sw] figure_8.jpg -> classified as: Plots / Charts
[DCpukR83sw] figure_10.jpg -> classified as: Qualitative Examples
[DFTHW0MyiW] figure_5.jpg -> classified as: Architecture Diagram
[DFTHW0MyiW] figure_6.jpg -> classified as: Plots / Charts
[DFTHW0MyiW] figure_9.jpg -> classified as: Plots / Charts
[DFTHW0MyiW] figure_2.jpg -> classified as: Plots / Charts
[DFTHW0MyiW] figure_7.jpg -> classified as: Plots / Charts
[DFTHW0MyiW] figure_3.jpg -> classified as: Plots / Charts
[DFTHW0MyiW] figure_4.jpg -> classified as: Plots / Charts
[DFTHW0MyiW] figure_1.jpg -> classified as: Architecture Diagram
[DFTHW0MyiW] figure_8.jpg -> classified as: Plots / Charts
[DL9txImSzm] figure_5.jpg -> classified as: Plots / Charts
[DL9txImSzm] figure_6.jpg -> classified as: Architecture Diagram
[DL9txImSzm] figure_9.jpg -> classified as: Plots / Charts
[DL9txImSzm] figure_2.jpg -> classified as: Qualitative Examples
[DL9txImSzm] figure_7.jpg -> classified as: Plots / Charts
[DL9txImSzm] figure_3.jpg -> classified as: Architecture Diagram
[DL9txImSzm] figure_4.jpg -> classified as: Qualitative Examples
[DL9txImSzm] figure_1.jpg -> classified as: Architecture Diagram
[DL9txImSzm] figure_8.jpg -> classified as: Plots / Charts
[DPYPpC0cBC] figure_2.jpg -> classified as: Architecture Diagram
[DPYPpC0cBC] figure_3.jpg -> classified as: Architecture Diagram
[DPYPpC0cBC] figure_4.jpg -> classified as: Plots / Charts
[DPYPpC0cBC] figure_1.jpg -> classified as: Architecture Diagram
[DQCZiKb3Uy] figure_5.jpg -> classified as: Plots / Charts
[DQCZiKb3Uy] figure_6.jpg -> classified as: Plots / Charts
[DQCZiKb3Uy] figure_9.jpg -> classified as: Plots / Charts
[DQCZiKb3Uy] figure_2.jpg -> classified as: Architecture Diagram
[DQCZiKb3Uy] figure_7.jpg -> classified as: Plots / Charts
[DQCZiKb3Uy] figure_3.jpg -> classified as: Plots / Charts
[DQCZiKb3Uy] figure_4.jpg -> classified as: Plots / Charts
[DQCZiKb3Uy] figure_1.jpg -> classified as: Architecture Diagram
[DQCZiKb3Uy] figure_8.jpg -> classified as: Plots / Charts
[DQCZiKb3Uy] figure_10.jpg -> classified as: Plots / Charts
[DQTxr8JtPX] figure_2.jpg -> classified as: Plots / Charts
[DQTxr8JtPX] figure_3.jpg -> classified as: Plots / Charts
[DQTxr8JtPX] figure_1.jpg -> classified as: Plots / Charts
[DRiLWb8bJg] figure_5.jpg -> classified as: Plots / Charts
[DRiLWb8bJg] figure_6.jpg -> classified as: Plots / Charts
[DRiLWb8bJg] figure_9.jpg -> classified as: Plots / Charts
[DRiLWb8bJg] figure_13.jpg -> classified as: Plots / Charts
[DRiLWb8bJg] figure_2.jpg -> classified as: Plots / Charts
[DRiLWb8bJg] figure_11.jpg -> classified as: Qualitative Examples
[DRiLWb8bJg] figure_7.jpg -> classified as: Plots / Charts
[DRiLWb8bJg] figure_3.jpg -> classified as: Plots / Charts
[DRiLWb8bJg] figure_4.jpg -> classified as: Architecture Diagram
[DRiLWb8bJg] figure_1.jpg -> classified as: Qualitative Examples
[DRiLWb8bJg] figure_8.jpg -> classified as: Plots / Charts
[DRiLWb8bJg] figure_12.jpg -> classified as: Qualitative Examples
[DRiLWb8bJg] figure_10.jpg -> classified as: Plots / Charts
[DSyHRkpI7v] figure_5.jpg -> classified as: Plots / Charts
[DSyHRkpI7v] figure_6.jpg -> classified as: Plots / Charts
[DSyHRkpI7v] figure_9.jpg -> classified as: Plots / Charts
[DSyHRkpI7v] figure_13.jpg -> classified as: Plots / Charts
[DSyHRkpI7v] figure_15.jpg -> classified as: Plots / Charts
[DSyHRkpI7v] figure_2.jpg -> classified as: Plots / Charts
[DSyHRkpI7v] figure_11.jpg -> classified as: Plots / Charts
[DSyHRkpI7v] figure_7.jpg -> classified as: Qualitative Examples
[DSyHRkpI7v] figure_3.jpg -> classified as: Plots / Charts
[DSyHRkpI7v] figure_4.jpg -> classified as: Plots / Charts
[DSyHRkpI7v] figure_1.jpg -> classified as: Architecture Diagram
[DSyHRkpI7v] figure_8.jpg -> classified as: Plots / Charts
[DSyHRkpI7v] figure_12.jpg -> classified as: Plots / Charts
[DSyHRkpI7v] figure_14.jpg -> classified as: Plots / Charts
[DSyHRkpI7v] figure_16.jpg -> classified as: Plots / Charts
[DSyHRkpI7v] figure_10.jpg -> classified as: Plots / Charts
[DWISGL63PC] figure_5.jpg -> classified as: Plots / Charts
[DWISGL63PC] figure_6.jpg -> classified as: Plots / Charts
[DWISGL63PC] figure_9.jpg -> classified as: Qualitative Examples
[DWISGL63PC] figure_13.jpg -> classified as: Plots / Charts
[DWISGL63PC] figure_2.jpg -> classified as: Architecture Diagram
[DWISGL63PC] figure_7.jpg -> classified as: Architecture Diagram
[DWISGL63PC] figure_(b)_Comparison_of.jpg -> classified as: Plots / Charts
[DWISGL63PC] figure_3.jpg -> classified as: Architecture Diagram
[DWISGL63PC] figure_4.jpg -> classified as: Qualitative Examples
[DWISGL63PC] figure_Q__Provide_a.jpg -> classified as: Qualitative Examples
[DWISGL63PC] figure_8.jpg -> classified as: Plots / Charts
[DWISGL63PC] figure_12.jpg -> classified as: Other
  -> Skipping second pass (Other)
[DWISGL63PC] figure_14.jpg -> classified as: Plots / Charts
[DWISGL63PC] figure_10.jpg -> classified as: Qualitative Examples
[DeVm3YUnpj] figure_5.jpg -> classified as: Plots / Charts
[DeVm3YUnpj] figure_6.jpg -> classified as: Architecture Diagram
[DeVm3YUnpj] figure_9.jpg -> classified as: Architecture Diagram
[DeVm3YUnpj] figure_2.jpg -> classified as: Plots / Charts
[DeVm3YUnpj] figure_7.jpg -> classified as: Plots / Charts
[DeVm3YUnpj] figure_4.jpg -> classified as: Plots / Charts
[DeVm3YUnpj] figure_1.jpg -> classified as: Architecture Diagram
[DhH3LbA6F6] figure_5.jpg -> classified as: Architecture Diagram
[DhH3LbA6F6] figure_6.jpg -> classified as: Plots / Charts
[DhH3LbA6F6] figure_2.jpg -> classified as: Architecture Diagram
[DhH3LbA6F6] figure_3.jpg -> classified as: Plots / Charts
[DhH3LbA6F6] figure_4.jpg -> classified as: Architecture Diagram
[DhH3LbA6F6] figure_1.jpg -> classified as: Architecture Diagram
[DhdqML3FdM] figure_5.jpg -> classified as: Architecture Diagram
[DhdqML3FdM] figure_6.jpg -> classified as: Qualitative Examples
[DhdqML3FdM] figure_9.jpg -> classified as: Other
  -> Skipping second pass (Other)
[DhdqML3FdM] figure_15.jpg -> classified as: Qualitative Examples
[DhdqML3FdM] figure_2.jpg -> classified as: Plots / Charts
[DhdqML3FdM] figure_11.jpg -> classified as: Plots / Charts
[DhdqML3FdM] figure_7.jpg -> classified as: Other
  -> Skipping second pass (Other)
[DhdqML3FdM] figure_3.jpg -> classified as: Architecture Diagram
[DhdqML3FdM] figure_4.jpg -> classified as: Architecture Diagram
[DhdqML3FdM] figure_17.jpg -> classified as: Other
  -> Skipping second pass (Other)
[DhdqML3FdM] figure_1.jpg -> classified as: Plots / Charts
[DhdqML3FdM] figure_12.jpg -> classified as: Plots / Charts
[DhdqML3FdM] figure_14.jpg -> classified as: Plots / Charts
[DhdqML3FdM] figure_10.jpg -> classified as: Other
  -> Skipping second pass (Other)
[Diq6urt3lS] figure_5.jpg -> classified as: Plots / Charts
[Diq6urt3lS] figure_6.jpg -> classified as: Plots / Charts
[Diq6urt3lS] figure_2.jpg -> classified as: Plots / Charts
[Diq6urt3lS] figure_3.jpg -> classified as: Plots / Charts
[Diq6urt3lS] figure_4.jpg -> classified as: Plots / Charts
[Diq6urt3lS] figure_1.jpg -> classified as: Architecture Diagram
[DjEyXTbEpa] figure_5.jpg -> classified as: Plots / Charts
[DjEyXTbEpa] figure_6.jpg -> classified as: Plots / Charts
[DjEyXTbEpa] figure_9.jpg -> classified as: Plots / Charts
[DjEyXTbEpa] figure_2.jpg -> classified as: Plots / Charts
[DjEyXTbEpa] figure_7.jpg -> classified as: Architecture Diagram
[DjEyXTbEpa] figure_3.jpg -> classified as: Plots / Charts
[DjEyXTbEpa] figure_4.jpg -> classified as: Plots / Charts
[DjEyXTbEpa] figure_1.jpg -> classified as: Architecture Diagram
[DjEyXTbEpa] figure_8.jpg -> classified as: Architecture Diagram
[DoB8DmrsSS] figure_5.jpg -> classified as: Plots / Charts
[DoB8DmrsSS] figure_6.jpg -> classified as: Qualitative Examples
[DoB8DmrsSS] figure_2.jpg -> classified as: Plots / Charts
[DoB8DmrsSS] figure_3.jpg -> classified as: Plots / Charts
[DoB8DmrsSS] figure_4.jpg -> classified as: Architecture Diagram
[DoB8DmrsSS] figure_1.jpg -> classified as: Qualitative Examples
[Dq9VrVuLzV] figure_5.jpg -> classified as: Qualitative Examples
[Dq9VrVuLzV] figure_6.jpg -> classified as: Qualitative Examples
[Dq9VrVuLzV] figure_9.jpg -> classified as: Qualitative Examples
[Dq9VrVuLzV] figure_13.jpg -> classified as: Qualitative Examples
[Dq9VrVuLzV] figure_2.jpg -> classified as: Architecture Diagram
[Dq9VrVuLzV] figure_11.jpg -> classified as: Qualitative Examples
[Dq9VrVuLzV] figure_7.jpg -> classified as: Architecture Diagram
[Dq9VrVuLzV] figure_3.jpg -> classified as: Qualitative Examples
[Dq9VrVuLzV] figure_4.jpg -> classified as: Plots / Charts
[Dq9VrVuLzV] figure_1.jpg -> classified as: Architecture Diagram
[Dq9VrVuLzV] figure_8.jpg -> classified as: Qualitative Examples
[Dq9VrVuLzV] figure_12.jpg -> classified as: Qualitative Examples
[Dq9VrVuLzV] figure_14.jpg -> classified as: Qualitative Examples
[Dq9VrVuLzV] figure_10.jpg -> classified as: Qualitative Examples
[DsIOUoZkVk] figure_5.jpg -> classified as: Plots / Charts
[DsIOUoZkVk] figure_9.jpg -> classified as: Plots / Charts
[DsIOUoZkVk] figure_13.jpg -> classified as: Plots / Charts
[DsIOUoZkVk] figure_(b)_Recall_$@.jpg -> classified as: Plots / Charts
[DsIOUoZkVk] figure_2.jpg -> classified as: Plots / Charts
[DsIOUoZkVk] figure_7.jpg -> classified as: Plots / Charts
[DsIOUoZkVk] figure_3.jpg -> classified as: Plots / Charts
[DsIOUoZkVk] figure_4.jpg -> classified as: Plots / Charts
[DsIOUoZkVk] figure_1.jpg -> classified as: Architecture Diagram
[DsIOUoZkVk] figure_(a)_Recall_$@.jpg -> classified as: Plots / Charts
[DsIOUoZkVk] figure_8.jpg -> classified as: Plots / Charts
[DsIOUoZkVk] figure_12.jpg -> classified as: Plots / Charts
[DsIOUoZkVk] figure_10.jpg -> classified as: Plots / Charts
[DuQkqSe9en] figure_5.jpg -> classified as: Plots / Charts
[DuQkqSe9en] figure_6.jpg -> classified as: Plots / Charts
[DuQkqSe9en] figure_2.jpg -> classified as: Plots / Charts
[DuQkqSe9en] figure_7.jpg -> classified as: Plots / Charts
[DuQkqSe9en] figure_3.jpg -> classified as: Plots / Charts
[DuQkqSe9en] figure_4.jpg -> classified as: Plots / Charts
[DuQkqSe9en] figure_1.jpg -> classified as: Plots / Charts
[DzGe40glxs] figure_61.jpg -> classified as: Qualitative Examples
[DzGe40glxs] figure_44.jpg -> classified as: Architecture Diagram
[DzGe40glxs] figure_30.jpg -> classified as: Plots / Charts
[DzGe40glxs] figure_43.jpg -> classified as: Plots / Charts
[DzGe40glxs] figure_19.jpg -> classified as: Qualitative Examples
[DzGe40glxs] figure_63.jpg -> classified as: Qualitative Examples
[DzGe40glxs] figure_54.jpg -> classified as: Qualitative Examples
[DzGe40glxs] figure_23.jpg -> classified as: Qualitative Examples
[DzGe40glxs] figure_47.jpg -> classified as: Plots / Charts
[DzGe40glxs] figure_62.jpg -> classified as: Qualitative Examples
[DzGe40glxs] figure_(k)_Intervention.jpg -> classified as: Qualitative Examples
[DzGe40glxs] figure_29.jpg -> classified as: Plots / Charts
[DzGe40glxs] figure_24.jpg -> classified as: Plots / Charts
[DzGe40glxs] figure_(n)_Intervention.jpg -> classified as: Qualitative Examples
[DzGe40glxs] figure_(u)_Plan_with_1.jpg -> classified as: Qualitative Examples
[DzGe40glxs] figure_5.jpg -> classified as: Qualitative Examples
[DzGe40glxs] figure_6.jpg -> classified as: Plots / Charts
[DzGe40glxs] figure_57.jpg -> classified as: Qualitative Examples
[DzGe40glxs] figure_(d)_3x3_Probes,_1.jpg -> classified as: Plots / Charts
[DzGe40glxs] figure_9.jpg -> classified as: Plots / Charts
[DzGe40glxs] figure_42.jpg -> classified as: Plots / Charts
[DzGe40glxs] figure_46.jpg -> classified as: Plots / Charts
[DzGe40glxs] figure_39.jpg -> classified as: Plots / Charts
[DzGe40glxs] figure_(e)_Intervention.jpg -> classified as: Qualitative Examples
[DzGe40glxs] figure_22.jpg -> classified as: Plots / Charts
[DzGe40glxs] figure_28.jpg -> classified as: Plots / Charts
[DzGe40glxs] figure_18.jpg -> classified as: Qualitative Examples
[DzGe40glxs] figure_(p)_Plan_without.jpg -> classified as: Qualitative Examples
[DzGe40glxs] figure_15.jpg -> classified as: Qualitative Examples
[DzGe40glxs] figure_55.jpg -> classified as: Plots / Charts
[DzGe40glxs] figure_2.jpg -> classified as: Qualitative Examples
[DzGe40glxs] figure_38.jpg -> classified as: Plots / Charts
[DzGe40glxs] figure_53.jpg -> classified as: Qualitative Examples
[DzGe40glxs] figure_11.jpg -> classified as: Qualitative Examples
[DzGe40glxs] figure_60.jpg -> classified as: Qualitative Examples
[DzGe40glxs] figure_(b)_Intervention_1.jpg -> classified as: Qualitative Examples
[DzGe40glxs] figure_35.jpg -> classified as: Plots / Charts
[DzGe40glxs] figure_(d)_3x3_Probes,.jpg -> classified as: Plots / Charts
[DzGe40glxs] figure_58.jpg -> classified as: Qualitative Examples
[DzGe40glxs] figure_50.jpg -> classified as: Plots / Charts
[DzGe40glxs] figure_(b)_Intervention.jpg -> classified as: Qualitative Examples
[DzGe40glxs] figure_52.jpg -> classified as: Qualitative Examples
[DzGe40glxs] figure_7.jpg -> classified as: Qualitative Examples
[DzGe40glxs] figure_34.jpg -> classified as: Plots / Charts
[DzGe40glxs] figure_49.jpg -> classified as: Plots / Charts
[DzGe40glxs] figure_(t)_Intervention.jpg -> classified as: Qualitative Examples
[DzGe40glxs] figure_3.jpg -> classified as: Qualitative Examples
[DzGe40glxs] figure_33.jpg -> classified as: Plots / Charts
[DzGe40glxs] figure_4.jpg -> classified as: Plots / Charts
[DzGe40glxs] figure_36.jpg -> classified as: Plots / Charts
[DzGe40glxs] figure_(q)_Intervention.jpg -> classified as: Qualitative Examples
[DzGe40glxs] figure_40.jpg -> classified as: Plots / Charts
[DzGe40glxs] figure_(e)_Intervention_1.jpg -> classified as: Qualitative Examples
[DzGe40glxs] figure_31.jpg -> classified as: Plots / Charts
[DzGe40glxs] figure_45.jpg -> classified as: Plots / Charts
[DzGe40glxs] figure_(e)_After_the.jpg -> classified as: Qualitative Examples
[DzGe40glxs] figure_(u)_Plan_with.jpg -> classified as: Qualitative Examples
[DzGe40glxs] figure_(m)_Plan_without.jpg -> classified as: Qualitative Examples
[DzGe40glxs] figure_41.jpg -> classified as: Plots / Charts
[DzGe40glxs] figure_(q)_Intervention_1.jpg -> classified as: Qualitative Examples
[DzGe40glxs] figure_48.jpg -> classified as: Plots / Charts
[DzGe40glxs] figure_1.jpg -> classified as: Qualitative Examples
[DzGe40glxs] figure_(n)_Intervention_1.jpg -> classified as: Qualitative Examples
[DzGe40glxs] figure_59.jpg -> classified as: Plots / Charts
[DzGe40glxs] figure_(k)_Intervention_1.jpg -> classified as: Qualitative Examples
[DzGe40glxs] figure_37.jpg -> classified as: Plots / Charts
[DzGe40glxs] figure_(t)_Intervention_1.jpg -> classified as: Qualitative Examples
[DzGe40glxs] figure_8.jpg -> classified as: Qualitative Examples
[DzGe40glxs] figure_51.jpg -> classified as: Plots / Charts
[DzGe40glxs] figure_12.jpg -> classified as: Qualitative Examples
[DzGe40glxs] figure_56.jpg -> classified as: Plots / Charts
[DzGe40glxs] figure_32.jpg -> classified as: Qualitative Examples
[DzGe40glxs] figure_10.jpg -> classified as: Qualitative Examples
[Dzh0hQPpuf] figure_5.jpg -> classified as: Qualitative Examples
[Dzh0hQPpuf] figure_6.jpg -> classified as: Plots / Charts
[Dzh0hQPpuf] figure_2.jpg -> classified as: Qualitative Examples
[Dzh0hQPpuf] figure_3.jpg -> classified as: Plots / Charts
[Dzh0hQPpuf] figure_1.jpg -> classified as: Architecture Diagram
[E4Ero36Zr4] figure_5.jpg -> classified as: Other
  -> Skipping second pass (Other)
[E4Ero36Zr4] figure_6.jpg -> classified as: Plots / Charts
[E4Ero36Zr4] figure_2.jpg -> classified as: Plots / Charts
[E4Ero36Zr4] figure_7.jpg -> classified as: Plots / Charts
[E4Ero36Zr4] figure_3.jpg -> classified as: Plots / Charts
[E4Ero36Zr4] figure_4.jpg -> classified as: Plots / Charts
[E4Ero36Zr4] figure_8.jpg -> classified as: Plots / Charts
[EBBeSbmAyh] figure_5.jpg -> classified as: Plots / Charts
[EBBeSbmAyh] figure_6.jpg -> classified as: Plots / Charts
[EBBeSbmAyh] figure_9.jpg -> classified as: Plots / Charts
[EBBeSbmAyh] figure_2.jpg -> classified as: Architecture Diagram
[EBBeSbmAyh] figure_11.jpg -> classified as: Plots / Charts
[EBBeSbmAyh] figure_7.jpg -> classified as: Plots / Charts
[EBBeSbmAyh] figure_3.jpg -> classified as: Plots / Charts
[EBBeSbmAyh] figure_4.jpg -> classified as: Architecture Diagram
[EBBeSbmAyh] figure_1.jpg -> classified as: Architecture Diagram
[EBBeSbmAyh] figure_8.jpg -> classified as: Plots / Charts
[EBBeSbmAyh] figure_10.jpg -> classified as: Plots / Charts
[EG68RSznLT] figure_5.jpg -> classified as: Plots / Charts
[EG68RSznLT] figure_6.jpg -> classified as: Architecture Diagram
[EG68RSznLT] figure_2.jpg -> classified as: Architecture Diagram
[EG68RSznLT] figure_7.jpg -> classified as: Plots / Charts
[EG68RSznLT] figure_3.jpg -> classified as: Plots / Charts
[EG68RSznLT] figure_4.jpg -> classified as: Plots / Charts
[EG68RSznLT] figure_1.jpg -> classified as: Architecture Diagram
[EG68RSznLT] figure_8.jpg -> classified as: Plots / Charts
[EGQBpkIEuu] figure_5.jpg -> classified as: Plots / Charts
[EGQBpkIEuu] figure_6.jpg -> classified as: Plots / Charts
[EGQBpkIEuu] figure_9.jpg -> classified as: Plots / Charts
[EGQBpkIEuu] figure_13.jpg -> classified as: Plots / Charts
[EGQBpkIEuu] figure_2.jpg -> classified as: Plots / Charts
[EGQBpkIEuu] figure_11.jpg -> classified as: Plots / Charts
[EGQBpkIEuu] figure_7.jpg -> classified as: Plots / Charts
[EGQBpkIEuu] figure_3.jpg -> classified as: Plots / Charts
[EGQBpkIEuu] figure_4.jpg -> classified as: Plots / Charts
[EGQBpkIEuu] figure_1.jpg -> classified as: Plots / Charts
[EGQBpkIEuu] figure_8.jpg -> classified as: Plots / Charts
[EGQBpkIEuu] figure_12.jpg -> classified as: Plots / Charts
[EGQBpkIEuu] figure_10.jpg -> classified as: Plots / Charts
[EHmjRIA4l2] figure_S11.jpg -> classified as: Qualitative Examples
[EHmjRIA4l2] figure_5.jpg -> classified as: Plots / Charts
[EHmjRIA4l2] figure_6.jpg -> classified as: Architecture Diagram
[EHmjRIA4l2] figure_9.jpg -> classified as: Plots / Charts
[EHmjRIA4l2] figure_2.jpg -> classified as: Architecture Diagram
[EHmjRIA4l2] figure_7.jpg -> classified as: Plots / Charts
[EHmjRIA4l2] figure_3.jpg -> classified as: Architecture Diagram
[EHmjRIA4l2] figure_4.jpg -> classified as: Plots / Charts
[EHmjRIA4l2] figure_1.jpg -> classified as: Architecture Diagram
[EHmjRIA4l2] figure_8.jpg -> classified as: Plots / Charts
[EHmjRIA4l2] figure_S10.jpg -> classified as: Architecture Diagram
[EODzbQ2Gy4] figure_2.jpg -> classified as: Qualitative Examples
[EODzbQ2Gy4] figure_3.jpg -> classified as: Plots / Charts
[EODzbQ2Gy4] figure_1.jpg -> classified as: Architecture Diagram
[ERv8ptegFi] figure_5.jpg -> classified as: Plots / Charts
[ERv8ptegFi] figure_6.jpg -> classified as: Plots / Charts
[ERv8ptegFi] figure_2.jpg -> classified as: Qualitative Examples
[ERv8ptegFi] figure_7.jpg -> classified as: Qualitative Examples
[ERv8ptegFi] figure_3.jpg -> classified as: Plots / Charts
[ERv8ptegFi] figure_4.jpg -> classified as: Plots / Charts
[ERv8ptegFi] figure_1.jpg -> classified as: Qualitative Examples
[ERv8ptegFi] figure_8.jpg -> classified as: Plots / Charts
[EW6bNEqalF] figure_5.jpg -> classified as: Other
  -> Skipping second pass (Other)
[EW6bNEqalF] figure_6.jpg -> classified as: Architecture Diagram
[EW6bNEqalF] figure_2.jpg -> classified as: Plots / Charts
[EW6bNEqalF] figure_3.jpg -> classified as: Architecture Diagram
[EW6bNEqalF] figure_4.jpg -> classified as: Architecture Diagram
[EW6bNEqalF] figure_1.jpg -> classified as: Architecture Diagram
[EWNH3QTSxd] figure_30.jpg -> classified as: Plots / Charts
[EWNH3QTSxd] figure_19.jpg -> classified as: Plots / Charts
[EWNH3QTSxd] figure_23.jpg -> classified as: Plots / Charts
[EWNH3QTSxd] figure_29.jpg -> classified as: Plots / Charts
[EWNH3QTSxd] figure_24.jpg -> classified as: Plots / Charts
[EWNH3QTSxd] figure_5.jpg -> classified as: Plots / Charts
[EWNH3QTSxd] figure_6.jpg -> classified as: Plots / Charts
[EWNH3QTSxd] figure_9.jpg -> classified as: Architecture Diagram
[EWNH3QTSxd] figure_28.jpg -> classified as: Plots / Charts
[EWNH3QTSxd] figure_18.jpg -> classified as: Plots / Charts
[EWNH3QTSxd] figure_13.jpg -> classified as: Plots / Charts
[EWNH3QTSxd] figure_15.jpg -> classified as: Plots / Charts
[EWNH3QTSxd] figure_2.jpg -> classified as: Architecture Diagram
[EWNH3QTSxd] figure_20.jpg -> classified as: Plots / Charts
[EWNH3QTSxd] figure_11.jpg -> classified as: Plots / Charts
[EWNH3QTSxd] figure_35.jpg -> classified as: Plots / Charts
[EWNH3QTSxd] figure_7.jpg -> classified as: Plots / Charts
[EWNH3QTSxd] figure_34.jpg -> classified as: Plots / Charts
[EWNH3QTSxd] figure_3.jpg -> classified as: Plots / Charts
[EWNH3QTSxd] figure_33.jpg -> classified as: Plots / Charts
[EWNH3QTSxd] figure_4.jpg -> classified as: Plots / Charts
[EWNH3QTSxd] figure_31.jpg -> classified as: Plots / Charts
[EWNH3QTSxd] figure_17.jpg -> classified as: Plots / Charts
[EWNH3QTSxd] figure_1.jpg -> classified as: Architecture Diagram
[EWNH3QTSxd] figure_27.jpg -> classified as: Plots / Charts
[EWNH3QTSxd] figure_8.jpg -> classified as: Plots / Charts
[EWNH3QTSxd] figure_12.jpg -> classified as: Plots / Charts
[EWNH3QTSxd] figure_25.jpg -> classified as: Plots / Charts
[EWNH3QTSxd] figure_21.jpg -> classified as: Plots / Charts
[EWNH3QTSxd] figure_26.jpg -> classified as: Plots / Charts
[EWNH3QTSxd] figure_14.jpg -> classified as: Plots / Charts
[EWNH3QTSxd] figure_32.jpg -> classified as: Plots / Charts
[EWNH3QTSxd] figure_16.jpg -> classified as: Plots / Charts
[EWNH3QTSxd] figure_10.jpg -> classified as: Plots / Charts
[EbCUbPZjM1] figure_5.jpg -> classified as: Plots / Charts
[EbCUbPZjM1] figure_2.jpg -> classified as: Qualitative Examples
[EbCUbPZjM1] figure_7.jpg -> classified as: Plots / Charts
[EbCUbPZjM1] figure_3.jpg -> classified as: Qualitative Examples
[EbCUbPZjM1] figure_4.jpg -> classified as: Qualitative Examples
[EbCUbPZjM1] figure_1.jpg -> classified as: Architecture Diagram
[EdKSI2ijUY] figure_2.jpg -> classified as: Plots / Charts
[EdKSI2ijUY] figure_3.jpg -> classified as: Architecture Diagram
[EdKSI2ijUY] figure_1.jpg -> classified as: Architecture Diagram
[EnXJfQqy0K] figure_5.jpg -> classified as: Qualitative Examples
[EnXJfQqy0K] figure_6.jpg -> classified as: Qualitative Examples
[EnXJfQqy0K] figure_9.jpg -> classified as: Qualitative Examples
[EnXJfQqy0K] figure_2.jpg -> classified as: Architecture Diagram
[EnXJfQqy0K] figure_7.jpg -> classified as: Architecture Diagram
[EnXJfQqy0K] figure_3.jpg -> classified as: Qualitative Examples
[EnXJfQqy0K] figure_4.jpg -> classified as: Plots / Charts
[EnXJfQqy0K] figure_1.jpg -> classified as: Qualitative Examples
[EnXJfQqy0K] figure_8.jpg -> classified as: Architecture Diagram
[EnXJfQqy0K] figure_10.jpg -> classified as: Qualitative Examples
[EpVe8jAjdx] figure_6.jpg -> classified as: Plots / Charts
[EpVe8jAjdx] figure_9.jpg -> classified as: Plots / Charts
[EpVe8jAjdx] figure_13.jpg -> classified as: Plots / Charts
[EpVe8jAjdx] figure_15.jpg -> classified as: Plots / Charts
[EpVe8jAjdx] figure_2.jpg -> classified as: Qualitative Examples
[EpVe8jAjdx] figure_7.jpg -> classified as: Plots / Charts
[EpVe8jAjdx] figure_3.jpg -> classified as: Architecture Diagram
[EpVe8jAjdx] figure_4.jpg -> classified as: Architecture Diagram
[EpVe8jAjdx] figure_1.jpg -> classified as: Architecture Diagram
[EpVe8jAjdx] figure_8.jpg -> classified as: Plots / Charts
[EpVe8jAjdx] figure_12.jpg -> classified as: Plots / Charts
[EpVe8jAjdx] figure_14.jpg -> classified as: Plots / Charts
[EpVe8jAjdx] figure_10.jpg -> classified as: Architecture Diagram
[EpmbH6DpJI] figure_2.jpg -> classified as: Plots / Charts
[EpmbH6DpJI] figure_3.jpg -> classified as: Plots / Charts
[EpmbH6DpJI] figure_4.jpg -> classified as: Plots / Charts
[EpmbH6DpJI] figure_1.jpg -> classified as: Plots / Charts
[EpnZEzYDUT] figure_5.jpg -> classified as: Plots / Charts
[EpnZEzYDUT] figure_6.jpg -> classified as: Plots / Charts
[EpnZEzYDUT] figure_2.jpg -> classified as: Architecture Diagram
[EpnZEzYDUT] figure_7.jpg -> classified as: Qualitative Examples
[EpnZEzYDUT] figure_3.jpg -> classified as: Plots / Charts
[EpnZEzYDUT] figure_4.jpg -> classified as: Plots / Charts
[EpnZEzYDUT] figure_1.jpg -> classified as: Architecture Diagram
[Eqps25f8HU] figure_2.jpg -> classified as: Plots / Charts
[Eqps25f8HU] figure_3.jpg -> classified as: Plots / Charts
[Eqps25f8HU] figure_4.jpg -> classified as: Plots / Charts
[Eqps25f8HU] figure_1.jpg -> classified as: Plots / Charts
[EsjoMaNeVo] figure_2.jpg -> classified as: Architecture Diagram
[EsjoMaNeVo] figure_3.jpg -> classified as: Plots / Charts
[EsjoMaNeVo] figure_1.jpg -> classified as: Plots / Charts
[Ey8KcabBpB] figure_5.jpg -> classified as: Plots / Charts
[Ey8KcabBpB] figure_6.jpg -> classified as: Architecture Diagram
[Ey8KcabBpB] figure_2.jpg -> classified as: Architecture Diagram
[Ey8KcabBpB] figure_7.jpg -> classified as: Architecture Diagram
[Ey8KcabBpB] figure_3.jpg -> classified as: Architecture Diagram
[Ey8KcabBpB] figure_4.jpg -> classified as: Qualitative Examples
[Ey8KcabBpB] figure_1.jpg -> classified as: Architecture Diagram
[Ey8KcabBpB] figure_8.jpg -> classified as: Plots / Charts
[F07ic7huE3] figure_5.jpg -> classified as: Plots / Charts
[F07ic7huE3] figure_6.jpg -> classified as: Plots / Charts
[F07ic7huE3] figure_2.jpg -> classified as: Architecture Diagram
[F07ic7huE3] figure_7.jpg -> classified as: Plots / Charts
[F07ic7huE3] figure_3.jpg -> classified as: Plots / Charts
[F07ic7huE3] figure_4.jpg -> classified as: Plots / Charts
[F07ic7huE3] figure_1.jpg -> classified as: Plots / Charts
[F07ic7huE3] figure_8.jpg -> classified as: Plots / Charts
[F0jBJQEfDp] figure_5.jpg -> classified as: Qualitative Examples
[F0jBJQEfDp] figure_6.jpg -> classified as: Qualitative Examples
[F0jBJQEfDp] figure_2.jpg -> classified as: Plots / Charts
[F0jBJQEfDp] figure_3.jpg -> classified as: Plots / Charts
[F0jBJQEfDp] figure_4.jpg -> classified as: Qualitative Examples
[F0jBJQEfDp] figure_1.jpg -> classified as: Architecture Diagram
[F0q880yOgY] figure_5.jpg -> classified as: Plots / Charts
[F0q880yOgY] figure_6.jpg -> classified as: Plots / Charts
[F0q880yOgY] figure_9.jpg -> classified as: Plots / Charts
[F0q880yOgY] figure_2.jpg -> classified as: Architecture Diagram
[F0q880yOgY] figure_7.jpg -> classified as: Other
  -> Skipping second pass (Other)
[F0q880yOgY] figure_3.jpg -> classified as: Plots / Charts
[F0q880yOgY] figure_4.jpg -> classified as: Plots / Charts
[F0q880yOgY] figure_1.jpg -> classified as: Architecture Diagram
[F0q880yOgY] figure_8.jpg -> classified as: Plots / Charts
[F0q880yOgY] figure_10.jpg -> classified as: Plots / Charts
[F1TKzG8LJO] figure_5.jpg -> classified as: Qualitative Examples
[F1TKzG8LJO] figure_6.jpg -> classified as: Qualitative Examples
[F1TKzG8LJO] figure_9.jpg -> classified as: Plots / Charts
[F1TKzG8LJO] figure_18.jpg -> classified as: Qualitative Examples
[F1TKzG8LJO] figure_13.jpg -> classified as: Qualitative Examples
[F1TKzG8LJO] figure_15.jpg -> classified as: Qualitative Examples
[F1TKzG8LJO] figure_2.jpg -> classified as: Qualitative Examples
[F1TKzG8LJO] figure_20.jpg -> classified as: Qualitative Examples
[F1TKzG8LJO] figure_11.jpg -> classified as: Plots / Charts
[F1TKzG8LJO] figure_7.jpg -> classified as: Qualitative Examples
[F1TKzG8LJO] figure_(b)_The_objective.jpg -> classified as: Qualitative Examples
[F1TKzG8LJO] figure_3.jpg -> classified as: Qualitative Examples
[F1TKzG8LJO] figure_4.jpg -> classified as: Plots / Charts
[F1TKzG8LJO] figure_17.jpg -> classified as: Qualitative Examples
[F1TKzG8LJO] figure_1.jpg -> classified as: Architecture Diagram
[F1TKzG8LJO] figure_8.jpg -> classified as: Other
  -> Skipping second pass (Other)
[F1TKzG8LJO] figure_12.jpg -> classified as: Qualitative Examples
[F1TKzG8LJO] figure_21.jpg -> classified as: Qualitative Examples
[F1TKzG8LJO] figure_14.jpg -> classified as: Qualitative Examples
[F1TKzG8LJO] figure_16.jpg -> classified as: Qualitative Examples
[F1TKzG8LJO] figure_10.jpg -> classified as: Plots / Charts
[F4IMiNhim1] figure_5.jpg -> classified as: Plots / Charts
[F4IMiNhim1] figure_6.jpg -> classified as: Plots / Charts
[F4IMiNhim1] figure_9.jpg -> classified as: Plots / Charts
[F4IMiNhim1] figure_2.jpg -> classified as: Architecture Diagram
[F4IMiNhim1] figure_7.jpg -> classified as: Plots / Charts
[F4IMiNhim1] figure_3.jpg -> classified as: Architecture Diagram
[F4IMiNhim1] figure_4.jpg -> classified as: Plots / Charts
[F4IMiNhim1] figure_1.jpg -> classified as: Architecture Diagram
[F4IMiNhim1] figure_8.jpg -> classified as: Plots / Charts
[F5dhGCdyYh] figure_5.jpg -> classified as: Plots / Charts
[F5dhGCdyYh] figure_6.jpg -> classified as: Qualitative Examples
[F5dhGCdyYh] figure_2.jpg -> classified as: Architecture Diagram
[F5dhGCdyYh] figure_7.jpg -> classified as: Plots / Charts
[F5dhGCdyYh] figure_3.jpg -> classified as: Plots / Charts
[F5dhGCdyYh] figure_4.jpg -> classified as: Plots / Charts
[F5dhGCdyYh] figure_1.jpg -> classified as: Plots / Charts
[F5dhGCdyYh] figure_8.jpg -> classified as: Plots / Charts
[FDQF6A1s6M] figure_5.jpg -> classified as: Plots / Charts
[FDQF6A1s6M] figure_6.jpg -> classified as: Plots / Charts
[FDQF6A1s6M] figure_2.jpg -> classified as: Plots / Charts
[FDQF6A1s6M] figure_3.jpg -> classified as: Plots / Charts
[FDQF6A1s6M] figure_4.jpg -> classified as: Plots / Charts
[FDQF6A1s6M] figure_1.jpg -> classified as: Plots / Charts
[FDmKe5EBuy] figure_5.jpg -> classified as: Plots / Charts
[FDmKe5EBuy] figure_6.jpg -> classified as: Plots / Charts
[FDmKe5EBuy] figure_2.jpg -> classified as: Other
  -> Skipping second pass (Other)
[FDmKe5EBuy] figure_7.jpg -> classified as: Plots / Charts
[FDmKe5EBuy] figure_3.jpg -> classified as: Other
  -> Skipping second pass (Other)
[FDmKe5EBuy] figure_4.jpg -> classified as: Plots / Charts
[FDmKe5EBuy] figure_1.jpg -> classified as: Architecture Diagram
[FH7lfTfjcm] figure_2.jpg -> classified as: Architecture Diagram
[FH7lfTfjcm] figure_1.jpg -> classified as: Architecture Diagram
[FLOaCQfZe9] figure_5.jpg -> classified as: Plots / Charts
[FLOaCQfZe9] figure_6.jpg -> classified as: Plots / Charts
[FLOaCQfZe9] figure_9.jpg -> classified as: Qualitative Examples
[FLOaCQfZe9] figure_13.jpg -> classified as: Qualitative Examples
[FLOaCQfZe9] figure_15.jpg -> classified as: Plots / Charts
[FLOaCQfZe9] figure_2.jpg -> classified as: Architecture Diagram
[FLOaCQfZe9] figure_11.jpg -> classified as: Architecture Diagram
[FLOaCQfZe9] figure_7.jpg -> classified as: Plots / Charts
[FLOaCQfZe9] figure_3.jpg -> classified as: Architecture Diagram
[FLOaCQfZe9] figure_4.jpg -> classified as: Plots / Charts
[FLOaCQfZe9] figure_1.jpg -> classified as: Architecture Diagram
[FLOaCQfZe9] figure_8.jpg -> classified as: Architecture Diagram
[FLOaCQfZe9] figure_12.jpg -> classified as: Qualitative Examples
[FLOaCQfZe9] figure_14.jpg -> classified as: Plots / Charts
[FLOaCQfZe9] figure_16.jpg -> classified as: Architecture Diagram
[FLOaCQfZe9] figure_10.jpg -> classified as: Architecture Diagram
[FLR7ElwD51] figure_5.jpg -> classified as: Architecture Diagram
[FLR7ElwD51] figure_6.jpg -> classified as: Architecture Diagram
[FLR7ElwD51] figure_2.jpg -> classified as: Architecture Diagram
[FLR7ElwD51] figure_7.jpg -> classified as: Plots / Charts
[FLR7ElwD51] figure_3.jpg -> classified as: Architecture Diagram
[FLR7ElwD51] figure_4.jpg -> classified as: Plots / Charts
[FLR7ElwD51] figure_1.jpg -> classified as: Architecture Diagram
[FLR7ElwD51] figure_8.jpg -> classified as: Plots / Charts
[FMsmo01TaI] figure_5.jpg -> classified as: Plots / Charts
[FMsmo01TaI] figure_6.jpg -> classified as: Plots / Charts
[FMsmo01TaI] figure_13.jpg -> classified as: Qualitative Examples
[FMsmo01TaI] figure_15.jpg -> classified as: Plots / Charts
[FMsmo01TaI] figure_2.jpg -> classified as: Qualitative Examples
[FMsmo01TaI] figure_11.jpg -> classified as: Plots / Charts
[FMsmo01TaI] figure_7.jpg -> classified as: Plots / Charts
[FMsmo01TaI] figure_3.jpg -> classified as: Qualitative Examples
[FMsmo01TaI] figure_4.jpg -> classified as: Qualitative Examples
[FMsmo01TaI] figure_1.jpg -> classified as: Architecture Diagram
[FMsmo01TaI] figure_8.jpg -> classified as: Qualitative Examples
[FMsmo01TaI] figure_12.jpg -> classified as: Plots / Charts
[FMsmo01TaI] figure_14.jpg -> classified as: Qualitative Examples
[FMsmo01TaI] figure_10.jpg -> classified as: Plots / Charts
[FNiqaC382D] figure_2.jpg -> classified as: Plots / Charts
[FNiqaC382D] figure_3.jpg -> classified as: Plots / Charts
[FNiqaC382D] figure_4.jpg -> classified as: Architecture Diagram
[FNiqaC382D] figure_1.jpg -> classified as: Architecture Diagram
[FRCHDhbxZF] figure_5.jpg -> classified as: Qualitative Examples
[FRCHDhbxZF] figure_3.jpg -> classified as: Architecture Diagram
[FRCHDhbxZF] figure_4.jpg -> classified as: Plots / Charts
[FRCHDhbxZF] figure_1.jpg -> classified as: Plots / Charts
[FXJm5r17Q7] figure_5.jpg -> classified as: Plots / Charts
[FXJm5r17Q7] figure_6.jpg -> classified as: Plots / Charts
[FXJm5r17Q7] figure_9.jpg -> classified as: Plots / Charts
[FXJm5r17Q7] figure_2.jpg -> classified as: Architecture Diagram
[FXJm5r17Q7] figure_7.jpg -> classified as: Plots / Charts
[FXJm5r17Q7] figure_3.jpg -> classified as: Plots / Charts
[FXJm5r17Q7] figure_4.jpg -> classified as: Plots / Charts
[FXJm5r17Q7] figure_1.jpg -> classified as: Architecture Diagram
[FXJm5r17Q7] figure_8.jpg -> classified as: Plots / Charts
[FaOeBrlPst] figure_2.jpg -> classified as: Plots / Charts
[FaOeBrlPst] figure_3.jpg -> classified as: Plots / Charts
[FaOeBrlPst] figure_1.jpg -> classified as: Architecture Diagram
Shard 0 complete.
Task 0 finished
