Starting Task ID: 2
Initializing Qwen Client with model: qwen3-vl-8b-instruct
Using Data Root: /ceph/hpc/home/euweihez/topcon/d2025d08-005-users/data_src/balanced/balanced_cv/cv/balanced_cv
--- SHARD INFO ---
Job ID: 2 / 4
Processing indices: 1620 to 2430 (Total: 810 papers)
Outputting to: /ceph/hpc/home/euweihez/topcon/d2025d08-005-users/img_description/cv/image_descriptions_2.json
------------------
[UsgFE3cxuP] figure_5.jpg -> classified as: Qualitative Examples
[UsgFE3cxuP] figure_6.jpg -> classified as: Plots / Charts
[UsgFE3cxuP] figure_2.jpg -> classified as: Architecture Diagram
[UsgFE3cxuP] figure_7.jpg -> classified as: Qualitative Examples
[UsgFE3cxuP] figure_3.jpg -> classified as: Architecture Diagram
[UsgFE3cxuP] figure_4.jpg -> classified as: Plots / Charts
[UsgFE3cxuP] figure_1.jpg -> classified as: Plots / Charts
[UsgFE3cxuP] figure_8.jpg -> classified as: Qualitative Examples
[Usklli4gMc] figure_5.jpg -> classified as: Plots / Charts
[Usklli4gMc] figure_6.jpg -> classified as: Qualitative Examples
[Usklli4gMc] figure_2.jpg -> classified as: Plots / Charts
[Usklli4gMc] figure_7.jpg -> classified as: Qualitative Examples
[Usklli4gMc] figure_3.jpg -> classified as: Qualitative Examples
[Usklli4gMc] figure_4.jpg -> classified as: Qualitative Examples
[Usklli4gMc] figure_1.jpg -> classified as: Qualitative Examples
[UulwvAU1W0] figure_5.jpg -> classified as: Plots / Charts
[UulwvAU1W0] figure_2.jpg -> classified as: Architecture Diagram
[UulwvAU1W0] figure_3.jpg -> classified as: Qualitative Examples
[UulwvAU1W0] figure_4.jpg -> classified as: Qualitative Examples
[UulwvAU1W0] figure_1.jpg -> classified as: Plots / Charts
[UwbX8KOZgK] figure_5.jpg -> classified as: Plots / Charts
[UwbX8KOZgK] figure_6.jpg -> classified as: Plots / Charts
[UwbX8KOZgK] figure_9.jpg -> classified as: Plots / Charts
[UwbX8KOZgK] figure_2.jpg -> classified as: Architecture Diagram
[UwbX8KOZgK] figure_7.jpg -> classified as: Other
  -> Skipping second pass (Other)
[UwbX8KOZgK] figure_3.jpg -> classified as: Plots / Charts
[UwbX8KOZgK] figure_10.jpg -> classified as: Qualitative Examples
[UxzKcIZedp] figure_5.jpg -> classified as: Plots / Charts
[UxzKcIZedp] figure_6.jpg -> classified as: Plots / Charts
[UxzKcIZedp] figure_2.jpg -> classified as: Architecture Diagram
[UxzKcIZedp] figure_7.jpg -> classified as: Plots / Charts
[UxzKcIZedp] figure_3.jpg -> classified as: Plots / Charts
[UxzKcIZedp] figure_4.jpg -> classified as: Qualitative Examples
[UxzKcIZedp] figure_1.jpg -> classified as: Qualitative Examples
[UxzKcIZedp] figure_(d)_The_first.jpg -> classified as: Qualitative Examples
[UyNXMqnN3c] figure_5.jpg -> classified as: Qualitative Examples
[UyNXMqnN3c] figure_6.jpg -> classified as: Qualitative Examples
[UyNXMqnN3c] figure_9.jpg -> classified as: Qualitative Examples
[UyNXMqnN3c] figure_13.jpg -> classified as: Qualitative Examples
[UyNXMqnN3c] figure_2.jpg -> classified as: Architecture Diagram
[UyNXMqnN3c] figure_11.jpg -> classified as: Qualitative Examples
[UyNXMqnN3c] figure_7.jpg -> classified as: Qualitative Examples
[UyNXMqnN3c] figure_3.jpg -> classified as: Qualitative Examples
[UyNXMqnN3c] figure_4.jpg -> classified as: Qualitative Examples
[UyNXMqnN3c] figure_1.jpg -> classified as: Qualitative Examples
[UyNXMqnN3c] figure_8.jpg -> classified as: Qualitative Examples
[UyNXMqnN3c] figure_12.jpg -> classified as: Qualitative Examples
[UyNXMqnN3c] figure_14.jpg -> classified as: Qualitative Examples
[UyNXMqnN3c] figure_10.jpg -> classified as: Qualitative Examples
[V3zobHnS61] figure_19.jpg -> classified as: Plots / Charts
[V3zobHnS61] figure_5.jpg -> classified as: Qualitative Examples
[V3zobHnS61] figure_9.jpg -> classified as: Plots / Charts
[V3zobHnS61] figure_13.jpg -> classified as: Plots / Charts
[V3zobHnS61] figure_15.jpg -> classified as: Plots / Charts
[V3zobHnS61] figure_2.jpg -> classified as: Architecture Diagram
[V3zobHnS61] figure_20.jpg -> classified as: Plots / Charts
[V3zobHnS61] figure_11.jpg -> classified as: Plots / Charts
[V3zobHnS61] figure_(a)_Augmentation_size..jpg -> classified as: Plots / Charts
[V3zobHnS61] figure_7.jpg -> classified as: Qualitative Examples
[V3zobHnS61] figure_3.jpg -> classified as: Architecture Diagram
[V3zobHnS61] figure_4.jpg -> classified as: Plots / Charts
[V3zobHnS61] figure_17.jpg -> classified as: Plots / Charts
[V3zobHnS61] figure_1.jpg -> classified as: Architecture Diagram
[V3zobHnS61] figure_8.jpg -> classified as: Plots / Charts
[V3zobHnS61] figure_(a)_Augmentation_size._2.jpg -> classified as: Plots / Charts
[V3zobHnS61] figure_(a)_Augmentation_size._1.jpg -> classified as: Plots / Charts
[V3zobHnS61] figure_14.jpg -> classified as: Plots / Charts
[V3zobHnS61] figure_16.jpg -> classified as: Plots / Charts
[V3zobHnS61] figure_10.jpg -> classified as: Plots / Charts
[V5Y7HdPXEA] figure_2.jpg -> classified as: Qualitative Examples
[V5Y7HdPXEA] figure_4.jpg -> classified as: Plots / Charts
[V5Y7HdPXEA] figure_1.jpg -> classified as: Architecture Diagram
[V5am4S9eUd] figure_2.jpg -> classified as: Plots / Charts
[V5am4S9eUd] figure_1.jpg -> classified as: Plots / Charts
[V6AI97jJ3J] figure_5.jpg -> classified as: Qualitative Examples
[V6AI97jJ3J] figure_2.jpg -> classified as: Qualitative Examples
[V6AI97jJ3J] figure_3.jpg -> classified as: Architecture Diagram
[V6AI97jJ3J] figure_4.jpg -> classified as: Qualitative Examples
[V6AI97jJ3J] figure_1.jpg -> classified as: Plots / Charts
[V8FZXjRWX1] figure_5.jpg -> classified as: Qualitative Examples
[V8FZXjRWX1] figure_6.jpg -> classified as: Other
  -> Skipping second pass (Other)
[V8FZXjRWX1] figure_9.jpg -> classified as: Qualitative Examples
[V8FZXjRWX1] figure_2.jpg -> classified as: Architecture Diagram
[V8FZXjRWX1] figure_11.jpg -> classified as: Qualitative Examples
[V8FZXjRWX1] figure_7.jpg -> classified as: Qualitative Examples
[V8FZXjRWX1] figure_3.jpg -> classified as: Qualitative Examples
[V8FZXjRWX1] figure_4.jpg -> classified as: Qualitative Examples
[V8FZXjRWX1] figure_1.jpg -> classified as: Qualitative Examples
[V8FZXjRWX1] figure_8.jpg -> classified as: Qualitative Examples
[V8FZXjRWX1] figure_12.jpg -> classified as: Qualitative Examples
[V8FZXjRWX1] figure_10.jpg -> classified as: Qualitative Examples
[V8PhVhb4pp] figure_5.jpg -> classified as: Qualitative Examples
[V8PhVhb4pp] figure_6.jpg -> classified as: Qualitative Examples
[V8PhVhb4pp] figure_2.jpg -> classified as: Qualitative Examples
[V8PhVhb4pp] figure_3.jpg -> classified as: Architecture Diagram
[V8PhVhb4pp] figure_4.jpg -> classified as: Qualitative Examples
[V8PhVhb4pp] figure_1.jpg -> classified as: Qualitative Examples
[V8aD5pUcVX] figure_2.jpg -> classified as: Architecture Diagram
[V8aD5pUcVX] figure_3.jpg -> classified as: Qualitative Examples
[V8aD5pUcVX] figure_4.jpg -> classified as: Qualitative Examples
[V8aD5pUcVX] figure_1.jpg -> classified as: Qualitative Examples
[V9C0cuEWbR] figure_5.jpg -> classified as: Qualitative Examples
[V9C0cuEWbR] figure_6.jpg -> classified as: Plots / Charts
[V9C0cuEWbR] figure_2.jpg -> classified as: Qualitative Examples
[V9C0cuEWbR] figure_7.jpg -> classified as: Plots / Charts
[V9C0cuEWbR] figure_3.jpg -> classified as: Plots / Charts
[V9C0cuEWbR] figure_4.jpg -> classified as: Architecture Diagram
[V9C0cuEWbR] figure_1.jpg -> classified as: Plots / Charts
[V9C0cuEWbR] figure_8.jpg -> classified as: Plots / Charts
[V9UsZBbTvZ] figure_5.jpg -> classified as: Qualitative Examples
[V9UsZBbTvZ] figure_6.jpg -> classified as: Qualitative Examples
[V9UsZBbTvZ] figure_2.jpg -> classified as: Architecture Diagram
[V9UsZBbTvZ] figure_7.jpg -> classified as: Qualitative Examples
[V9UsZBbTvZ] figure_3.jpg -> classified as: Qualitative Examples
[V9UsZBbTvZ] figure_4.jpg -> classified as: Qualitative Examples
[V9UsZBbTvZ] figure_1.jpg -> classified as: Architecture Diagram
[VAvZ4oinpa] figure_5.jpg -> classified as: Plots / Charts
[VAvZ4oinpa] figure_6.jpg -> classified as: Qualitative Examples
[VAvZ4oinpa] figure_2.jpg -> classified as: Architecture Diagram
[VAvZ4oinpa] figure_Figure_$4_;.jpg -> classified as: Plots / Charts
[VAvZ4oinpa] figure_7.jpg -> classified as: Plots / Charts
[VAvZ4oinpa] figure_3.jpg -> classified as: Plots / Charts
[VAvZ4oinpa] figure_1.jpg -> classified as: Architecture Diagram
[VAvZ4oinpa] figure_8.jpg -> classified as: Qualitative Examples
[VGURexnlUL] figure_5.jpg -> classified as: Qualitative Examples
[VGURexnlUL] figure_6.jpg -> classified as: Qualitative Examples
[VGURexnlUL] figure_2.jpg -> classified as: Qualitative Examples
[VGURexnlUL] figure_3.jpg -> classified as: Plots / Charts
[VGURexnlUL] figure_4.jpg -> classified as: Plots / Charts
[VGURexnlUL] figure_1.jpg -> classified as: Architecture Diagram
[VHGZjZmzsO] figure_5.jpg -> classified as: Plots / Charts
[VHGZjZmzsO] figure_6.jpg -> classified as: Plots / Charts
[VHGZjZmzsO] figure_9.jpg -> classified as: Plots / Charts
[VHGZjZmzsO] figure_2.jpg -> classified as: Architecture Diagram
[VHGZjZmzsO] figure_7.jpg -> classified as: Plots / Charts
[VHGZjZmzsO] figure_3.jpg -> classified as: Plots / Charts
[VHGZjZmzsO] figure_4.jpg -> classified as: Plots / Charts
[VHGZjZmzsO] figure_1.jpg -> classified as: Architecture Diagram
[VHGZjZmzsO] figure_8.jpg -> classified as: Plots / Charts
[VHGZjZmzsO] figure_10.jpg -> classified as: Plots / Charts
[VOAMTA8jKu] figure_Variant_2_1.jpg -> classified as: Other
  -> Skipping second pass (Other)
[VOAMTA8jKu] figure_9ft.jpg -> classified as: Other
  -> Skipping second pass (Other)
[VOAMTA8jKu] figure_5.jpg -> classified as: Plots / Charts
[VOAMTA8jKu] figure_6.jpg -> classified as: Plots / Charts
[VOAMTA8jKu] figure_Variant_1_1.jpg -> classified as: Plots / Charts
[VOAMTA8jKu] figure_Variant_1_4.jpg -> classified as: Other
  -> Skipping second pass (Other)
[VOAMTA8jKu] figure_Variant_1_2.jpg -> classified as: Architecture Diagram
[VOAMTA8jKu] figure_13.jpg -> classified as: Plots / Charts
[VOAMTA8jKu] figure_15.jpg -> classified as: Plots / Charts
[VOAMTA8jKu] figure_Variant_3_3.jpg -> classified as: Other
  -> Skipping second pass (Other)
[VOAMTA8jKu] figure_Variant_2_Variant_1.jpg -> classified as: Plots / Charts
[VOAMTA8jKu] figure_2.jpg -> classified as: Qualitative Examples
[VOAMTA8jKu] figure_Variant_1.jpg -> classified as: Other
  -> Skipping second pass (Other)
[VOAMTA8jKu] figure_Variant_2_3.jpg -> classified as: Other
  -> Skipping second pass (Other)
[VOAMTA8jKu] figure_Variant_3.jpg -> classified as: Other
  -> Skipping second pass (Other)
[VOAMTA8jKu] figure_11.jpg -> classified as: Plots / Charts
[VOAMTA8jKu] figure_Variant_2_2.jpg -> classified as: Architecture Diagram
[VOAMTA8jKu] figure_7.jpg -> classified as: Qualitative Examples
[VOAMTA8jKu] figure_3.jpg -> classified as: Plots / Charts
[VOAMTA8jKu] figure_4.jpg -> classified as: Plots / Charts
[VOAMTA8jKu] figure_Variant_1_Variant.jpg -> classified as: Qualitative Examples
[VOAMTA8jKu] figure_Variant_2.jpg -> classified as: Other
  -> Skipping second pass (Other)
[VOAMTA8jKu] figure_1.jpg -> classified as: Qualitative Examples
[VOAMTA8jKu] figure_Variant_3_2.jpg -> classified as: Architecture Diagram
[VOAMTA8jKu] figure_Variant_3_1.jpg -> classified as: Other
  -> Skipping second pass (Other)
[VOAMTA8jKu] figure_8.jpg -> classified as: Qualitative Examples
[VOAMTA8jKu] figure_12.jpg -> classified as: Plots / Charts
[VOAMTA8jKu] figure_Claude-3.5_Answer__To.jpg -> classified as: Other
  -> Skipping second pass (Other)
[VOAMTA8jKu] figure_Variant_2_Variant.jpg -> classified as: Plots / Charts
[VOAMTA8jKu] figure_14.jpg -> classified as: Plots / Charts
[VOAMTA8jKu] figure_16.jpg -> classified as: Plots / Charts
[VOAMTA8jKu] figure_10.jpg -> classified as: Qualitative Examples
[VOAMTA8jKu] figure_Variant_1_3.jpg -> classified as: Architecture Diagram
[VR9RS7tZGG] figure_(a)_An_example.jpg -> classified as: Qualitative Examples
[VR9RS7tZGG] figure_5.jpg -> classified as: Qualitative Examples
[VR9RS7tZGG] figure_6.jpg -> classified as: Plots / Charts
[VR9RS7tZGG] figure_9.jpg -> classified as: Qualitative Examples
[VR9RS7tZGG] figure_2.jpg -> classified as: Architecture Diagram
[VR9RS7tZGG] figure_11.jpg -> classified as: Qualitative Examples
[VR9RS7tZGG] figure_7.jpg -> classified as: Architecture Diagram
[VR9RS7tZGG] figure_3.jpg -> classified as: Architecture Diagram
[VR9RS7tZGG] figure_4.jpg -> classified as: Qualitative Examples
[VR9RS7tZGG] figure_1.jpg -> classified as: Qualitative Examples
[VR9RS7tZGG] figure_8.jpg -> classified as: Other
  -> Skipping second pass (Other)
[VR9RS7tZGG] figure_12.jpg -> classified as: Qualitative Examples
[VR9RS7tZGG] figure_10.jpg -> classified as: Qualitative Examples
[VRlihVklCL] figure_5.jpg -> classified as: Plots / Charts
[VRlihVklCL] figure_6.jpg -> classified as: Plots / Charts
[VRlihVklCL] figure_2.jpg -> classified as: Architecture Diagram
[VRlihVklCL] figure_7.jpg -> classified as: Architecture Diagram
[VRlihVklCL] figure_3.jpg -> classified as: Plots / Charts
[VRlihVklCL] figure_4.jpg -> classified as: Plots / Charts
[VRlihVklCL] figure_1.jpg -> classified as: Architecture Diagram
[VSHuwBUlYr] figure_5.jpg -> classified as: Plots / Charts
[VSHuwBUlYr] figure_6.jpg -> classified as: Qualitative Examples
[VSHuwBUlYr] figure_9.jpg -> classified as: Qualitative Examples
[VSHuwBUlYr] figure_13.jpg -> classified as: Qualitative Examples
[VSHuwBUlYr] figure_15.jpg -> classified as: Plots / Charts
[VSHuwBUlYr] figure_2.jpg -> classified as: Plots / Charts
[VSHuwBUlYr] figure_11.jpg -> classified as: Qualitative Examples
[VSHuwBUlYr] figure_7.jpg -> classified as: Qualitative Examples
[VSHuwBUlYr] figure_3.jpg -> classified as: Architecture Diagram
[VSHuwBUlYr] figure_4.jpg -> classified as: Architecture Diagram
[VSHuwBUlYr] figure_1.jpg -> classified as: Qualitative Examples
[VSHuwBUlYr] figure_8.jpg -> classified as: Qualitative Examples
[VSHuwBUlYr] figure_12.jpg -> classified as: Qualitative Examples
[VSHuwBUlYr] figure_14.jpg -> classified as: Qualitative Examples
[VSHuwBUlYr] figure_10.jpg -> classified as: Qualitative Examples
[VSaJr03e2R] figure_5.jpg -> classified as: Architecture Diagram
[VSaJr03e2R] figure_6.jpg -> classified as: Qualitative Examples
[VSaJr03e2R] figure_9.jpg -> classified as: Qualitative Examples
[VSaJr03e2R] figure_13.jpg -> classified as: Qualitative Examples
[VSaJr03e2R] figure_15.jpg -> classified as: Qualitative Examples
[VSaJr03e2R] figure_2.jpg -> classified as: Qualitative Examples
[VSaJr03e2R] figure_11.jpg -> classified as: Qualitative Examples
[VSaJr03e2R] figure_7.jpg -> classified as: Qualitative Examples
[VSaJr03e2R] figure_3.jpg -> classified as: Qualitative Examples
[VSaJr03e2R] figure_4.jpg -> classified as: Qualitative Examples
[VSaJr03e2R] figure_1.jpg -> classified as: Qualitative Examples
[VSaJr03e2R] figure_8.jpg -> classified as: Qualitative Examples
[VSaJr03e2R] figure_12.jpg -> classified as: Qualitative Examples
[VSaJr03e2R] figure_14.jpg -> classified as: Qualitative Examples
[VSaJr03e2R] figure_10.jpg -> classified as: Plots / Charts
[VTYg5ykEGS] figure_5.jpg -> classified as: Plots / Charts
[VTYg5ykEGS] figure_6.jpg -> classified as: Plots / Charts
[VTYg5ykEGS] figure_9.jpg -> classified as: Plots / Charts
[VTYg5ykEGS] figure_13.jpg -> classified as: Qualitative Examples
[VTYg5ykEGS] figure_2.jpg -> classified as: Qualitative Examples
[VTYg5ykEGS] figure_11.jpg -> classified as: Plots / Charts
[VTYg5ykEGS] figure_7.jpg -> classified as: Plots / Charts
[VTYg5ykEGS] figure_3.jpg -> classified as: Plots / Charts
[VTYg5ykEGS] figure_4.jpg -> classified as: Plots / Charts
[VTYg5ykEGS] figure_1.jpg -> classified as: Qualitative Examples
[VTYg5ykEGS] figure_8.jpg -> classified as: Plots / Charts
[VTYg5ykEGS] figure_12.jpg -> classified as: Qualitative Examples
[VTYg5ykEGS] figure_10.jpg -> classified as: Plots / Charts
[VUA9LSmC2r] figure_5.jpg -> classified as: Plots / Charts
[VUA9LSmC2r] figure_2.jpg -> classified as: Plots / Charts
[VUA9LSmC2r] figure_3.jpg -> classified as: Qualitative Examples
[VUA9LSmC2r] figure_4.jpg -> classified as: Architecture Diagram
[VUA9LSmC2r] figure_1.jpg -> classified as: Qualitative Examples
[VVVfuIcmKR] figure_A1.jpg -> classified as: Plots / Charts
[VVVfuIcmKR] figure_A2.jpg -> classified as: Qualitative Examples
[VVVfuIcmKR] figure_2.jpg -> classified as: Plots / Charts
[VVVfuIcmKR] figure_1.jpg -> classified as: Other
  -> Skipping second pass (Other)
[VWGyUZ9dOX] figure_2.jpg -> classified as: Qualitative Examples
[VWGyUZ9dOX] figure_1.jpg -> classified as: Architecture Diagram
[VYOe2eBQeh] figure_5.jpg -> classified as: Plots / Charts
[VYOe2eBQeh] figure_6.jpg -> classified as: Qualitative Examples
[VYOe2eBQeh] figure_9.jpg -> classified as: Qualitative Examples
[VYOe2eBQeh] figure_13.jpg -> classified as: Plots / Charts
[VYOe2eBQeh] figure_15.jpg -> classified as: Plots / Charts
[VYOe2eBQeh] figure_2.jpg -> classified as: Architecture Diagram
[VYOe2eBQeh] figure_11.jpg -> classified as: Plots / Charts
[VYOe2eBQeh] figure_7.jpg -> classified as: Qualitative Examples
[VYOe2eBQeh] figure_3.jpg -> classified as: Plots / Charts
[VYOe2eBQeh] figure_4.jpg -> classified as: Plots / Charts
[VYOe2eBQeh] figure_17.jpg -> classified as: Qualitative Examples
[VYOe2eBQeh] figure_1.jpg -> classified as: Other
  -> Skipping second pass (Other)
[VYOe2eBQeh] figure_8.jpg -> classified as: Architecture Diagram
[VYOe2eBQeh] figure_12.jpg -> classified as: Qualitative Examples
[VYOe2eBQeh] figure_14.jpg -> classified as: Qualitative Examples
[VYOe2eBQeh] figure_16.jpg -> classified as: Plots / Charts
[VYOe2eBQeh] figure_10.jpg -> classified as: Qualitative Examples
[Va4t6R8cGG] figure_2.jpg -> classified as: Architecture Diagram
[Va4t6R8cGG] figure_3.jpg -> classified as: Architecture Diagram
[Va4t6R8cGG] figure_1.jpg -> classified as: Qualitative Examples
[VaUy5GZO3f] figure_5.jpg -> classified as: Qualitative Examples
[VaUy5GZO3f] figure_6.jpg -> classified as: Plots / Charts
[VaUy5GZO3f] figure_7.jpg -> classified as: Other
  -> Skipping second pass (Other)
[VaUy5GZO3f] figure_3.jpg -> classified as: Plots / Charts
[VaUy5GZO3f] figure_4.jpg -> classified as: Qualitative Examples
[VaUy5GZO3f] figure_(a)_Annotation_GUI.jpg -> classified as: Qualitative Examples
[VaUy5GZO3f] figure_1.jpg -> classified as: Teaser Image
[VaUy5GZO3f] figure_representative_of_each.jpg -> classified as: Qualitative Examples
[Vaf4sIrRUC] figure_5.jpg -> classified as: Qualitative Examples
[Vaf4sIrRUC] figure_6.jpg -> classified as: Qualitative Examples
[Vaf4sIrRUC] figure_2.jpg -> classified as: Plots / Charts
[Vaf4sIrRUC] figure_7.jpg -> classified as: Qualitative Examples
[Vaf4sIrRUC] figure_3.jpg -> classified as: Qualitative Examples
[Vaf4sIrRUC] figure_4.jpg -> classified as: Plots / Charts
[Vaf4sIrRUC] figure_1.jpg -> classified as: Plots / Charts
[Vaf4sIrRUC] figure_8.jpg -> classified as: Qualitative Examples
[VaoeAi5CW8] figure_5.jpg -> classified as: Plots / Charts
[VaoeAi5CW8] figure_6.jpg -> classified as: Qualitative Examples
[VaoeAi5CW8] figure_2.jpg -> classified as: Architecture Diagram
[VaoeAi5CW8] figure_7.jpg -> classified as: Qualitative Examples
[VaoeAi5CW8] figure_3.jpg -> classified as: Qualitative Examples
[VaoeAi5CW8] figure_4.jpg -> classified as: Qualitative Examples
[VaoeAi5CW8] figure_1.jpg -> classified as: Qualitative Examples
[VaowElpVzd] figure_5.jpg -> classified as: Plots / Charts
[VaowElpVzd] figure_6.jpg -> classified as: Architecture Diagram
[VaowElpVzd] figure_2.jpg -> classified as: Qualitative Examples
[VaowElpVzd] figure_7.jpg -> classified as: Qualitative Examples
[VaowElpVzd] figure_3.jpg -> classified as: Architecture Diagram
[VaowElpVzd] figure_4.jpg -> classified as: Qualitative Examples
[VaowElpVzd] figure_1.jpg -> classified as: Qualitative Examples
[Vc52HZwNwe] figure_5.jpg -> classified as: Qualitative Examples
[Vc52HZwNwe] figure_2.jpg -> classified as: Plots / Charts
[Vc52HZwNwe] figure_3.jpg -> classified as: Architecture Diagram
[Vc52HZwNwe] figure_4.jpg -> classified as: Plots / Charts
[Vc52HZwNwe] figure_1.jpg -> classified as: Plots / Charts
[VdDtRu7RTf] figure_5.jpg -> classified as: Qualitative Examples
[VdDtRu7RTf] figure_2.jpg -> classified as: Qualitative Examples
[VdDtRu7RTf] figure_3.jpg -> classified as: Qualitative Examples
[VdDtRu7RTf] figure_4.jpg -> classified as: Qualitative Examples
[VdDtRu7RTf] figure_1.jpg -> classified as: Architecture Diagram
[Vdb8oSyEay] figure_5.jpg -> classified as: Qualitative Examples
[Vdb8oSyEay] figure_6.jpg -> classified as: Plots / Charts
[Vdb8oSyEay] figure_9.jpg -> classified as: Qualitative Examples
[Vdb8oSyEay] figure_2.jpg -> classified as: Architecture Diagram
[Vdb8oSyEay] figure_11.jpg -> classified as: Qualitative Examples
[Vdb8oSyEay] figure_7.jpg -> classified as: Plots / Charts
[Vdb8oSyEay] figure_3.jpg -> classified as: Plots / Charts
[Vdb8oSyEay] figure_4.jpg -> classified as: Qualitative Examples
[Vdb8oSyEay] figure_1.jpg -> classified as: Plots / Charts
[Vdb8oSyEay] figure_8.jpg -> classified as: Qualitative Examples
[Vdb8oSyEay] figure_12.jpg -> classified as: Qualitative Examples
[Vdb8oSyEay] figure_10.jpg -> classified as: Qualitative Examples
[VdwVOREDZM] figure_19.jpg -> classified as: Qualitative Examples
[VdwVOREDZM] figure_5.jpg -> classified as: Qualitative Examples
[VdwVOREDZM] figure_6.jpg -> classified as: Qualitative Examples
[VdwVOREDZM] figure_9.jpg -> classified as: Qualitative Examples
[VdwVOREDZM] figure_18.jpg -> classified as: Qualitative Examples
[VdwVOREDZM] figure_13.jpg -> classified as: Qualitative Examples
[VdwVOREDZM] figure_15.jpg -> classified as: Qualitative Examples
[VdwVOREDZM] figure_2.jpg -> classified as: Qualitative Examples
[VdwVOREDZM] figure_20.jpg -> classified as: Qualitative Examples
[VdwVOREDZM] figure_11.jpg -> classified as: Qualitative Examples
[VdwVOREDZM] figure_3.jpg -> classified as: Architecture Diagram
[VdwVOREDZM] figure_4.jpg -> classified as: Qualitative Examples
[VdwVOREDZM] figure_17.jpg -> classified as: Qualitative Examples
[VdwVOREDZM] figure_1.jpg -> classified as: Qualitative Examples
[VdwVOREDZM] figure_8.jpg -> classified as: Architecture Diagram
[VdwVOREDZM] figure_12.jpg -> classified as: Qualitative Examples
[VdwVOREDZM] figure_14.jpg -> classified as: Qualitative Examples
[VdwVOREDZM] figure_16.jpg -> classified as: Qualitative Examples
[VdwVOREDZM] figure_10.jpg -> classified as: Qualitative Examples
[VejUqXsDYa] figure_Xie,_2023)._We.jpg -> classified as: Qualitative Examples
[VejUqXsDYa] figure_5.jpg -> classified as: Plots / Charts
[VejUqXsDYa] figure_6.jpg -> classified as: Qualitative Examples
[VejUqXsDYa] figure_9.jpg -> classified as: Qualitative Examples
[VejUqXsDYa] figure_2.jpg -> classified as: Architecture Diagram
[VejUqXsDYa] figure_3.jpg -> classified as: Architecture Diagram
[VejUqXsDYa] figure_4.jpg -> classified as: Qualitative Examples
[VejUqXsDYa] figure_1.jpg -> classified as: Plots / Charts
[VhFSqBOYLs] figure_5.jpg -> classified as: Qualitative Examples
[VhFSqBOYLs] figure_6.jpg -> classified as: Qualitative Examples
[VhFSqBOYLs] figure_9.jpg -> classified as: Qualitative Examples
[VhFSqBOYLs] figure_13.jpg -> classified as: Qualitative Examples
[VhFSqBOYLs] figure_2.jpg -> classified as: Plots / Charts
[VhFSqBOYLs] figure_11.jpg -> classified as: Qualitative Examples
[VhFSqBOYLs] figure_7.jpg -> classified as: Qualitative Examples
[VhFSqBOYLs] figure_3.jpg -> classified as: Qualitative Examples
[VhFSqBOYLs] figure_4.jpg -> classified as: Qualitative Examples
[VhFSqBOYLs] figure_1.jpg -> classified as: Qualitative Examples
[VhFSqBOYLs] figure_8.jpg -> classified as: Plots / Charts
[VhFSqBOYLs] figure_12.jpg -> classified as: Qualitative Examples
[VhFSqBOYLs] figure_14.jpg -> classified as: Qualitative Examples
[VhFSqBOYLs] figure_10.jpg -> classified as: Qualitative Examples
[VhQelEo27A] figure_5.jpg -> classified as: Qualitative Examples
[VhQelEo27A] figure_9.jpg -> classified as: Qualitative Examples
[VhQelEo27A] figure_2.jpg -> classified as: Architecture Diagram
[VhQelEo27A] figure_11.jpg -> classified as: Qualitative Examples
[VhQelEo27A] figure_7.jpg -> classified as: Qualitative Examples
[VhQelEo27A] figure_3.jpg -> classified as: Qualitative Examples
[VhQelEo27A] figure_4.jpg -> classified as: Qualitative Examples
[VhQelEo27A] figure_1.jpg -> classified as: Qualitative Examples
[VhQelEo27A] figure_8.jpg -> classified as: Qualitative Examples
[VhQelEo27A] figure_12.jpg -> classified as: Qualitative Examples
[VhQelEo27A] figure_10.jpg -> classified as: Qualitative Examples
[ViPtjIVzUw] figure_5.jpg -> classified as: Other
  -> Skipping second pass (Other)
[ViPtjIVzUw] figure_6.jpg -> classified as: Other
  -> Skipping second pass (Other)
[ViPtjIVzUw] figure_9.jpg -> classified as: Qualitative Examples
[ViPtjIVzUw] figure_13.jpg -> classified as: Plots / Charts
[ViPtjIVzUw] figure_2.jpg -> classified as: Qualitative Examples
[ViPtjIVzUw] figure_11.jpg -> classified as: Qualitative Examples
[ViPtjIVzUw] figure_7.jpg -> classified as: Qualitative Examples
[ViPtjIVzUw] figure_3.jpg -> classified as: Plots / Charts
[ViPtjIVzUw] figure_4.jpg -> classified as: Qualitative Examples
[ViPtjIVzUw] figure_1.jpg -> classified as: Other
  -> Skipping second pass (Other)
[ViPtjIVzUw] figure_8.jpg -> classified as: Qualitative Examples
[ViPtjIVzUw] figure_12.jpg -> classified as: Qualitative Examples
[ViPtjIVzUw] figure_10.jpg -> classified as: Other
  -> Skipping second pass (Other)
[VkWbxFrCC8] figure_60.67_bits_per.jpg -> classified as: Qualitative Examples
[VkWbxFrCC8] figure_5.jpg -> classified as: Plots / Charts
[VkWbxFrCC8] figure_6.jpg -> classified as: Architecture Diagram
[VkWbxFrCC8] figure_9.jpg -> classified as: Plots / Charts
[VkWbxFrCC8] figure_35.17_bits_per.jpg -> classified as: Qualitative Examples
[VkWbxFrCC8] figure_13.jpg -> classified as: Plots / Charts
[VkWbxFrCC8] figure_15.jpg -> classified as: Qualitative Examples
[VkWbxFrCC8] figure_2.jpg -> classified as: Architecture Diagram
[VkWbxFrCC8] figure_11.jpg -> classified as: Plots / Charts
[VkWbxFrCC8] figure_7.jpg -> classified as: Plots / Charts
[VkWbxFrCC8] figure_3.jpg -> classified as: Plots / Charts
[VkWbxFrCC8] figure_60.67_bits_per_1.jpg -> classified as: Qualitative Examples
[VkWbxFrCC8] figure_4.jpg -> classified as: Qualitative Examples
[VkWbxFrCC8] figure_17.jpg -> classified as: Qualitative Examples
[VkWbxFrCC8] figure_1.jpg -> classified as: Architecture Diagram
[VkWbxFrCC8] figure_8.jpg -> classified as: Qualitative Examples
[VkWbxFrCC8] figure_12.jpg -> classified as: Other
  -> Skipping second pass (Other)
[VkWbxFrCC8] figure_14.jpg -> classified as: Qualitative Examples
[VkWbxFrCC8] figure_16.jpg -> classified as: Qualitative Examples
[VkWbxFrCC8] figure_10.jpg -> classified as: Plots / Charts
[VmJdqhuTCh] figure_5.jpg -> classified as: Plots / Charts
[VmJdqhuTCh] figure_2.jpg -> classified as: Architecture Diagram
[VmJdqhuTCh] figure_3.jpg -> classified as: Architecture Diagram
[VmJdqhuTCh] figure_4.jpg -> classified as: Qualitative Examples
[VmJdqhuTCh] figure_1.jpg -> classified as: Qualitative Examples
[VmR3QvfLxt] figure_5.jpg -> classified as: Qualitative Examples
[VmR3QvfLxt] figure_6.jpg -> classified as: Qualitative Examples
[VmR3QvfLxt] figure_9.jpg -> classified as: Qualitative Examples
[VmR3QvfLxt] figure_13.jpg -> classified as: Qualitative Examples
[VmR3QvfLxt] figure_2.jpg -> classified as: Architecture Diagram
[VmR3QvfLxt] figure_11.jpg -> classified as: Qualitative Examples
[VmR3QvfLxt] figure_7.jpg -> classified as: Qualitative Examples
[VmR3QvfLxt] figure_3.jpg -> classified as: Qualitative Examples
[VmR3QvfLxt] figure_4.jpg -> classified as: Qualitative Examples
[VmR3QvfLxt] figure_8.jpg -> classified as: Qualitative Examples
[VmR3QvfLxt] figure_12.jpg -> classified as: Qualitative Examples
[VmR3QvfLxt] figure_14.jpg -> classified as: Qualitative Examples
[VmR3QvfLxt] figure_10.jpg -> classified as: Qualitative Examples
[VmnWoLbzCS] figure_2.jpg -> classified as: Architecture Diagram
[VmnWoLbzCS] figure_3.jpg -> classified as: Qualitative Examples
[VmnWoLbzCS] figure_1.jpg -> classified as: Architecture Diagram
[VpGsy4hKMc] figure_5.jpg -> classified as: Qualitative Examples
[VpGsy4hKMc] figure_6.jpg -> classified as: Qualitative Examples
[VpGsy4hKMc] figure_9.jpg -> classified as: Qualitative Examples
[VpGsy4hKMc] figure_13.jpg -> classified as: Qualitative Examples
[VpGsy4hKMc] figure_15.jpg -> classified as: Qualitative Examples
[VpGsy4hKMc] figure_2.jpg -> classified as: Architecture Diagram
[VpGsy4hKMc] figure_7.jpg -> classified as: Qualitative Examples
[VpGsy4hKMc] figure_3.jpg -> classified as: Qualitative Examples
[VpGsy4hKMc] figure_4.jpg -> classified as: Qualitative Examples
[VpGsy4hKMc] figure_multi-view_diffusion_models..jpg -> classified as: Qualitative Examples
[VpGsy4hKMc] figure_17.jpg -> classified as: Qualitative Examples
[VpGsy4hKMc] figure_1.jpg -> classified as: Architecture Diagram
[VpGsy4hKMc] figure_8.jpg -> classified as: Qualitative Examples
[VpGsy4hKMc] figure_12.jpg -> classified as: Qualitative Examples
[VpGsy4hKMc] figure_14.jpg -> classified as: Qualitative Examples
[VpGsy4hKMc] figure_16.jpg -> classified as: Qualitative Examples
[VpGsy4hKMc] figure_10.jpg -> classified as: Qualitative Examples
[VsxbWTDHjh] figure_5.jpg -> classified as: Plots / Charts
[VsxbWTDHjh] figure_6.jpg -> classified as: Qualitative Examples
[VsxbWTDHjh] figure_9.jpg -> classified as: Qualitative Examples
[VsxbWTDHjh] figure_(b)_Relative_$L.jpg -> classified as: Plots / Charts
[VsxbWTDHjh] figure_13.jpg -> classified as: Plots / Charts
[VsxbWTDHjh] figure_15.jpg -> classified as: Plots / Charts
[VsxbWTDHjh] figure_2.jpg -> classified as: Qualitative Examples
[VsxbWTDHjh] figure_11.jpg -> classified as: Plots / Charts
[VsxbWTDHjh] figure_7.jpg -> classified as: Qualitative Examples
[VsxbWTDHjh] figure_3.jpg -> classified as: Plots / Charts
[VsxbWTDHjh] figure_4.jpg -> classified as: Qualitative Examples
[VsxbWTDHjh] figure_1.jpg -> classified as: Architecture Diagram
[VsxbWTDHjh] figure_8.jpg -> classified as: Architecture Diagram
[VsxbWTDHjh] figure_12.jpg -> classified as: Plots / Charts
[VsxbWTDHjh] figure_10.jpg -> classified as: Plots / Charts
[VtT41Nniu4] figure_5.jpg -> classified as: Plots / Charts
[VtT41Nniu4] figure_6.jpg -> classified as: Plots / Charts
[VtT41Nniu4] figure_9.jpg -> classified as: Qualitative Examples
[VtT41Nniu4] figure_2.jpg -> classified as: Qualitative Examples
[VtT41Nniu4] figure_7.jpg -> classified as: Qualitative Examples
[VtT41Nniu4] figure_3.jpg -> classified as: Plots / Charts
[VtT41Nniu4] figure_4.jpg -> classified as: Plots / Charts
[VtT41Nniu4] figure_1.jpg -> classified as: Plots / Charts
[VtT41Nniu4] figure_8.jpg -> classified as: Qualitative Examples
[VtT41Nniu4] figure_10.jpg -> classified as: Qualitative Examples
[VtYfbvwpWp] figure_5.jpg -> classified as: Qualitative Examples
[VtYfbvwpWp] figure_6.jpg -> classified as: Plots / Charts
[VtYfbvwpWp] figure_9.jpg -> classified as: Qualitative Examples
[VtYfbvwpWp] figure_18.jpg -> classified as: Qualitative Examples
[VtYfbvwpWp] figure_13.jpg -> classified as: Qualitative Examples
[VtYfbvwpWp] figure_15.jpg -> classified as: Plots / Charts
[VtYfbvwpWp] figure_2.jpg -> classified as: Qualitative Examples
[VtYfbvwpWp] figure_11.jpg -> classified as: Qualitative Examples
[VtYfbvwpWp] figure_7.jpg -> classified as: Qualitative Examples
[VtYfbvwpWp] figure_3.jpg -> classified as: Architecture Diagram
[VtYfbvwpWp] figure_4.jpg -> classified as: Qualitative Examples
[VtYfbvwpWp] figure_17.jpg -> classified as: Qualitative Examples
[VtYfbvwpWp] figure_1.jpg -> classified as: Plots / Charts
[VtYfbvwpWp] figure_8.jpg -> classified as: Plots / Charts
[VtYfbvwpWp] figure_12.jpg -> classified as: Qualitative Examples
[VtYfbvwpWp] figure_14.jpg -> classified as: Qualitative Examples
[VtYfbvwpWp] figure_10.jpg -> classified as: Qualitative Examples
[VxvnV6slP0] figure_5.jpg -> classified as: Plots / Charts
[VxvnV6slP0] figure_6.jpg -> classified as: Plots / Charts
[VxvnV6slP0] figure_9.jpg -> classified as: Plots / Charts
[VxvnV6slP0] figure_2.jpg -> classified as: Architecture Diagram
[VxvnV6slP0] figure_7.jpg -> classified as: Plots / Charts
[VxvnV6slP0] figure_3.jpg -> classified as: Plots / Charts
[VxvnV6slP0] figure_4.jpg -> classified as: Plots / Charts
[VxvnV6slP0] figure_1.jpg -> classified as: Other
  -> Skipping second pass (Other)
[VxvnV6slP0] figure_8.jpg -> classified as: Plots / Charts
[Vy6sjPt2Vr] figure_D_2.jpg -> classified as: Qualitative Examples
[Vy6sjPt2Vr] figure_2.jpg -> classified as: Architecture Diagram
[Vy6sjPt2Vr] figure_F.jpg -> classified as: Plots / Charts
[Vy6sjPt2Vr] figure_G.jpg -> classified as: Qualitative Examples
[Vy6sjPt2Vr] figure_3.jpg -> classified as: Plots / Charts
[Vy6sjPt2Vr] figure_D.jpg -> classified as: Qualitative Examples
[Vy6sjPt2Vr] figure_4.jpg -> classified as: Plots / Charts
[Vy6sjPt2Vr] figure_D_1.jpg -> classified as: Qualitative Examples
[Vy6sjPt2Vr] figure_1.jpg -> classified as: Qualitative Examples
[VyxlbbK8WV] figure_F_1.jpg -> classified as: Plots / Charts
[VyxlbbK8WV] figure_D_7.jpg -> classified as: Plots / Charts
[VyxlbbK8WV] figure_D_6.jpg -> classified as: Plots / Charts
[VyxlbbK8WV] figure_D_2.jpg -> classified as: Plots / Charts
[VyxlbbK8WV] figure_K_1.jpg -> classified as: Plots / Charts
[VyxlbbK8WV] figure_E_4.jpg -> classified as: Plots / Charts
[VyxlbbK8WV] figure_H_2.jpg -> classified as: Qualitative Examples
[VyxlbbK8WV] figure_5.jpg -> classified as: Plots / Charts
[VyxlbbK8WV] figure_6.jpg -> classified as: Plots / Charts
[VyxlbbK8WV] figure_D_5.jpg -> classified as: Plots / Charts
[VyxlbbK8WV] figure_E_2.jpg -> classified as: Plots / Charts
[VyxlbbK8WV] figure_E_1.jpg -> classified as: Plots / Charts
[VyxlbbK8WV] figure_I.jpg -> classified as: Plots / Charts
[VyxlbbK8WV] figure_H_1.jpg -> classified as: Qualitative Examples
[VyxlbbK8WV] figure_H.jpg -> classified as: Plots / Charts
[VyxlbbK8WV] figure_D_3.jpg -> classified as: Plots / Charts
[VyxlbbK8WV] figure_2.jpg -> classified as: Plots / Charts
[VyxlbbK8WV] figure_C_1.jpg -> classified as: Plots / Charts
[VyxlbbK8WV] figure_C_2.jpg -> classified as: Plots / Charts
[VyxlbbK8WV] figure_F.jpg -> classified as: Plots / Charts
[VyxlbbK8WV] figure_K.jpg -> classified as: Plots / Charts
[VyxlbbK8WV] figure_B.jpg -> classified as: Plots / Charts
[VyxlbbK8WV] figure_7.jpg -> classified as: Plots / Charts
[VyxlbbK8WV] figure_E.jpg -> classified as: Plots / Charts
[VyxlbbK8WV] figure_G.jpg -> classified as: Plots / Charts
[VyxlbbK8WV] figure_3.jpg -> classified as: Plots / Charts
[VyxlbbK8WV] figure_D.jpg -> classified as: Plots / Charts
[VyxlbbK8WV] figure_H_3.jpg -> classified as: Qualitative Examples
[VyxlbbK8WV] figure_4.jpg -> classified as: Plots / Charts
[VyxlbbK8WV] figure_L_1.jpg -> classified as: Architecture Diagram
[VyxlbbK8WV] figure_E_3.jpg -> classified as: Plots / Charts
[VyxlbbK8WV] figure_B_1.jpg -> classified as: Plots / Charts
[VyxlbbK8WV] figure_J.jpg -> classified as: Plots / Charts
[VyxlbbK8WV] figure_D_1.jpg -> classified as: Plots / Charts
[VyxlbbK8WV] figure_C.jpg -> classified as: Plots / Charts
[VyxlbbK8WV] figure_1.jpg -> classified as: Plots / Charts
[VyxlbbK8WV] figure_L_3.jpg -> classified as: Architecture Diagram
[VyxlbbK8WV] figure_F_2.jpg -> classified as: Plots / Charts
[VyxlbbK8WV] figure_D_4.jpg -> classified as: Plots / Charts
[VyxlbbK8WV] figure_8.jpg -> classified as: Plots / Charts
[VyxlbbK8WV] figure_L_2.jpg -> classified as: Architecture Diagram
[VyxlbbK8WV] figure_L_4.jpg -> classified as: Plots / Charts
[VyxlbbK8WV] figure_L.jpg -> classified as: Architecture Diagram
[VzZTHukfCB] figure_30.jpg -> classified as: Qualitative Examples
[VzZTHukfCB] figure_19.jpg -> classified as: Qualitative Examples
[VzZTHukfCB] figure_23.jpg -> classified as: Qualitative Examples
[VzZTHukfCB] figure_29.jpg -> classified as: Architecture Diagram
[VzZTHukfCB] figure_24.jpg -> classified as: Qualitative Examples
[VzZTHukfCB] figure_5.jpg -> classified as: Qualitative Examples
[VzZTHukfCB] figure_6.jpg -> classified as: Qualitative Examples
[VzZTHukfCB] figure_9.jpg -> classified as: Qualitative Examples
[VzZTHukfCB] figure_22.jpg -> classified as: Qualitative Examples
[VzZTHukfCB] figure_28.jpg -> classified as: Qualitative Examples
[VzZTHukfCB] figure_18.jpg -> classified as: Architecture Diagram
[VzZTHukfCB] figure_13.jpg -> classified as: Qualitative Examples
[VzZTHukfCB] figure_15.jpg -> classified as: Qualitative Examples
[VzZTHukfCB] figure_2.jpg -> classified as: Architecture Diagram
[VzZTHukfCB] figure_20.jpg -> classified as: Qualitative Examples
[VzZTHukfCB] figure_11.jpg -> classified as: Qualitative Examples
[VzZTHukfCB] figure_7.jpg -> classified as: Plots / Charts
[VzZTHukfCB] figure_3.jpg -> classified as: Plots / Charts
[VzZTHukfCB] figure_4.jpg -> classified as: Architecture Diagram
[VzZTHukfCB] figure_31.jpg -> classified as: Qualitative Examples
[VzZTHukfCB] figure_17.jpg -> classified as: Architecture Diagram
[VzZTHukfCB] figure_1.jpg -> classified as: Architecture Diagram
[VzZTHukfCB] figure_27.jpg -> classified as: Qualitative Examples
[VzZTHukfCB] figure_8.jpg -> classified as: Qualitative Examples
[VzZTHukfCB] figure_12.jpg -> classified as: Qualitative Examples
[VzZTHukfCB] figure_25.jpg -> classified as: Qualitative Examples
[VzZTHukfCB] figure_21.jpg -> classified as: Qualitative Examples
[VzZTHukfCB] figure_26.jpg -> classified as: Qualitative Examples
[VzZTHukfCB] figure_14.jpg -> classified as: Qualitative Examples
[VzZTHukfCB] figure_32.jpg -> classified as: Qualitative Examples
[VzZTHukfCB] figure_16.jpg -> classified as: Qualitative Examples
[VzZTHukfCB] figure_10.jpg -> classified as: Qualitative Examples
[W0UioG6hs1] figure_5.jpg -> classified as: Qualitative Examples
[W0UioG6hs1] figure_6.jpg -> classified as: Architecture Diagram
[W0UioG6hs1] figure_9.jpg -> classified as: Qualitative Examples
[W0UioG6hs1] figure_13.jpg -> classified as: Qualitative Examples
[W0UioG6hs1] figure_15.jpg -> classified as: Qualitative Examples
[W0UioG6hs1] figure_2.jpg -> classified as: Plots / Charts
[W0UioG6hs1] figure_11.jpg -> classified as: Qualitative Examples
[W0UioG6hs1] figure_7.jpg -> classified as: Plots / Charts
[W0UioG6hs1] figure_3.jpg -> classified as: Plots / Charts
[W0UioG6hs1] figure_4.jpg -> classified as: Plots / Charts
[W0UioG6hs1] figure_1.jpg -> classified as: Plots / Charts
[W0UioG6hs1] figure_8.jpg -> classified as: Qualitative Examples
[W0UioG6hs1] figure_12.jpg -> classified as: Qualitative Examples
[W0UioG6hs1] figure_14.jpg -> classified as: Qualitative Examples
[W0UioG6hs1] figure_16.jpg -> classified as: Qualitative Examples
[W0UioG6hs1] figure_10.jpg -> classified as: Qualitative Examples
[W2d3LZbhhI] figure_19.jpg -> classified as: Qualitative Examples
[W2d3LZbhhI] figure_(b)_Samples_generated_5.jpg -> classified as: Qualitative Examples
[W2d3LZbhhI] figure_(b)_Samples_generated_4.jpg -> classified as: Qualitative Examples
[W2d3LZbhhI] figure_(b)_Samples_generated.jpg -> classified as: Qualitative Examples
[W2d3LZbhhI] figure_5.jpg -> classified as: Qualitative Examples
[W2d3LZbhhI] figure_6.jpg -> classified as: Qualitative Examples
[W2d3LZbhhI] figure_9.jpg -> classified as: Qualitative Examples
[W2d3LZbhhI] figure_(b)_Samples_generated_1.jpg -> classified as: Qualitative Examples
[W2d3LZbhhI] figure_18.jpg -> classified as: Other
  -> Skipping second pass (Other)
[W2d3LZbhhI] figure_13.jpg -> classified as: Qualitative Examples
[W2d3LZbhhI] figure_(b)_Samples_generated_6.jpg -> classified as: Qualitative Examples
[W2d3LZbhhI] figure_15.jpg -> classified as: Qualitative Examples
[W2d3LZbhhI] figure_2.jpg -> classified as: Plots / Charts
[W2d3LZbhhI] figure_11.jpg -> classified as: Qualitative Examples
[W2d3LZbhhI] figure_(a)_Samples_generated.jpg -> classified as: Other
  -> Skipping second pass (Other)
[W2d3LZbhhI] figure_7.jpg -> classified as: Qualitative Examples
[W2d3LZbhhI] figure_3.jpg -> classified as: Plots / Charts
[W2d3LZbhhI] figure_(b)_Samples_generated_9.jpg -> classified as: Qualitative Examples
[W2d3LZbhhI] figure_4.jpg -> classified as: Architecture Diagram
[W2d3LZbhhI] figure_(b)_Samples_generated_8.jpg -> classified as: Qualitative Examples
[W2d3LZbhhI] figure_17.jpg -> classified as: Qualitative Examples
[W2d3LZbhhI] figure_(b)_Samples_generated_3.jpg -> classified as: Qualitative Examples
[W2d3LZbhhI] figure_(b)_Samples_generated_7.jpg -> classified as: Qualitative Examples
[W2d3LZbhhI] figure_1.jpg -> classified as: Architecture Diagram
[W2d3LZbhhI] figure_(b)_Samples_generated_2.jpg -> classified as: Qualitative Examples
[W2d3LZbhhI] figure_8.jpg -> classified as: Qualitative Examples
[W2d3LZbhhI] figure_12.jpg -> classified as: Qualitative Examples
[W2d3LZbhhI] figure_14.jpg -> classified as: Qualitative Examples
[W2d3LZbhhI] figure_16.jpg -> classified as: Qualitative Examples
[W2d3LZbhhI] figure_10.jpg -> classified as: Qualitative Examples
[W49UjcpGxx] figure_19.jpg -> classified as: Qualitative Examples
[W49UjcpGxx] figure_5.jpg -> classified as: Qualitative Examples
[W49UjcpGxx] figure_6.jpg -> classified as: Other
  -> Skipping second pass (Other)
[W49UjcpGxx] figure_9.jpg -> classified as: Qualitative Examples
[W49UjcpGxx] figure_22.jpg -> classified as: Qualitative Examples
[W49UjcpGxx] figure_18.jpg -> classified as: Qualitative Examples
[W49UjcpGxx] figure_13.jpg -> classified as: Plots / Charts
[W49UjcpGxx] figure_15.jpg -> classified as: Plots / Charts
[W49UjcpGxx] figure_2.jpg -> classified as: Architecture Diagram
[W49UjcpGxx] figure_20.jpg -> classified as: Qualitative Examples
[W49UjcpGxx] figure_11.jpg -> classified as: Plots / Charts
[W49UjcpGxx] figure_7.jpg -> classified as: Plots / Charts
[W49UjcpGxx] figure_3.jpg -> classified as: Qualitative Examples
[W49UjcpGxx] figure_4.jpg -> classified as: Plots / Charts
[W49UjcpGxx] figure_17.jpg -> classified as: Qualitative Examples
[W49UjcpGxx] figure_1.jpg -> classified as: Qualitative Examples
[W49UjcpGxx] figure_8.jpg -> classified as: Architecture Diagram
[W49UjcpGxx] figure_12.jpg -> classified as: Plots / Charts
[W49UjcpGxx] figure_21.jpg -> classified as: Qualitative Examples
[W49UjcpGxx] figure_14.jpg -> classified as: Qualitative Examples
[W6fIyuK8Lk] figure_A_2.jpg -> classified as: Plots / Charts
[W6fIyuK8Lk] figure_A.jpg -> classified as: Plots / Charts
[W6fIyuK8Lk] figure_A_9.jpg -> classified as: Plots / Charts
[W6fIyuK8Lk] figure_A_3.jpg -> classified as: Qualitative Examples
[W6fIyuK8Lk] figure_A_10.jpg -> classified as: Plots / Charts
[W6fIyuK8Lk] figure_2.jpg -> classified as: Plots / Charts
[W6fIyuK8Lk] figure_A_6.jpg -> classified as: Plots / Charts
[W6fIyuK8Lk] figure_A_8.jpg -> classified as: Plots / Charts
[W6fIyuK8Lk] figure_A_7.jpg -> classified as: Plots / Charts
[W6fIyuK8Lk] figure_A_1.jpg -> classified as: Plots / Charts
[W6fIyuK8Lk] figure_A_5.jpg -> classified as: Plots / Charts
[W6fIyuK8Lk] figure_3.jpg -> classified as: Plots / Charts
[W6fIyuK8Lk] figure_2_1.jpg -> classified as: Plots / Charts
[W6fIyuK8Lk] figure_1.jpg -> classified as: Plots / Charts
[W6fIyuK8Lk] figure_A_4.jpg -> classified as: Qualitative Examples
[W6fIyuK8Lk] figure_A_11.jpg -> classified as: Plots / Charts
[WAC8LmlKYf] figure_19.jpg -> classified as: Plots / Charts
[WAC8LmlKYf] figure_5.jpg -> classified as: Qualitative Examples
[WAC8LmlKYf] figure_6.jpg -> classified as: Qualitative Examples
[WAC8LmlKYf] figure_9.jpg -> classified as: Qualitative Examples
[WAC8LmlKYf] figure_18.jpg -> classified as: Qualitative Examples
[WAC8LmlKYf] figure_13.jpg -> classified as: Qualitative Examples
[WAC8LmlKYf] figure_15.jpg -> classified as: Qualitative Examples
[WAC8LmlKYf] figure_2.jpg -> classified as: Architecture Diagram
[WAC8LmlKYf] figure_11.jpg -> classified as: Qualitative Examples
[WAC8LmlKYf] figure_7.jpg -> classified as: Qualitative Examples
[WAC8LmlKYf] figure_3.jpg -> classified as: Plots / Charts
[WAC8LmlKYf] figure_4.jpg -> classified as: Qualitative Examples
[WAC8LmlKYf] figure_17.jpg -> classified as: Qualitative Examples
[WAC8LmlKYf] figure_1.jpg -> classified as: Qualitative Examples
[WAC8LmlKYf] figure_8.jpg -> classified as: Qualitative Examples
[WAC8LmlKYf] figure_12.jpg -> classified as: Qualitative Examples
[WAC8LmlKYf] figure_14.jpg -> classified as: Qualitative Examples
[WAC8LmlKYf] figure_16.jpg -> classified as: Qualitative Examples
[WAC8LmlKYf] figure_10.jpg -> classified as: Qualitative Examples
[WBUVagRgsd] figure_5.jpg -> classified as: Qualitative Examples
[WBUVagRgsd] figure_6.jpg -> classified as: Plots / Charts
[WBUVagRgsd] figure_9.jpg -> classified as: Qualitative Examples
[WBUVagRgsd] figure_2.jpg -> classified as: Plots / Charts
[WBUVagRgsd] figure_7.jpg -> classified as: Plots / Charts
[WBUVagRgsd] figure_3.jpg -> classified as: Plots / Charts
[WBUVagRgsd] figure_4.jpg -> classified as: Plots / Charts
[WBUVagRgsd] figure_1.jpg -> classified as: Qualitative Examples
[WBUVagRgsd] figure_8.jpg -> classified as: Qualitative Examples
[WDO5hfLZvN] figure_5.jpg -> classified as: Architecture Diagram
[WDO5hfLZvN] figure_6.jpg -> classified as: Plots / Charts
[WDO5hfLZvN] figure_2.jpg -> classified as: Architecture Diagram
[WDO5hfLZvN] figure_7.jpg -> classified as: Plots / Charts
[WDO5hfLZvN] figure_3.jpg -> classified as: Architecture Diagram
[WDO5hfLZvN] figure_4.jpg -> classified as: Architecture Diagram
[WDO5hfLZvN] figure_1.jpg -> classified as: Qualitative Examples
[WDO5hfLZvN] figure_8.jpg -> classified as: Qualitative Examples
[WFYbBOEOtv] figure_5.jpg -> classified as: Plots / Charts
[WFYbBOEOtv] figure_6.jpg -> classified as: Plots / Charts
[WFYbBOEOtv] figure_2.jpg -> classified as: Qualitative Examples
[WFYbBOEOtv] figure_3.jpg -> classified as: Architecture Diagram
[WFYbBOEOtv] figure_4.jpg -> classified as: Architecture Diagram
[WFYbBOEOtv] figure_1.jpg -> classified as: Other
  -> Skipping second pass (Other)
[WIAO4vbnNV] figure_A10.jpg -> classified as: Qualitative Examples
[WIAO4vbnNV] figure_A7.jpg -> classified as: Qualitative Examples
[WIAO4vbnNV] figure_5.jpg -> classified as: Qualitative Examples
[WIAO4vbnNV] figure_A1.jpg -> classified as: Qualitative Examples
[WIAO4vbnNV] figure_6.jpg -> classified as: Plots / Charts
[WIAO4vbnNV] figure_A8.jpg -> classified as: Qualitative Examples
[WIAO4vbnNV] figure_A2.jpg -> classified as: Plots / Charts
[WIAO4vbnNV] figure_2.jpg -> classified as: Qualitative Examples
[WIAO4vbnNV] figure_A11.jpg -> classified as: Qualitative Examples
[WIAO4vbnNV] figure_7.jpg -> classified as: Qualitative Examples
[WIAO4vbnNV] figure_3.jpg -> classified as: Qualitative Examples
[WIAO4vbnNV] figure_4.jpg -> classified as: Qualitative Examples
[WIAO4vbnNV] figure_A6.jpg -> classified as: Qualitative Examples
[WIAO4vbnNV] figure_1.jpg -> classified as: Qualitative Examples
[WIAO4vbnNV] figure_3_1.jpg -> classified as: Qualitative Examples
[WIAO4vbnNV] figure_A4.jpg -> classified as: Qualitative Examples
[WIAO4vbnNV] figure_A5.jpg -> classified as: Qualitative Examples
[WIAO4vbnNV] figure_A9.jpg -> classified as: Qualitative Examples
[WIAO4vbnNV] figure_A3.jpg -> classified as: Qualitative Examples
[WIGsqpZpFT] figure_5.jpg -> classified as: Plots / Charts
[WIGsqpZpFT] figure_6.jpg -> classified as: Plots / Charts
[WIGsqpZpFT] figure_9.jpg -> classified as: Plots / Charts
[WIGsqpZpFT] figure_2.jpg -> classified as: Plots / Charts
[WIGsqpZpFT] figure_7.jpg -> classified as: Plots / Charts
[WIGsqpZpFT] figure_3.jpg -> classified as: Plots / Charts
[WIGsqpZpFT] figure_4.jpg -> classified as: Plots / Charts
[WIGsqpZpFT] figure_1.jpg -> classified as: Plots / Charts
[WIGsqpZpFT] figure_8.jpg -> classified as: Architecture Diagram
[WIGsqpZpFT] figure_10.jpg -> classified as: Plots / Charts
[WKKD1Faobu] figure_5.jpg -> classified as: Qualitative Examples
[WKKD1Faobu] figure_6.jpg -> classified as: Qualitative Examples
[WKKD1Faobu] figure_9.jpg -> classified as: Architecture Diagram
[WKKD1Faobu] figure_13.jpg -> classified as: Qualitative Examples
[WKKD1Faobu] figure_2.jpg -> classified as: Qualitative Examples
[WKKD1Faobu] figure_11.jpg -> classified as: Qualitative Examples
[WKKD1Faobu] figure_7.jpg -> classified as: Plots / Charts
[WKKD1Faobu] figure_3.jpg -> classified as: Architecture Diagram
[WKKD1Faobu] figure_4.jpg -> classified as: Plots / Charts
[WKKD1Faobu] figure_1.jpg -> classified as: Architecture Diagram
[WKKD1Faobu] figure_8.jpg -> classified as: Qualitative Examples
[WKKD1Faobu] figure_12.jpg -> classified as: Qualitative Examples
[WKKD1Faobu] figure_14.jpg -> classified as: Qualitative Examples
[WKKD1Faobu] figure_10.jpg -> classified as: Qualitative Examples
[WKfb1xGXGx] figure_30.jpg -> classified as: Qualitative Examples
[WKfb1xGXGx] figure_19.jpg -> classified as: Plots / Charts
[WKfb1xGXGx] figure_23.jpg -> classified as: Qualitative Examples
[WKfb1xGXGx] figure_29.jpg -> classified as: Qualitative Examples
[WKfb1xGXGx] figure_24.jpg -> classified as: Qualitative Examples
[WKfb1xGXGx] figure_5.jpg -> classified as: Qualitative Examples
[WKfb1xGXGx] figure_6.jpg -> classified as: Qualitative Examples
[WKfb1xGXGx] figure_9.jpg -> classified as: Qualitative Examples
[WKfb1xGXGx] figure_22.jpg -> classified as: Qualitative Examples
[WKfb1xGXGx] figure_28.jpg -> classified as: Plots / Charts
[WKfb1xGXGx] figure_18.jpg -> classified as: Plots / Charts
[WKfb1xGXGx] figure_13.jpg -> classified as: Plots / Charts
[WKfb1xGXGx] figure_15.jpg -> classified as: Plots / Charts
[WKfb1xGXGx] figure_2.jpg -> classified as: Qualitative Examples
[WKfb1xGXGx] figure_20.jpg -> classified as: Qualitative Examples
[WKfb1xGXGx] figure_11.jpg -> classified as: Qualitative Examples
[WKfb1xGXGx] figure_35.jpg -> classified as: Qualitative Examples
[WKfb1xGXGx] figure_34.jpg -> classified as: Qualitative Examples
[WKfb1xGXGx] figure_3.jpg -> classified as: Qualitative Examples
[WKfb1xGXGx] figure_33.jpg -> classified as: Qualitative Examples
[WKfb1xGXGx] figure_4.jpg -> classified as: Architecture Diagram
[WKfb1xGXGx] figure_31.jpg -> classified as: Qualitative Examples
[WKfb1xGXGx] figure_17.jpg -> classified as: Plots / Charts
[WKfb1xGXGx] figure_1.jpg -> classified as: Architecture Diagram
[WKfb1xGXGx] figure_27.jpg -> classified as: Qualitative Examples
[WKfb1xGXGx] figure_8.jpg -> classified as: Qualitative Examples
[WKfb1xGXGx] figure_12.jpg -> classified as: Plots / Charts
[WKfb1xGXGx] figure_25.jpg -> classified as: Qualitative Examples
[WKfb1xGXGx] figure_21.jpg -> classified as: Qualitative Examples
[WKfb1xGXGx] figure_26.jpg -> classified as: Qualitative Examples
[WKfb1xGXGx] figure_14.jpg -> classified as: Plots / Charts
[WKfb1xGXGx] figure_32.jpg -> classified as: Qualitative Examples
[WKfb1xGXGx] figure_16.jpg -> classified as: Plots / Charts
[WKfb1xGXGx] figure_10.jpg -> classified as: Qualitative Examples
[WNLAkjUm19] figure_2.jpg -> classified as: Architecture Diagram
[WNLAkjUm19] figure_3.jpg -> classified as: Plots / Charts
[WNLAkjUm19] figure_4.jpg -> classified as: Plots / Charts
[WNLAkjUm19] figure_1.jpg -> classified as: Plots / Charts
[WNQjN5HzXt] figure_5.jpg -> classified as: Qualitative Examples
[WNQjN5HzXt] figure_2.jpg -> classified as: Architecture Diagram
[WNQjN5HzXt] figure_3.jpg -> classified as: Plots / Charts
[WNQjN5HzXt] figure_4.jpg -> classified as: Qualitative Examples
[WNQjN5HzXt] figure_1.jpg -> classified as: Qualitative Examples
[WNkW0cOwiz] figure_A10.jpg -> classified as: Plots / Charts
[WNkW0cOwiz] figure_A7.jpg -> classified as: Plots / Charts
[WNkW0cOwiz] figure_5.jpg -> classified as: Plots / Charts
[WNkW0cOwiz] figure_A1.jpg -> classified as: Plots / Charts
[WNkW0cOwiz] figure_A8.jpg -> classified as: Plots / Charts
[WNkW0cOwiz] figure_A2.jpg -> classified as: Plots / Charts
[WNkW0cOwiz] figure_A12.jpg -> classified as: Plots / Charts
[WNkW0cOwiz] figure_2.jpg -> classified as: Plots / Charts
[WNkW0cOwiz] figure_A11.jpg -> classified as: Qualitative Examples
[WNkW0cOwiz] figure_A16.jpg -> classified as: Qualitative Examples
[WNkW0cOwiz] figure_3.jpg -> classified as: Plots / Charts
[WNkW0cOwiz] figure_A15.jpg -> classified as: Qualitative Examples
[WNkW0cOwiz] figure_4.jpg -> classified as: Plots / Charts
[WNkW0cOwiz] figure_A17.jpg -> classified as: Qualitative Examples
[WNkW0cOwiz] figure_A6.jpg -> classified as: Plots / Charts
[WNkW0cOwiz] figure_A13.jpg -> classified as: Qualitative Examples
[WNkW0cOwiz] figure_1.jpg -> classified as: Plots / Charts
[WNkW0cOwiz] figure_A14.jpg -> classified as: Qualitative Examples
[WNkW0cOwiz] figure_A4.jpg -> classified as: Plots / Charts
[WNkW0cOwiz] figure_A5.jpg -> classified as: Plots / Charts
[WNkW0cOwiz] figure_A9.jpg -> classified as: Plots / Charts
[WNkW0cOwiz] figure_A3.jpg -> classified as: Plots / Charts
[WNvvwK0tut] figure_2.jpg -> classified as: Plots / Charts
[WNvvwK0tut] figure_3.jpg -> classified as: Plots / Charts
[WNvvwK0tut] figure_1.jpg -> classified as: Plots / Charts
[WNxlJJIEVj] figure_5.jpg -> classified as: Plots / Charts
[WNxlJJIEVj] figure_6.jpg -> classified as: Plots / Charts
[WNxlJJIEVj] figure_9.jpg -> classified as: Qualitative Examples
[WNxlJJIEVj] figure_2.jpg -> classified as: Architecture Diagram
[WNxlJJIEVj] figure_7.jpg -> classified as: Plots / Charts
[WNxlJJIEVj] figure_3.jpg -> classified as: Plots / Charts
[WNxlJJIEVj] figure_4.jpg -> classified as: Plots / Charts
[WNxlJJIEVj] figure_1.jpg -> classified as: Qualitative Examples
[WNxlJJIEVj] figure_8.jpg -> classified as: Plots / Charts
[WNzy9bRDvG] figure_5.jpg -> classified as: Plots / Charts
[WNzy9bRDvG] figure_6.jpg -> classified as: Qualitative Examples
[WNzy9bRDvG] figure_(a)_One-step_samples_1.jpg -> classified as: Qualitative Examples
[WNzy9bRDvG] figure_9.jpg -> classified as: Qualitative Examples
[WNzy9bRDvG] figure_2.jpg -> classified as: Plots / Charts
[WNzy9bRDvG] figure_7.jpg -> classified as: Qualitative Examples
[WNzy9bRDvG] figure_3.jpg -> classified as: Plots / Charts
[WNzy9bRDvG] figure_4.jpg -> classified as: Plots / Charts
[WNzy9bRDvG] figure_(a)_One-step_samples.jpg -> classified as: Qualitative Examples
[WNzy9bRDvG] figure_1.jpg -> classified as: Plots / Charts
[WNzy9bRDvG] figure_8.jpg -> classified as: Qualitative Examples
[WO4BCqEyWc] figure_(b)_Average_relative.jpg -> classified as: Plots / Charts
[WO4BCqEyWc] figure_6.jpg -> classified as: Qualitative Examples
[WO4BCqEyWc] figure_2.jpg -> classified as: Architecture Diagram
[WO4BCqEyWc] figure_7.jpg -> classified as: Plots / Charts
[WO4BCqEyWc] figure_3.jpg -> classified as: Plots / Charts
[WO4BCqEyWc] figure_4.jpg -> classified as: Plots / Charts
[WO4BCqEyWc] figure_1.jpg -> classified as: Architecture Diagram
[WO4BCqEyWc] figure_8.jpg -> classified as: Plots / Charts
[WOiOzHG2zD] figure_5.jpg -> classified as: Qualitative Examples
[WOiOzHG2zD] figure_6.jpg -> classified as: Plots / Charts
[WOiOzHG2zD] figure_9.jpg -> classified as: Qualitative Examples
[WOiOzHG2zD] figure_13.jpg -> classified as: Qualitative Examples
[WOiOzHG2zD] figure_15.jpg -> classified as: Qualitative Examples
[WOiOzHG2zD] figure_2.jpg -> classified as: Architecture Diagram
[WOiOzHG2zD] figure_11.jpg -> classified as: Qualitative Examples
[WOiOzHG2zD] figure_7.jpg -> classified as: Architecture Diagram
[WOiOzHG2zD] figure_3.jpg -> classified as: Qualitative Examples
[WOiOzHG2zD] figure_4.jpg -> classified as: Qualitative Examples
[WOiOzHG2zD] figure_1.jpg -> classified as: Other
  -> Skipping second pass (Other)
[WOiOzHG2zD] figure_8.jpg -> classified as: Qualitative Examples
[WOiOzHG2zD] figure_12.jpg -> classified as: Qualitative Examples
[WOiOzHG2zD] figure_14.jpg -> classified as: Qualitative Examples
[WOiOzHG2zD] figure_16.jpg -> classified as: Qualitative Examples
[WOiOzHG2zD] figure_10.jpg -> classified as: Qualitative Examples
[WOzffPgVjF] figure_5.jpg -> classified as: Qualitative Examples
[WOzffPgVjF] figure_6.jpg -> classified as: Plots / Charts
[WOzffPgVjF] figure_9.jpg -> classified as: Architecture Diagram
[WOzffPgVjF] figure_13.jpg -> classified as: Qualitative Examples
[WOzffPgVjF] figure_2.jpg -> classified as: Plots / Charts
[WOzffPgVjF] figure_11.jpg -> classified as: Architecture Diagram
[WOzffPgVjF] figure_7.jpg -> classified as: Architecture Diagram
[WOzffPgVjF] figure_3.jpg -> classified as: Architecture Diagram
[WOzffPgVjF] figure_4.jpg -> classified as: Architecture Diagram
[WOzffPgVjF] figure_1.jpg -> classified as: Architecture Diagram
[WOzffPgVjF] figure_8.jpg -> classified as: Plots / Charts
[WOzffPgVjF] figure_12.jpg -> classified as: Plots / Charts
[WOzffPgVjF] figure_14.jpg -> classified as: Qualitative Examples
[WOzffPgVjF] figure_10.jpg -> classified as: Architecture Diagram
[WQQyJbr5Lh] figure_5.jpg -> classified as: Qualitative Examples
[WQQyJbr5Lh] figure_6.jpg -> classified as: Plots / Charts
[WQQyJbr5Lh] figure_9.jpg -> classified as: Plots / Charts
[WQQyJbr5Lh] figure_13.jpg -> classified as: Qualitative Examples
[WQQyJbr5Lh] figure_2.jpg -> classified as: Plots / Charts
[WQQyJbr5Lh] figure_11.jpg -> classified as: Qualitative Examples
[WQQyJbr5Lh] figure_7.jpg -> classified as: Plots / Charts
[WQQyJbr5Lh] figure_3.jpg -> classified as: Plots / Charts
[WQQyJbr5Lh] figure_4.jpg -> classified as: Plots / Charts
[WQQyJbr5Lh] figure_1.jpg -> classified as: Plots / Charts
[WQQyJbr5Lh] figure_8.jpg -> classified as: Plots / Charts
[WQQyJbr5Lh] figure_12.jpg -> classified as: Qualitative Examples
[WQQyJbr5Lh] figure_14.jpg -> classified as: Qualitative Examples
[WQQyJbr5Lh] figure_10.jpg -> classified as: Plots / Charts
[WQV9kB1qSU] figure_2.jpg -> classified as: Plots / Charts
[WQV9kB1qSU] figure_7.jpg -> classified as: Qualitative Examples
[WQV9kB1qSU] figure_3.jpg -> classified as: Plots / Charts
[WQV9kB1qSU] figure_4.jpg -> classified as: Qualitative Examples
[WQV9kB1qSU] figure_1.jpg -> classified as: Plots / Charts
[WQV9kB1qSU] figure_8.jpg -> classified as: Plots / Charts
[WSze9IIN3d] figure_5.jpg -> classified as: Qualitative Examples
[WSze9IIN3d] figure_2.jpg -> classified as: Plots / Charts
[WSze9IIN3d] figure_3.jpg -> classified as: Plots / Charts
[WSze9IIN3d] figure_4.jpg -> classified as: Qualitative Examples
[WSze9IIN3d] figure_1.jpg -> classified as: Architecture Diagram
[WTJv0L5QLX] figure_30.jpg -> classified as: Qualitative Examples
[WTJv0L5QLX] figure_19.jpg -> classified as: Architecture Diagram
[WTJv0L5QLX] figure_23.jpg -> classified as: Plots / Charts
[WTJv0L5QLX] figure_29.jpg -> classified as: Plots / Charts
[WTJv0L5QLX] figure_24.jpg -> classified as: Plots / Charts
[WTJv0L5QLX] figure_5.jpg -> classified as: Architecture Diagram
[WTJv0L5QLX] figure_6.jpg -> classified as: Plots / Charts
[WTJv0L5QLX] figure_9.jpg -> classified as: Other
  -> Skipping second pass (Other)
[WTJv0L5QLX] figure_22.jpg -> classified as: Plots / Charts
[WTJv0L5QLX] figure_28.jpg -> classified as: Qualitative Examples
[WTJv0L5QLX] figure_18.jpg -> classified as: Plots / Charts
[WTJv0L5QLX] figure_13.jpg -> classified as: Plots / Charts
[WTJv0L5QLX] figure_15.jpg -> classified as: Architecture Diagram
[WTJv0L5QLX] figure_2.jpg -> classified as: Plots / Charts
[WTJv0L5QLX] figure_20.jpg -> classified as: Plots / Charts
[WTJv0L5QLX] figure_11.jpg -> classified as: Plots / Charts
[WTJv0L5QLX] figure_7.jpg -> classified as: Architecture Diagram
[WTJv0L5QLX] figure_3.jpg -> classified as: Plots / Charts
[WTJv0L5QLX] figure_4.jpg -> classified as: Plots / Charts
[WTJv0L5QLX] figure_17.jpg -> classified as: Plots / Charts
[WTJv0L5QLX] figure_1.jpg -> classified as: Architecture Diagram
[WTJv0L5QLX] figure_27.jpg -> classified as: Qualitative Examples
[WTJv0L5QLX] figure_8.jpg -> classified as: Qualitative Examples
[WTJv0L5QLX] figure_12.jpg -> classified as: Architecture Diagram
[WTJv0L5QLX] figure_25.jpg -> classified as: Plots / Charts
[WTJv0L5QLX] figure_21.jpg -> classified as: Plots / Charts
[WTJv0L5QLX] figure_26.jpg -> classified as: Qualitative Examples
[WTJv0L5QLX] figure_14.jpg -> classified as: Plots / Charts
[WTJv0L5QLX] figure_16.jpg -> classified as: Plots / Charts
[WTJv0L5QLX] figure_10.jpg -> classified as: Qualitative Examples
[WUibctXLT7] figure_5.jpg -> classified as: Qualitative Examples
[WUibctXLT7] figure_6.jpg -> classified as: Qualitative Examples
[WUibctXLT7] figure_9.jpg -> classified as: Qualitative Examples
[WUibctXLT7] figure_13.jpg -> classified as: Qualitative Examples
[WUibctXLT7] figure_15.jpg -> classified as: Qualitative Examples
[WUibctXLT7] figure_2.jpg -> classified as: Qualitative Examples
[WUibctXLT7] figure_11.jpg -> classified as: Qualitative Examples
[WUibctXLT7] figure_7.jpg -> classified as: Qualitative Examples
[WUibctXLT7] figure_3.jpg -> classified as: Architecture Diagram
[WUibctXLT7] figure_4.jpg -> classified as: Qualitative Examples
[WUibctXLT7] figure_1.jpg -> classified as: Qualitative Examples
[WUibctXLT7] figure_8.jpg -> classified as: Qualitative Examples
[WUibctXLT7] figure_12.jpg -> classified as: Qualitative Examples
[WUibctXLT7] figure_14.jpg -> classified as: Qualitative Examples
[WUibctXLT7] figure_16.jpg -> classified as: Qualitative Examples
[WUibctXLT7] figure_10.jpg -> classified as: Qualitative Examples
[WZu4gUGN13] figure_5.jpg -> classified as: Qualitative Examples
[WZu4gUGN13] figure_6.jpg -> classified as: Plots / Charts
[WZu4gUGN13] figure_9.jpg -> classified as: Qualitative Examples
[WZu4gUGN13] figure_13.jpg -> classified as: Qualitative Examples
[WZu4gUGN13] figure_15.jpg -> classified as: Qualitative Examples
[WZu4gUGN13] figure_2.jpg -> classified as: Architecture Diagram
[WZu4gUGN13] figure_11.jpg -> classified as: Qualitative Examples
[WZu4gUGN13] figure_7.jpg -> classified as: Architecture Diagram
[WZu4gUGN13] figure_3.jpg -> classified as: Architecture Diagram
[WZu4gUGN13] figure_4.jpg -> classified as: Qualitative Examples
[WZu4gUGN13] figure_17.jpg -> classified as: Architecture Diagram
[WZu4gUGN13] figure_1.jpg -> classified as: Architecture Diagram
[WZu4gUGN13] figure_8.jpg -> classified as: Architecture Diagram
[WZu4gUGN13] figure_12.jpg -> classified as: Qualitative Examples
[WZu4gUGN13] figure_14.jpg -> classified as: Qualitative Examples
[WZu4gUGN13] figure_16.jpg -> classified as: Plots / Charts
[WZu4gUGN13] figure_10.jpg -> classified as: Qualitative Examples
[WbWtOYIzIK] figure_6.jpg -> classified as: Plots / Charts
[WbWtOYIzIK] figure_9.jpg -> classified as: Plots / Charts
[WbWtOYIzIK] figure_2.jpg -> classified as: Plots / Charts
[WbWtOYIzIK] figure_7.jpg -> classified as: Plots / Charts
[WbWtOYIzIK] figure_3.jpg -> classified as: Plots / Charts
[WbWtOYIzIK] figure_4.jpg -> classified as: Plots / Charts
[WbWtOYIzIK] figure_1.jpg -> classified as: Architecture Diagram
[WbWtOYIzIK] figure_8.jpg -> classified as: Plots / Charts
[Wd47f7HEXg] figure_5.jpg -> classified as: Plots / Charts
[Wd47f7HEXg] figure_6.jpg -> classified as: Plots / Charts
[Wd47f7HEXg] figure_9.jpg -> classified as: Qualitative Examples
[Wd47f7HEXg] figure_13.jpg -> classified as: Qualitative Examples
[Wd47f7HEXg] figure_2.jpg -> classified as: Qualitative Examples
[Wd47f7HEXg] figure_11.jpg -> classified as: Qualitative Examples
[Wd47f7HEXg] figure_3.jpg -> classified as: Qualitative Examples
[Wd47f7HEXg] figure_4.jpg -> classified as: Qualitative Examples
[Wd47f7HEXg] figure_1.jpg -> classified as: Plots / Charts
[Wd47f7HEXg] figure_8.jpg -> classified as: Qualitative Examples
[Wd47f7HEXg] figure_12.jpg -> classified as: Qualitative Examples
[WepT31bvcr] figure_5.jpg -> classified as: Plots / Charts
[WepT31bvcr] figure_6.jpg -> classified as: Plots / Charts
[WepT31bvcr] figure_(a)_Matching_steps_1.jpg -> classified as: Plots / Charts
[WepT31bvcr] figure_(b)_Position_of.jpg -> classified as: Plots / Charts
[WepT31bvcr] figure_2.jpg -> classified as: Qualitative Examples
[WepT31bvcr] figure_(a)_Matching_steps.jpg -> classified as: Plots / Charts
[WepT31bvcr] figure_7.jpg -> classified as: Plots / Charts
[WepT31bvcr] figure_3.jpg -> classified as: Plots / Charts
[WepT31bvcr] figure_4.jpg -> classified as: Plots / Charts
[WepT31bvcr] figure_1.jpg -> classified as: Qualitative Examples
[WepT31bvcr] figure_8.jpg -> classified as: Plots / Charts
[Wfe8o9RnnX] figure_2.jpg -> classified as: Architecture Diagram
[Wfe8o9RnnX] figure_3.jpg -> classified as: Architecture Diagram
[Wfe8o9RnnX] figure_1.jpg -> classified as: Qualitative Examples
[WgpAFnjvPr] figure_13.jpg -> classified as: Qualitative Examples
[WgpAFnjvPr] figure_15.jpg -> classified as: Plots / Charts
[WgpAFnjvPr] figure_2.jpg -> classified as: Other
  -> Skipping second pass (Other)
[WgpAFnjvPr] figure_11.jpg -> classified as: Qualitative Examples
[WgpAFnjvPr] figure_7.jpg -> classified as: Other
  -> Skipping second pass (Other)
[WgpAFnjvPr] figure_3.jpg -> classified as: Qualitative Examples
[WgpAFnjvPr] figure_4.jpg -> classified as: Qualitative Examples
[WgpAFnjvPr] figure_1.jpg -> classified as: Other
  -> Skipping second pass (Other)
[WgpAFnjvPr] figure_12.jpg -> classified as: Qualitative Examples
[WgpAFnjvPr] figure_14.jpg -> classified as: Qualitative Examples
[WgpAFnjvPr] figure_10.jpg -> classified as: Qualitative Examples
[WhgB5sispV] figure_5.jpg -> classified as: Qualitative Examples
[WhgB5sispV] figure_6.jpg -> classified as: Qualitative Examples
[WhgB5sispV] figure_9.jpg -> classified as: Qualitative Examples
[WhgB5sispV] figure_2.jpg -> classified as: Architecture Diagram
[WhgB5sispV] figure_11.jpg -> classified as: Qualitative Examples
[WhgB5sispV] figure_7.jpg -> classified as: Qualitative Examples
[WhgB5sispV] figure_3.jpg -> classified as: Plots / Charts
[WhgB5sispV] figure_4.jpg -> classified as: Qualitative Examples
[WhgB5sispV] figure_1.jpg -> classified as: Architecture Diagram
[WhgB5sispV] figure_8.jpg -> classified as: Qualitative Examples
[WhgB5sispV] figure_10.jpg -> classified as: Plots / Charts
[Wi74fYCX2f] figure_2.jpg -> classified as: Plots / Charts
[Wi74fYCX2f] figure_3.jpg -> classified as: Qualitative Examples
[Wi74fYCX2f] figure_4.jpg -> classified as: Qualitative Examples
[Wi74fYCX2f] figure_1.jpg -> classified as: Plots / Charts
[WipsLtH77t] figure_5.jpg -> classified as: Plots / Charts
[WipsLtH77t] figure_6.jpg -> classified as: Plots / Charts
[WipsLtH77t] figure_9.jpg -> classified as: Plots / Charts
[WipsLtH77t] figure_13.jpg -> classified as: Plots / Charts
[WipsLtH77t] figure_2.jpg -> classified as: Plots / Charts
[WipsLtH77t] figure_11.jpg -> classified as: Plots / Charts
[WipsLtH77t] figure_7.jpg -> classified as: Plots / Charts
[WipsLtH77t] figure_3.jpg -> classified as: Plots / Charts
[WipsLtH77t] figure_4.jpg -> classified as: Plots / Charts
[WipsLtH77t] figure_1.jpg -> classified as: Other
  -> Skipping second pass (Other)
[WipsLtH77t] figure_8.jpg -> classified as: Plots / Charts
[WipsLtH77t] figure_12.jpg -> classified as: Plots / Charts
[WipsLtH77t] figure_10.jpg -> classified as: Plots / Charts
[WkpqUVcSTy] figure_5.jpg -> classified as: Qualitative Examples
[WkpqUVcSTy] figure_2.jpg -> classified as: Architecture Diagram
[WkpqUVcSTy] figure_3.jpg -> classified as: Plots / Charts
[WkpqUVcSTy] figure_4.jpg -> classified as: Plots / Charts
[WkpqUVcSTy] figure_1.jpg -> classified as: Plots / Charts
[WoGnnggVCZ] figure_5.jpg -> classified as: Plots / Charts
[WoGnnggVCZ] figure_6.jpg -> classified as: Plots / Charts
[WoGnnggVCZ] figure_2.jpg -> classified as: Qualitative Examples
[WoGnnggVCZ] figure_7.jpg -> classified as: Qualitative Examples
[WoGnnggVCZ] figure_3.jpg -> classified as: Qualitative Examples
[WoGnnggVCZ] figure_4.jpg -> classified as: Plots / Charts
[WoGnnggVCZ] figure_1.jpg -> classified as: Qualitative Examples
[WoGnnggVCZ] figure_8.jpg -> classified as: Qualitative Examples
[WpObsQTpfp] figure_5.jpg -> classified as: Qualitative Examples
[WpObsQTpfp] figure_6.jpg -> classified as: Qualitative Examples
[WpObsQTpfp] figure_2.jpg -> classified as: Architecture Diagram
[WpObsQTpfp] figure_7.jpg -> classified as: Other
  -> Skipping second pass (Other)
[WpObsQTpfp] figure_3.jpg -> classified as: Plots / Charts
[WpObsQTpfp] figure_unnamed_figure.jpg -> classified as: Other
  -> Skipping second pass (Other)
[WpObsQTpfp] figure_4.jpg -> classified as: Qualitative Examples
[WpObsQTpfp] figure_1.jpg -> classified as: Plots / Charts
[WpObsQTpfp] figure_8.jpg -> classified as: Other
  -> Skipping second pass (Other)
[WqL4wOU3tw] figure_2.jpg -> classified as: Plots / Charts
[WqL4wOU3tw] figure_3.jpg -> classified as: Architecture Diagram
[WqL4wOU3tw] figure_4.jpg -> classified as: Plots / Charts
[WqL4wOU3tw] figure_1.jpg -> classified as: Architecture Diagram
[Wr3UuEx72f] figure_5.jpg -> classified as: Qualitative Examples
[Wr3UuEx72f] figure_6.jpg -> classified as: Plots / Charts
[Wr3UuEx72f] figure_9.jpg -> classified as: Qualitative Examples
[Wr3UuEx72f] figure_18.jpg -> classified as: Qualitative Examples
[Wr3UuEx72f] figure_13.jpg -> classified as: Plots / Charts
[Wr3UuEx72f] figure_15.jpg -> classified as: Plots / Charts
[Wr3UuEx72f] figure_2.jpg -> classified as: Architecture Diagram
[Wr3UuEx72f] figure_11.jpg -> classified as: Qualitative Examples
[Wr3UuEx72f] figure_7.jpg -> classified as: Plots / Charts
[Wr3UuEx72f] figure_3.jpg -> classified as: Plots / Charts
[Wr3UuEx72f] figure_4.jpg -> classified as: Qualitative Examples
[Wr3UuEx72f] figure_17.jpg -> classified as: Qualitative Examples
[Wr3UuEx72f] figure_1.jpg -> classified as: Other
  -> Skipping second pass (Other)
[Wr3UuEx72f] figure_8.jpg -> classified as: Plots / Charts
[Wr3UuEx72f] figure_12.jpg -> classified as: Plots / Charts
[Wr3UuEx72f] figure_14.jpg -> classified as: Plots / Charts
[Wr3UuEx72f] figure_16.jpg -> classified as: Qualitative Examples
[Wr3UuEx72f] figure_10.jpg -> classified as: Plots / Charts
[WrdLgVY5ZH] figure_5.jpg -> classified as: Architecture Diagram
[WrdLgVY5ZH] figure_6.jpg -> classified as: Plots / Charts
[WrdLgVY5ZH] figure_2.jpg -> classified as: Plots / Charts
[WrdLgVY5ZH] figure_7.jpg -> classified as: Plots / Charts
[WrdLgVY5ZH] figure_3.jpg -> classified as: Plots / Charts
[WrdLgVY5ZH] figure_4.jpg -> classified as: Qualitative Examples
[WrdLgVY5ZH] figure_1.jpg -> classified as: Architecture Diagram
[WsgEWL8i0K] figure_5.jpg -> classified as: Plots / Charts
[WsgEWL8i0K] figure_6.jpg -> classified as: Plots / Charts
[WsgEWL8i0K] figure_9.jpg -> classified as: Plots / Charts
[WsgEWL8i0K] figure_18.jpg -> classified as: Qualitative Examples
[WsgEWL8i0K] figure_13.jpg -> classified as: Other
  -> Skipping second pass (Other)
[WsgEWL8i0K] figure_2.jpg -> classified as: Other
  -> Skipping second pass (Other)
[WsgEWL8i0K] figure_11.jpg -> classified as: Plots / Charts
[WsgEWL8i0K] figure_7.jpg -> classified as: Plots / Charts
[WsgEWL8i0K] figure_3.jpg -> classified as: Plots / Charts
[WsgEWL8i0K] figure_4.jpg -> classified as: Plots / Charts
[WsgEWL8i0K] figure_17.jpg -> classified as: Qualitative Examples
[WsgEWL8i0K] figure_1.jpg -> classified as: Qualitative Examples
[WsgEWL8i0K] figure_8.jpg -> classified as: Plots / Charts
[WsgEWL8i0K] figure_12.jpg -> classified as: Qualitative Examples
[WsgEWL8i0K] figure_14.jpg -> classified as: Qualitative Examples
[WsgEWL8i0K] figure_16.jpg -> classified as: Qualitative Examples
[WsgEWL8i0K] figure_10.jpg -> classified as: Plots / Charts
[Wvi8c0tgvt] figure_6.jpg -> classified as: Qualitative Examples
[Wvi8c0tgvt] figure_9.jpg -> classified as: Qualitative Examples
[Wvi8c0tgvt] figure_13.jpg -> classified as: Qualitative Examples
[Wvi8c0tgvt] figure_15.jpg -> classified as: Qualitative Examples
[Wvi8c0tgvt] figure_2.jpg -> classified as: Architecture Diagram
[Wvi8c0tgvt] figure_11.jpg -> classified as: Qualitative Examples
[Wvi8c0tgvt] figure_7.jpg -> classified as: Qualitative Examples
[Wvi8c0tgvt] figure_3.jpg -> classified as: Qualitative Examples
[Wvi8c0tgvt] figure_4.jpg -> classified as: Qualitative Examples
[Wvi8c0tgvt] figure_17.jpg -> classified as: Qualitative Examples
[Wvi8c0tgvt] figure_1.jpg -> classified as: Plots / Charts
[Wvi8c0tgvt] figure_8.jpg -> classified as: Plots / Charts
[Wvi8c0tgvt] figure_12.jpg -> classified as: Qualitative Examples
[Wvi8c0tgvt] figure_14.jpg -> classified as: Qualitative Examples
[Wvi8c0tgvt] figure_16.jpg -> classified as: Qualitative Examples
[Wvi8c0tgvt] figure_10.jpg -> classified as: Qualitative Examples
[WwmtcGr4lP] figure_5.jpg -> classified as: Plots / Charts
[WwmtcGr4lP] figure_6.jpg -> classified as: Plots / Charts
[WwmtcGr4lP] figure_2.jpg -> classified as: Architecture Diagram
[WwmtcGr4lP] figure_7.jpg -> classified as: Plots / Charts
[WwmtcGr4lP] figure_3.jpg -> classified as: Architecture Diagram
[WwmtcGr4lP] figure_4.jpg -> classified as: Plots / Charts
[WwmtcGr4lP] figure_1.jpg -> classified as: Architecture Diagram
[WwmtcGr4lP] figure_8.jpg -> classified as: Plots / Charts
[WyEdX2R4er] figure_Sample_images_per.jpg -> classified as: Qualitative Examples
[WyEdX2R4er] figure_5.jpg -> classified as: Plots / Charts
[WyEdX2R4er] figure_6.jpg -> classified as: Plots / Charts
[WyEdX2R4er] figure_9.jpg -> classified as: Plots / Charts
[WyEdX2R4er] figure_Listing_3__Otter.jpg -> classified as: Other
  -> Skipping second pass (Other)
[WyEdX2R4er] figure_2.jpg -> classified as: Qualitative Examples
[WyEdX2R4er] figure_11.jpg -> classified as: Plots / Charts
[WyEdX2R4er] figure_7.jpg -> classified as: Plots / Charts
[WyEdX2R4er] figure_3.jpg -> classified as: Plots / Charts
[WyEdX2R4er] figure_4.jpg -> classified as: Plots / Charts
[WyEdX2R4er] figure_Listing_1__LLaVA.jpg -> classified as: Other
  -> Skipping second pass (Other)
[WyEdX2R4er] figure_1.jpg -> classified as: Plots / Charts
[WyEdX2R4er] figure_8.jpg -> classified as: Plots / Charts
[WyEdX2R4er] figure_12.jpg -> classified as: Qualitative Examples
[WyZT4ZmMzf] figure_5.jpg -> classified as: Plots / Charts
[WyZT4ZmMzf] figure_2.jpg -> classified as: Plots / Charts
[WyZT4ZmMzf] figure_3.jpg -> classified as: Plots / Charts
[WyZT4ZmMzf] figure_4.jpg -> classified as: Plots / Charts
[WyZT4ZmMzf] figure_1.jpg -> classified as: Architecture Diagram
[Wz2fUy36x1] figure_2.jpg -> classified as: Qualitative Examples
[Wz2fUy36x1] figure_3.jpg -> classified as: Plots / Charts
[Wz2fUy36x1] figure_4.jpg -> classified as: Plots / Charts
[Wz2fUy36x1] figure_1.jpg -> classified as: Architecture Diagram
[WzrkZeDxrM] figure_2.jpg -> classified as: Plots / Charts
[WzrkZeDxrM] figure_3.jpg -> classified as: Architecture Diagram
[WzrkZeDxrM] figure_4.jpg -> classified as: Plots / Charts
[WzrkZeDxrM] figure_1.jpg -> classified as: Plots / Charts
[X0r4BN50Dv] figure_5.jpg -> classified as: Plots / Charts
[X0r4BN50Dv] figure_2.jpg -> classified as: Plots / Charts
[X0r4BN50Dv] figure_3.jpg -> classified as: Plots / Charts
[X0r4BN50Dv] figure_4.jpg -> classified as: Plots / Charts
[X0r4BN50Dv] figure_1.jpg -> classified as: Plots / Charts
[X1OfiRYCLn] figure_5.jpg -> classified as: Plots / Charts
[X1OfiRYCLn] figure_6.jpg -> classified as: Plots / Charts
[X1OfiRYCLn] figure_13.jpg -> classified as: Qualitative Examples
[X1OfiRYCLn] figure_15.jpg -> classified as: Qualitative Examples
[X1OfiRYCLn] figure_2.jpg -> classified as: Plots / Charts
[X1OfiRYCLn] figure_11.jpg -> classified as: Plots / Charts
[X1OfiRYCLn] figure_3.jpg -> classified as: Architecture Diagram
[X1OfiRYCLn] figure_4.jpg -> classified as: Architecture Diagram
[X1OfiRYCLn] figure_1.jpg -> classified as: Other
  -> Skipping second pass (Other)
[X1OfiRYCLn] figure_8.jpg -> classified as: Plots / Charts
[X1OfiRYCLn] figure_12.jpg -> classified as: Plots / Charts
[X1OfiRYCLn] figure_14.jpg -> classified as: Qualitative Examples
[X1U74IwuxG] figure_5.jpg -> classified as: Plots / Charts
[X1U74IwuxG] figure_6.jpg -> classified as: Plots / Charts
[X1U74IwuxG] figure_7.jpg -> classified as: Qualitative Examples
[X1U74IwuxG] figure_3.jpg -> classified as: Plots / Charts
[X1U74IwuxG] figure_4.jpg -> classified as: Plots / Charts
[X1U74IwuxG] figure_1.jpg -> classified as: Architecture Diagram
[X1U74IwuxG] figure_8.jpg -> classified as: Qualitative Examples
[X2HnTFsFm8] figure_5.jpg -> classified as: Qualitative Examples
[X2HnTFsFm8] figure_6.jpg -> classified as: Plots / Charts
[X2HnTFsFm8] figure_2.jpg -> classified as: Architecture Diagram
[X2HnTFsFm8] figure_3.jpg -> classified as: Architecture Diagram
[X2HnTFsFm8] figure_4.jpg -> classified as: Qualitative Examples
[X2HnTFsFm8] figure_1.jpg -> classified as: Other
  -> Skipping second pass (Other)
[X41c4uB4k0] figure_5.jpg -> classified as: Plots / Charts
[X41c4uB4k0] figure_6.jpg -> classified as: Plots / Charts
[X41c4uB4k0] figure_2.jpg -> classified as: Qualitative Examples
[X41c4uB4k0] figure_7.jpg -> classified as: Qualitative Examples
[X41c4uB4k0] figure_3.jpg -> classified as: Architecture Diagram
[X41c4uB4k0] figure_4.jpg -> classified as: Plots / Charts
[X41c4uB4k0] figure_1.jpg -> classified as: Architecture Diagram
[X5VElAKt2s] figure_5.jpg -> classified as: Plots / Charts
[X5VElAKt2s] figure_6.jpg -> classified as: Plots / Charts
[X5VElAKt2s] figure_2.jpg -> classified as: Plots / Charts
[X5VElAKt2s] figure_7.jpg -> classified as: Plots / Charts
[X5VElAKt2s] figure_3.jpg -> classified as: Plots / Charts
[X5VElAKt2s] figure_4.jpg -> classified as: Plots / Charts
[X5VElAKt2s] figure_1.jpg -> classified as: Plots / Charts
[X5VElAKt2s] figure_8.jpg -> classified as: Plots / Charts
[X65IKSuWQo] figure_2.jpg -> classified as: Plots / Charts
[X65IKSuWQo] figure_3.jpg -> classified as: Plots / Charts
[X65IKSuWQo] figure_1.jpg -> classified as: Plots / Charts
[X6tNkN6ate] figure_2.jpg -> classified as: Qualitative Examples
[X6tNkN6ate] figure_3.jpg -> classified as: Qualitative Examples
[X6tNkN6ate] figure_1.jpg -> classified as: Qualitative Examples
[X7XgNI0Eym] figure_5.jpg -> classified as: Plots / Charts
[X7XgNI0Eym] figure_6.jpg -> classified as: Plots / Charts
[X7XgNI0Eym] figure_9.jpg -> classified as: Qualitative Examples
[X7XgNI0Eym] figure_2.jpg -> classified as: Architecture Diagram
[X7XgNI0Eym] figure_11.jpg -> classified as: Qualitative Examples
[X7XgNI0Eym] figure_7.jpg -> classified as: Plots / Charts
[X7XgNI0Eym] figure_4.jpg -> classified as: Qualitative Examples
[X7XgNI0Eym] figure_1.jpg -> classified as: Plots / Charts
[X7XgNI0Eym] figure_8.jpg -> classified as: Qualitative Examples
[X7XgNI0Eym] figure_12.jpg -> classified as: Qualitative Examples
[X7XgNI0Eym] figure_10.jpg -> classified as: Qualitative Examples
[XCUTFbC3Rh] figure_6.jpg -> classified as: Architecture Diagram
[XCUTFbC3Rh] figure_9.jpg -> classified as: Plots / Charts
[XCUTFbC3Rh] figure_13.jpg -> classified as: Plots / Charts
[XCUTFbC3Rh] figure_2.jpg -> classified as: Plots / Charts
[XCUTFbC3Rh] figure_11.jpg -> classified as: Plots / Charts
[XCUTFbC3Rh] figure_7.jpg -> classified as: Architecture Diagram
[XCUTFbC3Rh] figure_3.jpg -> classified as: Plots / Charts
[XCUTFbC3Rh] figure_4.jpg -> classified as: Plots / Charts
[XCUTFbC3Rh] figure_1.jpg -> classified as: Plots / Charts
[XCUTFbC3Rh] figure_8.jpg -> classified as: Plots / Charts
[XCUTFbC3Rh] figure_12.jpg -> classified as: Plots / Charts
[XCUTFbC3Rh] figure_10.jpg -> classified as: Plots / Charts
[XCg9YcSKCZ] figure_2.jpg -> classified as: Plots / Charts
[XCg9YcSKCZ] figure_3.jpg -> classified as: Architecture Diagram
[XCg9YcSKCZ] figure_4.jpg -> classified as: Qualitative Examples
[XCg9YcSKCZ] figure_1.jpg -> classified as: Plots / Charts
[XFYUwIyTxQ] figure_5.jpg -> classified as: Plots / Charts
[XFYUwIyTxQ] figure_6.jpg -> classified as: Qualitative Examples
[XFYUwIyTxQ] figure_2.jpg -> classified as: Architecture Diagram
[XFYUwIyTxQ] figure_7.jpg -> classified as: Qualitative Examples
[XFYUwIyTxQ] figure_3.jpg -> classified as: Architecture Diagram
[XFYUwIyTxQ] figure_4.jpg -> classified as: Qualitative Examples
[XFYUwIyTxQ] figure_1.jpg -> classified as: Plots / Charts
[XFYUwIyTxQ] figure_8.jpg -> classified as: Qualitative Examples
[XGFfFKqy3Y] figure_8_1.jpg -> classified as: Qualitative Examples
[XGFfFKqy3Y] figure_5.jpg -> classified as: Qualitative Examples
[XGFfFKqy3Y] figure_6.jpg -> classified as: Plots / Charts
[XGFfFKqy3Y] figure_2.jpg -> classified as: Qualitative Examples
[XGFfFKqy3Y] figure_11.jpg -> classified as: Qualitative Examples
[XGFfFKqy3Y] figure_7.jpg -> classified as: Qualitative Examples
[XGFfFKqy3Y] figure_3.jpg -> classified as: Architecture Diagram
[XGFfFKqy3Y] figure_4.jpg -> classified as: Qualitative Examples
[XGFfFKqy3Y] figure_1.jpg -> classified as: Qualitative Examples
[XGFfFKqy3Y] figure_8.jpg -> classified as: Qualitative Examples
[XGFfFKqy3Y] figure_12.jpg -> classified as: Qualitative Examples
[XGFfFKqy3Y] figure_10.jpg -> classified as: Qualitative Examples
[XHvdM04T0l] figure_5.jpg -> classified as: Qualitative Examples
[XHvdM04T0l] figure_6.jpg -> classified as: Plots / Charts
[XHvdM04T0l] figure_2.jpg -> classified as: Architecture Diagram
[XHvdM04T0l] figure_3.jpg -> classified as: Architecture Diagram
[XHvdM04T0l] figure_4.jpg -> classified as: Qualitative Examples
[XHvdM04T0l] figure_1.jpg -> classified as: Plots / Charts
[XIxhINXtQk] figure_Turn_her_into.jpg -> classified as: Qualitative Examples
[XIxhINXtQk] figure_Change_the_hair_2.jpg -> classified as: Qualitative Examples
[XIxhINXtQk] figure_Make_her_a_3.jpg -> classified as: Qualitative Examples
[XIxhINXtQk] figure_Put_eyeglasses_on_2.jpg -> classified as: Qualitative Examples
[XIxhINXtQk] figure_Give_her_a.jpg -> classified as: Qualitative Examples
[XIxhINXtQk] figure_Have_his_wear.jpg -> classified as: Qualitative Examples
[XIxhINXtQk] figure_Add_bangs_to.jpg -> classified as: Qualitative Examples
[XIxhINXtQk] figure_Add_some_beard.jpg -> classified as: Qualitative Examples
[XIxhINXtQk] figure_Make_him_a.jpg -> classified as: Qualitative Examples
[XIxhINXtQk] figure_Turn_the_portrait.jpg -> classified as: Qualitative Examples
[XIxhINXtQk] figure_Add_a_smile.jpg -> classified as: Qualitative Examples
[XIxhINXtQk] figure_6.jpg -> classified as: Qualitative Examples
[XIxhINXtQk] figure_Turn_the_painting.jpg -> classified as: Qualitative Examples
[XIxhINXtQk] figure_Make_her_a.jpg -> classified as: Qualitative Examples
[XIxhINXtQk] figure_Make_it_look_1.jpg -> classified as: Qualitative Examples
[XIxhINXtQk] figure_Turn_the_hair_1.jpg -> classified as: Qualitative Examples
[XIxhINXtQk] figure_9.jpg -> classified as: Qualitative Examples
[XIxhINXtQk] figure_Make_her_eyes_1.jpg -> classified as: Qualitative Examples
[XIxhINXtQk] figure_Give_it_a_1.jpg -> classified as: Qualitative Examples
[XIxhINXtQk] figure_Turn_the_hair.jpg -> classified as: Qualitative Examples
[XIxhINXtQk] figure_18.jpg -> classified as: Qualitative Examples
[XIxhINXtQk] figure_Remove_the_beard.jpg -> classified as: Qualitative Examples
[XIxhINXtQk] figure_13.jpg -> classified as: Qualitative Examples
[XIxhINXtQk] figure_Give_the_portrait_2.jpg -> classified as: Qualitative Examples
[XIxhINXtQk] figure_Make_him_smile.jpg -> classified as: Qualitative Examples
[XIxhINXtQk] figure_Give_it_a.jpg -> classified as: Qualitative Examples
[XIxhINXtQk] figure_15.jpg -> classified as: Qualitative Examples
[XIxhINXtQk] figure_Turn_his_hair.jpg -> classified as: Qualitative Examples
[XIxhINXtQk] figure_2.jpg -> classified as: Architecture Diagram
[XIxhINXtQk] figure_Turn_the_portrait_1.jpg -> classified as: Qualitative Examples
[XIxhINXtQk] figure_Add_some_beard_1.jpg -> classified as: Qualitative Examples
[XIxhINXtQk] figure_11.jpg -> classified as: Qualitative Examples
[XIxhINXtQk] figure_Turn_her_hair.jpg -> classified as: Qualitative Examples
[XIxhINXtQk] figure_Put_eyeglasses_on_1.jpg -> classified as: Qualitative Examples
[XIxhINXtQk] figure_Put_eyeglasses_on_4.jpg -> classified as: Qualitative Examples
[XIxhINXtQk] figure_Shave_the_beard.jpg -> classified as: Qualitative Examples
[XIxhINXtQk] figure_7.jpg -> classified as: Qualitative Examples
[XIxhINXtQk] figure_Make_her_eyes.jpg -> classified as: Qualitative Examples
[XIxhINXtQk] figure_Change_the_hair_1.jpg -> classified as: Qualitative Examples
[XIxhINXtQk] figure_Shave_the_beard_1.jpg -> classified as: Qualitative Examples
[XIxhINXtQk] figure_3.jpg -> classified as: Qualitative Examples
[XIxhINXtQk] figure_Change_the_hair.jpg -> classified as: Qualitative Examples
[XIxhINXtQk] figure_4.jpg -> classified as: Plots / Charts
[XIxhINXtQk] figure_Make_it_look.jpg -> classified as: Qualitative Examples
[XIxhINXtQk] figure_17.jpg -> classified as: Qualitative Examples
[XIxhINXtQk] figure_Give_the_portrait_1.jpg -> classified as: Qualitative Examples
[XIxhINXtQk] figure_Give_him_bushy.jpg -> classified as: Qualitative Examples
[XIxhINXtQk] figure_Style_her_hair_1.jpg -> classified as: Qualitative Examples
[XIxhINXtQk] figure_Give_her_thicker,.jpg -> classified as: Qualitative Examples
[XIxhINXtQk] figure_1.jpg -> classified as: Qualitative Examples
[XIxhINXtQk] figure_Make_her_a_1.jpg -> classified as: Qualitative Examples
[XIxhINXtQk] figure_Turn_his_hair_1.jpg -> classified as: Qualitative Examples
[XIxhINXtQk] figure_Put_eyeglasses_on.jpg -> classified as: Qualitative Examples
[XIxhINXtQk] figure_Put_eyeglasses_on_3.jpg -> classified as: Qualitative Examples
[XIxhINXtQk] figure_Give_the_portrait.jpg -> classified as: Qualitative Examples
[XIxhINXtQk] figure_Turn_the_hair_2.jpg -> classified as: Qualitative Examples
[XIxhINXtQk] figure_8.jpg -> classified as: Qualitative Examples
[XIxhINXtQk] figure_12.jpg -> classified as: Qualitative Examples
[XIxhINXtQk] figure_Style_her_hair.jpg -> classified as: Qualitative Examples
[XIxhINXtQk] figure_Make_him_smile_1.jpg -> classified as: Qualitative Examples
[XIxhINXtQk] figure_Turn_her_into_1.jpg -> classified as: Qualitative Examples
[XIxhINXtQk] figure_Give_it_a_2.jpg -> classified as: Qualitative Examples
[XIxhINXtQk] figure_14.jpg -> classified as: Qualitative Examples
[XIxhINXtQk] figure_Make_her_a_2.jpg -> classified as: Qualitative Examples
[XIxhINXtQk] figure_Give_him_bushy_1.jpg -> classified as: Qualitative Examples
[XIxhINXtQk] figure_16.jpg -> classified as: Qualitative Examples
[XIxhINXtQk] figure_10.jpg -> classified as: Qualitative Examples
[XK5jYtLMXl] figure_2.jpg -> classified as: Plots / Charts
[XK5jYtLMXl] figure_1.jpg -> classified as: Plots / Charts
[XKQ2qzajbU] figure_2.jpg -> classified as: Architecture Diagram
[XKQ2qzajbU] figure_3.jpg -> classified as: Architecture Diagram
[XKQ2qzajbU] figure_4.jpg -> classified as: Plots / Charts
[XKQ2qzajbU] figure_1.jpg -> classified as: Architecture Diagram
[XLCqhdaMpy] figure_5.jpg -> classified as: Plots / Charts
[XLCqhdaMpy] figure_6.jpg -> classified as: Plots / Charts
[XLCqhdaMpy] figure_9.jpg -> classified as: Plots / Charts
[XLCqhdaMpy] figure_2.jpg -> classified as: Architecture Diagram
[XLCqhdaMpy] figure_11.jpg -> classified as: Plots / Charts
[XLCqhdaMpy] figure_7.jpg -> classified as: Plots / Charts
[XLCqhdaMpy] figure_3.jpg -> classified as: Plots / Charts
[XLCqhdaMpy] figure_4.jpg -> classified as: Plots / Charts
[XLCqhdaMpy] figure_1.jpg -> classified as: Architecture Diagram
[XLCqhdaMpy] figure_8.jpg -> classified as: Plots / Charts
[XLCqhdaMpy] figure_10.jpg -> classified as: Plots / Charts
[XLcu8vHRpZ] figure_5.jpg -> classified as: Qualitative Examples
[XLcu8vHRpZ] figure_6.jpg -> classified as: Qualitative Examples
[XLcu8vHRpZ] figure_9.jpg -> classified as: Qualitative Examples
[XLcu8vHRpZ] figure_2.jpg -> classified as: Architecture Diagram
[XLcu8vHRpZ] figure_11.jpg -> classified as: Qualitative Examples
[XLcu8vHRpZ] figure_7.jpg -> classified as: Qualitative Examples
[XLcu8vHRpZ] figure_3.jpg -> classified as: Qualitative Examples
[XLcu8vHRpZ] figure_4.jpg -> classified as: Plots / Charts
[XLcu8vHRpZ] figure_1.jpg -> classified as: Qualitative Examples
[XLcu8vHRpZ] figure_8.jpg -> classified as: Qualitative Examples
[XLcu8vHRpZ] figure_12.jpg -> classified as: Qualitative Examples
[XLcu8vHRpZ] figure_10.jpg -> classified as: Qualitative Examples
[XMOaOigOQo] figure_5.jpg -> classified as: Plots / Charts
[XMOaOigOQo] figure_6.jpg -> classified as: Plots / Charts
[XMOaOigOQo] figure_9.jpg -> classified as: Plots / Charts
[XMOaOigOQo] figure_13.jpg -> classified as: Plots / Charts
[XMOaOigOQo] figure_2.jpg -> classified as: Architecture Diagram
[XMOaOigOQo] figure_11.jpg -> classified as: Qualitative Examples
[XMOaOigOQo] figure_7.jpg -> classified as: Plots / Charts
[XMOaOigOQo] figure_3.jpg -> classified as: Plots / Charts
[XMOaOigOQo] figure_4.jpg -> classified as: Plots / Charts
[XMOaOigOQo] figure_1.jpg -> classified as: Plots / Charts
[XMOaOigOQo] figure_8.jpg -> classified as: Plots / Charts
[XMOaOigOQo] figure_12.jpg -> classified as: Plots / Charts
[XMOaOigOQo] figure_14.jpg -> classified as: Plots / Charts
[XMOaOigOQo] figure_10.jpg -> classified as: Plots / Charts
[XNA3Mnnbvb] figure_5.jpg -> classified as: Qualitative Examples
[XNA3Mnnbvb] figure_2.jpg -> classified as: Architecture Diagram
[XNA3Mnnbvb] figure_3.jpg -> classified as: Qualitative Examples
[XNA3Mnnbvb] figure_4.jpg -> classified as: Qualitative Examples
[XNA3Mnnbvb] figure_1.jpg -> classified as: Architecture Diagram
[XPNprvlxuQ] figure_Compute_Time_of.jpg -> classified as: Plots / Charts
[XPNprvlxuQ] figure_5.jpg -> classified as: Qualitative Examples
[XPNprvlxuQ] figure_6.jpg -> classified as: Qualitative Examples
[XPNprvlxuQ] figure_9.jpg -> classified as: Plots / Charts
[XPNprvlxuQ] figure_13.jpg -> classified as: Qualitative Examples
[XPNprvlxuQ] figure_15.jpg -> classified as: Qualitative Examples
[XPNprvlxuQ] figure_2.jpg -> classified as: Qualitative Examples
[XPNprvlxuQ] figure_11.jpg -> classified as: Qualitative Examples
[XPNprvlxuQ] figure_7.jpg -> classified as: Qualitative Examples
[XPNprvlxuQ] figure_3.jpg -> classified as: Qualitative Examples
[XPNprvlxuQ] figure_1.jpg -> classified as: Teaser Image
[XPNprvlxuQ] figure_8.jpg -> classified as: Qualitative Examples
[XPNprvlxuQ] figure_14.jpg -> classified as: Qualitative Examples
[XPNprvlxuQ] figure_10.jpg -> classified as: Qualitative Examples
[XQL4Pmf6m6] figure_5.jpg -> classified as: Qualitative Examples
[XQL4Pmf6m6] figure_9.jpg -> classified as: Qualitative Examples
[XQL4Pmf6m6] figure_18.jpg -> classified as: Other
  -> Skipping second pass (Other)
[XQL4Pmf6m6] figure_2.jpg -> classified as: Architecture Diagram
[XQL4Pmf6m6] figure_11.jpg -> classified as: Qualitative Examples
[XQL4Pmf6m6] figure_7.jpg -> classified as: Qualitative Examples
[XQL4Pmf6m6] figure_3.jpg -> classified as: Plots / Charts
[XQL4Pmf6m6] figure_4.jpg -> classified as: Plots / Charts
[XQL4Pmf6m6] figure_1.jpg -> classified as: Architecture Diagram
[XQL4Pmf6m6] figure_8.jpg -> classified as: Qualitative Examples
[XQL4Pmf6m6] figure_10.jpg -> classified as: Qualitative Examples
[XQQMKhGBoY] figure_5.jpg -> classified as: Plots / Charts
[XQQMKhGBoY] figure_A1.jpg -> classified as: Plots / Charts
[XQQMKhGBoY] figure_6.jpg -> classified as: Qualitative Examples
[XQQMKhGBoY] figure_A2.jpg -> classified as: Plots / Charts
[XQQMKhGBoY] figure_2.jpg -> classified as: Other
  -> Skipping second pass (Other)
[XQQMKhGBoY] figure_3.jpg -> classified as: Plots / Charts
[XQQMKhGBoY] figure_4.jpg -> classified as: Plots / Charts
[XQQMKhGBoY] figure_A6.jpg -> classified as: Plots / Charts
[XQQMKhGBoY] figure_1.jpg -> classified as: Plots / Charts
[XQQMKhGBoY] figure_A4.jpg -> classified as: Qualitative Examples
[XQQMKhGBoY] figure_A5.jpg -> classified as: Plots / Charts
[XQQMKhGBoY] figure_A3.jpg -> classified as: Plots / Charts
[XTwwtlEfTF] figure_2.jpg -> classified as: Qualitative Examples
[XTwwtlEfTF] figure_3.jpg -> classified as: Qualitative Examples
[XTwwtlEfTF] figure_1.jpg -> classified as: Architecture Diagram
[XW0gD13oQp] figure_2.jpg -> classified as: Qualitative Examples
[XW0gD13oQp] figure_7.jpg -> classified as: Plots / Charts
[XW0gD13oQp] figure_3.jpg -> classified as: Plots / Charts
[XW0gD13oQp] figure_4.jpg -> classified as: Plots / Charts
[XW0gD13oQp] figure_1.jpg -> classified as: Qualitative Examples
[XW0gD13oQp] figure_8.jpg -> classified as: Plots / Charts
[XWK2o2cJ3W] figure_2.jpg -> classified as: Plots / Charts
[XWK2o2cJ3W] figure_3.jpg -> classified as: Plots / Charts
[XWK2o2cJ3W] figure_4.jpg -> classified as: Plots / Charts
[XWK2o2cJ3W] figure_1.jpg -> classified as: Plots / Charts
[XXpH3D0TVP] figure_C_5.jpg -> classified as: Plots / Charts
[XXpH3D0TVP] figure_5.jpg -> classified as: Plots / Charts
[XXpH3D0TVP] figure_6.jpg -> classified as: Qualitative Examples
[XXpH3D0TVP] figure_2.jpg -> classified as: Qualitative Examples
[XXpH3D0TVP] figure_C_1.jpg -> classified as: Qualitative Examples
[XXpH3D0TVP] figure_C_4.jpg -> classified as: Plots / Charts
[XXpH3D0TVP] figure_C_2.jpg -> classified as: Qualitative Examples
[XXpH3D0TVP] figure_C_9.jpg -> classified as: Qualitative Examples
[XXpH3D0TVP] figure_7.jpg -> classified as: Plots / Charts
[XXpH3D0TVP] figure_C_3.jpg -> classified as: Plots / Charts
[XXpH3D0TVP] figure_3.jpg -> classified as: Plots / Charts
[XXpH3D0TVP] figure_target_image.jpg -> classified as: Other
  -> Skipping second pass (Other)
[XXpH3D0TVP] figure_4.jpg -> classified as: Plots / Charts
[XXpH3D0TVP] figure_C_7.jpg -> classified as: Architecture Diagram
[XXpH3D0TVP] figure_C_8.jpg -> classified as: Plots / Charts
[XXpH3D0TVP] figure_C.jpg -> classified as: Plots / Charts
[XXpH3D0TVP] figure_1.jpg -> classified as: Plots / Charts
[XXpH3D0TVP] figure_3_1.jpg -> classified as: Plots / Charts
[XXpH3D0TVP] figure_C_6.jpg -> classified as: Plots / Charts
[XXzOzJRyOZ] figure_5.jpg -> classified as: Qualitative Examples
[XXzOzJRyOZ] figure_6.jpg -> classified as: Qualitative Examples
[XXzOzJRyOZ] figure_9.jpg -> classified as: Qualitative Examples
[XXzOzJRyOZ] figure_13.jpg -> classified as: Qualitative Examples
[XXzOzJRyOZ] figure_15.jpg -> classified as: Architecture Diagram
[XXzOzJRyOZ] figure_2.jpg -> classified as: Other
  -> Skipping second pass (Other)
[XXzOzJRyOZ] figure_11.jpg -> classified as: Qualitative Examples
[XXzOzJRyOZ] figure_7.jpg -> classified as: Qualitative Examples
[XXzOzJRyOZ] figure_3.jpg -> classified as: Qualitative Examples
[XXzOzJRyOZ] figure_4.jpg -> classified as: Plots / Charts
[XXzOzJRyOZ] figure_17.jpg -> classified as: Qualitative Examples
[XXzOzJRyOZ] figure_1.jpg -> classified as: Qualitative Examples
[XXzOzJRyOZ] figure_8.jpg -> classified as: Qualitative Examples
[XXzOzJRyOZ] figure_12.jpg -> classified as: Qualitative Examples
[XXzOzJRyOZ] figure_14.jpg -> classified as: Qualitative Examples
[XXzOzJRyOZ] figure_16.jpg -> classified as: Architecture Diagram
[XXzOzJRyOZ] figure_10.jpg -> classified as: Qualitative Examples
[XYdstv3ySl] figure_5.jpg -> classified as: Architecture Diagram
[XYdstv3ySl] figure_6.jpg -> classified as: Qualitative Examples
[XYdstv3ySl] figure_2.jpg -> classified as: Architecture Diagram
[XYdstv3ySl] figure_7.jpg -> classified as: Qualitative Examples
[XYdstv3ySl] figure_3.jpg -> classified as: Architecture Diagram
[XYdstv3ySl] figure_4.jpg -> classified as: Plots / Charts
[XYdstv3ySl] figure_1.jpg -> classified as: Qualitative Examples
[XasWgF5WsZ] figure_5.jpg -> classified as: Plots / Charts
[XasWgF5WsZ] figure_6.jpg -> classified as: Qualitative Examples
[XasWgF5WsZ] figure_9.jpg -> classified as: Qualitative Examples
[XasWgF5WsZ] figure_13.jpg -> classified as: Qualitative Examples
[XasWgF5WsZ] figure_15.jpg -> classified as: Qualitative Examples
[XasWgF5WsZ] figure_2.jpg -> classified as: Plots / Charts
[XasWgF5WsZ] figure_11.jpg -> classified as: Qualitative Examples
[XasWgF5WsZ] figure_7.jpg -> classified as: Qualitative Examples
[XasWgF5WsZ] figure_3.jpg -> classified as: Plots / Charts
[XasWgF5WsZ] figure_4.jpg -> classified as: Plots / Charts
[XasWgF5WsZ] figure_1.jpg -> classified as: Qualitative Examples
[XasWgF5WsZ] figure_8.jpg -> classified as: Qualitative Examples
[XasWgF5WsZ] figure_12.jpg -> classified as: Qualitative Examples
[XasWgF5WsZ] figure_14.jpg -> classified as: Qualitative Examples
[XasWgF5WsZ] figure_16.jpg -> classified as: Qualitative Examples
[XasWgF5WsZ] figure_10.jpg -> classified as: Qualitative Examples
[Xbl6t6zxZs] figure_6.jpg -> classified as: Plots / Charts
[Xbl6t6zxZs] figure_(a)_$_cdot$_indicates.jpg -> classified as: Plots / Charts
[Xbl6t6zxZs] figure_2.jpg -> classified as: Other
  -> Skipping second pass (Other)
[Xbl6t6zxZs] figure_3.jpg -> classified as: Qualitative Examples
[Xbl6t6zxZs] figure_4.jpg -> classified as: Plots / Charts
[Xbl6t6zxZs] figure_1.jpg -> classified as: Qualitative Examples
[Xd46Q82QEO] figure_5.jpg -> classified as: Plots / Charts
[Xd46Q82QEO] figure_6.jpg -> classified as: Plots / Charts
[Xd46Q82QEO] figure_2.jpg -> classified as: Plots / Charts
[Xd46Q82QEO] figure_3.jpg -> classified as: Plots / Charts
[Xd46Q82QEO] figure_4.jpg -> classified as: Plots / Charts
[Xd46Q82QEO] figure_1.jpg -> classified as: Other
  -> Skipping second pass (Other)
[XgCejjNNYX] figure_5.jpg -> classified as: Plots / Charts
[XgCejjNNYX] figure_6.jpg -> classified as: Qualitative Examples
[XgCejjNNYX] figure_9.jpg -> classified as: Qualitative Examples
[XgCejjNNYX] figure_2.jpg -> classified as: Other
  -> Skipping second pass (Other)
[XgCejjNNYX] figure_7.jpg -> classified as: Plots / Charts
[XgCejjNNYX] figure_3.jpg -> classified as: Architecture Diagram
[XgCejjNNYX] figure_4.jpg -> classified as: Other
  -> Skipping second pass (Other)
[XgCejjNNYX] figure_1.jpg -> classified as: Architecture Diagram
[XgCejjNNYX] figure_8.jpg -> classified as: Qualitative Examples
[XgCejjNNYX] figure_10.jpg -> classified as: Qualitative Examples
[XgdKE7tZn4] figure_5.jpg -> classified as: Qualitative Examples
[XgdKE7tZn4] figure_6.jpg -> classified as: Qualitative Examples
[XgdKE7tZn4] figure_9.jpg -> classified as: Qualitative Examples
[XgdKE7tZn4] figure_2.jpg -> classified as: Architecture Diagram
[XgdKE7tZn4] figure_7.jpg -> classified as: Plots / Charts
[XgdKE7tZn4] figure_3.jpg -> classified as: Architecture Diagram
[XgdKE7tZn4] figure_4.jpg -> classified as: Qualitative Examples
[XgdKE7tZn4] figure_1.jpg -> classified as: Qualitative Examples
[XgdKE7tZn4] figure_8.jpg -> classified as: Plots / Charts
[XgdKE7tZn4] figure_10.jpg -> classified as: Plots / Charts
[XgdNdoZ1Hc] figure_1.jpg -> classified as: Architecture Diagram
[XhYWgjqCrV] figure_5.jpg -> classified as: Qualitative Examples
[XhYWgjqCrV] figure_A1.jpg -> classified as: Architecture Diagram
[XhYWgjqCrV] figure_6.jpg -> classified as: Plots / Charts
[XhYWgjqCrV] figure_A2.jpg -> classified as: Plots / Charts
[XhYWgjqCrV] figure_2.jpg -> classified as: Architecture Diagram
[XhYWgjqCrV] figure_7.jpg -> classified as: Other
  -> Skipping second pass (Other)
[XhYWgjqCrV] figure_3.jpg -> classified as: Plots / Charts
[XhYWgjqCrV] figure_4.jpg -> classified as: Architecture Diagram
[XhYWgjqCrV] figure_1.jpg -> classified as: Plots / Charts
[XhYWgjqCrV] figure_A4.jpg -> classified as: Qualitative Examples
[XhYWgjqCrV] figure_A3.jpg -> classified as: Plots / Charts
[XigBo6nWzL] figure_5.jpg -> classified as: Plots / Charts
[XigBo6nWzL] figure_6.jpg -> classified as: Plots / Charts
[XigBo6nWzL] figure_9.jpg -> classified as: Qualitative Examples
[XigBo6nWzL] figure_2.jpg -> classified as: Architecture Diagram
[XigBo6nWzL] figure_7.jpg -> classified as: Qualitative Examples
[XigBo6nWzL] figure_3.jpg -> classified as: Plots / Charts
[XigBo6nWzL] figure_4.jpg -> classified as: Qualitative Examples
[XigBo6nWzL] figure_1.jpg -> classified as: Architecture Diagram
[XigBo6nWzL] figure_8.jpg -> classified as: Qualitative Examples
[XjSfcJUcaA] figure_5.jpg -> classified as: Qualitative Examples
[XjSfcJUcaA] figure_6.jpg -> classified as: Other
  -> Skipping second pass (Other)
[XjSfcJUcaA] figure_2.jpg -> classified as: Qualitative Examples
[XjSfcJUcaA] figure_Adv_example.jpg -> classified as: Other
  -> Skipping second pass (Other)
[XjSfcJUcaA] figure_7.jpg -> classified as: Qualitative Examples
[XjSfcJUcaA] figure_3.jpg -> classified as: Plots / Charts
[XjSfcJUcaA] figure_4.jpg -> classified as: Qualitative Examples
[XjSfcJUcaA] figure_Pred__comic_book.jpg -> classified as: Other
  -> Skipping second pass (Other)
[XjSfcJUcaA] figure_1.jpg -> classified as: Qualitative Examples
[XjlZJJFyla] figure_D2.jpg -> classified as: Qualitative Examples
[XjlZJJFyla] figure_5.jpg -> classified as: Plots / Charts
[XjlZJJFyla] figure_6.jpg -> classified as: Plots / Charts
[XjlZJJFyla] figure_D1.jpg -> classified as: Qualitative Examples
[XjlZJJFyla] figure_2.jpg -> classified as: Architecture Diagram
[XjlZJJFyla] figure_7.jpg -> classified as: Plots / Charts
[XjlZJJFyla] figure_3.jpg -> classified as: Plots / Charts
[XjlZJJFyla] figure_1.jpg -> classified as: Qualitative Examples
[XlkN11Xj6J] figure_5.jpg -> classified as: Plots / Charts
[XlkN11Xj6J] figure_6.jpg -> classified as: Qualitative Examples
[XlkN11Xj6J] figure_9.jpg -> classified as: Qualitative Examples
[XlkN11Xj6J] figure_2.jpg -> classified as: Architecture Diagram
[XlkN11Xj6J] figure_7.jpg -> classified as: Plots / Charts
[XlkN11Xj6J] figure_3.jpg -> classified as: Qualitative Examples
[XlkN11Xj6J] figure_4.jpg -> classified as: Qualitative Examples
[XlkN11Xj6J] figure_1.jpg -> classified as: Plots / Charts
[XlkN11Xj6J] figure_8.jpg -> classified as: Qualitative Examples
[XlkN11Xj6J] figure_10.jpg -> classified as: Qualitative Examples
[XmC4L3fhYG] figure_2.jpg -> classified as: Qualitative Examples
[XmC4L3fhYG] figure_3.jpg -> classified as: Architecture Diagram
[XmC4L3fhYG] figure_4.jpg -> classified as: Qualitative Examples
[XmC4L3fhYG] figure_1.jpg -> classified as: Plots / Charts
[Xq7gwsnhPT] figure_5.jpg -> classified as: Plots / Charts
[Xq7gwsnhPT] figure_6.jpg -> classified as: Plots / Charts
[Xq7gwsnhPT] figure_9.jpg -> classified as: Plots / Charts
[Xq7gwsnhPT] figure_13.jpg -> classified as: Qualitative Examples
[Xq7gwsnhPT] figure_11.jpg -> classified as: Qualitative Examples
[Xq7gwsnhPT] figure_7.jpg -> classified as: Plots / Charts
[Xq7gwsnhPT] figure_3.jpg -> classified as: Qualitative Examples
[Xq7gwsnhPT] figure_4.jpg -> classified as: Plots / Charts
[Xq7gwsnhPT] figure_1.jpg -> classified as: Other
  -> Skipping second pass (Other)
[Xq7gwsnhPT] figure_8.jpg -> classified as: Architecture Diagram
[Xq7gwsnhPT] figure_12.jpg -> classified as: Qualitative Examples
[Xq7gwsnhPT] figure_10.jpg -> classified as: Plots / Charts
[XqLcFMMwNb] figure_2.jpg -> classified as: Architecture Diagram
[XqLcFMMwNb] figure_3.jpg -> classified as: Architecture Diagram
[XqLcFMMwNb] figure_4.jpg -> classified as: Qualitative Examples
[XqLcFMMwNb] figure_1.jpg -> classified as: Qualitative Examples
[Xqo4eObgQX] figure_5.jpg -> classified as: Qualitative Examples
[Xqo4eObgQX] figure_2.jpg -> classified as: Architecture Diagram
[Xqo4eObgQX] figure_3.jpg -> classified as: Architecture Diagram
[Xqo4eObgQX] figure_4.jpg -> classified as: Qualitative Examples
[Xqo4eObgQX] figure_1.jpg -> classified as: Qualitative Examples
[XsgHl54yO7] figure_5.jpg -> classified as: Qualitative Examples
[XsgHl54yO7] figure_6.jpg -> classified as: Qualitative Examples
[XsgHl54yO7] figure_9.jpg -> classified as: Plots / Charts
[XsgHl54yO7] figure_13.jpg -> classified as: Plots / Charts
[XsgHl54yO7] figure_2.jpg -> classified as: Plots / Charts
[XsgHl54yO7] figure_11.jpg -> classified as: Plots / Charts
[XsgHl54yO7] figure_7.jpg -> classified as: Plots / Charts
[XsgHl54yO7] figure_3.jpg -> classified as: Plots / Charts
[XsgHl54yO7] figure_4.jpg -> classified as: Plots / Charts
[XsgHl54yO7] figure_1.jpg -> classified as: Plots / Charts
[XsgHl54yO7] figure_8.jpg -> classified as: Plots / Charts
[XsgHl54yO7] figure_12.jpg -> classified as: Plots / Charts
[XsgHl54yO7] figure_14.jpg -> classified as: Plots / Charts
[XsgHl54yO7] figure_10.jpg -> classified as: Plots / Charts
[XvSLWB0kfN] figure_2.jpg -> classified as: Qualitative Examples
[XvSLWB0kfN] figure_3.jpg -> classified as: Plots / Charts
[XvSLWB0kfN] figure_1.jpg -> classified as: Qualitative Examples
[Xw0fCEMFss] figure_5.jpg -> classified as: Qualitative Examples
[Xw0fCEMFss] figure_6.jpg -> classified as: Qualitative Examples
[Xw0fCEMFss] figure_2.jpg -> classified as: Architecture Diagram
[Xw0fCEMFss] figure_7.jpg -> classified as: Qualitative Examples
[Xw0fCEMFss] figure_3.jpg -> classified as: Qualitative Examples
[Xw0fCEMFss] figure_4.jpg -> classified as: Qualitative Examples
[Xw0fCEMFss] figure_1.jpg -> classified as: Qualitative Examples
[Xw0fCEMFss] figure_8.jpg -> classified as: Qualitative Examples
[XwibrZ9MHG] figure_19.jpg -> classified as: Plots / Charts
[XwibrZ9MHG] figure_5.jpg -> classified as: Architecture Diagram
[XwibrZ9MHG] figure_6.jpg -> classified as: Qualitative Examples
[XwibrZ9MHG] figure_9.jpg -> classified as: Qualitative Examples
[XwibrZ9MHG] figure_18.jpg -> classified as: Plots / Charts
[XwibrZ9MHG] figure_13.jpg -> classified as: Qualitative Examples
[XwibrZ9MHG] figure_15.jpg -> classified as: Plots / Charts
[XwibrZ9MHG] figure_2.jpg -> classified as: Qualitative Examples
[XwibrZ9MHG] figure_11.jpg -> classified as: Plots / Charts
[XwibrZ9MHG] figure_7.jpg -> classified as: Plots / Charts
[XwibrZ9MHG] figure_3.jpg -> classified as: Qualitative Examples
[XwibrZ9MHG] figure_4.jpg -> classified as: Architecture Diagram
[XwibrZ9MHG] figure_17.jpg -> classified as: Plots / Charts
[XwibrZ9MHG] figure_1.jpg -> classified as: Qualitative Examples
[XwibrZ9MHG] figure_8.jpg -> classified as: Qualitative Examples
[XwibrZ9MHG] figure_12.jpg -> classified as: Qualitative Examples
[XwibrZ9MHG] figure_14.jpg -> classified as: Plots / Charts
[XwibrZ9MHG] figure_16.jpg -> classified as: Plots / Charts
[XwibrZ9MHG] figure_10.jpg -> classified as: Plots / Charts
[XxCgeWSTNp] figure_5.jpg -> classified as: Plots / Charts
[XxCgeWSTNp] figure_2.jpg -> classified as: Plots / Charts
[XxCgeWSTNp] figure_3.jpg -> classified as: Plots / Charts
[XxCgeWSTNp] figure_4.jpg -> classified as: Plots / Charts
[XxCgeWSTNp] figure_1.jpg -> classified as: Plots / Charts
[XyrB1Ay44j] figure_5.jpg -> classified as: Plots / Charts
[XyrB1Ay44j] figure_2.jpg -> classified as: Architecture Diagram
[XyrB1Ay44j] figure_3.jpg -> classified as: Plots / Charts
[XyrB1Ay44j] figure_4.jpg -> classified as: Plots / Charts
[XyrB1Ay44j] figure_1.jpg -> classified as: Plots / Charts
[Y0P6cOZzNm] figure_Prompt_Ⅰ__“A.jpg -> classified as: Qualitative Examples
[Y0P6cOZzNm] figure_6.jpg -> classified as: Qualitative Examples
[Y0P6cOZzNm] figure_9.jpg -> classified as: Plots / Charts
[Y0P6cOZzNm] figure_Prompt_Ⅳ__“A.jpg -> classified as: Other
  -> Skipping second pass (Other)
[Y0P6cOZzNm] figure_13.jpg -> classified as: Qualitative Examples
[Y0P6cOZzNm] figure_2.jpg -> classified as: Architecture Diagram
[Y0P6cOZzNm] figure_11.jpg -> classified as: Qualitative Examples
[Y0P6cOZzNm] figure_Prompt_Ⅷ__“A.jpg -> classified as: Teaser Image
[Y0P6cOZzNm] figure_7.jpg -> classified as: Plots / Charts
[Y0P6cOZzNm] figure_3.jpg -> classified as: Qualitative Examples
[Y0P6cOZzNm] figure_4.jpg -> classified as: Plots / Charts
[Y0P6cOZzNm] figure_Prompt_Ⅶ__“A.jpg -> classified as: Qualitative Examples
[Y0P6cOZzNm] figure_1.jpg -> classified as: Plots / Charts
[Y0P6cOZzNm] figure_8.jpg -> classified as: Plots / Charts
[Y0P6cOZzNm] figure_12.jpg -> classified as: Qualitative Examples
[Y0P6cOZzNm] figure_14.jpg -> classified as: Qualitative Examples
[Y0P6cOZzNm] figure_10.jpg -> classified as: Qualitative Examples
[Y0QqruhqIa] figure_5.jpg -> classified as: Qualitative Examples
[Y0QqruhqIa] figure_6.jpg -> classified as: Qualitative Examples
[Y0QqruhqIa] figure_9.jpg -> classified as: Qualitative Examples
[Y0QqruhqIa] figure_2.jpg -> classified as: Architecture Diagram
[Y0QqruhqIa] figure_11.jpg -> classified as: Plots / Charts
[Y0QqruhqIa] figure_7.jpg -> classified as: Qualitative Examples
[Y0QqruhqIa] figure_3.jpg -> classified as: Architecture Diagram
[Y0QqruhqIa] figure_4.jpg -> classified as: Architecture Diagram
[Y0QqruhqIa] figure_1.jpg -> classified as: Architecture Diagram
[Y0QqruhqIa] figure_8.jpg -> classified as: Qualitative Examples
[Y0QqruhqIa] figure_12.jpg -> classified as: Qualitative Examples
[Y0QqruhqIa] figure_10.jpg -> classified as: Qualitative Examples
[Y2Dh8rWwlb] figure_5.jpg -> classified as: Qualitative Examples
[Y2Dh8rWwlb] figure_6.jpg -> classified as: Teaser Image
[Y2Dh8rWwlb] figure_2.jpg -> classified as: Architecture Diagram
[Y2Dh8rWwlb] figure_7.jpg -> classified as: Qualitative Examples
[Y2Dh8rWwlb] figure_3.jpg -> classified as: Qualitative Examples
[Y2Dh8rWwlb] figure_4.jpg -> classified as: Qualitative Examples
[Y2Dh8rWwlb] figure_1.jpg -> classified as: Qualitative Examples
[Y2RW9EVwhT] figure_5.jpg -> classified as: Other
  -> Skipping second pass (Other)
[Y2RW9EVwhT] figure_6.jpg -> classified as: Qualitative Examples
[Y2RW9EVwhT] figure_Input_Image_.jpg -> classified as: Other
  -> Skipping second pass (Other)
[Y2RW9EVwhT] figure_2.jpg -> classified as: Architecture Diagram
[Y2RW9EVwhT] figure_7.jpg -> classified as: Plots / Charts
[Y2RW9EVwhT] figure_3.jpg -> classified as: Architecture Diagram
[Y2RW9EVwhT] figure_1.jpg -> classified as: Plots / Charts
[Y3BbxvAQS9] figure_5.jpg -> classified as: Architecture Diagram
[Y3BbxvAQS9] figure_6.jpg -> classified as: Architecture Diagram
[Y3BbxvAQS9] figure_9.jpg -> classified as: Plots / Charts
[Y3BbxvAQS9] figure_13.jpg -> classified as: Qualitative Examples
[Y3BbxvAQS9] figure_15.jpg -> classified as: Qualitative Examples
[Y3BbxvAQS9] figure_2.jpg -> classified as: Architecture Diagram
[Y3BbxvAQS9] figure_11.jpg -> classified as: Plots / Charts
[Y3BbxvAQS9] figure_7.jpg -> classified as: Architecture Diagram
[Y3BbxvAQS9] figure_3.jpg -> classified as: Qualitative Examples
[Y3BbxvAQS9] figure_4.jpg -> classified as: Qualitative Examples
[Y3BbxvAQS9] figure_1.jpg -> classified as: Plots / Charts
[Y3BbxvAQS9] figure_8.jpg -> classified as: Plots / Charts
[Y3BbxvAQS9] figure_12.jpg -> classified as: Plots / Charts
[Y3BbxvAQS9] figure_14.jpg -> classified as: Qualitative Examples
[Y3BbxvAQS9] figure_10.jpg -> classified as: Plots / Charts
[Y6LPWBo2HP] figure_5.jpg -> classified as: Plots / Charts
[Y6LPWBo2HP] figure_6.jpg -> classified as: Qualitative Examples
[Y6LPWBo2HP] figure_9.jpg -> classified as: Qualitative Examples
[Y6LPWBo2HP] figure_B_3.jpg -> classified as: Qualitative Examples
[Y6LPWBo2HP] figure_B_6.jpg -> classified as: Qualitative Examples
[Y6LPWBo2HP] figure_2.jpg -> classified as: Qualitative Examples
[Y6LPWBo2HP] figure_B_5.jpg -> classified as: Qualitative Examples
[Y6LPWBo2HP] figure_B.jpg -> classified as: Qualitative Examples
[Y6LPWBo2HP] figure_7.jpg -> classified as: Plots / Charts
[Y6LPWBo2HP] figure_3.jpg -> classified as: Architecture Diagram
[Y6LPWBo2HP] figure_B_4.jpg -> classified as: Qualitative Examples
[Y6LPWBo2HP] figure_B_1.jpg -> classified as: Qualitative Examples
[Y6LPWBo2HP] figure_B_2.jpg -> classified as: Plots / Charts
[Y6LPWBo2HP] figure_1.jpg -> classified as: Architecture Diagram
[Y6LPWBo2HP] figure_8.jpg -> classified as: Plots / Charts
[Y6LPWBo2HP] figure_10.jpg -> classified as: Qualitative Examples
[Y6aHdDNQYD] figure_5.jpg -> classified as: Plots / Charts
[Y6aHdDNQYD] figure_6.jpg -> classified as: Plots / Charts
[Y6aHdDNQYD] figure_9.jpg -> classified as: Qualitative Examples
[Y6aHdDNQYD] figure_2.jpg -> classified as: Plots / Charts
[Y6aHdDNQYD] figure_7.jpg -> classified as: Plots / Charts
[Y6aHdDNQYD] figure_3.jpg -> classified as: Architecture Diagram
[Y6aHdDNQYD] figure_4.jpg -> classified as: Architecture Diagram
[Y6aHdDNQYD] figure_1.jpg -> classified as: Qualitative Examples
[Y6aHdDNQYD] figure_8.jpg -> classified as: Qualitative Examples
[Y7jJN0VQ4y] figure_2.jpg -> classified as: Qualitative Examples
[Y7jJN0VQ4y] figure_1.jpg -> classified as: Architecture Diagram
[Y8KK9kjgIK] figure_5.jpg -> classified as: Plots / Charts
[Y8KK9kjgIK] figure_6.jpg -> classified as: Plots / Charts
[Y8KK9kjgIK] figure_9.jpg -> classified as: Plots / Charts
[Y8KK9kjgIK] figure_2.jpg -> classified as: Plots / Charts
[Y8KK9kjgIK] figure_11.jpg -> classified as: Plots / Charts
[Y8KK9kjgIK] figure_7.jpg -> classified as: Plots / Charts
[Y8KK9kjgIK] figure_3.jpg -> classified as: Plots / Charts
[Y8KK9kjgIK] figure_4.jpg -> classified as: Plots / Charts
[Y8KK9kjgIK] figure_1.jpg -> classified as: Architecture Diagram
[Y8KK9kjgIK] figure_8.jpg -> classified as: Plots / Charts
[Y8KK9kjgIK] figure_12.jpg -> classified as: Plots / Charts
[Y8KK9kjgIK] figure_10.jpg -> classified as: Plots / Charts
[Y8Kwl7GFAd] figure_5.jpg -> classified as: Qualitative Examples
[Y8Kwl7GFAd] figure_6.jpg -> classified as: Qualitative Examples
[Y8Kwl7GFAd] figure_9.jpg -> classified as: Qualitative Examples
[Y8Kwl7GFAd] figure_13.jpg -> classified as: Plots / Charts
[Y8Kwl7GFAd] figure_15.jpg -> classified as: Plots / Charts
[Y8Kwl7GFAd] figure_2.jpg -> classified as: Architecture Diagram
[Y8Kwl7GFAd] figure_11.jpg -> classified as: Plots / Charts
[Y8Kwl7GFAd] figure_7.jpg -> classified as: Plots / Charts
[Y8Kwl7GFAd] figure_3.jpg -> classified as: Plots / Charts
[Y8Kwl7GFAd] figure_4.jpg -> classified as: Plots / Charts
[Y8Kwl7GFAd] figure_1.jpg -> classified as: Architecture Diagram
[Y8Kwl7GFAd] figure_8.jpg -> classified as: Plots / Charts
[Y8Kwl7GFAd] figure_12.jpg -> classified as: Plots / Charts
[Y8Kwl7GFAd] figure_14.jpg -> classified as: Plots / Charts
[Y8Kwl7GFAd] figure_16.jpg -> classified as: Plots / Charts
[Y8Kwl7GFAd] figure_10.jpg -> classified as: Plots / Charts
[YCWjhGrJFD] figure_5.jpg -> classified as: Qualitative Examples
[YCWjhGrJFD] figure_6.jpg -> classified as: Qualitative Examples
[YCWjhGrJFD] figure_9.jpg -> classified as: Qualitative Examples
[YCWjhGrJFD] figure_13.jpg -> classified as: Qualitative Examples
[YCWjhGrJFD] figure_15.jpg -> classified as: Qualitative Examples
[YCWjhGrJFD] figure_2.jpg -> classified as: Architecture Diagram
[YCWjhGrJFD] figure_11.jpg -> classified as: Plots / Charts
[YCWjhGrJFD] figure_7.jpg -> classified as: Qualitative Examples
[YCWjhGrJFD] figure_3.jpg -> classified as: Qualitative Examples
[YCWjhGrJFD] figure_4.jpg -> classified as: Plots / Charts
[YCWjhGrJFD] figure_1.jpg -> classified as: Qualitative Examples
[YCWjhGrJFD] figure_8.jpg -> classified as: Plots / Charts
[YCWjhGrJFD] figure_12.jpg -> classified as: Plots / Charts
[YCWjhGrJFD] figure_14.jpg -> classified as: Qualitative Examples
[YCWjhGrJFD] figure_16.jpg -> classified as: Qualitative Examples
[YCWjhGrJFD] figure_10.jpg -> classified as: Plots / Charts
[YD6xlDstbz] figure_A.jpg -> classified as: Plots / Charts
[YD6xlDstbz] figure_“Two_samurais_locked.jpg -> classified as: Qualitative Examples
[YD6xlDstbz] figure_5.jpg -> classified as: Plots / Charts
[YD6xlDstbz] figure_(a)_PIXART-_$_alpha$.jpg -> classified as: Qualitative Examples
[YD6xlDstbz] figure_I.jpg -> classified as: Qualitative Examples
[YD6xlDstbz] figure_H.jpg -> classified as: Qualitative Examples
[YD6xlDstbz] figure_2.jpg -> classified as: Plots / Charts
[YD6xlDstbz] figure_F.jpg -> classified as: Qualitative Examples
[YD6xlDstbz] figure_K.jpg -> classified as: Qualitative Examples
[YD6xlDstbz] figure_B.jpg -> classified as: Plots / Charts
[YD6xlDstbz] figure_7.jpg -> classified as: Plots / Charts
[YD6xlDstbz] figure_E.jpg -> classified as: Qualitative Examples
[YD6xlDstbz] figure_G.jpg -> classified as: Qualitative Examples
[YD6xlDstbz] figure_3.jpg -> classified as: Architecture Diagram
[YD6xlDstbz] figure_D.jpg -> classified as: Qualitative Examples
[YD6xlDstbz] figure_4.jpg -> classified as: Architecture Diagram
[YD6xlDstbz] figure_J.jpg -> classified as: Qualitative Examples
[YD6xlDstbz] figure_C.jpg -> classified as: Qualitative Examples
[YD6xlDstbz] figure_1.jpg -> classified as: Qualitative Examples
[YD6xlDstbz] figure_8.jpg -> classified as: Plots / Charts
[YEhQs8POIo] figure_30.jpg -> classified as: Plots / Charts
[YEhQs8POIo] figure_19.jpg -> classified as: Qualitative Examples
[YEhQs8POIo] figure_23.jpg -> classified as: Plots / Charts
[YEhQs8POIo] figure_29.jpg -> classified as: Plots / Charts
[YEhQs8POIo] figure_24.jpg -> classified as: Qualitative Examples
[YEhQs8POIo] figure_5.jpg -> classified as: Plots / Charts
[YEhQs8POIo] figure_6.jpg -> classified as: Qualitative Examples
[YEhQs8POIo] figure_9.jpg -> classified as: Plots / Charts
[YEhQs8POIo] figure_42.jpg -> classified as: Plots / Charts
[YEhQs8POIo] figure_39.jpg -> classified as: Plots / Charts
[YEhQs8POIo] figure_22.jpg -> classified as: Qualitative Examples
[YEhQs8POIo] figure_28.jpg -> classified as: Plots / Charts
[YEhQs8POIo] figure_18.jpg -> classified as: Plots / Charts
[YEhQs8POIo] figure_13.jpg -> classified as: Qualitative Examples
[YEhQs8POIo] figure_(b)_The_distance_2.jpg -> classified as: Plots / Charts
[YEhQs8POIo] figure_15.jpg -> classified as: Qualitative Examples
[YEhQs8POIo] figure_2.jpg -> classified as: Other
  -> Skipping second pass (Other)
[YEhQs8POIo] figure_38.jpg -> classified as: Plots / Charts
[YEhQs8POIo] figure_20.jpg -> classified as: Plots / Charts
[YEhQs8POIo] figure_11.jpg -> classified as: Plots / Charts
[YEhQs8POIo] figure_35.jpg -> classified as: Qualitative Examples
[YEhQs8POIo] figure_(b)_The_distance_1.jpg -> classified as: Plots / Charts
[YEhQs8POIo] figure_(b)_The_distance.jpg -> classified as: Plots / Charts
[YEhQs8POIo] figure_7.jpg -> classified as: Plots / Charts
[YEhQs8POIo] figure_34.jpg -> classified as: Qualitative Examples
[YEhQs8POIo] figure_3.jpg -> classified as: Qualitative Examples
[YEhQs8POIo] figure_33.jpg -> classified as: Qualitative Examples
[YEhQs8POIo] figure_4.jpg -> classified as: Plots / Charts
[YEhQs8POIo] figure_36.jpg -> classified as: Qualitative Examples
[YEhQs8POIo] figure_40.jpg -> classified as: Plots / Charts
[YEhQs8POIo] figure_31.jpg -> classified as: Qualitative Examples
[YEhQs8POIo] figure_17.jpg -> classified as: Plots / Charts
[YEhQs8POIo] figure_41.jpg -> classified as: Plots / Charts
[YEhQs8POIo] figure_1.jpg -> classified as: Architecture Diagram
[YEhQs8POIo] figure_27.jpg -> classified as: Plots / Charts
[YEhQs8POIo] figure_37.jpg -> classified as: Qualitative Examples
[YEhQs8POIo] figure_8.jpg -> classified as: Qualitative Examples
[YEhQs8POIo] figure_12.jpg -> classified as: Plots / Charts
[YEhQs8POIo] figure_25.jpg -> classified as: Qualitative Examples
[YEhQs8POIo] figure_21.jpg -> classified as: Qualitative Examples
[YEhQs8POIo] figure_26.jpg -> classified as: Qualitative Examples
[YEhQs8POIo] figure_14.jpg -> classified as: Qualitative Examples
[YEhQs8POIo] figure_32.jpg -> classified as: Qualitative Examples
[YEhQs8POIo] figure_16.jpg -> classified as: Qualitative Examples
[YEhQs8POIo] figure_10.jpg -> classified as: Plots / Charts
[YFxfcQMLWX] figure_2.jpg -> classified as: Plots / Charts
[YFxfcQMLWX] figure_1.jpg -> classified as: Architecture Diagram
[YGWxpOI6Y0] figure_5.jpg -> classified as: Other
  -> Skipping second pass (Other)
[YGWxpOI6Y0] figure_6.jpg -> classified as: Other
  -> Skipping second pass (Other)
[YGWxpOI6Y0] figure_9.jpg -> classified as: Other
  -> Skipping second pass (Other)
[YGWxpOI6Y0] figure_7.jpg -> classified as: Qualitative Examples
[YGWxpOI6Y0] figure_3.jpg -> classified as: Architecture Diagram
[YGWxpOI6Y0] figure_4.jpg -> classified as: Other
  -> Skipping second pass (Other)
[YGWxpOI6Y0] figure_1.jpg -> classified as: Plots / Charts
[YH5w12OUuU] figure_5.jpg -> classified as: Plots / Charts
[YH5w12OUuU] figure_6.jpg -> classified as: Plots / Charts
[YH5w12OUuU] figure_9.jpg -> classified as: Plots / Charts
[YH5w12OUuU] figure_18.jpg -> classified as: Qualitative Examples
[YH5w12OUuU] figure_15.jpg -> classified as: Plots / Charts
[YH5w12OUuU] figure_2.jpg -> classified as: Plots / Charts
[YH5w12OUuU] figure_11.jpg -> classified as: Plots / Charts
[YH5w12OUuU] figure_7.jpg -> classified as: Plots / Charts
[YH5w12OUuU] figure_3.jpg -> classified as: Plots / Charts
[YH5w12OUuU] figure_4.jpg -> classified as: Plots / Charts
[YH5w12OUuU] figure_17.jpg -> classified as: Plots / Charts
[YH5w12OUuU] figure_1.jpg -> classified as: Architecture Diagram
[YH5w12OUuU] figure_8.jpg -> classified as: Plots / Charts
[YH5w12OUuU] figure_12.jpg -> classified as: Plots / Charts
[YH5w12OUuU] figure_14.jpg -> classified as: Plots / Charts
[YH5w12OUuU] figure_16.jpg -> classified as: Qualitative Examples
[YJwnlplKQ7] figure_5.jpg -> classified as: Plots / Charts
[YJwnlplKQ7] figure_6.jpg -> classified as: Architecture Diagram
[YJwnlplKQ7] figure_9.jpg -> classified as: Qualitative Examples
[YJwnlplKQ7] figure_2.jpg -> classified as: Architecture Diagram
[YJwnlplKQ7] figure_7.jpg -> classified as: Qualitative Examples
[YJwnlplKQ7] figure_3.jpg -> classified as: Architecture Diagram
[YJwnlplKQ7] figure_4.jpg -> classified as: Qualitative Examples
[YJwnlplKQ7] figure_1.jpg -> classified as: Architecture Diagram
[YJwnlplKQ7] figure_8.jpg -> classified as: Qualitative Examples
[YJwnlplKQ7] figure_10.jpg -> classified as: Qualitative Examples
[YMvRZCA8Zo] figure_1.jpg -> classified as: Architecture Diagram
[YOKnEkIuoi] figure_5.jpg -> classified as: Other
  -> Skipping second pass (Other)
[YOKnEkIuoi] figure_6.jpg -> classified as: Qualitative Examples
[YOKnEkIuoi] figure_9.jpg -> classified as: Qualitative Examples
[YOKnEkIuoi] figure_13.jpg -> classified as: Plots / Charts
[YOKnEkIuoi] figure_15.jpg -> classified as: Qualitative Examples
[YOKnEkIuoi] figure_2.jpg -> classified as: Plots / Charts
[YOKnEkIuoi] figure_11.jpg -> classified as: Plots / Charts
[YOKnEkIuoi] figure_7.jpg -> classified as: Qualitative Examples
[YOKnEkIuoi] figure_3.jpg -> classified as: Architecture Diagram
[YOKnEkIuoi] figure_4.jpg -> classified as: Architecture Diagram
[YOKnEkIuoi] figure_17.jpg -> classified as: Plots / Charts
[YOKnEkIuoi] figure_1.jpg -> classified as: Qualitative Examples
[YOKnEkIuoi] figure_8.jpg -> classified as: Qualitative Examples
[YOKnEkIuoi] figure_12.jpg -> classified as: Plots / Charts
[YOKnEkIuoi] figure_14.jpg -> classified as: Qualitative Examples
[YOKnEkIuoi] figure_16.jpg -> classified as: Qualitative Examples
[YOKnEkIuoi] figure_10.jpg -> classified as: Qualitative Examples
[YQjdNC0NkW] figure_5.jpg -> classified as: Qualitative Examples
[YQjdNC0NkW] figure_2.jpg -> classified as: Qualitative Examples
[YQjdNC0NkW] figure_3.jpg -> classified as: Qualitative Examples
[YQjdNC0NkW] figure_4.jpg -> classified as: Qualitative Examples
[YQjdNC0NkW] figure_1.jpg -> classified as: Architecture Diagram
[YR3ETaElNK] figure_A1.jpg -> classified as: Plots / Charts
[YR3ETaElNK] figure_A2.jpg -> classified as: Plots / Charts
[YR3ETaElNK] figure_2.jpg -> classified as: Plots / Charts
[YR3ETaElNK] figure_3.jpg -> classified as: Plots / Charts
[YR3ETaElNK] figure_4.jpg -> classified as: Plots / Charts
[YR3ETaElNK] figure_1.jpg -> classified as: Other
  -> Skipping second pass (Other)
[YR3ETaElNK] figure_A4.jpg -> classified as: Plots / Charts
[YR3ETaElNK] figure_A3.jpg -> classified as: Plots / Charts
[YRJDZYGmAZ] figure_5.jpg -> classified as: Plots / Charts
[YRJDZYGmAZ] figure_6.jpg -> classified as: Plots / Charts
[YRJDZYGmAZ] figure_2.jpg -> classified as: Architecture Diagram
[YRJDZYGmAZ] figure_7.jpg -> classified as: Plots / Charts
[YRJDZYGmAZ] figure_3.jpg -> classified as: Architecture Diagram
[YRJDZYGmAZ] figure_4.jpg -> classified as: Plots / Charts
[YRJDZYGmAZ] figure_1.jpg -> classified as: Architecture Diagram
[YS5zdlSzvv] figure_19.jpg -> classified as: Qualitative Examples
[YS5zdlSzvv] figure_5.jpg -> classified as: Qualitative Examples
[YS5zdlSzvv] figure_6.jpg -> classified as: Qualitative Examples
[YS5zdlSzvv] figure_9.jpg -> classified as: Qualitative Examples
[YS5zdlSzvv] figure_22.jpg -> classified as: Qualitative Examples
[YS5zdlSzvv] figure_18.jpg -> classified as: Qualitative Examples
[YS5zdlSzvv] figure_13.jpg -> classified as: Qualitative Examples
[YS5zdlSzvv] figure_15.jpg -> classified as: Qualitative Examples
[YS5zdlSzvv] figure_2.jpg -> classified as: Architecture Diagram
[YS5zdlSzvv] figure_20.jpg -> classified as: Qualitative Examples
[YS5zdlSzvv] figure_11.jpg -> classified as: Qualitative Examples
[YS5zdlSzvv] figure_7.jpg -> classified as: Qualitative Examples
[YS5zdlSzvv] figure_3.jpg -> classified as: Architecture Diagram
[YS5zdlSzvv] figure_4.jpg -> classified as: Qualitative Examples
[YS5zdlSzvv] figure_17.jpg -> classified as: Qualitative Examples
[YS5zdlSzvv] figure_1.jpg -> classified as: Qualitative Examples
[YS5zdlSzvv] figure_8.jpg -> classified as: Qualitative Examples
[YS5zdlSzvv] figure_12.jpg -> classified as: Qualitative Examples
[YS5zdlSzvv] figure_21.jpg -> classified as: Qualitative Examples
[YS5zdlSzvv] figure_14.jpg -> classified as: Qualitative Examples
[YS5zdlSzvv] figure_16.jpg -> classified as: Qualitative Examples
[YS5zdlSzvv] figure_10.jpg -> classified as: Qualitative Examples
[YSJNKWOjKV] figure_5.jpg -> classified as: Qualitative Examples
[YSJNKWOjKV] figure_6.jpg -> classified as: Qualitative Examples
[YSJNKWOjKV] figure_2.jpg -> classified as: Qualitative Examples
[YSJNKWOjKV] figure_7.jpg -> classified as: Qualitative Examples
[YSJNKWOjKV] figure_3.jpg -> classified as: Qualitative Examples
[YSJNKWOjKV] figure_4.jpg -> classified as: Qualitative Examples
[YSJNKWOjKV] figure_1.jpg -> classified as: Architecture Diagram
[YSJNKWOjKV] figure_8.jpg -> classified as: Qualitative Examples
[YSTaRLVP2G] figure_5.jpg -> classified as: Plots / Charts
[YSTaRLVP2G] figure_6.jpg -> classified as: Plots / Charts
[YSTaRLVP2G] figure_2.jpg -> classified as: Plots / Charts
[YSTaRLVP2G] figure_7.jpg -> classified as: Plots / Charts
[YSTaRLVP2G] figure_3.jpg -> classified as: Architecture Diagram
[YSTaRLVP2G] figure_4.jpg -> classified as: Plots / Charts
[YSTaRLVP2G] figure_1.jpg -> classified as: Plots / Charts
[YZ7NWYBd5z] figure_5.jpg -> classified as: Qualitative Examples
[YZ7NWYBd5z] figure_2.jpg -> classified as: Architecture Diagram
[YZ7NWYBd5z] figure_3.jpg -> classified as: Architecture Diagram
[YZ7NWYBd5z] figure_4.jpg -> classified as: Qualitative Examples
[YZ7NWYBd5z] figure_1.jpg -> classified as: Architecture Diagram
[YaeZwhXJ4k] figure_5.jpg -> classified as: Plots / Charts
[YaeZwhXJ4k] figure_6.jpg -> classified as: Qualitative Examples
[YaeZwhXJ4k] figure_9.jpg -> classified as: Qualitative Examples
[YaeZwhXJ4k] figure_2.jpg -> classified as: Plots / Charts
[YaeZwhXJ4k] figure_7.jpg -> classified as: Qualitative Examples
[YaeZwhXJ4k] figure_3.jpg -> classified as: Plots / Charts
[YaeZwhXJ4k] figure_4.jpg -> classified as: Qualitative Examples
[YaeZwhXJ4k] figure_1.jpg -> classified as: Architecture Diagram
[YaeZwhXJ4k] figure_8.jpg -> classified as: Plots / Charts
[Yb5KvPkKQg] figure_2.jpg -> classified as: Architecture Diagram
[Yb5KvPkKQg] figure_3.jpg -> classified as: Qualitative Examples
[Yb5KvPkKQg] figure_1.jpg -> classified as: Qualitative Examples
[Ybjnk3VN4W] figure_2.jpg -> classified as: Plots / Charts
[Ybjnk3VN4W] figure_3.jpg -> classified as: Architecture Diagram
[Ybjnk3VN4W] figure_4.jpg -> classified as: Architecture Diagram
[Ybjnk3VN4W] figure_1.jpg -> classified as: Architecture Diagram
[YcM6ofShwY] figure_5.jpg -> classified as: Plots / Charts
[YcM6ofShwY] figure_6.jpg -> classified as: Plots / Charts
[YcM6ofShwY] figure_9.jpg -> classified as: Qualitative Examples
[YcM6ofShwY] figure_2.jpg -> classified as: Plots / Charts
[YcM6ofShwY] figure_11.jpg -> classified as: Qualitative Examples
[YcM6ofShwY] figure_7.jpg -> classified as: Qualitative Examples
[YcM6ofShwY] figure_3.jpg -> classified as: Qualitative Examples
[YcM6ofShwY] figure_4.jpg -> classified as: Qualitative Examples
[YcM6ofShwY] figure_a_hamster_working.jpg -> classified as: Qualitative Examples
[YcM6ofShwY] figure_1.jpg -> classified as: Qualitative Examples
[YcM6ofShwY] figure_8.jpg -> classified as: Qualitative Examples
[YcM6ofShwY] figure_12.jpg -> classified as: Qualitative Examples
[YcM6ofShwY] figure_10.jpg -> classified as: Qualitative Examples
[Yd5MHVIKLk] figure_5.jpg -> classified as: Qualitative Examples
[Yd5MHVIKLk] figure_6.jpg -> classified as: Qualitative Examples
[Yd5MHVIKLk] figure_10_1.jpg -> classified as: Qualitative Examples
[Yd5MHVIKLk] figure_13.jpg -> classified as: Qualitative Examples
[Yd5MHVIKLk] figure_15.jpg -> classified as: Qualitative Examples
[Yd5MHVIKLk] figure_2.jpg -> classified as: Qualitative Examples
[Yd5MHVIKLk] figure_7.jpg -> classified as: Qualitative Examples
[Yd5MHVIKLk] figure_3.jpg -> classified as: Architecture Diagram
[Yd5MHVIKLk] figure_4.jpg -> classified as: Qualitative Examples
[Yd5MHVIKLk] figure_1.jpg -> classified as: Architecture Diagram
[Yd5MHVIKLk] figure_8.jpg -> classified as: Qualitative Examples
[Yd5MHVIKLk] figure_12.jpg -> classified as: Qualitative Examples
[Yd5MHVIKLk] figure_14.jpg -> classified as: Other
  -> Skipping second pass (Other)
[Yd5MHVIKLk] figure_10.jpg -> classified as: Architecture Diagram
[YeOxaKHE9b] figure_5.jpg -> classified as: Qualitative Examples
[YeOxaKHE9b] figure_6.jpg -> classified as: Qualitative Examples
[YeOxaKHE9b] figure_9.jpg -> classified as: Qualitative Examples
[YeOxaKHE9b] figure_2.jpg -> classified as: Architecture Diagram
[YeOxaKHE9b] figure_7.jpg -> classified as: Plots / Charts
[YeOxaKHE9b] figure_3.jpg -> classified as: Architecture Diagram
[YeOxaKHE9b] figure_4.jpg -> classified as: Qualitative Examples
[YeOxaKHE9b] figure_1.jpg -> classified as: Architecture Diagram
[YeOxaKHE9b] figure_8.jpg -> classified as: Qualitative Examples
[Yen1lGns2o] figure_5.jpg -> classified as: Qualitative Examples
[Yen1lGns2o] figure_6.jpg -> classified as: Qualitative Examples
[Yen1lGns2o] figure_2.jpg -> classified as: Plots / Charts
[Yen1lGns2o] figure_3.jpg -> classified as: Architecture Diagram
[Yen1lGns2o] figure_4.jpg -> classified as: Qualitative Examples
[Yen1lGns2o] figure_1.jpg -> classified as: Qualitative Examples
[YjpswiEHyQ] figure_5.jpg -> classified as: Qualitative Examples
[YjpswiEHyQ] figure_6.jpg -> classified as: Qualitative Examples
[YjpswiEHyQ] figure_2.jpg -> classified as: Architecture Diagram
[YjpswiEHyQ] figure_3.jpg -> classified as: Plots / Charts
[YjpswiEHyQ] figure_4.jpg -> classified as: Plots / Charts
[YjpswiEHyQ] figure_1.jpg -> classified as: Architecture Diagram
[YkRwadXWHd] figure_2.jpg -> classified as: Architecture Diagram
[YkRwadXWHd] figure_3.jpg -> classified as: Architecture Diagram
[YkRwadXWHd] figure_1.jpg -> classified as: Architecture Diagram
[YlWvQSBCgl] figure_2.jpg -> classified as: Other
  -> Skipping second pass (Other)
[YlWvQSBCgl] figure_3.jpg -> classified as: Qualitative Examples
[YlWvQSBCgl] figure_4.jpg -> classified as: Qualitative Examples
[YlWvQSBCgl] figure_1.jpg -> classified as: Plots / Charts
[Ylk98vWQuQ] figure_S1.jpg -> classified as: Architecture Diagram
[Ylk98vWQuQ] figure_5.jpg -> classified as: Qualitative Examples
[Ylk98vWQuQ] figure_6.jpg -> classified as: Architecture Diagram
[Ylk98vWQuQ] figure_S2.jpg -> classified as: Plots / Charts
[Ylk98vWQuQ] figure_9.jpg -> classified as: Qualitative Examples
[Ylk98vWQuQ] figure_2.jpg -> classified as: Qualitative Examples
[Ylk98vWQuQ] figure_S5.jpg -> classified as: Qualitative Examples
[Ylk98vWQuQ] figure_7.jpg -> classified as: Plots / Charts
[Ylk98vWQuQ] figure_3.jpg -> classified as: Plots / Charts
[Ylk98vWQuQ] figure_S7.jpg -> classified as: Qualitative Examples
[Ylk98vWQuQ] figure_S4.jpg -> classified as: Plots / Charts
[Ylk98vWQuQ] figure_4.jpg -> classified as: Architecture Diagram
[Ylk98vWQuQ] figure_1.jpg -> classified as: Qualitative Examples
[Ylk98vWQuQ] figure_8.jpg -> classified as: Plots / Charts
[Ylk98vWQuQ] figure_S3.jpg -> classified as: Qualitative Examples
[YqitLs4nHa] figure_5.jpg -> classified as: Architecture Diagram
[YqitLs4nHa] figure_2.jpg -> classified as: Architecture Diagram
[YqitLs4nHa] figure_3.jpg -> classified as: Plots / Charts
[YqitLs4nHa] figure_4.jpg -> classified as: Plots / Charts
[YqitLs4nHa] figure_1.jpg -> classified as: Plots / Charts
[YqyTXmF8Y2] figure_5.jpg -> classified as: Qualitative Examples
[YqyTXmF8Y2] figure_6.jpg -> classified as: Qualitative Examples
[YqyTXmF8Y2] figure_9.jpg -> classified as: Qualitative Examples
[YqyTXmF8Y2] figure_18.jpg -> classified as: Qualitative Examples
[YqyTXmF8Y2] figure_13.jpg -> classified as: Qualitative Examples
[YqyTXmF8Y2] figure_15.jpg -> classified as: Qualitative Examples
[YqyTXmF8Y2] figure_2.jpg -> classified as: Architecture Diagram
[YqyTXmF8Y2] figure_11.jpg -> classified as: Qualitative Examples
[YqyTXmF8Y2] figure_7.jpg -> classified as: Qualitative Examples
[YqyTXmF8Y2] figure_3.jpg -> classified as: Qualitative Examples
[YqyTXmF8Y2] figure_4.jpg -> classified as: Qualitative Examples
[YqyTXmF8Y2] figure_17.jpg -> classified as: Qualitative Examples
[YqyTXmF8Y2] figure_1.jpg -> classified as: Qualitative Examples
[YqyTXmF8Y2] figure_8.jpg -> classified as: Qualitative Examples
[YqyTXmF8Y2] figure_12.jpg -> classified as: Qualitative Examples
[YqyTXmF8Y2] figure_14.jpg -> classified as: Plots / Charts
[YqyTXmF8Y2] figure_16.jpg -> classified as: Qualitative Examples
[YqyTXmF8Y2] figure_10.jpg -> classified as: Qualitative Examples
[Yr4RgiZ7P5] figure_5.jpg -> classified as: Plots / Charts
[Yr4RgiZ7P5] figure_6.jpg -> classified as: Plots / Charts
[Yr4RgiZ7P5] figure_2.jpg -> classified as: Qualitative Examples
[Yr4RgiZ7P5] figure_11.jpg -> classified as: Qualitative Examples
[Yr4RgiZ7P5] figure_7.jpg -> classified as: Qualitative Examples
[Yr4RgiZ7P5] figure_3.jpg -> classified as: Architecture Diagram
[Yr4RgiZ7P5] figure_4.jpg -> classified as: Qualitative Examples
[Yr4RgiZ7P5] figure_1.jpg -> classified as: Qualitative Examples
[Yr4RgiZ7P5] figure_8.jpg -> classified as: Qualitative Examples
[Yr4RgiZ7P5] figure_12.jpg -> classified as: Qualitative Examples
[Yr4RgiZ7P5] figure_10.jpg -> classified as: Qualitative Examples
[YveXwFMUr1] figure_5.jpg -> classified as: Qualitative Examples
[YveXwFMUr1] figure_2.jpg -> classified as: Architecture Diagram
[YveXwFMUr1] figure_3.jpg -> classified as: Architecture Diagram
[YveXwFMUr1] figure_4.jpg -> classified as: Plots / Charts
[YveXwFMUr1] figure_1.jpg -> classified as: Architecture Diagram
[YveXwFMUr1] figure_1_1.jpg -> classified as: Qualitative Examples
[YwzxpZW3p7] figure_2.jpg -> classified as: Qualitative Examples
[YwzxpZW3p7] figure_3.jpg -> classified as: Plots / Charts
[YwzxpZW3p7] figure_4.jpg -> classified as: Plots / Charts
[YwzxpZW3p7] figure_1.jpg -> classified as: Plots / Charts
[Yx9j88efei] figure_5.jpg -> classified as: Plots / Charts
[Yx9j88efei] figure_6.jpg -> classified as: Architecture Diagram
[Yx9j88efei] figure_2.jpg -> classified as: Architecture Diagram
[Yx9j88efei] figure_7.jpg -> classified as: Plots / Charts
[Yx9j88efei] figure_3.jpg -> classified as: Plots / Charts
[Yx9j88efei] figure_4.jpg -> classified as: Architecture Diagram
[Yx9j88efei] figure_1.jpg -> classified as: Architecture Diagram
[Z0qvzed8TK] figure_5.jpg -> classified as: Plots / Charts
[Z0qvzed8TK] figure_6.jpg -> classified as: Plots / Charts
[Z0qvzed8TK] figure_Question_What_is.jpg -> classified as: Other
  -> Skipping second pass (Other)
[Z0qvzed8TK] figure_Question_What_is_the.jpg -> classified as: Other
  -> Skipping second pass (Other)
[Z0qvzed8TK] figure_Question_(s_this.jpg -> classified as: Plots / Charts
[Z0qvzed8TK] figure_13.jpg -> classified as: Plots / Charts
[Z0qvzed8TK] figure_15.jpg -> classified as: Qualitative Examples
[Z0qvzed8TK] figure_2.jpg -> classified as: Plots / Charts
[Z0qvzed8TK] figure_11.jpg -> classified as: Plots / Charts
[Z0qvzed8TK] figure_7.jpg -> classified as: Qualitative Examples
[Z0qvzed8TK] figure_3.jpg -> classified as: Architecture Diagram
[Z0qvzed8TK] figure_4.jpg -> classified as: Plots / Charts
[Z0qvzed8TK] figure_1.jpg -> classified as: Qualitative Examples
[Z0qvzed8TK] figure_8.jpg -> classified as: Plots / Charts
[Z0qvzed8TK] figure_12.jpg -> classified as: Other
  -> Skipping second pass (Other)
[Z0qvzed8TK] figure_14.jpg -> classified as: Plots / Charts
[Z0qvzed8TK] figure_10.jpg -> classified as: Plots / Charts
[Z1Em654CSE] figure_A_2.jpg -> classified as: Qualitative Examples
[Z1Em654CSE] figure_A.jpg -> classified as: Qualitative Examples
[Z1Em654CSE] figure_A_3.jpg -> classified as: Qualitative Examples
[Z1Em654CSE] figure_2.jpg -> classified as: Plots / Charts
[Z1Em654CSE] figure_A_6.jpg -> classified as: Qualitative Examples
[Z1Em654CSE] figure_A_1.jpg -> classified as: Qualitative Examples
[Z1Em654CSE] figure_A_5.jpg -> classified as: Qualitative Examples
[Z1Em654CSE] figure_3.jpg -> classified as: Qualitative Examples
[Z1Em654CSE] figure_4.jpg -> classified as: Architecture Diagram
[Z1Em654CSE] figure_1.jpg -> classified as: Plots / Charts
[Z1Em654CSE] figure_A_4.jpg -> classified as: Qualitative Examples
[Z2dVrgLpsF] figure_5.jpg -> classified as: Plots / Charts
[Z2dVrgLpsF] figure_6.jpg -> classified as: Qualitative Examples
[Z2dVrgLpsF] figure_2.jpg -> classified as: Plots / Charts
[Z2dVrgLpsF] figure_7.jpg -> classified as: Qualitative Examples
[Z2dVrgLpsF] figure_3.jpg -> classified as: Plots / Charts
[Z2dVrgLpsF] figure_4.jpg -> classified as: Plots / Charts
[Z2dVrgLpsF] figure_1.jpg -> classified as: Plots / Charts
[Z2xLkpkh0s] figure_6.jpg -> classified as: Plots / Charts
[Z2xLkpkh0s] figure_2.jpg -> classified as: Architecture Diagram
[Z2xLkpkh0s] figure_7.jpg -> classified as: Plots / Charts
[Z2xLkpkh0s] figure_3.jpg -> classified as: Architecture Diagram
[Z2xLkpkh0s] figure_4.jpg -> classified as: Plots / Charts
[Z2xLkpkh0s] figure_1.jpg -> classified as: Architecture Diagram
[Z2xLkpkh0s] figure_8.jpg -> classified as: Qualitative Examples
[Z30Mdbv5jO] figure_5.jpg -> classified as: Qualitative Examples
[Z30Mdbv5jO] figure_6.jpg -> classified as: Qualitative Examples
[Z30Mdbv5jO] figure_9.jpg -> classified as: Qualitative Examples
[Z30Mdbv5jO] figure_2.jpg -> classified as: Architecture Diagram
[Z30Mdbv5jO] figure_11.jpg -> classified as: Qualitative Examples
[Z30Mdbv5jO] figure_7.jpg -> classified as: Qualitative Examples
[Z30Mdbv5jO] figure_3.jpg -> classified as: Qualitative Examples
[Z30Mdbv5jO] figure_4.jpg -> classified as: Qualitative Examples
[Z30Mdbv5jO] figure_1.jpg -> classified as: Architecture Diagram
[Z30Mdbv5jO] figure_8.jpg -> classified as: Qualitative Examples
[Z30Mdbv5jO] figure_12.jpg -> classified as: Qualitative Examples
[Z30Mdbv5jO] figure_10.jpg -> classified as: Architecture Diagram
[Z4rus4p7Zu] figure_5.jpg -> classified as: Plots / Charts
[Z4rus4p7Zu] figure_6.jpg -> classified as: Qualitative Examples
[Z4rus4p7Zu] figure_9.jpg -> classified as: Plots / Charts
[Z4rus4p7Zu] figure_13.jpg -> classified as: Qualitative Examples
[Z4rus4p7Zu] figure_2.jpg -> classified as: Architecture Diagram
[Z4rus4p7Zu] figure_11.jpg -> classified as: Qualitative Examples
[Z4rus4p7Zu] figure_7.jpg -> classified as: Plots / Charts
[Z4rus4p7Zu] figure_3.jpg -> classified as: Plots / Charts
[Z4rus4p7Zu] figure_4.jpg -> classified as: Plots / Charts
[Z4rus4p7Zu] figure_1.jpg -> classified as: Plots / Charts
[Z4rus4p7Zu] figure_8.jpg -> classified as: Plots / Charts
[Z4rus4p7Zu] figure_12.jpg -> classified as: Qualitative Examples
[Z4rus4p7Zu] figure_14.jpg -> classified as: Qualitative Examples
[Z4rus4p7Zu] figure_10.jpg -> classified as: Qualitative Examples
[Z5nqeTH24j] figure_5.jpg -> classified as: Qualitative Examples
[Z5nqeTH24j] figure_6.jpg -> classified as: Qualitative Examples
[Z5nqeTH24j] figure_9.jpg -> classified as: Qualitative Examples
[Z5nqeTH24j] figure_13.jpg -> classified as: Qualitative Examples
[Z5nqeTH24j] figure_15.jpg -> classified as: Qualitative Examples
[Z5nqeTH24j] figure_2.jpg -> classified as: Other
  -> Skipping second pass (Other)
[Z5nqeTH24j] figure_11.jpg -> classified as: Qualitative Examples
[Z5nqeTH24j] figure_7.jpg -> classified as: Qualitative Examples
[Z5nqeTH24j] figure_3.jpg -> classified as: Qualitative Examples
[Z5nqeTH24j] figure_4.jpg -> classified as: Qualitative Examples
[Z5nqeTH24j] figure_1.jpg -> classified as: Qualitative Examples
[Z5nqeTH24j] figure_8.jpg -> classified as: Qualitative Examples
[Z5nqeTH24j] figure_12.jpg -> classified as: Qualitative Examples
[Z5nqeTH24j] figure_14.jpg -> classified as: Qualitative Examples
[Z5nqeTH24j] figure_16.jpg -> classified as: Qualitative Examples
[Z5nqeTH24j] figure_10.jpg -> classified as: Qualitative Examples
[Z73ymB1C7G] figure_5.jpg -> classified as: Qualitative Examples
[Z73ymB1C7G] figure_6.jpg -> classified as: Qualitative Examples
[Z73ymB1C7G] figure_2.jpg -> classified as: Architecture Diagram
[Z73ymB1C7G] figure_7.jpg -> classified as: Qualitative Examples
[Z73ymB1C7G] figure_3.jpg -> classified as: Qualitative Examples
[Z73ymB1C7G] figure_4.jpg -> classified as: Qualitative Examples
[Z73ymB1C7G] figure_1.jpg -> classified as: Qualitative Examples
[Z73ymB1C7G] figure_8.jpg -> classified as: Qualitative Examples
[Z756zcjNcC] figure_5.jpg -> classified as: Architecture Diagram
[Z756zcjNcC] figure_6.jpg -> classified as: Plots / Charts
[Z756zcjNcC] figure_9.jpg -> classified as: Qualitative Examples
[Z756zcjNcC] figure_2.jpg -> classified as: Plots / Charts
[Z756zcjNcC] figure_7.jpg -> classified as: Plots / Charts
[Z756zcjNcC] figure_3.jpg -> classified as: Plots / Charts
[Z756zcjNcC] figure_4.jpg -> classified as: Plots / Charts
[Z756zcjNcC] figure_1.jpg -> classified as: Architecture Diagram
[Z756zcjNcC] figure_8.jpg -> classified as: Plots / Charts
[Z756zcjNcC] figure_10.jpg -> classified as: Plots / Charts
[Z7aq3djHZw] figure_5.jpg -> classified as: Qualitative Examples
[Z7aq3djHZw] figure_6.jpg -> classified as: Qualitative Examples
[Z7aq3djHZw] figure_9.jpg -> classified as: Qualitative Examples
[Z7aq3djHZw] figure_2.jpg -> classified as: Qualitative Examples
[Z7aq3djHZw] figure_11.jpg -> classified as: Qualitative Examples
[Z7aq3djHZw] figure_7.jpg -> classified as: Qualitative Examples
[Z7aq3djHZw] figure_3.jpg -> classified as: Plots / Charts
[Z7aq3djHZw] figure_4.jpg -> classified as: Plots / Charts
[Z7aq3djHZw] figure_1.jpg -> classified as: Other
  -> Skipping second pass (Other)
[Z7aq3djHZw] figure_8.jpg -> classified as: Qualitative Examples
[Z7aq3djHZw] figure_12.jpg -> classified as: Qualitative Examples
[Z7aq3djHZw] figure_10.jpg -> classified as: Qualitative Examples
[Z91rwXnJsw] figure_2.jpg -> classified as: Architecture Diagram
[Z91rwXnJsw] figure_3.jpg -> classified as: Architecture Diagram
[Z91rwXnJsw] figure_4.jpg -> classified as: Architecture Diagram
[Z91rwXnJsw] figure_1.jpg -> classified as: Architecture Diagram
[Z9AZsU1Tju] figure_6.jpg -> classified as: Plots / Charts
[Z9AZsU1Tju] figure_2.jpg -> classified as: Architecture Diagram
[Z9AZsU1Tju] figure_3.jpg -> classified as: Architecture Diagram
[Z9AZsU1Tju] figure_4.jpg -> classified as: Plots / Charts
[ZAx5DxAucB] figure_5.jpg -> classified as: Qualitative Examples
[ZAx5DxAucB] figure_6.jpg -> classified as: Qualitative Examples
[ZAx5DxAucB] figure_9.jpg -> classified as: Qualitative Examples
[ZAx5DxAucB] figure_13.jpg -> classified as: Qualitative Examples
[ZAx5DxAucB] figure_2.jpg -> classified as: Architecture Diagram
[ZAx5DxAucB] figure_11.jpg -> classified as: Plots / Charts
[ZAx5DxAucB] figure_7.jpg -> classified as: Qualitative Examples
[ZAx5DxAucB] figure_3.jpg -> classified as: Qualitative Examples
[ZAx5DxAucB] figure_4.jpg -> classified as: Qualitative Examples
[ZAx5DxAucB] figure_1.jpg -> classified as: Qualitative Examples
[ZAx5DxAucB] figure_8.jpg -> classified as: Qualitative Examples
[ZAx5DxAucB] figure_12.jpg -> classified as: Plots / Charts
[ZAx5DxAucB] figure_14.jpg -> classified as: Qualitative Examples
[ZAx5DxAucB] figure_10.jpg -> classified as: Qualitative Examples
[ZAyuwJYN8N] figure_5.jpg -> classified as: Plots / Charts
[ZAyuwJYN8N] figure_6.jpg -> classified as: Qualitative Examples
[ZAyuwJYN8N] figure_13.jpg -> classified as: Architecture Diagram
[ZAyuwJYN8N] figure_15.jpg -> classified as: Qualitative Examples
[ZAyuwJYN8N] figure_2.jpg -> classified as: Architecture Diagram
[ZAyuwJYN8N] figure_11.jpg -> classified as: Qualitative Examples
[ZAyuwJYN8N] figure_7.jpg -> classified as: Architecture Diagram
[ZAyuwJYN8N] figure_3.jpg -> classified as: Architecture Diagram
[ZAyuwJYN8N] figure_4.jpg -> classified as: Qualitative Examples
[ZAyuwJYN8N] figure_1.jpg -> classified as: Qualitative Examples
[ZAyuwJYN8N] figure_8.jpg -> classified as: Architecture Diagram
[ZAyuwJYN8N] figure_12.jpg -> classified as: Qualitative Examples
[ZAyuwJYN8N] figure_14.jpg -> classified as: Qualitative Examples
[ZAyuwJYN8N] figure_10.jpg -> classified as: Architecture Diagram
[ZBH4fqQwJQ] figure_5.jpg -> classified as: Qualitative Examples
[ZBH4fqQwJQ] figure_6.jpg -> classified as: Qualitative Examples
[ZBH4fqQwJQ] figure_9.jpg -> classified as: Qualitative Examples
[ZBH4fqQwJQ] figure_2.jpg -> classified as: Architecture Diagram
[ZBH4fqQwJQ] figure_7.jpg -> classified as: Qualitative Examples
[ZBH4fqQwJQ] figure_3.jpg -> classified as: Plots / Charts
[ZBH4fqQwJQ] figure_4.jpg -> classified as: Qualitative Examples
[ZBH4fqQwJQ] figure_1.jpg -> classified as: Qualitative Examples
[ZBH4fqQwJQ] figure_8.jpg -> classified as: Qualitative Examples
[ZCFKXwBTsw] figure_5.jpg -> classified as: Plots / Charts
[ZCFKXwBTsw] figure_2.jpg -> classified as: Architecture Diagram
[ZCFKXwBTsw] figure_7.jpg -> classified as: Plots / Charts
[ZCFKXwBTsw] figure_3.jpg -> classified as: Qualitative Examples
[ZCFKXwBTsw] figure_4.jpg -> classified as: Plots / Charts
[ZCFKXwBTsw] figure_1.jpg -> classified as: Qualitative Examples
[ZCFKXwBTsw] figure_8.jpg -> classified as: Plots / Charts
[ZFxpclrCCf] figure_5.jpg -> classified as: Qualitative Examples
[ZFxpclrCCf] figure_6.jpg -> classified as: Qualitative Examples
[ZFxpclrCCf] figure_9.jpg -> classified as: Qualitative Examples
[ZFxpclrCCf] figure_2.jpg -> classified as: Architecture Diagram
[ZFxpclrCCf] figure_7.jpg -> classified as: Plots / Charts
[ZFxpclrCCf] figure_3.jpg -> classified as: Architecture Diagram
[ZFxpclrCCf] figure_4.jpg -> classified as: Plots / Charts
[ZFxpclrCCf] figure_1.jpg -> classified as: Qualitative Examples
[ZFxpclrCCf] figure_8.jpg -> classified as: Architecture Diagram
[ZJo6Radbqq] figure_5.jpg -> classified as: Plots / Charts
[ZJo6Radbqq] figure_6.jpg -> classified as: Plots / Charts
[ZJo6Radbqq] figure_9.jpg -> classified as: Plots / Charts
[ZJo6Radbqq] figure_13.jpg -> classified as: Qualitative Examples
[ZJo6Radbqq] figure_15.jpg -> classified as: Plots / Charts
[ZJo6Radbqq] figure_2.jpg -> classified as: Qualitative Examples
[ZJo6Radbqq] figure_11.jpg -> classified as: Plots / Charts
[ZJo6Radbqq] figure_7.jpg -> classified as: Plots / Charts
[ZJo6Radbqq] figure_3.jpg -> classified as: Plots / Charts
[ZJo6Radbqq] figure_17.jpg -> classified as: Qualitative Examples
[ZJo6Radbqq] figure_8.jpg -> classified as: Plots / Charts
[ZJo6Radbqq] figure_12.jpg -> classified as: Qualitative Examples
[ZJo6Radbqq] figure_extensive_model_manual_design.jpg -> classified as: Architecture Diagram
[ZJo6Radbqq] figure_14.jpg -> classified as: Plots / Charts
[ZJo6Radbqq] figure_16.jpg -> classified as: Plots / Charts
[ZK1LoTo10R] figure_5.jpg -> classified as: Plots / Charts
[ZK1LoTo10R] figure_6.jpg -> classified as: Qualitative Examples
[ZK1LoTo10R] figure_2.jpg -> classified as: Qualitative Examples
[ZK1LoTo10R] figure_7.jpg -> classified as: Qualitative Examples
[ZK1LoTo10R] figure_3.jpg -> classified as: Architecture Diagram
[ZK1LoTo10R] figure_4.jpg -> classified as: Plots / Charts
[ZK1LoTo10R] figure_1.jpg -> classified as: Qualitative Examples
[ZK1LoTo10R] figure_8.jpg -> classified as: Qualitative Examples
[ZNKLD0fX59] figure_gure_12__Qualitative.jpg -> classified as: Plots / Charts
[ZNKLD0fX59] figure_9.jpg -> classified as: Qualitative Examples
[ZNKLD0fX59] figure_13.jpg -> classified as: Plots / Charts
[ZNKLD0fX59] figure_2.jpg -> classified as: Architecture Diagram
[ZNKLD0fX59] figure_11.jpg -> classified as: Qualitative Examples
[ZNKLD0fX59] figure_7.jpg -> classified as: Qualitative Examples
[ZNKLD0fX59] figure_3.jpg -> classified as: Plots / Charts
[ZNKLD0fX59] figure_1.jpg -> classified as: Qualitative Examples
[ZNKLD0fX59] figure_8.jpg -> classified as: Qualitative Examples
[ZNKLD0fX59] figure_10.jpg -> classified as: Qualitative Examples
[ZNzDXDFZ0B] figure_GT_RGB_Image.jpg -> classified as: Qualitative Examples
[ZNzDXDFZ0B] figure_5.jpg -> classified as: Qualitative Examples
[ZNzDXDFZ0B] figure_6.jpg -> classified as: Qualitative Examples
[ZNzDXDFZ0B] figure_9.jpg -> classified as: Qualitative Examples
[ZNzDXDFZ0B] figure_13.jpg -> classified as: Qualitative Examples
[ZNzDXDFZ0B] figure_15.jpg -> classified as: Qualitative Examples
[ZNzDXDFZ0B] figure_2.jpg -> classified as: Architecture Diagram
[ZNzDXDFZ0B] figure_11.jpg -> classified as: Qualitative Examples
[ZNzDXDFZ0B] figure_7.jpg -> classified as: Qualitative Examples
[ZNzDXDFZ0B] figure_3.jpg -> classified as: Architecture Diagram
[ZNzDXDFZ0B] figure_4.jpg -> classified as: Plots / Charts
[ZNzDXDFZ0B] figure_17.jpg -> classified as: Qualitative Examples
[ZNzDXDFZ0B] figure_1.jpg -> classified as: Qualitative Examples
[ZNzDXDFZ0B] figure_8.jpg -> classified as: Qualitative Examples
[ZNzDXDFZ0B] figure_12.jpg -> classified as: Qualitative Examples
[ZNzDXDFZ0B] figure_14.jpg -> classified as: Qualitative Examples
[ZNzDXDFZ0B] figure_16.jpg -> classified as: Qualitative Examples
[ZNzDXDFZ0B] figure_10.jpg -> classified as: Qualitative Examples
[ZPTHI3X9y8] figure_5.jpg -> classified as: Qualitative Examples
[ZPTHI3X9y8] figure_6.jpg -> classified as: Plots / Charts
[ZPTHI3X9y8] figure_2.jpg -> classified as: Plots / Charts
[ZPTHI3X9y8] figure_3.jpg -> classified as: Plots / Charts
[ZPTHI3X9y8] figure_4.jpg -> classified as: Qualitative Examples
[ZPTHI3X9y8] figure_1.jpg -> classified as: Architecture Diagram
[ZPdZLlNXSm] figure_5.jpg -> classified as: Plots / Charts
[ZPdZLlNXSm] figure_6.jpg -> classified as: Plots / Charts
[ZPdZLlNXSm] figure_2.jpg -> classified as: Plots / Charts
[ZPdZLlNXSm] figure_3.jpg -> classified as: Plots / Charts
[ZPdZLlNXSm] figure_4.jpg -> classified as: Plots / Charts
[ZPdZLlNXSm] figure_1.jpg -> classified as: Architecture Diagram
[ZR2q4qFa7q] figure_5.jpg -> classified as: Plots / Charts
[ZR2q4qFa7q] figure_2.jpg -> classified as: Architecture Diagram
[ZR2q4qFa7q] figure_3.jpg -> classified as: Plots / Charts
[ZR2q4qFa7q] figure_4.jpg -> classified as: Plots / Charts
[ZR2q4qFa7q] figure_1.jpg -> classified as: Architecture Diagram
[ZRDhBwKs7l] figure_Prompt_with_remaining_11.jpg -> classified as: Qualitative Examples
[ZRDhBwKs7l] figure_F_1.jpg -> classified as: Qualitative Examples
[ZRDhBwKs7l] figure_Prompts_with_target.jpg -> classified as: Qualitative Examples
[ZRDhBwKs7l] figure_Prompt_with_remaining_9.jpg -> classified as: Qualitative Examples
[ZRDhBwKs7l] figure_Prompts_with_remaining_3.jpg -> classified as: Qualitative Examples
[ZRDhBwKs7l] figure_Prompt_with_remaining_1.jpg -> classified as: Qualitative Examples
[ZRDhBwKs7l] figure_Prompt_with_remaining_6.jpg -> classified as: Qualitative Examples
[ZRDhBwKs7l] figure_Prompt_with_remaining_3.jpg -> classified as: Qualitative Examples
[ZRDhBwKs7l] figure_Prompt_with_remaining_12.jpg -> classified as: Qualitative Examples
[ZRDhBwKs7l] figure_Prompt_with_remaining_2.jpg -> classified as: Qualitative Examples
[ZRDhBwKs7l] figure_5.jpg -> classified as: Qualitative Examples
[ZRDhBwKs7l] figure_Prompt_with_remaining_5.jpg -> classified as: Qualitative Examples
[ZRDhBwKs7l] figure_‘A_famous_artwork.jpg -> classified as: Qualitative Examples
[ZRDhBwKs7l] figure_Prompts_with_remaining_2.jpg -> classified as: Qualitative Examples
[ZRDhBwKs7l] figure_Coefficients_for_keys.jpg -> classified as: Plots / Charts
[ZRDhBwKs7l] figure_H_1.jpg -> classified as: Qualitative Examples
[ZRDhBwKs7l] figure_H.jpg -> classified as: Qualitative Examples
[ZRDhBwKs7l] figure_Prompt_with_remaining_4.jpg -> classified as: Qualitative Examples
[ZRDhBwKs7l] figure_‘A_portrait_of.jpg -> classified as: Qualitative Examples
[ZRDhBwKs7l] figure_2.jpg -> classified as: Architecture Diagram
[ZRDhBwKs7l] figure_F_3.jpg -> classified as: Qualitative Examples
[ZRDhBwKs7l] figure_F.jpg -> classified as: Qualitative Examples
[ZRDhBwKs7l] figure_Prompts_with_remaining.jpg -> classified as: Qualitative Examples
[ZRDhBwKs7l] figure_Prompt_with_remaining_8.jpg -> classified as: Qualitative Examples
[ZRDhBwKs7l] figure_G.jpg -> classified as: Qualitative Examples
[ZRDhBwKs7l] figure_3.jpg -> classified as: Qualitative Examples
[ZRDhBwKs7l] figure_‘A_famous_artwork_1.jpg -> classified as: Qualitative Examples
[ZRDhBwKs7l] figure_Prompt_with_remaining_10.jpg -> classified as: Qualitative Examples
[ZRDhBwKs7l] figure_4.jpg -> classified as: Qualitative Examples
[ZRDhBwKs7l] figure_G_2.jpg -> classified as: Qualitative Examples
[ZRDhBwKs7l] figure_Prompt_with_remaining_14.jpg -> classified as: Qualitative Examples
[ZRDhBwKs7l] figure_Prompt_with_remaining_13.jpg -> classified as: Qualitative Examples
[ZRDhBwKs7l] figure_Prompt_with_remaining.jpg -> classified as: Qualitative Examples
[ZRDhBwKs7l] figure_C.jpg -> classified as: Plots / Charts
[ZRDhBwKs7l] figure_1.jpg -> classified as: Qualitative Examples
[ZRDhBwKs7l] figure_Prompt_with_remaining_15.jpg -> classified as: Qualitative Examples
[ZRDhBwKs7l] figure_Prompt_with_remaining_7.jpg -> classified as: Qualitative Examples
[ZRDhBwKs7l] figure_Prompts_with_remaining_1.jpg -> classified as: Qualitative Examples
[ZRDhBwKs7l] figure_F_2.jpg -> classified as: Qualitative Examples
[ZRDhBwKs7l] figure_G_3.jpg -> classified as: Qualitative Examples
[ZRDhBwKs7l] figure_Prompts_with_target_1.jpg -> classified as: Qualitative Examples
[ZRDhBwKs7l] figure_G_1.jpg -> classified as: Qualitative Examples
[ZRDhBwKs7l] figure_‘A_famous_artwork_2.jpg -> classified as: Qualitative Examples
[ZS4m74kZpH] figure_5.jpg -> classified as: Plots / Charts
[ZS4m74kZpH] figure_6.jpg -> classified as: Qualitative Examples
[ZS4m74kZpH] figure_9.jpg -> classified as: Other
  -> Skipping second pass (Other)
[ZS4m74kZpH] figure_2.jpg -> classified as: Plots / Charts
[ZS4m74kZpH] figure_7.jpg -> classified as: Qualitative Examples
[ZS4m74kZpH] figure_3.jpg -> classified as: Qualitative Examples
[ZS4m74kZpH] figure_4.jpg -> classified as: Plots / Charts
[ZS4m74kZpH] figure_1.jpg -> classified as: Qualitative Examples
[ZS4m74kZpH] figure_8.jpg -> classified as: Other
  -> Skipping second pass (Other)
[ZS4m74kZpH] figure_10.jpg -> classified as: Other
  -> Skipping second pass (Other)
[ZSD3MloKe6] figure_Stage_1__unable.jpg -> classified as: Qualitative Examples
[ZSD3MloKe6] figure_5.jpg -> classified as: Plots / Charts
[ZSD3MloKe6] figure_6.jpg -> classified as: Plots / Charts
[ZSD3MloKe6] figure_18.jpg -> classified as: Plots / Charts
[ZSD3MloKe6] figure_13.jpg -> classified as: Plots / Charts
[ZSD3MloKe6] figure_15.jpg -> classified as: Qualitative Examples
[ZSD3MloKe6] figure_2.jpg -> classified as: Plots / Charts
[ZSD3MloKe6] figure_11.jpg -> classified as: Plots / Charts
[ZSD3MloKe6] figure_7.jpg -> classified as: Plots / Charts
[ZSD3MloKe6] figure_3.jpg -> classified as: Plots / Charts
[ZSD3MloKe6] figure_4.jpg -> classified as: Plots / Charts
[ZSD3MloKe6] figure_17.jpg -> classified as: Qualitative Examples
[ZSD3MloKe6] figure_1.jpg -> classified as: Architecture Diagram
[ZSD3MloKe6] figure_8.jpg -> classified as: Plots / Charts
[ZSD3MloKe6] figure_12.jpg -> classified as: Plots / Charts
[ZSD3MloKe6] figure_14.jpg -> classified as: Plots / Charts
[ZSD3MloKe6] figure_16.jpg -> classified as: Qualitative Examples
[ZSD3MloKe6] figure_10.jpg -> classified as: Plots / Charts
[ZTssMmhC2X] figure_5.jpg -> classified as: Plots / Charts
[ZTssMmhC2X] figure_6.jpg -> classified as: Plots / Charts
[ZTssMmhC2X] figure_2.jpg -> classified as: Plots / Charts
[ZTssMmhC2X] figure_7.jpg -> classified as: Plots / Charts
[ZTssMmhC2X] figure_3.jpg -> classified as: Plots / Charts
[ZTssMmhC2X] figure_4.jpg -> classified as: Plots / Charts
[ZTssMmhC2X] figure_1.jpg -> classified as: Architecture Diagram
[ZTssMmhC2X] figure_8.jpg -> classified as: Plots / Charts
[ZTssMmhC2X] figure_(a)_Layer-wise_gradient.jpg -> classified as: Plots / Charts
[ZULjcYLWKe] figure_5.jpg -> classified as: Architecture Diagram
[ZULjcYLWKe] figure_6.jpg -> classified as: Qualitative Examples
[ZULjcYLWKe] figure_9.jpg -> classified as: Plots / Charts
[ZULjcYLWKe] figure_13.jpg -> classified as: Plots / Charts
[ZULjcYLWKe] figure_15.jpg -> classified as: Plots / Charts
[ZULjcYLWKe] figure_2.jpg -> classified as: Qualitative Examples
[ZULjcYLWKe] figure_11.jpg -> classified as: Plots / Charts
[ZULjcYLWKe] figure_7.jpg -> classified as: Plots / Charts
[ZULjcYLWKe] figure_3.jpg -> classified as: Plots / Charts
[ZULjcYLWKe] figure_4.jpg -> classified as: Plots / Charts
[ZULjcYLWKe] figure_1.jpg -> classified as: Architecture Diagram
[ZULjcYLWKe] figure_8.jpg -> classified as: Plots / Charts
[ZULjcYLWKe] figure_12.jpg -> classified as: Plots / Charts
[ZULjcYLWKe] figure_16.jpg -> classified as: Qualitative Examples
[ZULjcYLWKe] figure_10.jpg -> classified as: Plots / Charts
[ZVOGMy8Sd8] figure_2.jpg -> classified as: Qualitative Examples
[ZVOGMy8Sd8] figure_1.jpg -> classified as: Architecture Diagram
[ZWytHTcnTy] figure_5.jpg -> classified as: Architecture Diagram
[ZWytHTcnTy] figure_6.jpg -> classified as: Architecture Diagram
[ZWytHTcnTy] figure_9.jpg -> classified as: Qualitative Examples
[ZWytHTcnTy] figure_2.jpg -> classified as: Plots / Charts
[ZWytHTcnTy] figure_11.jpg -> classified as: Qualitative Examples
[ZWytHTcnTy] figure_7.jpg -> classified as: Qualitative Examples
[ZWytHTcnTy] figure_3.jpg -> classified as: Architecture Diagram
[ZWytHTcnTy] figure_4.jpg -> classified as: Qualitative Examples
[ZWytHTcnTy] figure_1.jpg -> classified as: Architecture Diagram
[ZWytHTcnTy] figure_8.jpg -> classified as: Qualitative Examples
[ZWytHTcnTy] figure_12.jpg -> classified as: Qualitative Examples
[ZWytHTcnTy] figure_10.jpg -> classified as: Qualitative Examples
[ZWzUA9zeAg] figure_19.jpg -> classified as: Plots / Charts
[ZWzUA9zeAg] figure_5.jpg -> classified as: Plots / Charts
[ZWzUA9zeAg] figure_6.jpg -> classified as: Plots / Charts
[ZWzUA9zeAg] figure_9.jpg -> classified as: Plots / Charts
[ZWzUA9zeAg] figure_18.jpg -> classified as: Qualitative Examples
[ZWzUA9zeAg] figure_13.jpg -> classified as: Plots / Charts
[ZWzUA9zeAg] figure_15.jpg -> classified as: Qualitative Examples
[ZWzUA9zeAg] figure_2.jpg -> classified as: Qualitative Examples
[ZWzUA9zeAg] figure_11.jpg -> classified as: Plots / Charts
[ZWzUA9zeAg] figure_7.jpg -> classified as: Architecture Diagram
[ZWzUA9zeAg] figure_3.jpg -> classified as: Architecture Diagram
[ZWzUA9zeAg] figure_4.jpg -> classified as: Qualitative Examples
[ZWzUA9zeAg] figure_17.jpg -> classified as: Qualitative Examples
[ZWzUA9zeAg] figure_1.jpg -> classified as: Architecture Diagram
[ZWzUA9zeAg] figure_8.jpg -> classified as: Plots / Charts
[ZWzUA9zeAg] figure_12.jpg -> classified as: Plots / Charts
[ZWzUA9zeAg] figure_14.jpg -> classified as: Plots / Charts
[ZWzUA9zeAg] figure_16.jpg -> classified as: Qualitative Examples
[ZWzUA9zeAg] figure_10.jpg -> classified as: Plots / Charts
[ZYDEJEvCbv] figure_5.jpg -> classified as: Qualitative Examples
[ZYDEJEvCbv] figure_6.jpg -> classified as: Qualitative Examples
[ZYDEJEvCbv] figure_9.jpg -> classified as: Qualitative Examples
[ZYDEJEvCbv] figure_11.jpg -> classified as: Qualitative Examples
[ZYDEJEvCbv] figure_7.jpg -> classified as: Plots / Charts
[ZYDEJEvCbv] figure_3.jpg -> classified as: Plots / Charts
[ZYDEJEvCbv] figure_4.jpg -> classified as: Plots / Charts
[ZYDEJEvCbv] figure_1.jpg -> classified as: Plots / Charts
[ZYDEJEvCbv] figure_8.jpg -> classified as: Plots / Charts
[ZYDEJEvCbv] figure_10.jpg -> classified as: Qualitative Examples
[ZYd5wJSaMs] figure_A.jpg -> classified as: Qualitative Examples
[ZYd5wJSaMs] figure_5.jpg -> classified as: Qualitative Examples
[ZYd5wJSaMs] figure_6.jpg -> classified as: Plots / Charts
[ZYd5wJSaMs] figure_H.jpg -> classified as: Qualitative Examples
[ZYd5wJSaMs] figure_2.jpg -> classified as: Architecture Diagram
[ZYd5wJSaMs] figure_F.jpg -> classified as: Qualitative Examples
[ZYd5wJSaMs] figure_B.jpg -> classified as: Qualitative Examples
[ZYd5wJSaMs] figure_7.jpg -> classified as: Qualitative Examples
[ZYd5wJSaMs] figure_E.jpg -> classified as: Qualitative Examples
[ZYd5wJSaMs] figure_G.jpg -> classified as: Qualitative Examples
[ZYd5wJSaMs] figure_3.jpg -> classified as: Qualitative Examples
[ZYd5wJSaMs] figure_D.jpg -> classified as: Qualitative Examples
[ZYd5wJSaMs] figure_4.jpg -> classified as: Plots / Charts
[ZYd5wJSaMs] figure_C.jpg -> classified as: Qualitative Examples
[ZYd5wJSaMs] figure_1.jpg -> classified as: Architecture Diagram
[ZYwLfi50GI] figure_5.jpg -> classified as: Qualitative Examples
[ZYwLfi50GI] figure_6.jpg -> classified as: Plots / Charts
[ZYwLfi50GI] figure_9.jpg -> classified as: Plots / Charts
[ZYwLfi50GI] figure_13.jpg -> classified as: Qualitative Examples
[ZYwLfi50GI] figure_15.jpg -> classified as: Qualitative Examples
[ZYwLfi50GI] figure_2.jpg -> classified as: Architecture Diagram
[ZYwLfi50GI] figure_11.jpg -> classified as: Qualitative Examples
[ZYwLfi50GI] figure_7.jpg -> classified as: Qualitative Examples
[ZYwLfi50GI] figure_3.jpg -> classified as: Architecture Diagram
[ZYwLfi50GI] figure_4.jpg -> classified as: Architecture Diagram
[ZYwLfi50GI] figure_1.jpg -> classified as: Qualitative Examples
[ZYwLfi50GI] figure_8.jpg -> classified as: Qualitative Examples
[ZYwLfi50GI] figure_12.jpg -> classified as: Qualitative Examples
[ZYwLfi50GI] figure_14.jpg -> classified as: Qualitative Examples
[ZYwLfi50GI] figure_16.jpg -> classified as: Plots / Charts
[ZYwLfi50GI] figure_10.jpg -> classified as: Qualitative Examples
[ZZCPSC5OgD] figure_2.jpg -> classified as: Qualitative Examples
[ZZCPSC5OgD] figure_3.jpg -> classified as: Qualitative Examples
[ZZCPSC5OgD] figure_4.jpg -> classified as: Qualitative Examples
[ZZCPSC5OgD] figure_1.jpg -> classified as: Architecture Diagram
[ZZrSOMLoau] figure_2.jpg -> classified as: Plots / Charts
[ZZrSOMLoau] figure_3.jpg -> classified as: Plots / Charts
[ZZrSOMLoau] figure_1.jpg -> classified as: Qualitative Examples
[ZaudLwn0Hm] figure_2.jpg -> classified as: Plots / Charts
[ZaudLwn0Hm] figure_3.jpg -> classified as: Plots / Charts
[ZaudLwn0Hm] figure_1.jpg -> classified as: Qualitative Examples
[ZcESnfvrxR] figure_5.jpg -> classified as: Plots / Charts
[ZcESnfvrxR] figure_2.jpg -> classified as: Qualitative Examples
[ZcESnfvrxR] figure_3.jpg -> classified as: Architecture Diagram
[ZcESnfvrxR] figure_4.jpg -> classified as: Qualitative Examples
[ZcESnfvrxR] figure_1.jpg -> classified as: Plots / Charts
[ZdHa3y0DeB] figure_5.jpg -> classified as: Plots / Charts
[ZdHa3y0DeB] figure_6.jpg -> classified as: Qualitative Examples
[ZdHa3y0DeB] figure_9.jpg -> classified as: Qualitative Examples
[ZdHa3y0DeB] figure_13.jpg -> classified as: Qualitative Examples
[ZdHa3y0DeB] figure_2.jpg -> classified as: Qualitative Examples
[ZdHa3y0DeB] figure_11.jpg -> classified as: Qualitative Examples
[ZdHa3y0DeB] figure_7.jpg -> classified as: Qualitative Examples
[ZdHa3y0DeB] figure_3.jpg -> classified as: Architecture Diagram
[ZdHa3y0DeB] figure_4.jpg -> classified as: Plots / Charts
[ZdHa3y0DeB] figure_1.jpg -> classified as: Qualitative Examples
[ZdHa3y0DeB] figure_8.jpg -> classified as: Qualitative Examples
[ZdHa3y0DeB] figure_12.jpg -> classified as: Plots / Charts
[ZdHa3y0DeB] figure_14.jpg -> classified as: Plots / Charts
[ZdHa3y0DeB] figure_10.jpg -> classified as: Qualitative Examples
[ZdjKRbtrth] figure_5.jpg -> classified as: Plots / Charts
[ZdjKRbtrth] figure_6.jpg -> classified as: Plots / Charts
[ZdjKRbtrth] figure_9.jpg -> classified as: Plots / Charts
[ZdjKRbtrth] figure_2.jpg -> classified as: Architecture Diagram
[ZdjKRbtrth] figure_7.jpg -> classified as: Plots / Charts
[ZdjKRbtrth] figure_3.jpg -> classified as: Other
  -> Skipping second pass (Other)
[ZdjKRbtrth] figure_4.jpg -> classified as: Plots / Charts
[ZdjKRbtrth] figure_1.jpg -> classified as: Qualitative Examples
[ZdjKRbtrth] figure_8.jpg -> classified as: Plots / Charts
[ZeaTvXw080] figure_19.jpg -> classified as: Qualitative Examples
[ZeaTvXw080] figure_5.jpg -> classified as: Qualitative Examples
[ZeaTvXw080] figure_6.jpg -> classified as: Qualitative Examples
[ZeaTvXw080] figure_9.jpg -> classified as: Qualitative Examples
[ZeaTvXw080] figure_22.jpg -> classified as: Qualitative Examples
[ZeaTvXw080] figure_18.jpg -> classified as: Qualitative Examples
[ZeaTvXw080] figure_13.jpg -> classified as: Qualitative Examples
[ZeaTvXw080] figure_15.jpg -> classified as: Qualitative Examples
[ZeaTvXw080] figure_2.jpg -> classified as: Architecture Diagram
[ZeaTvXw080] figure_11.jpg -> classified as: Qualitative Examples
[ZeaTvXw080] figure_7.jpg -> classified as: Plots / Charts
[ZeaTvXw080] figure_3.jpg -> classified as: Plots / Charts
[ZeaTvXw080] figure_4.jpg -> classified as: Plots / Charts
[ZeaTvXw080] figure_17.jpg -> classified as: Qualitative Examples
[ZeaTvXw080] figure_1.jpg -> classified as: Qualitative Examples
[ZeaTvXw080] figure_8.jpg -> classified as: Plots / Charts
[ZeaTvXw080] figure_12.jpg -> classified as: Qualitative Examples
[ZeaTvXw080] figure_14.jpg -> classified as: Qualitative Examples
[ZeaTvXw080] figure_16.jpg -> classified as: Qualitative Examples
[ZeaTvXw080] figure_10.jpg -> classified as: Qualitative Examples
[ZhlwoC1XaN] figure_5.jpg -> classified as: Qualitative Examples
[ZhlwoC1XaN] figure_6.jpg -> classified as: Qualitative Examples
[ZhlwoC1XaN] figure_2.jpg -> classified as: Plots / Charts
[ZhlwoC1XaN] figure_7.jpg -> classified as: Architecture Diagram
[ZhlwoC1XaN] figure_3.jpg -> classified as: Plots / Charts
[ZhlwoC1XaN] figure_4.jpg -> classified as: Qualitative Examples
[ZhlwoC1XaN] figure_1.jpg -> classified as: Plots / Charts
[Zjv38dg1Hb] figure_5.jpg -> classified as: Qualitative Examples
[Zjv38dg1Hb] figure_6.jpg -> classified as: Qualitative Examples
[Zjv38dg1Hb] figure_9.jpg -> classified as: Qualitative Examples
[Zjv38dg1Hb] figure_13.jpg -> classified as: Qualitative Examples
[Zjv38dg1Hb] figure_15.jpg -> classified as: Qualitative Examples
[Zjv38dg1Hb] figure_11.jpg -> classified as: Qualitative Examples
[Zjv38dg1Hb] figure_7.jpg -> classified as: Plots / Charts
[Zjv38dg1Hb] figure_4.jpg -> classified as: Qualitative Examples
[Zjv38dg1Hb] figure_1.jpg -> classified as: Architecture Diagram
[Zjv38dg1Hb] figure_8.jpg -> classified as: Plots / Charts
[Zjv38dg1Hb] figure_12.jpg -> classified as: Qualitative Examples
[Zjv38dg1Hb] figure_14.jpg -> classified as: Qualitative Examples
[Zjv38dg1Hb] figure_16.jpg -> classified as: Qualitative Examples
[Zjv38dg1Hb] figure_10.jpg -> classified as: Qualitative Examples
[ZkFMe3OPfw] figure_5.jpg -> classified as: Qualitative Examples
[ZkFMe3OPfw] figure_9.jpg -> classified as: Qualitative Examples
[ZkFMe3OPfw] figure_13.jpg -> classified as: Qualitative Examples
[ZkFMe3OPfw] figure_2.jpg -> classified as: Qualitative Examples
[ZkFMe3OPfw] figure_7.jpg -> classified as: Qualitative Examples
[ZkFMe3OPfw] figure_3.jpg -> classified as: Architecture Diagram
[ZkFMe3OPfw] figure_4.jpg -> classified as: Architecture Diagram
[ZkFMe3OPfw] figure_1.jpg -> classified as: Qualitative Examples
[ZkFMe3OPfw] figure_8.jpg -> classified as: Architecture Diagram
[ZkFMe3OPfw] figure_12.jpg -> classified as: Qualitative Examples
[ZkFMe3OPfw] figure_10.jpg -> classified as: Qualitative Examples
[Zkrsr7vAaG] figure_5.jpg -> classified as: Qualitative Examples
[Zkrsr7vAaG] figure_6.jpg -> classified as: Qualitative Examples
[Zkrsr7vAaG] figure_9.jpg -> classified as: Qualitative Examples
[Zkrsr7vAaG] figure_13.jpg -> classified as: Plots / Charts
[Zkrsr7vAaG] figure_15.jpg -> classified as: Plots / Charts
[Zkrsr7vAaG] figure_2.jpg -> classified as: Architecture Diagram
[Zkrsr7vAaG] figure_11.jpg -> classified as: Qualitative Examples
[Zkrsr7vAaG] figure_7.jpg -> classified as: Qualitative Examples
[Zkrsr7vAaG] figure_3.jpg -> classified as: Qualitative Examples
[Zkrsr7vAaG] figure_4.jpg -> classified as: Qualitative Examples
[Zkrsr7vAaG] figure_17.jpg -> classified as: Qualitative Examples
[Zkrsr7vAaG] figure_1.jpg -> classified as: Qualitative Examples
[Zkrsr7vAaG] figure_8.jpg -> classified as: Qualitative Examples
[Zkrsr7vAaG] figure_12.jpg -> classified as: Qualitative Examples
[Zkrsr7vAaG] figure_14.jpg -> classified as: Qualitative Examples
[Zkrsr7vAaG] figure_16.jpg -> classified as: Other
  -> Skipping second pass (Other)
[Zkrsr7vAaG] figure_10.jpg -> classified as: Qualitative Examples
[ZlQRiFmq7Y] figure_5.jpg -> classified as: Plots / Charts
[ZlQRiFmq7Y] figure_6.jpg -> classified as: Plots / Charts
[ZlQRiFmq7Y] figure_2.jpg -> classified as: Architecture Diagram
[ZlQRiFmq7Y] figure_7.jpg -> classified as: Plots / Charts
[ZlQRiFmq7Y] figure_4.jpg -> classified as: Qualitative Examples
[ZlQRiFmq7Y] figure_1.jpg -> classified as: Architecture Diagram
[ZlQRiFmq7Y] figure_8.jpg -> classified as: Qualitative Examples
[Zoli4UAQVZ] figure_5.jpg -> classified as: Other
  -> Skipping second pass (Other)
[Zoli4UAQVZ] figure_6.jpg -> classified as: Other
  -> Skipping second pass (Other)
[Zoli4UAQVZ] figure_2.jpg -> classified as: Architecture Diagram
[Zoli4UAQVZ] figure_3.jpg -> classified as: Plots / Charts
[Zoli4UAQVZ] figure_4.jpg -> classified as: Architecture Diagram
[Zoli4UAQVZ] figure_1.jpg -> classified as: Architecture Diagram
[ZqM9mZkrRB] figure_19.jpg -> classified as: Qualitative Examples
[ZqM9mZkrRB] figure_5.jpg -> classified as: Qualitative Examples
[ZqM9mZkrRB] figure_6.jpg -> classified as: Plots / Charts
[ZqM9mZkrRB] figure_9.jpg -> classified as: Qualitative Examples
[ZqM9mZkrRB] figure_18.jpg -> classified as: Qualitative Examples
[ZqM9mZkrRB] figure_13.jpg -> classified as: Qualitative Examples
[ZqM9mZkrRB] figure_15.jpg -> classified as: Qualitative Examples
[ZqM9mZkrRB] figure_2.jpg -> classified as: Plots / Charts
[ZqM9mZkrRB] figure_11.jpg -> classified as: Plots / Charts
[ZqM9mZkrRB] figure_7.jpg -> classified as: Qualitative Examples
[ZqM9mZkrRB] figure_3.jpg -> classified as: Plots / Charts
[ZqM9mZkrRB] figure_4.jpg -> classified as: Qualitative Examples
[ZqM9mZkrRB] figure_17.jpg -> classified as: Qualitative Examples
[ZqM9mZkrRB] figure_1.jpg -> classified as: Qualitative Examples
[ZqM9mZkrRB] figure_8.jpg -> classified as: Plots / Charts
[ZqM9mZkrRB] figure_12.jpg -> classified as: Plots / Charts
[ZqM9mZkrRB] figure_14.jpg -> classified as: Qualitative Examples
[ZqM9mZkrRB] figure_16.jpg -> classified as: Qualitative Examples
[ZqM9mZkrRB] figure_10.jpg -> classified as: Qualitative Examples
[ZsU52Zkzjr] figure_2.jpg -> classified as: Architecture Diagram
[ZsU52Zkzjr] figure_3.jpg -> classified as: Architecture Diagram
[ZsU52Zkzjr] figure_4.jpg -> classified as: Plots / Charts
[ZsU52Zkzjr] figure_1.jpg -> classified as: Plots / Charts
[Zsc453SAJa] figure_5.jpg -> classified as: Plots / Charts
[Zsc453SAJa] figure_6.jpg -> classified as: Qualitative Examples
[Zsc453SAJa] figure_9.jpg -> classified as: Plots / Charts
[Zsc453SAJa] figure_2.jpg -> classified as: Architecture Diagram
[Zsc453SAJa] figure_11.jpg -> classified as: Plots / Charts
[Zsc453SAJa] figure_7.jpg -> classified as: Plots / Charts
[Zsc453SAJa] figure_3.jpg -> classified as: Plots / Charts
[Zsc453SAJa] figure_4.jpg -> classified as: Architecture Diagram
[Zsc453SAJa] figure_1.jpg -> classified as: Qualitative Examples
[Zsc453SAJa] figure_8.jpg -> classified as: Plots / Charts
[Zsc453SAJa] figure_10.jpg -> classified as: Plots / Charts
[Zsfiqpft6K] figure_5.jpg -> classified as: Plots / Charts
[Zsfiqpft6K] figure_6.jpg -> classified as: Qualitative Examples
[Zsfiqpft6K] figure_9.jpg -> classified as: Qualitative Examples
[Zsfiqpft6K] figure_2.jpg -> classified as: Architecture Diagram
[Zsfiqpft6K] figure_11.jpg -> classified as: Qualitative Examples
[Zsfiqpft6K] figure_7.jpg -> classified as: Plots / Charts
[Zsfiqpft6K] figure_3.jpg -> classified as: Qualitative Examples
[Zsfiqpft6K] figure_4.jpg -> classified as: Qualitative Examples
[Zsfiqpft6K] figure_1.jpg -> classified as: Qualitative Examples
[Zsfiqpft6K] figure_8.jpg -> classified as: Qualitative Examples
[Zsfiqpft6K] figure_12.jpg -> classified as: Qualitative Examples
[Zsfiqpft6K] figure_10.jpg -> classified as: Qualitative Examples
[Ztt6V7Lgo5] figure_2.jpg -> classified as: Architecture Diagram
[Ztt6V7Lgo5] figure_3.jpg -> classified as: Plots / Charts
[Ztt6V7Lgo5] figure_1.jpg -> classified as: Plots / Charts
[ZuYvrjh2od] figure_5.jpg -> classified as: Plots / Charts
[ZuYvrjh2od] figure_6.jpg -> classified as: Qualitative Examples
[ZuYvrjh2od] figure_9.jpg -> classified as: Plots / Charts
[ZuYvrjh2od] figure_13.jpg -> classified as: Plots / Charts
[ZuYvrjh2od] figure_15.jpg -> classified as: Plots / Charts
[ZuYvrjh2od] figure_2.jpg -> classified as: Architecture Diagram
[ZuYvrjh2od] figure_11.jpg -> classified as: Qualitative Examples
[ZuYvrjh2od] figure_7.jpg -> classified as: Qualitative Examples
[ZuYvrjh2od] figure_3.jpg -> classified as: Plots / Charts
[ZuYvrjh2od] figure_4.jpg -> classified as: Plots / Charts
[ZuYvrjh2od] figure_1.jpg -> classified as: Plots / Charts
[ZuYvrjh2od] figure_8.jpg -> classified as: Plots / Charts
[ZuYvrjh2od] figure_12.jpg -> classified as: Plots / Charts
[ZuYvrjh2od] figure_14.jpg -> classified as: Plots / Charts
[ZuYvrjh2od] figure_10.jpg -> classified as: Plots / Charts
[ZvPPLeVuhT] figure_5.jpg -> classified as: Qualitative Examples
[ZvPPLeVuhT] figure_6.jpg -> classified as: Qualitative Examples
[ZvPPLeVuhT] figure_9.jpg -> classified as: Qualitative Examples
[ZvPPLeVuhT] figure_13.jpg -> classified as: Qualitative Examples
[ZvPPLeVuhT] figure_15.jpg -> classified as: Qualitative Examples
[ZvPPLeVuhT] figure_2.jpg -> classified as: Architecture Diagram
[ZvPPLeVuhT] figure_11.jpg -> classified as: Qualitative Examples
[ZvPPLeVuhT] figure_7.jpg -> classified as: Qualitative Examples
[ZvPPLeVuhT] figure_3.jpg -> classified as: Qualitative Examples
[ZvPPLeVuhT] figure_4.jpg -> classified as: Qualitative Examples
[ZvPPLeVuhT] figure_1.jpg -> classified as: Qualitative Examples
[ZvPPLeVuhT] figure_8.jpg -> classified as: Qualitative Examples
[ZvPPLeVuhT] figure_12.jpg -> classified as: Qualitative Examples
[ZvPPLeVuhT] figure_14.jpg -> classified as: Qualitative Examples
[ZvPPLeVuhT] figure_16.jpg -> classified as: Plots / Charts
[ZvPPLeVuhT] figure_10.jpg -> classified as: Qualitative Examples
[Zw8YxUWL4R] figure_19.jpg -> classified as: Qualitative Examples
[Zw8YxUWL4R] figure_5.jpg -> classified as: Plots / Charts
[Zw8YxUWL4R] figure_6.jpg -> classified as: Plots / Charts
[Zw8YxUWL4R] figure_9.jpg -> classified as: Plots / Charts
[Zw8YxUWL4R] figure_18.jpg -> classified as: Qualitative Examples
[Zw8YxUWL4R] figure_13.jpg -> classified as: Plots / Charts
[Zw8YxUWL4R] figure_15.jpg -> classified as: Qualitative Examples
[Zw8YxUWL4R] figure_2.jpg -> classified as: Qualitative Examples
[Zw8YxUWL4R] figure_20.jpg -> classified as: Qualitative Examples
[Zw8YxUWL4R] figure_11.jpg -> classified as: Plots / Charts
[Zw8YxUWL4R] figure_7.jpg -> classified as: Qualitative Examples
[Zw8YxUWL4R] figure_3.jpg -> classified as: Qualitative Examples
[Zw8YxUWL4R] figure_4.jpg -> classified as: Architecture Diagram
[Zw8YxUWL4R] figure_17.jpg -> classified as: Qualitative Examples
[Zw8YxUWL4R] figure_8.jpg -> classified as: Plots / Charts
[Zw8YxUWL4R] figure_Figure_$1__colon.jpg -> classified as: Architecture Diagram
[Zw8YxUWL4R] figure_12.jpg -> classified as: Plots / Charts
[Zw8YxUWL4R] figure_14.jpg -> classified as: Qualitative Examples
[Zw8YxUWL4R] figure_16.jpg -> classified as: Qualitative Examples
[Zw8YxUWL4R] figure_10.jpg -> classified as: Plots / Charts
[ZwO2I8gS5O] figure_5.jpg -> classified as: Plots / Charts
[ZwO2I8gS5O] figure_6.jpg -> classified as: Plots / Charts
[ZwO2I8gS5O] figure_2.jpg -> classified as: Plots / Charts
[ZwO2I8gS5O] figure_3.jpg -> classified as: Plots / Charts
[ZwO2I8gS5O] figure_4.jpg -> classified as: Plots / Charts
[ZwO2I8gS5O] figure_1.jpg -> classified as: Plots / Charts
[ZxcMfJzFaZ] figure_5.jpg -> classified as: Plots / Charts
[ZxcMfJzFaZ] figure_6.jpg -> classified as: Plots / Charts
[ZxcMfJzFaZ] figure_7.jpg -> classified as: Plots / Charts
[ZxcMfJzFaZ] figure_4.jpg -> classified as: Plots / Charts
[ZxcMfJzFaZ] figure_1.jpg -> classified as: Architecture Diagram
[Zy2XgaGpDw] figure_5.jpg -> classified as: Plots / Charts
[Zy2XgaGpDw] figure_6.jpg -> classified as: Plots / Charts
[Zy2XgaGpDw] figure_2.jpg -> classified as: Architecture Diagram
[Zy2XgaGpDw] figure_3.jpg -> classified as: Qualitative Examples
[Zy2XgaGpDw] figure_4.jpg -> classified as: Plots / Charts
[Zy2XgaGpDw] figure_1.jpg -> classified as: Qualitative Examples
[ZyLkNVHBZF] figure_19.jpg -> classified as: Qualitative Examples
[ZyLkNVHBZF] figure_5.jpg -> classified as: Plots / Charts
[ZyLkNVHBZF] figure_6.jpg -> classified as: Plots / Charts
[ZyLkNVHBZF] figure_9.jpg -> classified as: Qualitative Examples
[ZyLkNVHBZF] figure_18.jpg -> classified as: Plots / Charts
[ZyLkNVHBZF] figure_13.jpg -> classified as: Plots / Charts
[ZyLkNVHBZF] figure_15.jpg -> classified as: Plots / Charts
[ZyLkNVHBZF] figure_2.jpg -> classified as: Qualitative Examples
[ZyLkNVHBZF] figure_20.jpg -> classified as: Plots / Charts
[ZyLkNVHBZF] figure_11.jpg -> classified as: Qualitative Examples
[ZyLkNVHBZF] figure_7.jpg -> classified as: Plots / Charts
[ZyLkNVHBZF] figure_3.jpg -> classified as: Plots / Charts
[ZyLkNVHBZF] figure_4.jpg -> classified as: Qualitative Examples
[ZyLkNVHBZF] figure_17.jpg -> classified as: Qualitative Examples
[ZyLkNVHBZF] figure_laws,_generated_by.jpg -> classified as: Qualitative Examples
[ZyLkNVHBZF] figure_1.jpg -> classified as: Qualitative Examples
[ZyLkNVHBZF] figure_8.jpg -> classified as: Qualitative Examples
[ZyLkNVHBZF] figure_12.jpg -> classified as: Plots / Charts
[ZyLkNVHBZF] figure_21.jpg -> classified as: Qualitative Examples
[ZyLkNVHBZF] figure_14.jpg -> classified as: Plots / Charts
[ZyLkNVHBZF] figure_16.jpg -> classified as: Plots / Charts
[ZyLkNVHBZF] figure_10.jpg -> classified as: Qualitative Examples
[ZyNEr7Xw5L] figure_A_2.jpg -> classified as: Qualitative Examples
[ZyNEr7Xw5L] figure_A.jpg -> classified as: Qualitative Examples
[ZyNEr7Xw5L] figure_5.jpg -> classified as: Plots / Charts
[ZyNEr7Xw5L] figure_6.jpg -> classified as: Qualitative Examples
[ZyNEr7Xw5L] figure_A_3.jpg -> classified as: Qualitative Examples
[ZyNEr7Xw5L] figure_2.jpg -> classified as: Qualitative Examples
[ZyNEr7Xw5L] figure_A_6.jpg -> classified as: Qualitative Examples
[ZyNEr7Xw5L] figure_A_1.jpg -> classified as: Architecture Diagram
[ZyNEr7Xw5L] figure_A_5.jpg -> classified as: Qualitative Examples
[ZyNEr7Xw5L] figure_3.jpg -> classified as: Plots / Charts
[ZyNEr7Xw5L] figure_4.jpg -> classified as: Qualitative Examples
[ZyNEr7Xw5L] figure_4_1.jpg -> classified as: Plots / Charts
[ZyNEr7Xw5L] figure_1.jpg -> classified as: Plots / Charts
[ZyNEr7Xw5L] figure_A_4.jpg -> classified as: Qualitative Examples
[Zzs3JwknAY] figure_2.jpg -> classified as: Plots / Charts
[Zzs3JwknAY] figure_3.jpg -> classified as: Qualitative Examples
[Zzs3JwknAY] figure_4.jpg -> classified as: Qualitative Examples
[Zzs3JwknAY] figure_1.jpg -> classified as: Architecture Diagram
[a01qbkxbve] figure_5.jpg -> classified as: Plots / Charts
[a01qbkxbve] figure_2.jpg -> classified as: Qualitative Examples
[a01qbkxbve] figure_3.jpg -> classified as: Qualitative Examples
[a01qbkxbve] figure_4.jpg -> classified as: Plots / Charts
[a01qbkxbve] figure_1.jpg -> classified as: Architecture Diagram
[a1AMdN8pSD] figure_(d)_IDF_(not.jpg -> classified as: Qualitative Examples
[a1AMdN8pSD] figure_5.jpg -> classified as: Qualitative Examples
[a1AMdN8pSD] figure_6.jpg -> classified as: Qualitative Examples
[a1AMdN8pSD] figure_9.jpg -> classified as: Qualitative Examples
[a1AMdN8pSD] figure_2.jpg -> classified as: Other
  -> Skipping second pass (Other)
[a1AMdN8pSD] figure_7.jpg -> classified as: Qualitative Examples
[a1AMdN8pSD] figure_3.jpg -> classified as: Qualitative Examples
[a1AMdN8pSD] figure_4.jpg -> classified as: Qualitative Examples
[a1AMdN8pSD] figure_1.jpg -> classified as: Qualitative Examples
[a1AMdN8pSD] figure_8.jpg -> classified as: Qualitative Examples
[a1AMdN8pSD] figure_10.jpg -> classified as: Qualitative Examples
[a4O528mek9] figure_1.jpg -> classified as: Architecture Diagram
[a4nSE2kpoq] figure_5.jpg -> classified as: Plots / Charts
[a4nSE2kpoq] figure_2.jpg -> classified as: Architecture Diagram
[a4nSE2kpoq] figure_3.jpg -> classified as: Plots / Charts
[a4nSE2kpoq] figure_4.jpg -> classified as: Plots / Charts
[a4nSE2kpoq] figure_1.jpg -> classified as: Architecture Diagram
[a6U41REOa5] figure_S1.jpg -> classified as: Plots / Charts
[a6U41REOa5] figure_S2.jpg -> classified as: Qualitative Examples
[a6U41REOa5] figure_2.jpg -> classified as: Architecture Diagram
[a6U41REOa5] figure_3.jpg -> classified as: Qualitative Examples
[a6U41REOa5] figure_4.jpg -> classified as: Plots / Charts
[a6U41REOa5] figure_1.jpg -> classified as: Architecture Diagram
[a7gOjgFswH] figure_5.jpg -> classified as: Plots / Charts
[a7gOjgFswH] figure_6.jpg -> classified as: Qualitative Examples
[a7gOjgFswH] figure_9.jpg -> classified as: Qualitative Examples
[a7gOjgFswH] figure_2.jpg -> classified as: Architecture Diagram
[a7gOjgFswH] figure_11.jpg -> classified as: Qualitative Examples
[a7gOjgFswH] figure_7.jpg -> classified as: Qualitative Examples
[a7gOjgFswH] figure_3.jpg -> classified as: Qualitative Examples
[a7gOjgFswH] figure_4.jpg -> classified as: Qualitative Examples
[a7gOjgFswH] figure_1.jpg -> classified as: Architecture Diagram
[a7gOjgFswH] figure_8.jpg -> classified as: Qualitative Examples
[a7gOjgFswH] figure_12.jpg -> classified as: Qualitative Examples
[a7gOjgFswH] figure_10.jpg -> classified as: Qualitative Examples
[a8dQutiF9E] figure_5.jpg -> classified as: Plots / Charts
[a8dQutiF9E] figure_2.jpg -> classified as: Architecture Diagram
[a8dQutiF9E] figure_3.jpg -> classified as: Architecture Diagram
[a8dQutiF9E] figure_4.jpg -> classified as: Qualitative Examples
[a8dQutiF9E] figure_1.jpg -> classified as: Qualitative Examples
[aAcOaJYbUg] figure_5.jpg -> classified as: Plots / Charts
[aAcOaJYbUg] figure_2.jpg -> classified as: Qualitative Examples
[aAcOaJYbUg] figure_7.jpg -> classified as: Qualitative Examples
[aAcOaJYbUg] figure_3.jpg -> classified as: Plots / Charts
[aAcOaJYbUg] figure_4.jpg -> classified as: Plots / Charts
[aAcOaJYbUg] figure_1.jpg -> classified as: Qualitative Examples
[aAcOaJYbUg] figure_8.jpg -> classified as: Plots / Charts
[aAcOaJYbUg] figure_10.jpg -> classified as: Plots / Charts
[aBUidW4Nkd] figure_5.jpg -> classified as: Qualitative Examples
[aBUidW4Nkd] figure_6.jpg -> classified as: Plots / Charts
[aBUidW4Nkd] figure_9.jpg -> classified as: Qualitative Examples
[aBUidW4Nkd] figure_2.jpg -> classified as: Qualitative Examples
[aBUidW4Nkd] figure_7.jpg -> classified as: Qualitative Examples
[aBUidW4Nkd] figure_3.jpg -> classified as: Qualitative Examples
[aBUidW4Nkd] figure_4.jpg -> classified as: Qualitative Examples
[aBUidW4Nkd] figure_1.jpg -> classified as: Architecture Diagram
[aBUidW4Nkd] figure_8.jpg -> classified as: Qualitative Examples
[aClIuYLG47] figure_2.jpg -> classified as: Architecture Diagram
[aClIuYLG47] figure_3.jpg -> classified as: Qualitative Examples
[aClIuYLG47] figure_4.jpg -> classified as: Qualitative Examples
[aClIuYLG47] figure_1.jpg -> classified as: Architecture Diagram
[aHSoKImhc2] figure_2.jpg -> classified as: Architecture Diagram
[aHSoKImhc2] figure_3.jpg -> classified as: Plots / Charts
[aHSoKImhc2] figure_1.jpg -> classified as: Qualitative Examples
[aHmNpLlUlb] figure_5.jpg -> classified as: Qualitative Examples
[aHmNpLlUlb] figure_6.jpg -> classified as: Architecture Diagram
[aHmNpLlUlb] figure_9.jpg -> classified as: Qualitative Examples
[aHmNpLlUlb] figure_13.jpg -> classified as: Qualitative Examples
[aHmNpLlUlb] figure_2.jpg -> classified as: Architecture Diagram
[aHmNpLlUlb] figure_11.jpg -> classified as: Qualitative Examples
[aHmNpLlUlb] figure_7.jpg -> classified as: Architecture Diagram
[aHmNpLlUlb] figure_3.jpg -> classified as: Qualitative Examples
[aHmNpLlUlb] figure_4.jpg -> classified as: Plots / Charts
[aHmNpLlUlb] figure_1.jpg -> classified as: Plots / Charts
[aHmNpLlUlb] figure_8.jpg -> classified as: Plots / Charts
[aHmNpLlUlb] figure_12.jpg -> classified as: Qualitative Examples
[aHmNpLlUlb] figure_10.jpg -> classified as: Qualitative Examples
[aIMi2lOKIn] figure_19.jpg -> classified as: Qualitative Examples
[aIMi2lOKIn] figure_5.jpg -> classified as: Qualitative Examples
[aIMi2lOKIn] figure_6.jpg -> classified as: Qualitative Examples
[aIMi2lOKIn] figure_9.jpg -> classified as: Qualitative Examples
[aIMi2lOKIn] figure_18.jpg -> classified as: Qualitative Examples
[aIMi2lOKIn] figure_13.jpg -> classified as: Plots / Charts
[aIMi2lOKIn] figure_15.jpg -> classified as: Qualitative Examples
[aIMi2lOKIn] figure_2.jpg -> classified as: Plots / Charts
[aIMi2lOKIn] figure_20.jpg -> classified as: Qualitative Examples
[aIMi2lOKIn] figure_11.jpg -> classified as: Qualitative Examples
[aIMi2lOKIn] figure_7.jpg -> classified as: Plots / Charts
[aIMi2lOKIn] figure_3.jpg -> classified as: Architecture Diagram
[aIMi2lOKIn] figure_4.jpg -> classified as: Plots / Charts
[aIMi2lOKIn] figure_17.jpg -> classified as: Qualitative Examples
[aIMi2lOKIn] figure_1.jpg -> classified as: Qualitative Examples
[aIMi2lOKIn] figure_8.jpg -> classified as: Qualitative Examples
[aIMi2lOKIn] figure_12.jpg -> classified as: Qualitative Examples
[aIMi2lOKIn] figure_21.jpg -> classified as: Qualitative Examples
[aIMi2lOKIn] figure_14.jpg -> classified as: Qualitative Examples
[aIMi2lOKIn] figure_16.jpg -> classified as: Qualitative Examples
[aIMi2lOKIn] figure_10.jpg -> classified as: Qualitative Examples
[aKivEaIbN2] figure_2.jpg -> classified as: Plots / Charts
[aKivEaIbN2] figure_1.jpg -> classified as: Architecture Diagram
[aKx0RBUvFh] figure_19.jpg -> classified as: Qualitative Examples
[aKx0RBUvFh] figure_5.jpg -> classified as: Architecture Diagram
[aKx0RBUvFh] figure_6.jpg -> classified as: Plots / Charts
[aKx0RBUvFh] figure_9.jpg -> classified as: Qualitative Examples
[aKx0RBUvFh] figure_18.jpg -> classified as: Qualitative Examples
[aKx0RBUvFh] figure_13.jpg -> classified as: Qualitative Examples
[aKx0RBUvFh] figure_15.jpg -> classified as: Plots / Charts
[aKx0RBUvFh] figure_2.jpg -> classified as: Qualitative Examples
[aKx0RBUvFh] figure_20.jpg -> classified as: Qualitative Examples
[aKx0RBUvFh] figure_11.jpg -> classified as: Qualitative Examples
[aKx0RBUvFh] figure_7.jpg -> classified as: Qualitative Examples
[aKx0RBUvFh] figure_3.jpg -> classified as: Qualitative Examples
[aKx0RBUvFh] figure_4.jpg -> classified as: Qualitative Examples
[aKx0RBUvFh] figure_17.jpg -> classified as: Qualitative Examples
[aKx0RBUvFh] figure_1.jpg -> classified as: Plots / Charts
[aKx0RBUvFh] figure_8.jpg -> classified as: Qualitative Examples
[aKx0RBUvFh] figure_12.jpg -> classified as: Qualitative Examples
[aKx0RBUvFh] figure_21.jpg -> classified as: Qualitative Examples
[aKx0RBUvFh] figure_14.jpg -> classified as: Qualitative Examples
[aKx0RBUvFh] figure_16.jpg -> classified as: Qualitative Examples
[aKx0RBUvFh] figure_10.jpg -> classified as: Qualitative Examples
[aLiinaY3ua] figure_5.jpg -> classified as: Plots / Charts
[aLiinaY3ua] figure_6.jpg -> classified as: Plots / Charts
[aLiinaY3ua] figure_2.jpg -> classified as: Plots / Charts
[aLiinaY3ua] figure_7.jpg -> classified as: Plots / Charts
[aLiinaY3ua] figure_3.jpg -> classified as: Architecture Diagram
[aLiinaY3ua] figure_4.jpg -> classified as: Qualitative Examples
[aLiinaY3ua] figure_1.jpg -> classified as: Qualitative Examples
[aLiinaY3ua] figure_8.jpg -> classified as: Plots / Charts
[aMfdN4ZQVx] figure_2.jpg -> classified as: Architecture Diagram
[aMfdN4ZQVx] figure_(b)_Dialogue_results.jpg -> classified as: Qualitative Examples
[aMfdN4ZQVx] figure_3.jpg -> classified as: Qualitative Examples
[aMfdN4ZQVx] figure_1.jpg -> classified as: Architecture Diagram
[aNuQyV30Yw] figure_44.jpg -> classified as: Qualitative Examples
[aNuQyV30Yw] figure_30.jpg -> classified as: Qualitative Examples
[aNuQyV30Yw] figure_43.jpg -> classified as: Qualitative Examples
[aNuQyV30Yw] figure_19.jpg -> classified as: Plots / Charts
[aNuQyV30Yw] figure_23.jpg -> classified as: Plots / Charts
[aNuQyV30Yw] figure_47.jpg -> classified as: Qualitative Examples
[aNuQyV30Yw] figure_29.jpg -> classified as: Qualitative Examples
[aNuQyV30Yw] figure_24.jpg -> classified as: Qualitative Examples
[aNuQyV30Yw] figure_5.jpg -> classified as: Qualitative Examples
[aNuQyV30Yw] figure_6.jpg -> classified as: Qualitative Examples
[aNuQyV30Yw] figure_9.jpg -> classified as: Qualitative Examples
[aNuQyV30Yw] figure_42.jpg -> classified as: Qualitative Examples
[aNuQyV30Yw] figure_46.jpg -> classified as: Qualitative Examples
[aNuQyV30Yw] figure_39.jpg -> classified as: Qualitative Examples
[aNuQyV30Yw] figure_22.jpg -> classified as: Plots / Charts
[aNuQyV30Yw] figure_28.jpg -> classified as: Qualitative Examples
[aNuQyV30Yw] figure_13.jpg -> classified as: Qualitative Examples
[aNuQyV30Yw] figure_15.jpg -> classified as: Qualitative Examples
[aNuQyV30Yw] figure_2.jpg -> classified as: Other
  -> Skipping second pass (Other)
[aNuQyV30Yw] figure_38.jpg -> classified as: Plots / Charts
[aNuQyV30Yw] figure_20.jpg -> classified as: Plots / Charts
[aNuQyV30Yw] figure_35.jpg -> classified as: Qualitative Examples
[aNuQyV30Yw] figure_7.jpg -> classified as: Plots / Charts
[aNuQyV30Yw] figure_34.jpg -> classified as: Qualitative Examples
[aNuQyV30Yw] figure_3.jpg -> classified as: Qualitative Examples
[aNuQyV30Yw] figure_33.jpg -> classified as: Qualitative Examples
[aNuQyV30Yw] figure_4.jpg -> classified as: Qualitative Examples
[aNuQyV30Yw] figure_36.jpg -> classified as: Qualitative Examples
[aNuQyV30Yw] figure_40.jpg -> classified as: Qualitative Examples
[aNuQyV30Yw] figure_31.jpg -> classified as: Qualitative Examples
[aNuQyV30Yw] figure_17.jpg -> classified as: Plots / Charts
[aNuQyV30Yw] figure_45.jpg -> classified as: Qualitative Examples
[aNuQyV30Yw] figure_41.jpg -> classified as: Qualitative Examples
[aNuQyV30Yw] figure_1.jpg -> classified as: Qualitative Examples
[aNuQyV30Yw] figure_27.jpg -> classified as: Plots / Charts
[aNuQyV30Yw] figure_37.jpg -> classified as: Qualitative Examples
[aNuQyV30Yw] figure_8.jpg -> classified as: Plots / Charts
[aNuQyV30Yw] figure_12.jpg -> classified as: Qualitative Examples
[aNuQyV30Yw] figure_25.jpg -> classified as: Qualitative Examples
[aNuQyV30Yw] figure_26.jpg -> classified as: Plots / Charts
[aNuQyV30Yw] figure_14.jpg -> classified as: Qualitative Examples
[aNuQyV30Yw] figure_32.jpg -> classified as: Qualitative Examples
[aNuQyV30Yw] figure_16.jpg -> classified as: Plots / Charts
[aNuQyV30Yw] figure_10.jpg -> classified as: Qualitative Examples
[aNuQyV30Yw] figure_each_bar_is.jpg -> classified as: Plots / Charts
[aRD1NqcXTC] figure_5.jpg -> classified as: Qualitative Examples
[aRD1NqcXTC] figure_6.jpg -> classified as: Plots / Charts
[aRD1NqcXTC] figure_2.jpg -> classified as: Architecture Diagram
[aRD1NqcXTC] figure_7.jpg -> classified as: Plots / Charts
[aRD1NqcXTC] figure_4.jpg -> classified as: Qualitative Examples
[aRD1NqcXTC] figure_1.jpg -> classified as: Architecture Diagram
[aU59FP3Q1e] figure_5.jpg -> classified as: Plots / Charts
[aU59FP3Q1e] figure_6.jpg -> classified as: Plots / Charts
[aU59FP3Q1e] figure_9.jpg -> classified as: Plots / Charts
[aU59FP3Q1e] figure_2.jpg -> classified as: Architecture Diagram
[aU59FP3Q1e] figure_7.jpg -> classified as: Plots / Charts
[aU59FP3Q1e] figure_3.jpg -> classified as: Plots / Charts
[aU59FP3Q1e] figure_4.jpg -> classified as: Qualitative Examples
[aU59FP3Q1e] figure_1.jpg -> classified as: Architecture Diagram
[aU59FP3Q1e] figure_8.jpg -> classified as: Plots / Charts
[aU59FP3Q1e] figure_10.jpg -> classified as: Qualitative Examples
[aXwukBD6M6] figure_5.jpg -> classified as: Qualitative Examples
[aXwukBD6M6] figure_6.jpg -> classified as: Plots / Charts
[aXwukBD6M6] figure_9.jpg -> classified as: Plots / Charts
[aXwukBD6M6] figure_18.jpg -> classified as: Qualitative Examples
[aXwukBD6M6] figure_13.jpg -> classified as: Qualitative Examples
[aXwukBD6M6] figure_15.jpg -> classified as: Qualitative Examples
[aXwukBD6M6] figure_2.jpg -> classified as: Qualitative Examples
[aXwukBD6M6] figure_11.jpg -> classified as: Qualitative Examples
[aXwukBD6M6] figure_7.jpg -> classified as: Qualitative Examples
[aXwukBD6M6] figure_3.jpg -> classified as: Architecture Diagram
[aXwukBD6M6] figure_4.jpg -> classified as: Architecture Diagram
[aXwukBD6M6] figure_17.jpg -> classified as: Qualitative Examples
[aXwukBD6M6] figure_1.jpg -> classified as: Qualitative Examples
[aXwukBD6M6] figure_8.jpg -> classified as: Plots / Charts
[aXwukBD6M6] figure_12.jpg -> classified as: Qualitative Examples
[aXwukBD6M6] figure_14.jpg -> classified as: Qualitative Examples
[aXwukBD6M6] figure_16.jpg -> classified as: Qualitative Examples
[aXwukBD6M6] figure_10.jpg -> classified as: Qualitative Examples
[aY3L65HgHJ] figure_5.jpg -> classified as: Qualitative Examples
[aY3L65HgHJ] figure_6.jpg -> classified as: Qualitative Examples
[aY3L65HgHJ] figure_Prompt__Greek_sculpture,.jpg -> classified as: Qualitative Examples
[aY3L65HgHJ] figure_Prompt__Cat,_turns.jpg -> classified as: Qualitative Examples
[aY3L65HgHJ] figure_9.jpg -> classified as: Qualitative Examples
[aY3L65HgHJ] figure_18.jpg -> classified as: Qualitative Examples
[aY3L65HgHJ] figure_13.jpg -> classified as: Qualitative Examples
[aY3L65HgHJ] figure_15.jpg -> classified as: Qualitative Examples
[aY3L65HgHJ] figure_2.jpg -> classified as: Qualitative Examples
[aY3L65HgHJ] figure_11.jpg -> classified as: Qualitative Examples
[aY3L65HgHJ] figure_7.jpg -> classified as: Qualitative Examples
[aY3L65HgHJ] figure_3.jpg -> classified as: Qualitative Examples
[aY3L65HgHJ] figure_4.jpg -> classified as: Architecture Diagram
[aY3L65HgHJ] figure_17.jpg -> classified as: Qualitative Examples
[aY3L65HgHJ] figure_1.jpg -> classified as: Qualitative Examples
[aY3L65HgHJ] figure_8.jpg -> classified as: Qualitative Examples
[aY3L65HgHJ] figure_12.jpg -> classified as: Qualitative Examples
[aY3L65HgHJ] figure_14.jpg -> classified as: Qualitative Examples
[aY3L65HgHJ] figure_16.jpg -> classified as: Qualitative Examples
[aY3W95jLEI] figure_6.jpg -> classified as: Plots / Charts
[aY3W95jLEI] figure_Prompt__a_fluffy.jpg -> classified as: Qualitative Examples
[aY3W95jLEI] figure_9.jpg -> classified as: Qualitative Examples
[aY3W95jLEI] figure_2.jpg -> classified as: Architecture Diagram
[aY3W95jLEI] figure_7.jpg -> classified as: Qualitative Examples
[aY3W95jLEI] figure_3.jpg -> classified as: Architecture Diagram
[aY3W95jLEI] figure_4.jpg -> classified as: Qualitative Examples
[aY3W95jLEI] figure_1.jpg -> classified as: Qualitative Examples
[aY3W95jLEI] figure_8.jpg -> classified as: Qualitative Examples
[aZ1gNJu8wO] figure_barbershop_relying__i_The.jpg -> classified as: Other
  -> Skipping second pass (Other)
[aZ1gNJu8wO] figure_Talks_on_the.jpg -> classified as: Teaser Image
[aZ1gNJu8wO] figure_5.jpg -> classified as: Plots / Charts
[aZ1gNJu8wO] figure_6.jpg -> classified as: Plots / Charts
[aZ1gNJu8wO] figure_discussions_about_the.jpg -> classified as: Other
  -> Skipping second pass (Other)
[aZ1gNJu8wO] figure_sound_guidance_with.jpg -> classified as: Other
  -> Skipping second pass (Other)
[aZ1gNJu8wO] figure_18.jpg -> classified as: Qualitative Examples
[aZ1gNJu8wO] figure_13.jpg -> classified as: Qualitative Examples
[aZ1gNJu8wO] figure_(a)_(Left)_Exact.jpg -> classified as: Qualitative Examples
[aZ1gNJu8wO] figure_15.jpg -> classified as: Qualitative Examples
[aZ1gNJu8wO] figure_Talks_mellon_dragonball.jpg -> classified as: Qualitative Examples
[aZ1gNJu8wO] figure_2.jpg -> classified as: Qualitative Examples
[aZ1gNJu8wO] figure_11.jpg -> classified as: Plots / Charts
[aZ1gNJu8wO] figure_7.jpg -> classified as: Plots / Charts
[aZ1gNJu8wO] figure_3.jpg -> classified as: Plots / Charts
[aZ1gNJu8wO] figure__i_The_Long_Dark__i_.jpg -> classified as: Other
  -> Skipping second pass (Other)
[aZ1gNJu8wO] figure_4.jpg -> classified as: Plots / Charts
[aZ1gNJu8wO] figure_Memorized_Prompt.jpg -> classified as: Other
  -> Skipping second pass (Other)
[aZ1gNJu8wO] figure_(b)_All_the.jpg -> classified as: Qualitative Examples
[aZ1gNJu8wO] figure_$_mathbf_{_G.jpg -> classified as: Other
  -> Skipping second pass (Other)
[aZ1gNJu8wO] figure_1.jpg -> classified as: Qualitative Examples
[aZ1gNJu8wO] figure_8.jpg -> classified as: Plots / Charts
[aZ1gNJu8wO] figure_12.jpg -> classified as: Qualitative Examples
[aZ1gNJu8wO] figure_14.jpg -> classified as: Qualitative Examples
[aZ1gNJu8wO] figure_16.jpg -> classified as: Qualitative Examples
[aaBnFAyW9O] figure_5.jpg -> classified as: Qualitative Examples
[aaBnFAyW9O] figure_6.jpg -> classified as: Qualitative Examples
[aaBnFAyW9O] figure_(b)_Our_model_.jpg -> classified as: Qualitative Examples
[aaBnFAyW9O] figure_2.jpg -> classified as: Plots / Charts
[aaBnFAyW9O] figure_3.jpg -> classified as: Plots / Charts
[aaBnFAyW9O] figure_4.jpg -> classified as: Plots / Charts
[aaBnFAyW9O] figure_1.jpg -> classified as: Qualitative Examples
[abL5LJNZ49] figure_5.jpg -> classified as: Qualitative Examples
[abL5LJNZ49] figure_6.jpg -> classified as: Qualitative Examples
[abL5LJNZ49] figure_7.jpg -> classified as: Qualitative Examples
[abL5LJNZ49] figure_3.jpg -> classified as: Architecture Diagram
[abL5LJNZ49] figure_4.jpg -> classified as: Qualitative Examples
[abL5LJNZ49] figure_1.jpg -> classified as: Qualitative Examples
[aefNwingnS] figure_2.jpg -> classified as: Architecture Diagram
[aefNwingnS] figure_3.jpg -> classified as: Plots / Charts
[aefNwingnS] figure_4.jpg -> classified as: Plots / Charts
[aefNwingnS] figure_1.jpg -> classified as: Other
  -> Skipping second pass (Other)
[ag3o2T51Ht] figure_19.jpg -> classified as: Qualitative Examples
[ag3o2T51Ht] figure_23.jpg -> classified as: Qualitative Examples
[ag3o2T51Ht] figure_24.jpg -> classified as: Qualitative Examples
[ag3o2T51Ht] figure_5.jpg -> classified as: Plots / Charts
[ag3o2T51Ht] figure_6.jpg -> classified as: Qualitative Examples
[ag3o2T51Ht] figure_9.jpg -> classified as: Qualitative Examples
[ag3o2T51Ht] figure_22.jpg -> classified as: Qualitative Examples
[ag3o2T51Ht] figure_18.jpg -> classified as: Qualitative Examples
[ag3o2T51Ht] figure_13.jpg -> classified as: Qualitative Examples
[ag3o2T51Ht] figure_15.jpg -> classified as: Qualitative Examples
[ag3o2T51Ht] figure_2.jpg -> classified as: Plots / Charts
[ag3o2T51Ht] figure_20.jpg -> classified as: Qualitative Examples
[ag3o2T51Ht] figure_11.jpg -> classified as: Plots / Charts
[ag3o2T51Ht] figure_7.jpg -> classified as: Plots / Charts
[ag3o2T51Ht] figure_3.jpg -> classified as: Qualitative Examples
[ag3o2T51Ht] figure_4.jpg -> classified as: Qualitative Examples
[ag3o2T51Ht] figure_17.jpg -> classified as: Qualitative Examples
[ag3o2T51Ht] figure_1.jpg -> classified as: Qualitative Examples
[ag3o2T51Ht] figure_8.jpg -> classified as: Qualitative Examples
[ag3o2T51Ht] figure_12.jpg -> classified as: Qualitative Examples
[ag3o2T51Ht] figure_25.jpg -> classified as: Qualitative Examples
[ag3o2T51Ht] figure_21.jpg -> classified as: Qualitative Examples
[ag3o2T51Ht] figure_14.jpg -> classified as: Qualitative Examples
[ag3o2T51Ht] figure_16.jpg -> classified as: Qualitative Examples
[ag3o2T51Ht] figure_10.jpg -> classified as: Qualitative Examples
[agHddsQhsL] figure_5.jpg -> classified as: Plots / Charts
[agHddsQhsL] figure_6.jpg -> classified as: Qualitative Examples
[agHddsQhsL] figure_9.jpg -> classified as: Plots / Charts
[agHddsQhsL] figure_18.jpg -> classified as: Qualitative Examples
[agHddsQhsL] figure_13.jpg -> classified as: Qualitative Examples
[agHddsQhsL] figure_15.jpg -> classified as: Qualitative Examples
[agHddsQhsL] figure_2.jpg -> classified as: Qualitative Examples
[agHddsQhsL] figure_11.jpg -> classified as: Qualitative Examples
[agHddsQhsL] figure_7.jpg -> classified as: Qualitative Examples
[agHddsQhsL] figure_3.jpg -> classified as: Plots / Charts
[agHddsQhsL] figure_4.jpg -> classified as: Plots / Charts
[agHddsQhsL] figure_17.jpg -> classified as: Qualitative Examples
[agHddsQhsL] figure_1.jpg -> classified as: Qualitative Examples
[agHddsQhsL] figure_8.jpg -> classified as: Qualitative Examples
[agHddsQhsL] figure_12.jpg -> classified as: Qualitative Examples
[agHddsQhsL] figure_14.jpg -> classified as: Qualitative Examples
[agHddsQhsL] figure_16.jpg -> classified as: Qualitative Examples
[agHddsQhsL] figure_10.jpg -> classified as: Teaser Image
[agbiPPuSeQ] figure_5.jpg -> classified as: Plots / Charts
[agbiPPuSeQ] figure_6.jpg -> classified as: Qualitative Examples
[agbiPPuSeQ] figure_2.jpg -> classified as: Plots / Charts
[agbiPPuSeQ] figure_7.jpg -> classified as: Qualitative Examples
[agbiPPuSeQ] figure_3.jpg -> classified as: Qualitative Examples
[agbiPPuSeQ] figure_4.jpg -> classified as: Plots / Charts
[agbiPPuSeQ] figure_1.jpg -> classified as: Architecture Diagram
[agdu3MVqOz] figure_2.jpg -> classified as: Qualitative Examples
[agdu3MVqOz] figure_1.jpg -> classified as: Other
  -> Skipping second pass (Other)
[ale56Ya59q] figure_5.jpg -> classified as: Plots / Charts
[ale56Ya59q] figure_6.jpg -> classified as: Qualitative Examples
[ale56Ya59q] figure_9.jpg -> classified as: Plots / Charts
[ale56Ya59q] figure_2.jpg -> classified as: Plots / Charts
[ale56Ya59q] figure_7.jpg -> classified as: Qualitative Examples
[ale56Ya59q] figure_3.jpg -> classified as: Plots / Charts
[ale56Ya59q] figure_4.jpg -> classified as: Plots / Charts
[ale56Ya59q] figure_1.jpg -> classified as: Architecture Diagram
[ale56Ya59q] figure_8.jpg -> classified as: Plots / Charts
[amDkNPVWcn] figure_5.jpg -> classified as: Architecture Diagram
[amDkNPVWcn] figure_6.jpg -> classified as: Qualitative Examples
[amDkNPVWcn] figure_9.jpg -> classified as: Plots / Charts
[amDkNPVWcn] figure_13.jpg -> classified as: Qualitative Examples
[amDkNPVWcn] figure_15.jpg -> classified as: Qualitative Examples
[amDkNPVWcn] figure_2.jpg -> classified as: Architecture Diagram
[amDkNPVWcn] figure_11.jpg -> classified as: Architecture Diagram
[amDkNPVWcn] figure_7.jpg -> classified as: Plots / Charts
[amDkNPVWcn] figure_3.jpg -> classified as: Plots / Charts
[amDkNPVWcn] figure_4.jpg -> classified as: Architecture Diagram
[amDkNPVWcn] figure_1.jpg -> classified as: Qualitative Examples
[amDkNPVWcn] figure_8.jpg -> classified as: Qualitative Examples
[amDkNPVWcn] figure_12.jpg -> classified as: Plots / Charts
[amDkNPVWcn] figure_10.jpg -> classified as: Qualitative Examples
[an3kPpce6b] figure_5.jpg -> classified as: Qualitative Examples
[an3kPpce6b] figure_6.jpg -> classified as: Plots / Charts
[an3kPpce6b] figure_9.jpg -> classified as: Qualitative Examples
[an3kPpce6b] figure_(a)__GODD_utilizes.jpg -> classified as: Architecture Diagram
[an3kPpce6b] figure_2.jpg -> classified as: Qualitative Examples
[an3kPpce6b] figure_11.jpg -> classified as: Qualitative Examples
[an3kPpce6b] figure_7.jpg -> classified as: Plots / Charts
[an3kPpce6b] figure_3.jpg -> classified as: Plots / Charts
[an3kPpce6b] figure_4.jpg -> classified as: Plots / Charts
[an3kPpce6b] figure_8.jpg -> classified as: Plots / Charts
[an3kPpce6b] figure_10.jpg -> classified as: Qualitative Examples
[aqlzXgXwWa] figure_19.jpg -> classified as: Qualitative Examples
[aqlzXgXwWa] figure_23.jpg -> classified as: Qualitative Examples
[aqlzXgXwWa] figure_24.jpg -> classified as: Qualitative Examples
[aqlzXgXwWa] figure_5.jpg -> classified as: Plots / Charts
[aqlzXgXwWa] figure_6.jpg -> classified as: Qualitative Examples
[aqlzXgXwWa] figure_9.jpg -> classified as: Qualitative Examples
[aqlzXgXwWa] figure_22.jpg -> classified as: Qualitative Examples
[aqlzXgXwWa] figure_18.jpg -> classified as: Qualitative Examples
[aqlzXgXwWa] figure_13.jpg -> classified as: Architecture Diagram
[aqlzXgXwWa] figure_15.jpg -> classified as: Qualitative Examples
[aqlzXgXwWa] figure_2.jpg -> classified as: Qualitative Examples
[aqlzXgXwWa] figure_20.jpg -> classified as: Qualitative Examples
[aqlzXgXwWa] figure_11.jpg -> classified as: Plots / Charts
[aqlzXgXwWa] figure_The_distribution_of.jpg -> classified as: Plots / Charts
[aqlzXgXwWa] figure_3.jpg -> classified as: Architecture Diagram
[aqlzXgXwWa] figure_4.jpg -> classified as: Architecture Diagram
[aqlzXgXwWa] figure_17.jpg -> classified as: Qualitative Examples
[aqlzXgXwWa] figure_1.jpg -> classified as: Qualitative Examples
[aqlzXgXwWa] figure_27.jpg -> classified as: Qualitative Examples
[aqlzXgXwWa] figure_8.jpg -> classified as: Plots / Charts
[aqlzXgXwWa] figure_12.jpg -> classified as: Plots / Charts
[aqlzXgXwWa] figure_25.jpg -> classified as: Qualitative Examples
[aqlzXgXwWa] figure_21.jpg -> classified as: Qualitative Examples
[aqlzXgXwWa] figure_26.jpg -> classified as: Qualitative Examples
[aqlzXgXwWa] figure_14.jpg -> classified as: Qualitative Examples
[aqlzXgXwWa] figure_16.jpg -> classified as: Qualitative Examples
[aqlzXgXwWa] figure_10.jpg -> classified as: Qualitative Examples
[armbJRJdrH] figure_5.jpg -> classified as: Architecture Diagram
[armbJRJdrH] figure_6.jpg -> classified as: Plots / Charts
[armbJRJdrH] figure_9.jpg -> classified as: Plots / Charts
[armbJRJdrH] figure_2.jpg -> classified as: Architecture Diagram
[armbJRJdrH] figure_11.jpg -> classified as: Plots / Charts
[armbJRJdrH] figure_7.jpg -> classified as: Qualitative Examples
[armbJRJdrH] figure_3.jpg -> classified as: Plots / Charts
[armbJRJdrH] figure_4.jpg -> classified as: Plots / Charts
[armbJRJdrH] figure_1.jpg -> classified as: Plots / Charts
[armbJRJdrH] figure_8.jpg -> classified as: Qualitative Examples
[armbJRJdrH] figure_10.jpg -> classified as: Plots / Charts
[auZZ2gN0ZN] figure_2.jpg -> classified as: Plots / Charts
[auZZ2gN0ZN] figure_3.jpg -> classified as: Architecture Diagram
[auZZ2gN0ZN] figure_4.jpg -> classified as: Qualitative Examples
[auZZ2gN0ZN] figure_1.jpg -> classified as: Qualitative Examples
[aucMP9hGYv] figure_5.jpg -> classified as: Qualitative Examples
[aucMP9hGYv] figure_6.jpg -> classified as: Plots / Charts
[aucMP9hGYv] figure_(b)_Score_distillation.jpg -> classified as: Qualitative Examples
[aucMP9hGYv] figure_(a)_Statistics_for.jpg -> classified as: Plots / Charts
[aucMP9hGYv] figure_9.jpg -> classified as: Qualitative Examples
[aucMP9hGYv] figure_13.jpg -> classified as: Qualitative Examples
[aucMP9hGYv] figure_15.jpg -> classified as: Qualitative Examples
[aucMP9hGYv] figure_2.jpg -> classified as: Architecture Diagram
[aucMP9hGYv] figure_(c)_Score_distillation.jpg -> classified as: Qualitative Examples
[aucMP9hGYv] figure_11.jpg -> classified as: Qualitative Examples
[aucMP9hGYv] figure_7.jpg -> classified as: Plots / Charts
[aucMP9hGYv] figure_3.jpg -> classified as: Qualitative Examples
[aucMP9hGYv] figure_unnamed_figure.jpg -> classified as: Qualitative Examples
[aucMP9hGYv] figure_4.jpg -> classified as: Qualitative Examples
[aucMP9hGYv] figure_17.jpg -> classified as: Qualitative Examples
[aucMP9hGYv] figure_8.jpg -> classified as: Qualitative Examples
[aucMP9hGYv] figure_12.jpg -> classified as: Qualitative Examples
[aucMP9hGYv] figure_21.jpg -> classified as: Qualitative Examples
[aucMP9hGYv] figure_14.jpg -> classified as: Plots / Charts
[aucMP9hGYv] figure_16.jpg -> classified as: Qualitative Examples
[aucMP9hGYv] figure_10.jpg -> classified as: Qualitative Examples
[aueXfY0Clv] figure_PatchFusion.jpg -> classified as: Qualitative Examples
[aueXfY0Clv] figure_5.jpg -> classified as: Qualitative Examples
[aueXfY0Clv] figure_6.jpg -> classified as: Qualitative Examples
[aueXfY0Clv] figure_9.jpg -> classified as: Plots / Charts
[aueXfY0Clv] figure_13.jpg -> classified as: Qualitative Examples
[aueXfY0Clv] figure_DepthAnything_v2.jpg -> classified as: Qualitative Examples
[aueXfY0Clv] figure_2.jpg -> classified as: Plots / Charts
[aueXfY0Clv] figure_11.jpg -> classified as: Plots / Charts
[aueXfY0Clv] figure_7.jpg -> classified as: Qualitative Examples
[aueXfY0Clv] figure_3.jpg -> classified as: Architecture Diagram
[aueXfY0Clv] figure_4.jpg -> classified as: Qualitative Examples
[aueXfY0Clv] figure_Image.jpg -> classified as: Qualitative Examples
[aueXfY0Clv] figure_1.jpg -> classified as: Plots / Charts
[aueXfY0Clv] figure_Depth_Pro_(Ours).jpg -> classified as: Qualitative Examples
[aueXfY0Clv] figure_Marigold.jpg -> classified as: Qualitative Examples
[aueXfY0Clv] figure_8.jpg -> classified as: Qualitative Examples
[aueXfY0Clv] figure_12.jpg -> classified as: Qualitative Examples
[aueXfY0Clv] figure_10.jpg -> classified as: Plots / Charts
[avNVrQ8D2v] figure_5.jpg -> classified as: Qualitative Examples
[avNVrQ8D2v] figure_6.jpg -> classified as: Qualitative Examples
[avNVrQ8D2v] figure_2.jpg -> classified as: Architecture Diagram
[avNVrQ8D2v] figure_7.jpg -> classified as: Qualitative Examples
[avNVrQ8D2v] figure_3.jpg -> classified as: Architecture Diagram
[avNVrQ8D2v] figure_4.jpg -> classified as: Architecture Diagram
[avNVrQ8D2v] figure_1.jpg -> classified as: Plots / Charts
[avlfmW32qO] figure_5.jpg -> classified as: Plots / Charts
[avlfmW32qO] figure_6.jpg -> classified as: Qualitative Examples
[avlfmW32qO] figure_9.jpg -> classified as: Qualitative Examples
[avlfmW32qO] figure_13.jpg -> classified as: Qualitative Examples
[avlfmW32qO] figure_2.jpg -> classified as: Architecture Diagram
[avlfmW32qO] figure_11.jpg -> classified as: Qualitative Examples
[avlfmW32qO] figure_7.jpg -> classified as: Qualitative Examples
[avlfmW32qO] figure_3.jpg -> classified as: Qualitative Examples
[avlfmW32qO] figure_4.jpg -> classified as: Qualitative Examples
[avlfmW32qO] figure_1.jpg -> classified as: Qualitative Examples
[avlfmW32qO] figure_8.jpg -> classified as: Qualitative Examples
[avlfmW32qO] figure_12.jpg -> classified as: Qualitative Examples
[avlfmW32qO] figure_10.jpg -> classified as: Qualitative Examples
[awWpHnEJDw] figure_19.jpg -> classified as: Qualitative Examples
[awWpHnEJDw] figure_5.jpg -> classified as: Qualitative Examples
[awWpHnEJDw] figure_6.jpg -> classified as: Architecture Diagram
[awWpHnEJDw] figure_9.jpg -> classified as: Qualitative Examples
[awWpHnEJDw] figure_18.jpg -> classified as: Qualitative Examples
[awWpHnEJDw] figure_13.jpg -> classified as: Qualitative Examples
[awWpHnEJDw] figure_15.jpg -> classified as: Qualitative Examples
[awWpHnEJDw] figure_2.jpg -> classified as: Qualitative Examples
[awWpHnEJDw] figure_11.jpg -> classified as: Qualitative Examples
[awWpHnEJDw] figure_7.jpg -> classified as: Other
  -> Skipping second pass (Other)
[awWpHnEJDw] figure_3.jpg -> classified as: Qualitative Examples
[awWpHnEJDw] figure_4.jpg -> classified as: Qualitative Examples
[awWpHnEJDw] figure_17.jpg -> classified as: Qualitative Examples
[awWpHnEJDw] figure_1.jpg -> classified as: Qualitative Examples
[awWpHnEJDw] figure_8.jpg -> classified as: Qualitative Examples
[awWpHnEJDw] figure_12.jpg -> classified as: Qualitative Examples
[awWpHnEJDw] figure_14.jpg -> classified as: Plots / Charts
[awWpHnEJDw] figure_16.jpg -> classified as: Qualitative Examples
[awWpHnEJDw] figure_10.jpg -> classified as: Qualitative Examples
[ayLov67GxD] figure_5.jpg -> classified as: Qualitative Examples
[ayLov67GxD] figure_6.jpg -> classified as: Plots / Charts
[ayLov67GxD] figure_2.jpg -> classified as: Qualitative Examples
[ayLov67GxD] figure_7.jpg -> classified as: Plots / Charts
[ayLov67GxD] figure_3.jpg -> classified as: Qualitative Examples
[ayLov67GxD] figure_4.jpg -> classified as: Qualitative Examples
[ayLov67GxD] figure_1.jpg -> classified as: Qualitative Examples
[ayLov67GxD] figure_8.jpg -> classified as: Qualitative Examples
[az5WtGe48n] figure_2.jpg -> classified as: Qualitative Examples
[az5WtGe48n] figure_3.jpg -> classified as: Plots / Charts
[az5WtGe48n] figure_4.jpg -> classified as: Plots / Charts
[az5WtGe48n] figure_1.jpg -> classified as: Architecture Diagram
[b0WpXBABdu] figure_5.jpg -> classified as: Plots / Charts
[b0WpXBABdu] figure_2.jpg -> classified as: Plots / Charts
[b0WpXBABdu] figure_(a)_Training_data,_1.jpg -> classified as: Plots / Charts
[b0WpXBABdu] figure_(a)_Training_data,.jpg -> classified as: Plots / Charts
[b0WpXBABdu] figure_1.jpg -> classified as: Plots / Charts
[b1CVu9l5GO] figure_9.jpg -> classified as: Plots / Charts
[b1CVu9l5GO] figure_13.jpg -> classified as: Qualitative Examples
[b1CVu9l5GO] figure_(b)_TraceVLA_showcases.jpg -> classified as: Plots / Charts
[b1CVu9l5GO] figure_2.jpg -> classified as: Architecture Diagram
[b1CVu9l5GO] figure_11.jpg -> classified as: Qualitative Examples
[b1CVu9l5GO] figure_(a)_TraceVLA_outperforms.jpg -> classified as: Plots / Charts
[b1CVu9l5GO] figure_7.jpg -> classified as: Plots / Charts
[b1CVu9l5GO] figure_3.jpg -> classified as: Plots / Charts
[b1CVu9l5GO] figure_4.jpg -> classified as: Plots / Charts
[b1CVu9l5GO] figure_1.jpg -> classified as: Architecture Diagram
[b1CVu9l5GO] figure_8.jpg -> classified as: Plots / Charts
[b1CVu9l5GO] figure_12.jpg -> classified as: Qualitative Examples
[b1CVu9l5GO] figure_14.jpg -> classified as: Plots / Charts
[b1CVu9l5GO] figure_10.jpg -> classified as: Plots / Charts
[b1ivBPLb1n] figure_19.jpg -> classified as: Qualitative Examples
[b1ivBPLb1n] figure_5.jpg -> classified as: Plots / Charts
[b1ivBPLb1n] figure_6.jpg -> classified as: Plots / Charts
[b1ivBPLb1n] figure_9.jpg -> classified as: Qualitative Examples
[b1ivBPLb1n] figure_22.jpg -> classified as: Other
  -> Skipping second pass (Other)
[b1ivBPLb1n] figure_18.jpg -> classified as: Plots / Charts
[b1ivBPLb1n] figure_13.jpg -> classified as: Other
  -> Skipping second pass (Other)
[b1ivBPLb1n] figure_15.jpg -> classified as: Plots / Charts
[b1ivBPLb1n] figure_2.jpg -> classified as: Other
  -> Skipping second pass (Other)
[b1ivBPLb1n] figure_20.jpg -> classified as: Other
  -> Skipping second pass (Other)
[b1ivBPLb1n] figure_11.jpg -> classified as: Architecture Diagram
[b1ivBPLb1n] figure_7.jpg -> classified as: Plots / Charts
[b1ivBPLb1n] figure_3.jpg -> classified as: Plots / Charts
[b1ivBPLb1n] figure_4.jpg -> classified as: Architecture Diagram
[b1ivBPLb1n] figure_(a)_InfoVQA,_SlideVQA-M,.jpg -> classified as: Plots / Charts
[b1ivBPLb1n] figure_17.jpg -> classified as: Plots / Charts
[b1ivBPLb1n] figure_1.jpg -> classified as: Other
  -> Skipping second pass (Other)
[b1ivBPLb1n] figure_12.jpg -> classified as: Qualitative Examples
[b1ivBPLb1n] figure_14.jpg -> classified as: Plots / Charts
[b1ivBPLb1n] figure_16.jpg -> classified as: Plots / Charts
[b1ivBPLb1n] figure_10.jpg -> classified as: Plots / Charts
[b1o93X7KGR] figure_(b)_coco_val.jpg -> classified as: Qualitative Examples
[b1o93X7KGR] figure_(l)_coco_val.jpg -> classified as: Qualitative Examples
[b1o93X7KGR] figure_(s)_coco_val.jpg -> classified as: Qualitative Examples
[b1o93X7KGR] figure_5.jpg -> classified as: Qualitative Examples
[b1o93X7KGR] figure_(j)_coco_val.jpg -> classified as: Qualitative Examples
[b1o93X7KGR] figure_(f)_coco_val.jpg -> classified as: Qualitative Examples
[b1o93X7KGR] figure_(p)_coco_val.jpg -> classified as: Qualitative Examples
[b1o93X7KGR] figure_(e)_coco_val.jpg -> classified as: Qualitative Examples
[b1o93X7KGR] figure_2.jpg -> classified as: Architecture Diagram
[b1o93X7KGR] figure_(m)_coco_val.jpg -> classified as: Qualitative Examples
[b1o93X7KGR] figure_3.jpg -> classified as: Qualitative Examples
[b1o93X7KGR] figure_(q)_coco_val.jpg -> classified as: Qualitative Examples
[b1o93X7KGR] figure_4.jpg -> classified as: Plots / Charts
[b1o93X7KGR] figure_(k)_coco_val.jpg -> classified as: Qualitative Examples
[b1o93X7KGR] figure_(d)_coco_val.jpg -> classified as: Qualitative Examples
[b1o93X7KGR] figure_1.jpg -> classified as: Qualitative Examples
[b1o93X7KGR] figure_(r)_coco_val.jpg -> classified as: Qualitative Examples
[b1o93X7KGR] figure_(i)_coco_val.jpg -> classified as: Qualitative Examples
[b1o93X7KGR] figure_(a)_coco_val.jpg -> classified as: Qualitative Examples
[b2UlHeyyC0] figure_2.jpg -> classified as: Architecture Diagram
[b2UlHeyyC0] figure_3.jpg -> classified as: Plots / Charts
[b2UlHeyyC0] figure_4.jpg -> classified as: Qualitative Examples
[b2UlHeyyC0] figure_1.jpg -> classified as: Architecture Diagram
[b39J2X4rjT] figure_5.jpg -> classified as: Qualitative Examples
[b39J2X4rjT] figure_2.jpg -> classified as: Architecture Diagram
[b39J2X4rjT] figure_3.jpg -> classified as: Qualitative Examples
[b39J2X4rjT] figure_tations_in_(a).jpg -> classified as: Qualitative Examples
[b39J2X4rjT] figure_4.jpg -> classified as: Qualitative Examples
[b39J2X4rjT] figure_1.jpg -> classified as: Plots / Charts
[b3CzCCCILJ] figure_5.jpg -> classified as: Qualitative Examples
[b3CzCCCILJ] figure_6.jpg -> classified as: Qualitative Examples
[b3CzCCCILJ] figure_9.jpg -> classified as: Qualitative Examples
[b3CzCCCILJ] figure__A_photorealistic_image.jpg -> classified as: Qualitative Examples
[b3CzCCCILJ] figure_13.jpg -> classified as: Qualitative Examples
[b3CzCCCILJ] figure_15.jpg -> classified as: Qualitative Examples
[b3CzCCCILJ] figure_2.jpg -> classified as: Qualitative Examples
[b3CzCCCILJ] figure_11.jpg -> classified as: Other
  -> Skipping second pass (Other)
[b3CzCCCILJ] figure_7.jpg -> classified as: Plots / Charts
[b3CzCCCILJ] figure_3.jpg -> classified as: Plots / Charts
[b3CzCCCILJ] figure_4.jpg -> classified as: Plots / Charts
[b3CzCCCILJ] figure_17.jpg -> classified as: Qualitative Examples
[b3CzCCCILJ] figure_1.jpg -> classified as: Qualitative Examples
[b3CzCCCILJ] figure_8.jpg -> classified as: Qualitative Examples
[b3CzCCCILJ] figure_12.jpg -> classified as: Other
  -> Skipping second pass (Other)
[b3CzCCCILJ] figure_14.jpg -> classified as: Qualitative Examples
[b3CzCCCILJ] figure_10.jpg -> classified as: Qualitative Examples
[b3VzHRXrXh] figure_5.jpg -> classified as: Plots / Charts
[b3VzHRXrXh] figure_6.jpg -> classified as: Plots / Charts
[b3VzHRXrXh] figure_9.jpg -> classified as: Qualitative Examples
[b3VzHRXrXh] figure_2.jpg -> classified as: Architecture Diagram
[b3VzHRXrXh] figure_7.jpg -> classified as: Qualitative Examples
[b3VzHRXrXh] figure_3.jpg -> classified as: Architecture Diagram
[b3VzHRXrXh] figure_4.jpg -> classified as: Plots / Charts
[b3VzHRXrXh] figure_1.jpg -> classified as: Plots / Charts
[b3VzHRXrXh] figure_8.jpg -> classified as: Qualitative Examples
[b3VzHRXrXh] figure_10.jpg -> classified as: Architecture Diagram
[b3l0piOrGU] figure_5.jpg -> classified as: Plots / Charts
[b3l0piOrGU] figure_6.jpg -> classified as: Plots / Charts
[b3l0piOrGU] figure_2.jpg -> classified as: Architecture Diagram
[b3l0piOrGU] figure_3.jpg -> classified as: Plots / Charts
[b3l0piOrGU] figure_1.jpg -> classified as: Plots / Charts
[b57IG6N20B] figure_A10.jpg -> classified as: Plots / Charts
[b57IG6N20B] figure_A7.jpg -> classified as: Plots / Charts
[b57IG6N20B] figure_A25.jpg -> classified as: Plots / Charts
[b57IG6N20B] figure_A21.jpg -> classified as: Plots / Charts
[b57IG6N20B] figure_5.jpg -> classified as: Plots / Charts
[b57IG6N20B] figure_A1.jpg -> classified as: Plots / Charts
[b57IG6N20B] figure_(b)_Testing_cross-modal.jpg -> classified as: Plots / Charts
[b57IG6N20B] figure_A8.jpg -> classified as: Plots / Charts
[b57IG6N20B] figure_A2.jpg -> classified as: Plots / Charts
[b57IG6N20B] figure_A20.jpg -> classified as: Plots / Charts
[b57IG6N20B] figure_A12.jpg -> classified as: Plots / Charts
[b57IG6N20B] figure_2.jpg -> classified as: Plots / Charts
[b57IG6N20B] figure_A11.jpg -> classified as: Plots / Charts
[b57IG6N20B] figure_(a)_EEGWaveNet_is.jpg -> classified as: Plots / Charts
[b57IG6N20B] figure_A16.jpg -> classified as: Plots / Charts
[b57IG6N20B] figure_(b)_Testing_mixed-modal.jpg -> classified as: Plots / Charts
[b57IG6N20B] figure_A19.jpg -> classified as: Plots / Charts
[b57IG6N20B] figure_A22.jpg -> classified as: Plots / Charts
[b57IG6N20B] figure_A24.jpg -> classified as: Plots / Charts
[b57IG6N20B] figure_3.jpg -> classified as: Plots / Charts
[b57IG6N20B] figure_(b)_Seizure_classification.jpg -> classified as: Plots / Charts
[b57IG6N20B] figure_A18.jpg -> classified as: Plots / Charts
[b57IG6N20B] figure_A15.jpg -> classified as: Plots / Charts
[b57IG6N20B] figure_4.jpg -> classified as: Plots / Charts
[b57IG6N20B] figure_A17.jpg -> classified as: Plots / Charts
[b57IG6N20B] figure_A6.jpg -> classified as: Plots / Charts
[b57IG6N20B] figure_A23.jpg -> classified as: Plots / Charts
[b57IG6N20B] figure_A13.jpg -> classified as: Plots / Charts
[b57IG6N20B] figure_1.jpg -> classified as: Architecture Diagram
[b57IG6N20B] figure_A14.jpg -> classified as: Plots / Charts
[b57IG6N20B] figure_A4.jpg -> classified as: Plots / Charts
[b57IG6N20B] figure_A5.jpg -> classified as: Plots / Charts
[b57IG6N20B] figure_A9.jpg -> classified as: Plots / Charts
[b57IG6N20B] figure_A3.jpg -> classified as: Plots / Charts
[b5LJVjwOsB] figure_5.jpg -> classified as: Qualitative Examples
[b5LJVjwOsB] figure_2.jpg -> classified as: Plots / Charts
[b5LJVjwOsB] figure_3.jpg -> classified as: Architecture Diagram
[b5LJVjwOsB] figure_4.jpg -> classified as: Qualitative Examples
[b5LJVjwOsB] figure_1.jpg -> classified as: Qualitative Examples
[bA5o5eZplk] figure_5.jpg -> classified as: Plots / Charts
[bA5o5eZplk] figure_6.jpg -> classified as: Plots / Charts
[bA5o5eZplk] figure_9.jpg -> classified as: Plots / Charts
[bA5o5eZplk] figure_2.jpg -> classified as: Plots / Charts
[bA5o5eZplk] figure_7.jpg -> classified as: Plots / Charts
[bA5o5eZplk] figure_3.jpg -> classified as: Plots / Charts
[bA5o5eZplk] figure_4.jpg -> classified as: Plots / Charts
[bA5o5eZplk] figure_1.jpg -> classified as: Architecture Diagram
[bA5o5eZplk] figure_8.jpg -> classified as: Plots / Charts
[bBNUiErs26] figure_19.jpg -> classified as: Qualitative Examples
[bBNUiErs26] figure_5.jpg -> classified as: Plots / Charts
[bBNUiErs26] figure_18.jpg -> classified as: Qualitative Examples
[bBNUiErs26] figure_13.jpg -> classified as: Plots / Charts
[bBNUiErs26] figure_15.jpg -> classified as: Qualitative Examples
[bBNUiErs26] figure_2.jpg -> classified as: Plots / Charts
[bBNUiErs26] figure_20.jpg -> classified as: Plots / Charts
[bBNUiErs26] figure_11.jpg -> classified as: Qualitative Examples
[bBNUiErs26] figure_7.jpg -> classified as: Qualitative Examples
[bBNUiErs26] figure_3.jpg -> classified as: Architecture Diagram
[bBNUiErs26] figure_4.jpg -> classified as: Architecture Diagram
[bBNUiErs26] figure_17.jpg -> classified as: Plots / Charts
[bBNUiErs26] figure_1.jpg -> classified as: Plots / Charts
[bBNUiErs26] figure_8.jpg -> classified as: Plots / Charts
[bBNUiErs26] figure_12.jpg -> classified as: Qualitative Examples
[bBNUiErs26] figure_21.jpg -> classified as: Qualitative Examples
[bBNUiErs26] figure_14.jpg -> classified as: Architecture Diagram
[bBNUiErs26] figure_16.jpg -> classified as: Qualitative Examples
[bBNUiErs26] figure_10.jpg -> classified as: Qualitative Examples
[bBUhlynfRX] figure_19.jpg -> classified as: Plots / Charts
[bBUhlynfRX] figure_23.jpg -> classified as: Plots / Charts
[bBUhlynfRX] figure_24.jpg -> classified as: Plots / Charts
[bBUhlynfRX] figure_5.jpg -> classified as: Plots / Charts
[bBUhlynfRX] figure_6.jpg -> classified as: Plots / Charts
[bBUhlynfRX] figure_9.jpg -> classified as: Plots / Charts
[bBUhlynfRX] figure_22.jpg -> classified as: Plots / Charts
[bBUhlynfRX] figure_18.jpg -> classified as: Plots / Charts
[bBUhlynfRX] figure_13.jpg -> classified as: Plots / Charts
[bBUhlynfRX] figure_15.jpg -> classified as: Plots / Charts
[bBUhlynfRX] figure_2.jpg -> classified as: Plots / Charts
[bBUhlynfRX] figure_20.jpg -> classified as: Plots / Charts
[bBUhlynfRX] figure_11.jpg -> classified as: Qualitative Examples
[bBUhlynfRX] figure_7.jpg -> classified as: Plots / Charts
[bBUhlynfRX] figure_3.jpg -> classified as: Plots / Charts
[bBUhlynfRX] figure_4.jpg -> classified as: Plots / Charts
[bBUhlynfRX] figure_17.jpg -> classified as: Plots / Charts
[bBUhlynfRX] figure_1.jpg -> classified as: Plots / Charts
[bBUhlynfRX] figure_8.jpg -> classified as: Plots / Charts
[bBUhlynfRX] figure_A.3_ROBUSTNESS_TO.jpg -> classified as: Plots / Charts
[bBUhlynfRX] figure_12.jpg -> classified as: Plots / Charts
[bBUhlynfRX] figure_25.jpg -> classified as: Qualitative Examples
[bBUhlynfRX] figure_21.jpg -> classified as: Plots / Charts
[bBUhlynfRX] figure_16.jpg -> classified as: Plots / Charts
[bBUhlynfRX] figure_10.jpg -> classified as: Plots / Charts
[bBoetBIN2R] figure_19.jpg -> classified as: Qualitative Examples
[bBoetBIN2R] figure_Prompt_9__Removing.jpg -> classified as: Other
  -> Skipping second pass (Other)
[bBoetBIN2R] figure_24.jpg -> classified as: Qualitative Examples
[bBoetBIN2R] figure_5.jpg -> classified as: Plots / Charts
[bBoetBIN2R] figure_6.jpg -> classified as: Qualitative Examples
[bBoetBIN2R] figure_Prompt_3__Zero-shot.jpg -> classified as: Other
  -> Skipping second pass (Other)
[bBoetBIN2R] figure_9.jpg -> classified as: Other
  -> Skipping second pass (Other)
[bBoetBIN2R] figure_22.jpg -> classified as: Qualitative Examples
[bBoetBIN2R] figure_28.jpg -> classified as: Qualitative Examples
[bBoetBIN2R] figure_18.jpg -> classified as: Qualitative Examples
[bBoetBIN2R] figure_15.jpg -> classified as: Other
  -> Skipping second pass (Other)
[bBoetBIN2R] figure_2.jpg -> classified as: Architecture Diagram
[bBoetBIN2R] figure_20.jpg -> classified as: Qualitative Examples
[bBoetBIN2R] figure_11.jpg -> classified as: Other
  -> Skipping second pass (Other)
[bBoetBIN2R] figure_7.jpg -> classified as: Other
  -> Skipping second pass (Other)
[bBoetBIN2R] figure_3.jpg -> classified as: Architecture Diagram
[bBoetBIN2R] figure_4.jpg -> classified as: Plots / Charts
[bBoetBIN2R] figure_17.jpg -> classified as: Qualitative Examples
[bBoetBIN2R] figure_1.jpg -> classified as: Plots / Charts
[bBoetBIN2R] figure_8.jpg -> classified as: Other
  -> Skipping second pass (Other)
[bBoetBIN2R] figure_12.jpg -> classified as: Other
  -> Skipping second pass (Other)
[bBoetBIN2R] figure_25.jpg -> classified as: Qualitative Examples
[bBoetBIN2R] figure_26.jpg -> classified as: Qualitative Examples
[bBoetBIN2R] figure_14.jpg -> classified as: Other
  -> Skipping second pass (Other)
[bBoetBIN2R] figure_10.jpg -> classified as: Other
  -> Skipping second pass (Other)
[bDkisS75zy] figure_5.jpg -> classified as: Qualitative Examples
[bDkisS75zy] figure_2.jpg -> classified as: Qualitative Examples
[bDkisS75zy] figure_3.jpg -> classified as: Plots / Charts
[bDkisS75zy] figure_4.jpg -> classified as: Plots / Charts
[bDkisS75zy] figure_1.jpg -> classified as: Architecture Diagram
[bFMpmb8p3D] figure_5.jpg -> classified as: Qualitative Examples
[bFMpmb8p3D] figure_2.jpg -> classified as: Qualitative Examples
[bFMpmb8p3D] figure_3.jpg -> classified as: Qualitative Examples
[bFMpmb8p3D] figure_4.jpg -> classified as: Plots / Charts
[bFMpmb8p3D] figure_1.jpg -> classified as: Architecture Diagram
[bH6T0Jjw5y] figure_Lag_time_[ps]_2.jpg -> classified as: Plots / Charts
[bH6T0Jjw5y] figure_Lag_time_[ps].jpg -> classified as: Plots / Charts
[bH6T0Jjw5y] figure_6.jpg -> classified as: Plots / Charts
[bH6T0Jjw5y] figure_9.jpg -> classified as: Plots / Charts
[bH6T0Jjw5y] figure_13.jpg -> classified as: Plots / Charts
[bH6T0Jjw5y] figure_15.jpg -> classified as: Plots / Charts
[bH6T0Jjw5y] figure_2.jpg -> classified as: Architecture Diagram
[bH6T0Jjw5y] figure_11.jpg -> classified as: Plots / Charts
[bH6T0Jjw5y] figure_Lag_time_[ps]_1.jpg -> classified as: Plots / Charts
[bH6T0Jjw5y] figure_7.jpg -> classified as: Architecture Diagram
[bH6T0Jjw5y] figure_4.jpg -> classified as: Plots / Charts
[bH6T0Jjw5y] figure_8.jpg -> classified as: Plots / Charts
[bH6T0Jjw5y] figure_12.jpg -> classified as: Plots / Charts
[bH6T0Jjw5y] figure_10.jpg -> classified as: Plots / Charts
[bJx4iOIOxn] figure_19.jpg -> classified as: Qualitative Examples
[bJx4iOIOxn] figure_5.jpg -> classified as: Plots / Charts
[bJx4iOIOxn] figure_6.jpg -> classified as: Plots / Charts
[bJx4iOIOxn] figure_9.jpg -> classified as: Plots / Charts
[bJx4iOIOxn] figure_18.jpg -> classified as: Qualitative Examples
[bJx4iOIOxn] figure_13.jpg -> classified as: Plots / Charts
[bJx4iOIOxn] figure_15.jpg -> classified as: Plots / Charts
[bJx4iOIOxn] figure_2.jpg -> classified as: Architecture Diagram
[bJx4iOIOxn] figure_11.jpg -> classified as: Plots / Charts
[bJx4iOIOxn] figure_7.jpg -> classified as: Plots / Charts
[bJx4iOIOxn] figure_3.jpg -> classified as: Plots / Charts
[bJx4iOIOxn] figure_4.jpg -> classified as: Plots / Charts
[bJx4iOIOxn] figure_17.jpg -> classified as: Qualitative Examples
[bJx4iOIOxn] figure_1.jpg -> classified as: Plots / Charts
[bJx4iOIOxn] figure_8.jpg -> classified as: Qualitative Examples
[bJx4iOIOxn] figure_12.jpg -> classified as: Plots / Charts
[bJx4iOIOxn] figure_14.jpg -> classified as: Plots / Charts
[bJx4iOIOxn] figure_16.jpg -> classified as: Plots / Charts
[bJx4iOIOxn] figure_10.jpg -> classified as: Plots / Charts
[bKQJzuBSRJ] figure_2.jpg -> classified as: Qualitative Examples
[bKQJzuBSRJ] figure_3.jpg -> classified as: Qualitative Examples
[bKQJzuBSRJ] figure_1.jpg -> classified as: Plots / Charts
[bKQJzuBSRJ] figure_B1.jpg -> classified as: Plots / Charts
[bLpUtGyf9g] figure_5.jpg -> classified as: Plots / Charts
[bLpUtGyf9g] figure_6.jpg -> classified as: Plots / Charts
[bLpUtGyf9g] figure_9.jpg -> classified as: Architecture Diagram
[bLpUtGyf9g] figure_2.jpg -> classified as: Architecture Diagram
[bLpUtGyf9g] figure_7.jpg -> classified as: Plots / Charts
[bLpUtGyf9g] figure_3.jpg -> classified as: Architecture Diagram
[bLpUtGyf9g] figure_4.jpg -> classified as: Plots / Charts
[bLpUtGyf9g] figure_1.jpg -> classified as: Plots / Charts
[bLpUtGyf9g] figure_8.jpg -> classified as: Architecture Diagram
[bO1UP57GAw] figure_5.jpg -> classified as: Plots / Charts
[bO1UP57GAw] figure_2.jpg -> classified as: Plots / Charts
[bO1UP57GAw] figure_3.jpg -> classified as: Plots / Charts
[bO1UP57GAw] figure_4.jpg -> classified as: Plots / Charts
[bO1UP57GAw] figure_1.jpg -> classified as: Plots / Charts
[bOhr1iVee5] figure_5.jpg -> classified as: Plots / Charts
[bOhr1iVee5] figure_2.jpg -> classified as: Plots / Charts
[bOhr1iVee5] figure_3.jpg -> classified as: Architecture Diagram
[bOhr1iVee5] figure_4.jpg -> classified as: Plots / Charts
[bOhr1iVee5] figure_1.jpg -> classified as: Plots / Charts
[bQ0sbMLYFj] figure_5.jpg -> classified as: Plots / Charts
[bQ0sbMLYFj] figure_6.jpg -> classified as: Qualitative Examples
[bQ0sbMLYFj] figure_9.jpg -> classified as: Qualitative Examples
[bQ0sbMLYFj] figure_2.jpg -> classified as: Architecture Diagram
[bQ0sbMLYFj] figure_11.jpg -> classified as: Qualitative Examples
[bQ0sbMLYFj] figure_7.jpg -> classified as: Qualitative Examples
[bQ0sbMLYFj] figure_3.jpg -> classified as: Qualitative Examples
[bQ0sbMLYFj] figure_4.jpg -> classified as: Plots / Charts
[bQ0sbMLYFj] figure_1.jpg -> classified as: Architecture Diagram
[bQ0sbMLYFj] figure_8.jpg -> classified as: Qualitative Examples
[bQ0sbMLYFj] figure_10.jpg -> classified as: Qualitative Examples
[bQWE2UqXmf] figure_5.jpg -> classified as: Plots / Charts
[bQWE2UqXmf] figure_6.jpg -> classified as: Plots / Charts
[bQWE2UqXmf] figure_9.jpg -> classified as: Plots / Charts
[bQWE2UqXmf] figure_2.jpg -> classified as: Plots / Charts
[bQWE2UqXmf] figure_7.jpg -> classified as: Plots / Charts
[bQWE2UqXmf] figure_3.jpg -> classified as: Qualitative Examples
[bQWE2UqXmf] figure_1.jpg -> classified as: Qualitative Examples
[bQWE2UqXmf] figure_8.jpg -> classified as: Plots / Charts
[bRMfqThoVC] figure_5.jpg -> classified as: Architecture Diagram
[bRMfqThoVC] figure_6.jpg -> classified as: Plots / Charts
[bRMfqThoVC] figure_9.jpg -> classified as: Plots / Charts
[bRMfqThoVC] figure_2.jpg -> classified as: Plots / Charts
[bRMfqThoVC] figure_11.jpg -> classified as: Plots / Charts
[bRMfqThoVC] figure_7.jpg -> classified as: Plots / Charts
[bRMfqThoVC] figure_3.jpg -> classified as: Architecture Diagram
[bRMfqThoVC] figure_4.jpg -> classified as: Architecture Diagram
[bRMfqThoVC] figure_1.jpg -> classified as: Plots / Charts
[bRMfqThoVC] figure_12.jpg -> classified as: Plots / Charts
[bRMfqThoVC] figure_10.jpg -> classified as: Qualitative Examples
[bU1JOvdXXK] figure_5.jpg -> classified as: Qualitative Examples
[bU1JOvdXXK] figure_6.jpg -> classified as: Plots / Charts
[bU1JOvdXXK] figure_2.jpg -> classified as: Architecture Diagram
[bU1JOvdXXK] figure_3.jpg -> classified as: Architecture Diagram
[bU1JOvdXXK] figure_1.jpg -> classified as: Other
  -> Skipping second pass (Other)
[bUGagbBGaY] figure_6.jpg -> classified as: Plots / Charts
[bUGagbBGaY] figure_9.jpg -> classified as: Qualitative Examples
[bUGagbBGaY] figure_2.jpg -> classified as: Plots / Charts
[bUGagbBGaY] figure_7.jpg -> classified as: Qualitative Examples
[bUGagbBGaY] figure_B.2_ADDITIONAL_RESULTS.jpg -> classified as: Plots / Charts
[bUGagbBGaY] figure_3.jpg -> classified as: Qualitative Examples
[bUGagbBGaY] figure_4.jpg -> classified as: Plots / Charts
[bUGagbBGaY] figure_1.jpg -> classified as: Plots / Charts
[bUGagbBGaY] figure_8.jpg -> classified as: Qualitative Examples
[bVBLqKoiJ1] figure_S15.jpg -> classified as: Qualitative Examples
[bVBLqKoiJ1] figure_S11.jpg -> classified as: Plots / Charts
[bVBLqKoiJ1] figure_5.jpg -> classified as: Qualitative Examples
[bVBLqKoiJ1] figure_6.jpg -> classified as: Plots / Charts
[bVBLqKoiJ1] figure_S9.jpg -> classified as: Qualitative Examples
[bVBLqKoiJ1] figure_2.jpg -> classified as: Architecture Diagram
[bVBLqKoiJ1] figure_S8.jpg -> classified as: Qualitative Examples
[bVBLqKoiJ1] figure_S21.jpg -> classified as: Qualitative Examples
[bVBLqKoiJ1] figure_Guidelines__Compare_the.jpg -> classified as: Qualitative Examples
[bVBLqKoiJ1] figure_7.jpg -> classified as: Plots / Charts
[bVBLqKoiJ1] figure_3.jpg -> classified as: Qualitative Examples
[bVBLqKoiJ1] figure_S13.jpg -> classified as: Qualitative Examples
[bVBLqKoiJ1] figure_4.jpg -> classified as: Qualitative Examples
[bVBLqKoiJ1] figure_S19.jpg -> classified as: Qualitative Examples
[bVBLqKoiJ1] figure_S14.jpg -> classified as: Qualitative Examples
[bVBLqKoiJ1] figure_1.jpg -> classified as: Qualitative Examples
[bVBLqKoiJ1] figure_S16.jpg -> classified as: Plots / Charts
[bVBLqKoiJ1] figure_S17.jpg -> classified as: Plots / Charts
[bVBLqKoiJ1] figure_S12.jpg -> classified as: Plots / Charts
[bVBLqKoiJ1] figure_S10.jpg -> classified as: Qualitative Examples
[bW9fGYo44s] figure_Render_a_macro-style.jpg -> classified as: Other
  -> Skipping second pass (Other)
[bW9fGYo44s] figure_S_15.jpg -> classified as: Teaser Image
[bW9fGYo44s] figure_Render_is_a.jpg -> classified as: Other
  -> Skipping second pass (Other)
[bW9fGYo44s] figure_w.jpg -> classified as: Teaser Image
[bW9fGYo44s] figure_5.jpg -> classified as: Architecture Diagram
[bW9fGYo44s] figure_Create_a_graphic.jpg -> classified as: Qualitative Examples
[bW9fGYo44s] figure_6.jpg -> classified as: Plots / Charts
[bW9fGYo44s] figure_S_11.jpg -> classified as: Qualitative Examples
[bW9fGYo44s] figure_2.jpg -> classified as: Architecture Diagram
[bW9fGYo44s] figure_S_17.jpg -> classified as: Teaser Image
[bW9fGYo44s] figure_S_12.jpg -> classified as: Qualitative Examples
[bW9fGYo44s] figure_S_2.jpg -> classified as: Qualitative Examples
[bW9fGYo44s] figure_Create_a_sci-fi.jpg -> classified as: Teaser Image
[bW9fGYo44s] figure_S_3.jpg -> classified as: Other
  -> Skipping second pass (Other)
[bW9fGYo44s] figure_7.jpg -> classified as: Qualitative Examples
[bW9fGYo44s] figure_S_8.jpg -> classified as: Architecture Diagram
[bW9fGYo44s] figure_3.jpg -> classified as: Architecture Diagram
[bW9fGYo44s] figure_Create_an_abstract.jpg -> classified as: Other
  -> Skipping second pass (Other)
[bW9fGYo44s] figure_S_9.jpg -> classified as: Plots / Charts
[bW9fGYo44s] figure_4.jpg -> classified as: Architecture Diagram
[bW9fGYo44s] figure_S_5.jpg -> classified as: Other
  -> Skipping second pass (Other)
[bW9fGYo44s] figure_Create_a_macro-style.jpg -> classified as: Teaser Image
[bW9fGYo44s] figure_S_18.jpg -> classified as: Teaser Image
[bW9fGYo44s] figure_S_14.jpg -> classified as: Other
  -> Skipping second pass (Other)
[bW9fGYo44s] figure_Robots_have_rebelled.jpg -> classified as: Teaser Image
[bW9fGYo44s] figure_S_1.jpg -> classified as: Teaser Image
[bW9fGYo44s] figure_S.jpg -> classified as: Qualitative Examples
[bW9fGYo44s] figure_S_13.jpg -> classified as: Qualitative Examples
[bW9fGYo44s] figure_8.jpg -> classified as: Qualitative Examples
[bW9fGYo44s] figure_S_10.jpg -> classified as: Architecture Diagram
[bW9fGYo44s] figure_S_19.jpg -> classified as: Other
  -> Skipping second pass (Other)
[bW9fGYo44s] figure_S_16.jpg -> classified as: Other
  -> Skipping second pass (Other)
[bW9fGYo44s] figure_Create_a_cinematic.jpg -> classified as: Teaser Image
[bW9fGYo44s] figure_S_4.jpg -> classified as: Other
  -> Skipping second pass (Other)
[bW9fGYo44s] figure_S_7.jpg -> classified as: Architecture Diagram
[bW9fGYo44s] figure_S_6.jpg -> classified as: Teaser Image
[bW9fGYo44s] figure_A_graphic_novel-style.jpg -> classified as: Teaser Image
[bW9fGYo44s] figure_10.jpg -> classified as: Qualitative Examples
[bW9fGYo44s] figure_Create_a_low.jpg -> classified as: Teaser Image
[bWzxhtl1HP] figure_5.jpg -> classified as: Qualitative Examples
[bWzxhtl1HP] figure_6.jpg -> classified as: Qualitative Examples
[bWzxhtl1HP] figure_2.jpg -> classified as: Qualitative Examples
[bWzxhtl1HP] figure_3.jpg -> classified as: Architecture Diagram
[bWzxhtl1HP] figure_1.jpg -> classified as: Qualitative Examples
[bYwEpQ96ng] figure_5.jpg -> classified as: Plots / Charts
[bYwEpQ96ng] figure_2.jpg -> classified as: Architecture Diagram
[bYwEpQ96ng] figure_3.jpg -> classified as: Architecture Diagram
[bYwEpQ96ng] figure_4.jpg -> classified as: Plots / Charts
[bYwEpQ96ng] figure_1.jpg -> classified as: Plots / Charts
[bZMyHBSnEI] figure_2.jpg -> classified as: Qualitative Examples
[bZMyHBSnEI] figure_3.jpg -> classified as: Plots / Charts
[bZMyHBSnEI] figure_4.jpg -> classified as: Plots / Charts
[bZMyHBSnEI] figure_1.jpg -> classified as: Architecture Diagram
[bamS1jdqhH] figure_5.jpg -> classified as: Plots / Charts
[bamS1jdqhH] figure_6.jpg -> classified as: Plots / Charts
[bamS1jdqhH] figure_9.jpg -> classified as: Qualitative Examples
[bamS1jdqhH] figure_2.jpg -> classified as: Plots / Charts
[bamS1jdqhH] figure_11.jpg -> classified as: Plots / Charts
[bamS1jdqhH] figure_7.jpg -> classified as: Qualitative Examples
[bamS1jdqhH] figure_3.jpg -> classified as: Plots / Charts
[bamS1jdqhH] figure_4.jpg -> classified as: Plots / Charts
[bamS1jdqhH] figure_8.jpg -> classified as: Qualitative Examples
[bamS1jdqhH] figure_Figure_$1__colon.jpg -> classified as: Qualitative Examples
[bamS1jdqhH] figure_12.jpg -> classified as: Plots / Charts
[bamS1jdqhH] figure_10.jpg -> classified as: Plots / Charts
[bb2Cm6Xn6d] figure_5.jpg -> classified as: Plots / Charts
[bb2Cm6Xn6d] figure_6.jpg -> classified as: Plots / Charts
[bb2Cm6Xn6d] figure_9.jpg -> classified as: Plots / Charts
[bb2Cm6Xn6d] figure_18.jpg -> classified as: Qualitative Examples
[bb2Cm6Xn6d] figure_13.jpg -> classified as: Plots / Charts
[bb2Cm6Xn6d] figure_15.jpg -> classified as: Plots / Charts
[bb2Cm6Xn6d] figure_2.jpg -> classified as: Plots / Charts
[bb2Cm6Xn6d] figure_11.jpg -> classified as: Plots / Charts
[bb2Cm6Xn6d] figure_7.jpg -> classified as: Plots / Charts
[bb2Cm6Xn6d] figure_3.jpg -> classified as: Plots / Charts
[bb2Cm6Xn6d] figure_4.jpg -> classified as: Plots / Charts
[bb2Cm6Xn6d] figure_17.jpg -> classified as: Plots / Charts
[bb2Cm6Xn6d] figure_1.jpg -> classified as: Plots / Charts
[bb2Cm6Xn6d] figure_8.jpg -> classified as: Plots / Charts
[bb2Cm6Xn6d] figure_12.jpg -> classified as: Plots / Charts
[bb2Cm6Xn6d] figure_14.jpg -> classified as: Plots / Charts
[bb2Cm6Xn6d] figure_16.jpg -> classified as: Plots / Charts
[bb2Cm6Xn6d] figure_10.jpg -> classified as: Qualitative Examples
[bbCL5aRjUx] figure_5.jpg -> classified as: Architecture Diagram
[bbCL5aRjUx] figure_6.jpg -> classified as: Qualitative Examples
[bbCL5aRjUx] figure_9.jpg -> classified as: Plots / Charts
[bbCL5aRjUx] figure_13.jpg -> classified as: Qualitative Examples
[bbCL5aRjUx] figure_15.jpg -> classified as: Qualitative Examples
[bbCL5aRjUx] figure_2.jpg -> classified as: Plots / Charts
[bbCL5aRjUx] figure_11.jpg -> classified as: Plots / Charts
[bbCL5aRjUx] figure_7.jpg -> classified as: Plots / Charts
[bbCL5aRjUx] figure_3.jpg -> classified as: Architecture Diagram
[bbCL5aRjUx] figure_4.jpg -> classified as: Architecture Diagram
[bbCL5aRjUx] figure_1.jpg -> classified as: Architecture Diagram
[bbCL5aRjUx] figure_8.jpg -> classified as: Qualitative Examples
[bbCL5aRjUx] figure_12.jpg -> classified as: Qualitative Examples
[bbCL5aRjUx] figure_14.jpg -> classified as: Qualitative Examples
[bbCL5aRjUx] figure_16.jpg -> classified as: Architecture Diagram
[bbCL5aRjUx] figure_10.jpg -> classified as: Plots / Charts
[be0sdRYSlH] figure_2.jpg -> classified as: Architecture Diagram
[be0sdRYSlH] figure_3.jpg -> classified as: Plots / Charts
[be0sdRYSlH] figure_4.jpg -> classified as: Qualitative Examples
[be0sdRYSlH] figure_1.jpg -> classified as: Plots / Charts
[beYW50NuCs] figure_5.jpg -> classified as: Qualitative Examples
[beYW50NuCs] figure_2.jpg -> classified as: Qualitative Examples
[beYW50NuCs] figure_3.jpg -> classified as: Qualitative Examples
[beYW50NuCs] figure_1.jpg -> classified as: Architecture Diagram
[bgIZDxd2bM] figure_in..jpg -> classified as: Qualitative Examples
[bgIZDxd2bM] figure_(c)_FFHQ128,_$_mathrm.jpg -> classified as: Qualitative Examples
[bgIZDxd2bM] figure_5.jpg -> classified as: Plots / Charts
[bgIZDxd2bM] figure_6.jpg -> classified as: Plots / Charts
[bgIZDxd2bM] figure_13.jpg -> classified as: Qualitative Examples
[bgIZDxd2bM] figure_15.jpg -> classified as: Plots / Charts
[bgIZDxd2bM] figure_2.jpg -> classified as: Architecture Diagram
[bgIZDxd2bM] figure_11.jpg -> classified as: Plots / Charts
[bgIZDxd2bM] figure_7.jpg -> classified as: Plots / Charts
[bgIZDxd2bM] figure_3.jpg -> classified as: Architecture Diagram
[bgIZDxd2bM] figure_4.jpg -> classified as: Plots / Charts
[bgIZDxd2bM] figure_1.jpg -> classified as: Qualitative Examples
[bgIZDxd2bM] figure_12.jpg -> classified as: Plots / Charts
[bgIZDxd2bM] figure_14.jpg -> classified as: Qualitative Examples
[bhOysNJvWm] figure_5.jpg -> classified as: Plots / Charts
[bhOysNJvWm] figure_6.jpg -> classified as: Plots / Charts
[bhOysNJvWm] figure_9.jpg -> classified as: Plots / Charts
[bhOysNJvWm] figure_13.jpg -> classified as: Plots / Charts
[bhOysNJvWm] figure_15.jpg -> classified as: Plots / Charts
[bhOysNJvWm] figure_2.jpg -> classified as: Plots / Charts
[bhOysNJvWm] figure_7.jpg -> classified as: Plots / Charts
[bhOysNJvWm] figure_3.jpg -> classified as: Plots / Charts
[bhOysNJvWm] figure_4.jpg -> classified as: Plots / Charts
[bhOysNJvWm] figure_1.jpg -> classified as: Architecture Diagram
[bhOysNJvWm] figure_8.jpg -> classified as: Plots / Charts
[bhOysNJvWm] figure_14.jpg -> classified as: Plots / Charts
[bhOysNJvWm] figure_10.jpg -> classified as: Plots / Charts
[bjMi9ux50f] figure_5.jpg -> classified as: Qualitative Examples
[bjMi9ux50f] figure_6.jpg -> classified as: Plots / Charts
[bjMi9ux50f] figure_9.jpg -> classified as: Plots / Charts
[bjMi9ux50f] figure_18.jpg -> classified as: Plots / Charts
[bjMi9ux50f] figure_13.jpg -> classified as: Plots / Charts
[bjMi9ux50f] figure_15.jpg -> classified as: Plots / Charts
[bjMi9ux50f] figure_2.jpg -> classified as: Plots / Charts
[bjMi9ux50f] figure_11.jpg -> classified as: Plots / Charts
[bjMi9ux50f] figure_7.jpg -> classified as: Qualitative Examples
[bjMi9ux50f] figure_3.jpg -> classified as: Qualitative Examples
[bjMi9ux50f] figure_4.jpg -> classified as: Qualitative Examples
[bjMi9ux50f] figure_17.jpg -> classified as: Plots / Charts
[bjMi9ux50f] figure_1.jpg -> classified as: Architecture Diagram
[bjMi9ux50f] figure_8.jpg -> classified as: Plots / Charts
[bjMi9ux50f] figure_12.jpg -> classified as: Plots / Charts
[bjMi9ux50f] figure_14.jpg -> classified as: Plots / Charts
[bjMi9ux50f] figure_16.jpg -> classified as: Plots / Charts
[bjMi9ux50f] figure_10.jpg -> classified as: Plots / Charts
[bkdWThqE6q] figure_19.jpg -> classified as: Qualitative Examples
[bkdWThqE6q] figure_23.jpg -> classified as: Qualitative Examples
[bkdWThqE6q] figure_5.jpg -> classified as: Qualitative Examples
[bkdWThqE6q] figure_6.jpg -> classified as: Qualitative Examples
[bkdWThqE6q] figure_9.jpg -> classified as: Qualitative Examples
[bkdWThqE6q] figure_22.jpg -> classified as: Qualitative Examples
[bkdWThqE6q] figure_18.jpg -> classified as: Qualitative Examples
[bkdWThqE6q] figure_13.jpg -> classified as: Qualitative Examples
[bkdWThqE6q] figure_15.jpg -> classified as: Qualitative Examples
[bkdWThqE6q] figure_2.jpg -> classified as: Architecture Diagram
[bkdWThqE6q] figure_20.jpg -> classified as: Qualitative Examples
[bkdWThqE6q] figure_11.jpg -> classified as: Qualitative Examples
[bkdWThqE6q] figure_7.jpg -> classified as: Qualitative Examples
[bkdWThqE6q] figure_3.jpg -> classified as: Qualitative Examples
[bkdWThqE6q] figure_4.jpg -> classified as: Qualitative Examples
[bkdWThqE6q] figure_17.jpg -> classified as: Qualitative Examples
[bkdWThqE6q] figure_1.jpg -> classified as: Qualitative Examples
[bkdWThqE6q] figure_8.jpg -> classified as: Qualitative Examples
[bkdWThqE6q] figure_12.jpg -> classified as: Qualitative Examples
[bkdWThqE6q] figure_21.jpg -> classified as: Qualitative Examples
[bkdWThqE6q] figure_14.jpg -> classified as: Qualitative Examples
[bkdWThqE6q] figure_16.jpg -> classified as: Qualitative Examples
[bkdWThqE6q] figure_10.jpg -> classified as: Qualitative Examples
[bnINPG5A32] figure_19.jpg -> classified as: Qualitative Examples
[bnINPG5A32] figure_23.jpg -> classified as: Qualitative Examples
[bnINPG5A32] figure_24.jpg -> classified as: Qualitative Examples
[bnINPG5A32] figure_5.jpg -> classified as: Architecture Diagram
[bnINPG5A32] figure_6.jpg -> classified as: Architecture Diagram
[bnINPG5A32] figure_9.jpg -> classified as: Qualitative Examples
[bnINPG5A32] figure_22.jpg -> classified as: Qualitative Examples
[bnINPG5A32] figure_18.jpg -> classified as: Qualitative Examples
[bnINPG5A32] figure_13.jpg -> classified as: Qualitative Examples
[bnINPG5A32] figure_2.jpg -> classified as: Qualitative Examples
[bnINPG5A32] figure_20.jpg -> classified as: Qualitative Examples
[bnINPG5A32] figure_11.jpg -> classified as: Qualitative Examples
[bnINPG5A32] figure_7.jpg -> classified as: Qualitative Examples
[bnINPG5A32] figure_3.jpg -> classified as: Qualitative Examples
[bnINPG5A32] figure_4.jpg -> classified as: Qualitative Examples
[bnINPG5A32] figure_17.jpg -> classified as: Qualitative Examples
[bnINPG5A32] figure_1.jpg -> classified as: Qualitative Examples
[bnINPG5A32] figure_8.jpg -> classified as: Plots / Charts
[bnINPG5A32] figure_12.jpg -> classified as: Qualitative Examples
[bnINPG5A32] figure_21.jpg -> classified as: Qualitative Examples
[bnINPG5A32] figure_14.jpg -> classified as: Qualitative Examples
[bnINPG5A32] figure_16.jpg -> classified as: Qualitative Examples
[bnINPG5A32] figure_10.jpg -> classified as: Qualitative Examples
[bqLx5Rs8Tc] figure_5.jpg -> classified as: Qualitative Examples
[bqLx5Rs8Tc] figure_6.jpg -> classified as: Qualitative Examples
[bqLx5Rs8Tc] figure_9.jpg -> classified as: Plots / Charts
[bqLx5Rs8Tc] figure_13.jpg -> classified as: Architecture Diagram
[bqLx5Rs8Tc] figure_2.jpg -> classified as: Plots / Charts
[bqLx5Rs8Tc] figure_11.jpg -> classified as: Architecture Diagram
[bqLx5Rs8Tc] figure_7.jpg -> classified as: Qualitative Examples
[bqLx5Rs8Tc] figure_3.jpg -> classified as: Plots / Charts
[bqLx5Rs8Tc] figure_4.jpg -> classified as: Plots / Charts
[bqLx5Rs8Tc] figure_1.jpg -> classified as: Architecture Diagram
[bqLx5Rs8Tc] figure_8.jpg -> classified as: Architecture Diagram
[bqLx5Rs8Tc] figure_12.jpg -> classified as: Other
  -> Skipping second pass (Other)
[bqLx5Rs8Tc] figure_14.jpg -> classified as: Plots / Charts
[bqLx5Rs8Tc] figure_10.jpg -> classified as: Architecture Diagram
[breVfEOZLv] figure_2.jpg -> classified as: Plots / Charts
[breVfEOZLv] figure_3.jpg -> classified as: Plots / Charts
[breVfEOZLv] figure_1.jpg -> classified as: Plots / Charts
[bshfchPM9H] figure_5.jpg -> classified as: Qualitative Examples
[bshfchPM9H] figure_6.jpg -> classified as: Qualitative Examples
[bshfchPM9H] figure_2.jpg -> classified as: Architecture Diagram
[bshfchPM9H] figure_3.jpg -> classified as: Plots / Charts
[bshfchPM9H] figure_1.jpg -> classified as: Qualitative Examples
[bsnRUkVn63] figure_2.jpg -> classified as: Architecture Diagram
[bsnRUkVn63] figure_7.jpg -> classified as: Plots / Charts
[bsnRUkVn63] figure_3.jpg -> classified as: Plots / Charts
[bsnRUkVn63] figure_4.jpg -> classified as: Qualitative Examples
[bsnRUkVn63] figure_1.jpg -> classified as: Plots / Charts
[bsnRUkVn63] figure_8.jpg -> classified as: Plots / Charts
[btpgDo4u4j] figure_5.jpg -> classified as: Architecture Diagram
[btpgDo4u4j] figure_6.jpg -> classified as: Plots / Charts
[btpgDo4u4j] figure_2.jpg -> classified as: Architecture Diagram
[btpgDo4u4j] figure_7.jpg -> classified as: Plots / Charts
[btpgDo4u4j] figure_3.jpg -> classified as: Qualitative Examples
[btpgDo4u4j] figure_4.jpg -> classified as: Plots / Charts
[btpgDo4u4j] figure_1.jpg -> classified as: Architecture Diagram
[btpgDo4u4j] figure_8.jpg -> classified as: Plots / Charts
[bw9bvwVwMH] figure_2.jpg -> classified as: Other
  -> Skipping second pass (Other)
[bw9bvwVwMH] figure_3.jpg -> classified as: Architecture Diagram
[bw9bvwVwMH] figure_1.jpg -> classified as: Architecture Diagram
[bwJxUB0y46] figure_30.jpg -> classified as: Plots / Charts
[bwJxUB0y46] figure_19.jpg -> classified as: Qualitative Examples
[bwJxUB0y46] figure_23.jpg -> classified as: Qualitative Examples
[bwJxUB0y46] figure_29.jpg -> classified as: Qualitative Examples
[bwJxUB0y46] figure_24.jpg -> classified as: Qualitative Examples
[bwJxUB0y46] figure_5.jpg -> classified as: Qualitative Examples
[bwJxUB0y46] figure_6.jpg -> classified as: Qualitative Examples
[bwJxUB0y46] figure_9.jpg -> classified as: Qualitative Examples
[bwJxUB0y46] figure_22.jpg -> classified as: Qualitative Examples
[bwJxUB0y46] figure_28.jpg -> classified as: Qualitative Examples
[bwJxUB0y46] figure_18.jpg -> classified as: Qualitative Examples
[bwJxUB0y46] figure_15.jpg -> classified as: Qualitative Examples
[bwJxUB0y46] figure_2.jpg -> classified as: Qualitative Examples
[bwJxUB0y46] figure_20.jpg -> classified as: Qualitative Examples
[bwJxUB0y46] figure_11.jpg -> classified as: Qualitative Examples
[bwJxUB0y46] figure_7.jpg -> classified as: Qualitative Examples
[bwJxUB0y46] figure_34.jpg -> classified as: Qualitative Examples
[bwJxUB0y46] figure_3.jpg -> classified as: Qualitative Examples
[bwJxUB0y46] figure_33.jpg -> classified as: Qualitative Examples
[bwJxUB0y46] figure_4.jpg -> classified as: Qualitative Examples
[bwJxUB0y46] figure_31.jpg -> classified as: Plots / Charts
[bwJxUB0y46] figure_17.jpg -> classified as: Plots / Charts
[bwJxUB0y46] figure_1.jpg -> classified as: Architecture Diagram
[bwJxUB0y46] figure_27.jpg -> classified as: Qualitative Examples
[bwJxUB0y46] figure_37.jpg -> classified as: Qualitative Examples
[bwJxUB0y46] figure_8.jpg -> classified as: Qualitative Examples
[bwJxUB0y46] figure_12.jpg -> classified as: Qualitative Examples
[bwJxUB0y46] figure_21.jpg -> classified as: Qualitative Examples
[bwJxUB0y46] figure_14.jpg -> classified as: Qualitative Examples
[bwJxUB0y46] figure_32.jpg -> classified as: Qualitative Examples
[bwJxUB0y46] figure_16.jpg -> classified as: Plots / Charts
[bwJxUB0y46] figure_10.jpg -> classified as: Qualitative Examples
[bwhI6bCGY1] figure_19.jpg -> classified as: Plots / Charts
[bwhI6bCGY1] figure_5.jpg -> classified as: Plots / Charts
[bwhI6bCGY1] figure_9.jpg -> classified as: Qualitative Examples
[bwhI6bCGY1] figure_18.jpg -> classified as: Plots / Charts
[bwhI6bCGY1] figure_13.jpg -> classified as: Qualitative Examples
[bwhI6bCGY1] figure_15.jpg -> classified as: Plots / Charts
[bwhI6bCGY1] figure_2.jpg -> classified as: Qualitative Examples
[bwhI6bCGY1] figure_20.jpg -> classified as: Plots / Charts
[bwhI6bCGY1] figure_11.jpg -> classified as: Qualitative Examples
[bwhI6bCGY1] figure_7.jpg -> classified as: Qualitative Examples
[bwhI6bCGY1] figure_3.jpg -> classified as: Qualitative Examples
[bwhI6bCGY1] figure_4.jpg -> classified as: Qualitative Examples
[bwhI6bCGY1] figure_17.jpg -> classified as: Plots / Charts
[bwhI6bCGY1] figure_1.jpg -> classified as: Plots / Charts
[bwhI6bCGY1] figure_8.jpg -> classified as: Qualitative Examples
[bwhI6bCGY1] figure_12.jpg -> classified as: Qualitative Examples
[bwhI6bCGY1] figure_14.jpg -> classified as: Qualitative Examples
[bwhI6bCGY1] figure_16.jpg -> classified as: Plots / Charts
[bwhI6bCGY1] figure_10.jpg -> classified as: Qualitative Examples
[bxfKIYfHyx] figure_5.jpg -> classified as: Plots / Charts
[bxfKIYfHyx] figure_6.jpg -> classified as: Plots / Charts
[bxfKIYfHyx] figure_9.jpg -> classified as: Qualitative Examples
[bxfKIYfHyx] figure_13.jpg -> classified as: Plots / Charts
[bxfKIYfHyx] figure_2.jpg -> classified as: Architecture Diagram
[bxfKIYfHyx] figure_11.jpg -> classified as: Qualitative Examples
[bxfKIYfHyx] figure_7.jpg -> classified as: Qualitative Examples
[bxfKIYfHyx] figure_3.jpg -> classified as: Qualitative Examples
[bxfKIYfHyx] figure_4.jpg -> classified as: Plots / Charts
[bxfKIYfHyx] figure_1.jpg -> classified as: Qualitative Examples
[bxfKIYfHyx] figure_8.jpg -> classified as: Plots / Charts
[bxfKIYfHyx] figure_12.jpg -> classified as: Qualitative Examples
[bxfKIYfHyx] figure_10.jpg -> classified as: Qualitative Examples
[bxqfyKl4lQ] figure_5.jpg -> classified as: Architecture Diagram
[bxqfyKl4lQ] figure_6.jpg -> classified as: Architecture Diagram
[bxqfyKl4lQ] figure_2.jpg -> classified as: Plots / Charts
[bxqfyKl4lQ] figure_7.jpg -> classified as: Qualitative Examples
[bxqfyKl4lQ] figure_3.jpg -> classified as: Architecture Diagram
[bxqfyKl4lQ] figure_4.jpg -> classified as: Architecture Diagram
[bxqfyKl4lQ] figure_8.jpg -> classified as: Qualitative Examples
[bzO7cusxBl] figure_5.jpg -> classified as: Plots / Charts
[bzO7cusxBl] figure_6.jpg -> classified as: Plots / Charts
[bzO7cusxBl] figure_9.jpg -> classified as: Plots / Charts
[bzO7cusxBl] figure_2.jpg -> classified as: Plots / Charts
[bzO7cusxBl] figure_7.jpg -> classified as: Plots / Charts
[bzO7cusxBl] figure_3.jpg -> classified as: Plots / Charts
[bzO7cusxBl] figure_4.jpg -> classified as: Plots / Charts
[bzO7cusxBl] figure_1.jpg -> classified as: Plots / Charts
[bzO7cusxBl] figure_8.jpg -> classified as: Plots / Charts
[c01YB8pF0s] figure_6.jpg -> classified as: Plots / Charts
[c01YB8pF0s] figure_9.jpg -> classified as: Plots / Charts
[c01YB8pF0s] figure_13.jpg -> classified as: Plots / Charts
[c01YB8pF0s] figure_15.jpg -> classified as: Plots / Charts
[c01YB8pF0s] figure_F.8_SENSITIVE_ANALYSIS.jpg -> classified as: Plots / Charts
[c01YB8pF0s] figure_2.jpg -> classified as: Other
  -> Skipping second pass (Other)
[c01YB8pF0s] figure_11.jpg -> classified as: Plots / Charts
[c01YB8pF0s] figure_7.jpg -> classified as: Plots / Charts
[c01YB8pF0s] figure_3.jpg -> classified as: Plots / Charts
[c01YB8pF0s] figure_4.jpg -> classified as: Plots / Charts
[c01YB8pF0s] figure_17.jpg -> classified as: Plots / Charts
[c01YB8pF0s] figure_1.jpg -> classified as: Plots / Charts
[c01YB8pF0s] figure_8.jpg -> classified as: Architecture Diagram
[c01YB8pF0s] figure_12.jpg -> classified as: Plots / Charts
[c01YB8pF0s] figure_14.jpg -> classified as: Plots / Charts
[c01YB8pF0s] figure_16.jpg -> classified as: Plots / Charts
[c01YB8pF0s] figure_10.jpg -> classified as: Plots / Charts
[c0chJTSbci] figure_5.jpg -> classified as: Qualitative Examples
[c0chJTSbci] figure_6.jpg -> classified as: Qualitative Examples
[c0chJTSbci] figure_ceeded_in_a.jpg -> classified as: Qualitative Examples
[c0chJTSbci] figure_2.jpg -> classified as: Qualitative Examples
[c0chJTSbci] figure_3.jpg -> classified as: Qualitative Examples
[c0chJTSbci] figure_4.jpg -> classified as: Qualitative Examples
[c0chJTSbci] figure_1.jpg -> classified as: Architecture Diagram
[c0chJTSbci] figure_8.jpg -> classified as: Qualitative Examples
[c1Ng0f8ivn] figure_5.jpg -> classified as: Plots / Charts
[c1Ng0f8ivn] figure_6.jpg -> classified as: Plots / Charts
[c1Ng0f8ivn] figure_9.jpg -> classified as: Qualitative Examples
[c1Ng0f8ivn] figure_13.jpg -> classified as: Plots / Charts
[c1Ng0f8ivn] figure_2.jpg -> classified as: Plots / Charts
[c1Ng0f8ivn] figure_11.jpg -> classified as: Qualitative Examples
[c1Ng0f8ivn] figure_7.jpg -> classified as: Plots / Charts
[c1Ng0f8ivn] figure_3.jpg -> classified as: Plots / Charts
[c1Ng0f8ivn] figure_4.jpg -> classified as: Plots / Charts
[c1Ng0f8ivn] figure_1.jpg -> classified as: Plots / Charts
[c1Ng0f8ivn] figure_8.jpg -> classified as: Plots / Charts
[c1Ng0f8ivn] figure_12.jpg -> classified as: Other
  -> Skipping second pass (Other)
[c1Ng0f8ivn] figure_10.jpg -> classified as: Qualitative Examples
[c1RhJVTPwT] figure_5.jpg -> classified as: Qualitative Examples
[c1RhJVTPwT] figure_9.jpg -> classified as: Qualitative Examples
[c1RhJVTPwT] figure_13.jpg -> classified as: Architecture Diagram
[c1RhJVTPwT] figure_15.jpg -> classified as: Qualitative Examples
[c1RhJVTPwT] figure_2.jpg -> classified as: Qualitative Examples
[c1RhJVTPwT] figure_11.jpg -> classified as: Qualitative Examples
[c1RhJVTPwT] figure_7.jpg -> classified as: Plots / Charts
[c1RhJVTPwT] figure_3.jpg -> classified as: Architecture Diagram
[c1RhJVTPwT] figure_4.jpg -> classified as: Other
  -> Skipping second pass (Other)
[c1RhJVTPwT] figure_1.jpg -> classified as: Plots / Charts
[c1RhJVTPwT] figure_8.jpg -> classified as: Qualitative Examples
[c1RhJVTPwT] figure_12.jpg -> classified as: Qualitative Examples
[c1RhJVTPwT] figure_14.jpg -> classified as: Qualitative Examples
[c1RhJVTPwT] figure_10.jpg -> classified as: Qualitative Examples
[c2R7ajodcI] figure_5.jpg -> classified as: Plots / Charts
[c2R7ajodcI] figure_6.jpg -> classified as: Qualitative Examples
[c2R7ajodcI] figure_2.jpg -> classified as: Plots / Charts
[c2R7ajodcI] figure_7.jpg -> classified as: Qualitative Examples
[c2R7ajodcI] figure_3.jpg -> classified as: Architecture Diagram
[c2R7ajodcI] figure_4.jpg -> classified as: Architecture Diagram
[c2R7ajodcI] figure_1.jpg -> classified as: Architecture Diagram
[c2R7ajodcI] figure_8.jpg -> classified as: Qualitative Examples
[c43FGk8Pcg] figure_5.jpg -> classified as: Plots / Charts
[c43FGk8Pcg] figure_6.jpg -> classified as: Plots / Charts
[c43FGk8Pcg] figure_2.jpg -> classified as: Plots / Charts
[c43FGk8Pcg] figure_7.jpg -> classified as: Qualitative Examples
[c43FGk8Pcg] figure_4.jpg -> classified as: Plots / Charts
[c43FGk8Pcg] figure_1.jpg -> classified as: Plots / Charts
[c4JNoRRNtV] figure_A.jpg -> classified as: Plots / Charts
[c4JNoRRNtV] figure_5.jpg -> classified as: Qualitative Examples
[c4JNoRRNtV] figure_6.jpg -> classified as: Qualitative Examples
[c4JNoRRNtV] figure_2.jpg -> classified as: Architecture Diagram
[c4JNoRRNtV] figure_F.jpg -> classified as: Qualitative Examples
[c4JNoRRNtV] figure_B.jpg -> classified as: Qualitative Examples
[c4JNoRRNtV] figure_7.jpg -> classified as: Plots / Charts
[c4JNoRRNtV] figure_E.jpg -> classified as: Plots / Charts
[c4JNoRRNtV] figure_G.jpg -> classified as: Plots / Charts
[c4JNoRRNtV] figure_3.jpg -> classified as: Qualitative Examples
[c4JNoRRNtV] figure_D.jpg -> classified as: Qualitative Examples
[c4JNoRRNtV] figure_4.jpg -> classified as: Qualitative Examples
[c4JNoRRNtV] figure_C.jpg -> classified as: Qualitative Examples
[c4JNoRRNtV] figure_1.jpg -> classified as: Qualitative Examples
[c4JNoRRNtV] figure_8.jpg -> classified as: Qualitative Examples
[c4Nh4A8Xn5] figure_5.jpg -> classified as: Plots / Charts
[c4Nh4A8Xn5] figure_6.jpg -> classified as: Qualitative Examples
[c4Nh4A8Xn5] figure_9.jpg -> classified as: Qualitative Examples
[c4Nh4A8Xn5] figure_2.jpg -> classified as: Qualitative Examples
[c4Nh4A8Xn5] figure_11.jpg -> classified as: Qualitative Examples
[c4Nh4A8Xn5] figure_7.jpg -> classified as: Qualitative Examples
[c4Nh4A8Xn5] figure_3.jpg -> classified as: Architecture Diagram
[c4Nh4A8Xn5] figure_4.jpg -> classified as: Qualitative Examples
[c4Nh4A8Xn5] figure_1.jpg -> classified as: Qualitative Examples
[c4Nh4A8Xn5] figure_8.jpg -> classified as: Qualitative Examples
[c4Nh4A8Xn5] figure_12.jpg -> classified as: Qualitative Examples
[c4Nh4A8Xn5] figure_10.jpg -> classified as: Qualitative Examples
[c4OGMNyzPT] figure_5.jpg -> classified as: Plots / Charts
[c4OGMNyzPT] figure_6.jpg -> classified as: Qualitative Examples
[c4OGMNyzPT] figure_2.jpg -> classified as: Qualitative Examples
[c4OGMNyzPT] figure_7.jpg -> classified as: Qualitative Examples
[c4OGMNyzPT] figure_3.jpg -> classified as: Qualitative Examples
[c4OGMNyzPT] figure_4.jpg -> classified as: Plots / Charts
[c4OGMNyzPT] figure_1.jpg -> classified as: Architecture Diagram
[c54apoozCS] figure_2.jpg -> classified as: Architecture Diagram
[c54apoozCS] figure_3.jpg -> classified as: Plots / Charts
[c54apoozCS] figure_1.jpg -> classified as: Architecture Diagram
[c56TWtYp0W] figure_2.jpg -> classified as: Architecture Diagram
[c56TWtYp0W] figure_3.jpg -> classified as: Other
  -> Skipping second pass (Other)
[c56TWtYp0W] figure_4.jpg -> classified as: Plots / Charts
[c56TWtYp0W] figure_2_1.jpg -> classified as: Plots / Charts
[c56TWtYp0W] figure_1.jpg -> classified as: Architecture Diagram
[c56TWtYp0W] figure_3_1.jpg -> classified as: Plots / Charts
[c56TWtYp0W] figure_1_1.jpg -> classified as: Plots / Charts
[c5JZEPyFUE] figure_5.jpg -> classified as: Qualitative Examples
[c5JZEPyFUE] figure_6.jpg -> classified as: Qualitative Examples
[c5JZEPyFUE] figure_2.jpg -> classified as: Plots / Charts
[c5JZEPyFUE] figure_7.jpg -> classified as: Plots / Charts
[c5JZEPyFUE] figure_3.jpg -> classified as: Plots / Charts
[c5JZEPyFUE] figure_4.jpg -> classified as: Qualitative Examples
[c5JZEPyFUE] figure_1.jpg -> classified as: Architecture Diagram
[c72vop46KY] figure_Detailed_Description_&.jpg -> classified as: Other
  -> Skipping second pass (Other)
[c72vop46KY] figure_2.jpg -> classified as: Teaser Image
[c72vop46KY] figure_3.jpg -> classified as: Architecture Diagram
[c72vop46KY] figure_Q_How_many_goals.jpg -> classified as: Other
  -> Skipping second pass (Other)
[c72vop46KY] figure_4.jpg -> classified as: Plots / Charts
[c72vop46KY] figure_1.jpg -> classified as: Plots / Charts
[c72vop46KY] figure_Q2__What_color.jpg -> classified as: Qualitative Examples
[c7DND1iIgb] figure_19.jpg -> classified as: Plots / Charts
[c7DND1iIgb] figure_Pet-37_Questionnaire_Question.jpg -> classified as: Other
  -> Skipping second pass (Other)
[c7DND1iIgb] figure_23.jpg -> classified as: Qualitative Examples
[c7DND1iIgb] figure_24.jpg -> classified as: Qualitative Examples
[c7DND1iIgb] figure_5.jpg -> classified as: Plots / Charts
[c7DND1iIgb] figure_6.jpg -> classified as: Qualitative Examples
[c7DND1iIgb] figure_9.jpg -> classified as: Qualitative Examples
[c7DND1iIgb] figure_22.jpg -> classified as: Qualitative Examples
[c7DND1iIgb] figure_18.jpg -> classified as: Plots / Charts
[c7DND1iIgb] figure_13.jpg -> classified as: Qualitative Examples
[c7DND1iIgb] figure_15.jpg -> classified as: Qualitative Examples
[c7DND1iIgb] figure_2.jpg -> classified as: Qualitative Examples
[c7DND1iIgb] figure_20.jpg -> classified as: Qualitative Examples
[c7DND1iIgb] figure_11.jpg -> classified as: Architecture Diagram
[c7DND1iIgb] figure_7.jpg -> classified as: Plots / Charts
[c7DND1iIgb] figure_3.jpg -> classified as: Architecture Diagram
[c7DND1iIgb] figure_4.jpg -> classified as: Plots / Charts
[c7DND1iIgb] figure_17.jpg -> classified as: Plots / Charts
[c7DND1iIgb] figure_1.jpg -> classified as: Qualitative Examples
[c7DND1iIgb] figure_8.jpg -> classified as: Plots / Charts
[c7DND1iIgb] figure_12.jpg -> classified as: Qualitative Examples
[c7DND1iIgb] figure_21.jpg -> classified as: Qualitative Examples
[c7DND1iIgb] figure_14.jpg -> classified as: Qualitative Examples
[c7DND1iIgb] figure_16.jpg -> classified as: Plots / Charts
[c7DND1iIgb] figure_10.jpg -> classified as: Qualitative Examples
[c8QakyARlf] figure_5.jpg -> classified as: Qualitative Examples
[c8QakyARlf] figure_6.jpg -> classified as: Qualitative Examples
[c8QakyARlf] figure_9.jpg -> classified as: Qualitative Examples
[c8QakyARlf] figure_13.jpg -> classified as: Qualitative Examples
[c8QakyARlf] figure_2.jpg -> classified as: Architecture Diagram
[c8QakyARlf] figure_11.jpg -> classified as: Qualitative Examples
[c8QakyARlf] figure_7.jpg -> classified as: Qualitative Examples
[c8QakyARlf] figure_3.jpg -> classified as: Architecture Diagram
[c8QakyARlf] figure_4.jpg -> classified as: Qualitative Examples
[c8QakyARlf] figure_1.jpg -> classified as: Qualitative Examples
[c8QakyARlf] figure_8.jpg -> classified as: Qualitative Examples
[c8QakyARlf] figure_12.jpg -> classified as: Qualitative Examples
[c8QakyARlf] figure_10.jpg -> classified as: Qualitative Examples
[c8UABqZfld] figure_2.jpg -> classified as: Architecture Diagram
[c8UABqZfld] figure_3.jpg -> classified as: Plots / Charts
[c8UABqZfld] figure_4.jpg -> classified as: Qualitative Examples
[c8UABqZfld] figure_1.jpg -> classified as: Qualitative Examples
[c8m4Yzx8hm] figure_(b)_Mixture_of.jpg -> classified as: Plots / Charts
[c8m4Yzx8hm] figure_2.jpg -> classified as: Qualitative Examples
[c8m4Yzx8hm] figure_4.jpg -> classified as: Qualitative Examples
[c8m4Yzx8hm] figure_1.jpg -> classified as: Qualitative Examples
[c9z65sDx6M] figure_5.jpg -> classified as: Plots / Charts
[c9z65sDx6M] figure_6.jpg -> classified as: Architecture Diagram
[c9z65sDx6M] figure_2.jpg -> classified as: Architecture Diagram
[c9z65sDx6M] figure_3.jpg -> classified as: Architecture Diagram
[c9z65sDx6M] figure_4.jpg -> classified as: Plots / Charts
[c9z65sDx6M] figure_1.jpg -> classified as: Plots / Charts
[cC3LxGZasH] figure_19.jpg -> classified as: Plots / Charts
[cC3LxGZasH] figure_23.jpg -> classified as: Qualitative Examples
[cC3LxGZasH] figure_24.jpg -> classified as: Plots / Charts
[cC3LxGZasH] figure_5.jpg -> classified as: Plots / Charts
[cC3LxGZasH] figure_6.jpg -> classified as: Plots / Charts
[cC3LxGZasH] figure_9.jpg -> classified as: Plots / Charts
[cC3LxGZasH] figure_22.jpg -> classified as: Qualitative Examples
[cC3LxGZasH] figure_18.jpg -> classified as: Plots / Charts
[cC3LxGZasH] figure_13.jpg -> classified as: Plots / Charts
[cC3LxGZasH] figure_15.jpg -> classified as: Plots / Charts
[cC3LxGZasH] figure_2.jpg -> classified as: Plots / Charts
[cC3LxGZasH] figure_20.jpg -> classified as: Qualitative Examples
[cC3LxGZasH] figure_11.jpg -> classified as: Plots / Charts
[cC3LxGZasH] figure_7.jpg -> classified as: Plots / Charts
[cC3LxGZasH] figure_3.jpg -> classified as: Plots / Charts
[cC3LxGZasH] figure_4.jpg -> classified as: Plots / Charts
[cC3LxGZasH] figure_17.jpg -> classified as: Plots / Charts
[cC3LxGZasH] figure_1.jpg -> classified as: Plots / Charts
[cC3LxGZasH] figure_12.jpg -> classified as: Plots / Charts
[cC3LxGZasH] figure_21.jpg -> classified as: Qualitative Examples
[cC3LxGZasH] figure_14.jpg -> classified as: Plots / Charts
[cC3LxGZasH] figure_16.jpg -> classified as: Plots / Charts
[cC3LxGZasH] figure_10.jpg -> classified as: Plots / Charts
[cCRlEvjrx4] figure_5.jpg -> classified as: Qualitative Examples
[cCRlEvjrx4] figure_6.jpg -> classified as: Plots / Charts
[cCRlEvjrx4] figure_9.jpg -> classified as: Qualitative Examples
[cCRlEvjrx4] figure_18.jpg -> classified as: Qualitative Examples
[cCRlEvjrx4] figure_13.jpg -> classified as: Qualitative Examples
[cCRlEvjrx4] figure_15.jpg -> classified as: Plots / Charts
[cCRlEvjrx4] figure_2.jpg -> classified as: Architecture Diagram
[cCRlEvjrx4] figure_11.jpg -> classified as: Qualitative Examples
[cCRlEvjrx4] figure_7.jpg -> classified as: Plots / Charts
[cCRlEvjrx4] figure_3.jpg -> classified as: Other
  -> Skipping second pass (Other)
[cCRlEvjrx4] figure_17.jpg -> classified as: Plots / Charts
[cCRlEvjrx4] figure_1.jpg -> classified as: Qualitative Examples
[cCRlEvjrx4] figure_8.jpg -> classified as: Plots / Charts
[cCRlEvjrx4] figure_12.jpg -> classified as: Plots / Charts
[cCRlEvjrx4] figure_14.jpg -> classified as: Plots / Charts
[cCRlEvjrx4] figure_16.jpg -> classified as: Qualitative Examples
[cD1kl2QKv1] figure_19.jpg -> classified as: Qualitative Examples
[cD1kl2QKv1] figure_5.jpg -> classified as: Qualitative Examples
[cD1kl2QKv1] figure_6.jpg -> classified as: Plots / Charts
[cD1kl2QKv1] figure_22.jpg -> classified as: Qualitative Examples
[cD1kl2QKv1] figure_18.jpg -> classified as: Plots / Charts
[cD1kl2QKv1] figure_13.jpg -> classified as: Qualitative Examples
[cD1kl2QKv1] figure_15.jpg -> classified as: Qualitative Examples
[cD1kl2QKv1] figure_2.jpg -> classified as: Plots / Charts
[cD1kl2QKv1] figure_20.jpg -> classified as: Qualitative Examples
[cD1kl2QKv1] figure_11.jpg -> classified as: Qualitative Examples
[cD1kl2QKv1] figure_7.jpg -> classified as: Qualitative Examples
[cD1kl2QKv1] figure_3.jpg -> classified as: Qualitative Examples
[cD1kl2QKv1] figure_4.jpg -> classified as: Architecture Diagram
[cD1kl2QKv1] figure_17.jpg -> classified as: Qualitative Examples
[cD1kl2QKv1] figure_1.jpg -> classified as: Qualitative Examples
[cD1kl2QKv1] figure_8.jpg -> classified as: Qualitative Examples
[cD1kl2QKv1] figure_12.jpg -> classified as: Qualitative Examples
[cD1kl2QKv1] figure_14.jpg -> classified as: Qualitative Examples
[cD1kl2QKv1] figure_16.jpg -> classified as: Qualitative Examples
[cD1kl2QKv1] figure_10.jpg -> classified as: Qualitative Examples
[cH3oufN8Pl] figure_(a)_Latent_object.jpg -> classified as: Qualitative Examples
[cH3oufN8Pl] figure_5.jpg -> classified as: Qualitative Examples
[cH3oufN8Pl] figure_6.jpg -> classified as: Plots / Charts
[cH3oufN8Pl] figure_9.jpg -> classified as: Qualitative Examples
[cH3oufN8Pl] figure_2.jpg -> classified as: Plots / Charts
[cH3oufN8Pl] figure_11.jpg -> classified as: Plots / Charts
[cH3oufN8Pl] figure_7.jpg -> classified as: Plots / Charts
[cH3oufN8Pl] figure_3.jpg -> classified as: Architecture Diagram
[cH3oufN8Pl] figure_4.jpg -> classified as: Plots / Charts
[cH3oufN8Pl] figure_1.jpg -> classified as: Qualitative Examples
[cH3oufN8Pl] figure_8.jpg -> classified as: Qualitative Examples
[cH3oufN8Pl] figure_10.jpg -> classified as: Plots / Charts
[cHKuyeHmS9] figure_5.jpg -> classified as: Qualitative Examples
[cHKuyeHmS9] figure_6.jpg -> classified as: Qualitative Examples
[cHKuyeHmS9] figure_9.jpg -> classified as: Qualitative Examples
[cHKuyeHmS9] figure_2.jpg -> classified as: Architecture Diagram
[cHKuyeHmS9] figure_7.jpg -> classified as: Qualitative Examples
[cHKuyeHmS9] figure_3.jpg -> classified as: Qualitative Examples
[cHKuyeHmS9] figure_4.jpg -> classified as: Qualitative Examples
[cHKuyeHmS9] figure_1.jpg -> classified as: Architecture Diagram
[cHKuyeHmS9] figure_8.jpg -> classified as: Qualitative Examples
[cI5j8tEPNU] figure_5.jpg -> classified as: Qualitative Examples
[cI5j8tEPNU] figure_6.jpg -> classified as: Qualitative Examples
[cI5j8tEPNU] figure_2.jpg -> classified as: Architecture Diagram
[cI5j8tEPNU] figure_3.jpg -> classified as: Qualitative Examples
[cI5j8tEPNU] figure_4.jpg -> classified as: Qualitative Examples
[cI5j8tEPNU] figure_1.jpg -> classified as: Qualitative Examples
[cINwAhrgLf] figure_2.jpg -> classified as: Architecture Diagram
[cINwAhrgLf] figure_3.jpg -> classified as: Architecture Diagram
[cINwAhrgLf] figure_4.jpg -> classified as: Architecture Diagram
[cINwAhrgLf] figure_1.jpg -> classified as: Architecture Diagram
[cJQ1K2fjpD] figure_5.jpg -> classified as: Qualitative Examples
[cJQ1K2fjpD] figure_6.jpg -> classified as: Plots / Charts
[cJQ1K2fjpD] figure_9.jpg -> classified as: Plots / Charts
[cJQ1K2fjpD] figure_2.jpg -> classified as: Plots / Charts
[cJQ1K2fjpD] figure_7.jpg -> classified as: Plots / Charts
[cJQ1K2fjpD] figure_3.jpg -> classified as: Architecture Diagram
[cJQ1K2fjpD] figure_4.jpg -> classified as: Plots / Charts
[cJQ1K2fjpD] figure_1.jpg -> classified as: Plots / Charts
[cJQ1K2fjpD] figure_8.jpg -> classified as: Plots / Charts
[cJQ1K2fjpD] figure_Prompt__Describe_this.jpg -> classified as: Other
  -> Skipping second pass (Other)
[cJQ1K2fjpD] figure_10.jpg -> classified as: Other
  -> Skipping second pass (Other)
[cJQ1K2fjpD] figure_Step_1_Reward.jpg -> classified as: Architecture Diagram
[cKAUvMePUN] figure_5.jpg -> classified as: Plots / Charts
[cKAUvMePUN] figure_2.jpg -> classified as: Architecture Diagram
[cKAUvMePUN] figure_3.jpg -> classified as: Architecture Diagram
[cKAUvMePUN] figure_4.jpg -> classified as: Qualitative Examples
[cKAUvMePUN] figure_1.jpg -> classified as: Architecture Diagram
[cMLtjP3Cym] figure_2.jpg -> classified as: Architecture Diagram
[cMLtjP3Cym] figure_3.jpg -> classified as: Plots / Charts
[cMLtjP3Cym] figure_4.jpg -> classified as: Architecture Diagram
[cMLtjP3Cym] figure_1.jpg -> classified as: Architecture Diagram
[cMPm8YFXZe] figure_5.jpg -> classified as: Architecture Diagram
[cMPm8YFXZe] figure_9.jpg -> classified as: Qualitative Examples
[cMPm8YFXZe] figure_13.jpg -> classified as: Qualitative Examples
[cMPm8YFXZe] figure_15.jpg -> classified as: Qualitative Examples
[cMPm8YFXZe] figure_2.jpg -> classified as: Architecture Diagram
[cMPm8YFXZe] figure_11.jpg -> classified as: Qualitative Examples
[cMPm8YFXZe] figure_7.jpg -> classified as: Qualitative Examples
[cMPm8YFXZe] figure_3.jpg -> classified as: Architecture Diagram
[cMPm8YFXZe] figure_4.jpg -> classified as: Architecture Diagram
[cMPm8YFXZe] figure_1.jpg -> classified as: Architecture Diagram
[cMPm8YFXZe] figure_8.jpg -> classified as: Qualitative Examples
[cMPm8YFXZe] figure_12.jpg -> classified as: Plots / Charts
[cMPm8YFXZe] figure_14.jpg -> classified as: Qualitative Examples
[cMPm8YFXZe] figure_16.jpg -> classified as: Qualitative Examples
[cMPm8YFXZe] figure_10.jpg -> classified as: Qualitative Examples
[cP2W2PJtBj] figure_5.jpg -> classified as: Qualitative Examples
[cP2W2PJtBj] figure_6.jpg -> classified as: Qualitative Examples
[cP2W2PJtBj] figure_9.jpg -> classified as: Qualitative Examples
[cP2W2PJtBj] figure_2.jpg -> classified as: Qualitative Examples
[cP2W2PJtBj] figure_7.jpg -> classified as: Qualitative Examples
[cP2W2PJtBj] figure_3.jpg -> classified as: Qualitative Examples
[cP2W2PJtBj] figure_4.jpg -> classified as: Qualitative Examples
[cP2W2PJtBj] figure_1.jpg -> classified as: Architecture Diagram
[cP2W2PJtBj] figure_8.jpg -> classified as: Qualitative Examples
[cP2W2PJtBj] figure_10.jpg -> classified as: Qualitative Examples
[cPgh4gWZlz] figure_5.jpg -> classified as: Qualitative Examples
[cPgh4gWZlz] figure_2.jpg -> classified as: Architecture Diagram
[cPgh4gWZlz] figure_3.jpg -> classified as: Plots / Charts
[cPgh4gWZlz] figure_1.jpg -> classified as: Qualitative Examples
[cRnCcuLvyr] figure_19.jpg -> classified as: Plots / Charts
[cRnCcuLvyr] figure_5.jpg -> classified as: Qualitative Examples
[cRnCcuLvyr] figure_6.jpg -> classified as: Qualitative Examples
[cRnCcuLvyr] figure_9.jpg -> classified as: Plots / Charts
[cRnCcuLvyr] figure_18.jpg -> classified as: Plots / Charts
[cRnCcuLvyr] figure_13.jpg -> classified as: Qualitative Examples
[cRnCcuLvyr] figure_15.jpg -> classified as: Plots / Charts
[cRnCcuLvyr] figure_2.jpg -> classified as: Plots / Charts
[cRnCcuLvyr] figure_11.jpg -> classified as: Plots / Charts
[cRnCcuLvyr] figure_7.jpg -> classified as: Architecture Diagram
[cRnCcuLvyr] figure_3.jpg -> classified as: Plots / Charts
[cRnCcuLvyr] figure_17.jpg -> classified as: Plots / Charts
[cRnCcuLvyr] figure_1.jpg -> classified as: Architecture Diagram
[cRnCcuLvyr] figure_8.jpg -> classified as: Architecture Diagram
[cRnCcuLvyr] figure_12.jpg -> classified as: Plots / Charts
[cRnCcuLvyr] figure_14.jpg -> classified as: Qualitative Examples
[cRnCcuLvyr] figure_16.jpg -> classified as: Plots / Charts
[cRnCcuLvyr] figure_10.jpg -> classified as: Plots / Charts
[cTG25RXtJA] figure_5.jpg -> classified as: Qualitative Examples
[cTG25RXtJA] figure_6.jpg -> classified as: Plots / Charts
[cTG25RXtJA] figure_9.jpg -> classified as: Plots / Charts
[cTG25RXtJA] figure_2.jpg -> classified as: Architecture Diagram
[cTG25RXtJA] figure_3.jpg -> classified as: Plots / Charts
[cTG25RXtJA] figure_4.jpg -> classified as: Plots / Charts
[cTG25RXtJA] figure_1.jpg -> classified as: Plots / Charts
[cWHonXThtM] figure_5.jpg -> classified as: Plots / Charts
[cWHonXThtM] figure_6.jpg -> classified as: Plots / Charts
[cWHonXThtM] figure_2.jpg -> classified as: Architecture Diagram
[cWHonXThtM] figure_3.jpg -> classified as: Qualitative Examples
[cWHonXThtM] figure_4.jpg -> classified as: Qualitative Examples
[cWHonXThtM] figure_1.jpg -> classified as: Plots / Charts
[cWiEN1plhJ] figure_5.jpg -> classified as: Plots / Charts
[cWiEN1plhJ] figure_2.jpg -> classified as: Plots / Charts
[cWiEN1plhJ] figure_(b)_Stylistic_document.jpg -> classified as: Plots / Charts
[cWiEN1plhJ] figure_3.jpg -> classified as: Plots / Charts
[cWiEN1plhJ] figure_4.jpg -> classified as: Plots / Charts
[cWiEN1plhJ] figure_1.jpg -> classified as: Plots / Charts
[cXbnGtO0NZ] figure_5.jpg -> classified as: Plots / Charts
[cXbnGtO0NZ] figure_9.jpg -> classified as: Qualitative Examples
[cXbnGtO0NZ] figure_2.jpg -> classified as: Architecture Diagram
[cXbnGtO0NZ] figure_11.jpg -> classified as: Plots / Charts
[cXbnGtO0NZ] figure_7.jpg -> classified as: Plots / Charts
[cXbnGtO0NZ] figure_3.jpg -> classified as: Architecture Diagram
[cXbnGtO0NZ] figure_4.jpg -> classified as: Architecture Diagram
[cXbnGtO0NZ] figure_1.jpg -> classified as: Other
  -> Skipping second pass (Other)
[cXbnGtO0NZ] figure_8.jpg -> classified as: Plots / Charts
[cXbnGtO0NZ] figure_12.jpg -> classified as: Qualitative Examples
[cXbnGtO0NZ] figure_10.jpg -> classified as: Plots / Charts
[cZttUMTiPL] figure_5.jpg -> classified as: Plots / Charts
[cZttUMTiPL] figure_6.jpg -> classified as: Plots / Charts
[cZttUMTiPL] figure_9.jpg -> classified as: Plots / Charts
[cZttUMTiPL] figure_2.jpg -> classified as: Plots / Charts
[cZttUMTiPL] figure_7.jpg -> classified as: Plots / Charts
[cZttUMTiPL] figure_3.jpg -> classified as: Plots / Charts
[cZttUMTiPL] figure_4.jpg -> classified as: Plots / Charts
[cZttUMTiPL] figure_1.jpg -> classified as: Qualitative Examples
[cZttUMTiPL] figure_8.jpg -> classified as: Plots / Charts
[cZttUMTiPL] figure_10.jpg -> classified as: Plots / Charts
[caE5faFVT1] figure_5.jpg -> classified as: Plots / Charts
[caE5faFVT1] figure_6.jpg -> classified as: Qualitative Examples
[caE5faFVT1] figure_2.jpg -> classified as: Architecture Diagram
[caE5faFVT1] figure_7.jpg -> classified as: Qualitative Examples
[caE5faFVT1] figure_3.jpg -> classified as: Qualitative Examples
[caE5faFVT1] figure_4.jpg -> classified as: Plots / Charts
[caE5faFVT1] figure_1.jpg -> classified as: Qualitative Examples
[caE5faFVT1] figure_8.jpg -> classified as: Qualitative Examples
[cbv0sBIZh9] figure_Young_badger_delicately.jpg -> classified as: Other
  -> Skipping second pass (Other)
[cbv0sBIZh9] figure_A_dragon_wearing.jpg -> classified as: Other
  -> Skipping second pass (Other)
[cbv0sBIZh9] figure_5.jpg -> classified as: Qualitative Examples
[cbv0sBIZh9] figure_6.jpg -> classified as: Plots / Charts
[cbv0sBIZh9] figure_9.jpg -> classified as: Qualitative Examples
[cbv0sBIZh9] figure_13.jpg -> classified as: Qualitative Examples
[cbv0sBIZh9] figure_A_car_is.jpg -> classified as: Other
  -> Skipping second pass (Other)
[cbv0sBIZh9] figure_2.jpg -> classified as: Architecture Diagram
[cbv0sBIZh9] figure_Smiling_sloth_wearing.jpg -> classified as: Other
  -> Skipping second pass (Other)
[cbv0sBIZh9] figure_11.jpg -> classified as: Other
  -> Skipping second pass (Other)
[cbv0sBIZh9] figure_7.jpg -> classified as: Qualitative Examples
[cbv0sBIZh9] figure_3.jpg -> classified as: Architecture Diagram
[cbv0sBIZh9] figure_A_dream_of.jpg -> classified as: Other
  -> Skipping second pass (Other)
[cbv0sBIZh9] figure_4.jpg -> classified as: Qualitative Examples
[cbv0sBIZh9] figure_A_bird's-_eye.jpg -> classified as: Other
  -> Skipping second pass (Other)
[cbv0sBIZh9] figure_1.jpg -> classified as: Architecture Diagram
[cbv0sBIZh9] figure_A_home_built.jpg -> classified as: Other
  -> Skipping second pass (Other)
[cbv0sBIZh9] figure_8.jpg -> classified as: Qualitative Examples
[cbv0sBIZh9] figure_12.jpg -> classified as: Qualitative Examples
[cbv0sBIZh9] figure_A_church_with.jpg -> classified as: Other
  -> Skipping second pass (Other)
[cbv0sBIZh9] figure_A_laptop_screen.jpg -> classified as: Other
  -> Skipping second pass (Other)
[cbv0sBIZh9] figure_14.jpg -> classified as: Qualitative Examples
[cbv0sBIZh9] figure_10.jpg -> classified as: Qualitative Examples
[ceATjGPTUD] figure_5.jpg -> classified as: Architecture Diagram
[ceATjGPTUD] figure_6.jpg -> classified as: Plots / Charts
[ceATjGPTUD] figure_2.jpg -> classified as: Architecture Diagram
[ceATjGPTUD] figure_3.jpg -> classified as: Qualitative Examples
[ceATjGPTUD] figure_4.jpg -> classified as: Plots / Charts
[ceATjGPTUD] figure_1.jpg -> classified as: Qualitative Examples
[ceUtIUfotv] figure_5.jpg -> classified as: Plots / Charts
[ceUtIUfotv] figure_6.jpg -> classified as: Qualitative Examples
[ceUtIUfotv] figure_2.jpg -> classified as: Plots / Charts
[ceUtIUfotv] figure_3.jpg -> classified as: Plots / Charts
[ceUtIUfotv] figure_4.jpg -> classified as: Plots / Charts
[ceUtIUfotv] figure_1.jpg -> classified as: Qualitative Examples
[chanJGoa7f] figure_(d)_An_image.jpg -> classified as: Qualitative Examples
[chanJGoa7f] figure_5.jpg -> classified as: Qualitative Examples
[chanJGoa7f] figure_6.jpg -> classified as: Plots / Charts
[chanJGoa7f] figure_2.jpg -> classified as: Plots / Charts
[chanJGoa7f] figure_(b)_An_image.jpg -> classified as: Qualitative Examples
[chanJGoa7f] figure_(a)_An_image.jpg -> classified as: Qualitative Examples
[chanJGoa7f] figure_7.jpg -> classified as: Plots / Charts
[chanJGoa7f] figure_4.jpg -> classified as: Qualitative Examples
[chanJGoa7f] figure_1.jpg -> classified as: Qualitative Examples
[chanJGoa7f] figure_8.jpg -> classified as: Plots / Charts
[cijOBlCxMa] figure_5.jpg -> classified as: Qualitative Examples
[cijOBlCxMa] figure_6.jpg -> classified as: Qualitative Examples
[cijOBlCxMa] figure_9.jpg -> classified as: Qualitative Examples
[cijOBlCxMa] figure_13.jpg -> classified as: Qualitative Examples
[cijOBlCxMa] figure_2.jpg -> classified as: Architecture Diagram
[cijOBlCxMa] figure_11.jpg -> classified as: Qualitative Examples
[cijOBlCxMa] figure_7.jpg -> classified as: Qualitative Examples
[cijOBlCxMa] figure_3.jpg -> classified as: Qualitative Examples
[cijOBlCxMa] figure_4.jpg -> classified as: Qualitative Examples
[cijOBlCxMa] figure_1.jpg -> classified as: Qualitative Examples
[cijOBlCxMa] figure_8.jpg -> classified as: Architecture Diagram
[cijOBlCxMa] figure_12.jpg -> classified as: Qualitative Examples
[cijOBlCxMa] figure_14.jpg -> classified as: Qualitative Examples
[cijOBlCxMa] figure_10.jpg -> classified as: Qualitative Examples
[cjdmIUYj03] figure_MOOC__Theoricial_error.jpg -> classified as: Plots / Charts
[cjdmIUYj03] figure_5.jpg -> classified as: Plots / Charts
[cjdmIUYj03] figure_6.jpg -> classified as: Plots / Charts
[cjdmIUYj03] figure_REDDIT__Comparision_on.jpg -> classified as: Plots / Charts
[cjdmIUYj03] figure_2.jpg -> classified as: Qualitative Examples
[cjdmIUYj03] figure_7.jpg -> classified as: Plots / Charts
[cjdmIUYj03] figure_3.jpg -> classified as: Plots / Charts
[cjdmIUYj03] figure_4.jpg -> classified as: Plots / Charts
[cjdmIUYj03] figure_REDDIT__Theoricial_error.jpg -> classified as: Plots / Charts
[cjdmIUYj03] figure_1.jpg -> classified as: Plots / Charts
[ckzglrAMsh] figure_5.jpg -> classified as: Architecture Diagram
[ckzglrAMsh] figure_6.jpg -> classified as: Qualitative Examples
[ckzglrAMsh] figure_9.jpg -> classified as: Qualitative Examples
[ckzglrAMsh] figure_2.jpg -> classified as: Qualitative Examples
[ckzglrAMsh] figure_7.jpg -> classified as: Qualitative Examples
[ckzglrAMsh] figure_3.jpg -> classified as: Qualitative Examples
[ckzglrAMsh] figure_8.jpg -> classified as: Qualitative Examples
[ckzglrAMsh] figure_10.jpg -> classified as: Qualitative Examples
[cmAIfTK6fe] figure_2.jpg -> classified as: Plots / Charts
[cmAIfTK6fe] figure_1.jpg -> classified as: Architecture Diagram
[cmAIfTK6fe] figure_S.jpg -> classified as: Plots / Charts
[coE6XbziUR] figure_2.jpg -> classified as: Architecture Diagram
[coE6XbziUR] figure_3.jpg -> classified as: Qualitative Examples
[coE6XbziUR] figure_4.jpg -> classified as: Plots / Charts
[coE6XbziUR] figure_1.jpg -> classified as: Architecture Diagram
[cp9LvuvAKW] figure_5.jpg -> classified as: Qualitative Examples
[cp9LvuvAKW] figure_6.jpg -> classified as: Plots / Charts
[cp9LvuvAKW] figure_Class__disinformation.jpg -> classified as: Teaser Image
[cp9LvuvAKW] figure_www.bigstock.com.26168885_Class__labor.jpg -> classified as: Other
  -> Skipping second pass (Other)
[cp9LvuvAKW] figure_2.jpg -> classified as: Qualitative Examples
[cp9LvuvAKW] figure_7.jpg -> classified as: Qualitative Examples
[cp9LvuvAKW] figure_Class__copyright_infringement.jpg -> classified as: Qualitative Examples
[cp9LvuvAKW] figure_3.jpg -> classified as: Plots / Charts
[cp9LvuvAKW] figure_4.jpg -> classified as: Other
  -> Skipping second pass (Other)
[cp9LvuvAKW] figure_1.jpg -> classified as: Architecture Diagram
[cp9LvuvAKW] figure_8.jpg -> classified as: Teaser Image
[cpGPPLLYYx] figure_5.jpg -> classified as: Plots / Charts
[cpGPPLLYYx] figure_6.jpg -> classified as: Plots / Charts
[cpGPPLLYYx] figure_9.jpg -> classified as: Plots / Charts
[cpGPPLLYYx] figure_18.jpg -> classified as: Qualitative Examples
[cpGPPLLYYx] figure_13.jpg -> classified as: Plots / Charts
[cpGPPLLYYx] figure_15.jpg -> classified as: Plots / Charts
[cpGPPLLYYx] figure_2.jpg -> classified as: Plots / Charts
[cpGPPLLYYx] figure_11.jpg -> classified as: Plots / Charts
[cpGPPLLYYx] figure_7.jpg -> classified as: Plots / Charts
[cpGPPLLYYx] figure_3.jpg -> classified as: Plots / Charts
[cpGPPLLYYx] figure_4.jpg -> classified as: Plots / Charts
[cpGPPLLYYx] figure_1.jpg -> classified as: Qualitative Examples
[cpGPPLLYYx] figure_8.jpg -> classified as: Plots / Charts
[cpGPPLLYYx] figure_12.jpg -> classified as: Plots / Charts
[cpGPPLLYYx] figure_14.jpg -> classified as: Plots / Charts
[cpGPPLLYYx] figure_16.jpg -> classified as: Plots / Charts
[cpGPPLLYYx] figure_10.jpg -> classified as: Plots / Charts
[cphhnHjCvC] figure_5.jpg -> classified as: Qualitative Examples
[cphhnHjCvC] figure_6.jpg -> classified as: Architecture Diagram
[cphhnHjCvC] figure_2.jpg -> classified as: Qualitative Examples
[cphhnHjCvC] figure_3.jpg -> classified as: Architecture Diagram
[cphhnHjCvC] figure_4.jpg -> classified as: Qualitative Examples
[cphhnHjCvC] figure_1.jpg -> classified as: Architecture Diagram
[cweehsf2Fn] figure_5.jpg -> classified as: Qualitative Examples
[cweehsf2Fn] figure_6.jpg -> classified as: Qualitative Examples
[cweehsf2Fn] figure_2.jpg -> classified as: Architecture Diagram
[cweehsf2Fn] figure_7.jpg -> classified as: Qualitative Examples
[cweehsf2Fn] figure_3.jpg -> classified as: Plots / Charts
[cweehsf2Fn] figure_4.jpg -> classified as: Plots / Charts
[cweehsf2Fn] figure_1.jpg -> classified as: Architecture Diagram
[cweehsf2Fn] figure_8.jpg -> classified as: Qualitative Examples
[d0tlL0ZWlu] figure_5.jpg -> classified as: Plots / Charts
[d0tlL0ZWlu] figure_6.jpg -> classified as: Plots / Charts
[d0tlL0ZWlu] figure_9.jpg -> classified as: Plots / Charts
[d0tlL0ZWlu] figure_2.jpg -> classified as: Qualitative Examples
[d0tlL0ZWlu] figure_7.jpg -> classified as: Plots / Charts
[d0tlL0ZWlu] figure_3.jpg -> classified as: Plots / Charts
[d0tlL0ZWlu] figure_4.jpg -> classified as: Plots / Charts
[d0tlL0ZWlu] figure_1.jpg -> classified as: Plots / Charts
[d0tlL0ZWlu] figure_8.jpg -> classified as: Plots / Charts
[d2UrCGtntF] figure_5.jpg -> classified as: Qualitative Examples
[d2UrCGtntF] figure_6.jpg -> classified as: Qualitative Examples
[d2UrCGtntF] figure_9.jpg -> classified as: Qualitative Examples
[d2UrCGtntF] figure_13.jpg -> classified as: Qualitative Examples
[d2UrCGtntF] figure_2.jpg -> classified as: Architecture Diagram
[d2UrCGtntF] figure_11.jpg -> classified as: Qualitative Examples
[d2UrCGtntF] figure_7.jpg -> classified as: Plots / Charts
[d2UrCGtntF] figure_3.jpg -> classified as: Qualitative Examples
[d2UrCGtntF] figure_4.jpg -> classified as: Qualitative Examples
[d2UrCGtntF] figure_1.jpg -> classified as: Qualitative Examples
[d2UrCGtntF] figure_8.jpg -> classified as: Qualitative Examples
[d2UrCGtntF] figure_12.jpg -> classified as: Qualitative Examples
[d2UrCGtntF] figure_14.jpg -> classified as: Qualitative Examples
[d2UrCGtntF] figure_10.jpg -> classified as: Qualitative Examples
[d4UiXAHN2W] figure_5.jpg -> classified as: Plots / Charts
[d4UiXAHN2W] figure_6.jpg -> classified as: Qualitative Examples
[d4UiXAHN2W] figure_2.jpg -> classified as: Architecture Diagram
[d4UiXAHN2W] figure_7.jpg -> classified as: Plots / Charts
[d4UiXAHN2W] figure_3.jpg -> classified as: Architecture Diagram
[d4UiXAHN2W] figure_4.jpg -> classified as: Qualitative Examples
[d4UiXAHN2W] figure_1.jpg -> classified as: Qualitative Examples
[d4UiXAHN2W] figure_8.jpg -> classified as: Plots / Charts
[d4njmzM7jf] figure_5.jpg -> classified as: Qualitative Examples
[d4njmzM7jf] figure_6.jpg -> classified as: Plots / Charts
[d4njmzM7jf] figure_9.jpg -> classified as: Plots / Charts
[d4njmzM7jf] figure_13.jpg -> classified as: Plots / Charts
[d4njmzM7jf] figure_15.jpg -> classified as: Qualitative Examples
[d4njmzM7jf] figure_2.jpg -> classified as: Plots / Charts
[d4njmzM7jf] figure_11.jpg -> classified as: Plots / Charts
[d4njmzM7jf] figure_7.jpg -> classified as: Qualitative Examples
[d4njmzM7jf] figure_3.jpg -> classified as: Qualitative Examples
[d4njmzM7jf] figure_4.jpg -> classified as: Plots / Charts
[d4njmzM7jf] figure_17.jpg -> classified as: Qualitative Examples
[d4njmzM7jf] figure_1.jpg -> classified as: Architecture Diagram
[d4njmzM7jf] figure_8.jpg -> classified as: Qualitative Examples
[d4njmzM7jf] figure_12.jpg -> classified as: Plots / Charts
[d4njmzM7jf] figure_14.jpg -> classified as: Qualitative Examples
[d4njmzM7jf] figure_16.jpg -> classified as: Plots / Charts
[d4njmzM7jf] figure_10.jpg -> classified as: Qualitative Examples
[d4uL2MSe0z] figure_2.jpg -> classified as: Plots / Charts
[d4uL2MSe0z] figure_3.jpg -> classified as: Plots / Charts
[d4uL2MSe0z] figure_4.jpg -> classified as: Plots / Charts
[d4uL2MSe0z] figure_1.jpg -> classified as: Plots / Charts
[d5HUnyByAI] figure_5.jpg -> classified as: Qualitative Examples
[d5HUnyByAI] figure_6.jpg -> classified as: Architecture Diagram
[d5HUnyByAI] figure_9.jpg -> classified as: Plots / Charts
[d5HUnyByAI] figure_13.jpg -> classified as: Qualitative Examples
[d5HUnyByAI] figure_2.jpg -> classified as: Plots / Charts
[d5HUnyByAI] figure_11.jpg -> classified as: Qualitative Examples
[d5HUnyByAI] figure_7.jpg -> classified as: Architecture Diagram
[d5HUnyByAI] figure_3.jpg -> classified as: Qualitative Examples
[d5HUnyByAI] figure_4.jpg -> classified as: Plots / Charts
[d5HUnyByAI] figure_1.jpg -> classified as: Architecture Diagram
[d5HUnyByAI] figure_8.jpg -> classified as: Plots / Charts
[d5HUnyByAI] figure_12.jpg -> classified as: Qualitative Examples
[d5HUnyByAI] figure_14.jpg -> classified as: Architecture Diagram
[d5HUnyByAI] figure_10.jpg -> classified as: Plots / Charts
[d6E3i4sXyF] figure_2.jpg -> classified as: Other
  -> Skipping second pass (Other)
[d6E3i4sXyF] figure_3.jpg -> classified as: Plots / Charts
[d6E3i4sXyF] figure_1.jpg -> classified as: Qualitative Examples
[d7Wb46YCpu] figure_2.jpg -> classified as: Qualitative Examples
[d7Wb46YCpu] figure_1.jpg -> classified as: Architecture Diagram
[d7pr2doXn3] figure_30.jpg -> classified as: Qualitative Examples
[d7pr2doXn3] figure_19.jpg -> classified as: Qualitative Examples
[d7pr2doXn3] figure_23.jpg -> classified as: Qualitative Examples
[d7pr2doXn3] figure_29.jpg -> classified as: Qualitative Examples
[d7pr2doXn3] figure_24.jpg -> classified as: Qualitative Examples
[d7pr2doXn3] figure_5.jpg -> classified as: Qualitative Examples
[d7pr2doXn3] figure_6.jpg -> classified as: Qualitative Examples
[d7pr2doXn3] figure_9.jpg -> classified as: Plots / Charts
[d7pr2doXn3] figure_22.jpg -> classified as: Plots / Charts
[d7pr2doXn3] figure_28.jpg -> classified as: Qualitative Examples
[d7pr2doXn3] figure_18.jpg -> classified as: Qualitative Examples
[d7pr2doXn3] figure_13.jpg -> classified as: Qualitative Examples
[d7pr2doXn3] figure_15.jpg -> classified as: Qualitative Examples
[d7pr2doXn3] figure_2.jpg -> classified as: Qualitative Examples
[d7pr2doXn3] figure_20.jpg -> classified as: Qualitative Examples
[d7pr2doXn3] figure_11.jpg -> classified as: Plots / Charts
[d7pr2doXn3] figure_7.jpg -> classified as: Qualitative Examples
[d7pr2doXn3] figure_3.jpg -> classified as: Qualitative Examples
[d7pr2doXn3] figure_4.jpg -> classified as: Architecture Diagram
[d7pr2doXn3] figure_31.jpg -> classified as: Qualitative Examples
[d7pr2doXn3] figure_17.jpg -> classified as: Qualitative Examples
[d7pr2doXn3] figure_1.jpg -> classified as: Qualitative Examples
[d7pr2doXn3] figure_27.jpg -> classified as: Qualitative Examples
[d7pr2doXn3] figure_8.jpg -> classified as: Qualitative Examples
[d7pr2doXn3] figure_12.jpg -> classified as: Qualitative Examples
[d7pr2doXn3] figure_25.jpg -> classified as: Qualitative Examples
[d7pr2doXn3] figure_21.jpg -> classified as: Plots / Charts
[d7pr2doXn3] figure_26.jpg -> classified as: Qualitative Examples
[d7pr2doXn3] figure_14.jpg -> classified as: Qualitative Examples
[d7pr2doXn3] figure_16.jpg -> classified as: Qualitative Examples
[d7pr2doXn3] figure_10.jpg -> classified as: Architecture Diagram
[d7q9IGj2p0] figure_A.jpg -> classified as: Qualitative Examples
[d7q9IGj2p0] figure_5.jpg -> classified as: Architecture Diagram
[d7q9IGj2p0] figure_6.jpg -> classified as: Plots / Charts
[d7q9IGj2p0] figure_2.jpg -> classified as: Architecture Diagram
[d7q9IGj2p0] figure_B.jpg -> classified as: Qualitative Examples
[d7q9IGj2p0] figure_3.jpg -> classified as: Architecture Diagram
[d7q9IGj2p0] figure_4.jpg -> classified as: Architecture Diagram
[d7q9IGj2p0] figure_1.jpg -> classified as: Qualitative Examples
[d94x0gWTUX] figure_5.jpg -> classified as: Plots / Charts
[d94x0gWTUX] figure_6.jpg -> classified as: Qualitative Examples
[d94x0gWTUX] figure_9.jpg -> classified as: Qualitative Examples
[d94x0gWTUX] figure_13.jpg -> classified as: Qualitative Examples
[d94x0gWTUX] figure_2.jpg -> classified as: Architecture Diagram
[d94x0gWTUX] figure_11.jpg -> classified as: Qualitative Examples
[d94x0gWTUX] figure_7.jpg -> classified as: Qualitative Examples
[d94x0gWTUX] figure_4.jpg -> classified as: Plots / Charts
[d94x0gWTUX] figure_1.jpg -> classified as: Qualitative Examples
[d94x0gWTUX] figure_8.jpg -> classified as: Qualitative Examples
[d94x0gWTUX] figure_12.jpg -> classified as: Qualitative Examples
[d94x0gWTUX] figure_10.jpg -> classified as: Qualitative Examples
[d9iHI1eimo] figure_5.jpg -> classified as: Qualitative Examples
[d9iHI1eimo] figure_6.jpg -> classified as: Qualitative Examples
[d9iHI1eimo] figure_9.jpg -> classified as: Qualitative Examples
[d9iHI1eimo] figure_2.jpg -> classified as: Architecture Diagram
[d9iHI1eimo] figure_7.jpg -> classified as: Qualitative Examples
[d9iHI1eimo] figure_3.jpg -> classified as: Architecture Diagram
[d9iHI1eimo] figure_4.jpg -> classified as: Architecture Diagram
[d9iHI1eimo] figure_1.jpg -> classified as: Plots / Charts
[d9iHI1eimo] figure_8.jpg -> classified as: Qualitative Examples
[dAavOuxZvo] figure_5.jpg -> classified as: Qualitative Examples
[dAavOuxZvo] figure_7.jpg -> classified as: Qualitative Examples
[dAavOuxZvo] figure_3.jpg -> classified as: Other
  -> Skipping second pass (Other)
[dAavOuxZvo] figure_4.jpg -> classified as: Plots / Charts
[dBO8ZPQMVF] figure_2.jpg -> classified as: Architecture Diagram
[dBO8ZPQMVF] figure_3.jpg -> classified as: Architecture Diagram
[dBO8ZPQMVF] figure_4.jpg -> classified as: Qualitative Examples
[dBO8ZPQMVF] figure_1.jpg -> classified as: Qualitative Examples
[dCyt9k4U6N] figure_5.jpg -> classified as: Qualitative Examples
[dCyt9k4U6N] figure_6.jpg -> classified as: Qualitative Examples
[dCyt9k4U6N] figure_9.jpg -> classified as: Qualitative Examples
[dCyt9k4U6N] figure_2.jpg -> classified as: Architecture Diagram
[dCyt9k4U6N] figure_7.jpg -> classified as: Qualitative Examples
[dCyt9k4U6N] figure_3.jpg -> classified as: Qualitative Examples
[dCyt9k4U6N] figure_4.jpg -> classified as: Qualitative Examples
[dCyt9k4U6N] figure_1.jpg -> classified as: Qualitative Examples
[dCyt9k4U6N] figure_8.jpg -> classified as: Qualitative Examples
[dEg5SdGaiq] figure_5.jpg -> classified as: Plots / Charts
[dEg5SdGaiq] figure_6.jpg -> classified as: Plots / Charts
[dEg5SdGaiq] figure_9.jpg -> classified as: Plots / Charts
[dEg5SdGaiq] figure_13.jpg -> classified as: Qualitative Examples
[dEg5SdGaiq] figure_(b)_Subcrop_and.jpg -> classified as: Plots / Charts
[dEg5SdGaiq] figure_15.jpg -> classified as: Qualitative Examples
[dEg5SdGaiq] figure_2.jpg -> classified as: Architecture Diagram
[dEg5SdGaiq] figure_11.jpg -> classified as: Plots / Charts
[dEg5SdGaiq] figure_3.jpg -> classified as: Architecture Diagram
[dEg5SdGaiq] figure_4.jpg -> classified as: Qualitative Examples
[dEg5SdGaiq] figure_17.jpg -> classified as: Qualitative Examples
[dEg5SdGaiq] figure_1.jpg -> classified as: Other
  -> Skipping second pass (Other)
[dEg5SdGaiq] figure_8.jpg -> classified as: Qualitative Examples
[dEg5SdGaiq] figure_12.jpg -> classified as: Plots / Charts
[dEg5SdGaiq] figure_14.jpg -> classified as: Qualitative Examples
[dEg5SdGaiq] figure_16.jpg -> classified as: Qualitative Examples
[dEg5SdGaiq] figure_10.jpg -> classified as: Qualitative Examples
[dFcXJgnrGB] figure_5.jpg -> classified as: Plots / Charts
[dFcXJgnrGB] figure_6.jpg -> classified as: Plots / Charts
[dFcXJgnrGB] figure_9.jpg -> classified as: Plots / Charts
[dFcXJgnrGB] figure_2.jpg -> classified as: Qualitative Examples
[dFcXJgnrGB] figure_11.jpg -> classified as: Other
  -> Skipping second pass (Other)
[dFcXJgnrGB] figure_7.jpg -> classified as: Other
  -> Skipping second pass (Other)
[dFcXJgnrGB] figure_3.jpg -> classified as: Plots / Charts
[dFcXJgnrGB] figure_4.jpg -> classified as: Plots / Charts
[dFcXJgnrGB] figure_1.jpg -> classified as: Architecture Diagram
[dFcXJgnrGB] figure_8.jpg -> classified as: Qualitative Examples
[dFcXJgnrGB] figure_12.jpg -> classified as: Qualitative Examples
[dFcXJgnrGB] figure_10.jpg -> classified as: Other
  -> Skipping second pass (Other)
[dIZB7jeSUv] figure_5.jpg -> classified as: Other
  -> Skipping second pass (Other)
[dIZB7jeSUv] figure_6.jpg -> classified as: Plots / Charts
[dIZB7jeSUv] figure_9.jpg -> classified as: Qualitative Examples
[dIZB7jeSUv] figure_2.jpg -> classified as: Qualitative Examples
[dIZB7jeSUv] figure_11.jpg -> classified as: Qualitative Examples
[dIZB7jeSUv] figure_7.jpg -> classified as: Qualitative Examples
[dIZB7jeSUv] figure_3.jpg -> classified as: Architecture Diagram
[dIZB7jeSUv] figure_4.jpg -> classified as: Architecture Diagram
[dIZB7jeSUv] figure_1.jpg -> classified as: Plots / Charts
[dIZB7jeSUv] figure_8.jpg -> classified as: Qualitative Examples
[dIZB7jeSUv] figure_10.jpg -> classified as: Qualitative Examples
[dImD2sgy86] figure_5.jpg -> classified as: Plots / Charts
[dImD2sgy86] figure_6.jpg -> classified as: Plots / Charts
[dImD2sgy86] figure_9.jpg -> classified as: Plots / Charts
[dImD2sgy86] figure_2.jpg -> classified as: Qualitative Examples
[dImD2sgy86] figure_11.jpg -> classified as: Plots / Charts
[dImD2sgy86] figure_7.jpg -> classified as: Plots / Charts
[dImD2sgy86] figure_3.jpg -> classified as: Plots / Charts
[dImD2sgy86] figure_4.jpg -> classified as: Plots / Charts
[dImD2sgy86] figure_1.jpg -> classified as: Plots / Charts
[dImD2sgy86] figure_8.jpg -> classified as: Plots / Charts
[dImD2sgy86] figure_10.jpg -> classified as: Plots / Charts
[dKju7tbe6D] figure_5.jpg -> classified as: Plots / Charts
[dKju7tbe6D] figure_2.jpg -> classified as: Architecture Diagram
[dKju7tbe6D] figure_3.jpg -> classified as: Architecture Diagram
[dKju7tbe6D] figure_4.jpg -> classified as: Plots / Charts
[dKju7tbe6D] figure_1.jpg -> classified as: Qualitative Examples
[dKlxDx2SoS] figure_2.jpg -> classified as: Architecture Diagram
[dKlxDx2SoS] figure_3.jpg -> classified as: Plots / Charts
[dKlxDx2SoS] figure_1.jpg -> classified as: Other
  -> Skipping second pass (Other)
[dLoAdIKENc] figure_19.jpg -> classified as: Plots / Charts
[dLoAdIKENc] figure_9.jpg -> classified as: Plots / Charts
[dLoAdIKENc] figure_18.jpg -> classified as: Plots / Charts
[dLoAdIKENc] figure_13.jpg -> classified as: Plots / Charts
[dLoAdIKENc] figure_15.jpg -> classified as: Qualitative Examples
[dLoAdIKENc] figure_2.jpg -> classified as: Plots / Charts
[dLoAdIKENc] figure_11.jpg -> classified as: Qualitative Examples
[dLoAdIKENc] figure_7.jpg -> classified as: Plots / Charts
[dLoAdIKENc] figure_4.jpg -> classified as: Qualitative Examples
[dLoAdIKENc] figure_17.jpg -> classified as: Plots / Charts
[dLoAdIKENc] figure_1.jpg -> classified as: Plots / Charts
[dLoAdIKENc] figure_8.jpg -> classified as: Plots / Charts
[dLoAdIKENc] figure_12.jpg -> classified as: Plots / Charts
[dLoAdIKENc] figure_14.jpg -> classified as: Qualitative Examples
[dLoAdIKENc] figure_16.jpg -> classified as: Plots / Charts
[dLoAdIKENc] figure_10.jpg -> classified as: Plots / Charts
[dN1IV0Ov8a] figure_5.jpg -> classified as: Plots / Charts
[dN1IV0Ov8a] figure_6.jpg -> classified as: Plots / Charts
[dN1IV0Ov8a] figure_9.jpg -> classified as: Architecture Diagram
[dN1IV0Ov8a] figure_2.jpg -> classified as: Architecture Diagram
[dN1IV0Ov8a] figure_11.jpg -> classified as: Architecture Diagram
[dN1IV0Ov8a] figure_7.jpg -> classified as: Architecture Diagram
[dN1IV0Ov8a] figure_3.jpg -> classified as: Architecture Diagram
[dN1IV0Ov8a] figure_4.jpg -> classified as: Plots / Charts
[dN1IV0Ov8a] figure_1.jpg -> classified as: Architecture Diagram
[dN1IV0Ov8a] figure_8.jpg -> classified as: Architecture Diagram
[dN1IV0Ov8a] figure_10.jpg -> classified as: Architecture Diagram
[dN4vpVTvWX] figure_30.jpg -> classified as: Qualitative Examples
[dN4vpVTvWX] figure_19.jpg -> classified as: Qualitative Examples
[dN4vpVTvWX] figure_23.jpg -> classified as: Qualitative Examples
[dN4vpVTvWX] figure_29.jpg -> classified as: Qualitative Examples
[dN4vpVTvWX] figure_24.jpg -> classified as: Architecture Diagram
[dN4vpVTvWX] figure_5.jpg -> classified as: Other
  -> Skipping second pass (Other)
[dN4vpVTvWX] figure_6.jpg -> classified as: Qualitative Examples
[dN4vpVTvWX] figure_9.jpg -> classified as: Qualitative Examples
[dN4vpVTvWX] figure_22.jpg -> classified as: Qualitative Examples
[dN4vpVTvWX] figure_28.jpg -> classified as: Qualitative Examples
[dN4vpVTvWX] figure_18.jpg -> classified as: Qualitative Examples
[dN4vpVTvWX] figure_13.jpg -> classified as: Qualitative Examples
[dN4vpVTvWX] figure_15.jpg -> classified as: Qualitative Examples
[dN4vpVTvWX] figure_2.jpg -> classified as: Architecture Diagram
[dN4vpVTvWX] figure_20.jpg -> classified as: Qualitative Examples
[dN4vpVTvWX] figure_11.jpg -> classified as: Qualitative Examples
[dN4vpVTvWX] figure_7.jpg -> classified as: Qualitative Examples
[dN4vpVTvWX] figure_3.jpg -> classified as: Qualitative Examples
[dN4vpVTvWX] figure_4.jpg -> classified as: Plots / Charts
[dN4vpVTvWX] figure_17.jpg -> classified as: Qualitative Examples
[dN4vpVTvWX] figure_1.jpg -> classified as: Qualitative Examples
[dN4vpVTvWX] figure_27.jpg -> classified as: Qualitative Examples
[dN4vpVTvWX] figure_8.jpg -> classified as: Qualitative Examples
[dN4vpVTvWX] figure_12.jpg -> classified as: Qualitative Examples
[dN4vpVTvWX] figure_25.jpg -> classified as: Architecture Diagram
[dN4vpVTvWX] figure_21.jpg -> classified as: Qualitative Examples
[dN4vpVTvWX] figure_26.jpg -> classified as: Architecture Diagram
[dN4vpVTvWX] figure_14.jpg -> classified as: Qualitative Examples
[dN4vpVTvWX] figure_16.jpg -> classified as: Qualitative Examples
[dN4vpVTvWX] figure_10.jpg -> classified as: Qualitative Examples
[dOwmtbn6ZO] figure_5.jpg -> classified as: Plots / Charts
[dOwmtbn6ZO] figure_6.jpg -> classified as: Qualitative Examples
[dOwmtbn6ZO] figure_9.jpg -> classified as: Qualitative Examples
[dOwmtbn6ZO] figure_2.jpg -> classified as: Architecture Diagram
[dOwmtbn6ZO] figure_7.jpg -> classified as: Qualitative Examples
[dOwmtbn6ZO] figure_3.jpg -> classified as: Qualitative Examples
[dOwmtbn6ZO] figure_4.jpg -> classified as: Plots / Charts
[dOwmtbn6ZO] figure_1.jpg -> classified as: Architecture Diagram
[dOwmtbn6ZO] figure_8.jpg -> classified as: Plots / Charts
[dPHLbUqGbr] figure_1.jpg -> classified as: Architecture Diagram
[dQ2xiSIYzp] figure_5.jpg -> classified as: Qualitative Examples
[dQ2xiSIYzp] figure_6.jpg -> classified as: Qualitative Examples
[dQ2xiSIYzp] figure_9.jpg -> classified as: Qualitative Examples
[dQ2xiSIYzp] figure_2.jpg -> classified as: Architecture Diagram
[dQ2xiSIYzp] figure_11.jpg -> classified as: Qualitative Examples
[dQ2xiSIYzp] figure_7.jpg -> classified as: Qualitative Examples
[dQ2xiSIYzp] figure_3.jpg -> classified as: Architecture Diagram
[dQ2xiSIYzp] figure_4.jpg -> classified as: Qualitative Examples
[dQ2xiSIYzp] figure_1.jpg -> classified as: Qualitative Examples
[dQ2xiSIYzp] figure_8.jpg -> classified as: Qualitative Examples
[dQ2xiSIYzp] figure_10.jpg -> classified as: Qualitative Examples
[dQVtTdsvZH] figure_we_fix_a.jpg -> classified as: Qualitative Examples
[dQVtTdsvZH] figure_5.jpg -> classified as: Plots / Charts
[dQVtTdsvZH] figure_6.jpg -> classified as: Plots / Charts
[dQVtTdsvZH] figure_9.jpg -> classified as: Qualitative Examples
[dQVtTdsvZH] figure_13.jpg -> classified as: Qualitative Examples
[dQVtTdsvZH] figure_2.jpg -> classified as: Architecture Diagram
[dQVtTdsvZH] figure_11.jpg -> classified as: Qualitative Examples
[dQVtTdsvZH] figure_7.jpg -> classified as: Qualitative Examples
[dQVtTdsvZH] figure_3.jpg -> classified as: Qualitative Examples
[dQVtTdsvZH] figure_4.jpg -> classified as: Architecture Diagram
[dQVtTdsvZH] figure_1.jpg -> classified as: Plots / Charts
[dQVtTdsvZH] figure_14.jpg -> classified as: Other
  -> Skipping second pass (Other)
[dSjCFKiEdK] figure_5.jpg -> classified as: Qualitative Examples
[dSjCFKiEdK] figure_6.jpg -> classified as: Qualitative Examples
[dSjCFKiEdK] figure_9.jpg -> classified as: Qualitative Examples
[dSjCFKiEdK] figure_13.jpg -> classified as: Qualitative Examples
[dSjCFKiEdK] figure_15.jpg -> classified as: Qualitative Examples
[dSjCFKiEdK] figure_2.jpg -> classified as: Architecture Diagram
[dSjCFKiEdK] figure_11.jpg -> classified as: Qualitative Examples
[dSjCFKiEdK] figure_7.jpg -> classified as: Qualitative Examples
[dSjCFKiEdK] figure_3.jpg -> classified as: Qualitative Examples
[dSjCFKiEdK] figure_4.jpg -> classified as: Qualitative Examples
[dSjCFKiEdK] figure_17.jpg -> classified as: Qualitative Examples
[dSjCFKiEdK] figure_1.jpg -> classified as: Qualitative Examples
[dSjCFKiEdK] figure_8.jpg -> classified as: Qualitative Examples
[dSjCFKiEdK] figure_12.jpg -> classified as: Qualitative Examples
[dSjCFKiEdK] figure_14.jpg -> classified as: Qualitative Examples
[dSjCFKiEdK] figure_16.jpg -> classified as: Qualitative Examples
[dSjCFKiEdK] figure_10.jpg -> classified as: Qualitative Examples
[dTGH9vUVdf] figure_A.jpg -> classified as: Qualitative Examples
[dTGH9vUVdf] figure_5.jpg -> classified as: Qualitative Examples
[dTGH9vUVdf] figure_2.jpg -> classified as: Architecture Diagram
[dTGH9vUVdf] figure_F.jpg -> classified as: Qualitative Examples
[dTGH9vUVdf] figure_B.jpg -> classified as: Qualitative Examples
[dTGH9vUVdf] figure_E.jpg -> classified as: Qualitative Examples
[dTGH9vUVdf] figure_3.jpg -> classified as: Architecture Diagram
[dTGH9vUVdf] figure_D.jpg -> classified as: Qualitative Examples
[dTGH9vUVdf] figure_4.jpg -> classified as: Qualitative Examples
[dTGH9vUVdf] figure_C.jpg -> classified as: Qualitative Examples
[dTGH9vUVdf] figure_1.jpg -> classified as: Qualitative Examples
[dTlKCQuuxP] figure_5.jpg -> classified as: Qualitative Examples
[dTlKCQuuxP] figure_9.jpg -> classified as: Plots / Charts
[dTlKCQuuxP] figure_13.jpg -> classified as: Plots / Charts
[dTlKCQuuxP] figure_15.jpg -> classified as: Qualitative Examples
[dTlKCQuuxP] figure_2.jpg -> classified as: Plots / Charts
[dTlKCQuuxP] figure_11.jpg -> classified as: Plots / Charts
[dTlKCQuuxP] figure_7.jpg -> classified as: Plots / Charts
[dTlKCQuuxP] figure_3.jpg -> classified as: Plots / Charts
[dTlKCQuuxP] figure_4.jpg -> classified as: Plots / Charts
[dTlKCQuuxP] figure_1.jpg -> classified as: Architecture Diagram
[dTlKCQuuxP] figure_8.jpg -> classified as: Plots / Charts
[dTlKCQuuxP] figure_12.jpg -> classified as: Qualitative Examples
[dTlKCQuuxP] figure_14.jpg -> classified as: Qualitative Examples
[dTlKCQuuxP] figure_10.jpg -> classified as: Plots / Charts
[dTpbEdN9kr] figure_5.jpg -> classified as: Qualitative Examples
[dTpbEdN9kr] figure_6.jpg -> classified as: Plots / Charts
[dTpbEdN9kr] figure_9.jpg -> classified as: Qualitative Examples
[dTpbEdN9kr] figure_13.jpg -> classified as: Qualitative Examples
[dTpbEdN9kr] figure_2.jpg -> classified as: Plots / Charts
[dTpbEdN9kr] figure_11.jpg -> classified as: Qualitative Examples
[dTpbEdN9kr] figure_7.jpg -> classified as: Qualitative Examples
[dTpbEdN9kr] figure_3.jpg -> classified as: Qualitative Examples
[dTpbEdN9kr] figure_“A_Capoeira_practice..jpg -> classified as: Qualitative Examples
[dTpbEdN9kr] figure_4.jpg -> classified as: Architecture Diagram
[dTpbEdN9kr] figure_1.jpg -> classified as: Qualitative Examples
[dTpbEdN9kr] figure_12.jpg -> classified as: Plots / Charts
[dUTwqiEked] figure_5.jpg -> classified as: Qualitative Examples
[dUTwqiEked] figure_6.jpg -> classified as: Qualitative Examples
[dUTwqiEked] figure_2.jpg -> classified as: Qualitative Examples
[dUTwqiEked] figure_3.jpg -> classified as: Qualitative Examples
[dUTwqiEked] figure_4.jpg -> classified as: Architecture Diagram
[dUTwqiEked] figure_1.jpg -> classified as: Qualitative Examples
[dYaeDrazj5] figure_5.jpg -> classified as: Plots / Charts
[dYaeDrazj5] figure_6.jpg -> classified as: Plots / Charts
[dYaeDrazj5] figure_9.jpg -> classified as: Architecture Diagram
[dYaeDrazj5] figure_2.jpg -> classified as: Other
  -> Skipping second pass (Other)
[dYaeDrazj5] figure_7.jpg -> classified as: Architecture Diagram
[dYaeDrazj5] figure_3.jpg -> classified as: Architecture Diagram
[dYaeDrazj5] figure_4.jpg -> classified as: Plots / Charts
[dYaeDrazj5] figure_1.jpg -> classified as: Other
  -> Skipping second pass (Other)
[dYaeDrazj5] figure_8.jpg -> classified as: Architecture Diagram
[dYaeDrazj5] figure_10.jpg -> classified as: Architecture Diagram
[dZbCoATni7] figure_5.jpg -> classified as: Qualitative Examples
[dZbCoATni7] figure_6.jpg -> classified as: Qualitative Examples
[dZbCoATni7] figure_9.jpg -> classified as: Qualitative Examples
[dZbCoATni7] figure_2.jpg -> classified as: Architecture Diagram
[dZbCoATni7] figure_11.jpg -> classified as: Qualitative Examples
[dZbCoATni7] figure_7.jpg -> classified as: Qualitative Examples
[dZbCoATni7] figure_3.jpg -> classified as: Qualitative Examples
[dZbCoATni7] figure_4.jpg -> classified as: Qualitative Examples
[dZbCoATni7] figure_1.jpg -> classified as: Plots / Charts
[dZbCoATni7] figure_8.jpg -> classified as: Qualitative Examples
[dZbCoATni7] figure_12.jpg -> classified as: Qualitative Examples
[dZbCoATni7] figure_10.jpg -> classified as: Qualitative Examples
[dZsjj4vQjl] figure_5.jpg -> classified as: Qualitative Examples
[dZsjj4vQjl] figure_6.jpg -> classified as: Other
  -> Skipping second pass (Other)
[dZsjj4vQjl] figure_13.jpg -> classified as: Plots / Charts
[dZsjj4vQjl] figure_2.jpg -> classified as: Architecture Diagram
[dZsjj4vQjl] figure_11.jpg -> classified as: Plots / Charts
[dZsjj4vQjl] figure_7.jpg -> classified as: Plots / Charts
[dZsjj4vQjl] figure_3.jpg -> classified as: Qualitative Examples
[dZsjj4vQjl] figure_4.jpg -> classified as: Qualitative Examples
[dZsjj4vQjl] figure_1.jpg -> classified as: Qualitative Examples
[dZsjj4vQjl] figure_8.jpg -> classified as: Plots / Charts
[dZsjj4vQjl] figure_12.jpg -> classified as: Plots / Charts
[dZsjj4vQjl] figure_10.jpg -> classified as: Qualitative Examples
[daEqXJ0yZo] figure_5.jpg -> classified as: Qualitative Examples
[daEqXJ0yZo] figure_6.jpg -> classified as: Qualitative Examples
[daEqXJ0yZo] figure_9.jpg -> classified as: Architecture Diagram
[daEqXJ0yZo] figure_13.jpg -> classified as: Qualitative Examples
[daEqXJ0yZo] figure_2.jpg -> classified as: Architecture Diagram
[daEqXJ0yZo] figure_11.jpg -> classified as: Qualitative Examples
[daEqXJ0yZo] figure_7.jpg -> classified as: Plots / Charts
[daEqXJ0yZo] figure_3.jpg -> classified as: Architecture Diagram
[daEqXJ0yZo] figure_4.jpg -> classified as: Qualitative Examples
[daEqXJ0yZo] figure_1.jpg -> classified as: Qualitative Examples
[daEqXJ0yZo] figure_8.jpg -> classified as: Plots / Charts
[daEqXJ0yZo] figure_12.jpg -> classified as: Qualitative Examples
[daEqXJ0yZo] figure_10.jpg -> classified as: Architecture Diagram
[daUQ7vmGap] figure_19.jpg -> classified as: Qualitative Examples
[daUQ7vmGap] figure_5.jpg -> classified as: Plots / Charts
[daUQ7vmGap] figure_6.jpg -> classified as: Architecture Diagram
[daUQ7vmGap] figure_9.jpg -> classified as: Plots / Charts
[daUQ7vmGap] figure_18.jpg -> classified as: Plots / Charts
[daUQ7vmGap] figure_13.jpg -> classified as: Plots / Charts
[daUQ7vmGap] figure_15.jpg -> classified as: Plots / Charts
[daUQ7vmGap] figure_2.jpg -> classified as: Plots / Charts
[daUQ7vmGap] figure_11.jpg -> classified as: Plots / Charts
[daUQ7vmGap] figure_7.jpg -> classified as: Plots / Charts
[daUQ7vmGap] figure_3.jpg -> classified as: Plots / Charts
[daUQ7vmGap] figure_4.jpg -> classified as: Plots / Charts
[daUQ7vmGap] figure_17.jpg -> classified as: Plots / Charts
[daUQ7vmGap] figure_1.jpg -> classified as: Plots / Charts
[daUQ7vmGap] figure_8.jpg -> classified as: Qualitative Examples
[daUQ7vmGap] figure_12.jpg -> classified as: Plots / Charts
[daUQ7vmGap] figure_14.jpg -> classified as: Plots / Charts
[daUQ7vmGap] figure_16.jpg -> classified as: Plots / Charts
[daUQ7vmGap] figure_10.jpg -> classified as: Plots / Charts
[dbQH9AOVd5] figure_5.jpg -> classified as: Plots / Charts
[dbQH9AOVd5] figure_6.jpg -> classified as: Plots / Charts
[dbQH9AOVd5] figure_2.jpg -> classified as: Plots / Charts
[dbQH9AOVd5] figure_7.jpg -> classified as: Plots / Charts
[dbQH9AOVd5] figure_3.jpg -> classified as: Plots / Charts
[dbQH9AOVd5] figure_4.jpg -> classified as: Plots / Charts
[dbQH9AOVd5] figure_1.jpg -> classified as: Architecture Diagram
[dbQH9AOVd5] figure_8.jpg -> classified as: Plots / Charts
[dfC2ji6nek] figure_5.jpg -> classified as: Qualitative Examples
[dfC2ji6nek] figure_6.jpg -> classified as: Qualitative Examples
[dfC2ji6nek] figure_9.jpg -> classified as: Qualitative Examples
[dfC2ji6nek] figure_2.jpg -> classified as: Architecture Diagram
[dfC2ji6nek] figure_7.jpg -> classified as: Qualitative Examples
[dfC2ji6nek] figure_3.jpg -> classified as: Qualitative Examples
[dfC2ji6nek] figure_4.jpg -> classified as: Qualitative Examples
[dfC2ji6nek] figure_8.jpg -> classified as: Qualitative Examples
[dfC2ji6nek] figure_10.jpg -> classified as: Qualitative Examples
[dhLIno8FmH] figure_5.jpg -> classified as: Qualitative Examples
[dhLIno8FmH] figure_6.jpg -> classified as: Plots / Charts
[dhLIno8FmH] figure_2.jpg -> classified as: Plots / Charts
[dhLIno8FmH] figure_7.jpg -> classified as: Plots / Charts
[dhLIno8FmH] figure_3.jpg -> classified as: Plots / Charts
[dhLIno8FmH] figure_4.jpg -> classified as: Plots / Charts
[dhLIno8FmH] figure_1.jpg -> classified as: Architecture Diagram
[di52zR8xgf] figure_5.jpg -> classified as: Qualitative Examples
[di52zR8xgf] figure_6.jpg -> classified as: Qualitative Examples
[di52zR8xgf] figure_2.jpg -> classified as: Plots / Charts
[di52zR8xgf] figure_7.jpg -> classified as: Qualitative Examples
[di52zR8xgf] figure_3.jpg -> classified as: Qualitative Examples
[di52zR8xgf] figure_4.jpg -> classified as: Qualitative Examples
[di52zR8xgf] figure_“An_astronaut_riding.jpg -> classified as: Qualitative Examples
[di52zR8xgf] figure_1.jpg -> classified as: Plots / Charts
[di52zR8xgf] figure_“A_robot_painted.jpg -> classified as: Qualitative Examples
[dkrEoT68by] figure_A7.jpg -> classified as: Qualitative Examples
[dkrEoT68by] figure_5.jpg -> classified as: Qualitative Examples
[dkrEoT68by] figure_A1.jpg -> classified as: Qualitative Examples
[dkrEoT68by] figure_A2.jpg -> classified as: Qualitative Examples
[dkrEoT68by] figure_3.jpg -> classified as: Qualitative Examples
[dkrEoT68by] figure_4.jpg -> classified as: Qualitative Examples
[dkrEoT68by] figure_A6.jpg -> classified as: Qualitative Examples
[dkrEoT68by] figure_1.jpg -> classified as: Qualitative Examples
[dkrEoT68by] figure_A4.jpg -> classified as: Qualitative Examples
[dkrEoT68by] figure_A5.jpg -> classified as: Qualitative Examples
[dkrEoT68by] figure_A3.jpg -> classified as: Qualitative Examples
[dlIMcmlAdk] figure_19.jpg -> classified as: Qualitative Examples
[dlIMcmlAdk] figure_5.jpg -> classified as: Plots / Charts
[dlIMcmlAdk] figure_6.jpg -> classified as: Qualitative Examples
[dlIMcmlAdk] figure_9.jpg -> classified as: Qualitative Examples
[dlIMcmlAdk] figure_18.jpg -> classified as: Qualitative Examples
[dlIMcmlAdk] figure_13.jpg -> classified as: Qualitative Examples
[dlIMcmlAdk] figure_15.jpg -> classified as: Qualitative Examples
[dlIMcmlAdk] figure_2.jpg -> classified as: Qualitative Examples
[dlIMcmlAdk] figure_20.jpg -> classified as: Qualitative Examples
[dlIMcmlAdk] figure_11.jpg -> classified as: Qualitative Examples
[dlIMcmlAdk] figure_7.jpg -> classified as: Qualitative Examples
[dlIMcmlAdk] figure_3.jpg -> classified as: Qualitative Examples
[dlIMcmlAdk] figure_4.jpg -> classified as: Plots / Charts
[dlIMcmlAdk] figure_17.jpg -> classified as: Qualitative Examples
[dlIMcmlAdk] figure_1.jpg -> classified as: Qualitative Examples
[dlIMcmlAdk] figure_8.jpg -> classified as: Qualitative Examples
[dlIMcmlAdk] figure_12.jpg -> classified as: Plots / Charts
[dlIMcmlAdk] figure_21.jpg -> classified as: Qualitative Examples
[dlIMcmlAdk] figure_14.jpg -> classified as: Qualitative Examples
[dlIMcmlAdk] figure_16.jpg -> classified as: Qualitative Examples
[dlIMcmlAdk] figure_10.jpg -> classified as: Qualitative Examples
[dnp63LgTgc] figure_5.jpg -> classified as: Qualitative Examples
[dnp63LgTgc] figure_2.jpg -> classified as: Plots / Charts
[dnp63LgTgc] figure_3.jpg -> classified as: Plots / Charts
[dnp63LgTgc] figure_4.jpg -> classified as: Qualitative Examples
[dnp63LgTgc] figure_1.jpg -> classified as: Architecture Diagram
[doBkiqESYq] figure_5.jpg -> classified as: Plots / Charts
[doBkiqESYq] figure_6.jpg -> classified as: Plots / Charts
[doBkiqESYq] figure_2.jpg -> classified as: Plots / Charts
[doBkiqESYq] figure_7.jpg -> classified as: Plots / Charts
[doBkiqESYq] figure_3.jpg -> classified as: Qualitative Examples
[doBkiqESYq] figure_4.jpg -> classified as: Plots / Charts
[doBkiqESYq] figure_1.jpg -> classified as: Qualitative Examples
[doBkiqESYq] figure_8.jpg -> classified as: Plots / Charts
[dpcVXiMlcv] figure_19.jpg -> classified as: Qualitative Examples
[dpcVXiMlcv] figure_5.jpg -> classified as: Plots / Charts
[dpcVXiMlcv] figure_6.jpg -> classified as: Qualitative Examples
[dpcVXiMlcv] figure_9.jpg -> classified as: Architecture Diagram
[dpcVXiMlcv] figure_18.jpg -> classified as: Qualitative Examples
[dpcVXiMlcv] figure_13.jpg -> classified as: Qualitative Examples
[dpcVXiMlcv] figure_15.jpg -> classified as: Qualitative Examples
[dpcVXiMlcv] figure_2.jpg -> classified as: Other
  -> Skipping second pass (Other)
[dpcVXiMlcv] figure_20.jpg -> classified as: Qualitative Examples
[dpcVXiMlcv] figure_11.jpg -> classified as: Qualitative Examples
[dpcVXiMlcv] figure_7.jpg -> classified as: Qualitative Examples
[dpcVXiMlcv] figure_3.jpg -> classified as: Architecture Diagram
[dpcVXiMlcv] figure_4.jpg -> classified as: Qualitative Examples
[dpcVXiMlcv] figure_17.jpg -> classified as: Qualitative Examples
[dpcVXiMlcv] figure_1.jpg -> classified as: Plots / Charts
[dpcVXiMlcv] figure_8.jpg -> classified as: Architecture Diagram
[dpcVXiMlcv] figure_12.jpg -> classified as: Qualitative Examples
[dpcVXiMlcv] figure_21.jpg -> classified as: Qualitative Examples
[dpcVXiMlcv] figure_14.jpg -> classified as: Plots / Charts
[dpcVXiMlcv] figure_16.jpg -> classified as: Qualitative Examples
[dpcVXiMlcv] figure_10.jpg -> classified as: Architecture Diagram
[drPDukdY3t] figure_2.jpg -> classified as: Architecture Diagram
[drPDukdY3t] figure_3.jpg -> classified as: Plots / Charts
[drPDukdY3t] figure_4.jpg -> classified as: Plots / Charts
[drPDukdY3t] figure_1.jpg -> classified as: Plots / Charts
[drovOv7IKB] figure_2.jpg -> classified as: Architecture Diagram
[drovOv7IKB] figure_3.jpg -> classified as: Plots / Charts
[drovOv7IKB] figure_4.jpg -> classified as: Plots / Charts
[drovOv7IKB] figure_1.jpg -> classified as: Plots / Charts
[duBCwjb68o] figure_5.jpg -> classified as: Plots / Charts
[duBCwjb68o] figure_6.jpg -> classified as: Plots / Charts
[duBCwjb68o] figure_9.jpg -> classified as: Qualitative Examples
[duBCwjb68o] figure_13.jpg -> classified as: Qualitative Examples
[duBCwjb68o] figure_2.jpg -> classified as: Qualitative Examples
[duBCwjb68o] figure_11.jpg -> classified as: Qualitative Examples
[duBCwjb68o] figure_7.jpg -> classified as: Plots / Charts
[duBCwjb68o] figure_3.jpg -> classified as: Plots / Charts
[duBCwjb68o] figure_4.jpg -> classified as: Plots / Charts
[duBCwjb68o] figure_1.jpg -> classified as: Qualitative Examples
[duBCwjb68o] figure_8.jpg -> classified as: Qualitative Examples
[duBCwjb68o] figure_12.jpg -> classified as: Qualitative Examples
[duBCwjb68o] figure_10.jpg -> classified as: Qualitative Examples
[duCs92vmMc] figure_5.jpg -> classified as: Architecture Diagram
[duCs92vmMc] figure_2.jpg -> classified as: Plots / Charts
[duCs92vmMc] figure_3.jpg -> classified as: Plots / Charts
[duCs92vmMc] figure_4.jpg -> classified as: Architecture Diagram
[duCs92vmMc] figure_1.jpg -> classified as: Plots / Charts
[duyA42HlCK] figure_19.jpg -> classified as: Other
  -> Skipping second pass (Other)
[duyA42HlCK] figure_A_man_and.jpg -> classified as: Other
  -> Skipping second pass (Other)
[duyA42HlCK] figure_5.jpg -> classified as: Qualitative Examples
[duyA42HlCK] figure_A_person_dressed.jpg -> classified as: Other
  -> Skipping second pass (Other)
[duyA42HlCK] figure_A_baby_girl.jpg -> classified as: Qualitative Examples
[duyA42HlCK] figure_6.jpg -> classified as: Qualitative Examples
[duyA42HlCK] figure_A_girl_with.jpg -> classified as: Qualitative Examples
[duyA42HlCK] figure_9.jpg -> classified as: Plots / Charts
[duyA42HlCK] figure_18.jpg -> classified as: Qualitative Examples
[duyA42HlCK] figure_13.jpg -> classified as: Qualitative Examples
[duyA42HlCK] figure_15.jpg -> classified as: Qualitative Examples
[duyA42HlCK] figure_2.jpg -> classified as: Architecture Diagram
[duyA42HlCK] figure_11.jpg -> classified as: Qualitative Examples
[duyA42HlCK] figure_7.jpg -> classified as: Qualitative Examples
[duyA42HlCK] figure_3.jpg -> classified as: Plots / Charts
[duyA42HlCK] figure_A_man_in.jpg -> classified as: Teaser Image
[duyA42HlCK] figure_4.jpg -> classified as: Plots / Charts
[duyA42HlCK] figure_Two_children_carry.jpg -> classified as: Other
  -> Skipping second pass (Other)
[duyA42HlCK] figure_Man_sitting_on.jpg -> classified as: Qualitative Examples
[duyA42HlCK] figure_The_upper_half.jpg -> classified as: Other
  -> Skipping second pass (Other)
[duyA42HlCK] figure_17.jpg -> classified as: Other
  -> Skipping second pass (Other)
[duyA42HlCK] figure_1.jpg -> classified as: Qualitative Examples
[duyA42HlCK] figure_8.jpg -> classified as: Qualitative Examples
[duyA42HlCK] figure_12.jpg -> classified as: Qualitative Examples
[duyA42HlCK] figure_14.jpg -> classified as: Qualitative Examples
[duyA42HlCK] figure_16.jpg -> classified as: Qualitative Examples
[duyA42HlCK] figure_10.jpg -> classified as: Qualitative Examples
[dxoryzjsCW] figure_5.jpg -> classified as: Architecture Diagram
[dxoryzjsCW] figure_6.jpg -> classified as: Plots / Charts
[dxoryzjsCW] figure_9.jpg -> classified as: Plots / Charts
[dxoryzjsCW] figure_2.jpg -> classified as: Qualitative Examples
[dxoryzjsCW] figure_7.jpg -> classified as: Plots / Charts
[dxoryzjsCW] figure_3.jpg -> classified as: Architecture Diagram
[dxoryzjsCW] figure_4.jpg -> classified as: Plots / Charts
[dxoryzjsCW] figure_1.jpg -> classified as: Qualitative Examples
[dxoryzjsCW] figure_8.jpg -> classified as: Plots / Charts
[dxoryzjsCW] figure_10.jpg -> classified as: Qualitative Examples
[dyG2oLJYyX] figure_5.jpg -> classified as: Plots / Charts
[dyG2oLJYyX] figure_6.jpg -> classified as: Plots / Charts
[dyG2oLJYyX] figure_7.jpg -> classified as: Plots / Charts
[dyG2oLJYyX] figure_3.jpg -> classified as: Plots / Charts
[dyG2oLJYyX] figure_4.jpg -> classified as: Plots / Charts
[dyG2oLJYyX] figure_1.jpg -> classified as: Architecture Diagram
[dyG2oLJYyX] figure_igure_2__The.jpg -> classified as: Plots / Charts
[dyrGMhicMw] figure_5.jpg -> classified as: Qualitative Examples
[dyrGMhicMw] figure_2.jpg -> classified as: Architecture Diagram
[dyrGMhicMw] figure_3.jpg -> classified as: Plots / Charts
[dyrGMhicMw] figure_4.jpg -> classified as: Plots / Charts
[dyrGMhicMw] figure_1.jpg -> classified as: Qualitative Examples
[dyzdDSzoKi] figure_5.jpg -> classified as: Qualitative Examples
[dyzdDSzoKi] figure_6.jpg -> classified as: Qualitative Examples
[dyzdDSzoKi] figure_2.jpg -> classified as: Architecture Diagram
[dyzdDSzoKi] figure_3.jpg -> classified as: Architecture Diagram
[dyzdDSzoKi] figure_4.jpg -> classified as: Qualitative Examples
[dyzdDSzoKi] figure_1.jpg -> classified as: Plots / Charts
[e0YazAdpzD] figure_2.jpg -> classified as: Qualitative Examples
[e0YazAdpzD] figure_3.jpg -> classified as: Qualitative Examples
[e0YazAdpzD] figure_4.jpg -> classified as: Qualitative Examples
[e0YazAdpzD] figure_1.jpg -> classified as: Architecture Diagram
[e2ONKX6qzJ] figure_19.jpg -> classified as: Qualitative Examples
[e2ONKX6qzJ] figure_23.jpg -> classified as: Qualitative Examples
[e2ONKX6qzJ] figure_6.jpg -> classified as: Qualitative Examples
[e2ONKX6qzJ] figure_9.jpg -> classified as: Qualitative Examples
[e2ONKX6qzJ] figure_22.jpg -> classified as: Qualitative Examples
[e2ONKX6qzJ] figure_18.jpg -> classified as: Qualitative Examples
[e2ONKX6qzJ] figure_13.jpg -> classified as: Plots / Charts
[e2ONKX6qzJ] figure_15.jpg -> classified as: Qualitative Examples
[e2ONKX6qzJ] figure_2.jpg -> classified as: Qualitative Examples
[e2ONKX6qzJ] figure_11.jpg -> classified as: Qualitative Examples
[e2ONKX6qzJ] figure_7.jpg -> classified as: Plots / Charts
[e2ONKX6qzJ] figure_3.jpg -> classified as: Qualitative Examples
[e2ONKX6qzJ] figure_4.jpg -> classified as: Qualitative Examples
[e2ONKX6qzJ] figure_17.jpg -> classified as: Qualitative Examples
[e2ONKX6qzJ] figure_1.jpg -> classified as: Qualitative Examples
[e2ONKX6qzJ] figure_8.jpg -> classified as: Plots / Charts
[e2ONKX6qzJ] figure_12.jpg -> classified as: Qualitative Examples
[e2ONKX6qzJ] figure_21.jpg -> classified as: Qualitative Examples
[e2ONKX6qzJ] figure_14.jpg -> classified as: Plots / Charts
[e2ONKX6qzJ] figure_16.jpg -> classified as: Qualitative Examples
[e2ONKX6qzJ] figure_10.jpg -> classified as: Qualitative Examples
[e32cI4r8Eo] figure_(c)_Prompt__A.jpg -> classified as: Qualitative Examples
[e32cI4r8Eo] figure_5.jpg -> classified as: Qualitative Examples
[e32cI4r8Eo] figure_6.jpg -> classified as: Plots / Charts
[e32cI4r8Eo] figure_(b)_Prompt__Te.jpg -> classified as: Qualitative Examples
[e32cI4r8Eo] figure_(j)_Prompt__A.jpg -> classified as: Qualitative Examples
[e32cI4r8Eo] figure_(f)_Prompt__Anime.jpg -> classified as: Teaser Image
[e32cI4r8Eo] figure_9.jpg -> classified as: Qualitative Examples
[e32cI4r8Eo] figure_(h)_Prompt__A.jpg -> classified as: Qualitative Examples
[e32cI4r8Eo] figure_2.jpg -> classified as: Architecture Diagram
[e32cI4r8Eo] figure_(g)_Prompt__a.jpg -> classified as: Qualitative Examples
[e32cI4r8Eo] figure_7.jpg -> classified as: Qualitative Examples
[e32cI4r8Eo] figure_3.jpg -> classified as: Plots / Charts
[e32cI4r8Eo] figure_4.jpg -> classified as: Plots / Charts
[e32cI4r8Eo] figure_1.jpg -> classified as: Plots / Charts
[e32cI4r8Eo] figure_8.jpg -> classified as: Plots / Charts
[e32cI4r8Eo] figure_(a)_Prompt__A.jpg -> classified as: Qualitative Examples
[e4FG5PJ9uC] figure_2.jpg -> classified as: Plots / Charts
[e4FG5PJ9uC] figure_3.jpg -> classified as: Plots / Charts
[e4FG5PJ9uC] figure_4.jpg -> classified as: Qualitative Examples
[e4FG5PJ9uC] figure_1.jpg -> classified as: Architecture Diagram
[e4wgZqF9uG] figure_6.jpg -> classified as: Qualitative Examples
[e4wgZqF9uG] figure_9.jpg -> classified as: Plots / Charts
[e4wgZqF9uG] figure_13.jpg -> classified as: Qualitative Examples
[e4wgZqF9uG] figure_2.jpg -> classified as: Plots / Charts
[e4wgZqF9uG] figure_11.jpg -> classified as: Plots / Charts
[e4wgZqF9uG] figure_7.jpg -> classified as: Plots / Charts
[e4wgZqF9uG] figure_3.jpg -> classified as: Plots / Charts
[e4wgZqF9uG] figure_1.jpg -> classified as: Architecture Diagram
[e4wgZqF9uG] figure_8.jpg -> classified as: Plots / Charts
[e4wgZqF9uG] figure_12.jpg -> classified as: Plots / Charts
[e4wgZqF9uG] figure_14.jpg -> classified as: Architecture Diagram
[e4wgZqF9uG] figure_10.jpg -> classified as: Plots / Charts
[e9YuyOaJbc] figure_2.jpg -> classified as: Plots / Charts
[e9YuyOaJbc] figure_3.jpg -> classified as: Plots / Charts
[e9YuyOaJbc] figure_4.jpg -> classified as: Plots / Charts
[e9YuyOaJbc] figure_1.jpg -> classified as: Architecture Diagram
[e9bEoxNiTJ] figure_5.jpg -> classified as: Plots / Charts
[e9bEoxNiTJ] figure_6.jpg -> classified as: Architecture Diagram
[e9bEoxNiTJ] figure_9.jpg -> classified as: Qualitative Examples
[e9bEoxNiTJ] figure_13.jpg -> classified as: Qualitative Examples
[e9bEoxNiTJ] figure_15.jpg -> classified as: Qualitative Examples
[e9bEoxNiTJ] figure_2.jpg -> classified as: Qualitative Examples
[e9bEoxNiTJ] figure_11.jpg -> classified as: Qualitative Examples
[e9bEoxNiTJ] figure_7.jpg -> classified as: Architecture Diagram
[e9bEoxNiTJ] figure_3.jpg -> classified as: Qualitative Examples
[e9bEoxNiTJ] figure_4.jpg -> classified as: Qualitative Examples
[e9bEoxNiTJ] figure_17.jpg -> classified as: Qualitative Examples
[e9bEoxNiTJ] figure_1.jpg -> classified as: Architecture Diagram
[e9bEoxNiTJ] figure_8.jpg -> classified as: Plots / Charts
[e9bEoxNiTJ] figure_12.jpg -> classified as: Qualitative Examples
[e9bEoxNiTJ] figure_14.jpg -> classified as: Qualitative Examples
[e9bEoxNiTJ] figure_16.jpg -> classified as: Qualitative Examples
[e9bEoxNiTJ] figure_10.jpg -> classified as: Qualitative Examples
[eAKmQPe3m1] figure_19.jpg -> classified as: Qualitative Examples
[eAKmQPe3m1] figure_A_silhouette_of.jpg -> classified as: Teaser Image
[eAKmQPe3m1] figure_Crocodile_in_a.jpg -> classified as: Other
  -> Skipping second pass (Other)
[eAKmQPe3m1] figure_A_4k_dslr.jpg -> classified as: Qualitative Examples
[eAKmQPe3m1] figure_5.jpg -> classified as: Plots / Charts
[eAKmQPe3m1] figure_6.jpg -> classified as: Qualitative Examples
[eAKmQPe3m1] figure_Cthulhu,_alien,_in.jpg -> classified as: Other
  -> Skipping second pass (Other)
[eAKmQPe3m1] figure_18.jpg -> classified as: Qualitative Examples
[eAKmQPe3m1] figure_13.jpg -> classified as: Qualitative Examples
[eAKmQPe3m1] figure_A_small_cactus.jpg -> classified as: Qualitative Examples
[eAKmQPe3m1] figure_15.jpg -> classified as: Qualitative Examples
[eAKmQPe3m1] figure_2.jpg -> classified as: Plots / Charts
[eAKmQPe3m1] figure_Pirate_ship_trapped.jpg -> classified as: Other
  -> Skipping second pass (Other)
[eAKmQPe3m1] figure_20.jpg -> classified as: Plots / Charts
[eAKmQPe3m1] figure_Design_a_letter.jpg -> classified as: Other
  -> Skipping second pass (Other)
[eAKmQPe3m1] figure_11.jpg -> classified as: Qualitative Examples
[eAKmQPe3m1] figure_A_small_cactus_1.jpg -> classified as: Qualitative Examples
[eAKmQPe3m1] figure_7.jpg -> classified as: Qualitative Examples
[eAKmQPe3m1] figure_product_photography,_world.jpg -> classified as: Other
  -> Skipping second pass (Other)
[eAKmQPe3m1] figure_4.jpg -> classified as: Architecture Diagram
[eAKmQPe3m1] figure_12.jpg -> classified as: Qualitative Examples
[eAKmQPe3m1] figure_21.jpg -> classified as: Qualitative Examples
[eAKmQPe3m1] figure_beautiful_scene_with.jpg -> classified as: Qualitative Examples
[eAKmQPe3m1] figure_14.jpg -> classified as: Other
  -> Skipping second pass (Other)
[eAKmQPe3m1] figure_paper_artwork,_layered.jpg -> classified as: Teaser Image
[eAKmQPe3m1] figure_16.jpg -> classified as: Qualitative Examples
[eAKmQPe3m1] figure_10.jpg -> classified as: Qualitative Examples
[eAgnpmxUu1] figure_“A_3D_model.jpg -> classified as: Qualitative Examples
[eAgnpmxUu1] figure_“A_DSLR_photo.jpg -> classified as: Qualitative Examples
[eAgnpmxUu1] figure_9.jpg -> classified as: Qualitative Examples
[eAgnpmxUu1] figure_13.jpg -> classified as: Plots / Charts
[eAgnpmxUu1] figure_2.jpg -> classified as: Qualitative Examples
[eAgnpmxUu1] figure_11.jpg -> classified as: Qualitative Examples
[eAgnpmxUu1] figure_7.jpg -> classified as: Qualitative Examples
[eAgnpmxUu1] figure_3.jpg -> classified as: Qualitative Examples
[eAgnpmxUu1] figure_4.jpg -> classified as: Qualitative Examples
[eAgnpmxUu1] figure_1.jpg -> classified as: Qualitative Examples
[eAgnpmxUu1] figure_8.jpg -> classified as: Plots / Charts
[eAgnpmxUu1] figure_12.jpg -> classified as: Qualitative Examples
[eAgnpmxUu1] figure_14.jpg -> classified as: Qualitative Examples
[eBTtShIjxu] figure_5.jpg -> classified as: Plots / Charts
[eBTtShIjxu] figure_6.jpg -> classified as: Plots / Charts
[eBTtShIjxu] figure_2.jpg -> classified as: Architecture Diagram
[eBTtShIjxu] figure_3.jpg -> classified as: Architecture Diagram
[eBTtShIjxu] figure_4.jpg -> classified as: Plots / Charts
[eBTtShIjxu] figure_1.jpg -> classified as: Plots / Charts
[eBeECjacpw] figure_S1.jpg -> classified as: Qualitative Examples
[eBeECjacpw] figure_S2.jpg -> classified as: Qualitative Examples
[eBeECjacpw] figure_S6.jpg -> classified as: Qualitative Examples
[eBeECjacpw] figure_2.jpg -> classified as: Architecture Diagram
[eBeECjacpw] figure_S5.jpg -> classified as: Plots / Charts
[eBeECjacpw] figure_3.jpg -> classified as: Plots / Charts
[eBeECjacpw] figure_S7.jpg -> classified as: Qualitative Examples
[eBeECjacpw] figure_S4.jpg -> classified as: Plots / Charts
[eBeECjacpw] figure_4.jpg -> classified as: Qualitative Examples
[eBeECjacpw] figure_1.jpg -> classified as: Qualitative Examples
[eBeECjacpw] figure_S3.jpg -> classified as: Plots / Charts
[eBgIzHaegm] figure_5.jpg -> classified as: Qualitative Examples
[eBgIzHaegm] figure_6.jpg -> classified as: Qualitative Examples
[eBgIzHaegm] figure_9.jpg -> classified as: Qualitative Examples
[eBgIzHaegm] figure_2.jpg -> classified as: Architecture Diagram
[eBgIzHaegm] figure_7.jpg -> classified as: Qualitative Examples
[eBgIzHaegm] figure_3.jpg -> classified as: Architecture Diagram
[eBgIzHaegm] figure_4.jpg -> classified as: Plots / Charts
[eBgIzHaegm] figure_1.jpg -> classified as: Other
  -> Skipping second pass (Other)
[eBgIzHaegm] figure_8.jpg -> classified as: Plots / Charts
[eBgIzHaegm] figure_10.jpg -> classified as: Plots / Charts
[eC2ICbECNM] figure_5.jpg -> classified as: Qualitative Examples
[eC2ICbECNM] figure_6.jpg -> classified as: Qualitative Examples
[eC2ICbECNM] figure_9.jpg -> classified as: Qualitative Examples
[eC2ICbECNM] figure_2.jpg -> classified as: Architecture Diagram
[eC2ICbECNM] figure_7.jpg -> classified as: Qualitative Examples
[eC2ICbECNM] figure_3.jpg -> classified as: Qualitative Examples
[eC2ICbECNM] figure_4.jpg -> classified as: Qualitative Examples
[eC2ICbECNM] figure_1.jpg -> classified as: Plots / Charts
[eC2ICbECNM] figure_8.jpg -> classified as: Qualitative Examples
[eC2ICbECNM] figure_10.jpg -> classified as: Qualitative Examples
[eFoj2egr7G] figure_19.jpg -> classified as: Qualitative Examples
[eFoj2egr7G] figure_5.jpg -> classified as: Other
  -> Skipping second pass (Other)
[eFoj2egr7G] figure_18.jpg -> classified as: Qualitative Examples
[eFoj2egr7G] figure_13.jpg -> classified as: Qualitative Examples
[eFoj2egr7G] figure_15.jpg -> classified as: Plots / Charts
[eFoj2egr7G] figure_2.jpg -> classified as: Plots / Charts
[eFoj2egr7G] figure_20.jpg -> classified as: Qualitative Examples
[eFoj2egr7G] figure_11.jpg -> classified as: Qualitative Examples
[eFoj2egr7G] figure_3.jpg -> classified as: Plots / Charts
[eFoj2egr7G] figure_4.jpg -> classified as: Qualitative Examples
[eFoj2egr7G] figure_17.jpg -> classified as: Qualitative Examples
[eFoj2egr7G] figure_1.jpg -> classified as: Architecture Diagram
[eFoj2egr7G] figure_(c)_Probabilities_of.jpg -> classified as: Plots / Charts
[eFoj2egr7G] figure_8.jpg -> classified as: Plots / Charts
[eFoj2egr7G] figure_12.jpg -> classified as: Plots / Charts
[eFoj2egr7G] figure_14.jpg -> classified as: Plots / Charts
[eFoj2egr7G] figure_16.jpg -> classified as: Qualitative Examples
[eGqQyTAbXC] figure_5.jpg -> classified as: Plots / Charts
[eGqQyTAbXC] figure_2.jpg -> classified as: Qualitative Examples
[eGqQyTAbXC] figure_3.jpg -> classified as: Plots / Charts
[eGqQyTAbXC] figure_4.jpg -> classified as: Qualitative Examples
[eGqQyTAbXC] figure_1.jpg -> classified as: Qualitative Examples
[eIO1YcEdE6] figure_$t_=_5$.jpg -> classified as: Qualitative Examples
[eIO1YcEdE6] figure_6.jpg -> classified as: Plots / Charts
[eIO1YcEdE6] figure_$_mathbf_{_t.jpg -> classified as: Qualitative Examples
[eIO1YcEdE6] figure_2.jpg -> classified as: Qualitative Examples
[eIO1YcEdE6] figure_7.jpg -> classified as: Plots / Charts
[eIO1YcEdE6] figure_4.jpg -> classified as: Plots / Charts
[eIO1YcEdE6] figure_1.jpg -> classified as: Architecture Diagram
[eJFBMqCE4X] figure_2.jpg -> classified as: Architecture Diagram
[eJFBMqCE4X] figure_3.jpg -> classified as: Plots / Charts
[eJFBMqCE4X] figure_1.jpg -> classified as: Qualitative Examples
[eJFt8ZRQ9a] figure_5.jpg -> classified as: Plots / Charts
[eJFt8ZRQ9a] figure_6.jpg -> classified as: Qualitative Examples
[eJFt8ZRQ9a] figure_9.jpg -> classified as: Qualitative Examples
[eJFt8ZRQ9a] figure_18.jpg -> classified as: Other
  -> Skipping second pass (Other)
[eJFt8ZRQ9a] figure_13.jpg -> classified as: Qualitative Examples
[eJFt8ZRQ9a] figure_15.jpg -> classified as: Plots / Charts
[eJFt8ZRQ9a] figure_2.jpg -> classified as: Architecture Diagram
[eJFt8ZRQ9a] figure_11.jpg -> classified as: Qualitative Examples
[eJFt8ZRQ9a] figure_7.jpg -> classified as: Qualitative Examples
[eJFt8ZRQ9a] figure_3.jpg -> classified as: Qualitative Examples
[eJFt8ZRQ9a] figure_4.jpg -> classified as: Qualitative Examples
[eJFt8ZRQ9a] figure_17.jpg -> classified as: Qualitative Examples
[eJFt8ZRQ9a] figure_1.jpg -> classified as: Qualitative Examples
[eJFt8ZRQ9a] figure_8.jpg -> classified as: Qualitative Examples
[eJFt8ZRQ9a] figure_12.jpg -> classified as: Qualitative Examples
[eJFt8ZRQ9a] figure_14.jpg -> classified as: Qualitative Examples
[eJFt8ZRQ9a] figure_16.jpg -> classified as: Qualitative Examples
[eNjXcP6C0H] figure_5.jpg -> classified as: Plots / Charts
[eNjXcP6C0H] figure_6.jpg -> classified as: Plots / Charts
[eNjXcP6C0H] figure_9.jpg -> classified as: Plots / Charts
[eNjXcP6C0H] figure_15.jpg -> classified as: Plots / Charts
[eNjXcP6C0H] figure_2.jpg -> classified as: Plots / Charts
[eNjXcP6C0H] figure_11.jpg -> classified as: Plots / Charts
[eNjXcP6C0H] figure_7.jpg -> classified as: Qualitative Examples
[eNjXcP6C0H] figure_3.jpg -> classified as: Plots / Charts
[eNjXcP6C0H] figure_4.jpg -> classified as: Plots / Charts
[eNjXcP6C0H] figure_8.jpg -> classified as: Plots / Charts
[eNjXcP6C0H] figure_12.jpg -> classified as: Plots / Charts
[eNjXcP6C0H] figure_14.jpg -> classified as: Plots / Charts
[eNjXcP6C0H] figure_10.jpg -> classified as: Plots / Charts
[ePEZvQNFDW] figure_5.jpg -> classified as: Plots / Charts
[ePEZvQNFDW] figure_6.jpg -> classified as: Architecture Diagram
[ePEZvQNFDW] figure_9.jpg -> classified as: Plots / Charts
[ePEZvQNFDW] figure_13.jpg -> classified as: Qualitative Examples
[ePEZvQNFDW] figure_15.jpg -> classified as: Qualitative Examples
[ePEZvQNFDW] figure_7.jpg -> classified as: Architecture Diagram
[ePEZvQNFDW] figure_3.jpg -> classified as: Qualitative Examples
[ePEZvQNFDW] figure_4.jpg -> classified as: Plots / Charts
[ePEZvQNFDW] figure_17.jpg -> classified as: Qualitative Examples
[ePEZvQNFDW] figure_1.jpg -> classified as: Plots / Charts
[ePEZvQNFDW] figure_8.jpg -> classified as: Plots / Charts
[ePEZvQNFDW] figure_12.jpg -> classified as: Qualitative Examples
[ePEZvQNFDW] figure_14.jpg -> classified as: Qualitative Examples
[ePEZvQNFDW] figure_16.jpg -> classified as: Qualitative Examples
[ePEZvQNFDW] figure_10.jpg -> classified as: Plots / Charts
[ePOjNlOjLC] figure_5.jpg -> classified as: Plots / Charts
[ePOjNlOjLC] figure_6.jpg -> classified as: Qualitative Examples
[ePOjNlOjLC] figure_9.jpg -> classified as: Qualitative Examples
[ePOjNlOjLC] figure_18.jpg -> classified as: Plots / Charts
[ePOjNlOjLC] figure_13.jpg -> classified as: Qualitative Examples
[ePOjNlOjLC] figure_15.jpg -> classified as: Qualitative Examples
[ePOjNlOjLC] figure_2.jpg -> classified as: Plots / Charts
[ePOjNlOjLC] figure_11.jpg -> classified as: Qualitative Examples
[ePOjNlOjLC] figure_7.jpg -> classified as: Qualitative Examples
[ePOjNlOjLC] figure_3.jpg -> classified as: Architecture Diagram
[ePOjNlOjLC] figure_4.jpg -> classified as: Qualitative Examples
[ePOjNlOjLC] figure_17.jpg -> classified as: Plots / Charts
[ePOjNlOjLC] figure_1.jpg -> classified as: Qualitative Examples
[ePOjNlOjLC] figure_8.jpg -> classified as: Qualitative Examples
[ePOjNlOjLC] figure_12.jpg -> classified as: Qualitative Examples
[ePOjNlOjLC] figure_14.jpg -> classified as: Qualitative Examples
[ePOjNlOjLC] figure_16.jpg -> classified as: Plots / Charts
[ePOjNlOjLC] figure_10.jpg -> classified as: Qualitative Examples
[eVpjeCNsR6] figure_24.jpg -> classified as: Qualitative Examples
[eVpjeCNsR6] figure_5.jpg -> classified as: Qualitative Examples
[eVpjeCNsR6] figure_6.jpg -> classified as: Plots / Charts
[eVpjeCNsR6] figure_22.jpg -> classified as: Qualitative Examples
[eVpjeCNsR6] figure_13.jpg -> classified as: Qualitative Examples
[eVpjeCNsR6] figure_15.jpg -> classified as: Qualitative Examples
[eVpjeCNsR6] figure_2.jpg -> classified as: Qualitative Examples
[eVpjeCNsR6] figure_20.jpg -> classified as: Qualitative Examples
[eVpjeCNsR6] figure_11.jpg -> classified as: Qualitative Examples
[eVpjeCNsR6] figure_7.jpg -> classified as: Qualitative Examples
[eVpjeCNsR6] figure_3.jpg -> classified as: Plots / Charts
[eVpjeCNsR6] figure_4.jpg -> classified as: Qualitative Examples
[eVpjeCNsR6] figure_1.jpg -> classified as: Plots / Charts
[eVpjeCNsR6] figure_8.jpg -> classified as: Qualitative Examples
[eVpjeCNsR6] figure_12.jpg -> classified as: Qualitative Examples
[eVpjeCNsR6] figure_21.jpg -> classified as: Qualitative Examples
[eVpjeCNsR6] figure_14.jpg -> classified as: Qualitative Examples
[eVpjeCNsR6] figure_16.jpg -> classified as: Qualitative Examples
[eVpjeCNsR6] figure_10.jpg -> classified as: Qualitative Examples
[eWocmTQn7H] figure_5.jpg -> classified as: Plots / Charts
[eWocmTQn7H] figure_6.jpg -> classified as: Architecture Diagram
[eWocmTQn7H] figure_2.jpg -> classified as: Architecture Diagram
[eWocmTQn7H] figure_7.jpg -> classified as: Plots / Charts
[eWocmTQn7H] figure_3.jpg -> classified as: Architecture Diagram
[eWocmTQn7H] figure_4.jpg -> classified as: Plots / Charts
[eWocmTQn7H] figure_1.jpg -> classified as: Plots / Charts
[eXB5TCrAu9] figure_5.jpg -> classified as: Plots / Charts
[eXB5TCrAu9] figure_6.jpg -> classified as: Plots / Charts
[eXB5TCrAu9] figure_9.jpg -> classified as: Plots / Charts
[eXB5TCrAu9] figure_2.jpg -> classified as: Plots / Charts
[eXB5TCrAu9] figure_7.jpg -> classified as: Architecture Diagram
[eXB5TCrAu9] figure_3.jpg -> classified as: Plots / Charts
[eXB5TCrAu9] figure_4.jpg -> classified as: Plots / Charts
[eXB5TCrAu9] figure_1.jpg -> classified as: Qualitative Examples
[eXB5TCrAu9] figure_8.jpg -> classified as: Plots / Charts
[eajZpoQkGK] figure_6.jpg -> classified as: Qualitative Examples
[eajZpoQkGK] figure_9.jpg -> classified as: Qualitative Examples
[eajZpoQkGK] figure_13.jpg -> classified as: Qualitative Examples
[eajZpoQkGK] figure_2.jpg -> classified as: Architecture Diagram
[eajZpoQkGK] figure_11.jpg -> classified as: Qualitative Examples
[eajZpoQkGK] figure_7.jpg -> classified as: Qualitative Examples
[eajZpoQkGK] figure_3.jpg -> classified as: Qualitative Examples
[eajZpoQkGK] figure_4.jpg -> classified as: Qualitative Examples
[eajZpoQkGK] figure_1.jpg -> classified as: Architecture Diagram
[eajZpoQkGK] figure_8.jpg -> classified as: Qualitative Examples
[eajZpoQkGK] figure_12.jpg -> classified as: Qualitative Examples
[eajZpoQkGK] figure_14.jpg -> classified as: Qualitative Examples
[eajZpoQkGK] figure_10.jpg -> classified as: Qualitative Examples
[ee2c4MEx9l] figure_5.jpg -> classified as: Qualitative Examples
[ee2c4MEx9l] figure_6.jpg -> classified as: Qualitative Examples
[ee2c4MEx9l] figure_9.jpg -> classified as: Qualitative Examples
[ee2c4MEx9l] figure_18.jpg -> classified as: Qualitative Examples
[ee2c4MEx9l] figure_13.jpg -> classified as: Qualitative Examples
[ee2c4MEx9l] figure_15.jpg -> classified as: Qualitative Examples
[ee2c4MEx9l] figure_2.jpg -> classified as: Architecture Diagram
[ee2c4MEx9l] figure_11.jpg -> classified as: Qualitative Examples
[ee2c4MEx9l] figure_7.jpg -> classified as: Qualitative Examples
[ee2c4MEx9l] figure_3.jpg -> classified as: Other
  -> Skipping second pass (Other)
[ee2c4MEx9l] figure_4.jpg -> classified as: Architecture Diagram
[ee2c4MEx9l] figure_17.jpg -> classified as: Qualitative Examples
[ee2c4MEx9l] figure_1.jpg -> classified as: Architecture Diagram
[ee2c4MEx9l] figure_12.jpg -> classified as: Qualitative Examples
[ee2c4MEx9l] figure_14.jpg -> classified as: Qualitative Examples
[ee2c4MEx9l] figure_16.jpg -> classified as: Qualitative Examples
[ee2c4MEx9l] figure_10.jpg -> classified as: Qualitative Examples
[eePww5u7J3] figure_5.jpg -> classified as: Plots / Charts
[eePww5u7J3] figure_6.jpg -> classified as: Qualitative Examples
[eePww5u7J3] figure_9.jpg -> classified as: Qualitative Examples
[eePww5u7J3] figure_2.jpg -> classified as: Architecture Diagram
[eePww5u7J3] figure_11.jpg -> classified as: Qualitative Examples
[eePww5u7J3] figure_7.jpg -> classified as: Plots / Charts
[eePww5u7J3] figure_3.jpg -> classified as: Plots / Charts
[eePww5u7J3] figure_4.jpg -> classified as: Plots / Charts
[eePww5u7J3] figure_1.jpg -> classified as: Plots / Charts
[eePww5u7J3] figure_8.jpg -> classified as: Plots / Charts
[eePww5u7J3] figure_10.jpg -> classified as: Qualitative Examples
[eepoE7iLpL] figure_2.jpg -> classified as: Plots / Charts
[eepoE7iLpL] figure_3.jpg -> classified as: Qualitative Examples
[eepoE7iLpL] figure_4.jpg -> classified as: Plots / Charts
[eepoE7iLpL] figure_1.jpg -> classified as: Architecture Diagram
[ef3tbYHIVn] figure_2.jpg -> classified as: Plots / Charts
[ef3tbYHIVn] figure_1.jpg -> classified as: Architecture Diagram
[eghAocvqBk] figure_5.jpg -> classified as: Other
  -> Skipping second pass (Other)
[eghAocvqBk] figure_6.jpg -> classified as: Qualitative Examples
[eghAocvqBk] figure_2.jpg -> classified as: Qualitative Examples
[eghAocvqBk] figure_7.jpg -> classified as: Qualitative Examples
[eghAocvqBk] figure_3.jpg -> classified as: Qualitative Examples
[eghAocvqBk] figure_4.jpg -> classified as: Plots / Charts
[eghAocvqBk] figure_1.jpg -> classified as: Qualitative Examples
[eghAocvqBk] figure_8.jpg -> classified as: Qualitative Examples
[ejVuTFFkl6] figure_5.jpg -> classified as: Qualitative Examples
[ejVuTFFkl6] figure_6.jpg -> classified as: Plots / Charts
[ejVuTFFkl6] figure_2.jpg -> classified as: Qualitative Examples
[ejVuTFFkl6] figure_(b)_Classification_accuracy.jpg -> classified as: Plots / Charts
[ejVuTFFkl6] figure_7.jpg -> classified as: Qualitative Examples
[ejVuTFFkl6] figure_4.jpg -> classified as: Plots / Charts
[ejVuTFFkl6] figure_1.jpg -> classified as: Architecture Diagram
[ekz1hN5QNh] figure_5.jpg -> classified as: Qualitative Examples
[ekz1hN5QNh] figure_6.jpg -> classified as: Plots / Charts
[ekz1hN5QNh] figure_2.jpg -> classified as: Other
  -> Skipping second pass (Other)
[ekz1hN5QNh] figure_7.jpg -> classified as: Plots / Charts
[ekz1hN5QNh] figure_3.jpg -> classified as: Plots / Charts
[ekz1hN5QNh] figure_1.jpg -> classified as: Architecture Diagram
[elMKXvhhQ9] figure_5.jpg -> classified as: Plots / Charts
[elMKXvhhQ9] figure_6.jpg -> classified as: Plots / Charts
[elMKXvhhQ9] figure_9.jpg -> classified as: Plots / Charts
[elMKXvhhQ9] figure_13.jpg -> classified as: Plots / Charts
[elMKXvhhQ9] figure_15.jpg -> classified as: Plots / Charts
[elMKXvhhQ9] figure_2.jpg -> classified as: Architecture Diagram
[elMKXvhhQ9] figure_11.jpg -> classified as: Plots / Charts
[elMKXvhhQ9] figure_7.jpg -> classified as: Plots / Charts
[elMKXvhhQ9] figure_3.jpg -> classified as: Plots / Charts
[elMKXvhhQ9] figure_4.jpg -> classified as: Plots / Charts
[elMKXvhhQ9] figure_1.jpg -> classified as: Other
  -> Skipping second pass (Other)
[elMKXvhhQ9] figure_8.jpg -> classified as: Plots / Charts
[elMKXvhhQ9] figure_12.jpg -> classified as: Plots / Charts
[elMKXvhhQ9] figure_14.jpg -> classified as: Plots / Charts
[elMKXvhhQ9] figure_10.jpg -> classified as: Plots / Charts
[eluQFbNeuH] figure_2.jpg -> classified as: Plots / Charts
[eluQFbNeuH] figure_3.jpg -> classified as: Plots / Charts
[eluQFbNeuH] figure_4.jpg -> classified as: Plots / Charts
[eluQFbNeuH] figure_1.jpg -> classified as: Architecture Diagram
[emMMa4q0qw] figure_D_2.jpg -> classified as: Plots / Charts
[emMMa4q0qw] figure_C_5.jpg -> classified as: Plots / Charts
[emMMa4q0qw] figure_D_5.jpg -> classified as: Plots / Charts
[emMMa4q0qw] figure_E_2.jpg -> classified as: Plots / Charts
[emMMa4q0qw] figure_E_1.jpg -> classified as: Plots / Charts
[emMMa4q0qw] figure_D_3.jpg -> classified as: Plots / Charts
[emMMa4q0qw] figure_2.jpg -> classified as: Plots / Charts
[emMMa4q0qw] figure_C_1.jpg -> classified as: Plots / Charts
[emMMa4q0qw] figure_C_4.jpg -> classified as: Plots / Charts
[emMMa4q0qw] figure_C_2.jpg -> classified as: Plots / Charts
[emMMa4q0qw] figure_E.jpg -> classified as: Plots / Charts
[emMMa4q0qw] figure_C_3.jpg -> classified as: Plots / Charts
[emMMa4q0qw] figure_3.jpg -> classified as: Plots / Charts
[emMMa4q0qw] figure_D.jpg -> classified as: Plots / Charts
[emMMa4q0qw] figure_4.jpg -> classified as: Plots / Charts
[emMMa4q0qw] figure_D_1.jpg -> classified as: Plots / Charts
[emMMa4q0qw] figure_C.jpg -> classified as: Plots / Charts
[emMMa4q0qw] figure_1.jpg -> classified as: Other
  -> Skipping second pass (Other)
[emMMa4q0qw] figure_D_4.jpg -> classified as: Plots / Charts
[emMMa4q0qw] figure_C_6.jpg -> classified as: Plots / Charts
[epZV1nykll] figure_5.jpg -> classified as: Plots / Charts
[epZV1nykll] figure_6.jpg -> classified as: Plots / Charts
[epZV1nykll] figure_2.jpg -> classified as: Plots / Charts
[epZV1nykll] figure_7.jpg -> classified as: Plots / Charts
[epZV1nykll] figure_3.jpg -> classified as: Plots / Charts
[epZV1nykll] figure_4.jpg -> classified as: Qualitative Examples
[epZV1nykll] figure_1.jpg -> classified as: Qualitative Examples
[er7VhmqZEA] figure_1.jpg -> classified as: Architecture Diagram
[erWwBoR59l] figure_19.jpg -> classified as: Qualitative Examples
[erWwBoR59l] figure_23.jpg -> classified as: Qualitative Examples
[erWwBoR59l] figure_24.jpg -> classified as: Qualitative Examples
[erWwBoR59l] figure_5.jpg -> classified as: Qualitative Examples
[erWwBoR59l] figure_6.jpg -> classified as: Qualitative Examples
[erWwBoR59l] figure_9.jpg -> classified as: Plots / Charts
[erWwBoR59l] figure_22.jpg -> classified as: Qualitative Examples
[erWwBoR59l] figure_18.jpg -> classified as: Qualitative Examples
[erWwBoR59l] figure_13.jpg -> classified as: Qualitative Examples
[erWwBoR59l] figure_15.jpg -> classified as: Qualitative Examples
[erWwBoR59l] figure_2.jpg -> classified as: Qualitative Examples
[erWwBoR59l] figure_20.jpg -> classified as: Qualitative Examples
[erWwBoR59l] figure_11.jpg -> classified as: Qualitative Examples
[erWwBoR59l] figure_7.jpg -> classified as: Qualitative Examples
[erWwBoR59l] figure_3.jpg -> classified as: Architecture Diagram
[erWwBoR59l] figure_4.jpg -> classified as: Qualitative Examples
[erWwBoR59l] figure_17.jpg -> classified as: Qualitative Examples
[erWwBoR59l] figure_1.jpg -> classified as: Qualitative Examples
[erWwBoR59l] figure_8.jpg -> classified as: Plots / Charts
[erWwBoR59l] figure_12.jpg -> classified as: Qualitative Examples
[erWwBoR59l] figure_25.jpg -> classified as: Qualitative Examples
[erWwBoR59l] figure_21.jpg -> classified as: Qualitative Examples
[erWwBoR59l] figure_14.jpg -> classified as: Plots / Charts
[erWwBoR59l] figure_16.jpg -> classified as: Qualitative Examples
[erWwBoR59l] figure_10.jpg -> classified as: Qualitative Examples
[esYrEndGsr] figure_19.jpg -> classified as: Plots / Charts
[esYrEndGsr] figure_5.jpg -> classified as: Plots / Charts
[esYrEndGsr] figure_6.jpg -> classified as: Plots / Charts
[esYrEndGsr] figure_9.jpg -> classified as: Plots / Charts
[esYrEndGsr] figure_22.jpg -> classified as: Plots / Charts
[esYrEndGsr] figure_18.jpg -> classified as: Plots / Charts
[esYrEndGsr] figure_13.jpg -> classified as: Plots / Charts
[esYrEndGsr] figure_15.jpg -> classified as: Plots / Charts
[esYrEndGsr] figure_2.jpg -> classified as: Plots / Charts
[esYrEndGsr] figure_20.jpg -> classified as: Plots / Charts
[esYrEndGsr] figure_11.jpg -> classified as: Plots / Charts
[esYrEndGsr] figure_7.jpg -> classified as: Plots / Charts
[esYrEndGsr] figure_3.jpg -> classified as: Plots / Charts
[esYrEndGsr] figure_4.jpg -> classified as: Plots / Charts
[esYrEndGsr] figure_(a)_Correlations_in.jpg -> classified as: Plots / Charts
[esYrEndGsr] figure_17.jpg -> classified as: Plots / Charts
[esYrEndGsr] figure_1.jpg -> classified as: Qualitative Examples
[esYrEndGsr] figure_8.jpg -> classified as: Plots / Charts
[esYrEndGsr] figure_12.jpg -> classified as: Plots / Charts
[esYrEndGsr] figure_21.jpg -> classified as: Plots / Charts
[esYrEndGsr] figure_14.jpg -> classified as: Plots / Charts
[esYrEndGsr] figure_16.jpg -> classified as: Plots / Charts
[esYrEndGsr] figure_10.jpg -> classified as: Plots / Charts
[esjkcic7Oh] figure_2.jpg -> classified as: Plots / Charts
[esjkcic7Oh] figure_3.jpg -> classified as: Plots / Charts
[esjkcic7Oh] figure_4.jpg -> classified as: Qualitative Examples
[esjkcic7Oh] figure_1.jpg -> classified as: Architecture Diagram
[etif9j1CnG] figure_30.jpg -> classified as: Other
  -> Skipping second pass (Other)
[etif9j1CnG] figure_19.jpg -> classified as: Qualitative Examples
[etif9j1CnG] figure_23.jpg -> classified as: Qualitative Examples
[etif9j1CnG] figure_29.jpg -> classified as: Qualitative Examples
[etif9j1CnG] figure_24.jpg -> classified as: Qualitative Examples
[etif9j1CnG] figure_5.jpg -> classified as: Qualitative Examples
[etif9j1CnG] figure_6.jpg -> classified as: Plots / Charts
[etif9j1CnG] figure_9.jpg -> classified as: Plots / Charts
[etif9j1CnG] figure_22.jpg -> classified as: Qualitative Examples
[etif9j1CnG] figure_28.jpg -> classified as: Qualitative Examples
[etif9j1CnG] figure_18.jpg -> classified as: Qualitative Examples
[etif9j1CnG] figure_13.jpg -> classified as: Plots / Charts
[etif9j1CnG] figure_15.jpg -> classified as: Plots / Charts
[etif9j1CnG] figure_2.jpg -> classified as: Plots / Charts
[etif9j1CnG] figure_Low_local_rank,.jpg -> classified as: Qualitative Examples
[etif9j1CnG] figure_11.jpg -> classified as: Plots / Charts
[etif9j1CnG] figure_7.jpg -> classified as: Plots / Charts
[etif9j1CnG] figure_3.jpg -> classified as: Plots / Charts
[etif9j1CnG] figure_4.jpg -> classified as: Plots / Charts
[etif9j1CnG] figure_31.jpg -> classified as: Plots / Charts
[etif9j1CnG] figure_17.jpg -> classified as: Qualitative Examples
[etif9j1CnG] figure_1.jpg -> classified as: Qualitative Examples
[etif9j1CnG] figure_27.jpg -> classified as: Qualitative Examples
[etif9j1CnG] figure_8.jpg -> classified as: Plots / Charts
[etif9j1CnG] figure_25.jpg -> classified as: Other
  -> Skipping second pass (Other)
[etif9j1CnG] figure_21.jpg -> classified as: Plots / Charts
[etif9j1CnG] figure_26.jpg -> classified as: Other
  -> Skipping second pass (Other)
[etif9j1CnG] figure_14.jpg -> classified as: Plots / Charts
[etif9j1CnG] figure_32.jpg -> classified as: Qualitative Examples
[etif9j1CnG] figure_16.jpg -> classified as: Plots / Charts
[etif9j1CnG] figure_10.jpg -> classified as: Qualitative Examples
[ewIfVxCzbo] figure_3.jpg -> classified as: Plots / Charts
[ewIfVxCzbo] figure_1.jpg -> classified as: Architecture Diagram
[exKHibougU] figure_5.jpg -> classified as: Qualitative Examples
[exKHibougU] figure_6.jpg -> classified as: Architecture Diagram
[exKHibougU] figure_9.jpg -> classified as: Qualitative Examples
[exKHibougU] figure_2.jpg -> classified as: Architecture Diagram
[exKHibougU] figure_11.jpg -> classified as: Qualitative Examples
[exKHibougU] figure_7.jpg -> classified as: Qualitative Examples
[exKHibougU] figure_3.jpg -> classified as: Qualitative Examples
[exKHibougU] figure_4.jpg -> classified as: Qualitative Examples
[exKHibougU] figure_1.jpg -> classified as: Qualitative Examples
[exKHibougU] figure_8.jpg -> classified as: Qualitative Examples
[exKHibougU] figure_10.jpg -> classified as: Qualitative Examples
[extpNXo6hB] figure_Space_Explorer's_Exosuit,.jpg -> classified as: Qualitative Examples
[extpNXo6hB] figure_Ancient_Mayan_Calendar,.jpg -> classified as: Qualitative Examples
[extpNXo6hB] figure_5.jpg -> classified as: Qualitative Examples
[extpNXo6hB] figure_Albert_Einstein_with.jpg -> classified as: Qualitative Examples
[extpNXo6hB] figure_6.jpg -> classified as: Qualitative Examples
[extpNXo6hB] figure_9.jpg -> classified as: Qualitative Examples
[extpNXo6hB] figure_13.jpg -> classified as: Qualitative Examples
[extpNXo6hB] figure_icture_of_the.jpg -> classified as: Qualitative Examples
[extpNXo6hB] figure_A_3D_model_1.jpg -> classified as: Qualitative Examples
[extpNXo6hB] figure_15.jpg -> classified as: Qualitative Examples
[extpNXo6hB] figure_A_3D_model_2.jpg -> classified as: Qualitative Examples
[extpNXo6hB] figure_2.jpg -> classified as: Architecture Diagram
[extpNXo6hB] figure_A_3D_model.jpg -> classified as: Qualitative Examples
[extpNXo6hB] figure_11.jpg -> classified as: Qualitative Examples
[extpNXo6hB] figure_7.jpg -> classified as: Qualitative Examples
[extpNXo6hB] figure_A_charming_chibi-style.jpg -> classified as: Qualitative Examples
[extpNXo6hB] figure_Photorealistic_full-body_representation.jpg -> classified as: Qualitative Examples
[extpNXo6hB] figure_3.jpg -> classified as: Architecture Diagram
[extpNXo6hB] figure_Aerial_view_of.jpg -> classified as: Qualitative Examples
[extpNXo6hB] figure_4.jpg -> classified as: Qualitative Examples
[extpNXo6hB] figure_A_delicious_chocolate.jpg -> classified as: Qualitative Examples
[extpNXo6hB] figure_1.jpg -> classified as: Qualitative Examples
[extpNXo6hB] figure_Mystical_Elven_Bow,.jpg -> classified as: Qualitative Examples
[extpNXo6hB] figure_8.jpg -> classified as: Qualitative Examples
[extpNXo6hB] figure_12.jpg -> classified as: Qualitative Examples
[extpNXo6hB] figure_Steampunk_Clockwork_Dragon,.jpg -> classified as: Qualitative Examples
[extpNXo6hB] figure_14.jpg -> classified as: Qualitative Examples
[extpNXo6hB] figure_10.jpg -> classified as: Qualitative Examples
[ezBH9WE9s2] figure_Oil_painting_of.jpg -> classified as: Qualitative Examples
[ezBH9WE9s2] figure_5.jpg -> classified as: Qualitative Examples
[ezBH9WE9s2] figure_6.jpg -> classified as: Qualitative Examples
[ezBH9WE9s2] figure_9.jpg -> classified as: Other
  -> Skipping second pass (Other)
[ezBH9WE9s2] figure_13.jpg -> classified as: Qualitative Examples
[ezBH9WE9s2] figure_2.jpg -> classified as: Architecture Diagram
[ezBH9WE9s2] figure_11.jpg -> classified as: Qualitative Examples
[ezBH9WE9s2] figure_7.jpg -> classified as: Qualitative Examples
[ezBH9WE9s2] figure_3.jpg -> classified as: Qualitative Examples
[ezBH9WE9s2] figure_4.jpg -> classified as: Qualitative Examples
[ezBH9WE9s2] figure_A_nice_traditional.jpg -> classified as: Qualitative Examples
[ezBH9WE9s2] figure_1.jpg -> classified as: Qualitative Examples
[ezBH9WE9s2] figure_12.jpg -> classified as: Qualitative Examples
[ezBH9WE9s2] figure_10.jpg -> classified as: Qualitative Examples
[ezPbPoYFME] figure_5.jpg -> classified as: Plots / Charts
[ezPbPoYFME] figure_6.jpg -> classified as: Plots / Charts
[ezPbPoYFME] figure_2.jpg -> classified as: Plots / Charts
[ezPbPoYFME] figure_3.jpg -> classified as: Architecture Diagram
[ezPbPoYFME] figure_4.jpg -> classified as: Architecture Diagram
[ezPbPoYFME] figure_1.jpg -> classified as: Architecture Diagram
[f5kwV2rdce] figure_5.jpg -> classified as: Qualitative Examples
[f5kwV2rdce] figure_6.jpg -> classified as: Qualitative Examples
[f5kwV2rdce] figure_9.jpg -> classified as: Qualitative Examples
[f5kwV2rdce] figure_2.jpg -> classified as: Architecture Diagram
[f5kwV2rdce] figure_11.jpg -> classified as: Qualitative Examples
[f5kwV2rdce] figure_7.jpg -> classified as: Qualitative Examples
[f5kwV2rdce] figure_3.jpg -> classified as: Qualitative Examples
[f5kwV2rdce] figure_4.jpg -> classified as: Qualitative Examples
[f5kwV2rdce] figure_1.jpg -> classified as: Other
  -> Skipping second pass (Other)
[f5kwV2rdce] figure_8.jpg -> classified as: Qualitative Examples
[f5kwV2rdce] figure_12.jpg -> classified as: Qualitative Examples
[f5kwV2rdce] figure_10.jpg -> classified as: Qualitative Examples
[f65RuQgVlp] figure_5.jpg -> classified as: Qualitative Examples
[f65RuQgVlp] figure_2.jpg -> classified as: Plots / Charts
[f65RuQgVlp] figure_3.jpg -> classified as: Plots / Charts
[f65RuQgVlp] figure_1.jpg -> classified as: Architecture Diagram
[f6BIRu23ow] figure_5.jpg -> classified as: Plots / Charts
[f6BIRu23ow] figure_6.jpg -> classified as: Qualitative Examples
[f6BIRu23ow] figure_9.jpg -> classified as: Plots / Charts
[f6BIRu23ow] figure_2.jpg -> classified as: Qualitative Examples
[f6BIRu23ow] figure_11.jpg -> classified as: Qualitative Examples
[f6BIRu23ow] figure_7.jpg -> classified as: Plots / Charts
[f6BIRu23ow] figure_3.jpg -> classified as: Qualitative Examples
[f6BIRu23ow] figure_4.jpg -> classified as: Architecture Diagram
[f6BIRu23ow] figure_1.jpg -> classified as: Qualitative Examples
[f6BIRu23ow] figure_8.jpg -> classified as: Plots / Charts
[f6BIRu23ow] figure_12.jpg -> classified as: Plots / Charts
[f6BIRu23ow] figure_10.jpg -> classified as: Plots / Charts
[f6KkyweyYh] figure_19.jpg -> classified as: Plots / Charts
[f6KkyweyYh] figure_5.jpg -> classified as: Plots / Charts
[f6KkyweyYh] figure_6.jpg -> classified as: Architecture Diagram
[f6KkyweyYh] figure_9.jpg -> classified as: Plots / Charts
[f6KkyweyYh] figure_18.jpg -> classified as: Plots / Charts
[f6KkyweyYh] figure_13.jpg -> classified as: Plots / Charts
[f6KkyweyYh] figure_15.jpg -> classified as: Plots / Charts
[f6KkyweyYh] figure_2.jpg -> classified as: Plots / Charts
[f6KkyweyYh] figure_20.jpg -> classified as: Plots / Charts
[f6KkyweyYh] figure_11.jpg -> classified as: Architecture Diagram
[f6KkyweyYh] figure_7.jpg -> classified as: Qualitative Examples
[f6KkyweyYh] figure_3.jpg -> classified as: Plots / Charts
[f6KkyweyYh] figure_4.jpg -> classified as: Other
  -> Skipping second pass (Other)
[f6KkyweyYh] figure_17.jpg -> classified as: Plots / Charts
[f6KkyweyYh] figure_1.jpg -> classified as: Architecture Diagram
[f6KkyweyYh] figure_8.jpg -> classified as: Plots / Charts
[f6KkyweyYh] figure_12.jpg -> classified as: Plots / Charts
[f6KkyweyYh] figure_21.jpg -> classified as: Plots / Charts
[f6KkyweyYh] figure_14.jpg -> classified as: Plots / Charts
[f6KkyweyYh] figure_16.jpg -> classified as: Plots / Charts
[f6KkyweyYh] figure_10.jpg -> classified as: Plots / Charts
[f7WBRSuf9l] figure_Rejected__A_man.jpg -> classified as: Other
  -> Skipping second pass (Other)
[f7WBRSuf9l] figure_9.jpg -> classified as: Qualitative Examples
[f7WBRSuf9l] figure_2.jpg -> classified as: Qualitative Examples
[f7WBRSuf9l] figure_11.jpg -> classified as: Qualitative Examples
[f7WBRSuf9l] figure_7.jpg -> classified as: Qualitative Examples
[f7WBRSuf9l] figure_3.jpg -> classified as: Architecture Diagram
[f7WBRSuf9l] figure_unnamed_figure.jpg -> classified as: Teaser Image
[f7WBRSuf9l] figure_4.jpg -> classified as: Plots / Charts
[f7WBRSuf9l] figure_1.jpg -> classified as: Other
  -> Skipping second pass (Other)
[f7WBRSuf9l] figure_8.jpg -> classified as: Qualitative Examples
[f7WBRSuf9l] figure_10.jpg -> classified as: Plots / Charts
[f7Zq9CqQEM] figure_5.jpg -> classified as: Plots / Charts
[f7Zq9CqQEM] figure_6.jpg -> classified as: Qualitative Examples
[f7Zq9CqQEM] figure_9.jpg -> classified as: Qualitative Examples
[f7Zq9CqQEM] figure_2.jpg -> classified as: Architecture Diagram
[f7Zq9CqQEM] figure_7.jpg -> classified as: Qualitative Examples
[f7Zq9CqQEM] figure_3.jpg -> classified as: Qualitative Examples
[f7Zq9CqQEM] figure_“A_ceramic_upside.jpg -> classified as: Qualitative Examples
[f7Zq9CqQEM] figure_4.jpg -> classified as: Qualitative Examples
[f7Zq9CqQEM] figure_1.jpg -> classified as: Qualitative Examples
[f7Zq9CqQEM] figure__A_brightly_colored.jpg -> classified as: Qualitative Examples
[f7Zq9CqQEM] figure_8.jpg -> classified as: Plots / Charts
[f7Zq9CqQEM] figure_10.jpg -> classified as: Qualitative Examples
[f8S3aLm0Vp] figure_Fig._2__Visualizations.jpg -> classified as: Plots / Charts
[f8S3aLm0Vp] figure_Fig._1__Generated.jpg -> classified as: Qualitative Examples
[f8S3aLm0Vp] figure_Fig._5__Visualizations.jpg -> classified as: Qualitative Examples
[f8S3aLm0Vp] figure_Fig._6__Visualizations.jpg -> classified as: Qualitative Examples
[f92M45YRfh] figure_5.jpg -> classified as: Qualitative Examples
[f92M45YRfh] figure_6.jpg -> classified as: Qualitative Examples
[f92M45YRfh] figure_9.jpg -> classified as: Qualitative Examples
[f92M45YRfh] figure_13.jpg -> classified as: Qualitative Examples
[f92M45YRfh] figure_15.jpg -> classified as: Qualitative Examples
[f92M45YRfh] figure_2.jpg -> classified as: Architecture Diagram
[f92M45YRfh] figure_11.jpg -> classified as: Qualitative Examples
[f92M45YRfh] figure_7.jpg -> classified as: Qualitative Examples
[f92M45YRfh] figure_3.jpg -> classified as: Architecture Diagram
[f92M45YRfh] figure_4.jpg -> classified as: Qualitative Examples
[f92M45YRfh] figure_17.jpg -> classified as: Qualitative Examples
[f92M45YRfh] figure_1.jpg -> classified as: Qualitative Examples
[f92M45YRfh] figure_8.jpg -> classified as: Qualitative Examples
[f92M45YRfh] figure_12.jpg -> classified as: Qualitative Examples
[f92M45YRfh] figure_14.jpg -> classified as: Qualitative Examples
[f92M45YRfh] figure_16.jpg -> classified as: Qualitative Examples
[f92M45YRfh] figure_10.jpg -> classified as: Qualitative Examples
[fB1iiH9xo7] figure_2.jpg -> classified as: Architecture Diagram
[fB1iiH9xo7] figure_3.jpg -> classified as: Qualitative Examples
[fB1iiH9xo7] figure_4.jpg -> classified as: Qualitative Examples
[fB1iiH9xo7] figure_1.jpg -> classified as: Qualitative Examples
[fCcSt2T4e4] figure_2.jpg -> classified as: Qualitative Examples
[fCcSt2T4e4] figure_3.jpg -> classified as: Qualitative Examples
[fCcSt2T4e4] figure_1.jpg -> classified as: Architecture Diagram
[fCi4o83Mfs] figure_https___www.youtube.com_watch_v=bxhdxLerP9Q.jpg -> classified as: Qualitative Examples
[fCi4o83Mfs] figure_https___www.youtube.com_watch_v_$=$_CP5k2gRabvc.jpg -> classified as: Other
  -> Skipping second pass (Other)
[fCi4o83Mfs] figure_5.jpg -> classified as: Plots / Charts
[fCi4o83Mfs] figure_6.jpg -> classified as: Plots / Charts
[fCi4o83Mfs] figure_https___www.youtube.com_watch_v=-Rtd4ZyKZy0.jpg -> classified as: Qualitative Examples
[fCi4o83Mfs] figure_https___www.youtube.com_watch_v_$_stackrel_{.jpg -> classified as: Qualitative Examples
[fCi4o83Mfs] figure_9.jpg -> classified as: Qualitative Examples
[fCi4o83Mfs] figure_https___www.youtube.com_watch_v=bNq60yuTRf8.jpg -> classified as: Qualitative Examples
[fCi4o83Mfs] figure_2.jpg -> classified as: Plots / Charts
[fCi4o83Mfs] figure_https___www.youtube.com_watch_v=dmqkEmdE5nE.jpg -> classified as: Qualitative Examples
[fCi4o83Mfs] figure_https___www.youtube.com_watch_v=8u0tTaACYqQ.jpg -> classified as: Qualitative Examples
[fCi4o83Mfs] figure_7.jpg -> classified as: Plots / Charts
[fCi4o83Mfs] figure_3.jpg -> classified as: Plots / Charts
[fCi4o83Mfs] figure_4.jpg -> classified as: Plots / Charts
[fCi4o83Mfs] figure_1.jpg -> classified as: Qualitative Examples
[fCi4o83Mfs] figure_8.jpg -> classified as: Plots / Charts
[fCi4o83Mfs] figure_https___www.youtube.com_watch_v=iaauRiRX4do&t=24s.jpg -> classified as: Qualitative Examples
[fDNBPqgr4K] figure_5.jpg -> classified as: Plots / Charts
[fDNBPqgr4K] figure_6.jpg -> classified as: Qualitative Examples
[fDNBPqgr4K] figure_2.jpg -> classified as: Qualitative Examples
[fDNBPqgr4K] figure_3.jpg -> classified as: Qualitative Examples
[fDNBPqgr4K] figure_4.jpg -> classified as: Plots / Charts
[fDNBPqgr4K] figure_1.jpg -> classified as: Architecture Diagram
[fGTtEG24lA] figure_5.jpg -> classified as: Qualitative Examples
[fGTtEG24lA] figure_6.jpg -> classified as: Qualitative Examples
[fGTtEG24lA] figure_9.jpg -> classified as: Qualitative Examples
[fGTtEG24lA] figure_2.jpg -> classified as: Qualitative Examples
[fGTtEG24lA] figure_7.jpg -> classified as: Qualitative Examples
[fGTtEG24lA] figure_3.jpg -> classified as: Qualitative Examples
[fGTtEG24lA] figure_4.jpg -> classified as: Architecture Diagram
[fGTtEG24lA] figure_1.jpg -> classified as: Qualitative Examples
[fGTtEG24lA] figure_8.jpg -> classified as: Qualitative Examples
[fGTtEG24lA] figure_10.jpg -> classified as: Plots / Charts
[fH2wf2w2Ss] figure_5.jpg -> classified as: Plots / Charts
[fH2wf2w2Ss] figure_6.jpg -> classified as: Plots / Charts
[fH2wf2w2Ss] figure_9.jpg -> classified as: Qualitative Examples
[fH2wf2w2Ss] figure_13.jpg -> classified as: Qualitative Examples
[fH2wf2w2Ss] figure_2.jpg -> classified as: Architecture Diagram
[fH2wf2w2Ss] figure_11.jpg -> classified as: Qualitative Examples
[fH2wf2w2Ss] figure_7.jpg -> classified as: Qualitative Examples
[fH2wf2w2Ss] figure_3.jpg -> classified as: Qualitative Examples
[fH2wf2w2Ss] figure_4.jpg -> classified as: Plots / Charts
[fH2wf2w2Ss] figure_1.jpg -> classified as: Qualitative Examples
[fH2wf2w2Ss] figure_8.jpg -> classified as: Qualitative Examples
[fH2wf2w2Ss] figure_12.jpg -> classified as: Qualitative Examples
[fH2wf2w2Ss] figure_10.jpg -> classified as: Qualitative Examples
[fIMf9zQo9d] figure_A_brightly_colored.jpg -> classified as: Qualitative Examples
[fIMf9zQo9d] figure_5.jpg -> classified as: Qualitative Examples
[fIMf9zQo9d] figure_6.jpg -> classified as: Plots / Charts
[fIMf9zQo9d] figure_13.jpg -> classified as: Qualitative Examples
[fIMf9zQo9d] figure_2.jpg -> classified as: Architecture Diagram
[fIMf9zQo9d] figure_11.jpg -> classified as: Qualitative Examples
[fIMf9zQo9d] figure_7.jpg -> classified as: Qualitative Examples
[fIMf9zQo9d] figure_4.jpg -> classified as: Qualitative Examples
[fIMf9zQo9d] figure_1.jpg -> classified as: Qualitative Examples
[fIMf9zQo9d] figure_8.jpg -> classified as: Qualitative Examples
[fIMf9zQo9d] figure_12.jpg -> classified as: Qualitative Examples
[fIMf9zQo9d] figure_10.jpg -> classified as: Qualitative Examples
[fMaEbeJGpp] figure_1.jpg -> classified as: Architecture Diagram
[fMvcffpsDo] figure_2.jpg -> classified as: Qualitative Examples
[fMvcffpsDo] figure_1.jpg -> classified as: Architecture Diagram
[fO1xnmW8T6] figure_2.jpg -> classified as: Qualitative Examples
[fO1xnmW8T6] figure_3.jpg -> classified as: Qualitative Examples
[fO1xnmW8T6] figure_1.jpg -> classified as: Qualitative Examples
[fPQZd3p1De] figure_5.jpg -> classified as: Plots / Charts
[fPQZd3p1De] figure_6.jpg -> classified as: Plots / Charts
[fPQZd3p1De] figure_2.jpg -> classified as: Architecture Diagram
[fPQZd3p1De] figure_7.jpg -> classified as: Qualitative Examples
[fPQZd3p1De] figure_3.jpg -> classified as: Architecture Diagram
[fPQZd3p1De] figure_4.jpg -> classified as: Plots / Charts
[fPQZd3p1De] figure_1.jpg -> classified as: Other
  -> Skipping second pass (Other)
[fPQZd3p1De] figure_8.jpg -> classified as: Qualitative Examples
[fQSZMrjW8X] figure_5.jpg -> classified as: Plots / Charts
[fQSZMrjW8X] figure_2.jpg -> classified as: Architecture Diagram
[fQSZMrjW8X] figure_3.jpg -> classified as: Plots / Charts
[fQSZMrjW8X] figure_4.jpg -> classified as: Plots / Charts
[fQSZMrjW8X] figure_1.jpg -> classified as: Architecture Diagram
[fRXAQfHlmr] figure_5.jpg -> classified as: Qualitative Examples
[fRXAQfHlmr] figure_6.jpg -> classified as: Architecture Diagram
[fRXAQfHlmr] figure_9.jpg -> classified as: Qualitative Examples
[fRXAQfHlmr] figure_13.jpg -> classified as: Architecture Diagram
[fRXAQfHlmr] figure_2.jpg -> classified as: Architecture Diagram
[fRXAQfHlmr] figure_11.jpg -> classified as: Qualitative Examples
[fRXAQfHlmr] figure_7.jpg -> classified as: Qualitative Examples
[fRXAQfHlmr] figure_3.jpg -> classified as: Qualitative Examples
[fRXAQfHlmr] figure_4.jpg -> classified as: Qualitative Examples
[fRXAQfHlmr] figure_1.jpg -> classified as: Qualitative Examples
[fRXAQfHlmr] figure_8.jpg -> classified as: Qualitative Examples
[fRXAQfHlmr] figure_12.jpg -> classified as: Qualitative Examples
[fRXAQfHlmr] figure_14.jpg -> classified as: Qualitative Examples
[fRXAQfHlmr] figure_10.jpg -> classified as: Qualitative Examples
[fSB95BWiBQ] figure_5.jpg -> classified as: Plots / Charts
[fSB95BWiBQ] figure_2.jpg -> classified as: Architecture Diagram
[fSB95BWiBQ] figure_11.jpg -> classified as: Qualitative Examples
[fSB95BWiBQ] figure_S_2.jpg -> classified as: Qualitative Examples
[fSB95BWiBQ] figure_S_3.jpg -> classified as: Qualitative Examples
[fSB95BWiBQ] figure_7.jpg -> classified as: Plots / Charts
[fSB95BWiBQ] figure_3.jpg -> classified as: Plots / Charts
[fSB95BWiBQ] figure_1.jpg -> classified as: Qualitative Examples
[fSB95BWiBQ] figure_S_1.jpg -> classified as: Qualitative Examples
[fSB95BWiBQ] figure_S.jpg -> classified as: Qualitative Examples
[fSB95BWiBQ] figure_12.jpg -> classified as: Architecture Diagram
[fSB95BWiBQ] figure_S_4.jpg -> classified as: Qualitative Examples
[fSB95BWiBQ] figure_10.jpg -> classified as: Qualitative Examples
[fUGhVYPVRM] figure_5.jpg -> classified as: Plots / Charts
[fUGhVYPVRM] figure_6.jpg -> classified as: Plots / Charts
[fUGhVYPVRM] figure_2.jpg -> classified as: Qualitative Examples
[fUGhVYPVRM] figure_7.jpg -> classified as: Plots / Charts
[fUGhVYPVRM] figure_3.jpg -> classified as: Plots / Charts
[fUGhVYPVRM] figure_4.jpg -> classified as: Plots / Charts
[fUGhVYPVRM] figure_1.jpg -> classified as: Plots / Charts
[fV0t65OBUu] figure_5.jpg -> classified as: Qualitative Examples
[fV0t65OBUu] figure_6.jpg -> classified as: Plots / Charts
[fV0t65OBUu] figure_9.jpg -> classified as: Qualitative Examples
[fV0t65OBUu] figure_13.jpg -> classified as: Qualitative Examples
[fV0t65OBUu] figure_2.jpg -> classified as: Plots / Charts
[fV0t65OBUu] figure_11.jpg -> classified as: Qualitative Examples
[fV0t65OBUu] figure_7.jpg -> classified as: Qualitative Examples
[fV0t65OBUu] figure_3.jpg -> classified as: Plots / Charts
[fV0t65OBUu] figure_1.jpg -> classified as: Plots / Charts
[fV0t65OBUu] figure_8.jpg -> classified as: Qualitative Examples
[fV0t65OBUu] figure_12.jpg -> classified as: Qualitative Examples
[fV0t65OBUu] figure_10.jpg -> classified as: Qualitative Examples
[fVxIEHGnVT] figure_5.jpg -> classified as: Plots / Charts
[fVxIEHGnVT] figure_2.jpg -> classified as: Qualitative Examples
[fVxIEHGnVT] figure_3.jpg -> classified as: Plots / Charts
[fVxIEHGnVT] figure_4.jpg -> classified as: Plots / Charts
[fVxIEHGnVT] figure_1.jpg -> classified as: Architecture Diagram
[fXnE4gB64o] figure_5.jpg -> classified as: Qualitative Examples
[fXnE4gB64o] figure_6.jpg -> classified as: Qualitative Examples
[fXnE4gB64o] figure_9.jpg -> classified as: Qualitative Examples
[fXnE4gB64o] figure_2.jpg -> classified as: Plots / Charts
[fXnE4gB64o] figure_7.jpg -> classified as: Qualitative Examples
[fXnE4gB64o] figure_3.jpg -> classified as: Qualitative Examples
[fXnE4gB64o] figure_4.jpg -> classified as: Qualitative Examples
[fXnE4gB64o] figure_1.jpg -> classified as: Qualitative Examples
[fXnE4gB64o] figure_8.jpg -> classified as: Qualitative Examples
[farT6XXntP] figure_5.jpg -> classified as: Plots / Charts
[farT6XXntP] figure_6.jpg -> classified as: Plots / Charts
[farT6XXntP] figure_2.jpg -> classified as: Architecture Diagram
[farT6XXntP] figure_3.jpg -> classified as: Plots / Charts
[farT6XXntP] figure_4.jpg -> classified as: Plots / Charts
[farT6XXntP] figure_1.jpg -> classified as: Plots / Charts
[fcJKzwlwcs] figure_5.jpg -> classified as: Plots / Charts
[fcJKzwlwcs] figure_6.jpg -> classified as: Plots / Charts
[fcJKzwlwcs] figure_2.jpg -> classified as: Plots / Charts
[fcJKzwlwcs] figure_7.jpg -> classified as: Plots / Charts
[fcJKzwlwcs] figure_3.jpg -> classified as: Architecture Diagram
[fcJKzwlwcs] figure_4.jpg -> classified as: Plots / Charts
[fcJKzwlwcs] figure_(a)_Stage_1_.jpg -> classified as: Architecture Diagram
[fcqWJ8JgMR] figure_5.jpg -> classified as: Plots / Charts
[fcqWJ8JgMR] figure_6.jpg -> classified as: Plots / Charts
[fcqWJ8JgMR] figure_9.jpg -> classified as: Plots / Charts
[fcqWJ8JgMR] figure_2.jpg -> classified as: Architecture Diagram
[fcqWJ8JgMR] figure_11.jpg -> classified as: Plots / Charts
[fcqWJ8JgMR] figure_7.jpg -> classified as: Plots / Charts
[fcqWJ8JgMR] figure_3.jpg -> classified as: Plots / Charts
[fcqWJ8JgMR] figure_4.jpg -> classified as: Plots / Charts
[fcqWJ8JgMR] figure_1.jpg -> classified as: Qualitative Examples
[fcqWJ8JgMR] figure_8.jpg -> classified as: Plots / Charts
[fcqWJ8JgMR] figure_12.jpg -> classified as: Plots / Charts
[fcqWJ8JgMR] figure_10.jpg -> classified as: Plots / Charts
[fectsEG2GU] figure_5.jpg -> classified as: Qualitative Examples
[fectsEG2GU] figure_6.jpg -> classified as: Qualitative Examples
[fectsEG2GU] figure_9.jpg -> classified as: Qualitative Examples
[fectsEG2GU] figure_2.jpg -> classified as: Architecture Diagram
[fectsEG2GU] figure_11.jpg -> classified as: Qualitative Examples
[fectsEG2GU] figure_7.jpg -> classified as: Plots / Charts
[fectsEG2GU] figure_3.jpg -> classified as: Architecture Diagram
[fectsEG2GU] figure_4.jpg -> classified as: Qualitative Examples
[fectsEG2GU] figure_1.jpg -> classified as: Qualitative Examples
[fectsEG2GU] figure_8.jpg -> classified as: Qualitative Examples
[fectsEG2GU] figure_12.jpg -> classified as: Qualitative Examples
[fectsEG2GU] figure_10.jpg -> classified as: Qualitative Examples
[ff2V3UR9sC] figure_5.jpg -> classified as: Other
  -> Skipping second pass (Other)
[ff2V3UR9sC] figure_9.jpg -> classified as: Qualitative Examples
[ff2V3UR9sC] figure_13.jpg -> classified as: Plots / Charts
[ff2V3UR9sC] figure_15.jpg -> classified as: Other
  -> Skipping second pass (Other)
[ff2V3UR9sC] figure_2.jpg -> classified as: Qualitative Examples
[ff2V3UR9sC] figure_11.jpg -> classified as: Qualitative Examples
[ff2V3UR9sC] figure_7.jpg -> classified as: Other
  -> Skipping second pass (Other)
[ff2V3UR9sC] figure_3.jpg -> classified as: Plots / Charts
[ff2V3UR9sC] figure_4.jpg -> classified as: Qualitative Examples
[ff2V3UR9sC] figure_17.jpg -> classified as: Architecture Diagram
[ff2V3UR9sC] figure_Listing_8__Ad-LLaVA.jpg -> classified as: Qualitative Examples
[ff2V3UR9sC] figure_1.jpg -> classified as: Qualitative Examples
[ff2V3UR9sC] figure_8.jpg -> classified as: Qualitative Examples
[ff2V3UR9sC] figure_12.jpg -> classified as: Other
  -> Skipping second pass (Other)
[ff2V3UR9sC] figure_14.jpg -> classified as: Plots / Charts
[fg772k6x6U] figure_5.jpg -> classified as: Plots / Charts
[fg772k6x6U] figure_2.jpg -> classified as: Architecture Diagram
[fg772k6x6U] figure_3.jpg -> classified as: Qualitative Examples
[fg772k6x6U] figure_4.jpg -> classified as: Architecture Diagram
[fg772k6x6U] figure_1.jpg -> classified as: Architecture Diagram
[fiTpna7fO5] figure_5.jpg -> classified as: Plots / Charts
[fiTpna7fO5] figure_6.jpg -> classified as: Plots / Charts
[fiTpna7fO5] figure_9.jpg -> classified as: Qualitative Examples
[fiTpna7fO5] figure_2.jpg -> classified as: Plots / Charts
[fiTpna7fO5] figure_11.jpg -> classified as: Plots / Charts
[fiTpna7fO5] figure_7.jpg -> classified as: Plots / Charts
[fiTpna7fO5] figure_3.jpg -> classified as: Plots / Charts
[fiTpna7fO5] figure_4.jpg -> classified as: Plots / Charts
[fiTpna7fO5] figure_1.jpg -> classified as: Plots / Charts
[fiTpna7fO5] figure_8.jpg -> classified as: Qualitative Examples
[fiTpna7fO5] figure_12.jpg -> classified as: Plots / Charts
[fiTpna7fO5] figure_10.jpg -> classified as: Qualitative Examples
[fjiAy3Dbx0] figure_5.jpg -> classified as: Plots / Charts
[fjiAy3Dbx0] figure_6.jpg -> classified as: Qualitative Examples
[fjiAy3Dbx0] figure_9.jpg -> classified as: Other
  -> Skipping second pass (Other)
[fjiAy3Dbx0] figure_13.jpg -> classified as: Qualitative Examples
[fjiAy3Dbx0] figure_15.jpg -> classified as: Other
  -> Skipping second pass (Other)
[fjiAy3Dbx0] figure_2.jpg -> classified as: Architecture Diagram
[fjiAy3Dbx0] figure_11.jpg -> classified as: Qualitative Examples
[fjiAy3Dbx0] figure_7.jpg -> classified as: Plots / Charts
[fjiAy3Dbx0] figure_3.jpg -> classified as: Plots / Charts
[fjiAy3Dbx0] figure_4.jpg -> classified as: Qualitative Examples
[fjiAy3Dbx0] figure_1.jpg -> classified as: Architecture Diagram
[fjiAy3Dbx0] figure_8.jpg -> classified as: Other
  -> Skipping second pass (Other)
[fjiAy3Dbx0] figure_12.jpg -> classified as: Qualitative Examples
[fjiAy3Dbx0] figure_14.jpg -> classified as: Qualitative Examples
[fjiAy3Dbx0] figure_10.jpg -> classified as: Qualitative Examples
[fmJUYgmMbL] figure_5.jpg -> classified as: Qualitative Examples
[fmJUYgmMbL] figure_9.jpg -> classified as: Plots / Charts
[fmJUYgmMbL] figure_13.jpg -> classified as: Plots / Charts
[fmJUYgmMbL] figure_15.jpg -> classified as: Qualitative Examples
[fmJUYgmMbL] figure_2.jpg -> classified as: Qualitative Examples
[fmJUYgmMbL] figure_11.jpg -> classified as: Plots / Charts
[fmJUYgmMbL] figure_7.jpg -> classified as: Plots / Charts
[fmJUYgmMbL] figure_3.jpg -> classified as: Qualitative Examples
[fmJUYgmMbL] figure_4.jpg -> classified as: Plots / Charts
[fmJUYgmMbL] figure_17.jpg -> classified as: Plots / Charts
[fmJUYgmMbL] figure_1.jpg -> classified as: Plots / Charts
[fmJUYgmMbL] figure_8.jpg -> classified as: Qualitative Examples
[fmJUYgmMbL] figure_12.jpg -> classified as: Plots / Charts
[fmJUYgmMbL] figure_14.jpg -> classified as: Plots / Charts
[fmJUYgmMbL] figure_16.jpg -> classified as: Qualitative Examples
[fmJUYgmMbL] figure_10.jpg -> classified as: Plots / Charts
[fpvgSDKXGY] figure_5.jpg -> classified as: Plots / Charts
[fpvgSDKXGY] figure_6.jpg -> classified as: Plots / Charts
[fpvgSDKXGY] figure_9.jpg -> classified as: Plots / Charts
[fpvgSDKXGY] figure_13.jpg -> classified as: Plots / Charts
[fpvgSDKXGY] figure_15.jpg -> classified as: Qualitative Examples
[fpvgSDKXGY] figure_2.jpg -> classified as: Plots / Charts
[fpvgSDKXGY] figure_11.jpg -> classified as: Plots / Charts
[fpvgSDKXGY] figure_7.jpg -> classified as: Plots / Charts
[fpvgSDKXGY] figure_3.jpg -> classified as: Plots / Charts
[fpvgSDKXGY] figure_4.jpg -> classified as: Plots / Charts
[fpvgSDKXGY] figure_1.jpg -> classified as: Plots / Charts
[fpvgSDKXGY] figure_8.jpg -> classified as: Plots / Charts
[fpvgSDKXGY] figure_12.jpg -> classified as: Plots / Charts
[fpvgSDKXGY] figure_14.jpg -> classified as: Qualitative Examples
[fpvgSDKXGY] figure_16.jpg -> classified as: Qualitative Examples
[fpvgSDKXGY] figure_10.jpg -> classified as: Plots / Charts
[fr7cLDfNNU] figure_6.jpg -> classified as: Plots / Charts
[fr7cLDfNNU] figure_2.jpg -> classified as: Plots / Charts
[fr7cLDfNNU] figure_3.jpg -> classified as: Plots / Charts
[fr7cLDfNNU] figure_4.jpg -> classified as: Qualitative Examples
[fr7cLDfNNU] figure_1.jpg -> classified as: Architecture Diagram
[frRDT6EOhg] figure_5.jpg -> classified as: Plots / Charts
[frRDT6EOhg] figure_6.jpg -> classified as: Plots / Charts
[frRDT6EOhg] figure_9.jpg -> classified as: Other
  -> Skipping second pass (Other)
[frRDT6EOhg] figure_11.jpg -> classified as: Plots / Charts
[frRDT6EOhg] figure_7.jpg -> classified as: Plots / Charts
[frRDT6EOhg] figure_3.jpg -> classified as: Plots / Charts
[frRDT6EOhg] figure_4.jpg -> classified as: Plots / Charts
[frRDT6EOhg] figure_10.jpg -> classified as: Qualitative Examples
[friHAl5ofG] figure_5.jpg -> classified as: Plots / Charts
[friHAl5ofG] figure_6.jpg -> classified as: Plots / Charts
[friHAl5ofG] figure_9.jpg -> classified as: Plots / Charts
[friHAl5ofG] figure_15.jpg -> classified as: Plots / Charts
[friHAl5ofG] figure_2.jpg -> classified as: Plots / Charts
[friHAl5ofG] figure_11.jpg -> classified as: Plots / Charts
[friHAl5ofG] figure_7.jpg -> classified as: Qualitative Examples
[friHAl5ofG] figure_3.jpg -> classified as: Plots / Charts
[friHAl5ofG] figure_4.jpg -> classified as: Other
  -> Skipping second pass (Other)
[friHAl5ofG] figure_17.jpg -> classified as: Plots / Charts
[friHAl5ofG] figure_1.jpg -> classified as: Other
  -> Skipping second pass (Other)
[friHAl5ofG] figure_8.jpg -> classified as: Qualitative Examples
[friHAl5ofG] figure_12.jpg -> classified as: Plots / Charts
[friHAl5ofG] figure_14.jpg -> classified as: Plots / Charts
[friHAl5ofG] figure_16.jpg -> classified as: Plots / Charts
[friHAl5ofG] figure_10.jpg -> classified as: Plots / Charts
[fsWr2AxJl8] figure_5.jpg -> classified as: Qualitative Examples
[fsWr2AxJl8] figure_6.jpg -> classified as: Qualitative Examples
[fsWr2AxJl8] figure_2.jpg -> classified as: Qualitative Examples
[fsWr2AxJl8] figure_7.jpg -> classified as: Qualitative Examples
[fsWr2AxJl8] figure_3.jpg -> classified as: Architecture Diagram
[fsWr2AxJl8] figure_4.jpg -> classified as: Qualitative Examples
[fsWr2AxJl8] figure_1.jpg -> classified as: Architecture Diagram
[fsWr2AxJl8] figure_8.jpg -> classified as: Qualitative Examples
[fszrlQ2DuP] figure_5.jpg -> classified as: Plots / Charts
[fszrlQ2DuP] figure_6.jpg -> classified as: Plots / Charts
[fszrlQ2DuP] figure_9.jpg -> classified as: Plots / Charts
[fszrlQ2DuP] figure_13.jpg -> classified as: Plots / Charts
[fszrlQ2DuP] figure_2.jpg -> classified as: Plots / Charts
[fszrlQ2DuP] figure_11.jpg -> classified as: Plots / Charts
[fszrlQ2DuP] figure_7.jpg -> classified as: Plots / Charts
[fszrlQ2DuP] figure_3.jpg -> classified as: Plots / Charts
[fszrlQ2DuP] figure_4.jpg -> classified as: Plots / Charts
[fszrlQ2DuP] figure_1.jpg -> classified as: Plots / Charts
[fszrlQ2DuP] figure_8.jpg -> classified as: Plots / Charts
[fszrlQ2DuP] figure_12.jpg -> classified as: Plots / Charts
[fszrlQ2DuP] figure_10.jpg -> classified as: Plots / Charts
[ft0hSoZTVe] figure_5.jpg -> classified as: Plots / Charts
[ft0hSoZTVe] figure_6.jpg -> classified as: Qualitative Examples
[ft0hSoZTVe] figure_9.jpg -> classified as: Architecture Diagram
[ft0hSoZTVe] figure_13.jpg -> classified as: Qualitative Examples
[ft0hSoZTVe] figure_2.jpg -> classified as: Architecture Diagram
[ft0hSoZTVe] figure_11.jpg -> classified as: Qualitative Examples
[ft0hSoZTVe] figure_7.jpg -> classified as: Architecture Diagram
[ft0hSoZTVe] figure_3.jpg -> classified as: Architecture Diagram
[ft0hSoZTVe] figure_4.jpg -> classified as: Architecture Diagram
[ft0hSoZTVe] figure_1.jpg -> classified as: Qualitative Examples
[ft0hSoZTVe] figure_8.jpg -> classified as: Qualitative Examples
[ft0hSoZTVe] figure_12.jpg -> classified as: Qualitative Examples
[ft0hSoZTVe] figure_10.jpg -> classified as: Other
  -> Skipping second pass (Other)
[ft1mr3WlGM] figure_A.jpg -> classified as: Plots / Charts
[ft1mr3WlGM] figure_2.jpg -> classified as: Architecture Diagram
[ft1mr3WlGM] figure_C_1.jpg -> classified as: Plots / Charts
[ft1mr3WlGM] figure_C_2.jpg -> classified as: Qualitative Examples
[ft1mr3WlGM] figure_A_1.jpg -> classified as: Other
  -> Skipping second pass (Other)
[ft1mr3WlGM] figure_B.jpg -> classified as: Plots / Charts
[ft1mr3WlGM] figure_C_3.jpg -> classified as: Qualitative Examples
[ft1mr3WlGM] figure_3.jpg -> classified as: Plots / Charts
[ft1mr3WlGM] figure_Query_image_Top-5.jpg -> classified as: Other
  -> Skipping second pass (Other)
[ft1mr3WlGM] figure_4.jpg -> classified as: Architecture Diagram
[ft1mr3WlGM] figure_C.jpg -> classified as: Plots / Charts
[ft1mr3WlGM] figure_1.jpg -> classified as: Qualitative Examples
[ft1mr3WlGM] figure_Query_image___.jpg -> classified as: Other
  -> Skipping second pass (Other)
[ftHNJmogT1] figure_5.jpg -> classified as: Qualitative Examples
[ftHNJmogT1] figure_6.jpg -> classified as: Plots / Charts
[ftHNJmogT1] figure_9.jpg -> classified as: Plots / Charts
[ftHNJmogT1] figure_13.jpg -> classified as: Qualitative Examples
[ftHNJmogT1] figure_15.jpg -> classified as: Qualitative Examples
[ftHNJmogT1] figure_2.jpg -> classified as: Qualitative Examples
[ftHNJmogT1] figure_11.jpg -> classified as: Qualitative Examples
[ftHNJmogT1] figure_7.jpg -> classified as: Qualitative Examples
[ftHNJmogT1] figure_3.jpg -> classified as: Plots / Charts
[ftHNJmogT1] figure_4.jpg -> classified as: Qualitative Examples
[ftHNJmogT1] figure_1.jpg -> classified as: Qualitative Examples
[ftHNJmogT1] figure_8.jpg -> classified as: Qualitative Examples
[ftHNJmogT1] figure_12.jpg -> classified as: Qualitative Examples
[ftHNJmogT1] figure_14.jpg -> classified as: Qualitative Examples
[ftHNJmogT1] figure_10.jpg -> classified as: Plots / Charts
[ftdJEiFudy] figure_19.jpg -> classified as: Qualitative Examples
[ftdJEiFudy] figure_23.jpg -> classified as: Qualitative Examples
[ftdJEiFudy] figure_24.jpg -> classified as: Qualitative Examples
[ftdJEiFudy] figure_5.jpg -> classified as: Architecture Diagram
[ftdJEiFudy] figure_6.jpg -> classified as: Architecture Diagram
[ftdJEiFudy] figure_9.jpg -> classified as: Qualitative Examples
[ftdJEiFudy] figure_22.jpg -> classified as: Qualitative Examples
[ftdJEiFudy] figure_18.jpg -> classified as: Qualitative Examples
[ftdJEiFudy] figure_13.jpg -> classified as: Qualitative Examples
[ftdJEiFudy] figure_15.jpg -> classified as: Architecture Diagram
[ftdJEiFudy] figure_20.jpg -> classified as: Qualitative Examples
[ftdJEiFudy] figure_7.jpg -> classified as: Qualitative Examples
[ftdJEiFudy] figure_3.jpg -> classified as: Architecture Diagram
[ftdJEiFudy] figure_4.jpg -> classified as: Architecture Diagram
[ftdJEiFudy] figure_17.jpg -> classified as: Qualitative Examples
[ftdJEiFudy] figure_1.jpg -> classified as: Qualitative Examples
[ftdJEiFudy] figure_27.jpg -> classified as: Qualitative Examples
[ftdJEiFudy] figure_8.jpg -> classified as: Qualitative Examples
[ftdJEiFudy] figure_25.jpg -> classified as: Architecture Diagram
[ftdJEiFudy] figure_21.jpg -> classified as: Qualitative Examples
[ftdJEiFudy] figure_26.jpg -> classified as: Architecture Diagram
[ftdJEiFudy] figure_14.jpg -> classified as: Qualitative Examples
[ftdJEiFudy] figure_16.jpg -> classified as: Architecture Diagram
[ftdJEiFudy] figure_10.jpg -> classified as: Qualitative Examples
[fwCoLe3TAX] figure_5.jpg -> classified as: Plots / Charts
[fwCoLe3TAX] figure_2.jpg -> classified as: Plots / Charts
[fwCoLe3TAX] figure_3.jpg -> classified as: Plots / Charts
[fwCoLe3TAX] figure_4.jpg -> classified as: Plots / Charts
[fwCoLe3TAX] figure_1.jpg -> classified as: Plots / Charts
[fx8AJDQRVB] figure_5.jpg -> classified as: Qualitative Examples
[fx8AJDQRVB] figure_6.jpg -> classified as: Plots / Charts
[fx8AJDQRVB] figure_9.jpg -> classified as: Qualitative Examples
[fx8AJDQRVB] figure_13.jpg -> classified as: Qualitative Examples
[fx8AJDQRVB] figure_2.jpg -> classified as: Architecture Diagram
[fx8AJDQRVB] figure_11.jpg -> classified as: Qualitative Examples
[fx8AJDQRVB] figure_7.jpg -> classified as: Qualitative Examples
[fx8AJDQRVB] figure_3.jpg -> classified as: Architecture Diagram
[fx8AJDQRVB] figure_4.jpg -> classified as: Qualitative Examples
[fx8AJDQRVB] figure_1.jpg -> classified as: Architecture Diagram
[fx8AJDQRVB] figure_8.jpg -> classified as: Qualitative Examples
[fx8AJDQRVB] figure_12.jpg -> classified as: Qualitative Examples
[fx8AJDQRVB] figure_14.jpg -> classified as: Qualitative Examples
[fx8AJDQRVB] figure_10.jpg -> classified as: Qualitative Examples
[fzbmTawTUB] figure_5.jpg -> classified as: Plots / Charts
[fzbmTawTUB] figure_6.jpg -> classified as: Qualitative Examples
[fzbmTawTUB] figure_9.jpg -> classified as: Qualitative Examples
[fzbmTawTUB] figure_2.jpg -> classified as: Other
  -> Skipping second pass (Other)
[fzbmTawTUB] figure_11.jpg -> classified as: Qualitative Examples
[fzbmTawTUB] figure_7.jpg -> classified as: Qualitative Examples
[fzbmTawTUB] figure_3.jpg -> classified as: Qualitative Examples
[fzbmTawTUB] figure_4.jpg -> classified as: Qualitative Examples
[fzbmTawTUB] figure_1.jpg -> classified as: Qualitative Examples
[fzbmTawTUB] figure_8.jpg -> classified as: Qualitative Examples
[fzbmTawTUB] figure_12.jpg -> classified as: Plots / Charts
[fzbmTawTUB] figure_10.jpg -> classified as: Qualitative Examples
[g0Doz4IRHU] figure_5.jpg -> classified as: Plots / Charts
[g0Doz4IRHU] figure_6.jpg -> classified as: Qualitative Examples
[g0Doz4IRHU] figure_2.jpg -> classified as: Plots / Charts
[g0Doz4IRHU] figure_3.jpg -> classified as: Plots / Charts
[g0Doz4IRHU] figure_4.jpg -> classified as: Plots / Charts
[g0Doz4IRHU] figure_1.jpg -> classified as: Architecture Diagram
[g0rnZeBguq] figure_2.jpg -> classified as: Architecture Diagram
[g0rnZeBguq] figure_1.jpg -> classified as: Architecture Diagram
[g1fkhbhHjL] figure_5.jpg -> classified as: Qualitative Examples
[g1fkhbhHjL] figure_6.jpg -> classified as: Plots / Charts
[g1fkhbhHjL] figure_9.jpg -> classified as: Qualitative Examples
[g1fkhbhHjL] figure_2.jpg -> classified as: Other
  -> Skipping second pass (Other)
[g1fkhbhHjL] figure_11.jpg -> classified as: Qualitative Examples
[g1fkhbhHjL] figure_7.jpg -> classified as: Qualitative Examples
[g1fkhbhHjL] figure_3.jpg -> classified as: Plots / Charts
[g1fkhbhHjL] figure_4.jpg -> classified as: Qualitative Examples
[g1fkhbhHjL] figure_1.jpg -> classified as: Plots / Charts
[g1fkhbhHjL] figure_8.jpg -> classified as: Plots / Charts
[g1fkhbhHjL] figure_12.jpg -> classified as: Qualitative Examples
[g1fkhbhHjL] figure_10.jpg -> classified as: Qualitative Examples
[g3kK6YBSZ1] figure_5.jpg -> classified as: Qualitative Examples
[g3kK6YBSZ1] figure_6.jpg -> classified as: Plots / Charts
[g3kK6YBSZ1] figure_9.jpg -> classified as: Qualitative Examples
[g3kK6YBSZ1] figure_2.jpg -> classified as: Plots / Charts
[g3kK6YBSZ1] figure_7.jpg -> classified as: Architecture Diagram
[g3kK6YBSZ1] figure_3.jpg -> classified as: Architecture Diagram
[g3kK6YBSZ1] figure_4.jpg -> classified as: Architecture Diagram
[g3kK6YBSZ1] figure_1.jpg -> classified as: Qualitative Examples
[g3kK6YBSZ1] figure_8.jpg -> classified as: Qualitative Examples
[g3xuCtrG6H] figure_5.jpg -> classified as: Plots / Charts
[g3xuCtrG6H] figure_6.jpg -> classified as: Qualitative Examples
[g3xuCtrG6H] figure_9.jpg -> classified as: Qualitative Examples
[g3xuCtrG6H] figure_13.jpg -> classified as: Qualitative Examples
[g3xuCtrG6H] figure_2.jpg -> classified as: Other
  -> Skipping second pass (Other)
[g3xuCtrG6H] figure_11.jpg -> classified as: Plots / Charts
[g3xuCtrG6H] figure_7.jpg -> classified as: Architecture Diagram
[g3xuCtrG6H] figure_3.jpg -> classified as: Other
  -> Skipping second pass (Other)
[g3xuCtrG6H] figure_4.jpg -> classified as: Other
  -> Skipping second pass (Other)
[g3xuCtrG6H] figure_1.jpg -> classified as: Architecture Diagram
[g3xuCtrG6H] figure_8.jpg -> classified as: Plots / Charts
[g3xuCtrG6H] figure_12.jpg -> classified as: Qualitative Examples
[g3xuCtrG6H] figure_14.jpg -> classified as: Qualitative Examples
[g3xuCtrG6H] figure_10.jpg -> classified as: Plots / Charts
[g5Iqg4BwsF] figure_2.jpg -> classified as: Architecture Diagram
[g5Iqg4BwsF] figure_3.jpg -> classified as: Qualitative Examples
[g5Iqg4BwsF] figure_4.jpg -> classified as: Other
  -> Skipping second pass (Other)
[g5Iqg4BwsF] figure_1.jpg -> classified as: Qualitative Examples
[g6rZtxaXRm] figure_5.jpg -> classified as: Qualitative Examples
[g6rZtxaXRm] figure_6.jpg -> classified as: Plots / Charts
[g6rZtxaXRm] figure_2.jpg -> classified as: Qualitative Examples
[g6rZtxaXRm] figure_7.jpg -> classified as: Qualitative Examples
[g6rZtxaXRm] figure_3.jpg -> classified as: Plots / Charts
[g6rZtxaXRm] figure_4.jpg -> classified as: Plots / Charts
[g6rZtxaXRm] figure_1.jpg -> classified as: Qualitative Examples
[g7ohDlTITL] figure_5.jpg -> classified as: Plots / Charts
[g7ohDlTITL] figure_9.jpg -> classified as: Plots / Charts
[g7ohDlTITL] figure_13.jpg -> classified as: Other
  -> Skipping second pass (Other)
[g7ohDlTITL] figure_2.jpg -> classified as: Plots / Charts
[g7ohDlTITL] figure_11.jpg -> classified as: Plots / Charts
[g7ohDlTITL] figure_3.jpg -> classified as: Qualitative Examples
[g7ohDlTITL] figure_4.jpg -> classified as: Plots / Charts
[g7ohDlTITL] figure_1.jpg -> classified as: Plots / Charts
[g7ohDlTITL] figure_8.jpg -> classified as: Plots / Charts
[g7ohDlTITL] figure_12.jpg -> classified as: Plots / Charts
[g7ohDlTITL] figure_10.jpg -> classified as: Plots / Charts
[gCCYBGGYTi] figure_5.jpg -> classified as: Plots / Charts
[gCCYBGGYTi] figure_6.jpg -> classified as: Plots / Charts
[gCCYBGGYTi] figure_2.jpg -> classified as: Architecture Diagram
[gCCYBGGYTi] figure_7.jpg -> classified as: Plots / Charts
[gCCYBGGYTi] figure_3.jpg -> classified as: Plots / Charts
[gCCYBGGYTi] figure_4.jpg -> classified as: Plots / Charts
[gCCYBGGYTi] figure_1.jpg -> classified as: Plots / Charts
[gCCYBGGYTi] figure_8.jpg -> classified as: Plots / Charts
[gDlsMWost9] figure_5.jpg -> classified as: Plots / Charts
[gDlsMWost9] figure_9.jpg -> classified as: Plots / Charts
[gDlsMWost9] figure_13.jpg -> classified as: Qualitative Examples
[gDlsMWost9] figure_11.jpg -> classified as: Plots / Charts
[gDlsMWost9] figure_7.jpg -> classified as: Plots / Charts
[gDlsMWost9] figure_3.jpg -> classified as: Plots / Charts
[gDlsMWost9] figure_4.jpg -> classified as: Qualitative Examples
[gDlsMWost9] figure_1.jpg -> classified as: Qualitative Examples
[gDlsMWost9] figure_8.jpg -> classified as: Architecture Diagram
[gDlsMWost9] figure_12.jpg -> classified as: Other
  -> Skipping second pass (Other)
[gDlsMWost9] figure_10.jpg -> classified as: Qualitative Examples
[gENfMmUIkT] figure_(b)_People,_cars.jpg -> classified as: Qualitative Examples
[gENfMmUIkT] figure_2.jpg -> classified as: Qualitative Examples
[gENfMmUIkT] figure_3.jpg -> classified as: Qualitative Examples
[gENfMmUIkT] figure_4.jpg -> classified as: Qualitative Examples
[gENfMmUIkT] figure_1.jpg -> classified as: Architecture Diagram
[gENfMmUIkT] figure_(b)_The_complete.jpg -> classified as: Qualitative Examples
[gEdg9JvO8X] figure_5.jpg -> classified as: Plots / Charts
[gEdg9JvO8X] figure_6.jpg -> classified as: Plots / Charts
[gEdg9JvO8X] figure_2.jpg -> classified as: Plots / Charts
[gEdg9JvO8X] figure_7.jpg -> classified as: Plots / Charts
[gEdg9JvO8X] figure_3.jpg -> classified as: Plots / Charts
[gEdg9JvO8X] figure_4.jpg -> classified as: Plots / Charts
[gEdg9JvO8X] figure_1.jpg -> classified as: Architecture Diagram
[gFUomIaycw] figure_2.jpg -> classified as: Plots / Charts
[gFUomIaycw] figure_3.jpg -> classified as: Plots / Charts
[gFUomIaycw] figure_1.jpg -> classified as: Architecture Diagram
[gFUomIaycw] figure_Visualization_of_gating.jpg -> classified as: Qualitative Examples
[gG38EBe2S8] figure_19.jpg -> classified as: Qualitative Examples
[gG38EBe2S8] figure_23.jpg -> classified as: Qualitative Examples
[gG38EBe2S8] figure_24.jpg -> classified as: Qualitative Examples
[gG38EBe2S8] figure_5.jpg -> classified as: Qualitative Examples
[gG38EBe2S8] figure_6.jpg -> classified as: Qualitative Examples
[gG38EBe2S8] figure_9.jpg -> classified as: Qualitative Examples
[gG38EBe2S8] figure_22.jpg -> classified as: Qualitative Examples
[gG38EBe2S8] figure_18.jpg -> classified as: Qualitative Examples
[gG38EBe2S8] figure_13.jpg -> classified as: Qualitative Examples
[gG38EBe2S8] figure_15.jpg -> classified as: Qualitative Examples
[gG38EBe2S8] figure_2.jpg -> classified as: Qualitative Examples
[gG38EBe2S8] figure_20.jpg -> classified as: Qualitative Examples
[gG38EBe2S8] figure_11.jpg -> classified as: Qualitative Examples
[gG38EBe2S8] figure_7.jpg -> classified as: Qualitative Examples
[gG38EBe2S8] figure_3.jpg -> classified as: Qualitative Examples
[gG38EBe2S8] figure_4.jpg -> classified as: Qualitative Examples
[gG38EBe2S8] figure_17.jpg -> classified as: Qualitative Examples
[gG38EBe2S8] figure_1.jpg -> classified as: Qualitative Examples
[gG38EBe2S8] figure_27.jpg -> classified as: Plots / Charts
[gG38EBe2S8] figure_8.jpg -> classified as: Qualitative Examples
[gG38EBe2S8] figure_12.jpg -> classified as: Qualitative Examples
[gG38EBe2S8] figure_25.jpg -> classified as: Qualitative Examples
[gG38EBe2S8] figure_21.jpg -> classified as: Qualitative Examples
[gG38EBe2S8] figure_26.jpg -> classified as: Qualitative Examples
[gG38EBe2S8] figure_14.jpg -> classified as: Qualitative Examples
[gG38EBe2S8] figure_16.jpg -> classified as: Teaser Image
[gG38EBe2S8] figure_10.jpg -> classified as: Qualitative Examples
[gHAr7ZA1OL] figure_5.jpg -> classified as: Qualitative Examples
[gHAr7ZA1OL] figure_6.jpg -> classified as: Qualitative Examples
[gHAr7ZA1OL] figure_2.jpg -> classified as: Architecture Diagram
[gHAr7ZA1OL] figure_7.jpg -> classified as: Qualitative Examples
[gHAr7ZA1OL] figure_3.jpg -> classified as: Qualitative Examples
[gHAr7ZA1OL] figure_4.jpg -> classified as: Qualitative Examples
[gHAr7ZA1OL] figure_1.jpg -> classified as: Architecture Diagram
[gHAr7ZA1OL] figure_8.jpg -> classified as: Plots / Charts
[gIM3ZCWOVR] figure_2.jpg -> classified as: Plots / Charts
[gIM3ZCWOVR] figure_1.jpg -> classified as: Qualitative Examples
[gIrVoQEDQv] figure_5.jpg -> classified as: Qualitative Examples
[gIrVoQEDQv] figure_2.jpg -> classified as: Architecture Diagram
[gIrVoQEDQv] figure_3.jpg -> classified as: Plots / Charts
[gIrVoQEDQv] figure_4.jpg -> classified as: Plots / Charts
[gIrVoQEDQv] figure_1.jpg -> classified as: Plots / Charts
[gJeYtRuguR] figure_2.jpg -> classified as: Architecture Diagram
[gJeYtRuguR] figure_1.jpg -> classified as: Qualitative Examples
[gKui6QvvfK] figure_5.jpg -> classified as: Qualitative Examples
[gKui6QvvfK] figure_6.jpg -> classified as: Qualitative Examples
[gKui6QvvfK] figure_9.jpg -> classified as: Plots / Charts
[gKui6QvvfK] figure_15.jpg -> classified as: Qualitative Examples
[gKui6QvvfK] figure_2.jpg -> classified as: Plots / Charts
[gKui6QvvfK] figure_11.jpg -> classified as: Qualitative Examples
[gKui6QvvfK] figure_7.jpg -> classified as: Plots / Charts
[gKui6QvvfK] figure_3.jpg -> classified as: Qualitative Examples
[gKui6QvvfK] figure_4.jpg -> classified as: Qualitative Examples
[gKui6QvvfK] figure_1.jpg -> classified as: Architecture Diagram
[gKui6QvvfK] figure_8.jpg -> classified as: Plots / Charts
[gKui6QvvfK] figure_12.jpg -> classified as: Qualitative Examples
[gKui6QvvfK] figure_14.jpg -> classified as: Qualitative Examples
[gKui6QvvfK] figure_16.jpg -> classified as: Qualitative Examples
[gKui6QvvfK] figure_10.jpg -> classified as: Qualitative Examples
[gMGUa8C0tL] figure_5.jpg -> classified as: Architecture Diagram
[gMGUa8C0tL] figure_6.jpg -> classified as: Architecture Diagram
[gMGUa8C0tL] figure_2.jpg -> classified as: Architecture Diagram
[gMGUa8C0tL] figure_3.jpg -> classified as: Architecture Diagram
[gMGUa8C0tL] figure_4.jpg -> classified as: Architecture Diagram
[gMGUa8C0tL] figure_1.jpg -> classified as: Architecture Diagram
[gMGUa8C0tL] figure_8.jpg -> classified as: Qualitative Examples
[gNoqEdT2wO] figure_1.jpg -> classified as: Plots / Charts
[gNxvs5pUdu] figure_5.jpg -> classified as: Plots / Charts
[gNxvs5pUdu] figure_6.jpg -> classified as: Plots / Charts
[gNxvs5pUdu] figure_9.jpg -> classified as: Plots / Charts
[gNxvs5pUdu] figure_2.jpg -> classified as: Qualitative Examples
[gNxvs5pUdu] figure_7.jpg -> classified as: Plots / Charts
[gNxvs5pUdu] figure_3.jpg -> classified as: Architecture Diagram
[gNxvs5pUdu] figure_4.jpg -> classified as: Plots / Charts
[gNxvs5pUdu] figure_1.jpg -> classified as: Architecture Diagram
[gNxvs5pUdu] figure_8.jpg -> classified as: Plots / Charts
[gNxvs5pUdu] figure_10.jpg -> classified as: Plots / Charts
[gRmWtOnTLK] figure_A_2.jpg -> classified as: Qualitative Examples
[gRmWtOnTLK] figure_A.jpg -> classified as: Plots / Charts
[gRmWtOnTLK] figure_A_9.jpg -> classified as: Qualitative Examples
[gRmWtOnTLK] figure_A_3.jpg -> classified as: Qualitative Examples
[gRmWtOnTLK] figure_2.jpg -> classified as: Architecture Diagram
[gRmWtOnTLK] figure_A_6.jpg -> classified as: Qualitative Examples
[gRmWtOnTLK] figure_A_8.jpg -> classified as: Qualitative Examples
[gRmWtOnTLK] figure_A_7.jpg -> classified as: Qualitative Examples
[gRmWtOnTLK] figure_A_1.jpg -> classified as: Plots / Charts
[gRmWtOnTLK] figure_A_5.jpg -> classified as: Qualitative Examples
[gRmWtOnTLK] figure_1.jpg -> classified as: Architecture Diagram
[gRmWtOnTLK] figure_A_4.jpg -> classified as: Qualitative Examples
[gS0XOu0JKs] figure_2.jpg -> classified as: Architecture Diagram
[gS0XOu0JKs] figure_3.jpg -> classified as: Plots / Charts
[gS0XOu0JKs] figure_(b)_Changes_in.jpg -> classified as: Plots / Charts
[gS0XOu0JKs] figure_1.jpg -> classified as: Qualitative Examples
[gSB6IfUEGz] figure_2.jpg -> classified as: Plots / Charts
[gSB6IfUEGz] figure_3.jpg -> classified as: Plots / Charts
[gSB6IfUEGz] figure_1.jpg -> classified as: Architecture Diagram
[gU58d5QeGv] figure_2.jpg -> classified as: Architecture Diagram
[gU58d5QeGv] figure_3.jpg -> classified as: Architecture Diagram
[gU58d5QeGv] figure_4.jpg -> classified as: Plots / Charts
[gU58d5QeGv] figure_1.jpg -> classified as: Qualitative Examples
[gWgaypDBs8] figure_5.jpg -> classified as: Qualitative Examples
[gWgaypDBs8] figure_6.jpg -> classified as: Plots / Charts
[gWgaypDBs8] figure_9.jpg -> classified as: Qualitative Examples
[gWgaypDBs8] figure_13.jpg -> classified as: Qualitative Examples
[gWgaypDBs8] figure_15.jpg -> classified as: Qualitative Examples
[gWgaypDBs8] figure_2.jpg -> classified as: Qualitative Examples
[gWgaypDBs8] figure_11.jpg -> classified as: Qualitative Examples
[gWgaypDBs8] figure_7.jpg -> classified as: Qualitative Examples
[gWgaypDBs8] figure_3.jpg -> classified as: Qualitative Examples
[gWgaypDBs8] figure_4.jpg -> classified as: Plots / Charts
[gWgaypDBs8] figure_1.jpg -> classified as: Plots / Charts
[gWgaypDBs8] figure_8.jpg -> classified as: Qualitative Examples
[gWgaypDBs8] figure_12.jpg -> classified as: Qualitative Examples
[gWgaypDBs8] figure_14.jpg -> classified as: Qualitative Examples
[gWgaypDBs8] figure_10.jpg -> classified as: Qualitative Examples
[gWqFbnKsqR] figure_5.jpg -> classified as: Qualitative Examples
[gWqFbnKsqR] figure_6.jpg -> classified as: Plots / Charts
[gWqFbnKsqR] figure_2.jpg -> classified as: Architecture Diagram
[gWqFbnKsqR] figure_7.jpg -> classified as: Qualitative Examples
[gWqFbnKsqR] figure_3.jpg -> classified as: Plots / Charts
[gWqFbnKsqR] figure_4.jpg -> classified as: Qualitative Examples
[gWqFbnKsqR] figure_1.jpg -> classified as: Qualitative Examples
[gWw0NjTQRg] figure_1.jpg -> classified as: Architecture Diagram
[gXfKPj4s7C] figure_5.jpg -> classified as: Plots / Charts
[gXfKPj4s7C] figure_6.jpg -> classified as: Qualitative Examples
[gXfKPj4s7C] figure_2.jpg -> classified as: Architecture Diagram
[gXfKPj4s7C] figure_7.jpg -> classified as: Qualitative Examples
[gXfKPj4s7C] figure_3.jpg -> classified as: Architecture Diagram
[gXfKPj4s7C] figure_4.jpg -> classified as: Qualitative Examples
[gXfKPj4s7C] figure_1.jpg -> classified as: Architecture Diagram
[gXfKPj4s7C] figure_8.jpg -> classified as: Qualitative Examples
[gXyWbl71n1] figure_5.jpg -> classified as: Qualitative Examples
[gXyWbl71n1] figure_6.jpg -> classified as: Plots / Charts
[gXyWbl71n1] figure_2.jpg -> classified as: Plots / Charts
[gXyWbl71n1] figure_7.jpg -> classified as: Plots / Charts
[gXyWbl71n1] figure_3.jpg -> classified as: Architecture Diagram
[gXyWbl71n1] figure_4.jpg -> classified as: Qualitative Examples
[gXyWbl71n1] figure_1.jpg -> classified as: Qualitative Examples
[ga3DPo6BML] figure_5.jpg -> classified as: Plots / Charts
[ga3DPo6BML] figure_6.jpg -> classified as: Architecture Diagram
[ga3DPo6BML] figure_A_ARCHITECTURE_DETAILS.jpg -> classified as: Architecture Diagram
[ga3DPo6BML] figure_2.jpg -> classified as: Architecture Diagram
[ga3DPo6BML] figure_3.jpg -> classified as: Architecture Diagram
[ga3DPo6BML] figure_4.jpg -> classified as: Qualitative Examples
[ga3DPo6BML] figure_1.jpg -> classified as: Plots / Charts
[ga3DPo6BML] figure_8.jpg -> classified as: Qualitative Examples
[gbJNFxcicC] figure_2.jpg -> classified as: Qualitative Examples
[gbJNFxcicC] figure_3.jpg -> classified as: Qualitative Examples
[gbJNFxcicC] figure_1.jpg -> classified as: Architecture Diagram
[gd0lAEtWso] figure_6.jpg -> classified as: Plots / Charts
[gd0lAEtWso] figure_2.jpg -> classified as: Architecture Diagram
[gd0lAEtWso] figure_7.jpg -> classified as: Plots / Charts
[gd0lAEtWso] figure_3.jpg -> classified as: Architecture Diagram
[gd0lAEtWso] figure_4.jpg -> classified as: Architecture Diagram
[gd0lAEtWso] figure_1.jpg -> classified as: Qualitative Examples
[gd0lAEtWso] figure_8.jpg -> classified as: Qualitative Examples
[gdHtZlaaSo] figure_5.jpg -> classified as: Plots / Charts
[gdHtZlaaSo] figure_6.jpg -> classified as: Plots / Charts
[gdHtZlaaSo] figure_9.jpg -> classified as: Plots / Charts
[gdHtZlaaSo] figure_13.jpg -> classified as: Qualitative Examples
[gdHtZlaaSo] figure_15.jpg -> classified as: Qualitative Examples
[gdHtZlaaSo] figure_11.jpg -> classified as: Qualitative Examples
[gdHtZlaaSo] figure_7.jpg -> classified as: Plots / Charts
[gdHtZlaaSo] figure_3.jpg -> classified as: Plots / Charts
[gdHtZlaaSo] figure_4.jpg -> classified as: Plots / Charts
[gdHtZlaaSo] figure_1.jpg -> classified as: Plots / Charts
[gdHtZlaaSo] figure_8.jpg -> classified as: Plots / Charts
[gdHtZlaaSo] figure_12.jpg -> classified as: Qualitative Examples
[gdHtZlaaSo] figure_14.jpg -> classified as: Qualitative Examples
[gdHtZlaaSo] figure_10.jpg -> classified as: Plots / Charts
[gdjTPCQxXJ] figure_A1.jpg -> classified as: Plots / Charts
[gdjTPCQxXJ] figure_2.jpg -> classified as: Plots / Charts
[gdjTPCQxXJ] figure_3.jpg -> classified as: Plots / Charts
[gdjTPCQxXJ] figure_unnamed_figure.jpg -> classified as: Other
  -> Skipping second pass (Other)
[gdjTPCQxXJ] figure_1.jpg -> classified as: Qualitative Examples
[gg6dPtdC1C] figure_5.jpg -> classified as: Qualitative Examples
[gg6dPtdC1C] figure_6.jpg -> classified as: Qualitative Examples
[gg6dPtdC1C] figure_9.jpg -> classified as: Qualitative Examples
[gg6dPtdC1C] figure_2.jpg -> classified as: Qualitative Examples
[gg6dPtdC1C] figure_11.jpg -> classified as: Architecture Diagram
[gg6dPtdC1C] figure_7.jpg -> classified as: Qualitative Examples
[gg6dPtdC1C] figure_3.jpg -> classified as: Architecture Diagram
[gg6dPtdC1C] figure_4.jpg -> classified as: Qualitative Examples
[gg6dPtdC1C] figure_1.jpg -> classified as: Qualitative Examples
[gg6dPtdC1C] figure_8.jpg -> classified as: Qualitative Examples
[gg6dPtdC1C] figure_12.jpg -> classified as: Qualitative Examples
[gg6dPtdC1C] figure_14.jpg -> classified as: Qualitative Examples
[gg6dPtdC1C] figure_10.jpg -> classified as: Qualitative Examples
[gisAooH2TG] figure_A.jpg -> classified as: Qualitative Examples
[gisAooH2TG] figure_B_3.jpg -> classified as: Other
  -> Skipping second pass (Other)
[gisAooH2TG] figure_B_6.jpg -> classified as: Other
  -> Skipping second pass (Other)
[gisAooH2TG] figure_2.jpg -> classified as: Qualitative Examples
[gisAooH2TG] figure_B_5.jpg -> classified as: Qualitative Examples
[gisAooH2TG] figure_C_1.jpg -> classified as: Qualitative Examples
[gisAooH2TG] figure_A_1.jpg -> classified as: Qualitative Examples
[gisAooH2TG] figure_B.jpg -> classified as: Other
  -> Skipping second pass (Other)
[gisAooH2TG] figure_D.jpg -> classified as: Other
  -> Skipping second pass (Other)
[gisAooH2TG] figure_B_4.jpg -> classified as: Other
  -> Skipping second pass (Other)
[gisAooH2TG] figure_B_1.jpg -> classified as: Qualitative Examples
[gisAooH2TG] figure_B_2.jpg -> classified as: Other
  -> Skipping second pass (Other)
[gisAooH2TG] figure_D_1.jpg -> classified as: Qualitative Examples
[gisAooH2TG] figure_C.jpg -> classified as: Plots / Charts
[gisAooH2TG] figure_1.jpg -> classified as: Architecture Diagram
[gjeQKFxFpZ] figure_5.jpg -> classified as: Plots / Charts
[gjeQKFxFpZ] figure_6.jpg -> classified as: Plots / Charts
[gjeQKFxFpZ] figure_2.jpg -> classified as: Plots / Charts
[gjeQKFxFpZ] figure_7.jpg -> classified as: Plots / Charts
[gjeQKFxFpZ] figure_3.jpg -> classified as: Plots / Charts
[gjeQKFxFpZ] figure_4.jpg -> classified as: Plots / Charts
[gjeQKFxFpZ] figure_1.jpg -> classified as: Architecture Diagram
[gjeQKFxFpZ] figure_8.jpg -> classified as: Other
  -> Skipping second pass (Other)
[gjwhDHeAsz] figure_5.jpg -> classified as: Plots / Charts
[gjwhDHeAsz] figure_6.jpg -> classified as: Qualitative Examples
[gjwhDHeAsz] figure_9.jpg -> classified as: Plots / Charts
[gjwhDHeAsz] figure_2.jpg -> classified as: Architecture Diagram
[gjwhDHeAsz] figure_7.jpg -> classified as: Plots / Charts
[gjwhDHeAsz] figure_3.jpg -> classified as: Plots / Charts
[gjwhDHeAsz] figure_4.jpg -> classified as: Plots / Charts
[gjwhDHeAsz] figure_1.jpg -> classified as: Qualitative Examples
[gn0mIhQGNM] figure_A7.jpg -> classified as: Qualitative Examples
[gn0mIhQGNM] figure_5.jpg -> classified as: Plots / Charts
[gn0mIhQGNM] figure_A1.jpg -> classified as: Plots / Charts
[gn0mIhQGNM] figure_6.jpg -> classified as: Qualitative Examples
[gn0mIhQGNM] figure_A8.jpg -> classified as: Qualitative Examples
[gn0mIhQGNM] figure_A2.jpg -> classified as: Plots / Charts
[gn0mIhQGNM] figure_2.jpg -> classified as: Plots / Charts
[gn0mIhQGNM] figure_3.jpg -> classified as: Qualitative Examples
[gn0mIhQGNM] figure_4.jpg -> classified as: Qualitative Examples
[gn0mIhQGNM] figure_A6.jpg -> classified as: Qualitative Examples
[gn0mIhQGNM] figure_1.jpg -> classified as: Architecture Diagram
[gn0mIhQGNM] figure_A4.jpg -> classified as: Qualitative Examples
[gn0mIhQGNM] figure_A5.jpg -> classified as: Qualitative Examples
[gn0mIhQGNM] figure_A9.jpg -> classified as: Qualitative Examples
[gn0mIhQGNM] figure_A3.jpg -> classified as: Plots / Charts
[gnWk0ZF22j] figure_2.jpg -> classified as: Architecture Diagram
[gnWk0ZF22j] figure_3.jpg -> classified as: Plots / Charts
[gnWk0ZF22j] figure_4.jpg -> classified as: Qualitative Examples
[gnWk0ZF22j] figure_1.jpg -> classified as: Qualitative Examples
[gqeXXrIMr0] figure_30.jpg -> classified as: Qualitative Examples
[gqeXXrIMr0] figure_19.jpg -> classified as: Qualitative Examples
[gqeXXrIMr0] figure_23.jpg -> classified as: Qualitative Examples
[gqeXXrIMr0] figure_29.jpg -> classified as: Qualitative Examples
[gqeXXrIMr0] figure_24.jpg -> classified as: Qualitative Examples
[gqeXXrIMr0] figure_5.jpg -> classified as: Qualitative Examples
[gqeXXrIMr0] figure_6.jpg -> classified as: Qualitative Examples
[gqeXXrIMr0] figure_9.jpg -> classified as: Qualitative Examples
[gqeXXrIMr0] figure_22.jpg -> classified as: Qualitative Examples
[gqeXXrIMr0] figure_28.jpg -> classified as: Qualitative Examples
[gqeXXrIMr0] figure_18.jpg -> classified as: Qualitative Examples
[gqeXXrIMr0] figure_13.jpg -> classified as: Qualitative Examples
[gqeXXrIMr0] figure_15.jpg -> classified as: Qualitative Examples
[gqeXXrIMr0] figure_2.jpg -> classified as: Qualitative Examples
[gqeXXrIMr0] figure_20.jpg -> classified as: Qualitative Examples
[gqeXXrIMr0] figure_11.jpg -> classified as: Qualitative Examples
[gqeXXrIMr0] figure_7.jpg -> classified as: Qualitative Examples
[gqeXXrIMr0] figure_3.jpg -> classified as: Qualitative Examples
[gqeXXrIMr0] figure_33.jpg -> classified as: Qualitative Examples
[gqeXXrIMr0] figure_4.jpg -> classified as: Qualitative Examples
[gqeXXrIMr0] figure_31.jpg -> classified as: Qualitative Examples
[gqeXXrIMr0] figure_17.jpg -> classified as: Qualitative Examples
[gqeXXrIMr0] figure_1.jpg -> classified as: Qualitative Examples
[gqeXXrIMr0] figure_27.jpg -> classified as: Qualitative Examples
[gqeXXrIMr0] figure_8.jpg -> classified as: Qualitative Examples
[gqeXXrIMr0] figure_12.jpg -> classified as: Qualitative Examples
[gqeXXrIMr0] figure_25.jpg -> classified as: Qualitative Examples
[gqeXXrIMr0] figure_21.jpg -> classified as: Qualitative Examples
[gqeXXrIMr0] figure_26.jpg -> classified as: Qualitative Examples
[gqeXXrIMr0] figure_14.jpg -> classified as: Qualitative Examples
[gqeXXrIMr0] figure_32.jpg -> classified as: Qualitative Examples
[gqeXXrIMr0] figure_16.jpg -> classified as: Qualitative Examples
[gqeXXrIMr0] figure_10.jpg -> classified as: Plots / Charts
[gql60q5W4z] figure_2.jpg -> classified as: Plots / Charts
[gql60q5W4z] figure_3.jpg -> classified as: Plots / Charts
[gql60q5W4z] figure_4.jpg -> classified as: Plots / Charts
[gql60q5W4z] figure_1.jpg -> classified as: Architecture Diagram
[gqtbL7j2JW] figure_5.jpg -> classified as: Qualitative Examples
[gqtbL7j2JW] figure_6.jpg -> classified as: Plots / Charts
[gqtbL7j2JW] figure_2.jpg -> classified as: Plots / Charts
[gqtbL7j2JW] figure_7.jpg -> classified as: Plots / Charts
[gqtbL7j2JW] figure_3.jpg -> classified as: Plots / Charts
[gqtbL7j2JW] figure_4.jpg -> classified as: Qualitative Examples
[gqtbL7j2JW] figure_1.jpg -> classified as: Architecture Diagram
[gqzknNJShg] figure_5.jpg -> classified as: Qualitative Examples
[gqzknNJShg] figure_6.jpg -> classified as: Plots / Charts
[gqzknNJShg] figure_9.jpg -> classified as: Plots / Charts
[gqzknNJShg] figure_2.jpg -> classified as: Plots / Charts
[gqzknNJShg] figure_7.jpg -> classified as: Plots / Charts
[gqzknNJShg] figure_3.jpg -> classified as: Architecture Diagram
[gqzknNJShg] figure_4.jpg -> classified as: Plots / Charts
[gqzknNJShg] figure_1.jpg -> classified as: Architecture Diagram
[gqzknNJShg] figure_8.jpg -> classified as: Plots / Charts
[gqzknNJShg] figure_10.jpg -> classified as: Plots / Charts
[gtfJxelOqu] figure_5.jpg -> classified as: Plots / Charts
[gtfJxelOqu] figure_2.jpg -> classified as: Plots / Charts
[gtfJxelOqu] figure_3.jpg -> classified as: Plots / Charts
[gtfJxelOqu] figure_4.jpg -> classified as: Plots / Charts
[gtfJxelOqu] figure_1.jpg -> classified as: Architecture Diagram
[gwDuW7Ok5f] figure_19.jpg -> classified as: Qualitative Examples
[gwDuW7Ok5f] figure_5.jpg -> classified as: Qualitative Examples
[gwDuW7Ok5f] figure_6.jpg -> classified as: Qualitative Examples
[gwDuW7Ok5f] figure_9.jpg -> classified as: Qualitative Examples
[gwDuW7Ok5f] figure_18.jpg -> classified as: Qualitative Examples
[gwDuW7Ok5f] figure_13.jpg -> classified as: Qualitative Examples
[gwDuW7Ok5f] figure_15.jpg -> classified as: Qualitative Examples
[gwDuW7Ok5f] figure_2.jpg -> classified as: Architecture Diagram
[gwDuW7Ok5f] figure_20.jpg -> classified as: Qualitative Examples
[gwDuW7Ok5f] figure_11.jpg -> classified as: Qualitative Examples
[gwDuW7Ok5f] figure_7.jpg -> classified as: Architecture Diagram
[gwDuW7Ok5f] figure_3.jpg -> classified as: Qualitative Examples
[gwDuW7Ok5f] figure_4.jpg -> classified as: Qualitative Examples
[gwDuW7Ok5f] figure_17.jpg -> classified as: Qualitative Examples
[gwDuW7Ok5f] figure_1.jpg -> classified as: Architecture Diagram
[gwDuW7Ok5f] figure_8.jpg -> classified as: Qualitative Examples
[gwDuW7Ok5f] figure_12.jpg -> classified as: Plots / Charts
[gwDuW7Ok5f] figure_14.jpg -> classified as: Qualitative Examples
[gwDuW7Ok5f] figure_16.jpg -> classified as: Qualitative Examples
[gwDuW7Ok5f] figure_10.jpg -> classified as: Architecture Diagram
[gxhRR8vUQb] figure_5.jpg -> classified as: Qualitative Examples
[gxhRR8vUQb] figure_6.jpg -> classified as: Qualitative Examples
[gxhRR8vUQb] figure_2.jpg -> classified as: Qualitative Examples
[gxhRR8vUQb] figure_3.jpg -> classified as: Plots / Charts
[gxhRR8vUQb] figure_4.jpg -> classified as: Qualitative Examples
[gxhRR8vUQb] figure_1.jpg -> classified as: Qualitative Examples
[gyJpajLkX2] figure_5.jpg -> classified as: Plots / Charts
[gyJpajLkX2] figure_2.jpg -> classified as: Qualitative Examples
[gyJpajLkX2] figure_3.jpg -> classified as: Plots / Charts
[gyJpajLkX2] figure_4.jpg -> classified as: Plots / Charts
[gyJpajLkX2] figure_1.jpg -> classified as: Other
  -> Skipping second pass (Other)
[gzqrANCF4g] figure_5.jpg -> classified as: Qualitative Examples
[gzqrANCF4g] figure_6.jpg -> classified as: Plots / Charts
[gzqrANCF4g] figure_2.jpg -> classified as: Architecture Diagram
[gzqrANCF4g] figure_7.jpg -> classified as: Architecture Diagram
[gzqrANCF4g] figure_3.jpg -> classified as: Qualitative Examples
[gzqrANCF4g] figure_4.jpg -> classified as: Qualitative Examples
[gzqrANCF4g] figure_1.jpg -> classified as: Plots / Charts
[gzqrANCF4g] figure_8.jpg -> classified as: Qualitative Examples
[h1sFUGlI09] figure_5.jpg -> classified as: Qualitative Examples
[h1sFUGlI09] figure_6.jpg -> classified as: Plots / Charts
[h1sFUGlI09] figure_9.jpg -> classified as: Plots / Charts
[h1sFUGlI09] figure_13.jpg -> classified as: Architecture Diagram
[h1sFUGlI09] figure_15.jpg -> classified as: Qualitative Examples
[h1sFUGlI09] figure_2.jpg -> classified as: Plots / Charts
[h1sFUGlI09] figure_11.jpg -> classified as: Architecture Diagram
[h1sFUGlI09] figure_7.jpg -> classified as: Qualitative Examples
[h1sFUGlI09] figure_3.jpg -> classified as: Architecture Diagram
[h1sFUGlI09] figure_4.jpg -> classified as: Architecture Diagram
[h1sFUGlI09] figure_1.jpg -> classified as: Architecture Diagram
[h1sFUGlI09] figure_8.jpg -> classified as: Qualitative Examples
[h1sFUGlI09] figure_12.jpg -> classified as: Plots / Charts
[h1sFUGlI09] figure_14.jpg -> classified as: Qualitative Examples
[h1sFUGlI09] figure_10.jpg -> classified as: Qualitative Examples
[h4pNROsO06] figure_5.jpg -> classified as: Plots / Charts
[h4pNROsO06] figure_6.jpg -> classified as: Plots / Charts
[h4pNROsO06] figure_9.jpg -> classified as: Plots / Charts
[h4pNROsO06] figure_2.jpg -> classified as: Plots / Charts
[h4pNROsO06] figure_7.jpg -> classified as: Plots / Charts
[h4pNROsO06] figure_3.jpg -> classified as: Plots / Charts
[h4pNROsO06] figure_4.jpg -> classified as: Plots / Charts
[h4pNROsO06] figure_1.jpg -> classified as: Plots / Charts
[h7aQxzKbq6] figure_5.jpg -> classified as: Qualitative Examples
[h7aQxzKbq6] figure_6.jpg -> classified as: Qualitative Examples
[h7aQxzKbq6] figure_9.jpg -> classified as: Other
  -> Skipping second pass (Other)
[h7aQxzKbq6] figure_13.jpg -> classified as: Qualitative Examples
[h7aQxzKbq6] figure_15.jpg -> classified as: Plots / Charts
[h7aQxzKbq6] figure_2.jpg -> classified as: Architecture Diagram
[h7aQxzKbq6] figure_7.jpg -> classified as: Qualitative Examples
[h7aQxzKbq6] figure_3.jpg -> classified as: Qualitative Examples
[h7aQxzKbq6] figure_4.jpg -> classified as: Plots / Charts
[h7aQxzKbq6] figure_17.jpg -> classified as: Qualitative Examples
[h7aQxzKbq6] figure_1.jpg -> classified as: Architecture Diagram
[h7aQxzKbq6] figure_8.jpg -> classified as: Qualitative Examples
[h7aQxzKbq6] figure_14.jpg -> classified as: Qualitative Examples
[h7aQxzKbq6] figure_16.jpg -> classified as: Qualitative Examples
[h7fZvaU93L] figure_19.jpg -> classified as: Qualitative Examples
[h7fZvaU93L] figure_5.jpg -> classified as: Architecture Diagram
[h7fZvaU93L] figure_6.jpg -> classified as: Qualitative Examples
[h7fZvaU93L] figure_9.jpg -> classified as: Plots / Charts
[h7fZvaU93L] figure_18.jpg -> classified as: Qualitative Examples
[h7fZvaU93L] figure_13.jpg -> classified as: Qualitative Examples
[h7fZvaU93L] figure_15.jpg -> classified as: Qualitative Examples
[h7fZvaU93L] figure_2.jpg -> classified as: Qualitative Examples
[h7fZvaU93L] figure_11.jpg -> classified as: Qualitative Examples
[h7fZvaU93L] figure_7.jpg -> classified as: Qualitative Examples
[h7fZvaU93L] figure_3.jpg -> classified as: Architecture Diagram
[h7fZvaU93L] figure_4.jpg -> classified as: Qualitative Examples
[h7fZvaU93L] figure_17.jpg -> classified as: Qualitative Examples
[h7fZvaU93L] figure_1.jpg -> classified as: Qualitative Examples
[h7fZvaU93L] figure_8.jpg -> classified as: Qualitative Examples
[h7fZvaU93L] figure_12.jpg -> classified as: Qualitative Examples
[h7fZvaU93L] figure_14.jpg -> classified as: Qualitative Examples
[h7fZvaU93L] figure_16.jpg -> classified as: Qualitative Examples
[h7fZvaU93L] figure_10.jpg -> classified as: Qualitative Examples
[h7nOCxFsPg] figure_5.jpg -> classified as: Qualitative Examples
[h7nOCxFsPg] figure_2.jpg -> classified as: Architecture Diagram
[h7nOCxFsPg] figure_3.jpg -> classified as: Plots / Charts
[h7nOCxFsPg] figure_4.jpg -> classified as: Plots / Charts
[h7nOCxFsPg] figure_1.jpg -> classified as: Architecture Diagram
[h8yg0hT96f] figure_5.jpg -> classified as: Plots / Charts
[h8yg0hT96f] figure_6.jpg -> classified as: Plots / Charts
[h8yg0hT96f] figure_9.jpg -> classified as: Qualitative Examples
[h8yg0hT96f] figure_2.jpg -> classified as: Plots / Charts
[h8yg0hT96f] figure_7.jpg -> classified as: Qualitative Examples
[h8yg0hT96f] figure_3.jpg -> classified as: Plots / Charts
[h8yg0hT96f] figure_4.jpg -> classified as: Qualitative Examples
[h8yg0hT96f] figure_1.jpg -> classified as: Qualitative Examples
[h8yg0hT96f] figure_8.jpg -> classified as: Qualitative Examples
[h922Qhkmx1] figure_2.jpg -> classified as: Architecture Diagram
[h922Qhkmx1] figure_3.jpg -> classified as: Qualitative Examples
[h922Qhkmx1] figure_1.jpg -> classified as: Plots / Charts
[hBGavkf61a] figure_5.jpg -> classified as: Qualitative Examples
[hBGavkf61a] figure_6.jpg -> classified as: Qualitative Examples
[hBGavkf61a] figure_(a)_Sampling_trajectory.jpg -> classified as: Plots / Charts
[hBGavkf61a] figure_9.jpg -> classified as: Plots / Charts
[hBGavkf61a] figure_18.jpg -> classified as: Qualitative Examples
[hBGavkf61a] figure_13.jpg -> classified as: Qualitative Examples
[hBGavkf61a] figure_15.jpg -> classified as: Qualitative Examples
[hBGavkf61a] figure_2.jpg -> classified as: Architecture Diagram
[hBGavkf61a] figure_11.jpg -> classified as: Qualitative Examples
[hBGavkf61a] figure_7.jpg -> classified as: Architecture Diagram
[hBGavkf61a] figure_3.jpg -> classified as: Plots / Charts
[hBGavkf61a] figure_4.jpg -> classified as: Plots / Charts
[hBGavkf61a] figure_(a)_Smooth_traversals.jpg -> classified as: Qualitative Examples
[hBGavkf61a] figure_17.jpg -> classified as: Qualitative Examples
[hBGavkf61a] figure_1.jpg -> classified as: Other
  -> Skipping second pass (Other)
[hBGavkf61a] figure_8.jpg -> classified as: Plots / Charts
[hBGavkf61a] figure_12.jpg -> classified as: Qualitative Examples
[hBGavkf61a] figure_14.jpg -> classified as: Qualitative Examples
[hBGavkf61a] figure_(b)_Sampling_trajectory.jpg -> classified as: Plots / Charts
[hBGavkf61a] figure_16.jpg -> classified as: Qualitative Examples
[hBGavkf61a] figure_10.jpg -> classified as: Plots / Charts
[hC4GdMOqvU] figure_2.jpg -> classified as: Architecture Diagram
[hC4GdMOqvU] figure_3.jpg -> classified as: Qualitative Examples
[hC4GdMOqvU] figure_4.jpg -> classified as: Qualitative Examples
[hC4GdMOqvU] figure_1.jpg -> classified as: Architecture Diagram
[hDBrQ4DApF] figure_latency__16.5s,_FPS_.jpg -> classified as: Other
  -> Skipping second pass (Other)
[hDBrQ4DApF] figure_latency__97.5s,_FPS_.jpg -> classified as: Other
  -> Skipping second pass (Other)
[hDBrQ4DApF] figure_5.jpg -> classified as: Architecture Diagram
[hDBrQ4DApF] figure_6.jpg -> classified as: Architecture Diagram
[hDBrQ4DApF] figure_9.jpg -> classified as: Plots / Charts
[hDBrQ4DApF] figure_18.jpg -> classified as: Qualitative Examples
[hDBrQ4DApF] figure_13.jpg -> classified as: Plots / Charts
[hDBrQ4DApF] figure_15.jpg -> classified as: Plots / Charts
[hDBrQ4DApF] figure_Open-Sora-Plan_Latte_latency_.jpg -> classified as: Other
  -> Skipping second pass (Other)
[hDBrQ4DApF] figure_2.jpg -> classified as: Plots / Charts
[hDBrQ4DApF] figure_11.jpg -> classified as: Plots / Charts
[hDBrQ4DApF] figure_7.jpg -> classified as: Plots / Charts
[hDBrQ4DApF] figure_3.jpg -> classified as: Architecture Diagram
[hDBrQ4DApF] figure_4.jpg -> classified as: Qualitative Examples
[hDBrQ4DApF] figure_Open-Sora.jpg -> classified as: Other
  -> Skipping second pass (Other)
[hDBrQ4DApF] figure_17.jpg -> classified as: Plots / Charts
[hDBrQ4DApF] figure_latency__139.5s,_FPS_.jpg -> classified as: Other
  -> Skipping second pass (Other)
[hDBrQ4DApF] figure_rompt__snow_falling.jpg -> classified as: Qualitative Examples
[hDBrQ4DApF] figure_8.jpg -> classified as: Plots / Charts
[hDBrQ4DApF] figure_14.jpg -> classified as: Plots / Charts
[hDBrQ4DApF] figure_16.jpg -> classified as: Qualitative Examples
[hDBrQ4DApF] figure_10.jpg -> classified as: Plots / Charts
[hF8jnnexSB] figure_5.jpg -> classified as: Plots / Charts
[hF8jnnexSB] figure_6.jpg -> classified as: Plots / Charts
[hF8jnnexSB] figure_2.jpg -> classified as: Plots / Charts
[hF8jnnexSB] figure_7.jpg -> classified as: Plots / Charts
[hF8jnnexSB] figure_3.jpg -> classified as: Plots / Charts
[hF8jnnexSB] figure_4.jpg -> classified as: Plots / Charts
[hF8jnnexSB] figure_1.jpg -> classified as: Architecture Diagram
[hI18CDyadM] figure_5.jpg -> classified as: Qualitative Examples
[hI18CDyadM] figure_6.jpg -> classified as: Qualitative Examples
[hI18CDyadM] figure_9.jpg -> classified as: Plots / Charts
[hI18CDyadM] figure_13.jpg -> classified as: Qualitative Examples
[hI18CDyadM] figure_2.jpg -> classified as: Architecture Diagram
[hI18CDyadM] figure_11.jpg -> classified as: Qualitative Examples
[hI18CDyadM] figure_7.jpg -> classified as: Qualitative Examples
[hI18CDyadM] figure_3.jpg -> classified as: Qualitative Examples
[hI18CDyadM] figure_4.jpg -> classified as: Qualitative Examples
[hI18CDyadM] figure_1.jpg -> classified as: Qualitative Examples
[hI18CDyadM] figure_8.jpg -> classified as: Qualitative Examples
[hI18CDyadM] figure_12.jpg -> classified as: Qualitative Examples
[hI18CDyadM] figure_10.jpg -> classified as: Qualitative Examples
[hIDoBRUt4e] figure_5.jpg -> classified as: Plots / Charts
[hIDoBRUt4e] figure_6.jpg -> classified as: Qualitative Examples
[hIDoBRUt4e] figure_9.jpg -> classified as: Qualitative Examples
[hIDoBRUt4e] figure_13.jpg -> classified as: Architecture Diagram
[hIDoBRUt4e] figure_15.jpg -> classified as: Qualitative Examples
[hIDoBRUt4e] figure_2.jpg -> classified as: Architecture Diagram
[hIDoBRUt4e] figure_11.jpg -> classified as: Plots / Charts
[hIDoBRUt4e] figure_7.jpg -> classified as: Qualitative Examples
[hIDoBRUt4e] figure_3.jpg -> classified as: Qualitative Examples
[hIDoBRUt4e] figure_4.jpg -> classified as: Plots / Charts
[hIDoBRUt4e] figure_17.jpg -> classified as: Qualitative Examples
[hIDoBRUt4e] figure_1.jpg -> classified as: Qualitative Examples
[hIDoBRUt4e] figure_8.jpg -> classified as: Plots / Charts
[hIDoBRUt4e] figure_12.jpg -> classified as: Qualitative Examples
[hIDoBRUt4e] figure_16.jpg -> classified as: Qualitative Examples
[hIDoBRUt4e] figure_10.jpg -> classified as: Qualitative Examples
[hIdnWVxA9Z] figure_5.jpg -> classified as: Plots / Charts
[hIdnWVxA9Z] figure_6.jpg -> classified as: Qualitative Examples
[hIdnWVxA9Z] figure_9.jpg -> classified as: Qualitative Examples
[hIdnWVxA9Z] figure_13.jpg -> classified as: Plots / Charts
[hIdnWVxA9Z] figure_15.jpg -> classified as: Qualitative Examples
[hIdnWVxA9Z] figure_2.jpg -> classified as: Plots / Charts
[hIdnWVxA9Z] figure_11.jpg -> classified as: Plots / Charts
[hIdnWVxA9Z] figure_7.jpg -> classified as: Qualitative Examples
[hIdnWVxA9Z] figure_3.jpg -> classified as: Qualitative Examples
[hIdnWVxA9Z] figure_4.jpg -> classified as: Qualitative Examples
[hIdnWVxA9Z] figure_17.jpg -> classified as: Qualitative Examples
[hIdnWVxA9Z] figure_1.jpg -> classified as: Qualitative Examples
[hIdnWVxA9Z] figure_8.jpg -> classified as: Plots / Charts
[hIdnWVxA9Z] figure_12.jpg -> classified as: Qualitative Examples
[hIdnWVxA9Z] figure_14.jpg -> classified as: Qualitative Examples
[hIdnWVxA9Z] figure_16.jpg -> classified as: Qualitative Examples
[hIdnWVxA9Z] figure_10.jpg -> classified as: Qualitative Examples
[hJCinlknXn] figure_5.jpg -> classified as: Plots / Charts
[hJCinlknXn] figure_6.jpg -> classified as: Plots / Charts
[hJCinlknXn] figure_2.jpg -> classified as: Architecture Diagram
[hJCinlknXn] figure_7.jpg -> classified as: Plots / Charts
[hJCinlknXn] figure_3.jpg -> classified as: Plots / Charts
[hJCinlknXn] figure_4.jpg -> classified as: Plots / Charts
[hJCinlknXn] figure_1.jpg -> classified as: Plots / Charts
[hJCinlknXn] figure_8.jpg -> classified as: Plots / Charts
[hJIEtJlvhL] figure_30.jpg -> classified as: Qualitative Examples
[hJIEtJlvhL] figure_19.jpg -> classified as: Qualitative Examples
[hJIEtJlvhL] figure_23.jpg -> classified as: Qualitative Examples
[hJIEtJlvhL] figure_29.jpg -> classified as: Qualitative Examples
[hJIEtJlvhL] figure_24.jpg -> classified as: Qualitative Examples
[hJIEtJlvhL] figure_5.jpg -> classified as: Qualitative Examples
[hJIEtJlvhL] figure_6.jpg -> classified as: Qualitative Examples
[hJIEtJlvhL] figure_9.jpg -> classified as: Qualitative Examples
[hJIEtJlvhL] figure_22.jpg -> classified as: Qualitative Examples
[hJIEtJlvhL] figure_28.jpg -> classified as: Qualitative Examples
[hJIEtJlvhL] figure_18.jpg -> classified as: Qualitative Examples
[hJIEtJlvhL] figure_13.jpg -> classified as: Qualitative Examples
[hJIEtJlvhL] figure_15.jpg -> classified as: Qualitative Examples
[hJIEtJlvhL] figure_2.jpg -> classified as: Qualitative Examples
[hJIEtJlvhL] figure_20.jpg -> classified as: Qualitative Examples
[hJIEtJlvhL] figure_11.jpg -> classified as: Qualitative Examples
[hJIEtJlvhL] figure_3.jpg -> classified as: Other
  -> Skipping second pass (Other)
[hJIEtJlvhL] figure_4.jpg -> classified as: Plots / Charts
[hJIEtJlvhL] figure_31.jpg -> classified as: Qualitative Examples
[hJIEtJlvhL] figure_17.jpg -> classified as: Qualitative Examples
[hJIEtJlvhL] figure_1.jpg -> classified as: Architecture Diagram
[hJIEtJlvhL] figure_27.jpg -> classified as: Qualitative Examples
[hJIEtJlvhL] figure_8.jpg -> classified as: Plots / Charts
[hJIEtJlvhL] figure_12.jpg -> classified as: Qualitative Examples
[hJIEtJlvhL] figure_25.jpg -> classified as: Qualitative Examples
[hJIEtJlvhL] figure_21.jpg -> classified as: Plots / Charts
[hJIEtJlvhL] figure_26.jpg -> classified as: Qualitative Examples
[hJIEtJlvhL] figure_14.jpg -> classified as: Qualitative Examples
[hJIEtJlvhL] figure_16.jpg -> classified as: Qualitative Examples
[hJIEtJlvhL] figure_10.jpg -> classified as: Qualitative Examples
[hLT9cW4Afz] figure_5.jpg -> classified as: Plots / Charts
[hLT9cW4Afz] figure_6.jpg -> classified as: Plots / Charts
[hLT9cW4Afz] figure_2.jpg -> classified as: Plots / Charts
[hLT9cW4Afz] figure_(b)_The_CAUSALCITE.jpg -> classified as: Plots / Charts
[hLT9cW4Afz] figure_3.jpg -> classified as: Plots / Charts
[hLT9cW4Afz] figure_4.jpg -> classified as: Plots / Charts
[hLT9cW4Afz] figure_1.jpg -> classified as: Architecture Diagram
[hPOt3yUXii] figure_5.jpg -> classified as: Plots / Charts
[hPOt3yUXii] figure_6.jpg -> classified as: Qualitative Examples
[hPOt3yUXii] figure_9.jpg -> classified as: Qualitative Examples
[hPOt3yUXii] figure_13.jpg -> classified as: Qualitative Examples
[hPOt3yUXii] figure_15.jpg -> classified as: Qualitative Examples
[hPOt3yUXii] figure_2.jpg -> classified as: Qualitative Examples
[hPOt3yUXii] figure_11.jpg -> classified as: Qualitative Examples
[hPOt3yUXii] figure_7.jpg -> classified as: Qualitative Examples
[hPOt3yUXii] figure_3.jpg -> classified as: Qualitative Examples
[hPOt3yUXii] figure_4.jpg -> classified as: Qualitative Examples
[hPOt3yUXii] figure_1.jpg -> classified as: Plots / Charts
[hPOt3yUXii] figure_8.jpg -> classified as: Qualitative Examples
[hPOt3yUXii] figure_12.jpg -> classified as: Qualitative Examples
[hPOt3yUXii] figure_14.jpg -> classified as: Qualitative Examples
[hPOt3yUXii] figure_16.jpg -> classified as: Qualitative Examples
[hPOt3yUXii] figure_10.jpg -> classified as: Qualitative Examples
[hPWWXpCaJ7] figure_5.jpg -> classified as: Plots / Charts
[hPWWXpCaJ7] figure_6.jpg -> classified as: Plots / Charts
[hPWWXpCaJ7] figure_9.jpg -> classified as: Qualitative Examples
[hPWWXpCaJ7] figure_13.jpg -> classified as: Qualitative Examples
[hPWWXpCaJ7] figure_2.jpg -> classified as: Architecture Diagram
[hPWWXpCaJ7] figure_7.jpg -> classified as: Qualitative Examples
[hPWWXpCaJ7] figure_3.jpg -> classified as: Qualitative Examples
[hPWWXpCaJ7] figure_4.jpg -> classified as: Qualitative Examples
[hPWWXpCaJ7] figure_1.jpg -> classified as: Architecture Diagram
[hPWWXpCaJ7] figure_Language_Instruction__put.jpg -> classified as: Qualitative Examples
[hPWWXpCaJ7] figure_Language_Instruction__go.jpg -> classified as: Qualitative Examples
[hPWWXpCaJ7] figure_8.jpg -> classified as: Plots / Charts
[hPWWXpCaJ7] figure_12.jpg -> classified as: Qualitative Examples
[hPWWXpCaJ7] figure_14.jpg -> classified as: Qualitative Examples
[hPWWXpCaJ7] figure_10.jpg -> classified as: Qualitative Examples
[hPq9weqiwp] figure_6.jpg -> classified as: Plots / Charts
[hPq9weqiwp] figure_2.jpg -> classified as: Architecture Diagram
[hPq9weqiwp] figure_7.jpg -> classified as: Architecture Diagram
[hPq9weqiwp] figure_3.jpg -> classified as: Plots / Charts
[hPq9weqiwp] figure_4.jpg -> classified as: Plots / Charts
[hPq9weqiwp] figure_1.jpg -> classified as: Plots / Charts
[hPq9weqiwp] figure_8.jpg -> classified as: Plots / Charts
[hQY03s8rOm] figure_5.jpg -> classified as: Plots / Charts
[hQY03s8rOm] figure_6.jpg -> classified as: Qualitative Examples
[hQY03s8rOm] figure_9.jpg -> classified as: Other
  -> Skipping second pass (Other)
[hQY03s8rOm] figure_2.jpg -> classified as: Architecture Diagram
[hQY03s8rOm] figure_11.jpg -> classified as: Other
  -> Skipping second pass (Other)
[hQY03s8rOm] figure_7.jpg -> classified as: Qualitative Examples
[hQY03s8rOm] figure_3.jpg -> classified as: Plots / Charts
[hQY03s8rOm] figure_4.jpg -> classified as: Plots / Charts
[hQY03s8rOm] figure_1.jpg -> classified as: Architecture Diagram
[hQY03s8rOm] figure_8.jpg -> classified as: Other
  -> Skipping second pass (Other)
[hQY03s8rOm] figure_10.jpg -> classified as: Plots / Charts
[hQvX9MBowC] figure_5.jpg -> classified as: Plots / Charts
[hQvX9MBowC] figure_6.jpg -> classified as: Plots / Charts
[hQvX9MBowC] figure_2.jpg -> classified as: Plots / Charts
[hQvX9MBowC] figure_7.jpg -> classified as: Plots / Charts
[hQvX9MBowC] figure_3.jpg -> classified as: Other
  -> Skipping second pass (Other)
[hQvX9MBowC] figure_4.jpg -> classified as: Qualitative Examples
[hQvX9MBowC] figure_1.jpg -> classified as: Architecture Diagram
[hQvX9MBowC] figure_8.jpg -> classified as: Plots / Charts
[hSyW5go0v8] figure_5.jpg -> classified as: Plots / Charts
[hSyW5go0v8] figure_2.jpg -> classified as: Qualitative Examples
[hSyW5go0v8] figure_3.jpg -> classified as: Plots / Charts
[hSyW5go0v8] figure_1.jpg -> classified as: Architecture Diagram
[hUdLs6TqZL] figure_19.jpg -> classified as: Plots / Charts
[hUdLs6TqZL] figure_23.jpg -> classified as: Plots / Charts
[hUdLs6TqZL] figure_24.jpg -> classified as: Plots / Charts
[hUdLs6TqZL] figure_5.jpg -> classified as: Plots / Charts
[hUdLs6TqZL] figure_(a)_LoRA_weights.jpg -> classified as: Plots / Charts
[hUdLs6TqZL] figure_9.jpg -> classified as: Qualitative Examples
[hUdLs6TqZL] figure_22.jpg -> classified as: Plots / Charts
[hUdLs6TqZL] figure_18.jpg -> classified as: Plots / Charts
[hUdLs6TqZL] figure_13.jpg -> classified as: Plots / Charts
[hUdLs6TqZL] figure_(a)_Derivation_of.jpg -> classified as: Architecture Diagram
[hUdLs6TqZL] figure_down_blocks.0.attentions.1.transformer_blocks.0.attn1.jpg -> classified as: Plots / Charts
[hUdLs6TqZL] figure_2.jpg -> classified as: Architecture Diagram
[hUdLs6TqZL] figure_20.jpg -> classified as: Plots / Charts
[hUdLs6TqZL] figure_11.jpg -> classified as: Plots / Charts
[hUdLs6TqZL] figure_7.jpg -> classified as: Plots / Charts
[hUdLs6TqZL] figure_3.jpg -> classified as: Architecture Diagram
[hUdLs6TqZL] figure_4.jpg -> classified as: Qualitative Examples
[hUdLs6TqZL] figure_17.jpg -> classified as: Plots / Charts
[hUdLs6TqZL] figure_1.jpg -> classified as: Plots / Charts
[hUdLs6TqZL] figure_27.jpg -> classified as: Qualitative Examples
[hUdLs6TqZL] figure_8.jpg -> classified as: Qualitative Examples
[hUdLs6TqZL] figure_12.jpg -> classified as: Qualitative Examples
[hUdLs6TqZL] figure_(b)_Multi-concept_generation.jpg -> classified as: Qualitative Examples
[hUdLs6TqZL] figure_25.jpg -> classified as: Plots / Charts
[hUdLs6TqZL] figure_21.jpg -> classified as: Plots / Charts
[hUdLs6TqZL] figure_26.jpg -> classified as: Plots / Charts
[hUdLs6TqZL] figure_14.jpg -> classified as: Qualitative Examples
[hUdLs6TqZL] figure_10.jpg -> classified as: Qualitative Examples
[hWjPRRyiqm] figure_5.jpg -> classified as: Plots / Charts
[hWjPRRyiqm] figure_6.jpg -> classified as: Architecture Diagram
[hWjPRRyiqm] figure_2.jpg -> classified as: Architecture Diagram
[hWjPRRyiqm] figure_7.jpg -> classified as: Qualitative Examples
[hWjPRRyiqm] figure_3.jpg -> classified as: Architecture Diagram
[hWjPRRyiqm] figure_4.jpg -> classified as: Qualitative Examples
[hWjPRRyiqm] figure_1.jpg -> classified as: Plots / Charts
[hWjPRRyiqm] figure_8.jpg -> classified as: Plots / Charts
[hYEV8QmaOt] figure_5.jpg -> classified as: Plots / Charts
[hYEV8QmaOt] figure_6.jpg -> classified as: Plots / Charts
[hYEV8QmaOt] figure_2.jpg -> classified as: Architecture Diagram
[hYEV8QmaOt] figure_3.jpg -> classified as: Qualitative Examples
[hYEV8QmaOt] figure_4.jpg -> classified as: Plots / Charts
[hYEV8QmaOt] figure_1.jpg -> classified as: Qualitative Examples
[haJHr4UsQX] figure_5.jpg -> classified as: Qualitative Examples
[haJHr4UsQX] figure_6.jpg -> classified as: Qualitative Examples
[haJHr4UsQX] figure_2.jpg -> classified as: Architecture Diagram
[haJHr4UsQX] figure_7.jpg -> classified as: Qualitative Examples
[haJHr4UsQX] figure_3.jpg -> classified as: Qualitative Examples
[haJHr4UsQX] figure_1.jpg -> classified as: Other
  -> Skipping second pass (Other)
[hcVd3zpVvg] figure_5.jpg -> classified as: Plots / Charts
[hcVd3zpVvg] figure_6.jpg -> classified as: Qualitative Examples
[hcVd3zpVvg] figure_2.jpg -> classified as: Architecture Diagram
[hcVd3zpVvg] figure_3.jpg -> classified as: Architecture Diagram
[hcVd3zpVvg] figure_4.jpg -> classified as: Qualitative Examples
[hcVd3zpVvg] figure_1.jpg -> classified as: Architecture Diagram
[hdoD5OYHPJ] figure_5.jpg -> classified as: Plots / Charts
[hdoD5OYHPJ] figure_6.jpg -> classified as: Plots / Charts
[hdoD5OYHPJ] figure_9.jpg -> classified as: Plots / Charts
[hdoD5OYHPJ] figure_2.jpg -> classified as: Plots / Charts
[hdoD5OYHPJ] figure_7.jpg -> classified as: Plots / Charts
[hdoD5OYHPJ] figure_3.jpg -> classified as: Plots / Charts
[hdoD5OYHPJ] figure_4.jpg -> classified as: Plots / Charts
[hdoD5OYHPJ] figure_1.jpg -> classified as: Architecture Diagram
[hdoD5OYHPJ] figure_8.jpg -> classified as: Plots / Charts
[he6mX9LTyE] figure_9.jpg -> classified as: Qualitative Examples
[he6mX9LTyE] figure_2.jpg -> classified as: Architecture Diagram
[he6mX9LTyE] figure_7.jpg -> classified as: Qualitative Examples
[he6mX9LTyE] figure_3.jpg -> classified as: Architecture Diagram
[he6mX9LTyE] figure_4.jpg -> classified as: Architecture Diagram
[he6mX9LTyE] figure_1.jpg -> classified as: Qualitative Examples
[he6mX9LTyE] figure_8.jpg -> classified as: Qualitative Examples
[hfAEEsIQ6D] figure_5.jpg -> classified as: Plots / Charts
[hfAEEsIQ6D] figure_6.jpg -> classified as: Plots / Charts
[hfAEEsIQ6D] figure_9.jpg -> classified as: Plots / Charts
[hfAEEsIQ6D] figure_13.jpg -> classified as: Plots / Charts
[hfAEEsIQ6D] figure_2.jpg -> classified as: Qualitative Examples
[hfAEEsIQ6D] figure_(g)_SpaceInvaders_igure_1.jpg -> classified as: Plots / Charts
[hfAEEsIQ6D] figure_11.jpg -> classified as: Plots / Charts
[hfAEEsIQ6D] figure_7.jpg -> classified as: Plots / Charts
[hfAEEsIQ6D] figure_3.jpg -> classified as: Plots / Charts
[hfAEEsIQ6D] figure_4.jpg -> classified as: Plots / Charts
[hfAEEsIQ6D] figure_(g)_SpaceInvaders_igure.jpg -> classified as: Plots / Charts
[hfAEEsIQ6D] figure_1.jpg -> classified as: Architecture Diagram
[hfAEEsIQ6D] figure_8.jpg -> classified as: Plots / Charts
[hfAEEsIQ6D] figure_12.jpg -> classified as: Plots / Charts
[hfAEEsIQ6D] figure_16.jpg -> classified as: Plots / Charts
[hfAEEsIQ6D] figure_10.jpg -> classified as: Plots / Charts
[hgTFotBRKl] figure_5.jpg -> classified as: Qualitative Examples
[hgTFotBRKl] figure_6.jpg -> classified as: Qualitative Examples
[hgTFotBRKl] figure_9.jpg -> classified as: Qualitative Examples
[hgTFotBRKl] figure_18.jpg -> classified as: Qualitative Examples
[hgTFotBRKl] figure_15.jpg -> classified as: Qualitative Examples
[hgTFotBRKl] figure_2.jpg -> classified as: Architecture Diagram
[hgTFotBRKl] figure_20.jpg -> classified as: Qualitative Examples
[hgTFotBRKl] figure_11.jpg -> classified as: Qualitative Examples
[hgTFotBRKl] figure_7.jpg -> classified as: Qualitative Examples
[hgTFotBRKl] figure_3.jpg -> classified as: Qualitative Examples
[hgTFotBRKl] figure_4.jpg -> classified as: Plots / Charts
[hgTFotBRKl] figure_1.jpg -> classified as: Qualitative Examples
[hgTFotBRKl] figure_8.jpg -> classified as: Qualitative Examples
[hgTFotBRKl] figure_12.jpg -> classified as: Qualitative Examples
[hgTFotBRKl] figure_14.jpg -> classified as: Qualitative Examples
[hgTFotBRKl] figure_16.jpg -> classified as: Qualitative Examples
[hgTFotBRKl] figure_10.jpg -> classified as: Qualitative Examples
[hgayrNSbri] figure_5.jpg -> classified as: Qualitative Examples
[hgayrNSbri] figure_6.jpg -> classified as: Qualitative Examples
[hgayrNSbri] figure_2.jpg -> classified as: Qualitative Examples
[hgayrNSbri] figure_3.jpg -> classified as: Plots / Charts
[hgayrNSbri] figure_4.jpg -> classified as: Plots / Charts
[hgayrNSbri] figure_1.jpg -> classified as: Architecture Diagram
[hgcxwrrGZf] figure_2.jpg -> classified as: Architecture Diagram
[hgcxwrrGZf] figure_1.jpg -> classified as: Architecture Diagram
[hgehGq2bDv] figure_5.jpg -> classified as: Qualitative Examples
[hgehGq2bDv] figure_6.jpg -> classified as: Qualitative Examples
[hgehGq2bDv] figure_9.jpg -> classified as: Qualitative Examples
[hgehGq2bDv] figure_13.jpg -> classified as: Qualitative Examples
[hgehGq2bDv] figure_2.jpg -> classified as: Architecture Diagram
[hgehGq2bDv] figure_11.jpg -> classified as: Qualitative Examples
[hgehGq2bDv] figure_7.jpg -> classified as: Qualitative Examples
[hgehGq2bDv] figure_3.jpg -> classified as: Architecture Diagram
[hgehGq2bDv] figure_4.jpg -> classified as: Qualitative Examples
[hgehGq2bDv] figure_1.jpg -> classified as: Qualitative Examples
[hgehGq2bDv] figure_8.jpg -> classified as: Qualitative Examples
[hgehGq2bDv] figure_12.jpg -> classified as: Qualitative Examples
[hgehGq2bDv] figure_10.jpg -> classified as: Qualitative Examples
[hgvERMkXOx] figure_2.jpg -> classified as: Qualitative Examples
[hgvERMkXOx] figure_3.jpg -> classified as: Plots / Charts
[hgvERMkXOx] figure_1.jpg -> classified as: Architecture Diagram
[hkL8djXrMM] figure_2.jpg -> classified as: Plots / Charts
[hkL8djXrMM] figure_1.jpg -> classified as: Architecture Diagram
[hkWHdI8ss5] figure_(b)_Rationality_of.jpg -> classified as: Plots / Charts
[hkWHdI8ss5] figure_5.jpg -> classified as: Plots / Charts
[hkWHdI8ss5] figure_6.jpg -> classified as: Qualitative Examples
[hkWHdI8ss5] figure_9.jpg -> classified as: Qualitative Examples
[hkWHdI8ss5] figure_2.jpg -> classified as: Architecture Diagram
[hkWHdI8ss5] figure_7.jpg -> classified as: Qualitative Examples
[hkWHdI8ss5] figure_3.jpg -> classified as: Qualitative Examples
[hkWHdI8ss5] figure_4.jpg -> classified as: Qualitative Examples
[hkWHdI8ss5] figure_1.jpg -> classified as: Qualitative Examples
[hkWHdI8ss5] figure_8.jpg -> classified as: Qualitative Examples
[hkgULK8u4d] figure_5.jpg -> classified as: Architecture Diagram
[hkgULK8u4d] figure_6.jpg -> classified as: Plots / Charts
[hkgULK8u4d] figure_9.jpg -> classified as: Plots / Charts
[hkgULK8u4d] figure_13.jpg -> classified as: Architecture Diagram
[hkgULK8u4d] figure_2.jpg -> classified as: Architecture Diagram
[hkgULK8u4d] figure_11.jpg -> classified as: Plots / Charts
[hkgULK8u4d] figure_7.jpg -> classified as: Plots / Charts
[hkgULK8u4d] figure_3.jpg -> classified as: Architecture Diagram
[hkgULK8u4d] figure_4.jpg -> classified as: Architecture Diagram
[hkgULK8u4d] figure_1.jpg -> classified as: Plots / Charts
[hkgULK8u4d] figure_8.jpg -> classified as: Plots / Charts
[hkgULK8u4d] figure_12.jpg -> classified as: Plots / Charts
[hkgULK8u4d] figure_10.jpg -> classified as: Plots / Charts
[hnrB5YHoYu] figure_A_2.jpg -> classified as: Qualitative Examples
[hnrB5YHoYu] figure_(c)_Prompt_w_.jpg -> classified as: Qualitative Examples
[hnrB5YHoYu] figure_(b)_Prompt__“macro.jpg -> classified as: Qualitative Examples
[hnrB5YHoYu] figure_(b)_Adjusted_DFT,.jpg -> classified as: Architecture Diagram
[hnrB5YHoYu] figure_(a)_Prompt__“juice.jpg -> classified as: Qualitative Examples
[hnrB5YHoYu] figure_A.jpg -> classified as: Plots / Charts
[hnrB5YHoYu] figure_5.jpg -> classified as: Qualitative Examples
[hnrB5YHoYu] figure_(d)_Prompt__“_u201c.jpg -> classified as: Qualitative Examples
[hnrB5YHoYu] figure_(b)_Prompt_w__1.jpg -> classified as: Qualitative Examples
[hnrB5YHoYu] figure_A_9.jpg -> classified as: Qualitative Examples
[hnrB5YHoYu] figure_A_3.jpg -> classified as: Qualitative Examples
[hnrB5YHoYu] figure_A_12.jpg -> classified as: Qualitative Examples
[hnrB5YHoYu] figure_A_10.jpg -> classified as: Qualitative Examples
[hnrB5YHoYu] figure_(c)_Prompt_w__3.jpg -> classified as: Qualitative Examples
[hnrB5YHoYu] figure_(a)_Prompt_w_.jpg -> classified as: Qualitative Examples
[hnrB5YHoYu] figure_(a)_Prompt_w__1.jpg -> classified as: Qualitative Examples
[hnrB5YHoYu] figure_(c)_Prompt__“A.jpg -> classified as: Qualitative Examples
[hnrB5YHoYu] figure_(b)_Prompt_with.jpg -> classified as: Qualitative Examples
[hnrB5YHoYu] figure_2.jpg -> classified as: Architecture Diagram
[hnrB5YHoYu] figure_A_6.jpg -> classified as: Qualitative Examples
[hnrB5YHoYu] figure_(b)_Prompt_w__2.jpg -> classified as: Qualitative Examples
[hnrB5YHoYu] figure_(a)_Prompt_w__2.jpg -> classified as: Qualitative Examples
[hnrB5YHoYu] figure_A_8.jpg -> classified as: Qualitative Examples
[hnrB5YHoYu] figure_A_7.jpg -> classified as: Qualitative Examples
[hnrB5YHoYu] figure_A_1.jpg -> classified as: Qualitative Examples
[hnrB5YHoYu] figure_A_5.jpg -> classified as: Qualitative Examples
[hnrB5YHoYu] figure_3.jpg -> classified as: Qualitative Examples
[hnrB5YHoYu] figure_4.jpg -> classified as: Plots / Charts
[hnrB5YHoYu] figure_(c)_Prompt_w__2.jpg -> classified as: Qualitative Examples
[hnrB5YHoYu] figure_(a)_Prompt__“Painting.jpg -> classified as: Qualitative Examples
[hnrB5YHoYu] figure_(d)_Prompt__“Pointillism.jpg -> classified as: Qualitative Examples
[hnrB5YHoYu] figure_1.jpg -> classified as: Plots / Charts
[hnrB5YHoYu] figure_A_4.jpg -> classified as: Qualitative Examples
[hnrB5YHoYu] figure_(a)_Prompt_with.jpg -> classified as: Qualitative Examples
[hnrB5YHoYu] figure_(c)_Prompt_w__1.jpg -> classified as: Qualitative Examples
[hnrB5YHoYu] figure_A_11.jpg -> classified as: Qualitative Examples
[hnrB5YHoYu] figure_(b)_Prompt_w_.jpg -> classified as: Qualitative Examples
[hnrB5YHoYu] figure_(a)_Prompt_w__3.jpg -> classified as: Qualitative Examples
[ho4mNiwr2n] figure_5.jpg -> classified as: Plots / Charts
[ho4mNiwr2n] figure_6.jpg -> classified as: Plots / Charts
[ho4mNiwr2n] figure_9.jpg -> classified as: Plots / Charts
[ho4mNiwr2n] figure_13.jpg -> classified as: Qualitative Examples
[ho4mNiwr2n] figure_15.jpg -> classified as: Qualitative Examples
[ho4mNiwr2n] figure_2.jpg -> classified as: Qualitative Examples
[ho4mNiwr2n] figure_11.jpg -> classified as: Plots / Charts
[ho4mNiwr2n] figure_7.jpg -> classified as: Plots / Charts
[ho4mNiwr2n] figure_3.jpg -> classified as: Plots / Charts
[ho4mNiwr2n] figure_4.jpg -> classified as: Plots / Charts
[ho4mNiwr2n] figure_Training_Stage.jpg -> classified as: Architecture Diagram
[ho4mNiwr2n] figure_1.jpg -> classified as: Architecture Diagram
[ho4mNiwr2n] figure_8.jpg -> classified as: Architecture Diagram
[ho4mNiwr2n] figure_12.jpg -> classified as: Qualitative Examples
[ho4mNiwr2n] figure_10.jpg -> classified as: Plots / Charts
[hpdt0skySQ] figure_1.jpg -> classified as: Architecture Diagram
[hrXt6Fdl2P] figure_5.jpg -> classified as: Qualitative Examples
[hrXt6Fdl2P] figure_2.jpg -> classified as: Plots / Charts
[hrXt6Fdl2P] figure_3.jpg -> classified as: Qualitative Examples
[hrXt6Fdl2P] figure_4.jpg -> classified as: Qualitative Examples
[hrXt6Fdl2P] figure_1.jpg -> classified as: Architecture Diagram
[hujS6bmduD] figure_2.jpg -> classified as: Architecture Diagram
[hujS6bmduD] figure_1.jpg -> classified as: Plots / Charts
[hxAveMWogn] figure_2.jpg -> classified as: Qualitative Examples
[hxAveMWogn] figure_1.jpg -> classified as: Qualitative Examples
[hy84B74XFt] figure_5.jpg -> classified as: Qualitative Examples
[hy84B74XFt] figure_6.jpg -> classified as: Plots / Charts
[hy84B74XFt] figure_2.jpg -> classified as: Architecture Diagram
[hy84B74XFt] figure_3.jpg -> classified as: Qualitative Examples
[hy84B74XFt] figure_4.jpg -> classified as: Qualitative Examples
[hy84B74XFt] figure_1.jpg -> classified as: Architecture Diagram
[hywpSoHwgX] figure_S1.jpg -> classified as: Qualitative Examples
[hywpSoHwgX] figure_5.jpg -> classified as: Qualitative Examples
[hywpSoHwgX] figure_6.jpg -> classified as: Qualitative Examples
[hywpSoHwgX] figure_2.jpg -> classified as: Architecture Diagram
[hywpSoHwgX] figure_3.jpg -> classified as: Architecture Diagram
[hywpSoHwgX] figure_4.jpg -> classified as: Architecture Diagram
[hywpSoHwgX] figure_1.jpg -> classified as: Qualitative Examples
[hzVpZDrW73] figure_5.jpg -> classified as: Architecture Diagram
[hzVpZDrW73] figure_2.jpg -> classified as: Architecture Diagram
[hzVpZDrW73] figure_7.jpg -> classified as: Qualitative Examples
[hzVpZDrW73] figure_3.jpg -> classified as: Architecture Diagram
[hzVpZDrW73] figure_4.jpg -> classified as: Architecture Diagram
[hzVpZDrW73] figure_1.jpg -> classified as: Plots / Charts
[hzVpZDrW73] figure_8.jpg -> classified as: Qualitative Examples
[i1bBVKRVb5] figure_5.jpg -> classified as: Architecture Diagram
[i1bBVKRVb5] figure_6.jpg -> classified as: Architecture Diagram
[i1bBVKRVb5] figure_2.jpg -> classified as: Architecture Diagram
[i1bBVKRVb5] figure_7.jpg -> classified as: Architecture Diagram
[i1bBVKRVb5] figure_3.jpg -> classified as: Architecture Diagram
[i1bBVKRVb5] figure_4.jpg -> classified as: Qualitative Examples
[i1bBVKRVb5] figure_1.jpg -> classified as: Plots / Charts
[i1bBVKRVb5] figure_8.jpg -> classified as: Qualitative Examples
[i2r7LDjba3] figure_5.jpg -> classified as: Qualitative Examples
[i2r7LDjba3] figure_6.jpg -> classified as: Qualitative Examples
[i2r7LDjba3] figure_9.jpg -> classified as: Qualitative Examples
[i2r7LDjba3] figure_2.jpg -> classified as: Qualitative Examples
[i2r7LDjba3] figure_11.jpg -> classified as: Qualitative Examples
[i2r7LDjba3] figure_7.jpg -> classified as: Qualitative Examples
[i2r7LDjba3] figure_3.jpg -> classified as: Qualitative Examples
[i2r7LDjba3] figure_4.jpg -> classified as: Qualitative Examples
[i2r7LDjba3] figure_1.jpg -> classified as: Architecture Diagram
[i2r7LDjba3] figure_8.jpg -> classified as: Qualitative Examples
[i2r7LDjba3] figure_10.jpg -> classified as: Qualitative Examples
[i2ue8J6aqI] figure_5.jpg -> classified as: Plots / Charts
[i2ue8J6aqI] figure_6.jpg -> classified as: Plots / Charts
[i2ue8J6aqI] figure_9.jpg -> classified as: Qualitative Examples
[i2ue8J6aqI] figure_2.jpg -> classified as: Architecture Diagram
[i2ue8J6aqI] figure_7.jpg -> classified as: Plots / Charts
[i2ue8J6aqI] figure_3.jpg -> classified as: Plots / Charts
[i2ue8J6aqI] figure_4.jpg -> classified as: Plots / Charts
[i2ue8J6aqI] figure_1.jpg -> classified as: Architecture Diagram
[i2ue8J6aqI] figure_8.jpg -> classified as: Plots / Charts
[i4ouG6Kc8M] figure_5.jpg -> classified as: Qualitative Examples
[i4ouG6Kc8M] figure_6.jpg -> classified as: Qualitative Examples
[i4ouG6Kc8M] figure_2.jpg -> classified as: Plots / Charts
[i4ouG6Kc8M] figure_7.jpg -> classified as: Qualitative Examples
[i4ouG6Kc8M] figure_3.jpg -> classified as: Plots / Charts
[i4ouG6Kc8M] figure_4.jpg -> classified as: Plots / Charts
[i4ouG6Kc8M] figure_1.jpg -> classified as: Plots / Charts
[i4ouG6Kc8M] figure_8.jpg -> classified as: Qualitative Examples
[i5MrJ6g5G1] figure_5.jpg -> classified as: Plots / Charts
[i5MrJ6g5G1] figure_6.jpg -> classified as: Plots / Charts
[i5MrJ6g5G1] figure_2.jpg -> classified as: Plots / Charts
[i5MrJ6g5G1] figure_3.jpg -> classified as: Plots / Charts
[i5MrJ6g5G1] figure_4.jpg -> classified as: Qualitative Examples
[i5MrJ6g5G1] figure_1.jpg -> classified as: Other
  -> Skipping second pass (Other)
[i6jYK0hd0B] figure_2.jpg -> classified as: Architecture Diagram
[i6jYK0hd0B] figure_3.jpg -> classified as: Plots / Charts
[i6jYK0hd0B] figure_4.jpg -> classified as: Plots / Charts
[i6jYK0hd0B] figure_1.jpg -> classified as: Qualitative Examples
[i7drKWhFCo] figure_B.5_SCRUBBING_IDENTITY.jpg -> classified as: Plots / Charts
[i7drKWhFCo] figure_5.jpg -> classified as: Qualitative Examples
[i7drKWhFCo] figure_6.jpg -> classified as: Plots / Charts
[i7drKWhFCo] figure_9.jpg -> classified as: Plots / Charts
[i7drKWhFCo] figure_2.jpg -> classified as: Plots / Charts
[i7drKWhFCo] figure_7.jpg -> classified as: Qualitative Examples
[i7drKWhFCo] figure_3.jpg -> classified as: Plots / Charts
[i7drKWhFCo] figure_4.jpg -> classified as: Qualitative Examples
[i7drKWhFCo] figure_1.jpg -> classified as: Architecture Diagram
[i7drKWhFCo] figure_10.jpg -> classified as: Qualitative Examples
[i7hXOqzUcK] figure_we_do_have.jpg -> classified as: Qualitative Examples
[i7hXOqzUcK] figure_5.jpg -> classified as: Qualitative Examples
[i7hXOqzUcK] figure_6.jpg -> classified as: Qualitative Examples
[i7hXOqzUcK] figure_Look_at_the.jpg -> classified as: Qualitative Examples
[i7hXOqzUcK] figure_(a)__True__example.jpg -> classified as: Qualitative Examples
[i7hXOqzUcK] figure_Is_the_highlighted.jpg -> classified as: Qualitative Examples
[i7hXOqzUcK] figure_2.jpg -> classified as: Qualitative Examples
[i7hXOqzUcK] figure_11.jpg -> classified as: Qualitative Examples
[i7hXOqzUcK] figure_7.jpg -> classified as: Architecture Diagram
[i7hXOqzUcK] figure_3.jpg -> classified as: Architecture Diagram
[i7hXOqzUcK] figure_4.jpg -> classified as: Plots / Charts
[i7hXOqzUcK] figure_1.jpg -> classified as: Plots / Charts
[i7hXOqzUcK] figure_8.jpg -> classified as: Qualitative Examples
[i7hXOqzUcK] figure_10.jpg -> classified as: Architecture Diagram
[i92ssjkZCz] figure_2.jpg -> classified as: Architecture Diagram
[i92ssjkZCz] figure_3.jpg -> classified as: Qualitative Examples
[i92ssjkZCz] figure_4.jpg -> classified as: Qualitative Examples
[i92ssjkZCz] figure_1.jpg -> classified as: Plots / Charts
[iAW2EQXfwb] figure_(a)_Example_levels_1.jpg -> classified as: Qualitative Examples
[iAW2EQXfwb] figure_5.jpg -> classified as: Qualitative Examples
[iAW2EQXfwb] figure_(a)_Example_levels.jpg -> classified as: Qualitative Examples
[iAW2EQXfwb] figure_(b)_Example_levels_3.jpg -> classified as: Qualitative Examples
[iAW2EQXfwb] figure_(b)_Example_levels_5.jpg -> classified as: Qualitative Examples
[iAW2EQXfwb] figure_2.jpg -> classified as: Plots / Charts
[iAW2EQXfwb] figure_(b)_Example_levels_2.jpg -> classified as: Qualitative Examples
[iAW2EQXfwb] figure_3.jpg -> classified as: Plots / Charts
[iAW2EQXfwb] figure_4.jpg -> classified as: Qualitative Examples
[iAW2EQXfwb] figure_(b)_Example_levels.jpg -> classified as: Qualitative Examples
[iAW2EQXfwb] figure_(b)_Example_levels_4.jpg -> classified as: Qualitative Examples
[iAW2EQXfwb] figure_1.jpg -> classified as: Architecture Diagram
[iAW2EQXfwb] figure_(b)_Example_levels_1.jpg -> classified as: Qualitative Examples
[iBS5SmeofT] figure_5.jpg -> classified as: Plots / Charts
[iBS5SmeofT] figure_6.jpg -> classified as: Plots / Charts
[iBS5SmeofT] figure_9.jpg -> classified as: Qualitative Examples
[iBS5SmeofT] figure_13.jpg -> classified as: Plots / Charts
[iBS5SmeofT] figure_15.jpg -> classified as: Plots / Charts
[iBS5SmeofT] figure_2.jpg -> classified as: Plots / Charts
[iBS5SmeofT] figure_11.jpg -> classified as: Qualitative Examples
[iBS5SmeofT] figure_7.jpg -> classified as: Plots / Charts
[iBS5SmeofT] figure_3.jpg -> classified as: Plots / Charts
[iBS5SmeofT] figure_4.jpg -> classified as: Plots / Charts
[iBS5SmeofT] figure_1.jpg -> classified as: Qualitative Examples
[iBS5SmeofT] figure_8.jpg -> classified as: Plots / Charts
[iBS5SmeofT] figure_12.jpg -> classified as: Qualitative Examples
[iBS5SmeofT] figure_14.jpg -> classified as: Plots / Charts
[iBS5SmeofT] figure_16.jpg -> classified as: Qualitative Examples
[iBS5SmeofT] figure_10.jpg -> classified as: Qualitative Examples
[iDcWYtYUwX] figure_5.jpg -> classified as: Architecture Diagram
[iDcWYtYUwX] figure_6.jpg -> classified as: Architecture Diagram
[iDcWYtYUwX] figure_9.jpg -> classified as: Plots / Charts
[iDcWYtYUwX] figure_13.jpg -> classified as: Architecture Diagram
[iDcWYtYUwX] figure_15.jpg -> classified as: Qualitative Examples
[iDcWYtYUwX] figure_2.jpg -> classified as: Qualitative Examples
[iDcWYtYUwX] figure_11.jpg -> classified as: Qualitative Examples
[iDcWYtYUwX] figure_7.jpg -> classified as: Architecture Diagram
[iDcWYtYUwX] figure_3.jpg -> classified as: Other
  -> Skipping second pass (Other)
[iDcWYtYUwX] figure_4.jpg -> classified as: Qualitative Examples
[iDcWYtYUwX] figure_1.jpg -> classified as: Architecture Diagram
[iDcWYtYUwX] figure_8.jpg -> classified as: Plots / Charts
[iDcWYtYUwX] figure_12.jpg -> classified as: Qualitative Examples
[iDcWYtYUwX] figure_14.jpg -> classified as: Qualitative Examples
[iDcWYtYUwX] figure_10.jpg -> classified as: Plots / Charts
[iG7qH9Kdao] figure_19.jpg -> classified as: Plots / Charts
[iG7qH9Kdao] figure_5.jpg -> classified as: Plots / Charts
[iG7qH9Kdao] figure_9.jpg -> classified as: Qualitative Examples
[iG7qH9Kdao] figure_13.jpg -> classified as: Plots / Charts
[iG7qH9Kdao] figure_15.jpg -> classified as: Plots / Charts
[iG7qH9Kdao] figure_2.jpg -> classified as: Architecture Diagram
[iG7qH9Kdao] figure_20.jpg -> classified as: Plots / Charts
[iG7qH9Kdao] figure_7.jpg -> classified as: Plots / Charts
[iG7qH9Kdao] figure_3.jpg -> classified as: Plots / Charts
[iG7qH9Kdao] figure_4.jpg -> classified as: Plots / Charts
[iG7qH9Kdao] figure_17.jpg -> classified as: Plots / Charts
[iG7qH9Kdao] figure_1.jpg -> classified as: Qualitative Examples
[iG7qH9Kdao] figure_8.jpg -> classified as: Plots / Charts
[iG7qH9Kdao] figure_12.jpg -> classified as: Plots / Charts
[iG7qH9Kdao] figure_14.jpg -> classified as: Plots / Charts
[iG7qH9Kdao] figure_16.jpg -> classified as: Plots / Charts
[iG7qH9Kdao] figure_10.jpg -> classified as: Qualitative Examples
[iGV6Sg5bI0] figure_5.jpg -> classified as: Plots / Charts
[iGV6Sg5bI0] figure_6.jpg -> classified as: Plots / Charts
[iGV6Sg5bI0] figure_9.jpg -> classified as: Plots / Charts
[iGV6Sg5bI0] figure_2.jpg -> classified as: Architecture Diagram
[iGV6Sg5bI0] figure_7.jpg -> classified as: Architecture Diagram
[iGV6Sg5bI0] figure_3.jpg -> classified as: Plots / Charts
[iGV6Sg5bI0] figure_4.jpg -> classified as: Plots / Charts
[iGV6Sg5bI0] figure_1.jpg -> classified as: Architecture Diagram
[iGV6Sg5bI0] figure_8.jpg -> classified as: Qualitative Examples
[iGafR0hSln] figure_5.jpg -> classified as: Plots / Charts
[iGafR0hSln] figure_2.jpg -> classified as: Architecture Diagram
[iGafR0hSln] figure_3.jpg -> classified as: Qualitative Examples
[iGafR0hSln] figure_4.jpg -> classified as: Plots / Charts
[iGafR0hSln] figure_1.jpg -> classified as: Qualitative Examples
[iGbuc9ekKK] figure_5.jpg -> classified as: Plots / Charts
[iGbuc9ekKK] figure_6.jpg -> classified as: Qualitative Examples
[iGbuc9ekKK] figure_9.jpg -> classified as: Qualitative Examples
[iGbuc9ekKK] figure_2.jpg -> classified as: Qualitative Examples
[iGbuc9ekKK] figure_(a)_We_use.jpg -> classified as: Architecture Diagram
[iGbuc9ekKK] figure_11.jpg -> classified as: Qualitative Examples
[iGbuc9ekKK] figure_(b)_Accuracy_on.jpg -> classified as: Plots / Charts
[iGbuc9ekKK] figure_7.jpg -> classified as: Qualitative Examples
[iGbuc9ekKK] figure_3.jpg -> classified as: Architecture Diagram
[iGbuc9ekKK] figure_4.jpg -> classified as: Qualitative Examples
[iGbuc9ekKK] figure_8.jpg -> classified as: Other
  -> Skipping second pass (Other)
[iGbuc9ekKK] figure_12.jpg -> classified as: Qualitative Examples
[iGbuc9ekKK] figure_10.jpg -> classified as: Qualitative Examples
[iH49a0yxgF] figure_2.jpg -> classified as: Plots / Charts
[iH49a0yxgF] figure_3.jpg -> classified as: Plots / Charts
[iH49a0yxgF] figure_1.jpg -> classified as: Architecture Diagram
[iHSp6wvQmV] figure_5.jpg -> classified as: Plots / Charts
[iHSp6wvQmV] figure_6.jpg -> classified as: Plots / Charts
[iHSp6wvQmV] figure_2.jpg -> classified as: Architecture Diagram
[iHSp6wvQmV] figure_3.jpg -> classified as: Qualitative Examples
[iHSp6wvQmV] figure_4.jpg -> classified as: Plots / Charts
[iHSp6wvQmV] figure_2_1.jpg -> classified as: Plots / Charts
[iHSp6wvQmV] figure_5_1.jpg -> classified as: Plots / Charts
[iHSp6wvQmV] figure_4_1.jpg -> classified as: Qualitative Examples
[iHSp6wvQmV] figure_1.jpg -> classified as: Qualitative Examples
[iHSp6wvQmV] figure_3_1.jpg -> classified as: Qualitative Examples
[iHSp6wvQmV] figure_1_1.jpg -> classified as: Plots / Charts
[iI7hZSczxE] figure_5.jpg -> classified as: Plots / Charts
[iI7hZSczxE] figure_6.jpg -> classified as: Plots / Charts
[iI7hZSczxE] figure_2.jpg -> classified as: Architecture Diagram
[iI7hZSczxE] figure_3.jpg -> classified as: Architecture Diagram
[iI7hZSczxE] figure_4.jpg -> classified as: Plots / Charts
[iI7hZSczxE] figure_1.jpg -> classified as: Qualitative Examples
[iIGNrDwDuP] figure_5.jpg -> classified as: Plots / Charts
[iIGNrDwDuP] figure_2.jpg -> classified as: Plots / Charts
[iIGNrDwDuP] figure_3.jpg -> classified as: Plots / Charts
[iIGNrDwDuP] figure_4.jpg -> classified as: Plots / Charts
[iIGNrDwDuP] figure_1.jpg -> classified as: Plots / Charts
[iINUF4n33F] figure_1.jpg -> classified as: Architecture Diagram
[iIT02bAKzv] figure_5.jpg -> classified as: Qualitative Examples
[iIT02bAKzv] figure_6.jpg -> classified as: Plots / Charts
[iIT02bAKzv] figure_2.jpg -> classified as: Architecture Diagram
[iIT02bAKzv] figure_3.jpg -> classified as: Plots / Charts
[iIT02bAKzv] figure_4.jpg -> classified as: Plots / Charts
[iIT02bAKzv] figure_1.jpg -> classified as: Plots / Charts
[iJi7nz5Cxc] figure_5.jpg -> classified as: Plots / Charts
[iJi7nz5Cxc] figure_6.jpg -> classified as: Qualitative Examples
[iJi7nz5Cxc] figure_9.jpg -> classified as: Plots / Charts
[iJi7nz5Cxc] figure_15.jpg -> classified as: Qualitative Examples
[iJi7nz5Cxc] figure_2.jpg -> classified as: Architecture Diagram
[iJi7nz5Cxc] figure_11.jpg -> classified as: Qualitative Examples
[iJi7nz5Cxc] figure_7.jpg -> classified as: Plots / Charts
[iJi7nz5Cxc] figure_3.jpg -> classified as: Qualitative Examples
[iJi7nz5Cxc] figure_4.jpg -> classified as: Qualitative Examples
[iJi7nz5Cxc] figure_1.jpg -> classified as: Qualitative Examples
[iJi7nz5Cxc] figure_8.jpg -> classified as: Plots / Charts
[iJi7nz5Cxc] figure_12.jpg -> classified as: Qualitative Examples
[iJi7nz5Cxc] figure_14.jpg -> classified as: Qualitative Examples
[iJi7nz5Cxc] figure_10.jpg -> classified as: Plots / Charts
[iKDbLpVgQc] figure_5.jpg -> classified as: Qualitative Examples
[iKDbLpVgQc] figure_A1.jpg -> classified as: Teaser Image
[iKDbLpVgQc] figure_6.jpg -> classified as: Qualitative Examples
[iKDbLpVgQc] figure_A2.jpg -> classified as: Teaser Image
[iKDbLpVgQc] figure_9.jpg -> classified as: Qualitative Examples
[iKDbLpVgQc] figure_2.jpg -> classified as: Architecture Diagram
[iKDbLpVgQc] figure_7.jpg -> classified as: Qualitative Examples
[iKDbLpVgQc] figure_3.jpg -> classified as: Qualitative Examples
[iKDbLpVgQc] figure_4.jpg -> classified as: Qualitative Examples
[iKDbLpVgQc] figure_1.jpg -> classified as: Qualitative Examples
[iKDbLpVgQc] figure_A4.jpg -> classified as: Qualitative Examples
[iKDbLpVgQc] figure_A5.jpg -> classified as: Qualitative Examples
[iKDbLpVgQc] figure_8.jpg -> classified as: Qualitative Examples
[iKDbLpVgQc] figure_A3.jpg -> classified as: Qualitative Examples
[iKd99CYwPX] figure_5.jpg -> classified as: Plots / Charts
[iKd99CYwPX] figure_6.jpg -> classified as: Qualitative Examples
[iKd99CYwPX] figure_9.jpg -> classified as: Plots / Charts
[iKd99CYwPX] figure_18.jpg -> classified as: Plots / Charts
[iKd99CYwPX] figure_13.jpg -> classified as: Plots / Charts
[iKd99CYwPX] figure_15.jpg -> classified as: Qualitative Examples
[iKd99CYwPX] figure_2.jpg -> classified as: Plots / Charts
[iKd99CYwPX] figure_11.jpg -> classified as: Plots / Charts
[iKd99CYwPX] figure_7.jpg -> classified as: Other
  -> Skipping second pass (Other)
[iKd99CYwPX] figure_3.jpg -> classified as: Plots / Charts
[iKd99CYwPX] figure_4.jpg -> classified as: Plots / Charts
[iKd99CYwPX] figure_17.jpg -> classified as: Qualitative Examples
[iKd99CYwPX] figure_(a)_Unconditional_source.jpg -> classified as: Plots / Charts
[iKd99CYwPX] figure_1.jpg -> classified as: Plots / Charts
[iKd99CYwPX] figure_8.jpg -> classified as: Other
  -> Skipping second pass (Other)
[iKd99CYwPX] figure_12.jpg -> classified as: Plots / Charts
[iKd99CYwPX] figure_14.jpg -> classified as: Qualitative Examples
[iKd99CYwPX] figure_16.jpg -> classified as: Qualitative Examples
[iKd99CYwPX] figure_10.jpg -> classified as: Plots / Charts
[iObosMNqxc] figure_5.jpg -> classified as: Plots / Charts
[iObosMNqxc] figure_2.jpg -> classified as: Architecture Diagram
[iObosMNqxc] figure_3.jpg -> classified as: Plots / Charts
[iObosMNqxc] figure_4.jpg -> classified as: Plots / Charts
[iObosMNqxc] figure_1.jpg -> classified as: Plots / Charts
[iS7c9lkXuF] figure_2.jpg -> classified as: Qualitative Examples
[iS7c9lkXuF] figure_3.jpg -> classified as: Qualitative Examples
[iS7c9lkXuF] figure_1.jpg -> classified as: Architecture Diagram
[iSAgvYhZzg] figure_5.jpg -> classified as: Plots / Charts
[iSAgvYhZzg] figure_6.jpg -> classified as: Qualitative Examples
[iSAgvYhZzg] figure_9.jpg -> classified as: Plots / Charts
[iSAgvYhZzg] figure_2.jpg -> classified as: Architecture Diagram
[iSAgvYhZzg] figure_7.jpg -> classified as: Qualitative Examples
[iSAgvYhZzg] figure_3.jpg -> classified as: Plots / Charts
[iSAgvYhZzg] figure_4.jpg -> classified as: Plots / Charts
[iSAgvYhZzg] figure_1.jpg -> classified as: Architecture Diagram
[iSAgvYhZzg] figure_8.jpg -> classified as: Qualitative Examples
[iSAgvYhZzg] figure_10.jpg -> classified as: Qualitative Examples
[iSdHl6qEs2] figure_2.jpg -> classified as: Architecture Diagram
[iSdHl6qEs2] figure_3.jpg -> classified as: Architecture Diagram
[iSdHl6qEs2] figure_1.jpg -> classified as: Architecture Diagram
[iTm4H6N4aG] figure_5.jpg -> classified as: Architecture Diagram
[iTm4H6N4aG] figure_6.jpg -> classified as: Qualitative Examples
[iTm4H6N4aG] figure_9.jpg -> classified as: Qualitative Examples
[iTm4H6N4aG] figure_13.jpg -> classified as: Qualitative Examples
[iTm4H6N4aG] figure_15.jpg -> classified as: Qualitative Examples
[iTm4H6N4aG] figure_2.jpg -> classified as: Qualitative Examples
[iTm4H6N4aG] figure_11.jpg -> classified as: Plots / Charts
[iTm4H6N4aG] figure_7.jpg -> classified as: Qualitative Examples
[iTm4H6N4aG] figure_3.jpg -> classified as: Other
  -> Skipping second pass (Other)
[iTm4H6N4aG] figure_4.jpg -> classified as: Plots / Charts
[iTm4H6N4aG] figure_1.jpg -> classified as: Qualitative Examples
[iTm4H6N4aG] figure_8.jpg -> classified as: Plots / Charts
[iTm4H6N4aG] figure_12.jpg -> classified as: Plots / Charts
[iTm4H6N4aG] figure_10.jpg -> classified as: Plots / Charts
[iVMcYxTiVM] figure_5.jpg -> classified as: Plots / Charts
[iVMcYxTiVM] figure_6.jpg -> classified as: Plots / Charts
[iVMcYxTiVM] figure_9.jpg -> classified as: Qualitative Examples
[iVMcYxTiVM] figure_13.jpg -> classified as: Plots / Charts
[iVMcYxTiVM] figure_2.jpg -> classified as: Plots / Charts
[iVMcYxTiVM] figure_11.jpg -> classified as: Qualitative Examples
[iVMcYxTiVM] figure_7.jpg -> classified as: Qualitative Examples
[iVMcYxTiVM] figure_3.jpg -> classified as: Plots / Charts
[iVMcYxTiVM] figure_4.jpg -> classified as: Plots / Charts
[iVMcYxTiVM] figure_1.jpg -> classified as: Plots / Charts
[iVMcYxTiVM] figure_8.jpg -> classified as: Plots / Charts
[iVMcYxTiVM] figure_12.jpg -> classified as: Plots / Charts
[iVMcYxTiVM] figure_10.jpg -> classified as: Plots / Charts
[iVxxgZlXh6] figure_5.jpg -> classified as: Plots / Charts
[iVxxgZlXh6] figure_6.jpg -> classified as: Plots / Charts
[iVxxgZlXh6] figure_9.jpg -> classified as: Plots / Charts
[iVxxgZlXh6] figure_13.jpg -> classified as: Plots / Charts
[iVxxgZlXh6] figure_2.jpg -> classified as: Architecture Diagram
[iVxxgZlXh6] figure_11.jpg -> classified as: Plots / Charts
[iVxxgZlXh6] figure_7.jpg -> classified as: Architecture Diagram
[iVxxgZlXh6] figure_3.jpg -> classified as: Architecture Diagram
[iVxxgZlXh6] figure_1.jpg -> classified as: Qualitative Examples
[iVxxgZlXh6] figure_8.jpg -> classified as: Qualitative Examples
[iVxxgZlXh6] figure_12.jpg -> classified as: Plots / Charts
[iVxxgZlXh6] figure_14.jpg -> classified as: Qualitative Examples
[iVxxgZlXh6] figure_10.jpg -> classified as: Plots / Charts
[iX7eHHE5Tx] figure_5.jpg -> classified as: Plots / Charts
[iX7eHHE5Tx] figure_6.jpg -> classified as: Plots / Charts
[iX7eHHE5Tx] figure_2.jpg -> classified as: Qualitative Examples
[iX7eHHE5Tx] figure_3.jpg -> classified as: Architecture Diagram
[iX7eHHE5Tx] figure_4.jpg -> classified as: Plots / Charts
[iX7eHHE5Tx] figure_1.jpg -> classified as: Architecture Diagram
[iXCeQ2m6vT] figure_A.jpg -> classified as: Architecture Diagram
[iXCeQ2m6vT] figure_5.jpg -> classified as: Plots / Charts
[iXCeQ2m6vT] figure_6.jpg -> classified as: Qualitative Examples
[iXCeQ2m6vT] figure_B_3.jpg -> classified as: Qualitative Examples
[iXCeQ2m6vT] figure_2.jpg -> classified as: Architecture Diagram
[iXCeQ2m6vT] figure_B.jpg -> classified as: Qualitative Examples
[iXCeQ2m6vT] figure_7.jpg -> classified as: Plots / Charts
[iXCeQ2m6vT] figure_E.jpg -> classified as: Qualitative Examples
[iXCeQ2m6vT] figure_3.jpg -> classified as: Qualitative Examples
[iXCeQ2m6vT] figure_D.jpg -> classified as: Plots / Charts
[iXCeQ2m6vT] figure_4.jpg -> classified as: Plots / Charts
[iXCeQ2m6vT] figure_B_1.jpg -> classified as: Qualitative Examples
[iXCeQ2m6vT] figure_B_2.jpg -> classified as: Qualitative Examples
[iXCeQ2m6vT] figure_D_1.jpg -> classified as: Plots / Charts
[iXCeQ2m6vT] figure_1.jpg -> classified as: Architecture Diagram
[iXbUquaWbl] figure_5.jpg -> classified as: Plots / Charts
[iXbUquaWbl] figure_6.jpg -> classified as: Plots / Charts
[iXbUquaWbl] figure_2.jpg -> classified as: Plots / Charts
[iXbUquaWbl] figure_11.jpg -> classified as: Plots / Charts
[iXbUquaWbl] figure_7.jpg -> classified as: Plots / Charts
[iXbUquaWbl] figure_4.jpg -> classified as: Qualitative Examples
[iXbUquaWbl] figure_1.jpg -> classified as: Qualitative Examples
[iXbUquaWbl] figure_K__Num._mixture.jpg -> classified as: Qualitative Examples
[iXbUquaWbl] figure_8.jpg -> classified as: Plots / Charts
[iXbUquaWbl] figure_12.jpg -> classified as: Plots / Charts
[iXbUquaWbl] figure_10.jpg -> classified as: Plots / Charts
[iZl0VqEdxa] figure_5.jpg -> classified as: Qualitative Examples
[iZl0VqEdxa] figure_6.jpg -> classified as: Plots / Charts
[iZl0VqEdxa] figure_9.jpg -> classified as: Plots / Charts
[iZl0VqEdxa] figure_13.jpg -> classified as: Qualitative Examples
[iZl0VqEdxa] figure_2.jpg -> classified as: Plots / Charts
[iZl0VqEdxa] figure_11.jpg -> classified as: Qualitative Examples
[iZl0VqEdxa] figure_3.jpg -> classified as: Plots / Charts
[iZl0VqEdxa] figure_4.jpg -> classified as: Plots / Charts
[iZl0VqEdxa] figure_D_APPENDIX__SELECTING.jpg -> classified as: Plots / Charts
[iZl0VqEdxa] figure_1.jpg -> classified as: Architecture Diagram
[iZl0VqEdxa] figure_8.jpg -> classified as: Plots / Charts
[iZl0VqEdxa] figure_12.jpg -> classified as: Qualitative Examples
[iZl0VqEdxa] figure_10.jpg -> classified as: Qualitative Examples
[ia5wG0Fp2U] figure_2.jpg -> classified as: Architecture Diagram
[ia5wG0Fp2U] figure_1.jpg -> classified as: Architecture Diagram
[if8iIYcmVC] figure_5.jpg -> classified as: Qualitative Examples
[if8iIYcmVC] figure_6.jpg -> classified as: Qualitative Examples
[if8iIYcmVC] figure_9.jpg -> classified as: Qualitative Examples
[if8iIYcmVC] figure_13.jpg -> classified as: Qualitative Examples
[if8iIYcmVC] figure_2.jpg -> classified as: Architecture Diagram
[if8iIYcmVC] figure_11.jpg -> classified as: Qualitative Examples
[if8iIYcmVC] figure_7.jpg -> classified as: Qualitative Examples
[if8iIYcmVC] figure_3.jpg -> classified as: Qualitative Examples
[if8iIYcmVC] figure_4.jpg -> classified as: Qualitative Examples
[if8iIYcmVC] figure_1.jpg -> classified as: Plots / Charts
[if8iIYcmVC] figure_14.jpg -> classified as: Qualitative Examples
[if8iIYcmVC] figure_10.jpg -> classified as: Qualitative Examples
[ig2wk7kK9J] figure_5.jpg -> classified as: Qualitative Examples
[ig2wk7kK9J] figure_6.jpg -> classified as: Qualitative Examples
[ig2wk7kK9J] figure_9.jpg -> classified as: Qualitative Examples
[ig2wk7kK9J] figure_2.jpg -> classified as: Qualitative Examples
[ig2wk7kK9J] figure_7.jpg -> classified as: Qualitative Examples
[ig2wk7kK9J] figure_3.jpg -> classified as: Plots / Charts
[ig2wk7kK9J] figure_4.jpg -> classified as: Qualitative Examples
[ig2wk7kK9J] figure_1.jpg -> classified as: Qualitative Examples
[ig2wk7kK9J] figure_8.jpg -> classified as: Qualitative Examples
[ig2wk7kK9J] figure_10.jpg -> classified as: Plots / Charts
[igfDXfMvm5] figure_5.jpg -> classified as: Plots / Charts
[igfDXfMvm5] figure_6.jpg -> classified as: Qualitative Examples
[igfDXfMvm5] figure_9.jpg -> classified as: Qualitative Examples
[igfDXfMvm5] figure_13.jpg -> classified as: Plots / Charts
[igfDXfMvm5] figure_2.jpg -> classified as: Architecture Diagram
[igfDXfMvm5] figure_11.jpg -> classified as: Qualitative Examples
[igfDXfMvm5] figure_7.jpg -> classified as: Qualitative Examples
[igfDXfMvm5] figure_3.jpg -> classified as: Plots / Charts
[igfDXfMvm5] figure_4.jpg -> classified as: Qualitative Examples
[igfDXfMvm5] figure_1.jpg -> classified as: Qualitative Examples
[igfDXfMvm5] figure_8.jpg -> classified as: Qualitative Examples
[igfDXfMvm5] figure_12.jpg -> classified as: Qualitative Examples
[igfDXfMvm5] figure_14.jpg -> classified as: Plots / Charts
[igfDXfMvm5] figure_10.jpg -> classified as: Qualitative Examples
[igpiMCYEjM] figure_5.jpg -> classified as: Qualitative Examples
[igpiMCYEjM] figure_6.jpg -> classified as: Qualitative Examples
[igpiMCYEjM] figure_9.jpg -> classified as: Qualitative Examples
[igpiMCYEjM] figure_13.jpg -> classified as: Qualitative Examples
[igpiMCYEjM] figure_2.jpg -> classified as: Architecture Diagram
[igpiMCYEjM] figure_11.jpg -> classified as: Qualitative Examples
[igpiMCYEjM] figure_7.jpg -> classified as: Qualitative Examples
[igpiMCYEjM] figure_3.jpg -> classified as: Qualitative Examples
[igpiMCYEjM] figure_4.jpg -> classified as: Qualitative Examples
[igpiMCYEjM] figure_1.jpg -> classified as: Qualitative Examples
[igpiMCYEjM] figure_8.jpg -> classified as: Qualitative Examples
[igpiMCYEjM] figure_12.jpg -> classified as: Qualitative Examples
[igpiMCYEjM] figure_10.jpg -> classified as: Qualitative Examples
[ijoqFqSC7p] figure_5.jpg -> classified as: Qualitative Examples
[ijoqFqSC7p] figure_6.jpg -> classified as: Qualitative Examples
[ijoqFqSC7p] figure_2.jpg -> classified as: Qualitative Examples
[ijoqFqSC7p] figure_7.jpg -> classified as: Qualitative Examples
[ijoqFqSC7p] figure_3.jpg -> classified as: Architecture Diagram
[ijoqFqSC7p] figure_4.jpg -> classified as: Qualitative Examples
[ijoqFqSC7p] figure_1.jpg -> classified as: Qualitative Examples
[ijoqFqSC7p] figure_8.jpg -> classified as: Qualitative Examples
[imT03YXlG2] figure_19.jpg -> classified as: Plots / Charts
[imT03YXlG2] figure_5.jpg -> classified as: Plots / Charts
[imT03YXlG2] figure_6.jpg -> classified as: Plots / Charts
[imT03YXlG2] figure_9.jpg -> classified as: Qualitative Examples
[imT03YXlG2] figure_22.jpg -> classified as: Plots / Charts
[imT03YXlG2] figure_18.jpg -> classified as: Other
  -> Skipping second pass (Other)
[imT03YXlG2] figure_13.jpg -> classified as: Qualitative Examples
[imT03YXlG2] figure_15.jpg -> classified as: Plots / Charts
[imT03YXlG2] figure_2.jpg -> classified as: Plots / Charts
[imT03YXlG2] figure_20.jpg -> classified as: Plots / Charts
[imT03YXlG2] figure_11.jpg -> classified as: Plots / Charts
[imT03YXlG2] figure_7.jpg -> classified as: Architecture Diagram
[imT03YXlG2] figure_3.jpg -> classified as: Qualitative Examples
[imT03YXlG2] figure_4.jpg -> classified as: Qualitative Examples
[imT03YXlG2] figure_17.jpg -> classified as: Plots / Charts
[imT03YXlG2] figure_1.jpg -> classified as: Architecture Diagram
[imT03YXlG2] figure_8.jpg -> classified as: Plots / Charts
[imT03YXlG2] figure_12.jpg -> classified as: Qualitative Examples
[imT03YXlG2] figure_21.jpg -> classified as: Plots / Charts
[imT03YXlG2] figure_14.jpg -> classified as: Qualitative Examples
[imT03YXlG2] figure_16.jpg -> classified as: Plots / Charts
[imT03YXlG2] figure_10.jpg -> classified as: Qualitative Examples
[imZcqOrbig] figure_5.jpg -> classified as: Plots / Charts
[imZcqOrbig] figure_6.jpg -> classified as: Plots / Charts
[imZcqOrbig] figure_2.jpg -> classified as: Architecture Diagram
[imZcqOrbig] figure_3.jpg -> classified as: Architecture Diagram
[imZcqOrbig] figure_4.jpg -> classified as: Architecture Diagram
[imZcqOrbig] figure_1.jpg -> classified as: Plots / Charts
[inpLTODeA6] figure_6.jpg -> classified as: Qualitative Examples
[inpLTODeA6] figure_2.jpg -> classified as: Qualitative Examples
[inpLTODeA6] figure_11.jpg -> classified as: Qualitative Examples
[inpLTODeA6] figure_Claude-3.5_Sonnet_.jpg -> classified as: Qualitative Examples
[inpLTODeA6] figure_3.jpg -> classified as: Plots / Charts
[inpLTODeA6] figure_4.jpg -> classified as: Plots / Charts
[inpLTODeA6] figure_1.jpg -> classified as: Other
  -> Skipping second pass (Other)
[inpLTODeA6] figure_10.jpg -> classified as: Qualitative Examples
[ip5LHJs6QX] figure_6.jpg -> classified as: Qualitative Examples
[ip5LHJs6QX] figure_9.jpg -> classified as: Plots / Charts
[ip5LHJs6QX] figure_2.jpg -> classified as: Plots / Charts
[ip5LHJs6QX] figure_7.jpg -> classified as: Plots / Charts
[ip5LHJs6QX] figure_3.jpg -> classified as: Plots / Charts
[ip5LHJs6QX] figure_4.jpg -> classified as: Qualitative Examples
[ip5LHJs6QX] figure_1.jpg -> classified as: Architecture Diagram
[ip5LHJs6QX] figure_8.jpg -> classified as: Plots / Charts
[iplOFSOzS2] figure_5.jpg -> classified as: Plots / Charts
[iplOFSOzS2] figure_9.jpg -> classified as: Plots / Charts
[iplOFSOzS2] figure_Query__Is_there_2.jpg -> classified as: Other
  -> Skipping second pass (Other)
[iplOFSOzS2] figure_13.jpg -> classified as: Qualitative Examples
[iplOFSOzS2] figure_2.jpg -> classified as: Plots / Charts
[iplOFSOzS2] figure_11.jpg -> classified as: Plots / Charts
[iplOFSOzS2] figure_7.jpg -> classified as: Plots / Charts
[iplOFSOzS2] figure_Query__Is_there.jpg -> classified as: Other
  -> Skipping second pass (Other)
[iplOFSOzS2] figure_3.jpg -> classified as: Qualitative Examples
[iplOFSOzS2] figure_4.jpg -> classified as: Plots / Charts
[iplOFSOzS2] figure_Query__Is_there_1.jpg -> classified as: Other
  -> Skipping second pass (Other)
[iplOFSOzS2] figure_1.jpg -> classified as: Plots / Charts
[iplOFSOzS2] figure_8.jpg -> classified as: Qualitative Examples
[iplOFSOzS2] figure_12.jpg -> classified as: Plots / Charts
[iplOFSOzS2] figure_14.jpg -> classified as: Teaser Image
[iplOFSOzS2] figure_10.jpg -> classified as: Qualitative Examples
[itJj6p7ssr] figure_5.jpg -> classified as: Plots / Charts
[itJj6p7ssr] figure_6.jpg -> classified as: Plots / Charts
[itJj6p7ssr] figure_9.jpg -> classified as: Plots / Charts
[itJj6p7ssr] figure_2.jpg -> classified as: Plots / Charts
[itJj6p7ssr] figure_11.jpg -> classified as: Plots / Charts
[itJj6p7ssr] figure_7.jpg -> classified as: Architecture Diagram
[itJj6p7ssr] figure_3.jpg -> classified as: Architecture Diagram
[itJj6p7ssr] figure_4.jpg -> classified as: Architecture Diagram
[itJj6p7ssr] figure_1.jpg -> classified as: Architecture Diagram
[itJj6p7ssr] figure_8.jpg -> classified as: Plots / Charts
[itJj6p7ssr] figure_10.jpg -> classified as: Architecture Diagram
[itKMOWSP6K] figure_5.jpg -> classified as: Qualitative Examples
[itKMOWSP6K] figure_6.jpg -> classified as: Qualitative Examples
[itKMOWSP6K] figure_2.jpg -> classified as: Architecture Diagram
[itKMOWSP6K] figure_3.jpg -> classified as: Architecture Diagram
[itKMOWSP6K] figure_4.jpg -> classified as: Architecture Diagram
[itKMOWSP6K] figure_1.jpg -> classified as: Architecture Diagram
[ittdt7tKND] figure_5.jpg -> classified as: Qualitative Examples
[ittdt7tKND] figure_6.jpg -> classified as: Qualitative Examples
[ittdt7tKND] figure_9.jpg -> classified as: Qualitative Examples
[ittdt7tKND] figure_2.jpg -> classified as: Architecture Diagram
[ittdt7tKND] figure_11.jpg -> classified as: Qualitative Examples
[ittdt7tKND] figure_7.jpg -> classified as: Qualitative Examples
[ittdt7tKND] figure_3.jpg -> classified as: Plots / Charts
[ittdt7tKND] figure_4.jpg -> classified as: Plots / Charts
[ittdt7tKND] figure_1.jpg -> classified as: Architecture Diagram
[ittdt7tKND] figure_8.jpg -> classified as: Architecture Diagram
[ittdt7tKND] figure_10.jpg -> classified as: Qualitative Examples
[iuxaCU3DI7] figure_2.jpg -> classified as: Architecture Diagram
[iuxaCU3DI7] figure_3.jpg -> classified as: Qualitative Examples
[iuxaCU3DI7] figure_4.jpg -> classified as: Plots / Charts
[ix2yRWarPn] figure_A_2.jpg -> classified as: Qualitative Examples
[ix2yRWarPn] figure_A.jpg -> classified as: Qualitative Examples
[ix2yRWarPn] figure_A_3.jpg -> classified as: Qualitative Examples
[ix2yRWarPn] figure_2.jpg -> classified as: Plots / Charts
[ix2yRWarPn] figure_A_1.jpg -> classified as: Qualitative Examples
[ix2yRWarPn] figure_3.jpg -> classified as: Plots / Charts
[ix2yRWarPn] figure_4.jpg -> classified as: Plots / Charts
[ix2yRWarPn] figure_1.jpg -> classified as: Architecture Diagram
[ixP76Y33y1] figure_5.jpg -> classified as: Plots / Charts
[ixP76Y33y1] figure_2.jpg -> classified as: Plots / Charts
[ixP76Y33y1] figure_3.jpg -> classified as: Plots / Charts
[ixP76Y33y1] figure_4.jpg -> classified as: Plots / Charts
[ixP76Y33y1] figure_1.jpg -> classified as: Plots / Charts
[iylpeTI0Ql] figure_5.jpg -> classified as: Architecture Diagram
[iylpeTI0Ql] figure_6.jpg -> classified as: Plots / Charts
[iylpeTI0Ql] figure_9.jpg -> classified as: Plots / Charts
[iylpeTI0Ql] figure_2.jpg -> classified as: Plots / Charts
[iylpeTI0Ql] figure_7.jpg -> classified as: Plots / Charts
[iylpeTI0Ql] figure_3.jpg -> classified as: Plots / Charts
[iylpeTI0Ql] figure_4.jpg -> classified as: Plots / Charts
[iylpeTI0Ql] figure_1.jpg -> classified as: Qualitative Examples
[iylpeTI0Ql] figure_8.jpg -> classified as: Plots / Charts
[izzYucQBji] figure_19.jpg -> classified as: Qualitative Examples
[izzYucQBji] figure_5.jpg -> classified as: Plots / Charts
[izzYucQBji] figure_6.jpg -> classified as: Plots / Charts
[izzYucQBji] figure_9.jpg -> classified as: Qualitative Examples
[izzYucQBji] figure_18.jpg -> classified as: Architecture Diagram
[izzYucQBji] figure_13.jpg -> classified as: Qualitative Examples
[izzYucQBji] figure_15.jpg -> classified as: Qualitative Examples
[izzYucQBji] figure_2.jpg -> classified as: Qualitative Examples
[izzYucQBji] figure_20.jpg -> classified as: Qualitative Examples
[izzYucQBji] figure_11.jpg -> classified as: Plots / Charts
[izzYucQBji] figure_7.jpg -> classified as: Qualitative Examples
[izzYucQBji] figure_3.jpg -> classified as: Architecture Diagram
[izzYucQBji] figure_4.jpg -> classified as: Qualitative Examples
[izzYucQBji] figure_17.jpg -> classified as: Qualitative Examples
[izzYucQBji] figure_1.jpg -> classified as: Qualitative Examples
[izzYucQBji] figure_8.jpg -> classified as: Qualitative Examples
[izzYucQBji] figure_12.jpg -> classified as: Qualitative Examples
[izzYucQBji] figure_14.jpg -> classified as: Qualitative Examples
[izzYucQBji] figure_16.jpg -> classified as: Qualitative Examples
[izzYucQBji] figure_10.jpg -> classified as: Other
  -> Skipping second pass (Other)
[j0ZvKSNZiP] figure_A_2.jpg -> classified as: Plots / Charts
[j0ZvKSNZiP] figure_A.jpg -> classified as: Qualitative Examples
[j0ZvKSNZiP] figure_2.jpg -> classified as: Plots / Charts
[j0ZvKSNZiP] figure_A_1.jpg -> classified as: Plots / Charts
[j0ZvKSNZiP] figure_3.jpg -> classified as: Plots / Charts
[j0ZvKSNZiP] figure_1.jpg -> classified as: Other
  -> Skipping second pass (Other)
[j1FLTvgyAh] figure_5.jpg -> classified as: Plots / Charts
[j1FLTvgyAh] figure_6.jpg -> classified as: Plots / Charts
[j1FLTvgyAh] figure_2.jpg -> classified as: Qualitative Examples
[j1FLTvgyAh] figure_7.jpg -> classified as: Plots / Charts
[j1FLTvgyAh] figure_3.jpg -> classified as: Plots / Charts
[j1FLTvgyAh] figure_4.jpg -> classified as: Architecture Diagram
[j1FLTvgyAh] figure_1.jpg -> classified as: Qualitative Examples
[j1jtyGdD4O] figure_5.jpg -> classified as: Plots / Charts
[j1jtyGdD4O] figure_6.jpg -> classified as: Plots / Charts
[j1jtyGdD4O] figure_9.jpg -> classified as: Architecture Diagram
[j1jtyGdD4O] figure_13.jpg -> classified as: Plots / Charts
[j1jtyGdD4O] figure_2.jpg -> classified as: Architecture Diagram
[j1jtyGdD4O] figure_11.jpg -> classified as: Architecture Diagram
[j1jtyGdD4O] figure_7.jpg -> classified as: Plots / Charts
[j1jtyGdD4O] figure_3.jpg -> classified as: Architecture Diagram
[j1jtyGdD4O] figure_4.jpg -> classified as: Architecture Diagram
[j1jtyGdD4O] figure_1.jpg -> classified as: Qualitative Examples
[j1jtyGdD4O] figure_8.jpg -> classified as: Plots / Charts
[j1jtyGdD4O] figure_12.jpg -> classified as: Plots / Charts
[j1jtyGdD4O] figure_14.jpg -> classified as: Plots / Charts
[j1jtyGdD4O] figure_10.jpg -> classified as: Architecture Diagram
[j1tSLYKwg8] figure_5.jpg -> classified as: Plots / Charts
[j1tSLYKwg8] figure_6.jpg -> classified as: Plots / Charts
[j1tSLYKwg8] figure_2.jpg -> classified as: Plots / Charts
[j1tSLYKwg8] figure_3.jpg -> classified as: Plots / Charts
[j1tSLYKwg8] figure_4.jpg -> classified as: Plots / Charts
[j1tSLYKwg8] figure_1.jpg -> classified as: Architecture Diagram
[j2F9jDsjcC] figure_5.jpg -> classified as: Plots / Charts
[j2F9jDsjcC] figure_6.jpg -> classified as: Plots / Charts
[j2F9jDsjcC] figure_2.jpg -> classified as: Plots / Charts
[j2F9jDsjcC] figure_7.jpg -> classified as: Plots / Charts
[j2F9jDsjcC] figure_3.jpg -> classified as: Plots / Charts
[j2F9jDsjcC] figure_4.jpg -> classified as: Plots / Charts
[j2F9jDsjcC] figure_1.jpg -> classified as: Architecture Diagram
[j3R1qHvoSM] figure_5.jpg -> classified as: Qualitative Examples
[j3R1qHvoSM] figure_2.jpg -> classified as: Architecture Diagram
[j3R1qHvoSM] figure_3.jpg -> classified as: Architecture Diagram
[j3R1qHvoSM] figure_4.jpg -> classified as: Architecture Diagram
[j3R1qHvoSM] figure_1.jpg -> classified as: Architecture Diagram
[j3U6CJLhqw] figure_5.jpg -> classified as: Plots / Charts
[j3U6CJLhqw] figure_6.jpg -> classified as: Plots / Charts
[j3U6CJLhqw] figure_2.jpg -> classified as: Plots / Charts
[j3U6CJLhqw] figure_7.jpg -> classified as: Plots / Charts
[j3U6CJLhqw] figure_3.jpg -> classified as: Plots / Charts
[j3U6CJLhqw] figure_4.jpg -> classified as: Plots / Charts
[j3U6CJLhqw] figure_1.jpg -> classified as: Plots / Charts
[j3U6CJLhqw] figure_8.jpg -> classified as: Qualitative Examples
[j56A1HUTQS] figure_5.jpg -> classified as: Architecture Diagram
[j56A1HUTQS] figure_6.jpg -> classified as: Architecture Diagram
[j56A1HUTQS] figure_2.jpg -> classified as: Qualitative Examples
[j56A1HUTQS] figure_3.jpg -> classified as: Architecture Diagram
[j56A1HUTQS] figure_4.jpg -> classified as: Architecture Diagram
[j56A1HUTQS] figure_1.jpg -> classified as: Architecture Diagram
[j5JvZCaDM0] figure_5.jpg -> classified as: Plots / Charts
[j5JvZCaDM0] figure_6.jpg -> classified as: Plots / Charts
[j5JvZCaDM0] figure_9.jpg -> classified as: Plots / Charts
[j5JvZCaDM0] figure_2.jpg -> classified as: Plots / Charts
[j5JvZCaDM0] figure_11.jpg -> classified as: Plots / Charts
[j5JvZCaDM0] figure_7.jpg -> classified as: Qualitative Examples
[j5JvZCaDM0] figure_3.jpg -> classified as: Plots / Charts
[j5JvZCaDM0] figure_4.jpg -> classified as: Plots / Charts
[j5JvZCaDM0] figure_1.jpg -> classified as: Plots / Charts
[j5JvZCaDM0] figure_8.jpg -> classified as: Qualitative Examples
[j5JvZCaDM0] figure_10.jpg -> classified as: Plots / Charts
[j7S7o6ROn9] figure_2.jpg -> classified as: Plots / Charts
[j7S7o6ROn9] figure_3.jpg -> classified as: Plots / Charts
[j7S7o6ROn9] figure_1.jpg -> classified as: Plots / Charts
[j7ZWfqCYCY] figure_5.jpg -> classified as: Plots / Charts
[j7ZWfqCYCY] figure_6.jpg -> classified as: Qualitative Examples
[j7ZWfqCYCY] figure_2.jpg -> classified as: Qualitative Examples
[j7ZWfqCYCY] figure_7.jpg -> classified as: Qualitative Examples
[j7ZWfqCYCY] figure_3.jpg -> classified as: Plots / Charts
[j7ZWfqCYCY] figure_4.jpg -> classified as: Plots / Charts
[j7ZWfqCYCY] figure_1.jpg -> classified as: Qualitative Examples
[j7ZWfqCYCY] figure_(b)_Entropy_gap.jpg -> classified as: Plots / Charts
[j7kdXSrISM] figure_“Unicorn_sliding_on.jpg -> classified as: Qualitative Examples
[j7kdXSrISM] figure_“A_motorcycle_race.jpg -> classified as: Qualitative Examples
[j7kdXSrISM] figure_5.jpg -> classified as: Plots / Charts
[j7kdXSrISM] figure_6.jpg -> classified as: Qualitative Examples
[j7kdXSrISM] figure_9.jpg -> classified as: Plots / Charts
[j7kdXSrISM] figure_13.jpg -> classified as: Qualitative Examples
[j7kdXSrISM] figure_15.jpg -> classified as: Qualitative Examples
[j7kdXSrISM] figure_2.jpg -> classified as: Plots / Charts
[j7kdXSrISM] figure_11.jpg -> classified as: Plots / Charts
[j7kdXSrISM] figure_7.jpg -> classified as: Qualitative Examples
[j7kdXSrISM] figure_3.jpg -> classified as: Plots / Charts
[j7kdXSrISM] figure_4.jpg -> classified as: Architecture Diagram
[j7kdXSrISM] figure_1.jpg -> classified as: Qualitative Examples
[j7kdXSrISM] figure_8.jpg -> classified as: Qualitative Examples
[j7kdXSrISM] figure_14.jpg -> classified as: Qualitative Examples
[j7kdXSrISM] figure_10.jpg -> classified as: Qualitative Examples
[j8WHjM9aMm] figure_5.jpg -> classified as: Architecture Diagram
[j8WHjM9aMm] figure_6.jpg -> classified as: Plots / Charts
[j8WHjM9aMm] figure_9.jpg -> classified as: Plots / Charts
[j8WHjM9aMm] figure_2.jpg -> classified as: Plots / Charts
[j8WHjM9aMm] figure_7.jpg -> classified as: Plots / Charts
[j8WHjM9aMm] figure_3.jpg -> classified as: Plots / Charts
[j8WHjM9aMm] figure_4.jpg -> classified as: Plots / Charts
[j8WHjM9aMm] figure_1.jpg -> classified as: Architecture Diagram
[j8WHjM9aMm] figure_8.jpg -> classified as: Plots / Charts
[j8WHjM9aMm] figure_10.jpg -> classified as: Plots / Charts
[j8hdRqOUhN] figure_19.jpg -> classified as: Qualitative Examples
[j8hdRqOUhN] figure_5.jpg -> classified as: Qualitative Examples
[j8hdRqOUhN] figure_6.jpg -> classified as: Qualitative Examples
[j8hdRqOUhN] figure_9.jpg -> classified as: Qualitative Examples
[j8hdRqOUhN] figure_18.jpg -> classified as: Plots / Charts
[j8hdRqOUhN] figure_13.jpg -> classified as: Qualitative Examples
[j8hdRqOUhN] figure_15.jpg -> classified as: Qualitative Examples
[j8hdRqOUhN] figure_2.jpg -> classified as: Architecture Diagram
[j8hdRqOUhN] figure_20.jpg -> classified as: Qualitative Examples
[j8hdRqOUhN] figure_11.jpg -> classified as: Qualitative Examples
[j8hdRqOUhN] figure_7.jpg -> classified as: Qualitative Examples
[j8hdRqOUhN] figure_3.jpg -> classified as: Qualitative Examples
[j8hdRqOUhN] figure_4.jpg -> classified as: Qualitative Examples
[j8hdRqOUhN] figure_17.jpg -> classified as: Qualitative Examples
[j8hdRqOUhN] figure_1.jpg -> classified as: Qualitative Examples
[j8hdRqOUhN] figure_8.jpg -> classified as: Qualitative Examples
[j8hdRqOUhN] figure_12.jpg -> classified as: Qualitative Examples
[j8hdRqOUhN] figure_14.jpg -> classified as: Qualitative Examples
[j8hdRqOUhN] figure_16.jpg -> classified as: Plots / Charts
[j8hdRqOUhN] figure_10.jpg -> classified as: Qualitative Examples
[j964C6y92q] figure_5.jpg -> classified as: Plots / Charts
[j964C6y92q] figure_6.jpg -> classified as: Plots / Charts
[j964C6y92q] figure_9.jpg -> classified as: Qualitative Examples
[j964C6y92q] figure_2.jpg -> classified as: Architecture Diagram
[j964C6y92q] figure_11.jpg -> classified as: Plots / Charts
[j964C6y92q] figure_7.jpg -> classified as: Architecture Diagram
[j964C6y92q] figure_3.jpg -> classified as: Plots / Charts
[j964C6y92q] figure_4.jpg -> classified as: Qualitative Examples
[j964C6y92q] figure_1.jpg -> classified as: Plots / Charts
[j964C6y92q] figure_8.jpg -> classified as: Qualitative Examples
[j964C6y92q] figure_10.jpg -> classified as: Plots / Charts
[jFa5KESW65] figure_5.jpg -> classified as: Plots / Charts
[jFa5KESW65] figure_6.jpg -> classified as: Qualitative Examples
[jFa5KESW65] figure_2.jpg -> classified as: Qualitative Examples
[jFa5KESW65] figure_7.jpg -> classified as: Qualitative Examples
[jFa5KESW65] figure_3.jpg -> classified as: Architecture Diagram
[jFa5KESW65] figure_4.jpg -> classified as: Plots / Charts
[jFa5KESW65] figure_1.jpg -> classified as: Qualitative Examples
[jFa5KESW65] figure_8.jpg -> classified as: Qualitative Examples
[jHKqr1sDDM] figure_5.jpg -> classified as: Plots / Charts
[jHKqr1sDDM] figure_2.jpg -> classified as: Architecture Diagram
[jHKqr1sDDM] figure_3.jpg -> classified as: Plots / Charts
[jHKqr1sDDM] figure_4.jpg -> classified as: Plots / Charts
[jHKqr1sDDM] figure_1.jpg -> classified as: Architecture Diagram
[jHVJQybLXi] figure_A_2.jpg -> classified as: Plots / Charts
[jHVJQybLXi] figure_A.jpg -> classified as: Plots / Charts
[jHVJQybLXi] figure_5.jpg -> classified as: Plots / Charts
[jHVJQybLXi] figure_6.jpg -> classified as: Plots / Charts
[jHVJQybLXi] figure_A_3.jpg -> classified as: Plots / Charts
[jHVJQybLXi] figure_2.jpg -> classified as: Plots / Charts
[jHVJQybLXi] figure_A_1.jpg -> classified as: Other
  -> Skipping second pass (Other)
[jHVJQybLXi] figure_3.jpg -> classified as: Architecture Diagram
[jHVJQybLXi] figure_4.jpg -> classified as: Plots / Charts
[jHVJQybLXi] figure_1.jpg -> classified as: Plots / Charts
[jHVJQybLXi] figure_A_4.jpg -> classified as: Plots / Charts
[jHdz0CIS2y] figure_5.jpg -> classified as: Qualitative Examples
[jHdz0CIS2y] figure_6.jpg -> classified as: Qualitative Examples
[jHdz0CIS2y] figure_2.jpg -> classified as: Architecture Diagram
[jHdz0CIS2y] figure_3.jpg -> classified as: Plots / Charts
[jHdz0CIS2y] figure_4.jpg -> classified as: Plots / Charts
[jHdz0CIS2y] figure_1.jpg -> classified as: Architecture Diagram
[jIOBhZO1ax] figure_2.jpg -> classified as: Qualitative Examples
[jIOBhZO1ax] figure_1.jpg -> classified as: Plots / Charts
[jJJOoLVAEm] figure_19.jpg -> classified as: Qualitative Examples
[jJJOoLVAEm] figure_23.jpg -> classified as: Qualitative Examples
[jJJOoLVAEm] figure_24.jpg -> classified as: Qualitative Examples
[jJJOoLVAEm] figure_5.jpg -> classified as: Qualitative Examples
[jJJOoLVAEm] figure_6.jpg -> classified as: Qualitative Examples
[jJJOoLVAEm] figure_9.jpg -> classified as: Architecture Diagram
[jJJOoLVAEm] figure_22.jpg -> classified as: Qualitative Examples
[jJJOoLVAEm] figure_18.jpg -> classified as: Qualitative Examples
[jJJOoLVAEm] figure_13.jpg -> classified as: Qualitative Examples
[jJJOoLVAEm] figure_15.jpg -> classified as: Architecture Diagram
[jJJOoLVAEm] figure_2.jpg -> classified as: Architecture Diagram
[jJJOoLVAEm] figure_20.jpg -> classified as: Qualitative Examples
[jJJOoLVAEm] figure_11.jpg -> classified as: Architecture Diagram
[jJJOoLVAEm] figure_7.jpg -> classified as: Plots / Charts
[jJJOoLVAEm] figure_3.jpg -> classified as: Plots / Charts
[jJJOoLVAEm] figure_4.jpg -> classified as: Plots / Charts
[jJJOoLVAEm] figure_17.jpg -> classified as: Plots / Charts
[jJJOoLVAEm] figure_7_1.jpg -> classified as: Plots / Charts
[jJJOoLVAEm] figure_1.jpg -> classified as: Plots / Charts
[jJJOoLVAEm] figure_12.jpg -> classified as: Qualitative Examples
[jJJOoLVAEm] figure_21.jpg -> classified as: Plots / Charts
[jJJOoLVAEm] figure_14.jpg -> classified as: Qualitative Examples
[jJJOoLVAEm] figure_16.jpg -> classified as: Qualitative Examples
[jJJOoLVAEm] figure_10.jpg -> classified as: Qualitative Examples
[jK5r1HBfym] figure_5.jpg -> classified as: Qualitative Examples
[jK5r1HBfym] figure_6.jpg -> classified as: Plots / Charts
[jK5r1HBfym] figure_9.jpg -> classified as: Qualitative Examples
[jK5r1HBfym] figure_13.jpg -> classified as: Qualitative Examples
[jK5r1HBfym] figure_2.jpg -> classified as: Plots / Charts
[jK5r1HBfym] figure_11.jpg -> classified as: Qualitative Examples
[jK5r1HBfym] figure_7.jpg -> classified as: Plots / Charts
[jK5r1HBfym] figure_3.jpg -> classified as: Qualitative Examples
[jK5r1HBfym] figure_4.jpg -> classified as: Plots / Charts
[jK5r1HBfym] figure_1.jpg -> classified as: Plots / Charts
[jK5r1HBfym] figure_8.jpg -> classified as: Qualitative Examples
[jK5r1HBfym] figure_12.jpg -> classified as: Qualitative Examples
[jK5r1HBfym] figure_10.jpg -> classified as: Plots / Charts
[jKTUlxo5zy] figure_5.jpg -> classified as: Qualitative Examples
[jKTUlxo5zy] figure_6.jpg -> classified as: Qualitative Examples
[jKTUlxo5zy] figure_2.jpg -> classified as: Other
  -> Skipping second pass (Other)
[jKTUlxo5zy] figure_7.jpg -> classified as: Qualitative Examples
[jKTUlxo5zy] figure_3.jpg -> classified as: Qualitative Examples
[jKTUlxo5zy] figure_4.jpg -> classified as: Plots / Charts
[jKTUlxo5zy] figure_1.jpg -> classified as: Qualitative Examples
[jKcZ4hF4s5] figure_2.jpg -> classified as: Qualitative Examples
[jKcZ4hF4s5] figure_3.jpg -> classified as: Qualitative Examples
[jKcZ4hF4s5] figure_4.jpg -> classified as: Plots / Charts
[jKcZ4hF4s5] figure_1.jpg -> classified as: Qualitative Examples
[jLLF5EbwI2] figure_5.jpg -> classified as: Qualitative Examples
[jLLF5EbwI2] figure_6.jpg -> classified as: Qualitative Examples
[jLLF5EbwI2] figure_9.jpg -> classified as: Qualitative Examples
[jLLF5EbwI2] figure_13.jpg -> classified as: Qualitative Examples
[jLLF5EbwI2] figure_15.jpg -> classified as: Qualitative Examples
[jLLF5EbwI2] figure_2.jpg -> classified as: Architecture Diagram
[jLLF5EbwI2] figure_11.jpg -> classified as: Qualitative Examples
[jLLF5EbwI2] figure_7.jpg -> classified as: Plots / Charts
[jLLF5EbwI2] figure_4.jpg -> classified as: Architecture Diagram
[jLLF5EbwI2] figure_2_1.jpg -> classified as: Qualitative Examples
[jLLF5EbwI2] figure_17.jpg -> classified as: Qualitative Examples
[jLLF5EbwI2] figure_1.jpg -> classified as: Qualitative Examples
[jLLF5EbwI2] figure_8.jpg -> classified as: Qualitative Examples
[jLLF5EbwI2] figure_12.jpg -> classified as: Plots / Charts
[jLLF5EbwI2] figure_14.jpg -> classified as: Qualitative Examples
[jLLF5EbwI2] figure_16.jpg -> classified as: Qualitative Examples
[jLLF5EbwI2] figure_10.jpg -> classified as: Qualitative Examples
[jMSsgTaVKN] figure_2.jpg -> classified as: Architecture Diagram
[jMSsgTaVKN] figure_1.jpg -> classified as: Qualitative Examples
[jMZjIi9JcC] figure_5.jpg -> classified as: Plots / Charts
[jMZjIi9JcC] figure_6.jpg -> classified as: Plots / Charts
[jMZjIi9JcC] figure_9.jpg -> classified as: Qualitative Examples
[jMZjIi9JcC] figure_2.jpg -> classified as: Plots / Charts
[jMZjIi9JcC] figure_11.jpg -> classified as: Qualitative Examples
[jMZjIi9JcC] figure_3.jpg -> classified as: Qualitative Examples
[jMZjIi9JcC] figure_4.jpg -> classified as: Plots / Charts
[jMZjIi9JcC] figure_1.jpg -> classified as: Plots / Charts
[jMZjIi9JcC] figure_8.jpg -> classified as: Qualitative Examples
[jMZjIi9JcC] figure_10.jpg -> classified as: Qualitative Examples
[jNmsuEE4Gf] figure_5.jpg -> classified as: Plots / Charts
[jNmsuEE4Gf] figure_6.jpg -> classified as: Plots / Charts
[jNmsuEE4Gf] figure_Fig._1__The.jpg -> classified as: Qualitative Examples
[jNmsuEE4Gf] figure_9.jpg -> classified as: Other
  -> Skipping second pass (Other)
[jNmsuEE4Gf] figure_2.jpg -> classified as: Qualitative Examples
[jNmsuEE4Gf] figure_11.jpg -> classified as: Qualitative Examples
[jNmsuEE4Gf] figure_7.jpg -> classified as: Qualitative Examples
[jNmsuEE4Gf] figure_3.jpg -> classified as: Architecture Diagram
[jNmsuEE4Gf] figure_4.jpg -> classified as: Other
  -> Skipping second pass (Other)
[jNmsuEE4Gf] figure_2_1.jpg -> classified as: Architecture Diagram
[jNmsuEE4Gf] figure_8.jpg -> classified as: Plots / Charts
[jNmsuEE4Gf] figure_10.jpg -> classified as: Other
  -> Skipping second pass (Other)
[jQP5o1VAVc] figure_5.jpg -> classified as: Plots / Charts
[jQP5o1VAVc] figure_6.jpg -> classified as: Plots / Charts
[jQP5o1VAVc] figure_9.jpg -> classified as: Plots / Charts
[jQP5o1VAVc] figure_2.jpg -> classified as: Plots / Charts
[jQP5o1VAVc] figure_7.jpg -> classified as: Plots / Charts
[jQP5o1VAVc] figure_3.jpg -> classified as: Architecture Diagram
[jQP5o1VAVc] figure_4.jpg -> classified as: Qualitative Examples
[jQP5o1VAVc] figure_1.jpg -> classified as: Qualitative Examples
[jQP5o1VAVc] figure_8.jpg -> classified as: Plots / Charts
[jTsnuWsda2] figure_19.jpg -> classified as: Qualitative Examples
[jTsnuWsda2] figure_Task__How_to.jpg -> classified as: Qualitative Examples
[jTsnuWsda2] figure_Task__How_to_1.jpg -> classified as: Qualitative Examples
[jTsnuWsda2] figure_5.jpg -> classified as: Architecture Diagram
[jTsnuWsda2] figure_6.jpg -> classified as: Qualitative Examples
[jTsnuWsda2] figure_(a)_Failure_multimodal.jpg -> classified as: Qualitative Examples
[jTsnuWsda2] figure_9.jpg -> classified as: Qualitative Examples
[jTsnuWsda2] figure_18.jpg -> classified as: Qualitative Examples
[jTsnuWsda2] figure_13.jpg -> classified as: Qualitative Examples
[jTsnuWsda2] figure_15.jpg -> classified as: Qualitative Examples
[jTsnuWsda2] figure_2.jpg -> classified as: Architecture Diagram
[jTsnuWsda2] figure_20.jpg -> classified as: Qualitative Examples
[jTsnuWsda2] figure_11.jpg -> classified as: Qualitative Examples
[jTsnuWsda2] figure_Task_How_to_Make.jpg -> classified as: Qualitative Examples
[jTsnuWsda2] figure_7.jpg -> classified as: Plots / Charts
[jTsnuWsda2] figure_3.jpg -> classified as: Architecture Diagram
[jTsnuWsda2] figure_4.jpg -> classified as: Qualitative Examples
[jTsnuWsda2] figure_17.jpg -> classified as: Qualitative Examples
[jTsnuWsda2] figure_1.jpg -> classified as: Qualitative Examples
[jTsnuWsda2] figure_8.jpg -> classified as: Architecture Diagram
[jTsnuWsda2] figure_12.jpg -> classified as: Qualitative Examples
[jTsnuWsda2] figure_21.jpg -> classified as: Qualitative Examples
[jTsnuWsda2] figure_14.jpg -> classified as: Qualitative Examples
[jTsnuWsda2] figure_16.jpg -> classified as: Qualitative Examples
[jTsnuWsda2] figure_10.jpg -> classified as: Qualitative Examples
[jU3zRzUBiD] figure_5.jpg -> classified as: Plots / Charts
[jU3zRzUBiD] figure_6.jpg -> classified as: Plots / Charts
[jU3zRzUBiD] figure_9.jpg -> classified as: Plots / Charts
[jU3zRzUBiD] figure_2.jpg -> classified as: Architecture Diagram
[jU3zRzUBiD] figure_7.jpg -> classified as: Plots / Charts
[jU3zRzUBiD] figure_3.jpg -> classified as: Plots / Charts
[jU3zRzUBiD] figure_4.jpg -> classified as: Plots / Charts
[jU3zRzUBiD] figure_1.jpg -> classified as: Architecture Diagram
[jU3zRzUBiD] figure_8.jpg -> classified as: Plots / Charts
[jUWktnsplU] figure_5.jpg -> classified as: Other
  -> Skipping second pass (Other)
[jUWktnsplU] figure_6.jpg -> classified as: Plots / Charts
[jUWktnsplU] figure_9.jpg -> classified as: Plots / Charts
[jUWktnsplU] figure_2.jpg -> classified as: Architecture Diagram
[jUWktnsplU] figure_7.jpg -> classified as: Plots / Charts
[jUWktnsplU] figure_3.jpg -> classified as: Plots / Charts
[jUWktnsplU] figure_4.jpg -> classified as: Plots / Charts
[jUWktnsplU] figure_1.jpg -> classified as: Plots / Charts
[jUWktnsplU] figure_8.jpg -> classified as: Plots / Charts
[jUWktnsplU] figure_10.jpg -> classified as: Plots / Charts
[jVDPq9EdzT] figure_5.jpg -> classified as: Plots / Charts
[jVDPq9EdzT] figure_6.jpg -> classified as: Plots / Charts
[jVDPq9EdzT] figure_2.jpg -> classified as: Architecture Diagram
[jVDPq9EdzT] figure_7.jpg -> classified as: Qualitative Examples
[jVDPq9EdzT] figure_3.jpg -> classified as: Architecture Diagram
[jVDPq9EdzT] figure_4.jpg -> classified as: Qualitative Examples
[jVDPq9EdzT] figure_1.jpg -> classified as: Qualitative Examples
[jVEoydFOl9] figure_5.jpg -> classified as: Plots / Charts
[jVEoydFOl9] figure_6.jpg -> classified as: Plots / Charts
[jVEoydFOl9] figure_2.jpg -> classified as: Qualitative Examples
[jVEoydFOl9] figure_3.jpg -> classified as: Architecture Diagram
[jVEoydFOl9] figure_4.jpg -> classified as: Plots / Charts
[jVEoydFOl9] figure_1.jpg -> classified as: Plots / Charts
[jVsXDLIt45] figure_5.jpg -> classified as: Plots / Charts
[jVsXDLIt45] figure_2.jpg -> classified as: Architecture Diagram
[jVsXDLIt45] figure_7.jpg -> classified as: Other
  -> Skipping second pass (Other)
[jVsXDLIt45] figure_3.jpg -> classified as: Architecture Diagram
[jVsXDLIt45] figure_4.jpg -> classified as: Plots / Charts
[jVsXDLIt45] figure_1.jpg -> classified as: Qualitative Examples
[jWxrIeWgir] figure_5.jpg -> classified as: Qualitative Examples
[jWxrIeWgir] figure_6.jpg -> classified as: Qualitative Examples
[jWxrIeWgir] figure_9.jpg -> classified as: Plots / Charts
[jWxrIeWgir] figure_18.jpg -> classified as: Qualitative Examples
[jWxrIeWgir] figure_13.jpg -> classified as: Plots / Charts
[jWxrIeWgir] figure_15.jpg -> classified as: Qualitative Examples
[jWxrIeWgir] figure_2.jpg -> classified as: Plots / Charts
[jWxrIeWgir] figure_11.jpg -> classified as: Plots / Charts
[jWxrIeWgir] figure_7.jpg -> classified as: Plots / Charts
[jWxrIeWgir] figure_3.jpg -> classified as: Qualitative Examples
[jWxrIeWgir] figure_4.jpg -> classified as: Qualitative Examples
[jWxrIeWgir] figure_17.jpg -> classified as: Plots / Charts
[jWxrIeWgir] figure_1.jpg -> classified as: Qualitative Examples
[jWxrIeWgir] figure_8.jpg -> classified as: Qualitative Examples
[jWxrIeWgir] figure_12.jpg -> classified as: Plots / Charts
[jWxrIeWgir] figure_14.jpg -> classified as: Plots / Charts
[jWxrIeWgir] figure_16.jpg -> classified as: Plots / Charts
[jWxrIeWgir] figure_10.jpg -> classified as: Plots / Charts
[jXvwJ51vcK] figure_5.jpg -> classified as: Qualitative Examples
[jXvwJ51vcK] figure_6.jpg -> classified as: Qualitative Examples
[jXvwJ51vcK] figure_2.jpg -> classified as: Architecture Diagram
[jXvwJ51vcK] figure_7.jpg -> classified as: Qualitative Examples
[jXvwJ51vcK] figure_3.jpg -> classified as: Qualitative Examples
[jXvwJ51vcK] figure_1.jpg -> classified as: Architecture Diagram
[jXvwJ51vcK] figure_8.jpg -> classified as: Qualitative Examples
[jXy5B0auu0] figure_5.jpg -> classified as: Plots / Charts
[jXy5B0auu0] figure_6.jpg -> classified as: Plots / Charts
[jXy5B0auu0] figure_9.jpg -> classified as: Qualitative Examples
[jXy5B0auu0] figure_2.jpg -> classified as: Architecture Diagram
[jXy5B0auu0] figure_11.jpg -> classified as: Qualitative Examples
[jXy5B0auu0] figure_7.jpg -> classified as: Qualitative Examples
[jXy5B0auu0] figure_3.jpg -> classified as: Qualitative Examples
[jXy5B0auu0] figure_4.jpg -> classified as: Plots / Charts
[jXy5B0auu0] figure_1.jpg -> classified as: Qualitative Examples
[jXy5B0auu0] figure_8.jpg -> classified as: Qualitative Examples
[jXy5B0auu0] figure_10.jpg -> classified as: Qualitative Examples
[jYHRP6nj9Q] figure_2.jpg -> classified as: Architecture Diagram
[jYHRP6nj9Q] figure_3.jpg -> classified as: Qualitative Examples
[jYHRP6nj9Q] figure_4.jpg -> classified as: Qualitative Examples
[jYHRP6nj9Q] figure_1.jpg -> classified as: Qualitative Examples
[jYsowwcXV1] figure_5.jpg -> classified as: Qualitative Examples
[jYsowwcXV1] figure_6.jpg -> classified as: Qualitative Examples
[jYsowwcXV1] figure_9.jpg -> classified as: Qualitative Examples
[jYsowwcXV1] figure_igure_8__Ablation.jpg -> classified as: Qualitative Examples
[jYsowwcXV1] figure_13.jpg -> classified as: Qualitative Examples
[jYsowwcXV1] figure_15.jpg -> classified as: Qualitative Examples
[jYsowwcXV1] figure_2.jpg -> classified as: Qualitative Examples
[jYsowwcXV1] figure_11.jpg -> classified as: Qualitative Examples
[jYsowwcXV1] figure_7.jpg -> classified as: Qualitative Examples
[jYsowwcXV1] figure_3.jpg -> classified as: Qualitative Examples
[jYsowwcXV1] figure_4.jpg -> classified as: Qualitative Examples
[jYsowwcXV1] figure_1.jpg -> classified as: Qualitative Examples
[jYsowwcXV1] figure_12.jpg -> classified as: Qualitative Examples
[jYsowwcXV1] figure_14.jpg -> classified as: Qualitative Examples
[jYsowwcXV1] figure_10.jpg -> classified as: Qualitative Examples
[jZsN9zo8Qi] figure_6_1.jpg -> classified as: Plots / Charts
[jZsN9zo8Qi] figure_5.jpg -> classified as: Plots / Charts
[jZsN9zo8Qi] figure_6.jpg -> classified as: Plots / Charts
[jZsN9zo8Qi] figure_13.jpg -> classified as: Plots / Charts
[jZsN9zo8Qi] figure_2.jpg -> classified as: Qualitative Examples
[jZsN9zo8Qi] figure_11.jpg -> classified as: Plots / Charts
[jZsN9zo8Qi] figure_4_3.jpg -> classified as: Plots / Charts
[jZsN9zo8Qi] figure_7.jpg -> classified as: Plots / Charts
[jZsN9zo8Qi] figure_3.jpg -> classified as: Architecture Diagram
[jZsN9zo8Qi] figure_4.jpg -> classified as: Plots / Charts
[jZsN9zo8Qi] figure_2_1.jpg -> classified as: Qualitative Examples
[jZsN9zo8Qi] figure_5_1.jpg -> classified as: Plots / Charts
[jZsN9zo8Qi] figure_3_2.jpg -> classified as: Plots / Charts
[jZsN9zo8Qi] figure_4_1.jpg -> classified as: Plots / Charts
[jZsN9zo8Qi] figure_4_2.jpg -> classified as: Plots / Charts
[jZsN9zo8Qi] figure_1.jpg -> classified as: Plots / Charts
[jZsN9zo8Qi] figure_3_1.jpg -> classified as: Plots / Charts
[jZsN9zo8Qi] figure_12.jpg -> classified as: Plots / Charts
[jZsN9zo8Qi] figure_5_2.jpg -> classified as: Plots / Charts
[jZsN9zo8Qi] figure_14.jpg -> classified as: Plots / Charts
[jb37oaGZXy] figure_2.jpg -> classified as: Architecture Diagram
[jb37oaGZXy] figure_3.jpg -> classified as: Plots / Charts
[jb37oaGZXy] figure_4.jpg -> classified as: Plots / Charts
[jb37oaGZXy] figure_1.jpg -> classified as: Qualitative Examples
[jd5GokdySz] figure_2.jpg -> classified as: Qualitative Examples
[jd5GokdySz] figure_3.jpg -> classified as: Qualitative Examples
[jd5GokdySz] figure_4.jpg -> classified as: Qualitative Examples
[jd5GokdySz] figure_1.jpg -> classified as: Architecture Diagram
[je3GZissZc] figure_5.jpg -> classified as: Plots / Charts
[je3GZissZc] figure_6.jpg -> classified as: Plots / Charts
[je3GZissZc] figure_9.jpg -> classified as: Architecture Diagram
[je3GZissZc] figure_2.jpg -> classified as: Architecture Diagram
[je3GZissZc] figure_7.jpg -> classified as: Qualitative Examples
[je3GZissZc] figure_3.jpg -> classified as: Qualitative Examples
[je3GZissZc] figure_4.jpg -> classified as: Qualitative Examples
[je3GZissZc] figure_1.jpg -> classified as: Architecture Diagram
[je3GZissZc] figure_8.jpg -> classified as: Qualitative Examples
[je3GZissZc] figure_10.jpg -> classified as: Architecture Diagram
[jenyYQzue1] figure_2.jpg -> classified as: Qualitative Examples
[jenyYQzue1] figure_1.jpg -> classified as: Architecture Diagram
[jesfGs3fIc] figure_2.jpg -> classified as: Qualitative Examples
[jesfGs3fIc] figure_1.jpg -> classified as: Architecture Diagram
[jf7C7EGw21] figure_5.jpg -> classified as: Qualitative Examples
[jf7C7EGw21] figure_6.jpg -> classified as: Qualitative Examples
[jf7C7EGw21] figure_9.jpg -> classified as: Architecture Diagram
[jf7C7EGw21] figure_2.jpg -> classified as: Other
  -> Skipping second pass (Other)
[jf7C7EGw21] figure_7.jpg -> classified as: Plots / Charts
[jf7C7EGw21] figure_3.jpg -> classified as: Plots / Charts
[jf7C7EGw21] figure_4.jpg -> classified as: Qualitative Examples
[jf7C7EGw21] figure_1.jpg -> classified as: Other
  -> Skipping second pass (Other)
[jf7C7EGw21] figure_8.jpg -> classified as: Architecture Diagram
[jf7C7EGw21] figure_10.jpg -> classified as: Qualitative Examples
[jhPvuc7kxB] figure_object_tracks_and.jpg -> classified as: Qualitative Examples
[jhPvuc7kxB] figure_5.jpg -> classified as: Qualitative Examples
[jhPvuc7kxB] figure_6.jpg -> classified as: Qualitative Examples
[jhPvuc7kxB] figure_2.jpg -> classified as: Architecture Diagram
[jhPvuc7kxB] figure_3.jpg -> classified as: Plots / Charts
[jhPvuc7kxB] figure_4.jpg -> classified as: Qualitative Examples
[jhPvuc7kxB] figure_1.jpg -> classified as: Architecture Diagram
[jhPvuc7kxB] figure_8.jpg -> classified as: Qualitative Examples
[jiDsk12qcz] figure_2.jpg -> classified as: Plots / Charts
[jiDsk12qcz] figure_3.jpg -> classified as: Plots / Charts
[jiDsk12qcz] figure_4.jpg -> classified as: Plots / Charts
[jiDsk12qcz] figure_1.jpg -> classified as: Architecture Diagram
[jiKefvNp01] figure_5.jpg -> classified as: Qualitative Examples
[jiKefvNp01] figure_6.jpg -> classified as: Plots / Charts
[jiKefvNp01] figure_9.jpg -> classified as: Qualitative Examples
[jiKefvNp01] figure_2.jpg -> classified as: Plots / Charts
[jiKefvNp01] figure_11.jpg -> classified as: Qualitative Examples
[jiKefvNp01] figure_7.jpg -> classified as: Qualitative Examples
[jiKefvNp01] figure_3.jpg -> classified as: Architecture Diagram
[jiKefvNp01] figure_4.jpg -> classified as: Plots / Charts
[jiKefvNp01] figure_1.jpg -> classified as: Plots / Charts
[jiKefvNp01] figure_8.jpg -> classified as: Qualitative Examples
[jiKefvNp01] figure_12.jpg -> classified as: Qualitative Examples
[jiKefvNp01] figure_10.jpg -> classified as: Qualitative Examples
[jjiOHEcS2c] figure_A.jpg -> classified as: Qualitative Examples
[jjiOHEcS2c] figure_2.jpg -> classified as: Architecture Diagram
[jjiOHEcS2c] figure_B.jpg -> classified as: Qualitative Examples
[jjiOHEcS2c] figure_3.jpg -> classified as: Qualitative Examples
[jjiOHEcS2c] figure_D.jpg -> classified as: Qualitative Examples
[jjiOHEcS2c] figure_4.jpg -> classified as: Plots / Charts
[jjiOHEcS2c] figure_C.jpg -> classified as: Qualitative Examples
[jjiOHEcS2c] figure_1.jpg -> classified as: Plots / Charts
[jkvZ7v4OmP] figure_5.jpg -> classified as: Architecture Diagram
[jkvZ7v4OmP] figure_6.jpg -> classified as: Qualitative Examples
[jkvZ7v4OmP] figure_2.jpg -> classified as: Plots / Charts
[jkvZ7v4OmP] figure_3.jpg -> classified as: Qualitative Examples
[jkvZ7v4OmP] figure_4.jpg -> classified as: Architecture Diagram
[jkvZ7v4OmP] figure_1.jpg -> classified as: Architecture Diagram
[jl0wssxHHS] figure_5.jpg -> classified as: Plots / Charts
[jl0wssxHHS] figure_6.jpg -> classified as: Plots / Charts
[jl0wssxHHS] figure_9.jpg -> classified as: Plots / Charts
[jl0wssxHHS] figure_2.jpg -> classified as: Plots / Charts
[jl0wssxHHS] figure_7.jpg -> classified as: Plots / Charts
[jl0wssxHHS] figure_3.jpg -> classified as: Plots / Charts
[jl0wssxHHS] figure_4.jpg -> classified as: Plots / Charts
[jl0wssxHHS] figure_1.jpg -> classified as: Plots / Charts
[jl0wssxHHS] figure_8.jpg -> classified as: Plots / Charts
[jl0wssxHHS] figure_10.jpg -> classified as: Plots / Charts
[jlEDDCYLvV] figure_5.jpg -> classified as: Plots / Charts
[jlEDDCYLvV] figure_6.jpg -> classified as: Plots / Charts
[jlEDDCYLvV] figure_9.jpg -> classified as: Plots / Charts
[jlEDDCYLvV] figure_13.jpg -> classified as: Qualitative Examples
[jlEDDCYLvV] figure_2.jpg -> classified as: Qualitative Examples
[jlEDDCYLvV] figure_11.jpg -> classified as: Plots / Charts
[jlEDDCYLvV] figure_7.jpg -> classified as: Plots / Charts
[jlEDDCYLvV] figure_3.jpg -> classified as: Plots / Charts
[jlEDDCYLvV] figure_1.jpg -> classified as: Architecture Diagram
[jlEDDCYLvV] figure_8.jpg -> classified as: Plots / Charts
[jlEDDCYLvV] figure_12.jpg -> classified as: Qualitative Examples
[jlEDDCYLvV] figure_10.jpg -> classified as: Plots / Charts
[jlhBFm7T2J] figure_5.jpg -> classified as: Plots / Charts
[jlhBFm7T2J] figure_6.jpg -> classified as: Plots / Charts
[jlhBFm7T2J] figure_9.jpg -> classified as: Plots / Charts
[jlhBFm7T2J] figure_13.jpg -> classified as: Qualitative Examples
[jlhBFm7T2J] figure_15.jpg -> classified as: Qualitative Examples
[jlhBFm7T2J] figure_2.jpg -> classified as: Plots / Charts
[jlhBFm7T2J] figure_11.jpg -> classified as: Plots / Charts
[jlhBFm7T2J] figure_7.jpg -> classified as: Plots / Charts
[jlhBFm7T2J] figure_3.jpg -> classified as: Plots / Charts
[jlhBFm7T2J] figure_4.jpg -> classified as: Qualitative Examples
[jlhBFm7T2J] figure_1.jpg -> classified as: Qualitative Examples
[jlhBFm7T2J] figure_8.jpg -> classified as: Plots / Charts
[jlhBFm7T2J] figure_12.jpg -> classified as: Qualitative Examples
[jlhBFm7T2J] figure_14.jpg -> classified as: Plots / Charts
[jlhBFm7T2J] figure_10.jpg -> classified as: Plots / Charts
[jmsRo2ScoI] figure_5.jpg -> classified as: Qualitative Examples
[jmsRo2ScoI] figure_2.jpg -> classified as: Plots / Charts
[jmsRo2ScoI] figure_3.jpg -> classified as: Architecture Diagram
[jmsRo2ScoI] figure_4.jpg -> classified as: Plots / Charts
[jmsRo2ScoI] figure_1.jpg -> classified as: Architecture Diagram
[joMMM9eadc] figure_5.jpg -> classified as: Architecture Diagram
[joMMM9eadc] figure_2.jpg -> classified as: Qualitative Examples
[joMMM9eadc] figure_3.jpg -> classified as: Plots / Charts
[joMMM9eadc] figure_4.jpg -> classified as: Plots / Charts
[joMMM9eadc] figure_1.jpg -> classified as: Architecture Diagram
[jsBhmOCKYs] figure_A10.jpg -> classified as: Plots / Charts
[jsBhmOCKYs] figure_A7.jpg -> classified as: Qualitative Examples
[jsBhmOCKYs] figure_5.jpg -> classified as: Qualitative Examples
[jsBhmOCKYs] figure_A1.jpg -> classified as: Architecture Diagram
[jsBhmOCKYs] figure_6.jpg -> classified as: Qualitative Examples
[jsBhmOCKYs] figure_A8.jpg -> classified as: Qualitative Examples
[jsBhmOCKYs] figure_A2.jpg -> classified as: Qualitative Examples
[jsBhmOCKYs] figure_2.jpg -> classified as: Qualitative Examples
[jsBhmOCKYs] figure_7.jpg -> classified as: Plots / Charts
[jsBhmOCKYs] figure_3.jpg -> classified as: Architecture Diagram
[jsBhmOCKYs] figure_4.jpg -> classified as: Qualitative Examples
[jsBhmOCKYs] figure_A6.jpg -> classified as: Qualitative Examples
[jsBhmOCKYs] figure_1.jpg -> classified as: Other
  -> Skipping second pass (Other)
[jsBhmOCKYs] figure_A4.jpg -> classified as: Qualitative Examples
[jsBhmOCKYs] figure_A5.jpg -> classified as: Qualitative Examples
[jsBhmOCKYs] figure_8.jpg -> classified as: Qualitative Examples
[jsBhmOCKYs] figure_A9.jpg -> classified as: Qualitative Examples
[jsBhmOCKYs] figure_A3.jpg -> classified as: Qualitative Examples
[jt1h2dnmng] figure_5.jpg -> classified as: Qualitative Examples
[jt1h2dnmng] figure_6.jpg -> classified as: Qualitative Examples
[jt1h2dnmng] figure_9.jpg -> classified as: Qualitative Examples
[jt1h2dnmng] figure_2.jpg -> classified as: Other
  -> Skipping second pass (Other)
[jt1h2dnmng] figure_7.jpg -> classified as: Plots / Charts
[jt1h2dnmng] figure_3.jpg -> classified as: Architecture Diagram
[jt1h2dnmng] figure_4.jpg -> classified as: Architecture Diagram
[jt1h2dnmng] figure_1.jpg -> classified as: Qualitative Examples
[jt1h2dnmng] figure_8.jpg -> classified as: Qualitative Examples
[juuyW8B8ig] figure_19.jpg -> classified as: Qualitative Examples
[juuyW8B8ig] figure_23.jpg -> classified as: Qualitative Examples
[juuyW8B8ig] figure_24.jpg -> classified as: Qualitative Examples
[juuyW8B8ig] figure_5.jpg -> classified as: Qualitative Examples
[juuyW8B8ig] figure_6.jpg -> classified as: Qualitative Examples
[juuyW8B8ig] figure_9.jpg -> classified as: Qualitative Examples
[juuyW8B8ig] figure_22.jpg -> classified as: Qualitative Examples
[juuyW8B8ig] figure_28.jpg -> classified as: Qualitative Examples
[juuyW8B8ig] figure_18.jpg -> classified as: Qualitative Examples
[juuyW8B8ig] figure_13.jpg -> classified as: Qualitative Examples
[juuyW8B8ig] figure_15.jpg -> classified as: Qualitative Examples
[juuyW8B8ig] figure_2.jpg -> classified as: Qualitative Examples
[juuyW8B8ig] figure_20.jpg -> classified as: Qualitative Examples
[juuyW8B8ig] figure_11.jpg -> classified as: Qualitative Examples
[juuyW8B8ig] figure_7.jpg -> classified as: Qualitative Examples
[juuyW8B8ig] figure_3.jpg -> classified as: Architecture Diagram
[juuyW8B8ig] figure_4.jpg -> classified as: Qualitative Examples
[juuyW8B8ig] figure_17.jpg -> classified as: Plots / Charts
[juuyW8B8ig] figure_1.jpg -> classified as: Qualitative Examples
[juuyW8B8ig] figure_27.jpg -> classified as: Qualitative Examples
[juuyW8B8ig] figure_8.jpg -> classified as: Qualitative Examples
[juuyW8B8ig] figure_12.jpg -> classified as: Qualitative Examples
[juuyW8B8ig] figure_25.jpg -> classified as: Qualitative Examples
[juuyW8B8ig] figure_21.jpg -> classified as: Qualitative Examples
[juuyW8B8ig] figure_26.jpg -> classified as: Qualitative Examples
[juuyW8B8ig] figure_16.jpg -> classified as: Qualitative Examples
[juuyW8B8ig] figure_10.jpg -> classified as: Qualitative Examples
[jvmMqD57ZR] figure_5.jpg -> classified as: Qualitative Examples
[jvmMqD57ZR] figure_2.jpg -> classified as: Qualitative Examples
[jvmMqD57ZR] figure_3.jpg -> classified as: Qualitative Examples
[jvmMqD57ZR] figure_4.jpg -> classified as: Architecture Diagram
[jvmMqD57ZR] figure_1.jpg -> classified as: Architecture Diagram
[jw7P4MHLWw] figure_19.jpg -> classified as: Qualitative Examples
[jw7P4MHLWw] figure_23.jpg -> classified as: Qualitative Examples
[jw7P4MHLWw] figure_29.jpg -> classified as: Qualitative Examples
[jw7P4MHLWw] figure_24.jpg -> classified as: Qualitative Examples
[jw7P4MHLWw] figure_5.jpg -> classified as: Qualitative Examples
[jw7P4MHLWw] figure_6.jpg -> classified as: Plots / Charts
[jw7P4MHLWw] figure_9.jpg -> classified as: Plots / Charts
[jw7P4MHLWw] figure_22.jpg -> classified as: Qualitative Examples
[jw7P4MHLWw] figure_28.jpg -> classified as: Qualitative Examples
[jw7P4MHLWw] figure_18.jpg -> classified as: Qualitative Examples
[jw7P4MHLWw] figure_13.jpg -> classified as: Qualitative Examples
[jw7P4MHLWw] figure_15.jpg -> classified as: Qualitative Examples
[jw7P4MHLWw] figure_2.jpg -> classified as: Architecture Diagram
[jw7P4MHLWw] figure_20.jpg -> classified as: Qualitative Examples
[jw7P4MHLWw] figure_11.jpg -> classified as: Qualitative Examples
[jw7P4MHLWw] figure_7.jpg -> classified as: Qualitative Examples
[jw7P4MHLWw] figure_3.jpg -> classified as: Qualitative Examples
[jw7P4MHLWw] figure_4.jpg -> classified as: Architecture Diagram
[jw7P4MHLWw] figure_17.jpg -> classified as: Qualitative Examples
[jw7P4MHLWw] figure_1.jpg -> classified as: Qualitative Examples
[jw7P4MHLWw] figure_27.jpg -> classified as: Qualitative Examples
[jw7P4MHLWw] figure_8.jpg -> classified as: Qualitative Examples
[jw7P4MHLWw] figure_12.jpg -> classified as: Plots / Charts
[jw7P4MHLWw] figure_25.jpg -> classified as: Qualitative Examples
[jw7P4MHLWw] figure_21.jpg -> classified as: Qualitative Examples
[jw7P4MHLWw] figure_26.jpg -> classified as: Qualitative Examples
[jw7P4MHLWw] figure_14.jpg -> classified as: Qualitative Examples
[jw7P4MHLWw] figure_16.jpg -> classified as: Qualitative Examples
[jw7P4MHLWw] figure_10.jpg -> classified as: Qualitative Examples
[jxpsAj7ltE] figure_5.jpg -> classified as: Plots / Charts
[jxpsAj7ltE] figure_6.jpg -> classified as: Plots / Charts
[jxpsAj7ltE] figure_2.jpg -> classified as: Architecture Diagram
[jxpsAj7ltE] figure_3.jpg -> classified as: Plots / Charts
[jxpsAj7ltE] figure_4.jpg -> classified as: Plots / Charts
[jxpsAj7ltE] figure_1.jpg -> classified as: Architecture Diagram
[jy6iAfARAI] figure_19.jpg -> classified as: Plots / Charts
[jy6iAfARAI] figure_23.jpg -> classified as: Plots / Charts
[jy6iAfARAI] figure_24.jpg -> classified as: Architecture Diagram
[jy6iAfARAI] figure_5.jpg -> classified as: Plots / Charts
[jy6iAfARAI] figure_6.jpg -> classified as: Plots / Charts
[jy6iAfARAI] figure_9.jpg -> classified as: Plots / Charts
[jy6iAfARAI] figure_22.jpg -> classified as: Plots / Charts
[jy6iAfARAI] figure_18.jpg -> classified as: Plots / Charts
[jy6iAfARAI] figure_13.jpg -> classified as: Plots / Charts
[jy6iAfARAI] figure_15.jpg -> classified as: Qualitative Examples
[jy6iAfARAI] figure_2.jpg -> classified as: Architecture Diagram
[jy6iAfARAI] figure_20.jpg -> classified as: Plots / Charts
[jy6iAfARAI] figure_11.jpg -> classified as: Plots / Charts
[jy6iAfARAI] figure_7.jpg -> classified as: Plots / Charts
[jy6iAfARAI] figure_3.jpg -> classified as: Architecture Diagram
[jy6iAfARAI] figure_4.jpg -> classified as: Plots / Charts
[jy6iAfARAI] figure_17.jpg -> classified as: Qualitative Examples
[jy6iAfARAI] figure_1.jpg -> classified as: Architecture Diagram
[jy6iAfARAI] figure_12.jpg -> classified as: Plots / Charts
[jy6iAfARAI] figure_25.jpg -> classified as: Qualitative Examples
[jy6iAfARAI] figure_21.jpg -> classified as: Plots / Charts
[jy6iAfARAI] figure_14.jpg -> classified as: Qualitative Examples
[jy6iAfARAI] figure_16.jpg -> classified as: Qualitative Examples
[jy6iAfARAI] figure_10.jpg -> classified as: Plots / Charts
[jzneu6AO2x] figure_6.jpg -> classified as: Plots / Charts
[jzneu6AO2x] figure_2.jpg -> classified as: Qualitative Examples
[jzneu6AO2x] figure_7.jpg -> classified as: Plots / Charts
[jzneu6AO2x] figure_3.jpg -> classified as: Other
  -> Skipping second pass (Other)
[jzneu6AO2x] figure_4.jpg -> classified as: Plots / Charts
[jzneu6AO2x] figure_1.jpg -> classified as: Architecture Diagram
[jzneu6AO2x] figure_8.jpg -> classified as: Plots / Charts
[jzvWwv4gMx] figure_6.jpg -> classified as: Plots / Charts
[jzvWwv4gMx] figure_3.jpg -> classified as: Qualitative Examples
[jzvWwv4gMx] figure_4.jpg -> classified as: Plots / Charts
[jzvWwv4gMx] figure_1.jpg -> classified as: Qualitative Examples
[jzzEHTBFOT] figure_5.jpg -> classified as: Plots / Charts
[jzzEHTBFOT] figure_6.jpg -> classified as: Plots / Charts
[jzzEHTBFOT] figure_9.jpg -> classified as: Plots / Charts
[jzzEHTBFOT] figure_2.jpg -> classified as: Plots / Charts
[jzzEHTBFOT] figure_7.jpg -> classified as: Plots / Charts
[jzzEHTBFOT] figure_3.jpg -> classified as: Architecture Diagram
[jzzEHTBFOT] figure_4.jpg -> classified as: Plots / Charts
[jzzEHTBFOT] figure_1.jpg -> classified as: Plots / Charts
[jzzEHTBFOT] figure_8.jpg -> classified as: Plots / Charts
[k1qVBh5fnb] figure_2.jpg -> classified as: Architecture Diagram
[k1qVBh5fnb] figure_3.jpg -> classified as: Qualitative Examples
[k1qVBh5fnb] figure_4.jpg -> classified as: Qualitative Examples
[k1qVBh5fnb] figure_1.jpg -> classified as: Architecture Diagram
[k29iamlbpv] figure_5.jpg -> classified as: Qualitative Examples
[k29iamlbpv] figure_6.jpg -> classified as: Qualitative Examples
[k29iamlbpv] figure_9.jpg -> classified as: Qualitative Examples
[k29iamlbpv] figure_2.jpg -> classified as: Qualitative Examples
[k29iamlbpv] figure_and_(bottom)_TreeDiffusion.jpg -> classified as: Qualitative Examples
[k29iamlbpv] figure_7.jpg -> classified as: Architecture Diagram
[k29iamlbpv] figure_3.jpg -> classified as: Qualitative Examples
[k29iamlbpv] figure_4.jpg -> classified as: Architecture Diagram
[k29iamlbpv] figure_1.jpg -> classified as: Other
  -> Skipping second pass (Other)
[k29iamlbpv] figure_8.jpg -> classified as: Plots / Charts
[k29iamlbpv] figure_12.jpg -> classified as: Qualitative Examples
[k29iamlbpv] figure_10.jpg -> classified as: Qualitative Examples
[k2a2aPOA4b] figure_5.jpg -> classified as: Plots / Charts
[k2a2aPOA4b] figure_6.jpg -> classified as: Plots / Charts
[k2a2aPOA4b] figure_2.jpg -> classified as: Plots / Charts
[k2a2aPOA4b] figure_4.jpg -> classified as: Plots / Charts
[k2a2aPOA4b] figure_1.jpg -> classified as: Architecture Diagram
[k3tbMMW8rH] figure_5.jpg -> classified as: Plots / Charts
[k3tbMMW8rH] figure_6.jpg -> classified as: Plots / Charts
[k3tbMMW8rH] figure_9.jpg -> classified as: Qualitative Examples
[k3tbMMW8rH] figure_13.jpg -> classified as: Qualitative Examples
[k3tbMMW8rH] figure_15.jpg -> classified as: Qualitative Examples
[k3tbMMW8rH] figure_2.jpg -> classified as: Architecture Diagram
[k3tbMMW8rH] figure_11.jpg -> classified as: Qualitative Examples
[k3tbMMW8rH] figure_7.jpg -> classified as: Qualitative Examples
[k3tbMMW8rH] figure_3.jpg -> classified as: Plots / Charts
[k3tbMMW8rH] figure_4.jpg -> classified as: Qualitative Examples
[k3tbMMW8rH] figure_1.jpg -> classified as: Architecture Diagram
[k3tbMMW8rH] figure_8.jpg -> classified as: Qualitative Examples
[k3tbMMW8rH] figure_12.jpg -> classified as: Qualitative Examples
[k3tbMMW8rH] figure_14.jpg -> classified as: Plots / Charts
[k3tbMMW8rH] figure_10.jpg -> classified as: Qualitative Examples
[k5THrhXDV3] figure_5.jpg -> classified as: Plots / Charts
[k5THrhXDV3] figure_6.jpg -> classified as: Qualitative Examples
[k5THrhXDV3] figure_9.jpg -> classified as: Plots / Charts
[k5THrhXDV3] figure_13.jpg -> classified as: Qualitative Examples
[k5THrhXDV3] figure_15.jpg -> classified as: Qualitative Examples
[k5THrhXDV3] figure_2.jpg -> classified as: Qualitative Examples
[k5THrhXDV3] figure_11.jpg -> classified as: Qualitative Examples
[k5THrhXDV3] figure_7.jpg -> classified as: Qualitative Examples
[k5THrhXDV3] figure_3.jpg -> classified as: Plots / Charts
[k5THrhXDV3] figure_4.jpg -> classified as: Qualitative Examples
[k5THrhXDV3] figure_1.jpg -> classified as: Architecture Diagram
[k5THrhXDV3] figure_8.jpg -> classified as: Plots / Charts
[k5THrhXDV3] figure_12.jpg -> classified as: Qualitative Examples
[k5THrhXDV3] figure_14.jpg -> classified as: Qualitative Examples
[k5THrhXDV3] figure_16.jpg -> classified as: Qualitative Examples
[k5THrhXDV3] figure_10.jpg -> classified as: Plots / Charts
[k5VHHgsRbi] figure_6.jpg -> classified as: Plots / Charts
[k5VHHgsRbi] figure_(b)_Object_Existence.jpg -> classified as: Qualitative Examples
[k5VHHgsRbi] figure_9.jpg -> classified as: Qualitative Examples
[k5VHHgsRbi] figure_13.jpg -> classified as: Plots / Charts
[k5VHHgsRbi] figure_15.jpg -> classified as: Plots / Charts
[k5VHHgsRbi] figure_2.jpg -> classified as: Other
  -> Skipping second pass (Other)
[k5VHHgsRbi] figure_11.jpg -> classified as: Qualitative Examples
[k5VHHgsRbi] figure_(a)_Reasoning_Task.jpg -> classified as: Qualitative Examples
[k5VHHgsRbi] figure_7.jpg -> classified as: Qualitative Examples
[k5VHHgsRbi] figure_3.jpg -> classified as: Plots / Charts
[k5VHHgsRbi] figure_4.jpg -> classified as: Qualitative Examples
[k5VHHgsRbi] figure_(d)_Color_Recognition.jpg -> classified as: Qualitative Examples
[k5VHHgsRbi] figure_(e)_Visual_Attribute.jpg -> classified as: Qualitative Examples
[k5VHHgsRbi] figure_1.jpg -> classified as: Qualitative Examples
[k5VHHgsRbi] figure_(c)_Motion_Attribute.jpg -> classified as: Qualitative Examples
[k5VHHgsRbi] figure_(b)_Reasoning_task.jpg -> classified as: Qualitative Examples
[k5VHHgsRbi] figure_8.jpg -> classified as: Qualitative Examples
[k5VHHgsRbi] figure_12.jpg -> classified as: Plots / Charts
[k5VHHgsRbi] figure_14.jpg -> classified as: Qualitative Examples
[k5VHHgsRbi] figure_(a)_Object_Counting.jpg -> classified as: Qualitative Examples
[k5VHHgsRbi] figure_16.jpg -> classified as: Plots / Charts
[k5VHHgsRbi] figure_10.jpg -> classified as: Qualitative Examples
[k7jhe7gr7C] figure_5.jpg -> classified as: Plots / Charts
[k7jhe7gr7C] figure_6.jpg -> classified as: Plots / Charts
[k7jhe7gr7C] figure_9.jpg -> classified as: Plots / Charts
[k7jhe7gr7C] figure_13.jpg -> classified as: Plots / Charts
[k7jhe7gr7C] figure_15.jpg -> classified as: Plots / Charts
[k7jhe7gr7C] figure_2.jpg -> classified as: Architecture Diagram
[k7jhe7gr7C] figure_11.jpg -> classified as: Plots / Charts
[k7jhe7gr7C] figure_7.jpg -> classified as: Plots / Charts
[k7jhe7gr7C] figure_3.jpg -> classified as: Plots / Charts
[k7jhe7gr7C] figure_4.jpg -> classified as: Plots / Charts
[k7jhe7gr7C] figure_17.jpg -> classified as: Qualitative Examples
[k7jhe7gr7C] figure_1.jpg -> classified as: Architecture Diagram
[k7jhe7gr7C] figure_8.jpg -> classified as: Plots / Charts
[k7jhe7gr7C] figure_12.jpg -> classified as: Plots / Charts
[k7jhe7gr7C] figure_14.jpg -> classified as: Plots / Charts
[k7jhe7gr7C] figure_16.jpg -> classified as: Plots / Charts
[k7jhe7gr7C] figure_10.jpg -> classified as: Plots / Charts
[kALZASidYe] figure_5.jpg -> classified as: Qualitative Examples
[kALZASidYe] figure_2.jpg -> classified as: Architecture Diagram
[kALZASidYe] figure_3.jpg -> classified as: Plots / Charts
[kALZASidYe] figure_4.jpg -> classified as: Qualitative Examples
[kALZASidYe] figure_1.jpg -> classified as: Plots / Charts
[kALZASidYe] figure_8.jpg -> classified as: Qualitative Examples
[kB4yBiNmXX] figure_5.jpg -> classified as: Architecture Diagram
[kB4yBiNmXX] figure_2.jpg -> classified as: Architecture Diagram
[kB4yBiNmXX] figure_S_2.jpg -> classified as: Plots / Charts
[kB4yBiNmXX] figure_S_3.jpg -> classified as: Plots / Charts
[kB4yBiNmXX] figure_S_8.jpg -> classified as: Plots / Charts
[kB4yBiNmXX] figure_4.jpg -> classified as: Architecture Diagram
[kB4yBiNmXX] figure_S_5.jpg -> classified as: Plots / Charts
[kB4yBiNmXX] figure_1.jpg -> classified as: Plots / Charts
[kB4yBiNmXX] figure_S_1.jpg -> classified as: Plots / Charts
[kB4yBiNmXX] figure_S.jpg -> classified as: Plots / Charts
[kB4yBiNmXX] figure_S_4.jpg -> classified as: Plots / Charts
[kB4yBiNmXX] figure_S_7.jpg -> classified as: Plots / Charts
[kB4yBiNmXX] figure_S_6.jpg -> classified as: Plots / Charts
[kBLnxjuKd3] figure_5.jpg -> classified as: Plots / Charts
[kBLnxjuKd3] figure_6.jpg -> classified as: Plots / Charts
[kBLnxjuKd3] figure_9.jpg -> classified as: Plots / Charts
[kBLnxjuKd3] figure_2.jpg -> classified as: Plots / Charts
[kBLnxjuKd3] figure_11.jpg -> classified as: Plots / Charts
[kBLnxjuKd3] figure_7.jpg -> classified as: Plots / Charts
[kBLnxjuKd3] figure_3.jpg -> classified as: Plots / Charts
[kBLnxjuKd3] figure_4.jpg -> classified as: Plots / Charts
[kBLnxjuKd3] figure_1.jpg -> classified as: Plots / Charts
[kBLnxjuKd3] figure_8.jpg -> classified as: Plots / Charts
[kBLnxjuKd3] figure_12.jpg -> classified as: Plots / Charts
[kBLnxjuKd3] figure_10.jpg -> classified as: Plots / Charts
[kGvXIlIVLM] figure_5.jpg -> classified as: Plots / Charts
[kGvXIlIVLM] figure_6.jpg -> classified as: Plots / Charts
[kGvXIlIVLM] figure_9.jpg -> classified as: Plots / Charts
[kGvXIlIVLM] figure_2.jpg -> classified as: Architecture Diagram
[kGvXIlIVLM] figure_7.jpg -> classified as: Qualitative Examples
[kGvXIlIVLM] figure_3.jpg -> classified as: Plots / Charts
[kGvXIlIVLM] figure_4.jpg -> classified as: Plots / Charts
[kGvXIlIVLM] figure_1.jpg -> classified as: Plots / Charts
[kGvXIlIVLM] figure_8.jpg -> classified as: Qualitative Examples
[kGvXIlIVLM] figure_10.jpg -> classified as: Plots / Charts
[kIP0duasBb] figure_5.jpg -> classified as: Plots / Charts
[kIP0duasBb] figure_6.jpg -> classified as: Qualitative Examples
[kIP0duasBb] figure_9.jpg -> classified as: Plots / Charts
[kIP0duasBb] figure_2.jpg -> classified as: Architecture Diagram
[kIP0duasBb] figure_7.jpg -> classified as: Qualitative Examples
[kIP0duasBb] figure_3.jpg -> classified as: Architecture Diagram
[kIP0duasBb] figure_4.jpg -> classified as: Architecture Diagram
[kIP0duasBb] figure_8.jpg -> classified as: Qualitative Examples
[kIPEyMSdFV] figure_5.jpg -> classified as: Plots / Charts
[kIPEyMSdFV] figure_6.jpg -> classified as: Plots / Charts
[kIPEyMSdFV] figure_9.jpg -> classified as: Plots / Charts
[kIPEyMSdFV] figure_13.jpg -> classified as: Plots / Charts
[kIPEyMSdFV] figure_15.jpg -> classified as: Plots / Charts
[kIPEyMSdFV] figure_2.jpg -> classified as: Plots / Charts
[kIPEyMSdFV] figure_11.jpg -> classified as: Plots / Charts
[kIPEyMSdFV] figure_7.jpg -> classified as: Plots / Charts
[kIPEyMSdFV] figure_3.jpg -> classified as: Plots / Charts
[kIPEyMSdFV] figure_4.jpg -> classified as: Plots / Charts
[kIPEyMSdFV] figure_1.jpg -> classified as: Qualitative Examples
[kIPEyMSdFV] figure_8.jpg -> classified as: Plots / Charts
[kIPEyMSdFV] figure_12.jpg -> classified as: Plots / Charts
[kIPEyMSdFV] figure_14.jpg -> classified as: Plots / Charts
[kIPEyMSdFV] figure_16.jpg -> classified as: Plots / Charts
[kIPEyMSdFV] figure_10.jpg -> classified as: Plots / Charts
[kJ0qp9Xdsh] figure_2.jpg -> classified as: Architecture Diagram
[kJ0qp9Xdsh] figure_C_1.jpg -> classified as: Qualitative Examples
[kJ0qp9Xdsh] figure_C_2.jpg -> classified as: Qualitative Examples
[kJ0qp9Xdsh] figure_B.jpg -> classified as: Plots / Charts
[kJ0qp9Xdsh] figure_C_3.jpg -> classified as: Plots / Charts
[kJ0qp9Xdsh] figure_3.jpg -> classified as: Qualitative Examples
[kJ0qp9Xdsh] figure_B_1.jpg -> classified as: Qualitative Examples
[kJ0qp9Xdsh] figure_B_2.jpg -> classified as: Architecture Diagram
[kJ0qp9Xdsh] figure_C.jpg -> classified as: Qualitative Examples
[kJ0qp9Xdsh] figure_1.jpg -> classified as: Plots / Charts
[kKXIYUi8ff] figure_5.jpg -> classified as: Plots / Charts
[kKXIYUi8ff] figure_6.jpg -> classified as: Plots / Charts
[kKXIYUi8ff] figure_9.jpg -> classified as: Plots / Charts
[kKXIYUi8ff] figure_2.jpg -> classified as: Architecture Diagram
[kKXIYUi8ff] figure_11.jpg -> classified as: Plots / Charts
[kKXIYUi8ff] figure_7.jpg -> classified as: Plots / Charts
[kKXIYUi8ff] figure_3.jpg -> classified as: Plots / Charts
[kKXIYUi8ff] figure_4.jpg -> classified as: Plots / Charts
[kKXIYUi8ff] figure_1.jpg -> classified as: Qualitative Examples
[kKXIYUi8ff] figure_8.jpg -> classified as: Plots / Charts
[kKXIYUi8ff] figure_10.jpg -> classified as: Plots / Charts
[kKmi2UTlBN] figure_5.jpg -> classified as: Plots / Charts
[kKmi2UTlBN] figure_2.jpg -> classified as: Architecture Diagram
[kKmi2UTlBN] figure_3.jpg -> classified as: Plots / Charts
[kKmi2UTlBN] figure_4.jpg -> classified as: Plots / Charts
[kKmi2UTlBN] figure_1.jpg -> classified as: Architecture Diagram
[kMOHMk1h0Y] figure_5.jpg -> classified as: Plots / Charts
[kMOHMk1h0Y] figure_9.jpg -> classified as: Plots / Charts
[kMOHMk1h0Y] figure_2.jpg -> classified as: Architecture Diagram
[kMOHMk1h0Y] figure_7.jpg -> classified as: Plots / Charts
[kMOHMk1h0Y] figure_3.jpg -> classified as: Architecture Diagram
[kMOHMk1h0Y] figure_4.jpg -> classified as: Qualitative Examples
[kMOHMk1h0Y] figure_1.jpg -> classified as: Architecture Diagram
[kMp8zCsXNb] figure_5.jpg -> classified as: Qualitative Examples
[kMp8zCsXNb] figure_6.jpg -> classified as: Qualitative Examples
[kMp8zCsXNb] figure_9.jpg -> classified as: Qualitative Examples
[kMp8zCsXNb] figure_2.jpg -> classified as: Plots / Charts
[kMp8zCsXNb] figure_11.jpg -> classified as: Qualitative Examples
[kMp8zCsXNb] figure_7.jpg -> classified as: Qualitative Examples
[kMp8zCsXNb] figure_3.jpg -> classified as: Plots / Charts
[kMp8zCsXNb] figure_4.jpg -> classified as: Qualitative Examples
[kMp8zCsXNb] figure_1.jpg -> classified as: Architecture Diagram
[kMp8zCsXNb] figure_8.jpg -> classified as: Plots / Charts
[kMp8zCsXNb] figure_10.jpg -> classified as: Qualitative Examples
[kN6MFmKUSK] figure_5.jpg -> classified as: Plots / Charts
[kN6MFmKUSK] figure_6.jpg -> classified as: Qualitative Examples
[kN6MFmKUSK] figure_2.jpg -> classified as: Architecture Diagram
[kN6MFmKUSK] figure_3.jpg -> classified as: Plots / Charts
[kN6MFmKUSK] figure_4.jpg -> classified as: Plots / Charts
[kN6MFmKUSK] figure_1.jpg -> classified as: Qualitative Examples
[kNPcOaqC5r] figure_5.jpg -> classified as: Qualitative Examples
[kNPcOaqC5r] figure_6.jpg -> classified as: Plots / Charts
[kNPcOaqC5r] figure_2.jpg -> classified as: Plots / Charts
[kNPcOaqC5r] figure_7.jpg -> classified as: Plots / Charts
[kNPcOaqC5r] figure_3.jpg -> classified as: Plots / Charts
[kNPcOaqC5r] figure_4.jpg -> classified as: Qualitative Examples
[kNPcOaqC5r] figure_1.jpg -> classified as: Architecture Diagram
[kNjrhD67LP] figure_A_colorful_slogan.jpg -> classified as: Teaser Image
[kNjrhD67LP] figure_Many_fishes_in.jpg -> classified as: Other
  -> Skipping second pass (Other)
[kNjrhD67LP] figure_a_group_of_1.jpg -> classified as: Other
  -> Skipping second pass (Other)
[kNjrhD67LP] figure_a_man_in.jpg -> classified as: Other
  -> Skipping second pass (Other)
[kNjrhD67LP] figure_5.jpg -> classified as: Plots / Charts
[kNjrhD67LP] figure_Many_bicycles_on.jpg -> classified as: Other
  -> Skipping second pass (Other)
[kNjrhD67LP] figure_9.jpg -> classified as: Other
  -> Skipping second pass (Other)
[kNjrhD67LP] figure_a_giraffe_is.jpg -> classified as: Other
  -> Skipping second pass (Other)
[kNjrhD67LP] figure_2.jpg -> classified as: Architecture Diagram
[kNjrhD67LP] figure_a_man_walking.jpg -> classified as: Other
  -> Skipping second pass (Other)
[kNjrhD67LP] figure_11.jpg -> classified as: Other
  -> Skipping second pass (Other)
[kNjrhD67LP] figure_a_cell_phone.jpg -> classified as: Other
  -> Skipping second pass (Other)
[kNjrhD67LP] figure_7.jpg -> classified as: Qualitative Examples
[kNjrhD67LP] figure_a_person_riding.jpg -> classified as: Qualitative Examples
[kNjrhD67LP] figure_3.jpg -> classified as: Architecture Diagram
[kNjrhD67LP] figure_a_group_of.jpg -> classified as: Teaser Image
[kNjrhD67LP] figure_4.jpg -> classified as: Plots / Charts
[kNjrhD67LP] figure_1.jpg -> classified as: Architecture Diagram
[kNjrhD67LP] figure_8.jpg -> classified as: Qualitative Examples
[kNjrhD67LP] figure_a_bathroom_with.jpg -> classified as: Other
  -> Skipping second pass (Other)
[kNjrhD67LP] figure_a_cat_standing.jpg -> classified as: Qualitative Examples
[kNjrhD67LP] figure_a_white_cat.jpg -> classified as: Other
  -> Skipping second pass (Other)
[kNjrhD67LP] figure_a_fire_hydrant.jpg -> classified as: Qualitative Examples
[kNjrhD67LP] figure_10.jpg -> classified as: Qualitative Examples
[kPC83HK4br] figure_5.jpg -> classified as: Plots / Charts
[kPC83HK4br] figure_6.jpg -> classified as: Plots / Charts
[kPC83HK4br] figure_9.jpg -> classified as: Architecture Diagram
[kPC83HK4br] figure_13.jpg -> classified as: Qualitative Examples
[kPC83HK4br] figure_15.jpg -> classified as: Qualitative Examples
[kPC83HK4br] figure_2.jpg -> classified as: Architecture Diagram
[kPC83HK4br] figure_11.jpg -> classified as: Qualitative Examples
[kPC83HK4br] figure_7.jpg -> classified as: Plots / Charts
[kPC83HK4br] figure_4.jpg -> classified as: Plots / Charts
[kPC83HK4br] figure_1.jpg -> classified as: Qualitative Examples
[kPC83HK4br] figure_8.jpg -> classified as: Plots / Charts
[kPC83HK4br] figure_12.jpg -> classified as: Qualitative Examples
[kPC83HK4br] figure_14.jpg -> classified as: Qualitative Examples
[kPC83HK4br] figure_16.jpg -> classified as: Qualitative Examples
[kPC83HK4br] figure_10.jpg -> classified as: Qualitative Examples
[kPsrWDS6SB] figure_5.jpg -> classified as: Architecture Diagram
[kPsrWDS6SB] figure_6.jpg -> classified as: Architecture Diagram
[kPsrWDS6SB] figure_9.jpg -> classified as: Architecture Diagram
[kPsrWDS6SB] figure_2.jpg -> classified as: Plots / Charts
[kPsrWDS6SB] figure_7.jpg -> classified as: Architecture Diagram
[kPsrWDS6SB] figure_3.jpg -> classified as: Qualitative Examples
[kPsrWDS6SB] figure_4.jpg -> classified as: Plots / Charts
[kPsrWDS6SB] figure_1.jpg -> classified as: Plots / Charts
[kPsrWDS6SB] figure_8.jpg -> classified as: Architecture Diagram
[kQCHCkNk7s] figure_5.jpg -> classified as: Plots / Charts
[kQCHCkNk7s] figure_2.jpg -> classified as: Plots / Charts
[kQCHCkNk7s] figure_3.jpg -> classified as: Plots / Charts
[kQCHCkNk7s] figure_4.jpg -> classified as: Plots / Charts
[kQCHCkNk7s] figure_1.jpg -> classified as: Plots / Charts
[kRBQwlkFSP] figure_5.jpg -> classified as: Plots / Charts
[kRBQwlkFSP] figure_6.jpg -> classified as: Plots / Charts
[kRBQwlkFSP] figure_9.jpg -> classified as: Plots / Charts
[kRBQwlkFSP] figure_13.jpg -> classified as: Qualitative Examples
[kRBQwlkFSP] figure_15.jpg -> classified as: Qualitative Examples
[kRBQwlkFSP] figure_2.jpg -> classified as: Plots / Charts
[kRBQwlkFSP] figure_11.jpg -> classified as: Qualitative Examples
[kRBQwlkFSP] figure_3.jpg -> classified as: Plots / Charts
[kRBQwlkFSP] figure_4.jpg -> classified as: Plots / Charts
[kRBQwlkFSP] figure_17.jpg -> classified as: Plots / Charts
[kRBQwlkFSP] figure_1.jpg -> classified as: Plots / Charts
[kRBQwlkFSP] figure_8.jpg -> classified as: Plots / Charts
[kRBQwlkFSP] figure_12.jpg -> classified as: Qualitative Examples
[kRBQwlkFSP] figure_14.jpg -> classified as: Qualitative Examples
[kRBQwlkFSP] figure_16.jpg -> classified as: Qualitative Examples
[kRBQwlkFSP] figure_10.jpg -> classified as: Plots / Charts
Shard 2 complete.
Task 2 finished
