Starting Task ID: 1
Initializing Qwen Client with model: qwen3-vl-30b-a3b-instruct
Using Data Root: /ceph/hpc/home/euweihez/topcon/d2025d08-005-users/data_src/balanced/balanced_rl/rl/balanced_rl
--- SHARD INFO ---
Job ID: 1 / 4
Processing indices: 382 to 764 (Total: 382 papers)
Outputting to: /ceph/hpc/home/euweihez/topcon/d2025d08-005-users/img_description/rl/image_descriptions_1.json
------------------
[FdVXgSJhvz] figure_19.jpg -> classified as: Plots / Charts
[FdVXgSJhvz] figure_23.jpg -> classified as: Plots / Charts
[FdVXgSJhvz] figure_24.jpg -> classified as: Plots / Charts
[FdVXgSJhvz] figure_5.jpg -> classified as: Plots / Charts
[FdVXgSJhvz] figure_6.jpg -> classified as: Plots / Charts
[FdVXgSJhvz] figure_9.jpg -> classified as: Plots / Charts
[FdVXgSJhvz] figure_28.jpg -> classified as: Plots / Charts
[FdVXgSJhvz] figure_18.jpg -> classified as: Plots / Charts
[FdVXgSJhvz] figure_13.jpg -> classified as: Plots / Charts
[FdVXgSJhvz] figure_15.jpg -> classified as: Plots / Charts
[FdVXgSJhvz] figure_2.jpg -> classified as: Architecture Diagram
[FdVXgSJhvz] figure_20.jpg -> classified as: Plots / Charts
[FdVXgSJhvz] figure_11.jpg -> classified as: Qualitative Examples
[FdVXgSJhvz] figure_7.jpg -> classified as: Plots / Charts
[FdVXgSJhvz] figure_4.jpg -> classified as: Plots / Charts
[FdVXgSJhvz] figure_17.jpg -> classified as: Plots / Charts
[FdVXgSJhvz] figure_1.jpg -> classified as: Plots / Charts
[FdVXgSJhvz] figure_27.jpg -> classified as: Plots / Charts
[FdVXgSJhvz] figure_8.jpg -> classified as: Plots / Charts
[FdVXgSJhvz] figure_25.jpg -> classified as: Plots / Charts
[FdVXgSJhvz] figure_21.jpg -> classified as: Plots / Charts
[FdVXgSJhvz] figure_26.jpg -> classified as: Plots / Charts
[FdVXgSJhvz] figure_14.jpg -> classified as: Plots / Charts
[FdVXgSJhvz] figure_16.jpg -> classified as: Plots / Charts
[FdVXgSJhvz] figure_10.jpg -> classified as: Plots / Charts
[FhTAG591Ve] figure_5.jpg -> classified as: Plots / Charts
[FhTAG591Ve] figure_6.jpg -> classified as: Architecture Diagram
[FhTAG591Ve] figure_9.jpg -> classified as: Plots / Charts
[FhTAG591Ve] figure_13.jpg -> classified as: Plots / Charts
[FhTAG591Ve] figure_2.jpg -> classified as: Architecture Diagram
[FhTAG591Ve] figure_11.jpg -> classified as: Plots / Charts
[FhTAG591Ve] figure_7.jpg -> classified as: Plots / Charts
[FhTAG591Ve] figure_3.jpg -> classified as: Plots / Charts
[FhTAG591Ve] figure_4.jpg -> classified as: Plots / Charts
[FhTAG591Ve] figure_1.jpg -> classified as: Plots / Charts
[FhTAG591Ve] figure_8.jpg -> classified as: Plots / Charts
[FhTAG591Ve] figure_12.jpg -> classified as: Architecture Diagram
[FhTAG591Ve] figure_14.jpg -> classified as: Plots / Charts
[FhTAG591Ve] figure_10.jpg -> classified as: Plots / Charts
[FoUpv84hMw] figure_2.jpg -> classified as: Plots / Charts
[FoUpv84hMw] figure_3.jpg -> classified as: Plots / Charts
[FoUpv84hMw] figure_4.jpg -> classified as: Plots / Charts
[FoUpv84hMw] figure_1.jpg -> classified as: Architecture Diagram
[FvIASa0tau] figure_19.jpg -> classified as: Qualitative Examples
[FvIASa0tau] figure_23.jpg -> classified as: Qualitative Examples
[FvIASa0tau] figure_24.jpg -> classified as: Qualitative Examples
[FvIASa0tau] figure_5.jpg -> classified as: Qualitative Examples
[FvIASa0tau] figure_6.jpg -> classified as: Qualitative Examples
[FvIASa0tau] figure_9.jpg -> classified as: Architecture Diagram
[FvIASa0tau] figure_22.jpg -> classified as: Qualitative Examples
[FvIASa0tau] figure_13.jpg -> classified as: Qualitative Examples
[FvIASa0tau] figure_2.jpg -> classified as: Architecture Diagram
[FvIASa0tau] figure_20.jpg -> classified as: Qualitative Examples
[FvIASa0tau] figure_11.jpg -> classified as: Qualitative Examples
[FvIASa0tau] figure_7.jpg -> classified as: Architecture Diagram
[FvIASa0tau] figure_3.jpg -> classified as: Architecture Diagram
[FvIASa0tau] figure_4.jpg -> classified as: Architecture Diagram
[FvIASa0tau] figure_17.jpg -> classified as: Qualitative Examples
[FvIASa0tau] figure_1.jpg -> classified as: Qualitative Examples
[FvIASa0tau] figure_8.jpg -> classified as: Qualitative Examples
[FvIASa0tau] figure_12.jpg -> classified as: Qualitative Examples
[FvIASa0tau] figure_25.jpg -> classified as: Qualitative Examples
[FvIASa0tau] figure_21.jpg -> classified as: Qualitative Examples
[FvIASa0tau] figure_26.jpg -> classified as: Qualitative Examples
[FvIASa0tau] figure_10.jpg -> classified as: Architecture Diagram
[FvQsk3la17] figure_5.jpg -> classified as: Plots / Charts
[FvQsk3la17] figure_6.jpg -> classified as: Plots / Charts
[FvQsk3la17] figure_9.jpg -> classified as: Qualitative Examples
[FvQsk3la17] figure_18.jpg -> classified as: Plots / Charts
[FvQsk3la17] figure_13.jpg -> classified as: Plots / Charts
[FvQsk3la17] figure_15.jpg -> classified as: Plots / Charts
[FvQsk3la17] figure_2.jpg -> classified as: Plots / Charts
[FvQsk3la17] figure_11.jpg -> classified as: Qualitative Examples
[FvQsk3la17] figure_7.jpg -> classified as: Qualitative Examples
[FvQsk3la17] figure_3.jpg -> classified as: Plots / Charts
[FvQsk3la17] figure_4.jpg -> classified as: Plots / Charts
[FvQsk3la17] figure_17.jpg -> classified as: Plots / Charts
[FvQsk3la17] figure_1.jpg -> classified as: Plots / Charts
[FvQsk3la17] figure_8.jpg -> classified as: Plots / Charts
[FvQsk3la17] figure_12.jpg -> classified as: Qualitative Examples
[FvQsk3la17] figure_14.jpg -> classified as: Plots / Charts
[FvQsk3la17] figure_16.jpg -> classified as: Plots / Charts
[FvQsk3la17] figure_10.jpg -> classified as: Plots / Charts
[FviefuxmeW] figure_2.jpg -> classified as: Plots / Charts
[FviefuxmeW] figure_3.jpg -> classified as: Plots / Charts
[FviefuxmeW] figure_1.jpg -> classified as: Plots / Charts
[G328D1xt4W] figure_5.jpg -> classified as: Plots / Charts
[G328D1xt4W] figure_6.jpg -> classified as: Qualitative Examples
[G328D1xt4W] figure_2.jpg -> classified as: Qualitative Examples
[G328D1xt4W] figure_3.jpg -> classified as: Plots / Charts
[G328D1xt4W] figure_4.jpg -> classified as: Plots / Charts
[G328D1xt4W] figure_1.jpg -> classified as: Architecture Diagram
[G5Fo7H6dqE] figure_19.jpg -> classified as: Plots / Charts
[G5Fo7H6dqE] figure_23.jpg -> classified as: Plots / Charts
[G5Fo7H6dqE] figure_24.jpg -> classified as: Plots / Charts
[G5Fo7H6dqE] figure_5.jpg -> classified as: Architecture Diagram
[G5Fo7H6dqE] figure_6.jpg -> classified as: Plots / Charts
[G5Fo7H6dqE] figure_9.jpg -> classified as: Plots / Charts
[G5Fo7H6dqE] figure_(b)_A_rolling.jpg -> classified as: Architecture Diagram
[G5Fo7H6dqE] figure_22.jpg -> classified as: Plots / Charts
[G5Fo7H6dqE] figure_18.jpg -> classified as: Plots / Charts
[G5Fo7H6dqE] figure_13.jpg -> classified as: Plots / Charts
[G5Fo7H6dqE] figure_15.jpg -> classified as: Plots / Charts
[G5Fo7H6dqE] figure_2.jpg -> classified as: Architecture Diagram
[G5Fo7H6dqE] figure_20.jpg -> classified as: Plots / Charts
[G5Fo7H6dqE] figure_11.jpg -> classified as: Architecture Diagram
[G5Fo7H6dqE] figure_7.jpg -> classified as: Plots / Charts
[G5Fo7H6dqE] figure_3.jpg -> classified as: Architecture Diagram
[G5Fo7H6dqE] figure_17.jpg -> classified as: Plots / Charts
[G5Fo7H6dqE] figure_8.jpg -> classified as: Plots / Charts
[G5Fo7H6dqE] figure_12.jpg -> classified as: Plots / Charts
[G5Fo7H6dqE] figure_21.jpg -> classified as: Plots / Charts
[G5Fo7H6dqE] figure_(a)_Starting_from.jpg -> classified as: Architecture Diagram
[G5Fo7H6dqE] figure_14.jpg -> classified as: Plots / Charts
[G5Fo7H6dqE] figure_16.jpg -> classified as: Plots / Charts
[G5Fo7H6dqE] figure_10.jpg -> classified as: Plots / Charts
[G5sPv4KSjR] figure_2.jpg -> classified as: Plots / Charts
[G5sPv4KSjR] figure_3.jpg -> classified as: Plots / Charts
[G5sPv4KSjR] figure_1.jpg -> classified as: Architecture Diagram
[G6dMvRuhFr] figure_19.jpg -> classified as: Qualitative Examples
[G6dMvRuhFr] figure_5.jpg -> classified as: Qualitative Examples
[G6dMvRuhFr] figure_9.jpg -> classified as: Plots / Charts
[G6dMvRuhFr] figure_18.jpg -> classified as: Qualitative Examples
[G6dMvRuhFr] figure_13.jpg -> classified as: Qualitative Examples
[G6dMvRuhFr] figure_15.jpg -> classified as: Qualitative Examples
[G6dMvRuhFr] figure_2.jpg -> classified as: Qualitative Examples
[G6dMvRuhFr] figure_11.jpg -> classified as: Qualitative Examples
[G6dMvRuhFr] figure_7.jpg -> classified as: Qualitative Examples
[G6dMvRuhFr] figure_unnamed_figure.jpg -> classified as: Qualitative Examples
[G6dMvRuhFr] figure_17.jpg -> classified as: Qualitative Examples
[G6dMvRuhFr] figure_1.jpg -> classified as: Architecture Diagram
[G6dMvRuhFr] figure_8.jpg -> classified as: Plots / Charts
[G6dMvRuhFr] figure_12.jpg -> classified as: Qualitative Examples
[G6dMvRuhFr] figure_14.jpg -> classified as: Qualitative Examples
[G6dMvRuhFr] figure_16.jpg -> classified as: Qualitative Examples
[G6dMvRuhFr] figure_10.jpg -> classified as: Plots / Charts
[G6iREzfcZ7] figure_5.jpg -> classified as: Qualitative Examples
[G6iREzfcZ7] figure_6.jpg -> classified as: Qualitative Examples
[G6iREzfcZ7] figure_9.jpg -> classified as: Qualitative Examples
[G6iREzfcZ7] figure_13.jpg -> classified as: Plots / Charts
[G6iREzfcZ7] figure_15.jpg -> classified as: Plots / Charts
[G6iREzfcZ7] figure_2.jpg -> classified as: Qualitative Examples
[G6iREzfcZ7] figure_11.jpg -> classified as: Plots / Charts
[G6iREzfcZ7] figure_7.jpg -> classified as: Qualitative Examples
[G6iREzfcZ7] figure_3.jpg -> classified as: Plots / Charts
[G6iREzfcZ7] figure_4.jpg -> classified as: Plots / Charts
[G6iREzfcZ7] figure_1.jpg -> classified as: Architecture Diagram
[G6iREzfcZ7] figure_8.jpg -> classified as: Qualitative Examples
[G6iREzfcZ7] figure_12.jpg -> classified as: Plots / Charts
[G6iREzfcZ7] figure_14.jpg -> classified as: Plots / Charts
[G6iREzfcZ7] figure_10.jpg -> classified as: Qualitative Examples
[G7sIFXugTX] figure_5.jpg -> classified as: Plots / Charts
[G7sIFXugTX] figure_6.jpg -> classified as: Architecture Diagram
[G7sIFXugTX] figure_2.jpg -> classified as: Architecture Diagram
[G7sIFXugTX] figure_7.jpg -> classified as: Plots / Charts
[G7sIFXugTX] figure_4.jpg -> classified as: Plots / Charts
[G7sIFXugTX] figure_1.jpg -> classified as: Architecture Diagram
[G7sIFXugTX] figure_8.jpg -> classified as: Plots / Charts
[GARbxyCV13] figure_5.jpg -> classified as: Qualitative Examples
[GARbxyCV13] figure_6.jpg -> classified as: Qualitative Examples
[GARbxyCV13] figure_9.jpg -> classified as: Plots / Charts
[GARbxyCV13] figure_2.jpg -> classified as: Architecture Diagram
[GARbxyCV13] figure_11.jpg -> classified as: Qualitative Examples
[GARbxyCV13] figure_7.jpg -> classified as: Qualitative Examples
[GARbxyCV13] figure_3.jpg -> classified as: Qualitative Examples
[GARbxyCV13] figure_4.jpg -> classified as: Qualitative Examples
[GARbxyCV13] figure_1.jpg -> classified as: Plots / Charts
[GARbxyCV13] figure_8.jpg -> classified as: Qualitative Examples
[GARbxyCV13] figure_12.jpg -> classified as: Qualitative Examples
[GARbxyCV13] figure_10.jpg -> classified as: Qualitative Examples
[GGAG3wFEKv] figure_(c)_Regret_of.jpg -> classified as: Plots / Charts
[GGAG3wFEKv] figure_(c)_Diffusion_prior.jpg -> classified as: Plots / Charts
[GGAG3wFEKv] figure_5.jpg -> classified as: Plots / Charts
[GGAG3wFEKv] figure_6.jpg -> classified as: Plots / Charts
[GGAG3wFEKv] figure_2.jpg -> classified as: Plots / Charts
[GGAG3wFEKv] figure_(b)_Comparing_our.jpg -> classified as: Plots / Charts
[GGAG3wFEKv] figure_7.jpg -> classified as: Plots / Charts
[GGAG3wFEKv] figure_3.jpg -> classified as: Plots / Charts
[GGAG3wFEKv] figure_(b)_Regret_scaling.jpg -> classified as: Plots / Charts
[GGZISiwgNt] figure_2.jpg -> classified as: Plots / Charts
[GGZISiwgNt] figure_3.jpg -> classified as: Plots / Charts
[GGZISiwgNt] figure_1.jpg -> classified as: Plots / Charts
[GGo5eMv45h] figure_2.jpg -> classified as: Plots / Charts
[GGo5eMv45h] figure_3.jpg -> classified as: Plots / Charts
[GGo5eMv45h] figure_4.jpg -> classified as: Plots / Charts
[GGo5eMv45h] figure_1.jpg -> classified as: Architecture Diagram
[GIFn3ibnKa] figure_5.jpg -> classified as: Plots / Charts
[GIFn3ibnKa] figure_6.jpg -> classified as: Qualitative Examples
[GIFn3ibnKa] figure_2.jpg -> classified as: Architecture Diagram
[GIFn3ibnKa] figure_7.jpg -> classified as: Plots / Charts
[GIFn3ibnKa] figure_3.jpg -> classified as: Architecture Diagram
[GIFn3ibnKa] figure_4.jpg -> classified as: Other
  -> Skipping second pass (Other)
[GIFn3ibnKa] figure_1.jpg -> classified as: Architecture Diagram
[GSBHKiw19c] figure_5.jpg -> classified as: Plots / Charts
[GSBHKiw19c] figure_6.jpg -> classified as: Plots / Charts
[GSBHKiw19c] figure_9.jpg -> classified as: Plots / Charts
[GSBHKiw19c] figure_13.jpg -> classified as: Plots / Charts
[GSBHKiw19c] figure_15.jpg -> classified as: Plots / Charts
[GSBHKiw19c] figure_2.jpg -> classified as: Plots / Charts
[GSBHKiw19c] figure_11.jpg -> classified as: Plots / Charts
[GSBHKiw19c] figure_7.jpg -> classified as: Plots / Charts
[GSBHKiw19c] figure_3.jpg -> classified as: Plots / Charts
[GSBHKiw19c] figure_4.jpg -> classified as: Plots / Charts
[GSBHKiw19c] figure_1.jpg -> classified as: Architecture Diagram
[GSBHKiw19c] figure_8.jpg -> classified as: Plots / Charts
[GSBHKiw19c] figure_12.jpg -> classified as: Plots / Charts
[GSBHKiw19c] figure_14.jpg -> classified as: Plots / Charts
[GSBHKiw19c] figure_10.jpg -> classified as: Plots / Charts
[GThTiuXgDC] figure_5.jpg -> classified as: Plots / Charts
[GThTiuXgDC] figure_6.jpg -> classified as: Plots / Charts
[GThTiuXgDC] figure_2.jpg -> classified as: Architecture Diagram
[GThTiuXgDC] figure_7.jpg -> classified as: Plots / Charts
[GThTiuXgDC] figure_3.jpg -> classified as: Architecture Diagram
[GThTiuXgDC] figure_4.jpg -> classified as: Qualitative Examples
[GThTiuXgDC] figure_1.jpg -> classified as: Architecture Diagram
[GVhfWu5L8D] figure_5.jpg -> classified as: Plots / Charts
[GVhfWu5L8D] figure_6.jpg -> classified as: Qualitative Examples
[GVhfWu5L8D] figure_2.jpg -> classified as: Architecture Diagram
[GVhfWu5L8D] figure_7.jpg -> classified as: Architecture Diagram
[GVhfWu5L8D] figure_3.jpg -> classified as: Plots / Charts
[GVhfWu5L8D] figure_4.jpg -> classified as: Plots / Charts
[GVhfWu5L8D] figure_1.jpg -> classified as: Plots / Charts
[GVhfWu5L8D] figure_8.jpg -> classified as: Plots / Charts
[GW4j4n2cjH] figure_5.jpg -> classified as: Architecture Diagram
[GW4j4n2cjH] figure_6.jpg -> classified as: Qualitative Examples
[GW4j4n2cjH] figure_2.jpg -> classified as: Qualitative Examples
[GW4j4n2cjH] figure_7.jpg -> classified as: Plots / Charts
[GW4j4n2cjH] figure_3.jpg -> classified as: Architecture Diagram
[GW4j4n2cjH] figure_4.jpg -> classified as: Architecture Diagram
[GW4j4n2cjH] figure_1.jpg -> classified as: Qualitative Examples
[GW4j4n2cjH] figure_8.jpg -> classified as: Qualitative Examples
[GXtmuiVrOM] figure_5.jpg -> classified as: Qualitative Examples
[GXtmuiVrOM] figure_6.jpg -> classified as: Qualitative Examples
[GXtmuiVrOM] figure_9.jpg -> classified as: Plots / Charts
[GXtmuiVrOM] figure_13.jpg -> classified as: Plots / Charts
[GXtmuiVrOM] figure_15.jpg -> classified as: Qualitative Examples
[GXtmuiVrOM] figure_2.jpg -> classified as: Plots / Charts
[GXtmuiVrOM] figure_11.jpg -> classified as: Plots / Charts
[GXtmuiVrOM] figure_7.jpg -> classified as: Qualitative Examples
[GXtmuiVrOM] figure_3.jpg -> classified as: Plots / Charts
[GXtmuiVrOM] figure_4.jpg -> classified as: Plots / Charts
[GXtmuiVrOM] figure_17.jpg -> classified as: Plots / Charts
[GXtmuiVrOM] figure_1.jpg -> classified as: Plots / Charts
[GXtmuiVrOM] figure_8.jpg -> classified as: Plots / Charts
[GXtmuiVrOM] figure_12.jpg -> classified as: Plots / Charts
[GXtmuiVrOM] figure_14.jpg -> classified as: Qualitative Examples
[GXtmuiVrOM] figure_16.jpg -> classified as: Plots / Charts
[GXtmuiVrOM] figure_10.jpg -> classified as: Plots / Charts
[GaLCLvJaoF] figure_5.jpg -> classified as: Plots / Charts
[GaLCLvJaoF] figure_6.jpg -> classified as: Plots / Charts
[GaLCLvJaoF] figure_2.jpg -> classified as: Plots / Charts
[GaLCLvJaoF] figure_7.jpg -> classified as: Plots / Charts
[GaLCLvJaoF] figure_3.jpg -> classified as: Plots / Charts
[GaLCLvJaoF] figure_4.jpg -> classified as: Architecture Diagram
[GaLCLvJaoF] figure_1.jpg -> classified as: Architecture Diagram
[Gd6QrBLHBN] figure_19.jpg -> classified as: Qualitative Examples
[Gd6QrBLHBN] figure_5.jpg -> classified as: Plots / Charts
[Gd6QrBLHBN] figure_6.jpg -> classified as: Architecture Diagram
[Gd6QrBLHBN] figure_9.jpg -> classified as: Plots / Charts
[Gd6QrBLHBN] figure_13.jpg -> classified as: Qualitative Examples
[Gd6QrBLHBN] figure_Figure_$1_2.jpg -> classified as: Qualitative Examples
[Gd6QrBLHBN] figure_15.jpg -> classified as: Qualitative Examples
[Gd6QrBLHBN] figure_2.jpg -> classified as: Plots / Charts
[Gd6QrBLHBN] figure_20.jpg -> classified as: Qualitative Examples
[Gd6QrBLHBN] figure_11.jpg -> classified as: Qualitative Examples
[Gd6QrBLHBN] figure_7.jpg -> classified as: Architecture Diagram
[Gd6QrBLHBN] figure_3.jpg -> classified as: Plots / Charts
[Gd6QrBLHBN] figure_4.jpg -> classified as: Plots / Charts
[Gd6QrBLHBN] figure_1.jpg -> classified as: Architecture Diagram
[Gd6QrBLHBN] figure_8.jpg -> classified as: Architecture Diagram
[Gd6QrBLHBN] figure_(a)_Single_apple.jpg -> classified as: Qualitative Examples
[Gd6QrBLHBN] figure_21.jpg -> classified as: Qualitative Examples
[Gd6QrBLHBN] figure_14.jpg -> classified as: Qualitative Examples
[Gd6QrBLHBN] figure_16.jpg -> classified as: Qualitative Examples
[Gd6QrBLHBN] figure_10.jpg -> classified as: Plots / Charts
[Gf15GsnfTy] figure_5.jpg -> classified as: Plots / Charts
[Gf15GsnfTy] figure_6.jpg -> classified as: Plots / Charts
[Gf15GsnfTy] figure_9.jpg -> classified as: Plots / Charts
[Gf15GsnfTy] figure_13.jpg -> classified as: Plots / Charts
[Gf15GsnfTy] figure_2.jpg -> classified as: Plots / Charts
[Gf15GsnfTy] figure_11.jpg -> classified as: Plots / Charts
[Gf15GsnfTy] figure_7.jpg -> classified as: Plots / Charts
[Gf15GsnfTy] figure_3.jpg -> classified as: Plots / Charts
[Gf15GsnfTy] figure_4.jpg -> classified as: Plots / Charts
[Gf15GsnfTy] figure_1.jpg -> classified as: Plots / Charts
[Gf15GsnfTy] figure_8.jpg -> classified as: Plots / Charts
[Gf15GsnfTy] figure_12.jpg -> classified as: Plots / Charts
[Gf15GsnfTy] figure_10.jpg -> classified as: Plots / Charts
[Gi5aWK8tOx] figure_5.jpg -> classified as: Plots / Charts
[Gi5aWK8tOx] figure_2.jpg -> classified as: Plots / Charts
[Gi5aWK8tOx] figure_3.jpg -> classified as: Plots / Charts
[Gi5aWK8tOx] figure_4.jpg -> classified as: Qualitative Examples
[Gi5aWK8tOx] figure_1.jpg -> classified as: Plots / Charts
[GkWA6NjePN] figure_5.jpg -> classified as: Plots / Charts
[GkWA6NjePN] figure_6.jpg -> classified as: Plots / Charts
[GkWA6NjePN] figure_9.jpg -> classified as: Plots / Charts
[GkWA6NjePN] figure_13.jpg -> classified as: Plots / Charts
[GkWA6NjePN] figure_2.jpg -> classified as: Architecture Diagram
[GkWA6NjePN] figure_11.jpg -> classified as: Architecture Diagram
[GkWA6NjePN] figure_7.jpg -> classified as: Plots / Charts
[GkWA6NjePN] figure_3.jpg -> classified as: Plots / Charts
[GkWA6NjePN] figure_4.jpg -> classified as: Plots / Charts
[GkWA6NjePN] figure_1.jpg -> classified as: Architecture Diagram
[GkWA6NjePN] figure_8.jpg -> classified as: Plots / Charts
[GkWA6NjePN] figure_12.jpg -> classified as: Plots / Charts
[GkWA6NjePN] figure_14.jpg -> classified as: Plots / Charts
[GkWA6NjePN] figure_10.jpg -> classified as: Plots / Charts
[Glcsog6zOe] figure_5.jpg -> classified as: Plots / Charts
[Glcsog6zOe] figure_6.jpg -> classified as: Plots / Charts
[Glcsog6zOe] figure_9.jpg -> classified as: Plots / Charts
[Glcsog6zOe] figure_13.jpg -> classified as: Architecture Diagram
[Glcsog6zOe] figure_15.jpg -> classified as: Architecture Diagram
[Glcsog6zOe] figure_2.jpg -> classified as: Architecture Diagram
[Glcsog6zOe] figure_Instruction__At_each.jpg -> classified as: Architecture Diagram
[Glcsog6zOe] figure_11.jpg -> classified as: Plots / Charts
[Glcsog6zOe] figure_7.jpg -> classified as: Plots / Charts
[Glcsog6zOe] figure_3.jpg -> classified as: Architecture Diagram
[Glcsog6zOe] figure_4.jpg -> classified as: Architecture Diagram
[Glcsog6zOe] figure_17.jpg -> classified as: Architecture Diagram
[Glcsog6zOe] figure_1.jpg -> classified as: Architecture Diagram
[Glcsog6zOe] figure_8.jpg -> classified as: Plots / Charts
[Glcsog6zOe] figure_12.jpg -> classified as: Architecture Diagram
[Glcsog6zOe] figure_14.jpg -> classified as: Architecture Diagram
[Glcsog6zOe] figure_16.jpg -> classified as: Architecture Diagram
[Glcsog6zOe] figure_10.jpg -> classified as: Plots / Charts
[GnOLWS4Llt] figure_3.jpg -> classified as: Plots / Charts
[GnOLWS4Llt] figure_1.jpg -> classified as: Architecture Diagram
[GruDNzQ4ux] figure_19.jpg -> classified as: Plots / Charts
[GruDNzQ4ux] figure_5.jpg -> classified as: Qualitative Examples
[GruDNzQ4ux] figure_6.jpg -> classified as: Plots / Charts
[GruDNzQ4ux] figure_9.jpg -> classified as: Plots / Charts
[GruDNzQ4ux] figure_18.jpg -> classified as: Plots / Charts
[GruDNzQ4ux] figure_13.jpg -> classified as: Plots / Charts
[GruDNzQ4ux] figure_15.jpg -> classified as: Qualitative Examples
[GruDNzQ4ux] figure_2.jpg -> classified as: Plots / Charts
[GruDNzQ4ux] figure_20.jpg -> classified as: Plots / Charts
[GruDNzQ4ux] figure_11.jpg -> classified as: Plots / Charts
[GruDNzQ4ux] figure_7.jpg -> classified as: Plots / Charts
[GruDNzQ4ux] figure_3.jpg -> classified as: Plots / Charts
[GruDNzQ4ux] figure_4.jpg -> classified as: Plots / Charts
[GruDNzQ4ux] figure_17.jpg -> classified as: Plots / Charts
[GruDNzQ4ux] figure_1.jpg -> classified as: Architecture Diagram
[GruDNzQ4ux] figure_8.jpg -> classified as: Plots / Charts
[GruDNzQ4ux] figure_12.jpg -> classified as: Plots / Charts
[GruDNzQ4ux] figure_21.jpg -> classified as: Plots / Charts
[GruDNzQ4ux] figure_14.jpg -> classified as: Qualitative Examples
[GruDNzQ4ux] figure_16.jpg -> classified as: Qualitative Examples
[GruDNzQ4ux] figure_10.jpg -> classified as: Plots / Charts
[GvUahyZ8UF] figure_19.jpg -> classified as: Plots / Charts
[GvUahyZ8UF] figure_23.jpg -> classified as: Plots / Charts
[GvUahyZ8UF] figure_24.jpg -> classified as: Plots / Charts
[GvUahyZ8UF] figure_5.jpg -> classified as: Plots / Charts
[GvUahyZ8UF] figure_6.jpg -> classified as: Plots / Charts
[GvUahyZ8UF] figure_9.jpg -> classified as: Plots / Charts
[GvUahyZ8UF] figure_22.jpg -> classified as: Plots / Charts
[GvUahyZ8UF] figure_13.jpg -> classified as: Plots / Charts
[GvUahyZ8UF] figure_15.jpg -> classified as: Plots / Charts
[GvUahyZ8UF] figure_2.jpg -> classified as: Plots / Charts
[GvUahyZ8UF] figure_20.jpg -> classified as: Plots / Charts
[GvUahyZ8UF] figure_11.jpg -> classified as: Plots / Charts
[GvUahyZ8UF] figure_7.jpg -> classified as: Plots / Charts
[GvUahyZ8UF] figure_3.jpg -> classified as: Plots / Charts
[GvUahyZ8UF] figure_4.jpg -> classified as: Plots / Charts
[GvUahyZ8UF] figure_s.jpg -> classified as: Plots / Charts
[GvUahyZ8UF] figure_17.jpg -> classified as: Plots / Charts
[GvUahyZ8UF] figure_1.jpg -> classified as: Architecture Diagram
[GvUahyZ8UF] figure_8.jpg -> classified as: Plots / Charts
[GvUahyZ8UF] figure_12.jpg -> classified as: Plots / Charts
[GvUahyZ8UF] figure_21.jpg -> classified as: Plots / Charts
[GvUahyZ8UF] figure_14.jpg -> classified as: Plots / Charts
[GvUahyZ8UF] figure_16.jpg -> classified as: Plots / Charts
[GvUahyZ8UF] figure_Similar_to_Section.jpg -> classified as: Plots / Charts
[GvsCOOPxoI] figure_2.jpg -> classified as: Architecture Diagram
[GvsCOOPxoI] figure_1.jpg -> classified as: Architecture Diagram
[GwKNdRc9Bj] figure_5.jpg -> classified as: Qualitative Examples
[GwKNdRc9Bj] figure_6.jpg -> classified as: Qualitative Examples
[GwKNdRc9Bj] figure_9.jpg -> classified as: Qualitative Examples
[GwKNdRc9Bj] figure_2.jpg -> classified as: Plots / Charts
[GwKNdRc9Bj] figure_7.jpg -> classified as: Architecture Diagram
[GwKNdRc9Bj] figure_3.jpg -> classified as: Plots / Charts
[GwKNdRc9Bj] figure_4.jpg -> classified as: Plots / Charts
[GwKNdRc9Bj] figure_1.jpg -> classified as: Architecture Diagram
[GwKNdRc9Bj] figure_8.jpg -> classified as: Plots / Charts
[GxwxTR4jmj] figure_5.jpg -> classified as: Plots / Charts
[GxwxTR4jmj] figure_9.jpg -> classified as: Qualitative Examples
[GxwxTR4jmj] figure_2.jpg -> classified as: Architecture Diagram
[GxwxTR4jmj] figure_7.jpg -> classified as: Plots / Charts
[GxwxTR4jmj] figure_3.jpg -> classified as: Qualitative Examples
[GxwxTR4jmj] figure_4.jpg -> classified as: Plots / Charts
[GxwxTR4jmj] figure_1.jpg -> classified as: Architecture Diagram
[GxwxTR4jmj] figure_8.jpg -> classified as: Plots / Charts
[GySIAKEwtZ] figure_5.jpg -> classified as: Qualitative Examples
[GySIAKEwtZ] figure_2.jpg -> classified as: Plots / Charts
[GySIAKEwtZ] figure_3.jpg -> classified as: Qualitative Examples
[GySIAKEwtZ] figure_4.jpg -> classified as: Qualitative Examples
[GySIAKEwtZ] figure_1.jpg -> classified as: Architecture Diagram
[H0qIWXXLUR] figure_19.jpg -> classified as: Plots / Charts
[H0qIWXXLUR] figure_5.jpg -> classified as: Plots / Charts
[H0qIWXXLUR] figure_6.jpg -> classified as: Plots / Charts
[H0qIWXXLUR] figure_9.jpg -> classified as: Plots / Charts
[H0qIWXXLUR] figure_18.jpg -> classified as: Plots / Charts
[H0qIWXXLUR] figure_13.jpg -> classified as: Plots / Charts
[H0qIWXXLUR] figure_15.jpg -> classified as: Plots / Charts
[H0qIWXXLUR] figure_2.jpg -> classified as: Plots / Charts
[H0qIWXXLUR] figure_11.jpg -> classified as: Plots / Charts
[H0qIWXXLUR] figure_7.jpg -> classified as: Architecture Diagram
[H0qIWXXLUR] figure_3.jpg -> classified as: Architecture Diagram
[H0qIWXXLUR] figure_(b)_TR-DPOτ_vs..jpg -> classified as: Plots / Charts
[H0qIWXXLUR] figure_4.jpg -> classified as: Plots / Charts
[H0qIWXXLUR] figure_17.jpg -> classified as: Plots / Charts
[H0qIWXXLUR] figure_1.jpg -> classified as: Plots / Charts
[H0qIWXXLUR] figure_8.jpg -> classified as: Plots / Charts
[H0qIWXXLUR] figure_12.jpg -> classified as: Plots / Charts
[H0qIWXXLUR] figure_14.jpg -> classified as: Plots / Charts
[H0qIWXXLUR] figure_16.jpg -> classified as: Plots / Charts
[H0qIWXXLUR] figure_10.jpg -> classified as: Plots / Charts
[H4A9e8HvIn] figure_2.jpg -> classified as: Plots / Charts
[H4A9e8HvIn] figure_1.jpg -> classified as: Plots / Charts
[H6DpBnPCyH] figure_30.jpg -> classified as: Plots / Charts
[H6DpBnPCyH] figure_19.jpg -> classified as: Plots / Charts
[H6DpBnPCyH] figure_23.jpg -> classified as: Plots / Charts
[H6DpBnPCyH] figure_29.jpg -> classified as: Plots / Charts
[H6DpBnPCyH] figure_24.jpg -> classified as: Plots / Charts
[H6DpBnPCyH] figure_5.jpg -> classified as: Plots / Charts
[H6DpBnPCyH] figure_6.jpg -> classified as: Plots / Charts
[H6DpBnPCyH] figure_9.jpg -> classified as: Plots / Charts
[H6DpBnPCyH] figure_22.jpg -> classified as: Plots / Charts
[H6DpBnPCyH] figure_28.jpg -> classified as: Plots / Charts
[H6DpBnPCyH] figure_18.jpg -> classified as: Plots / Charts
[H6DpBnPCyH] figure_13.jpg -> classified as: Plots / Charts
[H6DpBnPCyH] figure_15.jpg -> classified as: Plots / Charts
[H6DpBnPCyH] figure_2.jpg -> classified as: Plots / Charts
[H6DpBnPCyH] figure_20.jpg -> classified as: Plots / Charts
[H6DpBnPCyH] figure_11.jpg -> classified as: Plots / Charts
[H6DpBnPCyH] figure_7.jpg -> classified as: Plots / Charts
[H6DpBnPCyH] figure_3.jpg -> classified as: Plots / Charts
[H6DpBnPCyH] figure_33.jpg -> classified as: Plots / Charts
[H6DpBnPCyH] figure_4.jpg -> classified as: Plots / Charts
[H6DpBnPCyH] figure_31.jpg -> classified as: Plots / Charts
[H6DpBnPCyH] figure_17.jpg -> classified as: Plots / Charts
[H6DpBnPCyH] figure_1.jpg -> classified as: Plots / Charts
[H6DpBnPCyH] figure_27.jpg -> classified as: Plots / Charts
[H6DpBnPCyH] figure_8.jpg -> classified as: Plots / Charts
[H6DpBnPCyH] figure_12.jpg -> classified as: Plots / Charts
[H6DpBnPCyH] figure_25.jpg -> classified as: Plots / Charts
[H6DpBnPCyH] figure_21.jpg -> classified as: Plots / Charts
[H6DpBnPCyH] figure_26.jpg -> classified as: Plots / Charts
[H6DpBnPCyH] figure_14.jpg -> classified as: Plots / Charts
[H6DpBnPCyH] figure_32.jpg -> classified as: Plots / Charts
[H6DpBnPCyH] figure_16.jpg -> classified as: Plots / Charts
[H6DpBnPCyH] figure_10.jpg -> classified as: Plots / Charts
[H6i47PKXSN] figure_5.jpg -> classified as: Qualitative Examples
[H6i47PKXSN] figure_6.jpg -> classified as: Qualitative Examples
[H6i47PKXSN] figure_2.jpg -> classified as: Architecture Diagram
[H6i47PKXSN] figure_3.jpg -> classified as: Plots / Charts
[H6i47PKXSN] figure_4.jpg -> classified as: Qualitative Examples
[H6i47PKXSN] figure_1.jpg -> classified as: Architecture Diagram
[HA0oLUvuGI] figure_5.jpg -> classified as: Plots / Charts
[HA0oLUvuGI] figure_6.jpg -> classified as: Plots / Charts
[HA0oLUvuGI] figure_9.jpg -> classified as: Qualitative Examples
[HA0oLUvuGI] figure_2.jpg -> classified as: Qualitative Examples
[HA0oLUvuGI] figure_11.jpg -> classified as: Plots / Charts
[HA0oLUvuGI] figure_7.jpg -> classified as: Plots / Charts
[HA0oLUvuGI] figure_3.jpg -> classified as: Plots / Charts
[HA0oLUvuGI] figure_4.jpg -> classified as: Plots / Charts
[HA0oLUvuGI] figure_1.jpg -> classified as: Plots / Charts
[HA0oLUvuGI] figure_8.jpg -> classified as: Plots / Charts
[HA0oLUvuGI] figure_10.jpg -> classified as: Plots / Charts
[HGCk5aaSvE] figure_S1.jpg -> classified as: Plots / Charts
[HGCk5aaSvE] figure_S2.jpg -> classified as: Plots / Charts
[HGCk5aaSvE] figure_2.jpg -> classified as: Plots / Charts
[HGCk5aaSvE] figure_3.jpg -> classified as: Plots / Charts
[HGCk5aaSvE] figure_S4.jpg -> classified as: Plots / Charts
[HGCk5aaSvE] figure_4.jpg -> classified as: Plots / Charts
[HGCk5aaSvE] figure_1.jpg -> classified as: Architecture Diagram
[HGCk5aaSvE] figure_S3.jpg -> classified as: Plots / Charts
[HHWlwxDeRn] figure_5.jpg -> classified as: Qualitative Examples
[HHWlwxDeRn] figure_6.jpg -> classified as: Qualitative Examples
[HHWlwxDeRn] figure_2.jpg -> classified as: Architecture Diagram
[HHWlwxDeRn] figure_7.jpg -> classified as: Qualitative Examples
[HHWlwxDeRn] figure_3.jpg -> classified as: Architecture Diagram
[HHWlwxDeRn] figure_4.jpg -> classified as: Qualitative Examples
[HHWlwxDeRn] figure_1.jpg -> classified as: Architecture Diagram
[HHWlwxDeRn] figure_8.jpg -> classified as: Qualitative Examples
[HLxWF7xqiK] figure_5.jpg -> classified as: Plots / Charts
[HLxWF7xqiK] figure_6.jpg -> classified as: Plots / Charts
[HLxWF7xqiK] figure_2.jpg -> classified as: Plots / Charts
[HLxWF7xqiK] figure_7.jpg -> classified as: Plots / Charts
[HLxWF7xqiK] figure_3.jpg -> classified as: Plots / Charts
[HLxWF7xqiK] figure_4.jpg -> classified as: Plots / Charts
[HLxWF7xqiK] figure_8.jpg -> classified as: Plots / Charts
[HN0CYZbAPw] figure_19.jpg -> classified as: Plots / Charts
[HN0CYZbAPw] figure_23.jpg -> classified as: Plots / Charts
[HN0CYZbAPw] figure_24.jpg -> classified as: Plots / Charts
[HN0CYZbAPw] figure_5.jpg -> classified as: Plots / Charts
[HN0CYZbAPw] figure_6.jpg -> classified as: Plots / Charts
[HN0CYZbAPw] figure_9.jpg -> classified as: Plots / Charts
[HN0CYZbAPw] figure_22.jpg -> classified as: Plots / Charts
[HN0CYZbAPw] figure_28.jpg -> classified as: Plots / Charts
[HN0CYZbAPw] figure_18.jpg -> classified as: Plots / Charts
[HN0CYZbAPw] figure_15.jpg -> classified as: Plots / Charts
[HN0CYZbAPw] figure_2.jpg -> classified as: Plots / Charts
[HN0CYZbAPw] figure_20.jpg -> classified as: Plots / Charts
[HN0CYZbAPw] figure_11.jpg -> classified as: Plots / Charts
[HN0CYZbAPw] figure_7.jpg -> classified as: Plots / Charts
[HN0CYZbAPw] figure_3.jpg -> classified as: Plots / Charts
[HN0CYZbAPw] figure_4.jpg -> classified as: Plots / Charts
[HN0CYZbAPw] figure_17.jpg -> classified as: Plots / Charts
[HN0CYZbAPw] figure_1.jpg -> classified as: Plots / Charts
[HN0CYZbAPw] figure_27.jpg -> classified as: Plots / Charts
[HN0CYZbAPw] figure_8.jpg -> classified as: Plots / Charts
[HN0CYZbAPw] figure_12.jpg -> classified as: Plots / Charts
[HN0CYZbAPw] figure_25.jpg -> classified as: Plots / Charts
[HN0CYZbAPw] figure_21.jpg -> classified as: Plots / Charts
[HN0CYZbAPw] figure_26.jpg -> classified as: Plots / Charts
[HN0CYZbAPw] figure_14.jpg -> classified as: Plots / Charts
[HN0CYZbAPw] figure_16.jpg -> classified as: Plots / Charts
[HN0CYZbAPw] figure_10.jpg -> classified as: Plots / Charts
[HR1ujVR0ig] figure_2.jpg -> classified as: Plots / Charts
[HR1ujVR0ig] figure_3.jpg -> classified as: Plots / Charts
[HR1ujVR0ig] figure_4.jpg -> classified as: Architecture Diagram
[HR1ujVR0ig] figure_1.jpg -> classified as: Architecture Diagram
[HRkyLbBRHI] figure_5.jpg -> classified as: Plots / Charts
[HRkyLbBRHI] figure_6.jpg -> classified as: Plots / Charts
[HRkyLbBRHI] figure_2.jpg -> classified as: Plots / Charts
[HRkyLbBRHI] figure_3.jpg -> classified as: Plots / Charts
[HRkyLbBRHI] figure_4.jpg -> classified as: Plots / Charts
[HRkyLbBRHI] figure_1.jpg -> classified as: Architecture Diagram
[HTpyexVwlI] figure_5.jpg -> classified as: Plots / Charts
[HTpyexVwlI] figure_6.jpg -> classified as: Plots / Charts
[HTpyexVwlI] figure_2.jpg -> classified as: Qualitative Examples
[HTpyexVwlI] figure_3.jpg -> classified as: Qualitative Examples
[HTpyexVwlI] figure_4.jpg -> classified as: Plots / Charts
[HTpyexVwlI] figure_1.jpg -> classified as: Architecture Diagram
[HTpyexVwlI] figure_8.jpg -> classified as: Plots / Charts
[HVFMooKrHX] figure_(b)_Out-of-distribution_error.jpg -> classified as: Plots / Charts
[HVFMooKrHX] figure_2.jpg -> classified as: Plots / Charts
[HXu7oYPOhg] figure_2.jpg -> classified as: Architecture Diagram
[HXu7oYPOhg] figure_3.jpg -> classified as: Architecture Diagram
[HXu7oYPOhg] figure_4.jpg -> classified as: Qualitative Examples
[HXu7oYPOhg] figure_1.jpg -> classified as: Architecture Diagram
[HZnnHDrBXD] figure_5.jpg -> classified as: Architecture Diagram
[HZnnHDrBXD] figure_6.jpg -> classified as: Plots / Charts
[HZnnHDrBXD] figure_2.jpg -> classified as: Plots / Charts
[HZnnHDrBXD] figure_7.jpg -> classified as: Plots / Charts
[HZnnHDrBXD] figure_4.jpg -> classified as: Architecture Diagram
[HZnnHDrBXD] figure_1.jpg -> classified as: Architecture Diagram
[HZnnHDrBXD] figure_8.jpg -> classified as: Plots / Charts
[Hbpzrh7JbN] figure_D4.jpg -> classified as: Plots / Charts
[Hbpzrh7JbN] figure_D7.jpg -> classified as: Plots / Charts
[Hbpzrh7JbN] figure_D6.jpg -> classified as: Plots / Charts
[Hbpzrh7JbN] figure_2.jpg -> classified as: Plots / Charts
[Hbpzrh7JbN] figure_parp1_(median_docking.jpg -> classified as: Qualitative Examples
[Hbpzrh7JbN] figure_1.jpg -> classified as: Architecture Diagram
[Hbpzrh7JbN] figure_C3.jpg -> classified as: Plots / Charts
[Hbpzrh7JbN] figure_D5.jpg -> classified as: Plots / Charts
[Hm7RYDspQP] figure_5.jpg -> classified as: Architecture Diagram
[Hm7RYDspQP] figure_6.jpg -> classified as: Plots / Charts
[Hm7RYDspQP] figure_2.jpg -> classified as: Architecture Diagram
[Hm7RYDspQP] figure_7.jpg -> classified as: Architecture Diagram
[Hm7RYDspQP] figure_3.jpg -> classified as: Architecture Diagram
[Hm7RYDspQP] figure_4.jpg -> classified as: Architecture Diagram
[Hm7RYDspQP] figure_1.jpg -> classified as: Architecture Diagram
[Hm7RYDspQP] figure_8.jpg -> classified as: Qualitative Examples
[HqmpIud9Uq] figure_D_7.jpg -> classified as: Plots / Charts
[HqmpIud9Uq] figure_D_6.jpg -> classified as: Plots / Charts
[HqmpIud9Uq] figure_D_2.jpg -> classified as: Plots / Charts
[HqmpIud9Uq] figure_A.jpg -> classified as: Architecture Diagram
[HqmpIud9Uq] figure_4.2.jpg -> classified as: Plots / Charts
[HqmpIud9Uq] figure_D_5.jpg -> classified as: Plots / Charts
[HqmpIud9Uq] figure_D_3.jpg -> classified as: Plots / Charts
[HqmpIud9Uq] figure_4.1.jpg -> classified as: Plots / Charts
[HqmpIud9Uq] figure_3.1.jpg -> classified as: Architecture Diagram
[HqmpIud9Uq] figure_A_1.jpg -> classified as: Architecture Diagram
[HqmpIud9Uq] figure_D.jpg -> classified as: Qualitative Examples
[HqmpIud9Uq] figure_D_1.jpg -> classified as: Plots / Charts
[HqmpIud9Uq] figure_D_4.jpg -> classified as: Plots / Charts
[HyS9pkHNTN] figure_5.jpg -> classified as: Plots / Charts
[HyS9pkHNTN] figure_6.jpg -> classified as: Qualitative Examples
[HyS9pkHNTN] figure_13.jpg -> classified as: Architecture Diagram
[HyS9pkHNTN] figure_2.jpg -> classified as: Architecture Diagram
[HyS9pkHNTN] figure_11.jpg -> classified as: Qualitative Examples
[HyS9pkHNTN] figure_7.jpg -> classified as: Qualitative Examples
[HyS9pkHNTN] figure_3.jpg -> classified as: Architecture Diagram
[HyS9pkHNTN] figure_4.jpg -> classified as: Qualitative Examples
[HyS9pkHNTN] figure_1.jpg -> classified as: Plots / Charts
[HyS9pkHNTN] figure_8.jpg -> classified as: Qualitative Examples
[HyS9pkHNTN] figure_12.jpg -> classified as: Plots / Charts
[HyS9pkHNTN] figure_10.jpg -> classified as: Qualitative Examples
[I0To0G5J7g] figure_Stage_1_Trajectories.jpg -> classified as: Plots / Charts
[I0To0G5J7g] figure_5.jpg -> classified as: Qualitative Examples
[I0To0G5J7g] figure_6.jpg -> classified as: Qualitative Examples
[I0To0G5J7g] figure_9.jpg -> classified as: Plots / Charts
[I0To0G5J7g] figure_2.jpg -> classified as: Plots / Charts
[I0To0G5J7g] figure_7.jpg -> classified as: Plots / Charts
[I0To0G5J7g] figure_3.jpg -> classified as: Plots / Charts
[I0To0G5J7g] figure_4.jpg -> classified as: Plots / Charts
[I0To0G5J7g] figure_1.jpg -> classified as: Architecture Diagram
[I0To0G5J7g] figure_8.jpg -> classified as: Plots / Charts
[I4YAIwrsXa] figure_2.jpg -> classified as: Architecture Diagram
[I4YAIwrsXa] figure_3.jpg -> classified as: Plots / Charts
[I4YAIwrsXa] figure_4.jpg -> classified as: Plots / Charts
[I4YAIwrsXa] figure_1.jpg -> classified as: Architecture Diagram
[I7DeajDEx7] figure_19.jpg -> classified as: Qualitative Examples
[I7DeajDEx7] figure_5.jpg -> classified as: Plots / Charts
[I7DeajDEx7] figure_6.jpg -> classified as: Plots / Charts
[I7DeajDEx7] figure_9.jpg -> classified as: Plots / Charts
[I7DeajDEx7] figure_18.jpg -> classified as: Qualitative Examples
[I7DeajDEx7] figure_13.jpg -> classified as: Plots / Charts
[I7DeajDEx7] figure_15.jpg -> classified as: Plots / Charts
[I7DeajDEx7] figure_2.jpg -> classified as: Plots / Charts
[I7DeajDEx7] figure_20.jpg -> classified as: Architecture Diagram
[I7DeajDEx7] figure_11.jpg -> classified as: Plots / Charts
[I7DeajDEx7] figure_7.jpg -> classified as: Plots / Charts
[I7DeajDEx7] figure_3.jpg -> classified as: Architecture Diagram
[I7DeajDEx7] figure_4.jpg -> classified as: Qualitative Examples
[I7DeajDEx7] figure_17.jpg -> classified as: Qualitative Examples
[I7DeajDEx7] figure_1.jpg -> classified as: Plots / Charts
[I7DeajDEx7] figure_8.jpg -> classified as: Plots / Charts
[I7DeajDEx7] figure_12.jpg -> classified as: Plots / Charts
[I7DeajDEx7] figure_14.jpg -> classified as: Plots / Charts
[I7DeajDEx7] figure_16.jpg -> classified as: Plots / Charts
[I7DeajDEx7] figure_10.jpg -> classified as: Plots / Charts
[I8af9JdQTy] figure_2.jpg -> classified as: Plots / Charts
[I8af9JdQTy] figure_1.jpg -> classified as: Plots / Charts
[IEduRUO55F] figure_5.jpg -> classified as: Plots / Charts
[IEduRUO55F] figure_6.jpg -> classified as: Plots / Charts
[IEduRUO55F] figure_Eureka_vs._Eureka.jpg -> classified as: Plots / Charts
[IEduRUO55F] figure_13.jpg -> classified as: Plots / Charts
[IEduRUO55F] figure_15.jpg -> classified as: Plots / Charts
[IEduRUO55F] figure_2.jpg -> classified as: Architecture Diagram
[IEduRUO55F] figure_11.jpg -> classified as: Plots / Charts
[IEduRUO55F] figure_7.jpg -> classified as: Plots / Charts
[IEduRUO55F] figure_3.jpg -> classified as: Other
  -> Skipping second pass (Other)
[IEduRUO55F] figure_unnamed_figure.jpg -> classified as: Other
  -> Skipping second pass (Other)
[IEduRUO55F] figure_4.jpg -> classified as: Plots / Charts
[IEduRUO55F] figure_1.jpg -> classified as: Qualitative Examples
[IEduRUO55F] figure_8.jpg -> classified as: Plots / Charts
[IEduRUO55F] figure_12.jpg -> classified as: Plots / Charts
[IEduRUO55F] figure_16.jpg -> classified as: Plots / Charts
[IEduRUO55F] figure_10.jpg -> classified as: Plots / Charts
[II0OENWgi8] figure_A_2.jpg -> classified as: Plots / Charts
[II0OENWgi8] figure_A.jpg -> classified as: Plots / Charts
[II0OENWgi8] figure_5.jpg -> classified as: Plots / Charts
[II0OENWgi8] figure_A_9.jpg -> classified as: Plots / Charts
[II0OENWgi8] figure_A_3.jpg -> classified as: Plots / Charts
[II0OENWgi8] figure_A_12.jpg -> classified as: Plots / Charts
[II0OENWgi8] figure_A_10.jpg -> classified as: Plots / Charts
[II0OENWgi8] figure_2.jpg -> classified as: Plots / Charts
[II0OENWgi8] figure_A_6.jpg -> classified as: Plots / Charts
[II0OENWgi8] figure_F.jpg -> classified as: Plots / Charts
[II0OENWgi8] figure_A_8.jpg -> classified as: Plots / Charts
[II0OENWgi8] figure_A_7.jpg -> classified as: Plots / Charts
[II0OENWgi8] figure_A_1.jpg -> classified as: Plots / Charts
[II0OENWgi8] figure_A_5.jpg -> classified as: Plots / Charts
[II0OENWgi8] figure_3.jpg -> classified as: Plots / Charts
[II0OENWgi8] figure_4.jpg -> classified as: Plots / Charts
[II0OENWgi8] figure_2_1.jpg -> classified as: Plots / Charts
[II0OENWgi8] figure_1.jpg -> classified as: Architecture Diagram
[II0OENWgi8] figure_A_4.jpg -> classified as: Plots / Charts
[II0OENWgi8] figure_A_13.jpg -> classified as: Plots / Charts
[II0OENWgi8] figure_A_11.jpg -> classified as: Plots / Charts
[II0OENWgi8] figure_A_14.jpg -> classified as: Plots / Charts
[IKOAJG6mru] figure_5.jpg -> classified as: Qualitative Examples
[IKOAJG6mru] figure_6.jpg -> classified as: Plots / Charts
[IKOAJG6mru] figure_(b)_Sofa-Traversing.jpg -> classified as: Plots / Charts
[IKOAJG6mru] figure_(c)_Can-Grasping.jpg -> classified as: Plots / Charts
[IKOAJG6mru] figure_9.jpg -> classified as: Qualitative Examples
[IKOAJG6mru] figure_13.jpg -> classified as: Qualitative Examples
[IKOAJG6mru] figure_15.jpg -> classified as: Plots / Charts
[IKOAJG6mru] figure_2.jpg -> classified as: Architecture Diagram
[IKOAJG6mru] figure_11.jpg -> classified as: Qualitative Examples
[IKOAJG6mru] figure_7.jpg -> classified as: Plots / Charts
[IKOAJG6mru] figure_3.jpg -> classified as: Other
  -> Skipping second pass (Other)
[IKOAJG6mru] figure_4.jpg -> classified as: Other
  -> Skipping second pass (Other)
[IKOAJG6mru] figure_(a)_Milk-Reaching.jpg -> classified as: Plots / Charts
[IKOAJG6mru] figure_1.jpg -> classified as: Architecture Diagram
[IKOAJG6mru] figure_8.jpg -> classified as: Other
  -> Skipping second pass (Other)
[IKOAJG6mru] figure_12.jpg -> classified as: Qualitative Examples
[IKOAJG6mru] figure_14.jpg -> classified as: Qualitative Examples
[IKOAJG6mru] figure_10.jpg -> classified as: Qualitative Examples
[IKOAJG6mru] figure_(d)_Sofa-Climbing.jpg -> classified as: Plots / Charts
[IL71c1z7et] figure_5.jpg -> classified as: Architecture Diagram
[IL71c1z7et] figure_6.jpg -> classified as: Qualitative Examples
[IL71c1z7et] figure_9.jpg -> classified as: Plots / Charts
[IL71c1z7et] figure_2.jpg -> classified as: Qualitative Examples
[IL71c1z7et] figure_11.jpg -> classified as: Plots / Charts
[IL71c1z7et] figure_7.jpg -> classified as: Qualitative Examples
[IL71c1z7et] figure_3.jpg -> classified as: Plots / Charts
[IL71c1z7et] figure_4.jpg -> classified as: Plots / Charts
[IL71c1z7et] figure_1.jpg -> classified as: Architecture Diagram
[IL71c1z7et] figure_8.jpg -> classified as: Plots / Charts
[IL71c1z7et] figure_12.jpg -> classified as: Plots / Charts
[IL71c1z7et] figure_10.jpg -> classified as: Plots / Charts
[ILYjDvUM6U] figure_D_9.jpg -> classified as: Plots / Charts
[ILYjDvUM6U] figure_D_7.jpg -> classified as: Plots / Charts
[ILYjDvUM6U] figure_D_6.jpg -> classified as: Plots / Charts
[ILYjDvUM6U] figure_D_2.jpg -> classified as: Plots / Charts
[ILYjDvUM6U] figure_5.jpg -> classified as: Plots / Charts
[ILYjDvUM6U] figure_6.jpg -> classified as: Plots / Charts
[ILYjDvUM6U] figure_D_5.jpg -> classified as: Plots / Charts
[ILYjDvUM6U] figure_D_3.jpg -> classified as: Plots / Charts
[ILYjDvUM6U] figure_2.jpg -> classified as: Plots / Charts
[ILYjDvUM6U] figure_C_1.jpg -> classified as: Architecture Diagram
[ILYjDvUM6U] figure_D_10.jpg -> classified as: Plots / Charts
[ILYjDvUM6U] figure_7.jpg -> classified as: Plots / Charts
[ILYjDvUM6U] figure_3.jpg -> classified as: Plots / Charts
[ILYjDvUM6U] figure_D.jpg -> classified as: Plots / Charts
[ILYjDvUM6U] figure_4.jpg -> classified as: Plots / Charts
[ILYjDvUM6U] figure_D_1.jpg -> classified as: Plots / Charts
[ILYjDvUM6U] figure_C.jpg -> classified as: Qualitative Examples
[ILYjDvUM6U] figure_1.jpg -> classified as: Architecture Diagram
[ILYjDvUM6U] figure_D_8.jpg -> classified as: Plots / Charts
[ILYjDvUM6U] figure_D_4.jpg -> classified as: Plots / Charts
[INzc851YaM] figure_6_1.jpg -> classified as: Plots / Charts
[INzc851YaM] figure_5.jpg -> classified as: Plots / Charts
[INzc851YaM] figure_6.jpg -> classified as: Plots / Charts
[INzc851YaM] figure_2.jpg -> classified as: Architecture Diagram
[INzc851YaM] figure_3.jpg -> classified as: Plots / Charts
[INzc851YaM] figure_4.jpg -> classified as: Plots / Charts
[INzc851YaM] figure_1.jpg -> classified as: Architecture Diagram
[IOg47mg74i] figure_2.jpg -> classified as: Architecture Diagram
[IOg47mg74i] figure_3.jpg -> classified as: Plots / Charts
[IOg47mg74i] figure_4.jpg -> classified as: Plots / Charts
[IOg47mg74i] figure_1.jpg -> classified as: Architecture Diagram
[IOrnCVIKIZ] figure_A_2.jpg -> classified as: Plots / Charts
[IOrnCVIKIZ] figure_A.jpg -> classified as: Architecture Diagram
[IOrnCVIKIZ] figure_5.jpg -> classified as: Plots / Charts
[IOrnCVIKIZ] figure_A_3.jpg -> classified as: Plots / Charts
[IOrnCVIKIZ] figure_2.jpg -> classified as: Plots / Charts
[IOrnCVIKIZ] figure_A_1.jpg -> classified as: Plots / Charts
[IOrnCVIKIZ] figure_4.jpg -> classified as: Architecture Diagram
[IOrnCVIKIZ] figure_1.jpg -> classified as: Architecture Diagram
[IOrnCVIKIZ] figure_A_4.jpg -> classified as: Architecture Diagram
[IS6usp1u2X] figure_5.jpg -> classified as: Plots / Charts
[IS6usp1u2X] figure_6.jpg -> classified as: Plots / Charts
[IS6usp1u2X] figure_9.jpg -> classified as: Plots / Charts
[IS6usp1u2X] figure_2.jpg -> classified as: Qualitative Examples
[IS6usp1u2X] figure_7.jpg -> classified as: Plots / Charts
[IS6usp1u2X] figure_3.jpg -> classified as: Qualitative Examples
[IS6usp1u2X] figure_4.jpg -> classified as: Plots / Charts
[IS6usp1u2X] figure_1.jpg -> classified as: Plots / Charts
[IS6usp1u2X] figure_8.jpg -> classified as: Plots / Charts
[IUwqJ8VT4F] figure_5.2.1_ATTENTION_ON.jpg -> classified as: Plots / Charts
[IUwqJ8VT4F] figure_5.jpg -> classified as: Plots / Charts
[IUwqJ8VT4F] figure_6.jpg -> classified as: Plots / Charts
[IUwqJ8VT4F] figure_9.jpg -> classified as: Plots / Charts
[IUwqJ8VT4F] figure_2.jpg -> classified as: Plots / Charts
[IUwqJ8VT4F] figure_7.jpg -> classified as: Plots / Charts
[IUwqJ8VT4F] figure_4.jpg -> classified as: Plots / Charts
[IUwqJ8VT4F] figure_1.jpg -> classified as: Architecture Diagram
[IUwqJ8VT4F] figure_8.jpg -> classified as: Architecture Diagram
[Ia17iAtr0P] figure_2.jpg -> classified as: Architecture Diagram
[Ia17iAtr0P] figure_3.jpg -> classified as: Plots / Charts
[Ia17iAtr0P] figure_4.jpg -> classified as: Plots / Charts
[Ia17iAtr0P] figure_1.jpg -> classified as: Architecture Diagram
[IaKxCsJSOO] figure_2.jpg -> classified as: Plots / Charts
[IaKxCsJSOO] figure_4.jpg -> classified as: Architecture Diagram
[IaKxCsJSOO] figure_1.jpg -> classified as: Plots / Charts
[Ian00SaFHg] figure_5.jpg -> classified as: Qualitative Examples
[Ian00SaFHg] figure_6.jpg -> classified as: Plots / Charts
[Ian00SaFHg] figure_2.jpg -> classified as: Plots / Charts
[Ian00SaFHg] figure_7.jpg -> classified as: Plots / Charts
[Ian00SaFHg] figure_3.jpg -> classified as: Plots / Charts
[Ian00SaFHg] figure_4.jpg -> classified as: Qualitative Examples
[Ian00SaFHg] figure_1.jpg -> classified as: Plots / Charts
[IdKkm91BzB] figure_5.jpg -> classified as: Plots / Charts
[IdKkm91BzB] figure_6.jpg -> classified as: Plots / Charts
[IdKkm91BzB] figure_9.jpg -> classified as: Plots / Charts
[IdKkm91BzB] figure_13.jpg -> classified as: Plots / Charts
[IdKkm91BzB] figure_2.jpg -> classified as: Plots / Charts
[IdKkm91BzB] figure_11.jpg -> classified as: Plots / Charts
[IdKkm91BzB] figure_7.jpg -> classified as: Plots / Charts
[IdKkm91BzB] figure_3.jpg -> classified as: Plots / Charts
[IdKkm91BzB] figure_4.jpg -> classified as: Plots / Charts
[IdKkm91BzB] figure_1.jpg -> classified as: Plots / Charts
[IdKkm91BzB] figure_8.jpg -> classified as: Plots / Charts
[IdKkm91BzB] figure_12.jpg -> classified as: Plots / Charts
[IdKkm91BzB] figure_14.jpg -> classified as: Plots / Charts
[IdKkm91BzB] figure_10.jpg -> classified as: Plots / Charts
[IiimxXqxNP] figure_5.jpg -> classified as: Architecture Diagram
[IiimxXqxNP] figure_6.jpg -> classified as: Plots / Charts
[IiimxXqxNP] figure_9.jpg -> classified as: Plots / Charts
[IiimxXqxNP] figure_13.jpg -> classified as: Plots / Charts
[IiimxXqxNP] figure_15.jpg -> classified as: Plots / Charts
[IiimxXqxNP] figure_2.jpg -> classified as: Plots / Charts
[IiimxXqxNP] figure_11.jpg -> classified as: Plots / Charts
[IiimxXqxNP] figure_7.jpg -> classified as: Plots / Charts
[IiimxXqxNP] figure_3.jpg -> classified as: Plots / Charts
[IiimxXqxNP] figure_4.jpg -> classified as: Architecture Diagram
[IiimxXqxNP] figure_1.jpg -> classified as: Plots / Charts
[IiimxXqxNP] figure_8.jpg -> classified as: Plots / Charts
[IiimxXqxNP] figure_12.jpg -> classified as: Plots / Charts
[IiimxXqxNP] figure_14.jpg -> classified as: Plots / Charts
[IiimxXqxNP] figure_10.jpg -> classified as: Plots / Charts
[IoDhZOgteu] figure_5.jpg -> classified as: Plots / Charts
[IoDhZOgteu] figure_6.jpg -> classified as: Qualitative Examples
[IoDhZOgteu] figure_(h)_Split_results.jpg -> classified as: Plots / Charts
[IoDhZOgteu] figure_9.jpg -> classified as: Plots / Charts
[IoDhZOgteu] figure_(d)_Split_results.jpg -> classified as: Plots / Charts
[IoDhZOgteu] figure_2.jpg -> classified as: Qualitative Examples
[IoDhZOgteu] figure_11.jpg -> classified as: Plots / Charts
[IoDhZOgteu] figure_(l)_Split_results.jpg -> classified as: Plots / Charts
[IoDhZOgteu] figure_7.jpg -> classified as: Qualitative Examples
[IoDhZOgteu] figure_3.jpg -> classified as: Plots / Charts
[IoDhZOgteu] figure_4.jpg -> classified as: Qualitative Examples
[IoDhZOgteu] figure_1.jpg -> classified as: Architecture Diagram
[IoDhZOgteu] figure_8.jpg -> classified as: Plots / Charts
[IoDhZOgteu] figure_10.jpg -> classified as: Plots / Charts
[Iq7wD4BG30] figure_30.jpg -> classified as: Plots / Charts
[Iq7wD4BG30] figure_19.jpg -> classified as: Plots / Charts
[Iq7wD4BG30] figure_23.jpg -> classified as: Plots / Charts
[Iq7wD4BG30] figure_29.jpg -> classified as: Plots / Charts
[Iq7wD4BG30] figure_24.jpg -> classified as: Plots / Charts
[Iq7wD4BG30] figure_5.jpg -> classified as: Architecture Diagram
[Iq7wD4BG30] figure_6.jpg -> classified as: Architecture Diagram
[Iq7wD4BG30] figure_9.jpg -> classified as: Architecture Diagram
[Iq7wD4BG30] figure_22.jpg -> classified as: Plots / Charts
[Iq7wD4BG30] figure_28.jpg -> classified as: Plots / Charts
[Iq7wD4BG30] figure_18.jpg -> classified as: Plots / Charts
[Iq7wD4BG30] figure_13.jpg -> classified as: Plots / Charts
[Iq7wD4BG30] figure_C.2_DRAWBACKS_OF.jpg -> classified as: Architecture Diagram
[Iq7wD4BG30] figure_15.jpg -> classified as: Plots / Charts
[Iq7wD4BG30] figure_2.jpg -> classified as: Architecture Diagram
[Iq7wD4BG30] figure_20.jpg -> classified as: Plots / Charts
[Iq7wD4BG30] figure_11.jpg -> classified as: Plots / Charts
[Iq7wD4BG30] figure_7.jpg -> classified as: Architecture Diagram
[Iq7wD4BG30] figure_3.jpg -> classified as: Architecture Diagram
[Iq7wD4BG30] figure_4.jpg -> classified as: Architecture Diagram
[Iq7wD4BG30] figure_17.jpg -> classified as: Plots / Charts
[Iq7wD4BG30] figure_1.jpg -> classified as: Plots / Charts
[Iq7wD4BG30] figure_27.jpg -> classified as: Plots / Charts
[Iq7wD4BG30] figure_8.jpg -> classified as: Architecture Diagram
[Iq7wD4BG30] figure_12.jpg -> classified as: Plots / Charts
[Iq7wD4BG30] figure_25.jpg -> classified as: Plots / Charts
[Iq7wD4BG30] figure_21.jpg -> classified as: Plots / Charts
[Iq7wD4BG30] figure_26.jpg -> classified as: Plots / Charts
[Iq7wD4BG30] figure_14.jpg -> classified as: Plots / Charts
[Iq7wD4BG30] figure_16.jpg -> classified as: Architecture Diagram
[Iq7wD4BG30] figure_10.jpg -> classified as: Plots / Charts
[Iz230vHUy0] figure_5.jpg -> classified as: Plots / Charts
[Iz230vHUy0] figure_6.jpg -> classified as: Plots / Charts
[Iz230vHUy0] figure_9.jpg -> classified as: Qualitative Examples
[Iz230vHUy0] figure_2.jpg -> classified as: Qualitative Examples
[Iz230vHUy0] figure_(b)_Performance_of.jpg -> classified as: Plots / Charts
[Iz230vHUy0] figure_7.jpg -> classified as: Plots / Charts
[Iz230vHUy0] figure_3.jpg -> classified as: Architecture Diagram
[Iz230vHUy0] figure_4.jpg -> classified as: Plots / Charts
[Iz230vHUy0] figure_1.jpg -> classified as: Qualitative Examples
[Iz230vHUy0] figure_(a)_Performances_of.jpg -> classified as: Plots / Charts
[Iz230vHUy0] figure_8.jpg -> classified as: Plots / Charts
[IzYczpPqKq] figure_5.jpg -> classified as: Plots / Charts
[IzYczpPqKq] figure_6.jpg -> classified as: Plots / Charts
[IzYczpPqKq] figure_2.jpg -> classified as: Plots / Charts
[IzYczpPqKq] figure_3.jpg -> classified as: Plots / Charts
[IzYczpPqKq] figure_4.jpg -> classified as: Architecture Diagram
[J2TZgj3Tac] figure_5.jpg -> classified as: Plots / Charts
[J2TZgj3Tac] figure_6.jpg -> classified as: Plots / Charts
[J2TZgj3Tac] figure_9.jpg -> classified as: Plots / Charts
[J2TZgj3Tac] figure_18.jpg -> classified as: Plots / Charts
[J2TZgj3Tac] figure_13.jpg -> classified as: Plots / Charts
[J2TZgj3Tac] figure_15.jpg -> classified as: Plots / Charts
[J2TZgj3Tac] figure_11.jpg -> classified as: Plots / Charts
[J2TZgj3Tac] figure_7.jpg -> classified as: Plots / Charts
[J2TZgj3Tac] figure_3.jpg -> classified as: Architecture Diagram
[J2TZgj3Tac] figure_4.jpg -> classified as: Plots / Charts
[J2TZgj3Tac] figure_17.jpg -> classified as: Plots / Charts
[J2TZgj3Tac] figure_1.jpg -> classified as: Architecture Diagram
[J2TZgj3Tac] figure_8.jpg -> classified as: Plots / Charts
[J2TZgj3Tac] figure_12.jpg -> classified as: Plots / Charts
[J2TZgj3Tac] figure_14.jpg -> classified as: Plots / Charts
[J2TZgj3Tac] figure_16.jpg -> classified as: Plots / Charts
[J2TZgj3Tac] figure_10.jpg -> classified as: Plots / Charts
[J5s6EG6ual] figure_5.jpg -> classified as: Plots / Charts
[J5s6EG6ual] figure_6.jpg -> classified as: Qualitative Examples
[J5s6EG6ual] figure_9.jpg -> classified as: Qualitative Examples
[J5s6EG6ual] figure_18.jpg -> classified as: Qualitative Examples
[J5s6EG6ual] figure_13.jpg -> classified as: Qualitative Examples
[J5s6EG6ual] figure_15.jpg -> classified as: Qualitative Examples
[J5s6EG6ual] figure_2.jpg -> classified as: Plots / Charts
[J5s6EG6ual] figure_11.jpg -> classified as: Qualitative Examples
[J5s6EG6ual] figure_7.jpg -> classified as: Architecture Diagram
[J5s6EG6ual] figure_3.jpg -> classified as: Plots / Charts
[J5s6EG6ual] figure_4.jpg -> classified as: Qualitative Examples
[J5s6EG6ual] figure_17.jpg -> classified as: Plots / Charts
[J5s6EG6ual] figure_1.jpg -> classified as: Architecture Diagram
[J5s6EG6ual] figure_8.jpg -> classified as: Plots / Charts
[J5s6EG6ual] figure_12.jpg -> classified as: Qualitative Examples
[J5s6EG6ual] figure_14.jpg -> classified as: Plots / Charts
[J5s6EG6ual] figure_16.jpg -> classified as: Qualitative Examples
[J5s6EG6ual] figure_10.jpg -> classified as: Qualitative Examples
[J7hbPeOZ39] figure_2.jpg -> classified as: Plots / Charts
[J7hbPeOZ39] figure_1.jpg -> classified as: Architecture Diagram
[J8FGCqT314] figure_2.jpg -> classified as: Plots / Charts
[J8FGCqT314] figure_3.jpg -> classified as: Qualitative Examples
[J8FGCqT314] figure_4.jpg -> classified as: Qualitative Examples
[J8FGCqT314] figure_1.jpg -> classified as: Architecture Diagram
[J9pNS44qcT] figure_2.jpg -> classified as: Architecture Diagram
[J9pNS44qcT] figure_3.jpg -> classified as: Plots / Charts
[J9pNS44qcT] figure_4.jpg -> classified as: Plots / Charts
[J9pNS44qcT] figure_1.jpg -> classified as: Architecture Diagram
[JDp3AQ2elP] figure_5.jpg -> classified as: Architecture Diagram
[JDp3AQ2elP] figure_6.jpg -> classified as: Plots / Charts
[JDp3AQ2elP] figure_9.jpg -> classified as: Plots / Charts
[JDp3AQ2elP] figure_2.jpg -> classified as: Plots / Charts
[JDp3AQ2elP] figure_11.jpg -> classified as: Plots / Charts
[JDp3AQ2elP] figure_7.jpg -> classified as: Plots / Charts
[JDp3AQ2elP] figure_3.jpg -> classified as: Plots / Charts
[JDp3AQ2elP] figure_4.jpg -> classified as: Plots / Charts
[JDp3AQ2elP] figure_1.jpg -> classified as: Plots / Charts
[JDp3AQ2elP] figure_8.jpg -> classified as: Plots / Charts
[JDp3AQ2elP] figure_10.jpg -> classified as: Plots / Charts
[JDud6zbpFv] figure_5.jpg -> classified as: Plots / Charts
[JDud6zbpFv] figure_6.jpg -> classified as: Plots / Charts
[JDud6zbpFv] figure_9.jpg -> classified as: Qualitative Examples
[JDud6zbpFv] figure_2.jpg -> classified as: Plots / Charts
[JDud6zbpFv] figure_11.jpg -> classified as: Plots / Charts
[JDud6zbpFv] figure_7.jpg -> classified as: Plots / Charts
[JDud6zbpFv] figure_3.jpg -> classified as: Plots / Charts
[JDud6zbpFv] figure_4.jpg -> classified as: Plots / Charts
[JDud6zbpFv] figure_1.jpg -> classified as: Architecture Diagram
[JDud6zbpFv] figure_8.jpg -> classified as: Plots / Charts
[JDud6zbpFv] figure_10.jpg -> classified as: Plots / Charts
[JDzTI9rKls] figure_5.jpg -> classified as: Plots / Charts
[JDzTI9rKls] figure_6.jpg -> classified as: Plots / Charts
[JDzTI9rKls] figure_2.jpg -> classified as: Plots / Charts
[JDzTI9rKls] figure_3.jpg -> classified as: Plots / Charts
[JDzTI9rKls] figure_4.jpg -> classified as: Plots / Charts
[JDzTI9rKls] figure_1.jpg -> classified as: Plots / Charts
[JEYWfmz2TU] figure_2.jpg -> classified as: Qualitative Examples
[JEYWfmz2TU] figure_3.jpg -> classified as: Plots / Charts
[JEYWfmz2TU] figure_1.jpg -> classified as: Architecture Diagram
[JJ46kIfPio] figure_1.jpg -> classified as: Architecture Diagram
[JLDAWbzTUg] figure_5.jpg -> classified as: Architecture Diagram
[JLDAWbzTUg] figure_6.jpg -> classified as: Plots / Charts
[JLDAWbzTUg] figure_9.jpg -> classified as: Plots / Charts
[JLDAWbzTUg] figure_13.jpg -> classified as: Plots / Charts
[JLDAWbzTUg] figure_2.jpg -> classified as: Architecture Diagram
[JLDAWbzTUg] figure_11.jpg -> classified as: Plots / Charts
[JLDAWbzTUg] figure_7.jpg -> classified as: Plots / Charts
[JLDAWbzTUg] figure_3.jpg -> classified as: Architecture Diagram
[JLDAWbzTUg] figure_4.jpg -> classified as: Plots / Charts
[JLDAWbzTUg] figure_1.jpg -> classified as: Plots / Charts
[JLDAWbzTUg] figure_8.jpg -> classified as: Plots / Charts
[JLDAWbzTUg] figure_12.jpg -> classified as: Plots / Charts
[JLDAWbzTUg] figure_14.jpg -> classified as: Plots / Charts
[JLDAWbzTUg] figure_10.jpg -> classified as: Plots / Charts
[JNsac6zbg2] figure_5.jpg -> classified as: Plots / Charts
[JNsac6zbg2] figure_6.jpg -> classified as: Qualitative Examples
[JNsac6zbg2] figure_2.jpg -> classified as: Plots / Charts
[JNsac6zbg2] figure_7.jpg -> classified as: Plots / Charts
[JNsac6zbg2] figure_3.jpg -> classified as: Plots / Charts
[JNsac6zbg2] figure_4.jpg -> classified as: Plots / Charts
[JNsac6zbg2] figure_1.jpg -> classified as: Qualitative Examples
[JSS9rKHySk] figure_2.jpg -> classified as: Architecture Diagram
[JSS9rKHySk] figure_1.jpg -> classified as: Architecture Diagram
[JTji0Jfh5a] figure_5.jpg -> classified as: Plots / Charts
[JTji0Jfh5a] figure_6.jpg -> classified as: Plots / Charts
[JTji0Jfh5a] figure_9.jpg -> classified as: Plots / Charts
[JTji0Jfh5a] figure_13.jpg -> classified as: Plots / Charts
[JTji0Jfh5a] figure_15.jpg -> classified as: Architecture Diagram
[JTji0Jfh5a] figure_(b)_Compare_ICoProwith.jpg -> classified as: Plots / Charts
[JTji0Jfh5a] figure_2.jpg -> classified as: Plots / Charts
[JTji0Jfh5a] figure_(c)_Highway._Cars.jpg -> classified as: Qualitative Examples
[JTji0Jfh5a] figure_(b)_Two_Atari.jpg -> classified as: Plots / Charts
[JTji0Jfh5a] figure_7.jpg -> classified as: Plots / Charts
[JTji0Jfh5a] figure_3.jpg -> classified as: Plots / Charts
[JTji0Jfh5a] figure_4.jpg -> classified as: Plots / Charts
[JTji0Jfh5a] figure_1.jpg -> classified as: Architecture Diagram
[JTji0Jfh5a] figure_12.jpg -> classified as: Plots / Charts
[JTji0Jfh5a] figure_10.jpg -> classified as: Plots / Charts
[JVkdSi7Ekg] figure_5.jpg -> classified as: Architecture Diagram
[JVkdSi7Ekg] figure_6.jpg -> classified as: Other
  -> Skipping second pass (Other)
[JVkdSi7Ekg] figure_9.jpg -> classified as: Plots / Charts
[JVkdSi7Ekg] figure_13.jpg -> classified as: Architecture Diagram
[JVkdSi7Ekg] figure_2.jpg -> classified as: Architecture Diagram
[JVkdSi7Ekg] figure_11.jpg -> classified as: Architecture Diagram
[JVkdSi7Ekg] figure_7.jpg -> classified as: Plots / Charts
[JVkdSi7Ekg] figure_3.jpg -> classified as: Plots / Charts
[JVkdSi7Ekg] figure_4.jpg -> classified as: Qualitative Examples
[JVkdSi7Ekg] figure_1.jpg -> classified as: Architecture Diagram
[JVkdSi7Ekg] figure_8.jpg -> classified as: Qualitative Examples
[JVkdSi7Ekg] figure_12.jpg -> classified as: Qualitative Examples
[JVkdSi7Ekg] figure_14.jpg -> classified as: Qualitative Examples
[JVkdSi7Ekg] figure_10.jpg -> classified as: Qualitative Examples
[JWrl5pJCnl] figure_5.jpg -> classified as: Plots / Charts
[JWrl5pJCnl] figure_6.jpg -> classified as: Qualitative Examples
[JWrl5pJCnl] figure___Put_the.jpg -> classified as: Architecture Diagram
[JWrl5pJCnl] figure_2.jpg -> classified as: Architecture Diagram
[JWrl5pJCnl] figure_3.jpg -> classified as: Architecture Diagram
[JWrl5pJCnl] figure_4.jpg -> classified as: Qualitative Examples
[JXGph215fL] figure_5.jpg -> classified as: Plots / Charts
[JXGph215fL] figure_6.jpg -> classified as: Plots / Charts
[JXGph215fL] figure_2.jpg -> classified as: Plots / Charts
[JXGph215fL] figure_7.jpg -> classified as: Plots / Charts
[JXGph215fL] figure_3.jpg -> classified as: Plots / Charts
[JXGph215fL] figure_4.jpg -> classified as: Plots / Charts
[JXGph215fL] figure_1.jpg -> classified as: Plots / Charts
[JXKFPJe0NU] figure_5.jpg -> classified as: Qualitative Examples
[JXKFPJe0NU] figure_6.jpg -> classified as: Plots / Charts
[JXKFPJe0NU] figure_9.jpg -> classified as: Plots / Charts
[JXKFPJe0NU] figure_2.jpg -> classified as: Plots / Charts
[JXKFPJe0NU] figure_11.jpg -> classified as: Qualitative Examples
[JXKFPJe0NU] figure_7.jpg -> classified as: Plots / Charts
[JXKFPJe0NU] figure_3.jpg -> classified as: Architecture Diagram
[JXKFPJe0NU] figure_4.jpg -> classified as: Plots / Charts
[JXKFPJe0NU] figure_1.jpg -> classified as: Architecture Diagram
[JXKFPJe0NU] figure_8.jpg -> classified as: Architecture Diagram
[JXKFPJe0NU] figure_12.jpg -> classified as: Qualitative Examples
[JXKFPJe0NU] figure_10.jpg -> classified as: Plots / Charts
[JZCxlrwjZ8] figure_5.jpg -> classified as: Plots / Charts
[JZCxlrwjZ8] figure_6.jpg -> classified as: Plots / Charts
[JZCxlrwjZ8] figure_2.jpg -> classified as: Plots / Charts
[JZCxlrwjZ8] figure_7.jpg -> classified as: Plots / Charts
[JZCxlrwjZ8] figure_3.jpg -> classified as: Plots / Charts
[JZCxlrwjZ8] figure_4.jpg -> classified as: Plots / Charts
[JZCxlrwjZ8] figure_1.jpg -> classified as: Architecture Diagram
[JeiaHDawhb] figure_5.jpg -> classified as: Plots / Charts
[JeiaHDawhb] figure_6.jpg -> classified as: Plots / Charts
[JeiaHDawhb] figure_2.jpg -> classified as: Plots / Charts
[JeiaHDawhb] figure_3.jpg -> classified as: Plots / Charts
[JeiaHDawhb] figure_4.jpg -> classified as: Plots / Charts
[JeiaHDawhb] figure_1.jpg -> classified as: Plots / Charts
[JewzobRhay] figure_5.jpg -> classified as: Plots / Charts
[JewzobRhay] figure_6.jpg -> classified as: Plots / Charts
[JewzobRhay] figure_9.jpg -> classified as: Plots / Charts
[JewzobRhay] figure_2.jpg -> classified as: Plots / Charts
[JewzobRhay] figure_7.jpg -> classified as: Plots / Charts
[JewzobRhay] figure_3.jpg -> classified as: Plots / Charts
[JewzobRhay] figure_4.jpg -> classified as: Plots / Charts
[JewzobRhay] figure_1.jpg -> classified as: Plots / Charts
[JewzobRhay] figure_8.jpg -> classified as: Architecture Diagram
[JewzobRhay] figure_10.jpg -> classified as: Plots / Charts
[Jj8AAlNobk] figure_5.jpg -> classified as: Plots / Charts
[Jj8AAlNobk] figure_6.jpg -> classified as: Plots / Charts
[Jj8AAlNobk] figure_9.jpg -> classified as: Plots / Charts
[Jj8AAlNobk] figure_13.jpg -> classified as: Plots / Charts
[Jj8AAlNobk] figure_2.jpg -> classified as: Plots / Charts
[Jj8AAlNobk] figure_11.jpg -> classified as: Plots / Charts
[Jj8AAlNobk] figure_7.jpg -> classified as: Plots / Charts
[Jj8AAlNobk] figure_3.jpg -> classified as: Plots / Charts
[Jj8AAlNobk] figure_4.jpg -> classified as: Plots / Charts
[Jj8AAlNobk] figure_1.jpg -> classified as: Architecture Diagram
[Jj8AAlNobk] figure_8.jpg -> classified as: Plots / Charts
[Jj8AAlNobk] figure_12.jpg -> classified as: Plots / Charts
[Jj8AAlNobk] figure_14.jpg -> classified as: Plots / Charts
[Jj8AAlNobk] figure_10.jpg -> classified as: Plots / Charts
[JsVIGVntnQ] figure_5.jpg -> classified as: Plots / Charts
[JsVIGVntnQ] figure_6.jpg -> classified as: Architecture Diagram
[JsVIGVntnQ] figure_9.jpg -> classified as: Architecture Diagram
[JsVIGVntnQ] figure_13.jpg -> classified as: Other
  -> Skipping second pass (Other)
[JsVIGVntnQ] figure_2.jpg -> classified as: Architecture Diagram
[JsVIGVntnQ] figure_11.jpg -> classified as: Other
  -> Skipping second pass (Other)
[JsVIGVntnQ] figure_7.jpg -> classified as: Qualitative Examples
[JsVIGVntnQ] figure_3.jpg -> classified as: Architecture Diagram
[JsVIGVntnQ] figure_4.jpg -> classified as: Plots / Charts
[JsVIGVntnQ] figure_1.jpg -> classified as: Architecture Diagram
[JsVIGVntnQ] figure_8.jpg -> classified as: Architecture Diagram
[JsVIGVntnQ] figure_12.jpg -> classified as: Other
  -> Skipping second pass (Other)
[JtKGkz9fAe] figure_2.jpg -> classified as: Architecture Diagram
[JtKGkz9fAe] figure_3.jpg -> classified as: Architecture Diagram
[JtKGkz9fAe] figure_4.jpg -> classified as: Architecture Diagram
[JtKGkz9fAe] figure_1.jpg -> classified as: Plots / Charts
[JwrnoB1tR0] figure_2.jpg -> classified as: Architecture Diagram
[JwrnoB1tR0] figure_7.jpg -> classified as: Architecture Diagram
[JwrnoB1tR0] figure_3.jpg -> classified as: Qualitative Examples
[JwrnoB1tR0] figure_4.jpg -> classified as: Qualitative Examples
[JwrnoB1tR0] figure_1.jpg -> classified as: Architecture Diagram
[JxhgSAnrsG] figure_2.jpg -> classified as: Qualitative Examples
[JxhgSAnrsG] figure_3.jpg -> classified as: Other
  -> Skipping second pass (Other)
[JxhgSAnrsG] figure_4.jpg -> classified as: Qualitative Examples
[JxhgSAnrsG] figure_1.jpg -> classified as: Architecture Diagram
[JzAuFCKiov] figure_5.jpg -> classified as: Plots / Charts
[JzAuFCKiov] figure_2.jpg -> classified as: Plots / Charts
[JzAuFCKiov] figure_3.jpg -> classified as: Plots / Charts
[JzAuFCKiov] figure_4.jpg -> classified as: Plots / Charts
[JzAuFCKiov] figure_1.jpg -> classified as: Architecture Diagram
[JzvIWvC9MG] figure_1.jpg -> classified as: Plots / Charts
[K3KrOsR6y9] figure_3.jpg -> classified as: Architecture Diagram
[K3KrOsR6y9] figure_4.jpg -> classified as: Plots / Charts
[K3KrOsR6y9] figure_1.jpg -> classified as: Architecture Diagram
[K4FAFNRpko] figure_5.jpg -> classified as: Qualitative Examples
[K4FAFNRpko] figure_6.jpg -> classified as: Qualitative Examples
[K4FAFNRpko] figure_9.jpg -> classified as: Qualitative Examples
[K4FAFNRpko] figure_2.jpg -> classified as: Architecture Diagram
[K4FAFNRpko] figure_7.jpg -> classified as: Qualitative Examples
[K4FAFNRpko] figure_3.jpg -> classified as: Architecture Diagram
[K4FAFNRpko] figure_4.jpg -> classified as: Architecture Diagram
[K4FAFNRpko] figure_1.jpg -> classified as: Qualitative Examples
[K4FAFNRpko] figure_8.jpg -> classified as: Qualitative Examples
[K7l94Z81bH] figure_5.jpg -> classified as: Architecture Diagram
[K7l94Z81bH] figure_6.jpg -> classified as: Architecture Diagram
[K7l94Z81bH] figure_9.jpg -> classified as: Qualitative Examples
[K7l94Z81bH] figure_2.jpg -> classified as: Architecture Diagram
[K7l94Z81bH] figure_11.jpg -> classified as: Architecture Diagram
[K7l94Z81bH] figure_7.jpg -> classified as: Plots / Charts
[K7l94Z81bH] figure_3.jpg -> classified as: Architecture Diagram
[K7l94Z81bH] figure_4.jpg -> classified as: Plots / Charts
[K7l94Z81bH] figure_1.jpg -> classified as: Architecture Diagram
[K7l94Z81bH] figure_8.jpg -> classified as: Plots / Charts
[K7l94Z81bH] figure_12.jpg -> classified as: Architecture Diagram
[K7l94Z81bH] figure_10.jpg -> classified as: Plots / Charts
[KAIqwkB3dT] figure_5.jpg -> classified as: Plots / Charts
[KAIqwkB3dT] figure_6.jpg -> classified as: Plots / Charts
[KAIqwkB3dT] figure_9.jpg -> classified as: Plots / Charts
[KAIqwkB3dT] figure_18.jpg -> classified as: Plots / Charts
[KAIqwkB3dT] figure_13.jpg -> classified as: Plots / Charts
[KAIqwkB3dT] figure_15.jpg -> classified as: Plots / Charts
[KAIqwkB3dT] figure_2.jpg -> classified as: Plots / Charts
[KAIqwkB3dT] figure_11.jpg -> classified as: Plots / Charts
[KAIqwkB3dT] figure_7.jpg -> classified as: Plots / Charts
[KAIqwkB3dT] figure_3.jpg -> classified as: Plots / Charts
[KAIqwkB3dT] figure_4.jpg -> classified as: Plots / Charts
[KAIqwkB3dT] figure_17.jpg -> classified as: Plots / Charts
[KAIqwkB3dT] figure_1.jpg -> classified as: Plots / Charts
[KAIqwkB3dT] figure_8.jpg -> classified as: Plots / Charts
[KAIqwkB3dT] figure_12.jpg -> classified as: Plots / Charts
[KAIqwkB3dT] figure_14.jpg -> classified as: Plots / Charts
[KAIqwkB3dT] figure_16.jpg -> classified as: Plots / Charts
[KAIqwkB3dT] figure_10.jpg -> classified as: Qualitative Examples
[KAseclJyj5] figure_S1.jpg -> classified as: Qualitative Examples
[KAseclJyj5] figure_5.jpg -> classified as: Plots / Charts
[KAseclJyj5] figure_S6.jpg -> classified as: Plots / Charts
[KAseclJyj5] figure_2.jpg -> classified as: Architecture Diagram
[KAseclJyj5] figure_S5.jpg -> classified as: Plots / Charts
[KAseclJyj5] figure_3.jpg -> classified as: Plots / Charts
[KAseclJyj5] figure_4.jpg -> classified as: Plots / Charts
[KAseclJyj5] figure_1.jpg -> classified as: Architecture Diagram
[KAseclJyj5] figure_S3.jpg -> classified as: Plots / Charts
[KNtcoAM5Gy] figure_1.jpg -> classified as: Architecture Diagram
[KOZu91CzbK] figure_5.jpg -> classified as: Plots / Charts
[KOZu91CzbK] figure_2.jpg -> classified as: Architecture Diagram
[KOZu91CzbK] figure_3.jpg -> classified as: Architecture Diagram
[KOZu91CzbK] figure_4.jpg -> classified as: Plots / Charts
[KOZu91CzbK] figure_1.jpg -> classified as: Architecture Diagram
[KRlJN9d1sW] figure_5.jpg -> classified as: Plots / Charts
[KRlJN9d1sW] figure_6.jpg -> classified as: Plots / Charts
[KRlJN9d1sW] figure_9.jpg -> classified as: Architecture Diagram
[KRlJN9d1sW] figure_2.jpg -> classified as: Architecture Diagram
[KRlJN9d1sW] figure_11.jpg -> classified as: Qualitative Examples
[KRlJN9d1sW] figure_7.jpg -> classified as: Plots / Charts
[KRlJN9d1sW] figure_3.jpg -> classified as: Plots / Charts
[KRlJN9d1sW] figure_4.jpg -> classified as: Plots / Charts
[KRlJN9d1sW] figure_${_}_^.jpg -> classified as: Architecture Diagram
[KRlJN9d1sW] figure_1.jpg -> classified as: Architecture Diagram
[KRlJN9d1sW] figure_8.jpg -> classified as: Plots / Charts
[KRlJN9d1sW] figure_12.jpg -> classified as: Architecture Diagram
[KRlJN9d1sW] figure_10.jpg -> classified as: Plots / Charts
[KRv9NubipP] figure_5.jpg -> classified as: Qualitative Examples
[KRv9NubipP] figure_13.jpg -> classified as: Other
  -> Skipping second pass (Other)
[KRv9NubipP] figure_2.jpg -> classified as: Architecture Diagram
[KRv9NubipP] figure_11.jpg -> classified as: Other
  -> Skipping second pass (Other)
[KRv9NubipP] figure_7.jpg -> classified as: Architecture Diagram
[KRv9NubipP] figure_3.jpg -> classified as: Other
  -> Skipping second pass (Other)
[KRv9NubipP] figure_4.jpg -> classified as: Qualitative Examples
[KRv9NubipP] figure_1.jpg -> classified as: Qualitative Examples
[KRv9NubipP] figure_8.jpg -> classified as: Plots / Charts
[KRv9NubipP] figure_10.jpg -> classified as: Other
  -> Skipping second pass (Other)
[KTtEICH4TO] figure_A.jpg -> classified as: Architecture Diagram
[KTtEICH4TO] figure_5.jpg -> classified as: Qualitative Examples
[KTtEICH4TO] figure_6.jpg -> classified as: Plots / Charts
[KTtEICH4TO] figure_2.jpg -> classified as: Qualitative Examples
[KTtEICH4TO] figure_A_1.jpg -> classified as: Qualitative Examples
[KTtEICH4TO] figure_7.jpg -> classified as: Qualitative Examples
[KTtEICH4TO] figure_3.jpg -> classified as: Other
  -> Skipping second pass (Other)
[KTtEICH4TO] figure_4.jpg -> classified as: Architecture Diagram
[KTtEICH4TO] figure_1.jpg -> classified as: Qualitative Examples
[KWH4UIoQKS] figure_5.jpg -> classified as: Plots / Charts
[KWH4UIoQKS] figure_6.jpg -> classified as: Plots / Charts
[KWH4UIoQKS] figure_9.jpg -> classified as: Plots / Charts
[KWH4UIoQKS] figure_2.jpg -> classified as: Plots / Charts
[KWH4UIoQKS] figure_7.jpg -> classified as: Plots / Charts
[KWH4UIoQKS] figure_3.jpg -> classified as: Architecture Diagram
[KWH4UIoQKS] figure_4.jpg -> classified as: Plots / Charts
[KWH4UIoQKS] figure_1.jpg -> classified as: Architecture Diagram
[KWH4UIoQKS] figure_8.jpg -> classified as: Architecture Diagram
[KWH4UIoQKS] figure_10.jpg -> classified as: Plots / Charts
[KWUFlIMn8A] figure_2.jpg -> classified as: Plots / Charts
[KWUFlIMn8A] figure_3.jpg -> classified as: Plots / Charts
[KWUFlIMn8A] figure_1.jpg -> classified as: Plots / Charts
[KZaEdLM4Gn] figure_5.jpg -> classified as: Architecture Diagram
[KZaEdLM4Gn] figure_6.jpg -> classified as: Plots / Charts
[KZaEdLM4Gn] figure_2.jpg -> classified as: Architecture Diagram
[KZaEdLM4Gn] figure_3.jpg -> classified as: Plots / Charts
[KZaEdLM4Gn] figure_4.jpg -> classified as: Plots / Charts
[KZaEdLM4Gn] figure_1.jpg -> classified as: Architecture Diagram
[KfeRfxTemB] figure_19.jpg -> classified as: Qualitative Examples
[KfeRfxTemB] figure_Continued_on_next.jpg -> classified as: Qualitative Examples
[KfeRfxTemB] figure_Continued_on_next_1.jpg -> classified as: Qualitative Examples
[KfeRfxTemB] figure_Continued_on_next_2.jpg -> classified as: Qualitative Examples
[KfeRfxTemB] figure_5.jpg -> classified as: Plots / Charts
[KfeRfxTemB] figure_6.jpg -> classified as: Plots / Charts
[KfeRfxTemB] figure_9.jpg -> classified as: Qualitative Examples
[KfeRfxTemB] figure_18.jpg -> classified as: Plots / Charts
[KfeRfxTemB] figure_15.jpg -> classified as: Qualitative Examples
[KfeRfxTemB] figure_2.jpg -> classified as: Plots / Charts
[KfeRfxTemB] figure_20.jpg -> classified as: Qualitative Examples
[KfeRfxTemB] figure_11.jpg -> classified as: Qualitative Examples
[KfeRfxTemB] figure_7.jpg -> classified as: Plots / Charts
[KfeRfxTemB] figure_3.jpg -> classified as: Qualitative Examples
[KfeRfxTemB] figure_4.jpg -> classified as: Plots / Charts
[KfeRfxTemB] figure_17.jpg -> classified as: Qualitative Examples
[KfeRfxTemB] figure_1.jpg -> classified as: Plots / Charts
[KfeRfxTemB] figure_8.jpg -> classified as: Plots / Charts
[KfeRfxTemB] figure_12.jpg -> classified as: Plots / Charts
[KfeRfxTemB] figure_14.jpg -> classified as: Plots / Charts
[KfeRfxTemB] figure_16.jpg -> classified as: Qualitative Examples
[KfeRfxTemB] figure_10.jpg -> classified as: Qualitative Examples
[KgKN7F0PyQ] figure_5.jpg -> classified as: Qualitative Examples
[KgKN7F0PyQ] figure_6.jpg -> classified as: Qualitative Examples
[KgKN7F0PyQ] figure_2.jpg -> classified as: Architecture Diagram
[KgKN7F0PyQ] figure_7.jpg -> classified as: Qualitative Examples
[KgKN7F0PyQ] figure_3.jpg -> classified as: Qualitative Examples
[KgKN7F0PyQ] figure_4.jpg -> classified as: Plots / Charts
[KgKN7F0PyQ] figure_1.jpg -> classified as: Architecture Diagram
[KiDGtYCPcv] figure_S1.jpg -> classified as: Architecture Diagram
[KiDGtYCPcv] figure_S11.jpg -> classified as: Plots / Charts
[KiDGtYCPcv] figure_5.jpg -> classified as: Plots / Charts
[KiDGtYCPcv] figure_6.jpg -> classified as: Plots / Charts
[KiDGtYCPcv] figure_S2.jpg -> classified as: Plots / Charts
[KiDGtYCPcv] figure_S9.jpg -> classified as: Plots / Charts
[KiDGtYCPcv] figure_S6.jpg -> classified as: Plots / Charts
[KiDGtYCPcv] figure_2.jpg -> classified as: Plots / Charts
[KiDGtYCPcv] figure_S8.jpg -> classified as: Plots / Charts
[KiDGtYCPcv] figure_S5.jpg -> classified as: Plots / Charts
[KiDGtYCPcv] figure_3.jpg -> classified as: Plots / Charts
[KiDGtYCPcv] figure_S7.jpg -> classified as: Plots / Charts
[KiDGtYCPcv] figure_S4.jpg -> classified as: Plots / Charts
[KiDGtYCPcv] figure_4.jpg -> classified as: Architecture Diagram
[KiDGtYCPcv] figure_1.jpg -> classified as: Architecture Diagram
[KiDGtYCPcv] figure_S12.jpg -> classified as: Plots / Charts
[KiDGtYCPcv] figure_S3.jpg -> classified as: Plots / Charts
[KiDGtYCPcv] figure_S10.jpg -> classified as: Plots / Charts
[Kioojohsuy] figure_5.jpg -> classified as: Plots / Charts
[Kioojohsuy] figure_6.jpg -> classified as: Plots / Charts
[Kioojohsuy] figure_7.jpg -> classified as: Plots / Charts
[Kioojohsuy] figure_3.jpg -> classified as: Plots / Charts
[Kioojohsuy] figure_4.jpg -> classified as: Plots / Charts
[Kioojohsuy] figure_1.jpg -> classified as: Architecture Diagram
[Kioojohsuy] figure_8.jpg -> classified as: Plots / Charts
[KjOAHlKMF5] figure_2.jpg -> classified as: Architecture Diagram
[KjOAHlKMF5] figure_3.jpg -> classified as: Plots / Charts
[KjOAHlKMF5] figure_1.jpg -> classified as: Plots / Charts
[KkALFpRWSV] figure_5.jpg -> classified as: Plots / Charts
[KkALFpRWSV] figure_6.jpg -> classified as: Plots / Charts
[KkALFpRWSV] figure_2.jpg -> classified as: Qualitative Examples
[KkALFpRWSV] figure_3.jpg -> classified as: Plots / Charts
[KkALFpRWSV] figure_4.jpg -> classified as: Plots / Charts
[KkALFpRWSV] figure_1.jpg -> classified as: Architecture Diagram
[KmvYOALQnm] figure_6.jpg -> classified as: Plots / Charts
[KmvYOALQnm] figure_9.jpg -> classified as: Plots / Charts
[KmvYOALQnm] figure_2.jpg -> classified as: Architecture Diagram
[KmvYOALQnm] figure_7.jpg -> classified as: Architecture Diagram
[KmvYOALQnm] figure_3.jpg -> classified as: Plots / Charts
[KmvYOALQnm] figure_4.jpg -> classified as: Plots / Charts
[KmvYOALQnm] figure_1.jpg -> classified as: Plots / Charts
[KmvYOALQnm] figure_8.jpg -> classified as: Plots / Charts
[KohdorhwHt] figure_Python_3.8_with.jpg -> classified as: Architecture Diagram
[KohdorhwHt] figure_5.jpg -> classified as: Plots / Charts
[KohdorhwHt] figure_6.jpg -> classified as: Qualitative Examples
[KohdorhwHt] figure_9.jpg -> classified as: Plots / Charts
[KohdorhwHt] figure_13.jpg -> classified as: Plots / Charts
[KohdorhwHt] figure_2.jpg -> classified as: Architecture Diagram
[KohdorhwHt] figure_11.jpg -> classified as: Plots / Charts
[KohdorhwHt] figure_7.jpg -> classified as: Qualitative Examples
[KohdorhwHt] figure_3.jpg -> classified as: Architecture Diagram
[KohdorhwHt] figure_4.jpg -> classified as: Plots / Charts
[KohdorhwHt] figure_1.jpg -> classified as: Architecture Diagram
[KohdorhwHt] figure_8.jpg -> classified as: Architecture Diagram
[KohdorhwHt] figure_12.jpg -> classified as: Plots / Charts
[KohdorhwHt] figure_10.jpg -> classified as: Plots / Charts
[KrtGfTGaGe] figure_(a)_Optimization_of.jpg -> classified as: Architecture Diagram
[KrtGfTGaGe] figure_5.jpg -> classified as: Plots / Charts
[KrtGfTGaGe] figure_6.jpg -> classified as: Architecture Diagram
[KrtGfTGaGe] figure_2.jpg -> classified as: Architecture Diagram
[KrtGfTGaGe] figure_3.jpg -> classified as: Plots / Charts
[KrtGfTGaGe] figure_4.jpg -> classified as: Plots / Charts
[KrtGfTGaGe] figure_1.jpg -> classified as: Architecture Diagram
[KsUh8MMFKQ] figure_5.jpg -> classified as: Plots / Charts
[KsUh8MMFKQ] figure_6.jpg -> classified as: Plots / Charts
[KsUh8MMFKQ] figure_2.jpg -> classified as: Qualitative Examples
[KsUh8MMFKQ] figure_7.jpg -> classified as: Qualitative Examples
[KsUh8MMFKQ] figure_3.jpg -> classified as: Plots / Charts
[KsUh8MMFKQ] figure_4.jpg -> classified as: Plots / Charts
[KsUh8MMFKQ] figure_1.jpg -> classified as: Qualitative Examples
[L14sqcrUC3] figure_5.jpg -> classified as: Plots / Charts
[L14sqcrUC3] figure_6.jpg -> classified as: Plots / Charts
[L14sqcrUC3] figure_2.jpg -> classified as: Plots / Charts
[L14sqcrUC3] figure_3.jpg -> classified as: Plots / Charts
[L14sqcrUC3] figure_4.jpg -> classified as: Plots / Charts
[L14sqcrUC3] figure_1.jpg -> classified as: Plots / Charts
[L34BvDTwls] figure_2.jpg -> classified as: Plots / Charts
[L34BvDTwls] figure_3.jpg -> classified as: Plots / Charts
[L34BvDTwls] figure_1.jpg -> classified as: Plots / Charts
[L8UNn7Llt4] figure_5.jpg -> classified as: Plots / Charts
[L8UNn7Llt4] figure_2.jpg -> classified as: Plots / Charts
[L8UNn7Llt4] figure_3.jpg -> classified as: Plots / Charts
[L8UNn7Llt4] figure_4.jpg -> classified as: Plots / Charts
[L8UNn7Llt4] figure_1.jpg -> classified as: Architecture Diagram
[LPG8pPSfQD] figure_5.jpg -> classified as: Plots / Charts
[LPG8pPSfQD] figure_6.jpg -> classified as: Plots / Charts
[LPG8pPSfQD] figure_9.jpg -> classified as: Qualitative Examples
[LPG8pPSfQD] figure_13.jpg -> classified as: Plots / Charts
[LPG8pPSfQD] figure_2.jpg -> classified as: Architecture Diagram
[LPG8pPSfQD] figure_11.jpg -> classified as: Plots / Charts
[LPG8pPSfQD] figure_7.jpg -> classified as: Plots / Charts
[LPG8pPSfQD] figure_3.jpg -> classified as: Architecture Diagram
[LPG8pPSfQD] figure_4.jpg -> classified as: Architecture Diagram
[LPG8pPSfQD] figure_1.jpg -> classified as: Architecture Diagram
[LPG8pPSfQD] figure_8.jpg -> classified as: Qualitative Examples
[LPG8pPSfQD] figure_12.jpg -> classified as: Plots / Charts
[LPG8pPSfQD] figure_10.jpg -> classified as: Qualitative Examples
[LQ6LQ8f4y8] figure_5.jpg -> classified as: Qualitative Examples
[LQ6LQ8f4y8] figure_6.jpg -> classified as: Architecture Diagram
[LQ6LQ8f4y8] figure_2.jpg -> classified as: Architecture Diagram
[LQ6LQ8f4y8] figure_3.jpg -> classified as: Plots / Charts
[LQ6LQ8f4y8] figure_4.jpg -> classified as: Qualitative Examples
[LQ6LQ8f4y8] figure_1.jpg -> classified as: Architecture Diagram
[LRrbD8EZJl] figure_5.jpg -> classified as: Plots / Charts
[LRrbD8EZJl] figure_2.jpg -> classified as: Plots / Charts
[LRrbD8EZJl] figure_3.jpg -> classified as: Plots / Charts
[LRrbD8EZJl] figure_4.jpg -> classified as: Qualitative Examples
[LRrbD8EZJl] figure_1.jpg -> classified as: Architecture Diagram
[LTpab44sdG] figure_5.jpg -> classified as: Qualitative Examples
[LTpab44sdG] figure_2.jpg -> classified as: Other
  -> Skipping second pass (Other)
[LTpab44sdG] figure_3.jpg -> classified as: Architecture Diagram
[LTpab44sdG] figure_4.jpg -> classified as: Qualitative Examples
[LTpab44sdG] figure_1.jpg -> classified as: Architecture Diagram
[LVp217SAtb] figure_2.jpg -> classified as: Qualitative Examples
[LVp217SAtb] figure_3.jpg -> classified as: Plots / Charts
[LVp217SAtb] figure_4.jpg -> classified as: Plots / Charts
[LVp217SAtb] figure_1.jpg -> classified as: Architecture Diagram
[LWmuPfEYhH] figure_5.jpg -> classified as: Plots / Charts
[LWmuPfEYhH] figure_6.jpg -> classified as: Plots / Charts
[LWmuPfEYhH] figure_9.jpg -> classified as: Plots / Charts
[LWmuPfEYhH] figure_13.jpg -> classified as: Plots / Charts
[LWmuPfEYhH] figure_2.jpg -> classified as: Plots / Charts
[LWmuPfEYhH] figure_11.jpg -> classified as: Plots / Charts
[LWmuPfEYhH] figure_7.jpg -> classified as: Plots / Charts
[LWmuPfEYhH] figure_3.jpg -> classified as: Plots / Charts
[LWmuPfEYhH] figure_4.jpg -> classified as: Plots / Charts
[LWmuPfEYhH] figure_1.jpg -> classified as: Architecture Diagram
[LWmuPfEYhH] figure_8.jpg -> classified as: Architecture Diagram
[LWmuPfEYhH] figure_12.jpg -> classified as: Plots / Charts
[LWmuPfEYhH] figure_10.jpg -> classified as: Plots / Charts
[LWuYsSD94h] figure_2.jpg -> classified as: Architecture Diagram
[LWuYsSD94h] figure_1.jpg -> classified as: Architecture Diagram
[LXftdR11io] figure_5.jpg -> classified as: Plots / Charts
[LXftdR11io] figure_6.jpg -> classified as: Plots / Charts
[LXftdR11io] figure_2.jpg -> classified as: Architecture Diagram
[LXftdR11io] figure_7.jpg -> classified as: Plots / Charts
[LXftdR11io] figure_3.jpg -> classified as: Plots / Charts
[LXftdR11io] figure_4.jpg -> classified as: Plots / Charts
[LXftdR11io] figure_1.jpg -> classified as: Architecture Diagram
[LYG6tBlEX0] figure_2.jpg -> classified as: Qualitative Examples
[LYG6tBlEX0] figure_3.jpg -> classified as: Plots / Charts
[LYG6tBlEX0] figure_4.jpg -> classified as: Plots / Charts
[LYG6tBlEX0] figure_1.jpg -> classified as: Architecture Diagram
[LYGHdwyXUb] figure_5.jpg -> classified as: Plots / Charts
[LYGHdwyXUb] figure_6.jpg -> classified as: Plots / Charts
[LYGHdwyXUb] figure_12_1.jpg -> classified as: Plots / Charts
[LYGHdwyXUb] figure_9.jpg -> classified as: Plots / Charts
[LYGHdwyXUb] figure_13.jpg -> classified as: Plots / Charts
[LYGHdwyXUb] figure_2.jpg -> classified as: Architecture Diagram
[LYGHdwyXUb] figure_11.jpg -> classified as: Plots / Charts
[LYGHdwyXUb] figure_7.jpg -> classified as: Plots / Charts
[LYGHdwyXUb] figure_3.jpg -> classified as: Other
  -> Skipping second pass (Other)
[LYGHdwyXUb] figure_4.jpg -> classified as: Plots / Charts
[LYGHdwyXUb] figure_1.jpg -> classified as: Architecture Diagram
[LYGHdwyXUb] figure_8.jpg -> classified as: Plots / Charts
[LYGHdwyXUb] figure_12.jpg -> classified as: Qualitative Examples
[LYGHdwyXUb] figure_10.jpg -> classified as: Plots / Charts
[LZIOBA2oDU] figure_5.jpg -> classified as: Plots / Charts
[LZIOBA2oDU] figure_A1.jpg -> classified as: Plots / Charts
[LZIOBA2oDU] figure_A2.jpg -> classified as: Plots / Charts
[LZIOBA2oDU] figure_2.jpg -> classified as: Plots / Charts
[LZIOBA2oDU] figure_3.jpg -> classified as: Plots / Charts
[LZIOBA2oDU] figure_4.jpg -> classified as: Plots / Charts
[LZIOBA2oDU] figure_1.jpg -> classified as: Architecture Diagram
[LZIOBA2oDU] figure_A4.jpg -> classified as: Plots / Charts
[LZIOBA2oDU] figure_A3.jpg -> classified as: Plots / Charts
[LfekK1E0QE] figure_5.jpg -> classified as: Qualitative Examples
[LfekK1E0QE] figure_6.jpg -> classified as: Plots / Charts
[LfekK1E0QE] figure_2.jpg -> classified as: Plots / Charts
[LfekK1E0QE] figure_7.jpg -> classified as: Plots / Charts
[LfekK1E0QE] figure_3.jpg -> classified as: Architecture Diagram
[LfekK1E0QE] figure_4.jpg -> classified as: Plots / Charts
[LfekK1E0QE] figure_1.jpg -> classified as: Architecture Diagram
[LglOy15bqe] figure_2.jpg -> classified as: Plots / Charts
[LglOy15bqe] figure_3.jpg -> classified as: Plots / Charts
[LglOy15bqe] figure_4.jpg -> classified as: Plots / Charts
[LglOy15bqe] figure_1.jpg -> classified as: Plots / Charts
[LjivA1SLZ6] figure_30.jpg -> classified as: Architecture Diagram
[LjivA1SLZ6] figure_19.jpg -> classified as: Plots / Charts
[LjivA1SLZ6] figure_23.jpg -> classified as: Plots / Charts
[LjivA1SLZ6] figure_29.jpg -> classified as: Plots / Charts
[LjivA1SLZ6] figure_24.jpg -> classified as: Plots / Charts
[LjivA1SLZ6] figure_5.jpg -> classified as: Plots / Charts
[LjivA1SLZ6] figure_6.jpg -> classified as: Plots / Charts
[LjivA1SLZ6] figure_9.jpg -> classified as: Plots / Charts
[LjivA1SLZ6] figure_22.jpg -> classified as: Plots / Charts
[LjivA1SLZ6] figure_28.jpg -> classified as: Plots / Charts
[LjivA1SLZ6] figure_18.jpg -> classified as: Plots / Charts
[LjivA1SLZ6] figure_13.jpg -> classified as: Plots / Charts
[LjivA1SLZ6] figure_(b)_Undesirable_trajectory.jpg -> classified as: Qualitative Examples
[LjivA1SLZ6] figure_15.jpg -> classified as: Plots / Charts
[LjivA1SLZ6] figure_2.jpg -> classified as: Plots / Charts
[LjivA1SLZ6] figure_20.jpg -> classified as: Plots / Charts
[LjivA1SLZ6] figure_7.jpg -> classified as: Plots / Charts
[LjivA1SLZ6] figure_34.jpg -> classified as: Plots / Charts
[LjivA1SLZ6] figure_3.jpg -> classified as: Plots / Charts
[LjivA1SLZ6] figure_33.jpg -> classified as: Plots / Charts
[LjivA1SLZ6] figure_4.jpg -> classified as: Plots / Charts
[LjivA1SLZ6] figure_31.jpg -> classified as: Qualitative Examples
[LjivA1SLZ6] figure_17.jpg -> classified as: Plots / Charts
[LjivA1SLZ6] figure_1.jpg -> classified as: Architecture Diagram
[LjivA1SLZ6] figure_27.jpg -> classified as: Plots / Charts
[LjivA1SLZ6] figure_8.jpg -> classified as: Plots / Charts
[LjivA1SLZ6] figure_12.jpg -> classified as: Architecture Diagram
[LjivA1SLZ6] figure_25.jpg -> classified as: Plots / Charts
[LjivA1SLZ6] figure_21.jpg -> classified as: Plots / Charts
[LjivA1SLZ6] figure_26.jpg -> classified as: Plots / Charts
[LjivA1SLZ6] figure_14.jpg -> classified as: Plots / Charts
[LjivA1SLZ6] figure_32.jpg -> classified as: Plots / Charts
[LjivA1SLZ6] figure_16.jpg -> classified as: Plots / Charts
[LjivA1SLZ6] figure_10.jpg -> classified as: Plots / Charts
[LqhorpRLIm] figure_6.jpg -> classified as: Qualitative Examples
[LqhorpRLIm] figure_9.jpg -> classified as: Other
  -> Skipping second pass (Other)
[LqhorpRLIm] figure_13.jpg -> classified as: Plots / Charts
[LqhorpRLIm] figure_2.jpg -> classified as: Architecture Diagram
[LqhorpRLIm] figure_11.jpg -> classified as: Qualitative Examples
[LqhorpRLIm] figure_3.jpg -> classified as: Qualitative Examples
[LqhorpRLIm] figure_4.jpg -> classified as: Qualitative Examples
[LqhorpRLIm] figure_1.jpg -> classified as: Architecture Diagram
[LqhorpRLIm] figure_8.jpg -> classified as: Qualitative Examples
[LqhorpRLIm] figure_12.jpg -> classified as: Qualitative Examples
[LqhorpRLIm] figure_10.jpg -> classified as: Qualitative Examples
[LsURkIPYR5] figure_5.jpg -> classified as: Qualitative Examples
[LsURkIPYR5] figure_6.jpg -> classified as: Plots / Charts
[LsURkIPYR5] figure_2.jpg -> classified as: Architecture Diagram
[LsURkIPYR5] figure_7.jpg -> classified as: Qualitative Examples
[LsURkIPYR5] figure_3.jpg -> classified as: Qualitative Examples
[LsURkIPYR5] figure_4.jpg -> classified as: Qualitative Examples
[LsURkIPYR5] figure_1.jpg -> classified as: Qualitative Examples
[Ltd1DTVjOM] figure_5.jpg -> classified as: Architecture Diagram
[Ltd1DTVjOM] figure_6.jpg -> classified as: Architecture Diagram
[Ltd1DTVjOM] figure_9.jpg -> classified as: Architecture Diagram
[Ltd1DTVjOM] figure_2.jpg -> classified as: Architecture Diagram
[Ltd1DTVjOM] figure_11.jpg -> classified as: Architecture Diagram
[Ltd1DTVjOM] figure_7.jpg -> classified as: Plots / Charts
[Ltd1DTVjOM] figure_3.jpg -> classified as: Architecture Diagram
[Ltd1DTVjOM] figure_4.jpg -> classified as: Architecture Diagram
[Ltd1DTVjOM] figure_1.jpg -> classified as: Architecture Diagram
[Ltd1DTVjOM] figure_8.jpg -> classified as: Architecture Diagram
[Ltd1DTVjOM] figure_10.jpg -> classified as: Architecture Diagram
[LuT2CVrlpU] figure_5.jpg -> classified as: Plots / Charts
[LuT2CVrlpU] figure_6.jpg -> classified as: Plots / Charts
[LuT2CVrlpU] figure_9.jpg -> classified as: Plots / Charts
[LuT2CVrlpU] figure_13.jpg -> classified as: Plots / Charts
[LuT2CVrlpU] figure_11.jpg -> classified as: Plots / Charts
[LuT2CVrlpU] figure_7.jpg -> classified as: Plots / Charts
[LuT2CVrlpU] figure_3.jpg -> classified as: Plots / Charts
[LuT2CVrlpU] figure_4.jpg -> classified as: Plots / Charts
[LuT2CVrlpU] figure_1.jpg -> classified as: Architecture Diagram
[LuT2CVrlpU] figure_12.jpg -> classified as: Plots / Charts
[LuT2CVrlpU] figure_(b)_Diversity_of.jpg -> classified as: Plots / Charts
[LuT2CVrlpU] figure_10.jpg -> classified as: Plots / Charts
[LuT2CVrlpU] figure_(a)_Volumetric_coverage.jpg -> classified as: Plots / Charts
[Luss2sa0vc] figure_5.jpg -> classified as: Qualitative Examples
[Luss2sa0vc] figure_6.jpg -> classified as: Qualitative Examples
[Luss2sa0vc] figure_2.jpg -> classified as: Qualitative Examples
[Luss2sa0vc] figure_7.jpg -> classified as: Qualitative Examples
[Luss2sa0vc] figure_3.jpg -> classified as: Architecture Diagram
[Luss2sa0vc] figure_4.jpg -> classified as: Qualitative Examples
[Luss2sa0vc] figure_1.jpg -> classified as: Architecture Diagram
[Luss2sa0vc] figure_8.jpg -> classified as: Qualitative Examples
[LvRQgsvd5V] figure_5.jpg -> classified as: Plots / Charts
[LvRQgsvd5V] figure_6.jpg -> classified as: Plots / Charts
[LvRQgsvd5V] figure_2.jpg -> classified as: Plots / Charts
[LvRQgsvd5V] figure_7.jpg -> classified as: Plots / Charts
[LvRQgsvd5V] figure_3.jpg -> classified as: Plots / Charts
[LvRQgsvd5V] figure_4.jpg -> classified as: Plots / Charts
[LvRQgsvd5V] figure_1.jpg -> classified as: Plots / Charts
[LvRQgsvd5V] figure_8.jpg -> classified as: Plots / Charts
[M0xK8nPGvt] figure_2.jpg -> classified as: Plots / Charts
[M0xK8nPGvt] figure_3.jpg -> classified as: Plots / Charts
[M1y9JAL7CP] figure_5.jpg -> classified as: Plots / Charts
[M1y9JAL7CP] figure_2.jpg -> classified as: Plots / Charts
[M1y9JAL7CP] figure_3.jpg -> classified as: Other
  -> Skipping second pass (Other)
[M1y9JAL7CP] figure_4.jpg -> classified as: Plots / Charts
[M1y9JAL7CP] figure_1.jpg -> classified as: Plots / Charts
[M2NFWRPMUd] figure_5.jpg -> classified as: Qualitative Examples
[M2NFWRPMUd] figure_6.jpg -> classified as: Qualitative Examples
[M2NFWRPMUd] figure_2.jpg -> classified as: Qualitative Examples
[M2NFWRPMUd] figure_B.jpg -> classified as: Plots / Charts
[M2NFWRPMUd] figure_7.jpg -> classified as: Qualitative Examples
[M2NFWRPMUd] figure_3.jpg -> classified as: Qualitative Examples
[M2NFWRPMUd] figure_4.jpg -> classified as: Qualitative Examples
[M2NFWRPMUd] figure_B_1.jpg -> classified as: Plots / Charts
[M2NFWRPMUd] figure_1.jpg -> classified as: Architecture Diagram
[M3QXCOTTk4] figure_19.jpg -> classified as: Plots / Charts
[M3QXCOTTk4] figure_23.jpg -> classified as: Plots / Charts
[M3QXCOTTk4] figure_24.jpg -> classified as: Plots / Charts
[M3QXCOTTk4] figure_5.jpg -> classified as: Plots / Charts
[M3QXCOTTk4] figure_6.jpg -> classified as: Architecture Diagram
[M3QXCOTTk4] figure_9.jpg -> classified as: Plots / Charts
[M3QXCOTTk4] figure_22.jpg -> classified as: Plots / Charts
[M3QXCOTTk4] figure_28.jpg -> classified as: Plots / Charts
[M3QXCOTTk4] figure_18.jpg -> classified as: Plots / Charts
[M3QXCOTTk4] figure_13.jpg -> classified as: Plots / Charts
[M3QXCOTTk4] figure_15.jpg -> classified as: Plots / Charts
[M3QXCOTTk4] figure_2.jpg -> classified as: Plots / Charts
[M3QXCOTTk4] figure_20.jpg -> classified as: Plots / Charts
[M3QXCOTTk4] figure_11.jpg -> classified as: Plots / Charts
[M3QXCOTTk4] figure_7.jpg -> classified as: Plots / Charts
[M3QXCOTTk4] figure_3.jpg -> classified as: Plots / Charts
[M3QXCOTTk4] figure_4.jpg -> classified as: Plots / Charts
[M3QXCOTTk4] figure_17.jpg -> classified as: Plots / Charts
[M3QXCOTTk4] figure_1.jpg -> classified as: Architecture Diagram
[M3QXCOTTk4] figure_27.jpg -> classified as: Plots / Charts
[M3QXCOTTk4] figure_8.jpg -> classified as: Plots / Charts
[M3QXCOTTk4] figure_12.jpg -> classified as: Plots / Charts
[M3QXCOTTk4] figure_25.jpg -> classified as: Plots / Charts
[M3QXCOTTk4] figure_21.jpg -> classified as: Plots / Charts
[M3QXCOTTk4] figure_26.jpg -> classified as: Plots / Charts
[M3QXCOTTk4] figure_14.jpg -> classified as: Plots / Charts
[M3QXCOTTk4] figure_16.jpg -> classified as: Plots / Charts
[M3QXCOTTk4] figure_10.jpg -> classified as: Plots / Charts
[M42KR4W9P5] figure_5.jpg -> classified as: Architecture Diagram
[M42KR4W9P5] figure_6.jpg -> classified as: Architecture Diagram
[M42KR4W9P5] figure_2.jpg -> classified as: Architecture Diagram
[M42KR4W9P5] figure_7.jpg -> classified as: Plots / Charts
[M42KR4W9P5] figure_3.jpg -> classified as: Architecture Diagram
[M42KR4W9P5] figure_4.jpg -> classified as: Architecture Diagram
[M42KR4W9P5] figure_1.jpg -> classified as: Architecture Diagram
[M6XWoEdmwf] figure_8_1.jpg -> classified as: Plots / Charts
[M6XWoEdmwf] figure_19.jpg -> classified as: Plots / Charts
[M6XWoEdmwf] figure_23.jpg -> classified as: Qualitative Examples
[M6XWoEdmwf] figure_29.jpg -> classified as: Plots / Charts
[M6XWoEdmwf] figure_24.jpg -> classified as: Plots / Charts
[M6XWoEdmwf] figure_5.jpg -> classified as: Plots / Charts
[M6XWoEdmwf] figure_6.jpg -> classified as: Plots / Charts
[M6XWoEdmwf] figure_9.jpg -> classified as: Plots / Charts
[M6XWoEdmwf] figure_22.jpg -> classified as: Plots / Charts
[M6XWoEdmwf] figure_28.jpg -> classified as: Plots / Charts
[M6XWoEdmwf] figure_18.jpg -> classified as: Plots / Charts
[M6XWoEdmwf] figure_13.jpg -> classified as: Plots / Charts
[M6XWoEdmwf] figure_15.jpg -> classified as: Plots / Charts
[M6XWoEdmwf] figure_2.jpg -> classified as: Architecture Diagram
[M6XWoEdmwf] figure_20.jpg -> classified as: Plots / Charts
[M6XWoEdmwf] figure_11.jpg -> classified as: Plots / Charts
[M6XWoEdmwf] figure_7.jpg -> classified as: Plots / Charts
[M6XWoEdmwf] figure_3.jpg -> classified as: Plots / Charts
[M6XWoEdmwf] figure_4.jpg -> classified as: Plots / Charts
[M6XWoEdmwf] figure_17.jpg -> classified as: Architecture Diagram
[M6XWoEdmwf] figure_7_1.jpg -> classified as: Plots / Charts
[M6XWoEdmwf] figure_1.jpg -> classified as: Architecture Diagram
[M6XWoEdmwf] figure_27.jpg -> classified as: Plots / Charts
[M6XWoEdmwf] figure_8.jpg -> classified as: Plots / Charts
[M6XWoEdmwf] figure_12.jpg -> classified as: Plots / Charts
[M6XWoEdmwf] figure_21.jpg -> classified as: Qualitative Examples
[M6XWoEdmwf] figure_26.jpg -> classified as: Plots / Charts
[M6XWoEdmwf] figure_14.jpg -> classified as: Plots / Charts
[M6XWoEdmwf] figure_16.jpg -> classified as: Architecture Diagram
[M6XWoEdmwf] figure_10.jpg -> classified as: Architecture Diagram
[M7KyLjuN0A] figure_6.jpg -> classified as: Qualitative Examples
[M7KyLjuN0A] figure_9.jpg -> classified as: Qualitative Examples
[M7KyLjuN0A] figure_18.jpg -> classified as: Qualitative Examples
[M7KyLjuN0A] figure_13.jpg -> classified as: Qualitative Examples
[M7KyLjuN0A] figure_15.jpg -> classified as: Qualitative Examples
[M7KyLjuN0A] figure_2.jpg -> classified as: Architecture Diagram
[M7KyLjuN0A] figure_11.jpg -> classified as: Qualitative Examples
[M7KyLjuN0A] figure_7.jpg -> classified as: Qualitative Examples
[M7KyLjuN0A] figure_3.jpg -> classified as: Architecture Diagram
[M7KyLjuN0A] figure_4.jpg -> classified as: Architecture Diagram
[M7KyLjuN0A] figure_17.jpg -> classified as: Qualitative Examples
[M7KyLjuN0A] figure_1.jpg -> classified as: Architecture Diagram
[M7KyLjuN0A] figure_8.jpg -> classified as: Qualitative Examples
[M7KyLjuN0A] figure_12.jpg -> classified as: Qualitative Examples
[M7KyLjuN0A] figure_14.jpg -> classified as: Qualitative Examples
[M7KyLjuN0A] figure_16.jpg -> classified as: Qualitative Examples
[M7KyLjuN0A] figure_10.jpg -> classified as: Qualitative Examples
[M8OGl34Pmg] figure_5.jpg -> classified as: Plots / Charts
[M8OGl34Pmg] figure_6.jpg -> classified as: Plots / Charts
[M8OGl34Pmg] figure_2.jpg -> classified as: Architecture Diagram
[M8OGl34Pmg] figure_7.jpg -> classified as: Qualitative Examples
[M8OGl34Pmg] figure_3.jpg -> classified as: Qualitative Examples
[M8OGl34Pmg] figure_4.jpg -> classified as: Plots / Charts
[M8OGl34Pmg] figure_1.jpg -> classified as: Architecture Diagram
[M992mjgKzI] figure_5.jpg -> classified as: Qualitative Examples
[M992mjgKzI] figure_6.jpg -> classified as: Qualitative Examples
[M992mjgKzI] figure_puzzle.jpg -> classified as: Architecture Diagram
[M992mjgKzI] figure_9.jpg -> classified as: Qualitative Examples
[M992mjgKzI] figure_2.jpg -> classified as: Plots / Charts
[M992mjgKzI] figure_7.jpg -> classified as: Qualitative Examples
[M992mjgKzI] figure_3.jpg -> classified as: Plots / Charts
[M992mjgKzI] figure_4.jpg -> classified as: Qualitative Examples
[M992mjgKzI] figure_powderworld.jpg -> classified as: Qualitative Examples
[M992mjgKzI] figure_1.jpg -> classified as: Qualitative Examples
[M992mjgKzI] figure_8.jpg -> classified as: Qualitative Examples
[M992mjgKzI] figure_10.jpg -> classified as: Qualitative Examples
[M9SAhECerP] figure_5.jpg -> classified as: Plots / Charts
[M9SAhECerP] figure_6.jpg -> classified as: Plots / Charts
[M9SAhECerP] figure_9.jpg -> classified as: Plots / Charts
[M9SAhECerP] figure_2.jpg -> classified as: Plots / Charts
[M9SAhECerP] figure_11.jpg -> classified as: Plots / Charts
[M9SAhECerP] figure_7.jpg -> classified as: Plots / Charts
[M9SAhECerP] figure_3.jpg -> classified as: Plots / Charts
[M9SAhECerP] figure_4.jpg -> classified as: Plots / Charts
[M9SAhECerP] figure_9_1.jpg -> classified as: Plots / Charts
[M9SAhECerP] figure_1.jpg -> classified as: Plots / Charts
[M9SAhECerP] figure_8.jpg -> classified as: Plots / Charts
[M9p2SIq0Oj] figure_5.jpg -> classified as: Plots / Charts
[M9p2SIq0Oj] figure_6.jpg -> classified as: Plots / Charts
[M9p2SIq0Oj] figure_9.jpg -> classified as: Plots / Charts
[M9p2SIq0Oj] figure_13.jpg -> classified as: Plots / Charts
[M9p2SIq0Oj] figure_15.jpg -> classified as: Plots / Charts
[M9p2SIq0Oj] figure_2.jpg -> classified as: Architecture Diagram
[M9p2SIq0Oj] figure_11.jpg -> classified as: Plots / Charts
[M9p2SIq0Oj] figure_7.jpg -> classified as: Qualitative Examples
[M9p2SIq0Oj] figure_3.jpg -> classified as: Architecture Diagram
[M9p2SIq0Oj] figure_4.jpg -> classified as: Plots / Charts
[M9p2SIq0Oj] figure_17.jpg -> classified as: Plots / Charts
[M9p2SIq0Oj] figure_1.jpg -> classified as: Architecture Diagram
[M9p2SIq0Oj] figure_8.jpg -> classified as: Qualitative Examples
[M9p2SIq0Oj] figure_12.jpg -> classified as: Plots / Charts
[M9p2SIq0Oj] figure_14.jpg -> classified as: Qualitative Examples
[M9p2SIq0Oj] figure_16.jpg -> classified as: Plots / Charts
[M9p2SIq0Oj] figure_10.jpg -> classified as: Plots / Charts
[MCHuGOkExF] figure_19.jpg -> classified as: Architecture Diagram
[MCHuGOkExF] figure_22.jpg -> classified as: Plots / Charts
[MCHuGOkExF] figure_18.jpg -> classified as: Plots / Charts
[MCHuGOkExF] figure_13.jpg -> classified as: Plots / Charts
[MCHuGOkExF] figure_15.jpg -> classified as: Plots / Charts
[MCHuGOkExF] figure_2.jpg -> classified as: Plots / Charts
[MCHuGOkExF] figure_11.jpg -> classified as: Plots / Charts
[MCHuGOkExF] figure_3.jpg -> classified as: Architecture Diagram
[MCHuGOkExF] figure_17.jpg -> classified as: Plots / Charts
[MCHuGOkExF] figure_1.jpg -> classified as: Architecture Diagram
[MCHuGOkExF] figure_12.jpg -> classified as: Plots / Charts
[MCHuGOkExF] figure_14.jpg -> classified as: Plots / Charts
[MCHuGOkExF] figure_16.jpg -> classified as: Plots / Charts
[MCl0TLboP1] figure_2.jpg -> classified as: Plots / Charts
[MCl0TLboP1] figure_3.jpg -> classified as: Plots / Charts
[MCl0TLboP1] figure_4.jpg -> classified as: Plots / Charts
[MCl0TLboP1] figure_1.jpg -> classified as: Architecture Diagram
[MFwYXa796v] figure_2.jpg -> classified as: Plots / Charts
[MFwYXa796v] figure_1.jpg -> classified as: Architecture Diagram
[MGZyUtaYUb] figure_30.jpg -> classified as: Plots / Charts
[MGZyUtaYUb] figure_19.jpg -> classified as: Plots / Charts
[MGZyUtaYUb] figure_23.jpg -> classified as: Plots / Charts
[MGZyUtaYUb] figure_29.jpg -> classified as: Plots / Charts
[MGZyUtaYUb] figure_24.jpg -> classified as: Qualitative Examples
[MGZyUtaYUb] figure_5.jpg -> classified as: Plots / Charts
[MGZyUtaYUb] figure_6.jpg -> classified as: Teaser Image
[MGZyUtaYUb] figure_9.jpg -> classified as: Plots / Charts
[MGZyUtaYUb] figure_22.jpg -> classified as: Plots / Charts
[MGZyUtaYUb] figure_28.jpg -> classified as: Plots / Charts
[MGZyUtaYUb] figure_18.jpg -> classified as: Plots / Charts
[MGZyUtaYUb] figure_13.jpg -> classified as: Architecture Diagram
[MGZyUtaYUb] figure_15.jpg -> classified as: Architecture Diagram
[MGZyUtaYUb] figure_2.jpg -> classified as: Architecture Diagram
[MGZyUtaYUb] figure_20.jpg -> classified as: Plots / Charts
[MGZyUtaYUb] figure_11.jpg -> classified as: Architecture Diagram
[MGZyUtaYUb] figure_7.jpg -> classified as: Teaser Image
[MGZyUtaYUb] figure_3.jpg -> classified as: Architecture Diagram
[MGZyUtaYUb] figure_4.jpg -> classified as: Plots / Charts
[MGZyUtaYUb] figure_17.jpg -> classified as: Plots / Charts
[MGZyUtaYUb] figure_1.jpg -> classified as: Architecture Diagram
[MGZyUtaYUb] figure_27.jpg -> classified as: Plots / Charts
[MGZyUtaYUb] figure_8.jpg -> classified as: Teaser Image
[MGZyUtaYUb] figure_12.jpg -> classified as: Plots / Charts
[MGZyUtaYUb] figure_25.jpg -> classified as: Plots / Charts
[MGZyUtaYUb] figure_21.jpg -> classified as: Plots / Charts
[MGZyUtaYUb] figure_26.jpg -> classified as: Plots / Charts
[MGZyUtaYUb] figure_14.jpg -> classified as: Architecture Diagram
[MGZyUtaYUb] figure_16.jpg -> classified as: Architecture Diagram
[MGZyUtaYUb] figure_10.jpg -> classified as: Plots / Charts
[MHP4jGMN2E] figure_Step_1__Detect.jpg -> classified as: Architecture Diagram
[MHP4jGMN2E] figure_Distribution_of_Bounding.jpg -> classified as: Plots / Charts
[MHP4jGMN2E] figure_5.jpg -> classified as: Plots / Charts
[MHP4jGMN2E] figure_2.jpg -> classified as: Other
  -> Skipping second pass (Other)
[MHP4jGMN2E] figure_3.jpg -> classified as: Plots / Charts
[MHP4jGMN2E] figure_1.jpg -> classified as: Architecture Diagram
[MJJcs3zbmi] figure_5.jpg -> classified as: Plots / Charts
[MJJcs3zbmi] figure_6.jpg -> classified as: Plots / Charts
[MJJcs3zbmi] figure_9.jpg -> classified as: Plots / Charts
[MJJcs3zbmi] figure_2.jpg -> classified as: Plots / Charts
[MJJcs3zbmi] figure_7.jpg -> classified as: Plots / Charts
[MJJcs3zbmi] figure_3.jpg -> classified as: Plots / Charts
[MJJcs3zbmi] figure_4.jpg -> classified as: Plots / Charts
[MJJcs3zbmi] figure_1.jpg -> classified as: Plots / Charts
[MJJcs3zbmi] figure_8.jpg -> classified as: Plots / Charts
[MJWJoICJQh] figure_5.jpg -> classified as: Qualitative Examples
[MJWJoICJQh] figure_6.jpg -> classified as: Plots / Charts
[MJWJoICJQh] figure_2.jpg -> classified as: Qualitative Examples
[MJWJoICJQh] figure_7.jpg -> classified as: Plots / Charts
[MJWJoICJQh] figure_3.jpg -> classified as: Qualitative Examples
[MJWJoICJQh] figure_4.jpg -> classified as: Plots / Charts
[MJWJoICJQh] figure_1.jpg -> classified as: Qualitative Examples
[MLvovAYjo7] figure_5.jpg -> classified as: Plots / Charts
[MLvovAYjo7] figure_6.jpg -> classified as: Plots / Charts
[MLvovAYjo7] figure_9.jpg -> classified as: Plots / Charts
[MLvovAYjo7] figure_2.jpg -> classified as: Plots / Charts
[MLvovAYjo7] figure_7.jpg -> classified as: Plots / Charts
[MLvovAYjo7] figure_3.jpg -> classified as: Architecture Diagram
[MLvovAYjo7] figure_4.jpg -> classified as: Plots / Charts
[MLvovAYjo7] figure_1.jpg -> classified as: Architecture Diagram
[MLvovAYjo7] figure_8.jpg -> classified as: Plots / Charts
[MNyOI3C7YB] figure_5.jpg -> classified as: Plots / Charts
[MNyOI3C7YB] figure_6.jpg -> classified as: Plots / Charts
[MNyOI3C7YB] figure_9.jpg -> classified as: Plots / Charts
[MNyOI3C7YB] figure_13.jpg -> classified as: Plots / Charts
[MNyOI3C7YB] figure_2.jpg -> classified as: Plots / Charts
[MNyOI3C7YB] figure_11.jpg -> classified as: Plots / Charts
[MNyOI3C7YB] figure_7.jpg -> classified as: Plots / Charts
[MNyOI3C7YB] figure_3.jpg -> classified as: Plots / Charts
[MNyOI3C7YB] figure_4.jpg -> classified as: Plots / Charts
[MNyOI3C7YB] figure_1.jpg -> classified as: Architecture Diagram
[MNyOI3C7YB] figure_8.jpg -> classified as: Plots / Charts
[MNyOI3C7YB] figure_12.jpg -> classified as: Plots / Charts
[MNyOI3C7YB] figure_10.jpg -> classified as: Plots / Charts
[MOmqfJovQ6] figure_5.jpg -> classified as: Plots / Charts
[MOmqfJovQ6] figure_2.jpg -> classified as: Plots / Charts
[MOmqfJovQ6] figure_3.jpg -> classified as: Plots / Charts
[MOmqfJovQ6] figure_4.jpg -> classified as: Plots / Charts
[MOmqfJovQ6] figure_1.jpg -> classified as: Plots / Charts
[MRYyOaNxh3] figure_19.jpg -> classified as: Plots / Charts
[MRYyOaNxh3] figure_23.jpg -> classified as: Plots / Charts
[MRYyOaNxh3] figure_24.jpg -> classified as: Plots / Charts
[MRYyOaNxh3] figure_5.jpg -> classified as: Plots / Charts
[MRYyOaNxh3] figure_6.jpg -> classified as: Plots / Charts
[MRYyOaNxh3] figure_9.jpg -> classified as: Plots / Charts
[MRYyOaNxh3] figure_22.jpg -> classified as: Plots / Charts
[MRYyOaNxh3] figure_18.jpg -> classified as: Plots / Charts
[MRYyOaNxh3] figure_13.jpg -> classified as: Plots / Charts
[MRYyOaNxh3] figure_15.jpg -> classified as: Plots / Charts
[MRYyOaNxh3] figure_2.jpg -> classified as: Architecture Diagram
[MRYyOaNxh3] figure_20.jpg -> classified as: Plots / Charts
[MRYyOaNxh3] figure_11.jpg -> classified as: Plots / Charts
[MRYyOaNxh3] figure_7.jpg -> classified as: Plots / Charts
[MRYyOaNxh3] figure_3.jpg -> classified as: Plots / Charts
[MRYyOaNxh3] figure_4.jpg -> classified as: Architecture Diagram
[MRYyOaNxh3] figure_17.jpg -> classified as: Plots / Charts
[MRYyOaNxh3] figure_1.jpg -> classified as: Plots / Charts
[MRYyOaNxh3] figure_8.jpg -> classified as: Plots / Charts
[MRYyOaNxh3] figure_12.jpg -> classified as: Plots / Charts
[MRYyOaNxh3] figure_21.jpg -> classified as: Plots / Charts
[MRYyOaNxh3] figure_14.jpg -> classified as: Plots / Charts
[MRYyOaNxh3] figure_16.jpg -> classified as: Plots / Charts
[MRYyOaNxh3] figure_10.jpg -> classified as: Plots / Charts
[MSe8YFbhUE] figure_19.jpg -> classified as: Plots / Charts
[MSe8YFbhUE] figure_5.jpg -> classified as: Other
  -> Skipping second pass (Other)
[MSe8YFbhUE] figure_6.jpg -> classified as: Plots / Charts
[MSe8YFbhUE] figure_9.jpg -> classified as: Plots / Charts
[MSe8YFbhUE] figure_18.jpg -> classified as: Plots / Charts
[MSe8YFbhUE] figure_13.jpg -> classified as: Plots / Charts
[MSe8YFbhUE] figure_15.jpg -> classified as: Plots / Charts
[MSe8YFbhUE] figure_2.jpg -> classified as: Plots / Charts
[MSe8YFbhUE] figure_20.jpg -> classified as: Plots / Charts
[MSe8YFbhUE] figure_11.jpg -> classified as: Plots / Charts
[MSe8YFbhUE] figure_7.jpg -> classified as: Plots / Charts
[MSe8YFbhUE] figure_3.jpg -> classified as: Plots / Charts
[MSe8YFbhUE] figure_4.jpg -> classified as: Plots / Charts
[MSe8YFbhUE] figure_17.jpg -> classified as: Plots / Charts
[MSe8YFbhUE] figure_1.jpg -> classified as: Plots / Charts
[MSe8YFbhUE] figure_8.jpg -> classified as: Plots / Charts
[MSe8YFbhUE] figure_12.jpg -> classified as: Plots / Charts
[MSe8YFbhUE] figure_21.jpg -> classified as: Plots / Charts
[MSe8YFbhUE] figure_14.jpg -> classified as: Plots / Charts
[MSe8YFbhUE] figure_16.jpg -> classified as: Plots / Charts
[MSe8YFbhUE] figure_10.jpg -> classified as: Plots / Charts
[MTcgsz1SHr] figure_2.jpg -> classified as: Architecture Diagram
[MTcgsz1SHr] figure_3.jpg -> classified as: Plots / Charts
[MTcgsz1SHr] figure_1.jpg -> classified as: Architecture Diagram
[MWHIIWrWWu] figure_5.jpg -> classified as: Plots / Charts
[MWHIIWrWWu] figure_6.jpg -> classified as: Qualitative Examples
[MWHIIWrWWu] figure_9.jpg -> classified as: Plots / Charts
[MWHIIWrWWu] figure_2.jpg -> classified as: Architecture Diagram
[MWHIIWrWWu] figure_11.jpg -> classified as: Qualitative Examples
[MWHIIWrWWu] figure_7.jpg -> classified as: Qualitative Examples
[MWHIIWrWWu] figure_3.jpg -> classified as: Qualitative Examples
[MWHIIWrWWu] figure_4.jpg -> classified as: Qualitative Examples
[MWHIIWrWWu] figure_1.jpg -> classified as: Qualitative Examples
[MWHIIWrWWu] figure_8.jpg -> classified as: Plots / Charts
[MWHIIWrWWu] figure_10.jpg -> classified as: Plots / Charts
[MZzlUyU2ih] figure_5.jpg -> classified as: Qualitative Examples
[MZzlUyU2ih] figure_6.jpg -> classified as: Qualitative Examples
[MZzlUyU2ih] figure_9.jpg -> classified as: Qualitative Examples
[MZzlUyU2ih] figure_13.jpg -> classified as: Qualitative Examples
[MZzlUyU2ih] figure_2.jpg -> classified as: Architecture Diagram
[MZzlUyU2ih] figure_11.jpg -> classified as: Qualitative Examples
[MZzlUyU2ih] figure_7.jpg -> classified as: Qualitative Examples
[MZzlUyU2ih] figure_3.jpg -> classified as: Architecture Diagram
[MZzlUyU2ih] figure_4.jpg -> classified as: Qualitative Examples
[MZzlUyU2ih] figure_1.jpg -> classified as: Architecture Diagram
[MZzlUyU2ih] figure_8.jpg -> classified as: Plots / Charts
[MZzlUyU2ih] figure_12.jpg -> classified as: Qualitative Examples
[MZzlUyU2ih] figure_14.jpg -> classified as: Qualitative Examples
[MZzlUyU2ih] figure_10.jpg -> classified as: Architecture Diagram
[MbK0Vs5lFI] figure_5.jpg -> classified as: Plots / Charts
[MbK0Vs5lFI] figure_6.jpg -> classified as: Plots / Charts
[MbK0Vs5lFI] figure_2.jpg -> classified as: Plots / Charts
[MbK0Vs5lFI] figure_7.jpg -> classified as: Plots / Charts
[MbK0Vs5lFI] figure_3.jpg -> classified as: Plots / Charts
[MbK0Vs5lFI] figure_1.jpg -> classified as: Architecture Diagram
[MdidZNQxqK] figure_A.jpg -> classified as: Architecture Diagram
[MdidZNQxqK] figure_E.jpg -> classified as: Architecture Diagram
[MdidZNQxqK] figure_G.jpg -> classified as: Plots / Charts
[Mhb5fpA1T0] figure_5.jpg -> classified as: Architecture Diagram
[Mhb5fpA1T0] figure_6.jpg -> classified as: Plots / Charts
[Mhb5fpA1T0] figure_9.jpg -> classified as: Qualitative Examples
[Mhb5fpA1T0] figure_Input_text__gray.jpg -> classified as: Qualitative Examples
[Mhb5fpA1T0] figure_2.jpg -> classified as: Architecture Diagram
[Mhb5fpA1T0] figure_7.jpg -> classified as: Architecture Diagram
[Mhb5fpA1T0] figure_3.jpg -> classified as: Architecture Diagram
[Mhb5fpA1T0] figure_4.jpg -> classified as: Qualitative Examples
[Mhb5fpA1T0] figure_Input_text__small_1.jpg -> classified as: Qualitative Examples
[Mhb5fpA1T0] figure_1.jpg -> classified as: Qualitative Examples
[Mhb5fpA1T0] figure_8.jpg -> classified as: Qualitative Examples
[Mhb5fpA1T0] figure_12.jpg -> classified as: Plots / Charts
[Mhb5fpA1T0] figure_Input_text__small.jpg -> classified as: Qualitative Examples
[Mhb5fpA1T0] figure_10.jpg -> classified as: Architecture Diagram
[Mjn53GtMxi] figure_5.jpg -> classified as: Architecture Diagram
[Mjn53GtMxi] figure_6.jpg -> classified as: Qualitative Examples
[Mjn53GtMxi] figure_2.jpg -> classified as: Plots / Charts
[Mjn53GtMxi] figure_7.jpg -> classified as: Architecture Diagram
[Mjn53GtMxi] figure_3.jpg -> classified as: Plots / Charts
[Mjn53GtMxi] figure_4.jpg -> classified as: Plots / Charts
[Mjn53GtMxi] figure_1.jpg -> classified as: Architecture Diagram
[Mjn53GtMxi] figure_8.jpg -> classified as: Qualitative Examples
[Mjn53GtMxi] figure_10.jpg -> classified as: Plots / Charts
[MmOQY71YHw] figure_5.jpg -> classified as: Qualitative Examples
[MmOQY71YHw] figure_6.jpg -> classified as: Qualitative Examples
[MmOQY71YHw] figure_2.jpg -> classified as: Architecture Diagram
[MmOQY71YHw] figure_3.jpg -> classified as: Architecture Diagram
[MmOQY71YHw] figure_4.jpg -> classified as: Architecture Diagram
[MmOQY71YHw] figure_1.jpg -> classified as: Architecture Diagram
[MpA6HMD7Wq] figure_5.jpg -> classified as: Plots / Charts
[MpA6HMD7Wq] figure_6.jpg -> classified as: Plots / Charts
[MpA6HMD7Wq] figure_2.jpg -> classified as: Plots / Charts
[MpA6HMD7Wq] figure_3.jpg -> classified as: Plots / Charts
[MpA6HMD7Wq] figure_4.jpg -> classified as: Plots / Charts
[MpA6HMD7Wq] figure_1.jpg -> classified as: Architecture Diagram
[MpyFAhH9CK] figure_5.jpg -> classified as: Architecture Diagram
[MpyFAhH9CK] figure_6.jpg -> classified as: Plots / Charts
[MpyFAhH9CK] figure_9.jpg -> classified as: Plots / Charts
[MpyFAhH9CK] figure_2.jpg -> classified as: Architecture Diagram
[MpyFAhH9CK] figure_11.jpg -> classified as: Plots / Charts
[MpyFAhH9CK] figure_7.jpg -> classified as: Qualitative Examples
[MpyFAhH9CK] figure_3.jpg -> classified as: Architecture Diagram
[MpyFAhH9CK] figure_4.jpg -> classified as: Qualitative Examples
[MpyFAhH9CK] figure_1.jpg -> classified as: Qualitative Examples
[MpyFAhH9CK] figure_8.jpg -> classified as: Architecture Diagram
[MpyFAhH9CK] figure_12.jpg -> classified as: Plots / Charts
[MpyFAhH9CK] figure_10.jpg -> classified as: Qualitative Examples
[MtjPIDWyWK] figure_2.jpg -> classified as: Architecture Diagram
[MtjPIDWyWK] figure_3.jpg -> classified as: Plots / Charts
[MtjPIDWyWK] figure_1.jpg -> classified as: Architecture Diagram
[MtzHEqqUm0] figure_2.jpg -> classified as: Plots / Charts
[MtzHEqqUm0] figure_3.jpg -> classified as: Plots / Charts
[MtzHEqqUm0] figure_1.jpg -> classified as: Architecture Diagram
[MueN6LyTmS] figure_5.jpg -> classified as: Plots / Charts
[MueN6LyTmS] figure_6.jpg -> classified as: Qualitative Examples
[MueN6LyTmS] figure_9.jpg -> classified as: Plots / Charts
[MueN6LyTmS] figure_13.jpg -> classified as: Qualitative Examples
[MueN6LyTmS] figure_2.jpg -> classified as: Architecture Diagram
[MueN6LyTmS] figure_11.jpg -> classified as: Plots / Charts
[MueN6LyTmS] figure_7.jpg -> classified as: Plots / Charts
[MueN6LyTmS] figure_3.jpg -> classified as: Qualitative Examples
[MueN6LyTmS] figure_4.jpg -> classified as: Plots / Charts
[MueN6LyTmS] figure_1.jpg -> classified as: Architecture Diagram
[MueN6LyTmS] figure_8.jpg -> classified as: Plots / Charts
[MueN6LyTmS] figure_12.jpg -> classified as: Plots / Charts
[MueN6LyTmS] figure_10.jpg -> classified as: Architecture Diagram
[Mvn48u0ehO] figure_3.jpg -> classified as: Qualitative Examples
[Mvn48u0ehO] figure_4.jpg -> classified as: Plots / Charts
[Mvn48u0ehO] figure_1.jpg -> classified as: Architecture Diagram
[N0I2RtD8je] figure_5.jpg -> classified as: Plots / Charts
[N0I2RtD8je] figure_6.jpg -> classified as: Plots / Charts
[N0I2RtD8je] figure_2.jpg -> classified as: Plots / Charts
[N0I2RtD8je] figure_7.jpg -> classified as: Plots / Charts
[N0I2RtD8je] figure_3.jpg -> classified as: Qualitative Examples
[N0I2RtD8je] figure_4.jpg -> classified as: Plots / Charts
[N0I2RtD8je] figure_1.jpg -> classified as: Qualitative Examples
[N0I2RtD8je] figure_8.jpg -> classified as: Plots / Charts
[N4NhVN30ph] figure_5.jpg -> classified as: Plots / Charts
[N4NhVN30ph] figure_6.jpg -> classified as: Plots / Charts
[N4NhVN30ph] figure_9.jpg -> classified as: Plots / Charts
[N4NhVN30ph] figure_2.jpg -> classified as: Architecture Diagram
[N4NhVN30ph] figure_11.jpg -> classified as: Qualitative Examples
[N4NhVN30ph] figure_7.jpg -> classified as: Plots / Charts
[N4NhVN30ph] figure_3.jpg -> classified as: Plots / Charts
[N4NhVN30ph] figure_4.jpg -> classified as: Plots / Charts
[N4NhVN30ph] figure_1.jpg -> classified as: Architecture Diagram
[N4NhVN30ph] figure_8.jpg -> classified as: Plots / Charts
[N4NhVN30ph] figure_D_ACTION_CORRELATION.jpg -> classified as: Plots / Charts
[N4NhVN30ph] figure_10.jpg -> classified as: Other
  -> Skipping second pass (Other)
[N581Nje6fH] figure_5.jpg -> classified as: Plots / Charts
[N581Nje6fH] figure_6.jpg -> classified as: Plots / Charts
[N581Nje6fH] figure_9.jpg -> classified as: Plots / Charts
[N581Nje6fH] figure_2.jpg -> classified as: Qualitative Examples
[N581Nje6fH] figure_7.jpg -> classified as: Architecture Diagram
[N581Nje6fH] figure_3.jpg -> classified as: Plots / Charts
[N581Nje6fH] figure_4.jpg -> classified as: Qualitative Examples
[N581Nje6fH] figure_1.jpg -> classified as: Architecture Diagram
[N581Nje6fH] figure_8.jpg -> classified as: Plots / Charts
[N6o0ZtPzTg] figure_19.jpg -> classified as: Plots / Charts
[N6o0ZtPzTg] figure_23.jpg -> classified as: Plots / Charts
[N6o0ZtPzTg] figure_24.jpg -> classified as: Plots / Charts
[N6o0ZtPzTg] figure_5.jpg -> classified as: Plots / Charts
[N6o0ZtPzTg] figure_6.jpg -> classified as: Plots / Charts
[N6o0ZtPzTg] figure_9.jpg -> classified as: Architecture Diagram
[N6o0ZtPzTg] figure_22.jpg -> classified as: Plots / Charts
[N6o0ZtPzTg] figure_18.jpg -> classified as: Plots / Charts
[N6o0ZtPzTg] figure_13.jpg -> classified as: Architecture Diagram
[N6o0ZtPzTg] figure_15.jpg -> classified as: Architecture Diagram
[N6o0ZtPzTg] figure_2.jpg -> classified as: Architecture Diagram
[N6o0ZtPzTg] figure_20.jpg -> classified as: Plots / Charts
[N6o0ZtPzTg] figure_11.jpg -> classified as: Architecture Diagram
[N6o0ZtPzTg] figure_7.jpg -> classified as: Architecture Diagram
[N6o0ZtPzTg] figure_3.jpg -> classified as: Architecture Diagram
[N6o0ZtPzTg] figure_4.jpg -> classified as: Architecture Diagram
[N6o0ZtPzTg] figure_17.jpg -> classified as: Architecture Diagram
[N6o0ZtPzTg] figure_8.jpg -> classified as: Architecture Diagram
[N6o0ZtPzTg] figure_12.jpg -> classified as: Architecture Diagram
[N6o0ZtPzTg] figure_25.jpg -> classified as: Plots / Charts
[N6o0ZtPzTg] figure_21.jpg -> classified as: Plots / Charts
[N6o0ZtPzTg] figure_26.jpg -> classified as: Plots / Charts
[N6o0ZtPzTg] figure_14.jpg -> classified as: Architecture Diagram
[N6o0ZtPzTg] figure_16.jpg -> classified as: Architecture Diagram
[N6o0ZtPzTg] figure_10.jpg -> classified as: Architecture Diagram
[NALkteEo9Q] figure_5.jpg -> classified as: Plots / Charts
[NALkteEo9Q] figure_6.jpg -> classified as: Plots / Charts
[NALkteEo9Q] figure_9.jpg -> classified as: Plots / Charts
[NALkteEo9Q] figure_2.jpg -> classified as: Plots / Charts
[NALkteEo9Q] figure_11.jpg -> classified as: Plots / Charts
[NALkteEo9Q] figure_7.jpg -> classified as: Plots / Charts
[NALkteEo9Q] figure_3.jpg -> classified as: Architecture Diagram
[NALkteEo9Q] figure_4.jpg -> classified as: Plots / Charts
[NALkteEo9Q] figure_1.jpg -> classified as: Architecture Diagram
[NALkteEo9Q] figure_8.jpg -> classified as: Plots / Charts
[NALkteEo9Q] figure_10.jpg -> classified as: Plots / Charts
[NEu8wgPctU] figure_6.jpg -> classified as: Qualitative Examples
[NEu8wgPctU] figure_9.jpg -> classified as: Qualitative Examples
[NEu8wgPctU] figure_2.jpg -> classified as: Architecture Diagram
[NEu8wgPctU] figure_7.jpg -> classified as: Qualitative Examples
[NEu8wgPctU] figure_3.jpg -> classified as: Plots / Charts
[NEu8wgPctU] figure_4.jpg -> classified as: Plots / Charts
[NEu8wgPctU] figure_1.jpg -> classified as: Plots / Charts
[NEu8wgPctU] figure_8.jpg -> classified as: Qualitative Examples
[NEu8wgPctU] figure_10.jpg -> classified as: Qualitative Examples
[NGVljI6HkR] figure_5.jpg -> classified as: Plots / Charts
[NGVljI6HkR] figure_9.jpg -> classified as: Plots / Charts
[NGVljI6HkR] figure_2.jpg -> classified as: Architecture Diagram
[NGVljI6HkR] figure_11.jpg -> classified as: Plots / Charts
[NGVljI6HkR] figure_7.jpg -> classified as: Plots / Charts
[NGVljI6HkR] figure_3.jpg -> classified as: Plots / Charts
[NGVljI6HkR] figure_4.jpg -> classified as: Plots / Charts
[NGVljI6HkR] figure_1.jpg -> classified as: Architecture Diagram
[NGVljI6HkR] figure_8.jpg -> classified as: Plots / Charts
[NGVljI6HkR] figure_12.jpg -> classified as: Plots / Charts
[NGVljI6HkR] figure_10.jpg -> classified as: Plots / Charts
[NHMuM84tRT] figure_5.jpg -> classified as: Architecture Diagram
[NHMuM84tRT] figure_6.jpg -> classified as: Plots / Charts
[NHMuM84tRT] figure_9.jpg -> classified as: Plots / Charts
[NHMuM84tRT] figure_2.jpg -> classified as: Plots / Charts
[NHMuM84tRT] figure_11.jpg -> classified as: Plots / Charts
[NHMuM84tRT] figure_7.jpg -> classified as: Plots / Charts
[NHMuM84tRT] figure_3.jpg -> classified as: Plots / Charts
[NHMuM84tRT] figure_4.jpg -> classified as: Architecture Diagram
[NHMuM84tRT] figure_1.jpg -> classified as: Architecture Diagram
[NHMuM84tRT] figure_8.jpg -> classified as: Qualitative Examples
[NHMuM84tRT] figure_12.jpg -> classified as: Plots / Charts
[NHMuM84tRT] figure_10.jpg -> classified as: Plots / Charts
[NIhRwzqhUz] figure_2.jpg -> classified as: Plots / Charts
[NIhRwzqhUz] figure_3.jpg -> classified as: Plots / Charts
[NIhRwzqhUz] figure_1.jpg -> classified as: Architecture Diagram
[NLevOah0CJ] figure_5.jpg -> classified as: Plots / Charts
[NLevOah0CJ] figure_6.jpg -> classified as: Plots / Charts
[NLevOah0CJ] figure_2.jpg -> classified as: Plots / Charts
[NLevOah0CJ] figure_7.jpg -> classified as: Plots / Charts
[NLevOah0CJ] figure_3.jpg -> classified as: Plots / Charts
[NLevOah0CJ] figure_4.jpg -> classified as: Plots / Charts
[NLevOah0CJ] figure_1.jpg -> classified as: Architecture Diagram
[NLevOah0CJ] figure_8.jpg -> classified as: Qualitative Examples
[NO6Tv6QcDs] figure_5.jpg -> classified as: Plots / Charts
[NO6Tv6QcDs] figure_6.jpg -> classified as: Plots / Charts
[NO6Tv6QcDs] figure_2.jpg -> classified as: Plots / Charts
[NO6Tv6QcDs] figure_7.jpg -> classified as: Plots / Charts
[NO6Tv6QcDs] figure_3.jpg -> classified as: Plots / Charts
[NO6Tv6QcDs] figure_4.jpg -> classified as: Plots / Charts
[NO6Tv6QcDs] figure_1.jpg -> classified as: Plots / Charts
[NO6Tv6QcDs] figure_8.jpg -> classified as: Plots / Charts
[NY3HzOOL3u] figure_5.jpg -> classified as: Qualitative Examples
[NY3HzOOL3u] figure_6.jpg -> classified as: Qualitative Examples
[NY3HzOOL3u] figure_2.jpg -> classified as: Architecture Diagram
[NY3HzOOL3u] figure_7.jpg -> classified as: Plots / Charts
[NY3HzOOL3u] figure_3.jpg -> classified as: Plots / Charts
[NY3HzOOL3u] figure_4.jpg -> classified as: Plots / Charts
[NY3HzOOL3u] figure_1.jpg -> classified as: Architecture Diagram
[NYN1b8GRGS] figure_5.jpg -> classified as: Qualitative Examples
[NYN1b8GRGS] figure_6.jpg -> classified as: Qualitative Examples
[NYN1b8GRGS] figure_9.jpg -> classified as: Qualitative Examples
[NYN1b8GRGS] figure_2.jpg -> classified as: Architecture Diagram
[NYN1b8GRGS] figure_3.jpg -> classified as: Qualitative Examples
[NYN1b8GRGS] figure_4.jpg -> classified as: Qualitative Examples
[NYN1b8GRGS] figure_1.jpg -> classified as: Plots / Charts
[NYN1b8GRGS] figure_8.jpg -> classified as: Qualitative Examples
[NdcQQ82mfy] figure_2.jpg -> classified as: Plots / Charts
[NdcQQ82mfy] figure_1.jpg -> classified as: Architecture Diagram
[Nf4Lm6fXN8] figure_5.jpg -> classified as: Plots / Charts
[Nf4Lm6fXN8] figure_6.jpg -> classified as: Plots / Charts
[Nf4Lm6fXN8] figure_2.jpg -> classified as: Qualitative Examples
[Nf4Lm6fXN8] figure_7.jpg -> classified as: Plots / Charts
[Nf4Lm6fXN8] figure_3.jpg -> classified as: Plots / Charts
[Nf4Lm6fXN8] figure_4.jpg -> classified as: Plots / Charts
[Nf4Lm6fXN8] figure_1.jpg -> classified as: Architecture Diagram
[Nf4Lm6fXN8] figure_8.jpg -> classified as: Plots / Charts
[Ng7OYC3PT8] figure_5.jpg -> classified as: Plots / Charts
[Ng7OYC3PT8] figure_6.jpg -> classified as: Plots / Charts
[Ng7OYC3PT8] figure_9.jpg -> classified as: Plots / Charts
[Ng7OYC3PT8] figure_13.jpg -> classified as: Plots / Charts
[Ng7OYC3PT8] figure_2.jpg -> classified as: Architecture Diagram
[Ng7OYC3PT8] figure_11.jpg -> classified as: Plots / Charts
[Ng7OYC3PT8] figure_7.jpg -> classified as: Plots / Charts
[Ng7OYC3PT8] figure_3.jpg -> classified as: Plots / Charts
[Ng7OYC3PT8] figure_4.jpg -> classified as: Plots / Charts
[Ng7OYC3PT8] figure_1.jpg -> classified as: Plots / Charts
[Ng7OYC3PT8] figure_8.jpg -> classified as: Plots / Charts
[Ng7OYC3PT8] figure_12.jpg -> classified as: Plots / Charts
[Ng7OYC3PT8] figure_10.jpg -> classified as: Plots / Charts
[NiefAhgJqH] figure_5.jpg -> classified as: Architecture Diagram
[NiefAhgJqH] figure_6.jpg -> classified as: Architecture Diagram
[NiefAhgJqH] figure_9.jpg -> classified as: Architecture Diagram
[NiefAhgJqH] figure_2.jpg -> classified as: Plots / Charts
[NiefAhgJqH] figure_11.jpg -> classified as: Plots / Charts
[NiefAhgJqH] figure_7.jpg -> classified as: Architecture Diagram
[NiefAhgJqH] figure_3.jpg -> classified as: Architecture Diagram
[NiefAhgJqH] figure_4.jpg -> classified as: Architecture Diagram
[NiefAhgJqH] figure_1.jpg -> classified as: Plots / Charts
[NiefAhgJqH] figure_8.jpg -> classified as: Plots / Charts
[NiefAhgJqH] figure_12.jpg -> classified as: Plots / Charts
[NiefAhgJqH] figure_10.jpg -> classified as: Plots / Charts
[NkYCuGM7E2] figure_5.jpg -> classified as: Architecture Diagram
[NkYCuGM7E2] figure_6.jpg -> classified as: Architecture Diagram
[NkYCuGM7E2] figure_2.jpg -> classified as: Architecture Diagram
[NkYCuGM7E2] figure_7.jpg -> classified as: Qualitative Examples
[NkYCuGM7E2] figure_3.jpg -> classified as: Architecture Diagram
[NkYCuGM7E2] figure_4.jpg -> classified as: Qualitative Examples
[NkYCuGM7E2] figure_1.jpg -> classified as: Architecture Diagram
[NlBuWEJCug] figure_5.jpg -> classified as: Architecture Diagram
[NlBuWEJCug] figure_6.jpg -> classified as: Plots / Charts
[NlBuWEJCug] figure_9.jpg -> classified as: Plots / Charts
[NlBuWEJCug] figure_2.jpg -> classified as: Architecture Diagram
[NlBuWEJCug] figure_7.jpg -> classified as: Plots / Charts
[NlBuWEJCug] figure_3.jpg -> classified as: Qualitative Examples
[NlBuWEJCug] figure_4.jpg -> classified as: Qualitative Examples
[NlBuWEJCug] figure_1.jpg -> classified as: Qualitative Examples
[NlBuWEJCug] figure_8.jpg -> classified as: Qualitative Examples
[NnwDdPDwUq] figure_5.jpg -> classified as: Plots / Charts
[NnwDdPDwUq] figure_6.jpg -> classified as: Plots / Charts
[NnwDdPDwUq] figure_9.jpg -> classified as: Plots / Charts
[NnwDdPDwUq] figure_2.jpg -> classified as: Plots / Charts
[NnwDdPDwUq] figure_7.jpg -> classified as: Plots / Charts
[NnwDdPDwUq] figure_3.jpg -> classified as: Plots / Charts
[NnwDdPDwUq] figure_4.jpg -> classified as: Plots / Charts
[NnwDdPDwUq] figure_1.jpg -> classified as: Architecture Diagram
[NnwDdPDwUq] figure_8.jpg -> classified as: Plots / Charts
[Nq45xeghcL] figure_5.jpg -> classified as: Plots / Charts
[Nq45xeghcL] figure_6.jpg -> classified as: Plots / Charts
[Nq45xeghcL] figure_9.jpg -> classified as: Plots / Charts
[Nq45xeghcL] figure_2.jpg -> classified as: Qualitative Examples
[Nq45xeghcL] figure_11.jpg -> classified as: Plots / Charts
[Nq45xeghcL] figure_7.jpg -> classified as: Plots / Charts
[Nq45xeghcL] figure_3.jpg -> classified as: Plots / Charts
[Nq45xeghcL] figure_4.jpg -> classified as: Plots / Charts
[Nq45xeghcL] figure_1.jpg -> classified as: Architecture Diagram
[Nq45xeghcL] figure_8.jpg -> classified as: Plots / Charts
[Nq45xeghcL] figure_10.jpg -> classified as: Plots / Charts
[Nqir5R4ACn] figure_5.jpg -> classified as: Plots / Charts
[Nqir5R4ACn] figure_6.jpg -> classified as: Plots / Charts
[Nqir5R4ACn] figure_2.jpg -> classified as: Plots / Charts
[Nqir5R4ACn] figure_3.jpg -> classified as: Plots / Charts
[Nqir5R4ACn] figure_4.jpg -> classified as: Plots / Charts
[Nqir5R4ACn] figure_1.jpg -> classified as: Qualitative Examples
[NxoFmGgWC9] figure_“go_slide_the.jpg -> classified as: Qualitative Examples
[NxoFmGgWC9] figure_5.jpg -> classified as: Qualitative Examples
[NxoFmGgWC9] figure_9.jpg -> classified as: Qualitative Examples
[NxoFmGgWC9] figure_“grasp_the_blue.jpg -> classified as: Qualitative Examples
[NxoFmGgWC9] figure_2.jpg -> classified as: Architecture Diagram
[NxoFmGgWC9] figure_11.jpg -> classified as: Qualitative Examples
[NxoFmGgWC9] figure_7.jpg -> classified as: Plots / Charts
[NxoFmGgWC9] figure_4.jpg -> classified as: Qualitative Examples
[NxoFmGgWC9] figure_1.jpg -> classified as: Architecture Diagram
[NxoFmGgWC9] figure_8.jpg -> classified as: Qualitative Examples
[NxoFmGgWC9] figure_12.jpg -> classified as: Qualitative Examples
[NxoFmGgWC9] figure_10.jpg -> classified as: Qualitative Examples
[NxyfSW6mLK] figure_19.jpg -> classified as: Plots / Charts
[NxyfSW6mLK] figure_5.jpg -> classified as: Plots / Charts
[NxyfSW6mLK] figure_6.jpg -> classified as: Plots / Charts
[NxyfSW6mLK] figure_9.jpg -> classified as: Plots / Charts
[NxyfSW6mLK] figure_13.jpg -> classified as: Plots / Charts
[NxyfSW6mLK] figure_15.jpg -> classified as: Plots / Charts
[NxyfSW6mLK] figure_2.jpg -> classified as: Architecture Diagram
[NxyfSW6mLK] figure_11.jpg -> classified as: Plots / Charts
[NxyfSW6mLK] figure_7.jpg -> classified as: Plots / Charts
[NxyfSW6mLK] figure_3.jpg -> classified as: Architecture Diagram
[NxyfSW6mLK] figure_4.jpg -> classified as: Plots / Charts
[NxyfSW6mLK] figure_17.jpg -> classified as: Plots / Charts
[NxyfSW6mLK] figure_1.jpg -> classified as: Plots / Charts
[NxyfSW6mLK] figure_8.jpg -> classified as: Architecture Diagram
[NxyfSW6mLK] figure_12.jpg -> classified as: Plots / Charts
[NxyfSW6mLK] figure_14.jpg -> classified as: Plots / Charts
[NxyfSW6mLK] figure_16.jpg -> classified as: Plots / Charts
[NxyfSW6mLK] figure_10.jpg -> classified as: Plots / Charts
[O0sQ9CPzai] figure_2.jpg -> classified as: Plots / Charts
[O0sQ9CPzai] figure_3.jpg -> classified as: Plots / Charts
[O0sQ9CPzai] figure_4.jpg -> classified as: Plots / Charts
[O0sQ9CPzai] figure_1.jpg -> classified as: Architecture Diagram
[O0z4mkjl7i] figure_5.jpg -> classified as: Plots / Charts
[O0z4mkjl7i] figure_6.jpg -> classified as: Plots / Charts
[O0z4mkjl7i] figure_2.jpg -> classified as: Plots / Charts
[O0z4mkjl7i] figure_7.jpg -> classified as: Plots / Charts
[O0z4mkjl7i] figure_3.jpg -> classified as: Plots / Charts
[O0z4mkjl7i] figure_4.jpg -> classified as: Plots / Charts
[O0z4mkjl7i] figure_1.jpg -> classified as: Architecture Diagram
[O0z4mkjl7i] figure_8.jpg -> classified as: Plots / Charts
[OATPSB5JK1] figure_5.jpg -> classified as: Plots / Charts
[OATPSB5JK1] figure_6.jpg -> classified as: Plots / Charts
[OATPSB5JK1] figure_9.jpg -> classified as: Plots / Charts
[OATPSB5JK1] figure_11.jpg -> classified as: Plots / Charts
[OATPSB5JK1] figure_7.jpg -> classified as: Qualitative Examples
[OATPSB5JK1] figure_3.jpg -> classified as: Qualitative Examples
[OATPSB5JK1] figure_4.jpg -> classified as: Qualitative Examples
[OATPSB5JK1] figure_1.jpg -> classified as: Architecture Diagram
[OATPSB5JK1] figure_8.jpg -> classified as: Plots / Charts
[OATPSB5JK1] figure_12.jpg -> classified as: Qualitative Examples
[OATPSB5JK1] figure_10.jpg -> classified as: Plots / Charts
[OCd3cffulp] figure_5.jpg -> classified as: Plots / Charts
[OCd3cffulp] figure_6.jpg -> classified as: Plots / Charts
[OCd3cffulp] figure_2.jpg -> classified as: Plots / Charts
[OCd3cffulp] figure_7.jpg -> classified as: Plots / Charts
[OCd3cffulp] figure_3.jpg -> classified as: Plots / Charts
[OCd3cffulp] figure_4.jpg -> classified as: Plots / Charts
[OCd3cffulp] figure_1.jpg -> classified as: Architecture Diagram
[OI3RoHoWAN] figure_5.jpg -> classified as: Other
  -> Skipping second pass (Other)
[OI3RoHoWAN] figure_6.jpg -> classified as: Plots / Charts
[OI3RoHoWAN] figure_9.jpg -> classified as: Plots / Charts
[OI3RoHoWAN] figure_13.jpg -> classified as: Qualitative Examples
[OI3RoHoWAN] figure_2.jpg -> classified as: Architecture Diagram
[OI3RoHoWAN] figure_11.jpg -> classified as: Architecture Diagram
[OI3RoHoWAN] figure_7.jpg -> classified as: Plots / Charts
[OI3RoHoWAN] figure_3.jpg -> classified as: Qualitative Examples
[OI3RoHoWAN] figure_1.jpg -> classified as: Qualitative Examples
[OI3RoHoWAN] figure_12.jpg -> classified as: Qualitative Examples
[OI3RoHoWAN] figure_Build-Wheel__“place_the.jpg -> classified as: Qualitative Examples
[OI3RoHoWAN] figure_14.jpg -> classified as: Qualitative Examples
[OI3RoHoWAN] figure_10.jpg -> classified as: Qualitative Examples
[OIvg3MqWX2] figure_5.jpg -> classified as: Plots / Charts
[OIvg3MqWX2] figure_6.jpg -> classified as: Architecture Diagram
[OIvg3MqWX2] figure_9.jpg -> classified as: Architecture Diagram
[OIvg3MqWX2] figure_2.jpg -> classified as: Architecture Diagram
[OIvg3MqWX2] figure_7.jpg -> classified as: Other
  -> Skipping second pass (Other)
[OIvg3MqWX2] figure_3.jpg -> classified as: Architecture Diagram
[OIvg3MqWX2] figure_4.jpg -> classified as: Architecture Diagram
[OIvg3MqWX2] figure_1.jpg -> classified as: Plots / Charts
[OIvg3MqWX2] figure_8.jpg -> classified as: Architecture Diagram
[OIvg3MqWX2] figure_10.jpg -> classified as: Architecture Diagram
[OMVFYTgj0H] figure_2.jpg -> classified as: Plots / Charts
[OMVFYTgj0H] figure_3.jpg -> classified as: Plots / Charts
[OMVFYTgj0H] figure_1.jpg -> classified as: Plots / Charts
[OMwD6pGYB4] figure_5.jpg -> classified as: Plots / Charts
[OMwD6pGYB4] figure_6.jpg -> classified as: Qualitative Examples
[OMwD6pGYB4] figure_9.jpg -> classified as: Plots / Charts
[OMwD6pGYB4] figure_2.jpg -> classified as: Architecture Diagram
[OMwD6pGYB4] figure_7.jpg -> classified as: Plots / Charts
[OMwD6pGYB4] figure_3.jpg -> classified as: Plots / Charts
[OMwD6pGYB4] figure_4.jpg -> classified as: Plots / Charts
[OMwD6pGYB4] figure_1.jpg -> classified as: Architecture Diagram
[OMwD6pGYB4] figure_8.jpg -> classified as: Plots / Charts
[OTFKVkxSlL] figure_5.jpg -> classified as: Plots / Charts
[OTFKVkxSlL] figure_6.jpg -> classified as: Plots / Charts
[OTFKVkxSlL] figure_9.jpg -> classified as: Plots / Charts
[OTFKVkxSlL] figure_2.jpg -> classified as: Architecture Diagram
[OTFKVkxSlL] figure_7.jpg -> classified as: Plots / Charts
[OTFKVkxSlL] figure_3.jpg -> classified as: Qualitative Examples
[OTFKVkxSlL] figure_4.jpg -> classified as: Plots / Charts
[OTFKVkxSlL] figure_1.jpg -> classified as: Qualitative Examples
[OTFKVkxSlL] figure_8.jpg -> classified as: Plots / Charts
[OTFKVkxSlL] figure_10.jpg -> classified as: Plots / Charts
[OUkZXbbwQr] figure_5.jpg -> classified as: Plots / Charts
[OUkZXbbwQr] figure_6.jpg -> classified as: Plots / Charts
[OUkZXbbwQr] figure_2.jpg -> classified as: Plots / Charts
[OUkZXbbwQr] figure_3.jpg -> classified as: Plots / Charts
[OUkZXbbwQr] figure_4.jpg -> classified as: Plots / Charts
[OUkZXbbwQr] figure_1.jpg -> classified as: Architecture Diagram
[OWpp0TjdTt] figure_2.jpg -> classified as: Plots / Charts
[OWpp0TjdTt] figure_1.jpg -> classified as: Plots / Charts
[OZ3NXrF3gQ] figure_2.jpg -> classified as: Qualitative Examples
[OZ3NXrF3gQ] figure_3.jpg -> classified as: Qualitative Examples
[OZ3NXrF3gQ] figure_4.jpg -> classified as: Architecture Diagram
[OZ3NXrF3gQ] figure_1.jpg -> classified as: Architecture Diagram
[OZ3NXrF3gQ] figure_Listing_3__HL_Simon.jpg -> classified as: Other
  -> Skipping second pass (Other)
[OZ3syNYe7D] figure_19.jpg -> classified as: Qualitative Examples
[OZ3syNYe7D] figure_5.jpg -> classified as: Plots / Charts
[OZ3syNYe7D] figure_6.jpg -> classified as: Plots / Charts
[OZ3syNYe7D] figure_igure_15__Successful.jpg -> classified as: Qualitative Examples
[OZ3syNYe7D] figure_9.jpg -> classified as: Plots / Charts
[OZ3syNYe7D] figure_18.jpg -> classified as: Qualitative Examples
[OZ3syNYe7D] figure_13.jpg -> classified as: Qualitative Examples
[OZ3syNYe7D] figure_2.jpg -> classified as: Qualitative Examples
[OZ3syNYe7D] figure_20.jpg -> classified as: Qualitative Examples
[OZ3syNYe7D] figure_11.jpg -> classified as: Qualitative Examples
[OZ3syNYe7D] figure_7.jpg -> classified as: Plots / Charts
[OZ3syNYe7D] figure_3.jpg -> classified as: Plots / Charts
[OZ3syNYe7D] figure_4.jpg -> classified as: Plots / Charts
[OZ3syNYe7D] figure_17.jpg -> classified as: Qualitative Examples
[OZ3syNYe7D] figure_1.jpg -> classified as: Architecture Diagram
[OZ3syNYe7D] figure_8.jpg -> classified as: Plots / Charts
[OZ3syNYe7D] figure_12.jpg -> classified as: Qualitative Examples
[OZ3syNYe7D] figure_21.jpg -> classified as: Qualitative Examples
[OZ3syNYe7D] figure_14.jpg -> classified as: Qualitative Examples
[OZ3syNYe7D] figure_16.jpg -> classified as: Qualitative Examples
[OZ3syNYe7D] figure_10.jpg -> classified as: Plots / Charts
[OdMqKszKSd] figure_5.jpg -> classified as: Qualitative Examples
[OdMqKszKSd] figure_6.jpg -> classified as: Architecture Diagram
[OdMqKszKSd] figure_9.jpg -> classified as: Qualitative Examples
[OdMqKszKSd] figure_2.jpg -> classified as: Architecture Diagram
[OdMqKszKSd] figure_11.jpg -> classified as: Qualitative Examples
[OdMqKszKSd] figure_7.jpg -> classified as: Other
  -> Skipping second pass (Other)
[OdMqKszKSd] figure_3.jpg -> classified as: Other
  -> Skipping second pass (Other)
[OdMqKszKSd] figure_4.jpg -> classified as: Qualitative Examples
[OdMqKszKSd] figure_1.jpg -> classified as: Architecture Diagram
[OdMqKszKSd] figure_8.jpg -> classified as: Other
  -> Skipping second pass (Other)
[OdMqKszKSd] figure_12.jpg -> classified as: Qualitative Examples
[OdMqKszKSd] figure_10.jpg -> classified as: Qualitative Examples
[OhUoTMxFIH] figure_30.jpg -> classified as: Architecture Diagram
[OhUoTMxFIH] figure_19.jpg -> classified as: Architecture Diagram
[OhUoTMxFIH] figure_23.jpg -> classified as: Architecture Diagram
[OhUoTMxFIH] figure_29.jpg -> classified as: Architecture Diagram
[OhUoTMxFIH] figure_5.jpg -> classified as: Plots / Charts
[OhUoTMxFIH] figure_6.jpg -> classified as: Plots / Charts
[OhUoTMxFIH] figure_Listing_2__Example.jpg -> classified as: Other
  -> Skipping second pass (Other)
[OhUoTMxFIH] figure_9.jpg -> classified as: Other
  -> Skipping second pass (Other)
[OhUoTMxFIH] figure_22.jpg -> classified as: Architecture Diagram
[OhUoTMxFIH] figure_18.jpg -> classified as: Architecture Diagram
[OhUoTMxFIH] figure_13.jpg -> classified as: Architecture Diagram
[OhUoTMxFIH] figure_15.jpg -> classified as: Architecture Diagram
[OhUoTMxFIH] figure_2.jpg -> classified as: Architecture Diagram
[OhUoTMxFIH] figure_38.jpg -> classified as: Architecture Diagram
[OhUoTMxFIH] figure_20.jpg -> classified as: Architecture Diagram
[OhUoTMxFIH] figure_11.jpg -> classified as: Architecture Diagram
[OhUoTMxFIH] figure_35.jpg -> classified as: Architecture Diagram
[OhUoTMxFIH] figure_7.jpg -> classified as: Plots / Charts
[OhUoTMxFIH] figure_34.jpg -> classified as: Architecture Diagram
[OhUoTMxFIH] figure_3.jpg -> classified as: Plots / Charts
[OhUoTMxFIH] figure_33.jpg -> classified as: Architecture Diagram
[OhUoTMxFIH] figure_4.jpg -> classified as: Plots / Charts
[OhUoTMxFIH] figure_36.jpg -> classified as: Architecture Diagram
[OhUoTMxFIH] figure_40.jpg -> classified as: Architecture Diagram
[OhUoTMxFIH] figure_31.jpg -> classified as: Architecture Diagram
[OhUoTMxFIH] figure_17.jpg -> classified as: Architecture Diagram
[OhUoTMxFIH] figure_41.jpg -> classified as: Qualitative Examples
[OhUoTMxFIH] figure_1.jpg -> classified as: Architecture Diagram
[OhUoTMxFIH] figure_27.jpg -> classified as: Architecture Diagram
[OhUoTMxFIH] figure_37.jpg -> classified as: Architecture Diagram
[OhUoTMxFIH] figure_8.jpg -> classified as: Other
  -> Skipping second pass (Other)
[OhUoTMxFIH] figure_12.jpg -> classified as: Architecture Diagram
[OhUoTMxFIH] figure_25.jpg -> classified as: Architecture Diagram
[OhUoTMxFIH] figure_21.jpg -> classified as: Architecture Diagram
[OhUoTMxFIH] figure_26.jpg -> classified as: Architecture Diagram
[OhUoTMxFIH] figure_14.jpg -> classified as: Architecture Diagram
[OhUoTMxFIH] figure_32.jpg -> classified as: Architecture Diagram
[OhUoTMxFIH] figure_10.jpg -> classified as: Other
  -> Skipping second pass (Other)
[OheAR2xrtb] figure_5.jpg -> classified as: Plots / Charts
[OheAR2xrtb] figure_6.jpg -> classified as: Plots / Charts
[OheAR2xrtb] figure_2.jpg -> classified as: Architecture Diagram
[OheAR2xrtb] figure_3.jpg -> classified as: Architecture Diagram
[OheAR2xrtb] figure_4.jpg -> classified as: Qualitative Examples
[OheAR2xrtb] figure_1.jpg -> classified as: Plots / Charts
[OjAU0LLDbe] figure_1.jpg -> classified as: Architecture Diagram
[Ok7ZH2Cyd7] figure_5.jpg -> classified as: Plots / Charts
[Ok7ZH2Cyd7] figure_2.jpg -> classified as: Plots / Charts
[Ok7ZH2Cyd7] figure_3.jpg -> classified as: Plots / Charts
[Ok7ZH2Cyd7] figure_4.jpg -> classified as: Plots / Charts
[Ok7ZH2Cyd7] figure_1.jpg -> classified as: Plots / Charts
[OlytBskWjc] figure_S1.jpg -> classified as: Plots / Charts
[OlytBskWjc] figure_S2.jpg -> classified as: Plots / Charts
[OlytBskWjc] figure_S6.jpg -> classified as: Plots / Charts
[OlytBskWjc] figure_2.jpg -> classified as: Plots / Charts
[OlytBskWjc] figure_S5.jpg -> classified as: Qualitative Examples
[OlytBskWjc] figure_S4.jpg -> classified as: Plots / Charts
[OlytBskWjc] figure_1.jpg -> classified as: Qualitative Examples
[OlytBskWjc] figure_(a)_GradeIF_performance.jpg -> classified as: Plots / Charts
[OlytBskWjc] figure_S3.jpg -> classified as: Architecture Diagram
[OqTMUPuLuC] figure_5.jpg -> classified as: Plots / Charts
[OqTMUPuLuC] figure_6.jpg -> classified as: Plots / Charts
[OqTMUPuLuC] figure_5-lane_2.5_density.jpg -> classified as: Qualitative Examples
[OqTMUPuLuC] figure_9.jpg -> classified as: Architecture Diagram
[OqTMUPuLuC] figure_13.jpg -> classified as: Qualitative Examples
[OqTMUPuLuC] figure_2.jpg -> classified as: Architecture Diagram
[OqTMUPuLuC] figure_11.jpg -> classified as: Qualitative Examples
[OqTMUPuLuC] figure_7.jpg -> classified as: Architecture Diagram
[OqTMUPuLuC] figure_3.jpg -> classified as: Architecture Diagram
[OqTMUPuLuC] figure_4.jpg -> classified as: Architecture Diagram
[OqTMUPuLuC] figure_1.jpg -> classified as: Architecture Diagram
[OqTMUPuLuC] figure_12.jpg -> classified as: Plots / Charts
[OqTMUPuLuC] figure_10.jpg -> classified as: Qualitative Examples
[OuYCW4ACDl] figure_2.jpg -> classified as: Plots / Charts
[OuYCW4ACDl] figure_3.jpg -> classified as: Plots / Charts
[OuYCW4ACDl] figure_4.jpg -> classified as: Plots / Charts
[OuYCW4ACDl] figure_1.jpg -> classified as: Architecture Diagram
[Ouu3HnIVBc] figure_6.jpg -> classified as: Architecture Diagram
[Ouu3HnIVBc] figure_9.jpg -> classified as: Plots / Charts
[Ouu3HnIVBc] figure_2.jpg -> classified as: Architecture Diagram
[Ouu3HnIVBc] figure_11.jpg -> classified as: Other
  -> Skipping second pass (Other)
[Ouu3HnIVBc] figure_7.jpg -> classified as: Architecture Diagram
[Ouu3HnIVBc] figure_3.jpg -> classified as: Architecture Diagram
[Ouu3HnIVBc] figure_4.jpg -> classified as: Architecture Diagram
[Ouu3HnIVBc] figure_1.jpg -> classified as: Plots / Charts
[Ouu3HnIVBc] figure_8.jpg -> classified as: Plots / Charts
[Ouu3HnIVBc] figure_10.jpg -> classified as: Other
  -> Skipping second pass (Other)
[OvU9u6wS2J] figure_1.jpg -> classified as: Plots / Charts
[OvlcyABNQT] figure_5.jpg -> classified as: Plots / Charts
[OvlcyABNQT] figure_6.jpg -> classified as: Plots / Charts
[OvlcyABNQT] figure_2.jpg -> classified as: Plots / Charts
[OvlcyABNQT] figure_3.jpg -> classified as: Plots / Charts
[OvlcyABNQT] figure_4.jpg -> classified as: Plots / Charts
[OvlcyABNQT] figure_1.jpg -> classified as: Plots / Charts
[OwtMhMSybu] figure_19.jpg -> classified as: Plots / Charts
[OwtMhMSybu] figure_23.jpg -> classified as: Plots / Charts
[OwtMhMSybu] figure_24.jpg -> classified as: Plots / Charts
[OwtMhMSybu] figure_5.jpg -> classified as: Plots / Charts
[OwtMhMSybu] figure_6.jpg -> classified as: Plots / Charts
[OwtMhMSybu] figure_9.jpg -> classified as: Plots / Charts
[OwtMhMSybu] figure_22.jpg -> classified as: Plots / Charts
[OwtMhMSybu] figure_18.jpg -> classified as: Plots / Charts
[OwtMhMSybu] figure_13.jpg -> classified as: Qualitative Examples
[OwtMhMSybu] figure_15.jpg -> classified as: Architecture Diagram
[OwtMhMSybu] figure_2.jpg -> classified as: Architecture Diagram
[OwtMhMSybu] figure_20.jpg -> classified as: Plots / Charts
[OwtMhMSybu] figure_11.jpg -> classified as: Plots / Charts
[OwtMhMSybu] figure_7.jpg -> classified as: Plots / Charts
[OwtMhMSybu] figure_3.jpg -> classified as: Plots / Charts
[OwtMhMSybu] figure_4.jpg -> classified as: Plots / Charts
[OwtMhMSybu] figure_17.jpg -> classified as: Plots / Charts
[OwtMhMSybu] figure_1.jpg -> classified as: Plots / Charts
[OwtMhMSybu] figure_8.jpg -> classified as: Plots / Charts
[OwtMhMSybu] figure_12.jpg -> classified as: Plots / Charts
[OwtMhMSybu] figure_25.jpg -> classified as: Plots / Charts
[OwtMhMSybu] figure_21.jpg -> classified as: Plots / Charts
[OwtMhMSybu] figure_14.jpg -> classified as: Plots / Charts
[OwtMhMSybu] figure_16.jpg -> classified as: Qualitative Examples
[OwtMhMSybu] figure_10.jpg -> classified as: Plots / Charts
[Oxh5CstDJU] figure_19.jpg -> classified as: Plots / Charts
[Oxh5CstDJU] figure_5.jpg -> classified as: Plots / Charts
[Oxh5CstDJU] figure_6.jpg -> classified as: Plots / Charts
[Oxh5CstDJU] figure_9.jpg -> classified as: Plots / Charts
[Oxh5CstDJU] figure_18.jpg -> classified as: Plots / Charts
[Oxh5CstDJU] figure_13.jpg -> classified as: Plots / Charts
[Oxh5CstDJU] figure_15.jpg -> classified as: Plots / Charts
[Oxh5CstDJU] figure_2.jpg -> classified as: Qualitative Examples
[Oxh5CstDJU] figure_20.jpg -> classified as: Plots / Charts
[Oxh5CstDJU] figure_11.jpg -> classified as: Plots / Charts
[Oxh5CstDJU] figure_7.jpg -> classified as: Plots / Charts
[Oxh5CstDJU] figure_3.jpg -> classified as: Architecture Diagram
[Oxh5CstDJU] figure_4.jpg -> classified as: Plots / Charts
[Oxh5CstDJU] figure_17.jpg -> classified as: Plots / Charts
[Oxh5CstDJU] figure_1.jpg -> classified as: Plots / Charts
[Oxh5CstDJU] figure_8.jpg -> classified as: Plots / Charts
[Oxh5CstDJU] figure_12.jpg -> classified as: Plots / Charts
[Oxh5CstDJU] figure_21.jpg -> classified as: Plots / Charts
[Oxh5CstDJU] figure_14.jpg -> classified as: Plots / Charts
[Oxh5CstDJU] figure_16.jpg -> classified as: Plots / Charts
[Oxh5CstDJU] figure_10.jpg -> classified as: Qualitative Examples
[OyyE1FDdrQ] figure_5.jpg -> classified as: Plots / Charts
[OyyE1FDdrQ] figure_6.jpg -> classified as: Plots / Charts
[OyyE1FDdrQ] figure_IQL_Learning_Curves.jpg -> classified as: Plots / Charts
[OyyE1FDdrQ] figure_9.jpg -> classified as: Plots / Charts
[OyyE1FDdrQ] figure_18.jpg -> classified as: Plots / Charts
[OyyE1FDdrQ] figure_13.jpg -> classified as: Plots / Charts
[OyyE1FDdrQ] figure_15.jpg -> classified as: Plots / Charts
[OyyE1FDdrQ] figure_2.jpg -> classified as: Plots / Charts
[OyyE1FDdrQ] figure_20.jpg -> classified as: Plots / Charts
[OyyE1FDdrQ] figure_11.jpg -> classified as: Plots / Charts
[OyyE1FDdrQ] figure_7.jpg -> classified as: Plots / Charts
[OyyE1FDdrQ] figure_3.jpg -> classified as: Plots / Charts
[OyyE1FDdrQ] figure_4.jpg -> classified as: Plots / Charts
[OyyE1FDdrQ] figure_TAWAC_Learning_Curves.jpg -> classified as: Plots / Charts
[OyyE1FDdrQ] figure_1.jpg -> classified as: Plots / Charts
[OyyE1FDdrQ] figure_8.jpg -> classified as: Plots / Charts
[OyyE1FDdrQ] figure_12.jpg -> classified as: Plots / Charts
[OyyE1FDdrQ] figure_14.jpg -> classified as: Plots / Charts
[OyyE1FDdrQ] figure_16.jpg -> classified as: Plots / Charts
[P15CHILQlg] figure_5.jpg -> classified as: Plots / Charts
[P15CHILQlg] figure_6.jpg -> classified as: Plots / Charts
[P15CHILQlg] figure_9.jpg -> classified as: Plots / Charts
[P15CHILQlg] figure_13.jpg -> classified as: Plots / Charts
[P15CHILQlg] figure_2.jpg -> classified as: Architecture Diagram
[P15CHILQlg] figure_11.jpg -> classified as: Plots / Charts
[P15CHILQlg] figure_7.jpg -> classified as: Plots / Charts
[P15CHILQlg] figure_3.jpg -> classified as: Plots / Charts
[P15CHILQlg] figure_4.jpg -> classified as: Plots / Charts
[P15CHILQlg] figure_1.jpg -> classified as: Plots / Charts
[P15CHILQlg] figure_8.jpg -> classified as: Plots / Charts
[P15CHILQlg] figure_12.jpg -> classified as: Plots / Charts
[P15CHILQlg] figure_10.jpg -> classified as: Plots / Charts
[P24cWJzMmB] figure_2.jpg -> classified as: Plots / Charts
[P24cWJzMmB] figure_3.jpg -> classified as: Plots / Charts
[P24cWJzMmB] figure_4.jpg -> classified as: Plots / Charts
[P24cWJzMmB] figure_1.jpg -> classified as: Plots / Charts
[P775MtcEEc] figure_5.jpg -> classified as: Plots / Charts
[P775MtcEEc] figure_6.jpg -> classified as: Plots / Charts
[P775MtcEEc] figure_9.jpg -> classified as: Plots / Charts
[P775MtcEEc] figure_2.jpg -> classified as: Plots / Charts
[P775MtcEEc] figure_11.jpg -> classified as: Plots / Charts
[P775MtcEEc] figure_7.jpg -> classified as: Plots / Charts
[P775MtcEEc] figure_3.jpg -> classified as: Plots / Charts
[P775MtcEEc] figure_4.jpg -> classified as: Plots / Charts
[P775MtcEEc] figure_1.jpg -> classified as: Architecture Diagram
[P775MtcEEc] figure_12.jpg -> classified as: Plots / Charts
[P7t2niLbvw] figure_5.jpg -> classified as: Plots / Charts
[P7t2niLbvw] figure_6.jpg -> classified as: Plots / Charts
[P7t2niLbvw] figure_2.jpg -> classified as: Plots / Charts
[P7t2niLbvw] figure_7.jpg -> classified as: Plots / Charts
[P7t2niLbvw] figure_3.jpg -> classified as: Plots / Charts
[P7t2niLbvw] figure_4.jpg -> classified as: Plots / Charts
[P7t2niLbvw] figure_1.jpg -> classified as: Architecture Diagram
[P7t2niLbvw] figure_8.jpg -> classified as: Plots / Charts
[P895PSh41Z] figure_2.jpg -> classified as: Plots / Charts
[P895PSh41Z] figure_1.jpg -> classified as: Architecture Diagram
[P8pqeEkn1H] figure_5.jpg -> classified as: Qualitative Examples
[P8pqeEkn1H] figure_6.jpg -> classified as: Plots / Charts
[P8pqeEkn1H] figure_18.jpg -> classified as: Qualitative Examples
[P8pqeEkn1H] figure_13.jpg -> classified as: Plots / Charts
[P8pqeEkn1H] figure_15.jpg -> classified as: Qualitative Examples
[P8pqeEkn1H] figure_2.jpg -> classified as: Qualitative Examples
[P8pqeEkn1H] figure_11.jpg -> classified as: Qualitative Examples
[P8pqeEkn1H] figure_7.jpg -> classified as: Plots / Charts
[P8pqeEkn1H] figure_3.jpg -> classified as: Architecture Diagram
[P8pqeEkn1H] figure_4.jpg -> classified as: Qualitative Examples
[P8pqeEkn1H] figure_Figs._8,9,10,11_provide.jpg -> classified as: Qualitative Examples
[P8pqeEkn1H] figure_17.jpg -> classified as: Qualitative Examples
[P8pqeEkn1H] figure_1.jpg -> classified as: Qualitative Examples
[P8pqeEkn1H] figure_8.jpg -> classified as: Qualitative Examples
[P8pqeEkn1H] figure_12.jpg -> classified as: Qualitative Examples
[P8pqeEkn1H] figure_14.jpg -> classified as: Qualitative Examples
[P8pqeEkn1H] figure_16.jpg -> classified as: Plots / Charts
[P8pqeEkn1H] figure_10.jpg -> classified as: Qualitative Examples
[PDgZ3rvqHn] figure_5.jpg -> classified as: Plots / Charts
[PDgZ3rvqHn] figure_2.jpg -> classified as: Architecture Diagram
[PDgZ3rvqHn] figure_3.jpg -> classified as: Plots / Charts
[PDgZ3rvqHn] figure_4.jpg -> classified as: Plots / Charts
[PDgZ3rvqHn] figure_1.jpg -> classified as: Architecture Diagram
[PDtMrogheZ] figure_5.jpg -> classified as: Plots / Charts
[PDtMrogheZ] figure_6.jpg -> classified as: Qualitative Examples
[PDtMrogheZ] figure_9.jpg -> classified as: Plots / Charts
[PDtMrogheZ] figure_2.jpg -> classified as: Plots / Charts
[PDtMrogheZ] figure_7.jpg -> classified as: Plots / Charts
[PDtMrogheZ] figure_3.jpg -> classified as: Plots / Charts
[PDtMrogheZ] figure_4.jpg -> classified as: Plots / Charts
[PDtMrogheZ] figure_1.jpg -> classified as: Architecture Diagram
[PDtMrogheZ] figure_8.jpg -> classified as: Plots / Charts
[PIl69UIAWL] figure_5.jpg -> classified as: Plots / Charts
[PIl69UIAWL] figure_6.jpg -> classified as: Architecture Diagram
[PIl69UIAWL] figure_2.jpg -> classified as: Architecture Diagram
[PIl69UIAWL] figure_3.jpg -> classified as: Qualitative Examples
[PIl69UIAWL] figure_4.jpg -> classified as: Plots / Charts
[PIl69UIAWL] figure_1.jpg -> classified as: Architecture Diagram
[PJVUWpPnZC] figure_S1.jpg -> classified as: Architecture Diagram
[PJVUWpPnZC] figure_S2.jpg -> classified as: Plots / Charts
[PJVUWpPnZC] figure_2.jpg -> classified as: Architecture Diagram
[PJVUWpPnZC] figure_S5.jpg -> classified as: Plots / Charts
[PJVUWpPnZC] figure_3.jpg -> classified as: Plots / Charts
[PJVUWpPnZC] figure_S4.jpg -> classified as: Plots / Charts
[PJVUWpPnZC] figure_1.jpg -> classified as: Architecture Diagram
[PJVUWpPnZC] figure_S3.jpg -> classified as: Plots / Charts
[PNMv4r7s1i] figure_5.jpg -> classified as: Plots / Charts
[PNMv4r7s1i] figure_6.jpg -> classified as: Plots / Charts
[PNMv4r7s1i] figure_9.jpg -> classified as: Plots / Charts
[PNMv4r7s1i] figure_13.jpg -> classified as: Plots / Charts
[PNMv4r7s1i] figure_2.jpg -> classified as: Architecture Diagram
[PNMv4r7s1i] figure_11.jpg -> classified as: Plots / Charts
[PNMv4r7s1i] figure_7.jpg -> classified as: Plots / Charts
[PNMv4r7s1i] figure_3.jpg -> classified as: Plots / Charts
[PNMv4r7s1i] figure_4.jpg -> classified as: Plots / Charts
[PNMv4r7s1i] figure_1.jpg -> classified as: Plots / Charts
[PNMv4r7s1i] figure_8.jpg -> classified as: Plots / Charts
[PNMv4r7s1i] figure_12.jpg -> classified as: Plots / Charts
[PNMv4r7s1i] figure_14.jpg -> classified as: Plots / Charts
[PNMv4r7s1i] figure_10.jpg -> classified as: Plots / Charts
[PR6RMsxuW7] figure_5.jpg -> classified as: Plots / Charts
[PR6RMsxuW7] figure_6.jpg -> classified as: Plots / Charts
[PR6RMsxuW7] figure_9.jpg -> classified as: Architecture Diagram
[PR6RMsxuW7] figure_2.jpg -> classified as: Architecture Diagram
[PR6RMsxuW7] figure_11.jpg -> classified as: Architecture Diagram
[PR6RMsxuW7] figure_7.jpg -> classified as: Qualitative Examples
[PR6RMsxuW7] figure_3.jpg -> classified as: Architecture Diagram
[PR6RMsxuW7] figure_4.jpg -> classified as: Plots / Charts
[PR6RMsxuW7] figure_1.jpg -> classified as: Architecture Diagram
[PR6RMsxuW7] figure_8.jpg -> classified as: Architecture Diagram
[PR6RMsxuW7] figure_12.jpg -> classified as: Architecture Diagram
[PR6RMsxuW7] figure_10.jpg -> classified as: Architecture Diagram
[PVGS8UZ6GX] figure_5.jpg -> classified as: Plots / Charts
[PVGS8UZ6GX] figure_6.jpg -> classified as: Plots / Charts
[PVGS8UZ6GX] figure_10x10_Data_Efficiency.jpg -> classified as: Plots / Charts
[PVGS8UZ6GX] figure_9.jpg -> classified as: Plots / Charts
[PVGS8UZ6GX] figure_13.jpg -> classified as: Qualitative Examples
[PVGS8UZ6GX] figure_2.jpg -> classified as: Plots / Charts
[PVGS8UZ6GX] figure_11.jpg -> classified as: Qualitative Examples
[PVGS8UZ6GX] figure_5x5_Data_Efficiency.jpg -> classified as: Plots / Charts
[PVGS8UZ6GX] figure_7.jpg -> classified as: Plots / Charts
[PVGS8UZ6GX] figure_3.jpg -> classified as: Plots / Charts
[PVGS8UZ6GX] figure_1.jpg -> classified as: Plots / Charts
[PVGS8UZ6GX] figure_8.jpg -> classified as: Plots / Charts
[PVGS8UZ6GX] figure_12.jpg -> classified as: Qualitative Examples
[PVGS8UZ6GX] figure_14.jpg -> classified as: Architecture Diagram
[PVGS8UZ6GX] figure_10.jpg -> classified as: Qualitative Examples
[PXD3FAVHJT] figure_19.jpg -> classified as: Plots / Charts
[PXD3FAVHJT] figure_23.jpg -> classified as: Plots / Charts
[PXD3FAVHJT] figure_24.jpg -> classified as: Plots / Charts
[PXD3FAVHJT] figure_5.jpg -> classified as: Plots / Charts
[PXD3FAVHJT] figure_22.jpg -> classified as: Plots / Charts
[PXD3FAVHJT] figure_18.jpg -> classified as: Plots / Charts
[PXD3FAVHJT] figure_13.jpg -> classified as: Plots / Charts
[PXD3FAVHJT] figure_15.jpg -> classified as: Plots / Charts
[PXD3FAVHJT] figure_2.jpg -> classified as: Plots / Charts
[PXD3FAVHJT] figure_20.jpg -> classified as: Plots / Charts
[PXD3FAVHJT] figure_11.jpg -> classified as: Plots / Charts
[PXD3FAVHJT] figure_3.jpg -> classified as: Plots / Charts
[PXD3FAVHJT] figure_4.jpg -> classified as: Plots / Charts
[PXD3FAVHJT] figure_17.jpg -> classified as: Plots / Charts
[PXD3FAVHJT] figure_1.jpg -> classified as: Plots / Charts
[PXD3FAVHJT] figure_8.jpg -> classified as: Plots / Charts
[PXD3FAVHJT] figure_12.jpg -> classified as: Plots / Charts
[PXD3FAVHJT] figure_21.jpg -> classified as: Plots / Charts
[PXD3FAVHJT] figure_14.jpg -> classified as: Plots / Charts
[PXD3FAVHJT] figure_16.jpg -> classified as: Plots / Charts
[PXD3FAVHJT] figure_10.jpg -> classified as: Plots / Charts
[PcxQgtHGj2] figure_5.jpg -> classified as: Plots / Charts
[PcxQgtHGj2] figure_6.jpg -> classified as: Plots / Charts
[PcxQgtHGj2] figure_9.jpg -> classified as: Plots / Charts
[PcxQgtHGj2] figure_13.jpg -> classified as: Plots / Charts
[PcxQgtHGj2] figure_15.jpg -> classified as: Plots / Charts
[PcxQgtHGj2] figure_2.jpg -> classified as: Plots / Charts
[PcxQgtHGj2] figure_7.jpg -> classified as: Plots / Charts
[PcxQgtHGj2] figure_3.jpg -> classified as: Plots / Charts
[PcxQgtHGj2] figure_4.jpg -> classified as: Plots / Charts
[PcxQgtHGj2] figure_17.jpg -> classified as: Plots / Charts
[PcxQgtHGj2] figure_1.jpg -> classified as: Plots / Charts
[PcxQgtHGj2] figure_8.jpg -> classified as: Plots / Charts
[PcxQgtHGj2] figure_12.jpg -> classified as: Plots / Charts
[PcxQgtHGj2] figure_14.jpg -> classified as: Plots / Charts
[PcxQgtHGj2] figure_16.jpg -> classified as: Plots / Charts
[PcxQgtHGj2] figure_10.jpg -> classified as: Plots / Charts
[PczQtTsTIX] figure_5.jpg -> classified as: Plots / Charts
[PczQtTsTIX] figure_6.jpg -> classified as: Plots / Charts
[PczQtTsTIX] figure_9.jpg -> classified as: Plots / Charts
[PczQtTsTIX] figure_13.jpg -> classified as: Plots / Charts
[PczQtTsTIX] figure_15.jpg -> classified as: Plots / Charts
[PczQtTsTIX] figure_2.jpg -> classified as: Other
  -> Skipping second pass (Other)
[PczQtTsTIX] figure_11.jpg -> classified as: Plots / Charts
[PczQtTsTIX] figure_7.jpg -> classified as: Plots / Charts
[PczQtTsTIX] figure_3.jpg -> classified as: Plots / Charts
[PczQtTsTIX] figure_17.jpg -> classified as: Plots / Charts
[PczQtTsTIX] figure_1.jpg -> classified as: Plots / Charts
[PczQtTsTIX] figure_8.jpg -> classified as: Plots / Charts
[PczQtTsTIX] figure_12.jpg -> classified as: Plots / Charts
[PczQtTsTIX] figure_14.jpg -> classified as: Plots / Charts
[PczQtTsTIX] figure_16.jpg -> classified as: Plots / Charts
[PczQtTsTIX] figure_10.jpg -> classified as: Plots / Charts
[PfaPgIQTul] figure_5.jpg -> classified as: Plots / Charts
[PfaPgIQTul] figure_6.jpg -> classified as: Plots / Charts
[PfaPgIQTul] figure_2.jpg -> classified as: Plots / Charts
[PfaPgIQTul] figure_Figure_$8__colon.jpg -> classified as: Plots / Charts
[PfaPgIQTul] figure_7.jpg -> classified as: Plots / Charts
[PfaPgIQTul] figure_3.jpg -> classified as: Plots / Charts
[PfaPgIQTul] figure_4.jpg -> classified as: Plots / Charts
[PfaPgIQTul] figure_1.jpg -> classified as: Plots / Charts
[PhJUd3mbhP] figure_5.jpg -> classified as: Architecture Diagram
[PhJUd3mbhP] figure_6.jpg -> classified as: Architecture Diagram
[PhJUd3mbhP] figure_2.jpg -> classified as: Architecture Diagram
[PhJUd3mbhP] figure_3.jpg -> classified as: Architecture Diagram
[PhJUd3mbhP] figure_4.jpg -> classified as: Architecture Diagram
[PhJUd3mbhP] figure_1.jpg -> classified as: Architecture Diagram
[PhJUd3mbhP] figure_8.jpg -> classified as: Architecture Diagram
[PhJUd3mbhP] figure_10.jpg -> classified as: Other
  -> Skipping second pass (Other)
[Pj06mxCXPl] figure_5.jpg -> classified as: Plots / Charts
[Pj06mxCXPl] figure_6.jpg -> classified as: Plots / Charts
[Pj06mxCXPl] figure_9.jpg -> classified as: Other
  -> Skipping second pass (Other)
[Pj06mxCXPl] figure_13.jpg -> classified as: Plots / Charts
[Pj06mxCXPl] figure_2.jpg -> classified as: Plots / Charts
[Pj06mxCXPl] figure_11.jpg -> classified as: Plots / Charts
[Pj06mxCXPl] figure_7.jpg -> classified as: Plots / Charts
[Pj06mxCXPl] figure_3.jpg -> classified as: Architecture Diagram
[Pj06mxCXPl] figure_4.jpg -> classified as: Plots / Charts
[Pj06mxCXPl] figure_1.jpg -> classified as: Plots / Charts
[Pj06mxCXPl] figure_8.jpg -> classified as: Plots / Charts
[Pj06mxCXPl] figure_12.jpg -> classified as: Plots / Charts
[Pj06mxCXPl] figure_10.jpg -> classified as: Plots / Charts
[Pjkes5MdKI] figure_5.jpg -> classified as: Architecture Diagram
[Pjkes5MdKI] figure_6.jpg -> classified as: Plots / Charts
[Pjkes5MdKI] figure_9.jpg -> classified as: Plots / Charts
[Pjkes5MdKI] figure_2.jpg -> classified as: Plots / Charts
[Pjkes5MdKI] figure_7.jpg -> classified as: Plots / Charts
[Pjkes5MdKI] figure_3.jpg -> classified as: Architecture Diagram
[Pjkes5MdKI] figure_4.jpg -> classified as: Architecture Diagram
[Pjkes5MdKI] figure_1.jpg -> classified as: Architecture Diagram
[Pjkes5MdKI] figure_8.jpg -> classified as: Architecture Diagram
[Pjkes5MdKI] figure_10.jpg -> classified as: Architecture Diagram
[PklYedVFUW] figure_5.jpg -> classified as: Qualitative Examples
[PklYedVFUW] figure_6.jpg -> classified as: Plots / Charts
[PklYedVFUW] figure_9.jpg -> classified as: Plots / Charts
[PklYedVFUW] figure_2.jpg -> classified as: Architecture Diagram
[PklYedVFUW] figure_11.jpg -> classified as: Plots / Charts
[PklYedVFUW] figure_7.jpg -> classified as: Plots / Charts
[PklYedVFUW] figure_3.jpg -> classified as: Architecture Diagram
[PklYedVFUW] figure_4.jpg -> classified as: Architecture Diagram
[PklYedVFUW] figure_1.jpg -> classified as: Architecture Diagram
[PklYedVFUW] figure_8.jpg -> classified as: Plots / Charts
[PklYedVFUW] figure_12.jpg -> classified as: Plots / Charts
[PklYedVFUW] figure_10.jpg -> classified as: Plots / Charts
[Pr4JkJVlmz] figure_5.jpg -> classified as: Plots / Charts
[Pr4JkJVlmz] figure_6.jpg -> classified as: Plots / Charts
[Pr4JkJVlmz] figure_2.jpg -> classified as: Plots / Charts
[Pr4JkJVlmz] figure_3.jpg -> classified as: Plots / Charts
[Pr4JkJVlmz] figure_4.jpg -> classified as: Plots / Charts
[Pr4JkJVlmz] figure_1.jpg -> classified as: Plots / Charts
[Psl75UCoZM] figure_5.jpg -> classified as: Qualitative Examples
[Psl75UCoZM] figure_6.jpg -> classified as: Architecture Diagram
[Psl75UCoZM] figure_9.jpg -> classified as: Qualitative Examples
[Psl75UCoZM] figure_2.jpg -> classified as: Architecture Diagram
[Psl75UCoZM] figure_11.jpg -> classified as: Architecture Diagram
[Psl75UCoZM] figure_7.jpg -> classified as: Architecture Diagram
[Psl75UCoZM] figure_4.jpg -> classified as: Architecture Diagram
[Psl75UCoZM] figure_17.jpg -> classified as: Qualitative Examples
[Psl75UCoZM] figure_1.jpg -> classified as: Qualitative Examples
[Psl75UCoZM] figure_8.jpg -> classified as: Architecture Diagram
[Psl75UCoZM] figure_12.jpg -> classified as: Qualitative Examples
[Psl75UCoZM] figure_16.jpg -> classified as: Qualitative Examples
[Psl75UCoZM] figure_10.jpg -> classified as: Architecture Diagram
[Q00CO1Tm6M] figure_2.jpg -> classified as: Architecture Diagram
[Q00CO1Tm6M] figure_1.jpg -> classified as: Architecture Diagram
[Q2hkp8WIDS] figure_5.jpg -> classified as: Qualitative Examples
[Q2hkp8WIDS] figure_6.jpg -> classified as: Qualitative Examples
[Q2hkp8WIDS] figure_9.jpg -> classified as: Plots / Charts
[Q2hkp8WIDS] figure_18.jpg -> classified as: Plots / Charts
[Q2hkp8WIDS] figure_13.jpg -> classified as: Qualitative Examples
[Q2hkp8WIDS] figure_2.jpg -> classified as: Architecture Diagram
[Q2hkp8WIDS] figure_11.jpg -> classified as: Plots / Charts
[Q2hkp8WIDS] figure_7.jpg -> classified as: Plots / Charts
[Q2hkp8WIDS] figure_3.jpg -> classified as: Qualitative Examples
[Q2hkp8WIDS] figure_4.jpg -> classified as: Plots / Charts
[Q2hkp8WIDS] figure_17.jpg -> classified as: Qualitative Examples
[Q2hkp8WIDS] figure_1.jpg -> classified as: Architecture Diagram
[Q2hkp8WIDS] figure_14_1.jpg -> classified as: Qualitative Examples
[Q2hkp8WIDS] figure_8.jpg -> classified as: Plots / Charts
[Q2hkp8WIDS] figure_12.jpg -> classified as: Qualitative Examples
[Q2hkp8WIDS] figure_14.jpg -> classified as: Qualitative Examples
[Q2hkp8WIDS] figure_16.jpg -> classified as: Plots / Charts
[Q2hkp8WIDS] figure_10.jpg -> classified as: Plots / Charts
[Q9R10ZKd8z] figure_5.jpg -> classified as: Plots / Charts
[Q9R10ZKd8z] figure_6.jpg -> classified as: Plots / Charts
[Q9R10ZKd8z] figure_2.jpg -> classified as: Architecture Diagram
[Q9R10ZKd8z] figure_7.jpg -> classified as: Plots / Charts
[Q9R10ZKd8z] figure_3.jpg -> classified as: Plots / Charts
[Q9R10ZKd8z] figure_4.jpg -> classified as: Plots / Charts
[Q9R10ZKd8z] figure_1.jpg -> classified as: Architecture Diagram
[Q9R10ZKd8z] figure_8.jpg -> classified as: Plots / Charts
[QAAsnSRwgu] figure_5.jpg -> classified as: Architecture Diagram
[QAAsnSRwgu] figure_6.jpg -> classified as: Architecture Diagram
[QAAsnSRwgu] figure_2.jpg -> classified as: Plots / Charts
[QAAsnSRwgu] figure_3.jpg -> classified as: Plots / Charts
[QAAsnSRwgu] figure_4.jpg -> classified as: Architecture Diagram
[QAAsnSRwgu] figure_1.jpg -> classified as: Architecture Diagram
[QFO1asgas2] figure_6_1.jpg -> classified as: Plots / Charts
[QFO1asgas2] figure_5.jpg -> classified as: Qualitative Examples
[QFO1asgas2] figure_6.jpg -> classified as: Plots / Charts
[QFO1asgas2] figure_2.jpg -> classified as: Plots / Charts
[QFO1asgas2] figure_3.jpg -> classified as: Plots / Charts
[QFO1asgas2] figure_4.jpg -> classified as: Plots / Charts
[QFO1asgas2] figure_1.jpg -> classified as: Plots / Charts
[QFO1asgas2] figure_8.jpg -> classified as: Qualitative Examples
[QFo2wxQEW6] figure_5.jpg -> classified as: Architecture Diagram
[QFo2wxQEW6] figure_6.jpg -> classified as: Plots / Charts
[QFo2wxQEW6] figure_9.jpg -> classified as: Qualitative Examples
[QFo2wxQEW6] figure_13.jpg -> classified as: Architecture Diagram
[QFo2wxQEW6] figure_15.jpg -> classified as: Plots / Charts
[QFo2wxQEW6] figure_2.jpg -> classified as: Architecture Diagram
[QFo2wxQEW6] figure_11.jpg -> classified as: Qualitative Examples
[QFo2wxQEW6] figure_7.jpg -> classified as: Plots / Charts
[QFo2wxQEW6] figure_3.jpg -> classified as: Qualitative Examples
[QFo2wxQEW6] figure_4.jpg -> classified as: Architecture Diagram
[QFo2wxQEW6] figure_17.jpg -> classified as: Qualitative Examples
[QFo2wxQEW6] figure_1.jpg -> classified as: Architecture Diagram
[QFo2wxQEW6] figure_8.jpg -> classified as: Architecture Diagram
[QFo2wxQEW6] figure_12.jpg -> classified as: Plots / Charts
[QFo2wxQEW6] figure_14.jpg -> classified as: Plots / Charts
[QFo2wxQEW6] figure_16.jpg -> classified as: Plots / Charts
[QFo2wxQEW6] figure_10.jpg -> classified as: Architecture Diagram
[QJNOnYDsYA] figure_5.jpg -> classified as: Plots / Charts
[QJNOnYDsYA] figure_6.jpg -> classified as: Qualitative Examples
[QJNOnYDsYA] figure_9.jpg -> classified as: Plots / Charts
[QJNOnYDsYA] figure_13.jpg -> classified as: Plots / Charts
[QJNOnYDsYA] figure_15.jpg -> classified as: Plots / Charts
[QJNOnYDsYA] figure_11.jpg -> classified as: Qualitative Examples
[QJNOnYDsYA] figure_7.jpg -> classified as: Plots / Charts
[QJNOnYDsYA] figure_3.jpg -> classified as: Qualitative Examples
[QJNOnYDsYA] figure_4.jpg -> classified as: Plots / Charts
[QJNOnYDsYA] figure_1.jpg -> classified as: Plots / Charts
[QJNOnYDsYA] figure_8.jpg -> classified as: Plots / Charts
[QJNOnYDsYA] figure_12.jpg -> classified as: Plots / Charts
[QJNOnYDsYA] figure_14.jpg -> classified as: Plots / Charts
[QJNOnYDsYA] figure_16.jpg -> classified as: Plots / Charts
[QJNOnYDsYA] figure_10.jpg -> classified as: Plots / Charts
[QOfWubPhdS] figure_5.jpg -> classified as: Plots / Charts
[QOfWubPhdS] figure_6.jpg -> classified as: Plots / Charts
[QOfWubPhdS] figure_2.jpg -> classified as: Qualitative Examples
[QOfWubPhdS] figure_7.jpg -> classified as: Architecture Diagram
[QOfWubPhdS] figure_3.jpg -> classified as: Plots / Charts
[QOfWubPhdS] figure_4.jpg -> classified as: Plots / Charts
[QOfWubPhdS] figure_1.jpg -> classified as: Architecture Diagram
[QQ81YsbSij] figure_6.jpg -> classified as: Plots / Charts
[QQ81YsbSij] figure_Energy_Wasserstein_Distance.jpg -> classified as: Plots / Charts
[QQ81YsbSij] figure_Energy_Wasserstein_Distance_1.jpg -> classified as: Plots / Charts
[QQ81YsbSij] figure_2.jpg -> classified as: Plots / Charts
[QQ81YsbSij] figure_7.jpg -> classified as: Plots / Charts
[QQ81YsbSij] figure_3.jpg -> classified as: Qualitative Examples
[QQ81YsbSij] figure_Average_Bandgap,_1.12.jpg -> classified as: Plots / Charts
[QQ81YsbSij] figure_1.jpg -> classified as: Architecture Diagram
[QaODpeRaOK] figure_2.jpg -> classified as: Architecture Diagram
[QaODpeRaOK] figure_3.jpg -> classified as: Other
  -> Skipping second pass (Other)
[QaODpeRaOK] figure_4.jpg -> classified as: Other
  -> Skipping second pass (Other)
[QaODpeRaOK] figure_1.jpg -> classified as: Architecture Diagram
[QeemQCJAdQ] figure_A1.jpg -> classified as: Plots / Charts
[QeemQCJAdQ] figure_A2.jpg -> classified as: Plots / Charts
[QeemQCJAdQ] figure_2.jpg -> classified as: Plots / Charts
[QeemQCJAdQ] figure_3.jpg -> classified as: Plots / Charts
[QeemQCJAdQ] figure_4.jpg -> classified as: Plots / Charts
[QeemQCJAdQ] figure_1.jpg -> classified as: Architecture Diagram
[QeemQCJAdQ] figure_A3.jpg -> classified as: Plots / Charts
[QiUitwJDKI] figure_Individual_Score_InnateCoder.jpg -> classified as: Plots / Charts
[QiUitwJDKI] figure_5.jpg -> classified as: Plots / Charts
[QiUitwJDKI] figure_6.jpg -> classified as: Plots / Charts
[QiUitwJDKI] figure_9.jpg -> classified as: Plots / Charts
[QiUitwJDKI] figure_13.jpg -> classified as: Qualitative Examples
[QiUitwJDKI] figure_2.jpg -> classified as: Architecture Diagram
[QiUitwJDKI] figure_11.jpg -> classified as: Other
  -> Skipping second pass (Other)
[QiUitwJDKI] figure_3.jpg -> classified as: Plots / Charts
[QiUitwJDKI] figure_4.jpg -> classified as: Plots / Charts
[QiUitwJDKI] figure_1.jpg -> classified as: Architecture Diagram
[QiUitwJDKI] figure_8.jpg -> classified as: Plots / Charts
[QiUitwJDKI] figure_12.jpg -> classified as: Plots / Charts
[QiUitwJDKI] figure_10.jpg -> classified as: Architecture Diagram
[QipLSeLQRS] figure_5.jpg -> classified as: Plots / Charts
[QipLSeLQRS] figure_6.jpg -> classified as: Plots / Charts
[QipLSeLQRS] figure_9.jpg -> classified as: Plots / Charts
[QipLSeLQRS] figure_13.jpg -> classified as: Plots / Charts
[QipLSeLQRS] figure_11.jpg -> classified as: Qualitative Examples
[QipLSeLQRS] figure_7.jpg -> classified as: Plots / Charts
[QipLSeLQRS] figure_3.jpg -> classified as: Plots / Charts
[QipLSeLQRS] figure_4.jpg -> classified as: Plots / Charts
[QipLSeLQRS] figure_1.jpg -> classified as: Architecture Diagram
[QipLSeLQRS] figure_8.jpg -> classified as: Plots / Charts
[QipLSeLQRS] figure_12.jpg -> classified as: Other
  -> Skipping second pass (Other)
[QipLSeLQRS] figure_10.jpg -> classified as: Plots / Charts
[QjTSaFXg25] figure_2.jpg -> classified as: Plots / Charts
[QjTSaFXg25] figure_3.jpg -> classified as: Qualitative Examples
[QjTSaFXg25] figure_1.jpg -> classified as: Architecture Diagram
[Ql7msQBqoF] figure_2.jpg -> classified as: Architecture Diagram
[Ql7msQBqoF] figure_3.jpg -> classified as: Plots / Charts
[Ql7msQBqoF] figure_1.jpg -> classified as: Architecture Diagram
[QmXfEmtBie] figure_30.jpg -> classified as: Qualitative Examples
[QmXfEmtBie] figure_19.jpg -> classified as: Plots / Charts
[QmXfEmtBie] figure_23.jpg -> classified as: Plots / Charts
[QmXfEmtBie] figure_29.jpg -> classified as: Plots / Charts
[QmXfEmtBie] figure_24.jpg -> classified as: Plots / Charts
[QmXfEmtBie] figure_5.jpg -> classified as: Plots / Charts
[QmXfEmtBie] figure_6.jpg -> classified as: Plots / Charts
[QmXfEmtBie] figure_9.jpg -> classified as: Plots / Charts
[QmXfEmtBie] figure_22.jpg -> classified as: Plots / Charts
[QmXfEmtBie] figure_28.jpg -> classified as: Qualitative Examples
[QmXfEmtBie] figure_18.jpg -> classified as: Plots / Charts
[QmXfEmtBie] figure_13.jpg -> classified as: Plots / Charts
[QmXfEmtBie] figure_15.jpg -> classified as: Plots / Charts
[QmXfEmtBie] figure_2.jpg -> classified as: Architecture Diagram
[QmXfEmtBie] figure_20.jpg -> classified as: Plots / Charts
[QmXfEmtBie] figure_11.jpg -> classified as: Plots / Charts
[QmXfEmtBie] figure_7.jpg -> classified as: Plots / Charts
[QmXfEmtBie] figure_3.jpg -> classified as: Architecture Diagram
[QmXfEmtBie] figure_4.jpg -> classified as: Plots / Charts
[QmXfEmtBie] figure_17.jpg -> classified as: Plots / Charts
[QmXfEmtBie] figure_1.jpg -> classified as: Plots / Charts
[QmXfEmtBie] figure_27.jpg -> classified as: Plots / Charts
[QmXfEmtBie] figure_8.jpg -> classified as: Plots / Charts
[QmXfEmtBie] figure_12.jpg -> classified as: Plots / Charts
[QmXfEmtBie] figure_25.jpg -> classified as: Plots / Charts
[QmXfEmtBie] figure_21.jpg -> classified as: Plots / Charts
[QmXfEmtBie] figure_26.jpg -> classified as: Plots / Charts
[QmXfEmtBie] figure_14.jpg -> classified as: Plots / Charts
[QmXfEmtBie] figure_16.jpg -> classified as: Plots / Charts
[QmXfEmtBie] figure_10.jpg -> classified as: Plots / Charts
[QnkhVwSu7u] figure_2.jpg -> classified as: Qualitative Examples
[QnkhVwSu7u] figure_3.jpg -> classified as: Plots / Charts
[QnkhVwSu7u] figure_1.jpg -> classified as: Architecture Diagram
[Qox9rO0kN0] figure_5.jpg -> classified as: Qualitative Examples
[Qox9rO0kN0] figure_6.jpg -> classified as: Plots / Charts
[Qox9rO0kN0] figure_2.jpg -> classified as: Architecture Diagram
[Qox9rO0kN0] figure_3.jpg -> classified as: Plots / Charts
[Qox9rO0kN0] figure_1.jpg -> classified as: Plots / Charts
[Qr9TjKYzjl] figure_5.jpg -> classified as: Plots / Charts
[Qr9TjKYzjl] figure_6.jpg -> classified as: Plots / Charts
[Qr9TjKYzjl] figure_9.jpg -> classified as: Qualitative Examples
[Qr9TjKYzjl] figure_2.jpg -> classified as: Qualitative Examples
[Qr9TjKYzjl] figure_11.jpg -> classified as: Qualitative Examples
[Qr9TjKYzjl] figure_7.jpg -> classified as: Plots / Charts
[Qr9TjKYzjl] figure_3.jpg -> classified as: Plots / Charts
[Qr9TjKYzjl] figure_4.jpg -> classified as: Plots / Charts
[Qr9TjKYzjl] figure_1.jpg -> classified as: Architecture Diagram
[Qr9TjKYzjl] figure_8.jpg -> classified as: Plots / Charts
[Qr9TjKYzjl] figure_10.jpg -> classified as: Plots / Charts
[QtSw71HJ6M] figure_5.jpg -> classified as: Plots / Charts
[QtSw71HJ6M] figure_6.jpg -> classified as: Plots / Charts
[QtSw71HJ6M] figure_2.jpg -> classified as: Plots / Charts
[QtSw71HJ6M] figure_4.jpg -> classified as: Plots / Charts
[QtSw71HJ6M] figure_1.jpg -> classified as: Architecture Diagram
[QtZsTaqRRE] figure_5.jpg -> classified as: Plots / Charts
[QtZsTaqRRE] figure_6.jpg -> classified as: Plots / Charts
[QtZsTaqRRE] figure_9.jpg -> classified as: Qualitative Examples
[QtZsTaqRRE] figure_13.jpg -> classified as: Plots / Charts
[QtZsTaqRRE] figure_15.jpg -> classified as: Plots / Charts
[QtZsTaqRRE] figure_2.jpg -> classified as: Architecture Diagram
[QtZsTaqRRE] figure_11.jpg -> classified as: Plots / Charts
[QtZsTaqRRE] figure_7.jpg -> classified as: Plots / Charts
[QtZsTaqRRE] figure_3.jpg -> classified as: Plots / Charts
[QtZsTaqRRE] figure_4.jpg -> classified as: Plots / Charts
[QtZsTaqRRE] figure_1.jpg -> classified as: Architecture Diagram
[QtZsTaqRRE] figure_8.jpg -> classified as: Qualitative Examples
[QtZsTaqRRE] figure_12.jpg -> classified as: Plots / Charts
[QtZsTaqRRE] figure_14.jpg -> classified as: Plots / Charts
[QtZsTaqRRE] figure_16.jpg -> classified as: Plots / Charts
[QtZsTaqRRE] figure_10.jpg -> classified as: Plots / Charts
[QxItoEAVMb] figure_5.jpg -> classified as: Architecture Diagram
[QxItoEAVMb] figure_6.jpg -> classified as: Architecture Diagram
[QxItoEAVMb] figure_9.jpg -> classified as: Plots / Charts
[QxItoEAVMb] figure_13.jpg -> classified as: Plots / Charts
[QxItoEAVMb] figure_Benchmarking_of_a.jpg -> classified as: Plots / Charts
[QxItoEAVMb] figure_15.jpg -> classified as: Plots / Charts
[QxItoEAVMb] figure_2.jpg -> classified as: Plots / Charts
[QxItoEAVMb] figure_11.jpg -> classified as: Plots / Charts
[QxItoEAVMb] figure_7.jpg -> classified as: Other
  -> Skipping second pass (Other)
[QxItoEAVMb] figure_3.jpg -> classified as: Other
  -> Skipping second pass (Other)
[QxItoEAVMb] figure_1.jpg -> classified as: Architecture Diagram
[QxItoEAVMb] figure_8.jpg -> classified as: Architecture Diagram
[QxItoEAVMb] figure_12.jpg -> classified as: Plots / Charts
[QxItoEAVMb] figure_14.jpg -> classified as: Qualitative Examples
[QxItoEAVMb] figure_10.jpg -> classified as: Plots / Charts
[QyVLJ7EnAC] figure_5.jpg -> classified as: Plots / Charts
[QyVLJ7EnAC] figure_6.jpg -> classified as: Plots / Charts
[QyVLJ7EnAC] figure_2.jpg -> classified as: Plots / Charts
[QyVLJ7EnAC] figure_7.jpg -> classified as: Plots / Charts
[QyVLJ7EnAC] figure_3.jpg -> classified as: Plots / Charts
[QyVLJ7EnAC] figure_4.jpg -> classified as: Plots / Charts
[QyVLJ7EnAC] figure_1.jpg -> classified as: Plots / Charts
[QyVLJ7EnAC] figure_8.jpg -> classified as: Plots / Charts
[R1hIXdST22] figure_5.jpg -> classified as: Plots / Charts
[R1hIXdST22] figure_6.jpg -> classified as: Plots / Charts
[R1hIXdST22] figure_2.jpg -> classified as: Plots / Charts
[R1hIXdST22] figure_3.jpg -> classified as: Plots / Charts
[R1hIXdST22] figure_4.jpg -> classified as: Plots / Charts
[R1hIXdST22] figure_1.jpg -> classified as: Plots / Charts
[R2834dhBlo] figure_5.jpg -> classified as: Plots / Charts
[R2834dhBlo] figure_6.jpg -> classified as: Plots / Charts
[R2834dhBlo] figure_9.jpg -> classified as: Plots / Charts
[R2834dhBlo] figure_13.jpg -> classified as: Plots / Charts
[R2834dhBlo] figure_15.jpg -> classified as: Plots / Charts
[R2834dhBlo] figure_2.jpg -> classified as: Plots / Charts
[R2834dhBlo] figure_11.jpg -> classified as: Plots / Charts
[R2834dhBlo] figure_7.jpg -> classified as: Plots / Charts
[R2834dhBlo] figure_3.jpg -> classified as: Plots / Charts
[R2834dhBlo] figure_4.jpg -> classified as: Plots / Charts
[R2834dhBlo] figure_17.jpg -> classified as: Plots / Charts
[R2834dhBlo] figure_1.jpg -> classified as: Architecture Diagram
[R2834dhBlo] figure_8.jpg -> classified as: Plots / Charts
[R2834dhBlo] figure_12.jpg -> classified as: Plots / Charts
[R2834dhBlo] figure_14.jpg -> classified as: Plots / Charts
[R2834dhBlo] figure_Mean_Scores_for.jpg -> classified as: Plots / Charts
[R2834dhBlo] figure_10.jpg -> classified as: Plots / Charts
[R3Tf7LDdX4] figure_Example_function_classes_3.jpg -> classified as: Plots / Charts
[R3Tf7LDdX4] figure_Example_function_classes_1.jpg -> classified as: Plots / Charts
[R3Tf7LDdX4] figure_5.jpg -> classified as: Plots / Charts
[R3Tf7LDdX4] figure_6.jpg -> classified as: Plots / Charts
[R3Tf7LDdX4] figure_9.jpg -> classified as: Plots / Charts
[R3Tf7LDdX4] figure_Example_function_classes.jpg -> classified as: Plots / Charts
[R3Tf7LDdX4] figure_13.jpg -> classified as: Plots / Charts
[R3Tf7LDdX4] figure_15.jpg -> classified as: Plots / Charts
[R3Tf7LDdX4] figure_2.jpg -> classified as: Plots / Charts
[R3Tf7LDdX4] figure_11.jpg -> classified as: Plots / Charts
[R3Tf7LDdX4] figure_7.jpg -> classified as: Plots / Charts
[R3Tf7LDdX4] figure_3.jpg -> classified as: Qualitative Examples
[R3Tf7LDdX4] figure_4.jpg -> classified as: Plots / Charts
[R3Tf7LDdX4] figure_Example_function_classes_2.jpg -> classified as: Plots / Charts
[R3Tf7LDdX4] figure_Example_function_classes_4.jpg -> classified as: Plots / Charts
[R3Tf7LDdX4] figure_1.jpg -> classified as: Plots / Charts
[R3Tf7LDdX4] figure_12.jpg -> classified as: Plots / Charts
[R3Tf7LDdX4] figure_Example_function_classes_5.jpg -> classified as: Plots / Charts
[R3Tf7LDdX4] figure_14.jpg -> classified as: Plots / Charts
[R3Tf7LDdX4] figure_10.jpg -> classified as: Plots / Charts
[R4q3cY3kQf] figure_(b)_Normalized_average.jpg -> classified as: Plots / Charts
[R4q3cY3kQf] figure_5.jpg -> classified as: Plots / Charts
[R4q3cY3kQf] figure_6.jpg -> classified as: Plots / Charts
[R4q3cY3kQf] figure_9.jpg -> classified as: Plots / Charts
[R4q3cY3kQf] figure_18.jpg -> classified as: Plots / Charts
[R4q3cY3kQf] figure_13.jpg -> classified as: Plots / Charts
[R4q3cY3kQf] figure_Does_MAXINFORL_scale.jpg -> classified as: Plots / Charts
[R4q3cY3kQf] figure_15.jpg -> classified as: Plots / Charts
[R4q3cY3kQf] figure_2.jpg -> classified as: Plots / Charts
[R4q3cY3kQf] figure_11.jpg -> classified as: Plots / Charts
[R4q3cY3kQf] figure_3.jpg -> classified as: Plots / Charts
[R4q3cY3kQf] figure_4.jpg -> classified as: Plots / Charts
[R4q3cY3kQf] figure_17.jpg -> classified as: Plots / Charts
[R4q3cY3kQf] figure_8.jpg -> classified as: Plots / Charts
[R4q3cY3kQf] figure_12.jpg -> classified as: Plots / Charts
[R4q3cY3kQf] figure_14.jpg -> classified as: Plots / Charts
[R4q3cY3kQf] figure_16.jpg -> classified as: Plots / Charts
[R4q3cY3kQf] figure_10.jpg -> classified as: Plots / Charts
[R6klub5OXr] figure_Regret_in_the.jpg -> classified as: Plots / Charts
[R6klub5OXr] figure_Overall_Comparison.jpg -> classified as: Plots / Charts
[R6klub5OXr] figure_5.jpg -> classified as: Plots / Charts
[R6klub5OXr] figure_Distributional_vs_Baseline.jpg -> classified as: Plots / Charts
[R6klub5OXr] figure_Regret_in_the_1.jpg -> classified as: Plots / Charts
[R6klub5OXr] figure_Sample_Complexity_of.jpg -> classified as: Plots / Charts
[R6klub5OXr] figure_2.jpg -> classified as: Plots / Charts
[R6klub5OXr] figure_3.jpg -> classified as: Plots / Charts
[R6klub5OXr] figure_1.jpg -> classified as: Plots / Charts
[R7rZUSGOPD] figure_5.jpg -> classified as: Plots / Charts
[R7rZUSGOPD] figure_6.jpg -> classified as: Qualitative Examples
[R7rZUSGOPD] figure_9.jpg -> classified as: Qualitative Examples
[R7rZUSGOPD] figure_2.jpg -> classified as: Architecture Diagram
[R7rZUSGOPD] figure_11.jpg -> classified as: Architecture Diagram
[R7rZUSGOPD] figure_7.jpg -> classified as: Qualitative Examples
[R7rZUSGOPD] figure_3.jpg -> classified as: Architecture Diagram
[R7rZUSGOPD] figure_4.jpg -> classified as: Plots / Charts
[R7rZUSGOPD] figure_1.jpg -> classified as: Architecture Diagram
[R7rZUSGOPD] figure_8.jpg -> classified as: Plots / Charts
[R7rZUSGOPD] figure_12.jpg -> classified as: Architecture Diagram
[R7rZUSGOPD] figure_10.jpg -> classified as: Architecture Diagram
[RB0RQ3XkYB] figure_5.jpg -> classified as: Plots / Charts
[RB0RQ3XkYB] figure_6.jpg -> classified as: Plots / Charts
[RB0RQ3XkYB] figure_9.jpg -> classified as: Plots / Charts
[RB0RQ3XkYB] figure_2.jpg -> classified as: Architecture Diagram
[RB0RQ3XkYB] figure_11.jpg -> classified as: Qualitative Examples
[RB0RQ3XkYB] figure_7.jpg -> classified as: Plots / Charts
[RB0RQ3XkYB] figure_3.jpg -> classified as: Qualitative Examples
[RB0RQ3XkYB] figure_4.jpg -> classified as: Plots / Charts
[RB0RQ3XkYB] figure_1.jpg -> classified as: Architecture Diagram
[RB0RQ3XkYB] figure_8.jpg -> classified as: Plots / Charts
[RB0RQ3XkYB] figure_12.jpg -> classified as: Qualitative Examples
[RB0RQ3XkYB] figure_10.jpg -> classified as: Plots / Charts
[RBqowcUwFP] figure_5.jpg -> classified as: Plots / Charts
[RBqowcUwFP] figure_6.jpg -> classified as: Qualitative Examples
[RBqowcUwFP] figure_2.jpg -> classified as: Qualitative Examples
[RBqowcUwFP] figure_7.jpg -> classified as: Plots / Charts
[RBqowcUwFP] figure_3.jpg -> classified as: Plots / Charts
[RBqowcUwFP] figure_4.jpg -> classified as: Plots / Charts
[RBqowcUwFP] figure_1.jpg -> classified as: Architecture Diagram
[RDSj6S8WJe] figure_H.jpg -> classified as: Architecture Diagram
[RDSj6S8WJe] figure_2.jpg -> classified as: Architecture Diagram
[RDSj6S8WJe] figure_3.jpg -> classified as: Plots / Charts
[RDSj6S8WJe] figure_D.jpg -> classified as: Architecture Diagram
[RDSj6S8WJe] figure_C.jpg -> classified as: Architecture Diagram
[RDSj6S8WJe] figure_1.jpg -> classified as: Qualitative Examples
[RE0aibEQ1J] figure_5.jpg -> classified as: Qualitative Examples
[RE0aibEQ1J] figure_2.jpg -> classified as: Qualitative Examples
[RE0aibEQ1J] figure_3.jpg -> classified as: Architecture Diagram
[RE0aibEQ1J] figure_4.jpg -> classified as: Plots / Charts
[RE0aibEQ1J] figure_1.jpg -> classified as: Other
  -> Skipping second pass (Other)
[RInisw1yin] figure_5.jpg -> classified as: Plots / Charts
[RInisw1yin] figure_6.jpg -> classified as: Plots / Charts
[RInisw1yin] figure_9.jpg -> classified as: Plots / Charts
[RInisw1yin] figure_18.jpg -> classified as: Plots / Charts
[RInisw1yin] figure_13.jpg -> classified as: Plots / Charts
[RInisw1yin] figure_15.jpg -> classified as: Plots / Charts
[RInisw1yin] figure_2.jpg -> classified as: Qualitative Examples
[RInisw1yin] figure_11.jpg -> classified as: Plots / Charts
[RInisw1yin] figure_3.jpg -> classified as: Architecture Diagram
[RInisw1yin] figure_4.jpg -> classified as: Plots / Charts
[RInisw1yin] figure_17.jpg -> classified as: Plots / Charts
[RInisw1yin] figure_1.jpg -> classified as: Architecture Diagram
[RInisw1yin] figure_8.jpg -> classified as: Plots / Charts
[RInisw1yin] figure_12.jpg -> classified as: Plots / Charts
[RInisw1yin] figure_14.jpg -> classified as: Plots / Charts
[RInisw1yin] figure_16.jpg -> classified as: Plots / Charts
[RInisw1yin] figure_10.jpg -> classified as: Qualitative Examples
[RKB4WiesB4] figure_5.jpg -> classified as: Plots / Charts
[RKB4WiesB4] figure_6.jpg -> classified as: Qualitative Examples
[RKB4WiesB4] figure_9.jpg -> classified as: Plots / Charts
[RKB4WiesB4] figure_2.jpg -> classified as: Architecture Diagram
[RKB4WiesB4] figure_11.jpg -> classified as: Plots / Charts
[RKB4WiesB4] figure_3.jpg -> classified as: Plots / Charts
[RKB4WiesB4] figure_unnamed_figure.jpg -> classified as: Qualitative Examples
[RKB4WiesB4] figure_4.jpg -> classified as: Plots / Charts
[RKB4WiesB4] figure_1.jpg -> classified as: Architecture Diagram
[RKB4WiesB4] figure_8.jpg -> classified as: Plots / Charts
[RKB4WiesB4] figure_12.jpg -> classified as: Plots / Charts
[RKB4WiesB4] figure_10.jpg -> classified as: Plots / Charts
[RKOAU5ti1y] figure_5.jpg -> classified as: Plots / Charts
[RKOAU5ti1y] figure_6.jpg -> classified as: Qualitative Examples
[RKOAU5ti1y] figure_9.jpg -> classified as: Plots / Charts
[RKOAU5ti1y] figure_13.jpg -> classified as: Plots / Charts
[RKOAU5ti1y] figure_2.jpg -> classified as: Plots / Charts
[RKOAU5ti1y] figure_11.jpg -> classified as: Plots / Charts
[RKOAU5ti1y] figure_7.jpg -> classified as: Qualitative Examples
[RKOAU5ti1y] figure_3.jpg -> classified as: Qualitative Examples
[RKOAU5ti1y] figure_4.jpg -> classified as: Qualitative Examples
[RKOAU5ti1y] figure_1.jpg -> classified as: Architecture Diagram
[RKOAU5ti1y] figure_8.jpg -> classified as: Plots / Charts
[RKOAU5ti1y] figure_12.jpg -> classified as: Plots / Charts
[RKOAU5ti1y] figure_14.jpg -> classified as: Plots / Charts
[RKOAU5ti1y] figure_10.jpg -> classified as: Plots / Charts
[RMgqvQGTwH] figure_2.jpg -> classified as: Plots / Charts
[RMgqvQGTwH] figure_3.jpg -> classified as: Plots / Charts
[RMgqvQGTwH] figure_4.jpg -> classified as: Plots / Charts
[RMgqvQGTwH] figure_1.jpg -> classified as: Architecture Diagram
[RN7RzMxwjC] figure_19.jpg -> classified as: Plots / Charts
[RN7RzMxwjC] figure_23.jpg -> classified as: Plots / Charts
[RN7RzMxwjC] figure_5.jpg -> classified as: Qualitative Examples
[RN7RzMxwjC] figure_6.jpg -> classified as: Architecture Diagram
[RN7RzMxwjC] figure_9.jpg -> classified as: Plots / Charts
[RN7RzMxwjC] figure_22.jpg -> classified as: Plots / Charts
[RN7RzMxwjC] figure_18.jpg -> classified as: Plots / Charts
[RN7RzMxwjC] figure_13.jpg -> classified as: Plots / Charts
[RN7RzMxwjC] figure_15.jpg -> classified as: Plots / Charts
[RN7RzMxwjC] figure_2.jpg -> classified as: Plots / Charts
[RN7RzMxwjC] figure_20.jpg -> classified as: Plots / Charts
[RN7RzMxwjC] figure_11.jpg -> classified as: Qualitative Examples
[RN7RzMxwjC] figure_7.jpg -> classified as: Plots / Charts
[RN7RzMxwjC] figure_3.jpg -> classified as: Plots / Charts
[RN7RzMxwjC] figure_17.jpg -> classified as: Plots / Charts
[RN7RzMxwjC] figure_1.jpg -> classified as: Architecture Diagram
[RN7RzMxwjC] figure_8.jpg -> classified as: Plots / Charts
[RN7RzMxwjC] figure_12.jpg -> classified as: Qualitative Examples
[RN7RzMxwjC] figure_21.jpg -> classified as: Plots / Charts
[RN7RzMxwjC] figure_14.jpg -> classified as: Plots / Charts
[RN7RzMxwjC] figure_16.jpg -> classified as: Plots / Charts
[RN7RzMxwjC] figure_10.jpg -> classified as: Plots / Charts
[RNgZTA4CTP] figure_5.jpg -> classified as: Plots / Charts
[RNgZTA4CTP] figure_6.jpg -> classified as: Architecture Diagram
[RNgZTA4CTP] figure_9.jpg -> classified as: Plots / Charts
[RNgZTA4CTP] figure_2.jpg -> classified as: Plots / Charts
[RNgZTA4CTP] figure_11.jpg -> classified as: Plots / Charts
[RNgZTA4CTP] figure_3.jpg -> classified as: Plots / Charts
[RNgZTA4CTP] figure_1.jpg -> classified as: Plots / Charts
[RNgZTA4CTP] figure_8.jpg -> classified as: Plots / Charts
[RNgZTA4CTP] figure_12.jpg -> classified as: Plots / Charts
[RNgZTA4CTP] figure_10.jpg -> classified as: Plots / Charts
[RPWs9kOv0I] figure_5.jpg -> classified as: Plots / Charts
[RPWs9kOv0I] figure_2.jpg -> classified as: Plots / Charts
[RPWs9kOv0I] figure_3.jpg -> classified as: Plots / Charts
[RPWs9kOv0I] figure_4.jpg -> classified as: Plots / Charts
[RPWs9kOv0I] figure_1.jpg -> classified as: Architecture Diagram
[RQDuFF1rOn] figure_30.jpg -> classified as: Qualitative Examples
[RQDuFF1rOn] figure_19.jpg -> classified as: Plots / Charts
[RQDuFF1rOn] figure_23.jpg -> classified as: Other
  -> Skipping second pass (Other)
[RQDuFF1rOn] figure_29.jpg -> classified as: Qualitative Examples
[RQDuFF1rOn] figure_24.jpg -> classified as: Other
  -> Skipping second pass (Other)
[RQDuFF1rOn] figure_5.jpg -> classified as: Architecture Diagram
[RQDuFF1rOn] figure_6.jpg -> classified as: Architecture Diagram
[RQDuFF1rOn] figure_9.jpg -> classified as: Plots / Charts
[RQDuFF1rOn] figure_22.jpg -> classified as: Architecture Diagram
[RQDuFF1rOn] figure_28.jpg -> classified as: Qualitative Examples
[RQDuFF1rOn] figure_18.jpg -> classified as: Architecture Diagram
[RQDuFF1rOn] figure_13.jpg -> classified as: Qualitative Examples
[RQDuFF1rOn] figure_15.jpg -> classified as: Qualitative Examples
[RQDuFF1rOn] figure_2.jpg -> classified as: Qualitative Examples
[RQDuFF1rOn] figure_20.jpg -> classified as: Plots / Charts
[RQDuFF1rOn] figure_11.jpg -> classified as: Plots / Charts
[RQDuFF1rOn] figure_7.jpg -> classified as: Qualitative Examples
[RQDuFF1rOn] figure_3.jpg -> classified as: Plots / Charts
[RQDuFF1rOn] figure_4.jpg -> classified as: Qualitative Examples
[RQDuFF1rOn] figure_31.jpg -> classified as: Architecture Diagram
[RQDuFF1rOn] figure_17.jpg -> classified as: Qualitative Examples
[RQDuFF1rOn] figure_27.jpg -> classified as: Qualitative Examples
[RQDuFF1rOn] figure_8.jpg -> classified as: Qualitative Examples
[RQDuFF1rOn] figure_12.jpg -> classified as: Qualitative Examples
[RQDuFF1rOn] figure_25.jpg -> classified as: Qualitative Examples
[RQDuFF1rOn] figure_21.jpg -> classified as: Qualitative Examples
[RQDuFF1rOn] figure_26.jpg -> classified as: Qualitative Examples
[RQDuFF1rOn] figure_14.jpg -> classified as: Qualitative Examples
[RQDuFF1rOn] figure_32.jpg -> classified as: Qualitative Examples
[RQDuFF1rOn] figure_16.jpg -> classified as: Qualitative Examples
[RRayv1ZPN3] figure_5.jpg -> classified as: Plots / Charts
[RRayv1ZPN3] figure_6.jpg -> classified as: Architecture Diagram
[RRayv1ZPN3] figure_9.jpg -> classified as: Plots / Charts
[RRayv1ZPN3] figure_2.jpg -> classified as: Architecture Diagram
[RRayv1ZPN3] figure_11.jpg -> classified as: Plots / Charts
[RRayv1ZPN3] figure_7.jpg -> classified as: Plots / Charts
[RRayv1ZPN3] figure_3.jpg -> classified as: Qualitative Examples
[RRayv1ZPN3] figure_4.jpg -> classified as: Plots / Charts
[RRayv1ZPN3] figure_1.jpg -> classified as: Architecture Diagram
[RRayv1ZPN3] figure_8.jpg -> classified as: Plots / Charts
[RRayv1ZPN3] figure_10.jpg -> classified as: Plots / Charts
[RS827PjAUs] figure_Design_2__•.jpg -> classified as: Other
  -> Skipping second pass (Other)
[RS827PjAUs] figure_5.jpg -> classified as: Plots / Charts
[RS827PjAUs] figure_6.jpg -> classified as: Qualitative Examples
[RS827PjAUs] figure_9.jpg -> classified as: Other
  -> Skipping second pass (Other)
[RS827PjAUs] figure_13.jpg -> classified as: Plots / Charts
[RS827PjAUs] figure_15.jpg -> classified as: Qualitative Examples
[RS827PjAUs] figure_2.jpg -> classified as: Plots / Charts
[RS827PjAUs] figure_7.jpg -> classified as: Qualitative Examples
[RS827PjAUs] figure_3.jpg -> classified as: Architecture Diagram
[RS827PjAUs] figure_4.jpg -> classified as: Architecture Diagram
[RS827PjAUs] figure_Design_1__•.jpg -> classified as: Other
  -> Skipping second pass (Other)
[RS827PjAUs] figure_Design_2__•_1.jpg -> classified as: Qualitative Examples
[RS827PjAUs] figure_12.jpg -> classified as: Qualitative Examples
[RS827PjAUs] figure_14.jpg -> classified as: Qualitative Examples
[RS827PjAUs] figure_10.jpg -> classified as: Qualitative Examples
[RTI6MLwWbs] figure_5.jpg -> classified as: Architecture Diagram
[RTI6MLwWbs] figure_6.jpg -> classified as: Architecture Diagram
[RTI6MLwWbs] figure_2.jpg -> classified as: Architecture Diagram
[RTI6MLwWbs] figure_7.jpg -> classified as: Plots / Charts
[RTI6MLwWbs] figure_3.jpg -> classified as: Plots / Charts
[RTI6MLwWbs] figure_4.jpg -> classified as: Qualitative Examples
[RTI6MLwWbs] figure_1.jpg -> classified as: Qualitative Examples
[RWJX5F5I9g] figure_19.jpg -> classified as: Plots / Charts
[RWJX5F5I9g] figure_23.jpg -> classified as: Qualitative Examples
[RWJX5F5I9g] figure_24.jpg -> classified as: Plots / Charts
[RWJX5F5I9g] figure_5.jpg -> classified as: Plots / Charts
[RWJX5F5I9g] figure_6.jpg -> classified as: Plots / Charts
[RWJX5F5I9g] figure_9.jpg -> classified as: Plots / Charts
[RWJX5F5I9g] figure_22.jpg -> classified as: Plots / Charts
[RWJX5F5I9g] figure_18.jpg -> classified as: Plots / Charts
[RWJX5F5I9g] figure_13.jpg -> classified as: Plots / Charts
[RWJX5F5I9g] figure_15.jpg -> classified as: Plots / Charts
[RWJX5F5I9g] figure_2.jpg -> classified as: Plots / Charts
[RWJX5F5I9g] figure_20.jpg -> classified as: Qualitative Examples
[RWJX5F5I9g] figure_11.jpg -> classified as: Plots / Charts
[RWJX5F5I9g] figure_7.jpg -> classified as: Plots / Charts
[RWJX5F5I9g] figure_3.jpg -> classified as: Plots / Charts
[RWJX5F5I9g] figure_4.jpg -> classified as: Plots / Charts
[RWJX5F5I9g] figure_17.jpg -> classified as: Plots / Charts
[RWJX5F5I9g] figure_1.jpg -> classified as: Architecture Diagram
[RWJX5F5I9g] figure_8.jpg -> classified as: Architecture Diagram
[RWJX5F5I9g] figure_12.jpg -> classified as: Plots / Charts
[RWJX5F5I9g] figure_25.jpg -> classified as: Qualitative Examples
[RWJX5F5I9g] figure_21.jpg -> classified as: Plots / Charts
[RWJX5F5I9g] figure_14.jpg -> classified as: Plots / Charts
[RWJX5F5I9g] figure_16.jpg -> classified as: Architecture Diagram
[RWJX5F5I9g] figure_10.jpg -> classified as: Plots / Charts
[RYo2uU5el3] figure_5.jpg -> classified as: Plots / Charts
[RYo2uU5el3] figure_6.jpg -> classified as: Plots / Charts
[RYo2uU5el3] figure_9.jpg -> classified as: Plots / Charts
[RYo2uU5el3] figure_2.jpg -> classified as: Plots / Charts
[RYo2uU5el3] figure_11.jpg -> classified as: Plots / Charts
[RYo2uU5el3] figure_7.jpg -> classified as: Plots / Charts
[RYo2uU5el3] figure_3.jpg -> classified as: Plots / Charts
[RYo2uU5el3] figure_(c)_Q-functions_recorded.jpg -> classified as: Plots / Charts
[RYo2uU5el3] figure_4.jpg -> classified as: Plots / Charts
[RYo2uU5el3] figure_1.jpg -> classified as: Architecture Diagram
[RYo2uU5el3] figure_8.jpg -> classified as: Plots / Charts
[RYo2uU5el3] figure_12.jpg -> classified as: Plots / Charts
[RaqZX9LSGA] figure_5.jpg -> classified as: Plots / Charts
[RaqZX9LSGA] figure_6.jpg -> classified as: Plots / Charts
[RaqZX9LSGA] figure_2.jpg -> classified as: Architecture Diagram
[RaqZX9LSGA] figure_7.jpg -> classified as: Plots / Charts
[RaqZX9LSGA] figure_3.jpg -> classified as: Plots / Charts
[RaqZX9LSGA] figure_4.jpg -> classified as: Plots / Charts
[RaqZX9LSGA] figure_1.jpg -> classified as: Architecture Diagram
[RgELE1dQXx] figure_2.jpg -> classified as: Plots / Charts
[RgELE1dQXx] figure_3.jpg -> classified as: Plots / Charts
[RgELE1dQXx] figure_4.jpg -> classified as: Plots / Charts
[RgELE1dQXx] figure_1.jpg -> classified as: Architecture Diagram
[RhfYIJux9d] figure_5.jpg -> classified as: Plots / Charts
[RhfYIJux9d] figure_6.jpg -> classified as: Plots / Charts
[RhfYIJux9d] figure_9.jpg -> classified as: Other
  -> Skipping second pass (Other)
[RhfYIJux9d] figure_2.jpg -> classified as: Architecture Diagram
[RhfYIJux9d] figure_11.jpg -> classified as: Architecture Diagram
[RhfYIJux9d] figure_7.jpg -> classified as: Architecture Diagram
[RhfYIJux9d] figure_3.jpg -> classified as: Qualitative Examples
[RhfYIJux9d] figure_4.jpg -> classified as: Plots / Charts
[RhfYIJux9d] figure_1.jpg -> classified as: Architecture Diagram
[RhfYIJux9d] figure_8.jpg -> classified as: Other
  -> Skipping second pass (Other)
[RhfYIJux9d] figure_12.jpg -> classified as: Qualitative Examples
[RhfYIJux9d] figure_10.jpg -> classified as: Plots / Charts
[RthOl4jHw5] figure_5.jpg -> classified as: Architecture Diagram
[RthOl4jHw5] figure_6.jpg -> classified as: Architecture Diagram
[RthOl4jHw5] figure_9.jpg -> classified as: Qualitative Examples
[RthOl4jHw5] figure_2.jpg -> classified as: Architecture Diagram
[RthOl4jHw5] figure_7.jpg -> classified as: Architecture Diagram
[RthOl4jHw5] figure_3.jpg -> classified as: Qualitative Examples
[RthOl4jHw5] figure_4.jpg -> classified as: Architecture Diagram
[RthOl4jHw5] figure_1.jpg -> classified as: Architecture Diagram
[RthOl4jHw5] figure_8.jpg -> classified as: Architecture Diagram
[S1Bv3068Xt] figure_5.jpg -> classified as: Architecture Diagram
[S1Bv3068Xt] figure_6.jpg -> classified as: Qualitative Examples
[S1Bv3068Xt] figure_9.jpg -> classified as: Qualitative Examples
[S1Bv3068Xt] figure_2.jpg -> classified as: Architecture Diagram
[S1Bv3068Xt] figure_7.jpg -> classified as: Plots / Charts
[S1Bv3068Xt] figure_3.jpg -> classified as: Architecture Diagram
[S1Bv3068Xt] figure_4.jpg -> classified as: Architecture Diagram
[S1Bv3068Xt] figure_1.jpg -> classified as: Architecture Diagram
[S1Bv3068Xt] figure_8.jpg -> classified as: Qualitative Examples
[S1Bv3068Xt] figure_10.jpg -> classified as: Qualitative Examples
[S4dItvpvAv] figure_5.jpg -> classified as: Plots / Charts
[S4dItvpvAv] figure_2.jpg -> classified as: Plots / Charts
[S4dItvpvAv] figure_7.jpg -> classified as: Plots / Charts
[S4dItvpvAv] figure_3.jpg -> classified as: Plots / Charts
[S4dItvpvAv] figure_4.jpg -> classified as: Plots / Charts
[S4dItvpvAv] figure_1.jpg -> classified as: Plots / Charts
[S4dItvpvAv] figure_8.jpg -> classified as: Plots / Charts
[S5Yo6w3n3f] figure_5.jpg -> classified as: Plots / Charts
[S5Yo6w3n3f] figure_2.jpg -> classified as: Plots / Charts
[S5Yo6w3n3f] figure_3.jpg -> classified as: Plots / Charts
[S5Yo6w3n3f] figure_4.jpg -> classified as: Qualitative Examples
[S5Yo6w3n3f] figure_1.jpg -> classified as: Architecture Diagram
[S77skzM12O] figure_19.jpg -> classified as: Plots / Charts
[S77skzM12O] figure_23.jpg -> classified as: Plots / Charts
[S77skzM12O] figure_24.jpg -> classified as: Plots / Charts
[S77skzM12O] figure_5.jpg -> classified as: Plots / Charts
[S77skzM12O] figure_6.jpg -> classified as: Plots / Charts
[S77skzM12O] figure_9.jpg -> classified as: Plots / Charts
[S77skzM12O] figure_22.jpg -> classified as: Plots / Charts
[S77skzM12O] figure_18.jpg -> classified as: Plots / Charts
[S77skzM12O] figure_2.jpg -> classified as: Plots / Charts
[S77skzM12O] figure_20.jpg -> classified as: Plots / Charts
[S77skzM12O] figure_11.jpg -> classified as: Plots / Charts
[S77skzM12O] figure_7.jpg -> classified as: Plots / Charts
[S77skzM12O] figure_3.jpg -> classified as: Plots / Charts
[S77skzM12O] figure_4.jpg -> classified as: Plots / Charts
[S77skzM12O] figure_1.jpg -> classified as: Plots / Charts
[S77skzM12O] figure_8.jpg -> classified as: Plots / Charts
[S77skzM12O] figure_12.jpg -> classified as: Plots / Charts
[S77skzM12O] figure_25.jpg -> classified as: Plots / Charts
[S77skzM12O] figure_21.jpg -> classified as: Plots / Charts
[S77skzM12O] figure_26.jpg -> classified as: Plots / Charts
[S77skzM12O] figure_14.jpg -> classified as: Plots / Charts
[S77skzM12O] figure_16.jpg -> classified as: Plots / Charts
[S77skzM12O] figure_10.jpg -> classified as: Architecture Diagram
[S9GyQUXzee] figure_5.jpg -> classified as: Qualitative Examples
[S9GyQUXzee] figure_6.jpg -> classified as: Plots / Charts
[S9GyQUXzee] figure_9.jpg -> classified as: Plots / Charts
[S9GyQUXzee] figure_2.jpg -> classified as: Architecture Diagram
[S9GyQUXzee] figure_B.jpg -> classified as: Plots / Charts
[S9GyQUXzee] figure_7.jpg -> classified as: Plots / Charts
[S9GyQUXzee] figure_3.jpg -> classified as: Qualitative Examples
[S9GyQUXzee] figure_4.jpg -> classified as: Architecture Diagram
[S9GyQUXzee] figure_B_1.jpg -> classified as: Plots / Charts
[S9GyQUXzee] figure_C.jpg -> classified as: Qualitative Examples
[S9GyQUXzee] figure_1.jpg -> classified as: Teaser Image
[S9GyQUXzee] figure_8.jpg -> classified as: Plots / Charts
[SBoRhRCzM3] figure_5.jpg -> classified as: Plots / Charts
[SBoRhRCzM3] figure_6.jpg -> classified as: Plots / Charts
[SBoRhRCzM3] figure_2.jpg -> classified as: Architecture Diagram
[SBoRhRCzM3] figure_7.jpg -> classified as: Plots / Charts
[SBoRhRCzM3] figure_3.jpg -> classified as: Architecture Diagram
[SBoRhRCzM3] figure_4.jpg -> classified as: Architecture Diagram
[SBoRhRCzM3] figure_1.jpg -> classified as: Architecture Diagram
[SH3DTbytqF] figure_19.jpg -> classified as: Qualitative Examples
[SH3DTbytqF] figure_23.jpg -> classified as: Qualitative Examples
[SH3DTbytqF] figure_24.jpg -> classified as: Qualitative Examples
[SH3DTbytqF] figure_5.jpg -> classified as: Plots / Charts
[SH3DTbytqF] figure_6.jpg -> classified as: Architecture Diagram
[SH3DTbytqF] figure_9.jpg -> classified as: Qualitative Examples
[SH3DTbytqF] figure_22.jpg -> classified as: Qualitative Examples
[SH3DTbytqF] figure_18.jpg -> classified as: Qualitative Examples
[SH3DTbytqF] figure_13.jpg -> classified as: Qualitative Examples
[SH3DTbytqF] figure_15.jpg -> classified as: Architecture Diagram
[SH3DTbytqF] figure_2.jpg -> classified as: Architecture Diagram
[SH3DTbytqF] figure_20.jpg -> classified as: Plots / Charts
[SH3DTbytqF] figure_11.jpg -> classified as: Qualitative Examples
[SH3DTbytqF] figure_7.jpg -> classified as: Qualitative Examples
[SH3DTbytqF] figure_3.jpg -> classified as: Qualitative Examples
[SH3DTbytqF] figure_4.jpg -> classified as: Plots / Charts
[SH3DTbytqF] figure_17.jpg -> classified as: Qualitative Examples
[SH3DTbytqF] figure_1.jpg -> classified as: Architecture Diagram
[SH3DTbytqF] figure_8.jpg -> classified as: Qualitative Examples
[SH3DTbytqF] figure_12.jpg -> classified as: Plots / Charts
[SH3DTbytqF] figure_25.jpg -> classified as: Qualitative Examples
[SH3DTbytqF] figure_21.jpg -> classified as: Qualitative Examples
[SH3DTbytqF] figure_14.jpg -> classified as: Qualitative Examples
[SH3DTbytqF] figure_10.jpg -> classified as: Qualitative Examples
[SIE6VFps9x] figure_2.jpg -> classified as: Plots / Charts
[SIE6VFps9x] figure_3.jpg -> classified as: Architecture Diagram
[SIE6VFps9x] figure_1.jpg -> classified as: Plots / Charts
[SIE6VFps9x] figure_A4.jpg -> classified as: Other
  -> Skipping second pass (Other)
[SIE6VFps9x] figure_1_1.jpg -> classified as: Architecture Diagram
[SIdA3s754H] figure_2.jpg -> classified as: Plots / Charts
[SIdA3s754H] figure_1.jpg -> classified as: Plots / Charts
[SOWZ59UyNc] figure_5.jpg -> classified as: Architecture Diagram
[SOWZ59UyNc] figure_2.jpg -> classified as: Architecture Diagram
[SOWZ59UyNc] figure_3.jpg -> classified as: Architecture Diagram
[SOWZ59UyNc] figure_4.jpg -> classified as: Architecture Diagram
[SOWZ59UyNc] figure_1.jpg -> classified as: Architecture Diagram
[SQnitDuow6] figure_5.jpg -> classified as: Plots / Charts
[SQnitDuow6] figure_2.jpg -> classified as: Plots / Charts
[SQnitDuow6] figure_3.jpg -> classified as: Plots / Charts
[SQnitDuow6] figure_4.jpg -> classified as: Plots / Charts
[SQnitDuow6] figure_2_1.jpg -> classified as: Plots / Charts
[SQnitDuow6] figure_1.jpg -> classified as: Plots / Charts
[SQpnEfv9WH] figure_5.jpg -> classified as: Plots / Charts
[SQpnEfv9WH] figure_6.jpg -> classified as: Plots / Charts
[SQpnEfv9WH] figure_9.jpg -> classified as: Plots / Charts
[SQpnEfv9WH] figure_2.jpg -> classified as: Architecture Diagram
[SQpnEfv9WH] figure_7.jpg -> classified as: Plots / Charts
[SQpnEfv9WH] figure_3.jpg -> classified as: Qualitative Examples
[SQpnEfv9WH] figure_4.jpg -> classified as: Plots / Charts
[SQpnEfv9WH] figure_1.jpg -> classified as: Architecture Diagram
[SQpnEfv9WH] figure_8.jpg -> classified as: Qualitative Examples
[SRjzerUpB2] figure_5.jpg -> classified as: Plots / Charts
[SRjzerUpB2] figure_6.jpg -> classified as: Plots / Charts
[SRjzerUpB2] figure_Policy_Evolution_on.jpg -> classified as: Plots / Charts
[SRjzerUpB2] figure_15.jpg -> classified as: Plots / Charts
[SRjzerUpB2] figure_2.jpg -> classified as: Plots / Charts
[SRjzerUpB2] figure_7.jpg -> classified as: Plots / Charts
[SRjzerUpB2] figure_3.jpg -> classified as: Plots / Charts
[SRjzerUpB2] figure_4.jpg -> classified as: Plots / Charts
[SRjzerUpB2] figure_1.jpg -> classified as: Plots / Charts
[SRjzerUpB2] figure_8.jpg -> classified as: Plots / Charts
[SThJXvucjQ] figure_5.jpg -> classified as: Plots / Charts
[SThJXvucjQ] figure_2.jpg -> classified as: Plots / Charts
[SThJXvucjQ] figure_3.jpg -> classified as: Plots / Charts
[SThJXvucjQ] figure_4.jpg -> classified as: Plots / Charts
[SThJXvucjQ] figure_1.jpg -> classified as: Plots / Charts
[SUL5L9rIyF] figure_5.jpg -> classified as: Plots / Charts
[SUL5L9rIyF] figure_6.jpg -> classified as: Plots / Charts
[SUL5L9rIyF] figure_9.jpg -> classified as: Plots / Charts
[SUL5L9rIyF] figure_2.jpg -> classified as: Plots / Charts
[SUL5L9rIyF] figure_7.jpg -> classified as: Plots / Charts
[SUL5L9rIyF] figure_3.jpg -> classified as: Plots / Charts
[SUL5L9rIyF] figure_4.jpg -> classified as: Plots / Charts
[SUL5L9rIyF] figure_1.jpg -> classified as: Architecture Diagram
[SUL5L9rIyF] figure_8.jpg -> classified as: Plots / Charts
[SWRFC2EupO] figure_5.jpg -> classified as: Plots / Charts
[SWRFC2EupO] figure_6.jpg -> classified as: Plots / Charts
[SWRFC2EupO] figure_2.jpg -> classified as: Architecture Diagram
[SWRFC2EupO] figure_7.jpg -> classified as: Plots / Charts
[SWRFC2EupO] figure_3.jpg -> classified as: Plots / Charts
[SWRFC2EupO] figure_4.jpg -> classified as: Qualitative Examples
[SWRFC2EupO] figure_1.jpg -> classified as: Architecture Diagram
[SWRFC2EupO] figure_8.jpg -> classified as: Plots / Charts
[SXMTK2eltf] figure_2.jpg -> classified as: Other
  -> Skipping second pass (Other)
[SXMTK2eltf] figure_3.jpg -> classified as: Other
  -> Skipping second pass (Other)
[SXMTK2eltf] figure_4.jpg -> classified as: Qualitative Examples
[SXMTK2eltf] figure_1.jpg -> classified as: Architecture Diagram
[Sfct4aXXcw] figure_5.jpg -> classified as: Plots / Charts
[Sfct4aXXcw] figure_6.jpg -> classified as: Plots / Charts
[Sfct4aXXcw] figure_9.jpg -> classified as: Plots / Charts
[Sfct4aXXcw] figure_2.jpg -> classified as: Plots / Charts
[Sfct4aXXcw] figure_7.jpg -> classified as: Plots / Charts
[Sfct4aXXcw] figure_3.jpg -> classified as: Plots / Charts
[Sfct4aXXcw] figure_4.jpg -> classified as: Plots / Charts
[Sfct4aXXcw] figure_1.jpg -> classified as: Architecture Diagram
[Sfct4aXXcw] figure_8.jpg -> classified as: Plots / Charts
[SgjAojPKb3] figure_5.jpg -> classified as: Qualitative Examples
[SgjAojPKb3] figure_6.jpg -> classified as: Qualitative Examples
[SgjAojPKb3] figure_2.jpg -> classified as: Plots / Charts
[SgjAojPKb3] figure_7.jpg -> classified as: Qualitative Examples
[SgjAojPKb3] figure_3.jpg -> classified as: Plots / Charts
[SgjAojPKb3] figure_4.jpg -> classified as: Plots / Charts
[SgjAojPKb3] figure_1.jpg -> classified as: Qualitative Examples
[SkRBoJ0F8B] figure_1.jpg -> classified as: Plots / Charts
[SqcoXJc4mC] figure_5.jpg -> classified as: Plots / Charts
[SqcoXJc4mC] figure_6.jpg -> classified as: Plots / Charts
[SqcoXJc4mC] figure_2.jpg -> classified as: Plots / Charts
[SqcoXJc4mC] figure_3.jpg -> classified as: Plots / Charts
[SqcoXJc4mC] figure_4.jpg -> classified as: Plots / Charts
[SqcoXJc4mC] figure_1.jpg -> classified as: Architecture Diagram
[StkLULT1i1] figure_5.jpg -> classified as: Plots / Charts
[StkLULT1i1] figure_2.jpg -> classified as: Plots / Charts
[StkLULT1i1] figure_3.jpg -> classified as: Plots / Charts
[StkLULT1i1] figure_4.jpg -> classified as: Plots / Charts
[StkLULT1i1] figure_1.jpg -> classified as: Qualitative Examples
[T1OvCSFaum] figure_2.jpg -> classified as: Plots / Charts
[T1OvCSFaum] figure_1.jpg -> classified as: Architecture Diagram
[T1pUS4GZZq] figure_sLSTM_blocks._This.jpg -> classified as: Plots / Charts
[T1pUS4GZZq] figure_19.jpg -> classified as: Plots / Charts
[T1pUS4GZZq] figure_23.jpg -> classified as: Plots / Charts
[T1pUS4GZZq] figure_29.jpg -> classified as: Plots / Charts
[T1pUS4GZZq] figure_24.jpg -> classified as: Plots / Charts
[T1pUS4GZZq] figure_5.jpg -> classified as: Plots / Charts
[T1pUS4GZZq] figure_6.jpg -> classified as: Plots / Charts
[T1pUS4GZZq] figure_9.jpg -> classified as: Qualitative Examples
[T1pUS4GZZq] figure_22.jpg -> classified as: Plots / Charts
[T1pUS4GZZq] figure_28.jpg -> classified as: Plots / Charts
[T1pUS4GZZq] figure_18.jpg -> classified as: Plots / Charts
[T1pUS4GZZq] figure_13.jpg -> classified as: Plots / Charts
[T1pUS4GZZq] figure_15.jpg -> classified as: Plots / Charts
[T1pUS4GZZq] figure_2.jpg -> classified as: Plots / Charts
[T1pUS4GZZq] figure_20.jpg -> classified as: Plots / Charts
[T1pUS4GZZq] figure_11.jpg -> classified as: Plots / Charts
[T1pUS4GZZq] figure_7.jpg -> classified as: Plots / Charts
[T1pUS4GZZq] figure_3.jpg -> classified as: Plots / Charts
[T1pUS4GZZq] figure_4.jpg -> classified as: Plots / Charts
[T1pUS4GZZq] figure_31.jpg -> classified as: Plots / Charts
[T1pUS4GZZq] figure_17.jpg -> classified as: Plots / Charts
[T1pUS4GZZq] figure_1.jpg -> classified as: Architecture Diagram
[T1pUS4GZZq] figure_27.jpg -> classified as: Plots / Charts
[T1pUS4GZZq] figure_8.jpg -> classified as: Plots / Charts
[T1pUS4GZZq] figure_12.jpg -> classified as: Plots / Charts
[T1pUS4GZZq] figure_25.jpg -> classified as: Plots / Charts
[T1pUS4GZZq] figure_21.jpg -> classified as: Plots / Charts
[T1pUS4GZZq] figure_26.jpg -> classified as: Plots / Charts
[T1pUS4GZZq] figure_14.jpg -> classified as: Plots / Charts
[T1pUS4GZZq] figure_32.jpg -> classified as: Plots / Charts
[T1pUS4GZZq] figure_16.jpg -> classified as: Plots / Charts
[T1pUS4GZZq] figure_10.jpg -> classified as: Qualitative Examples
[T2ToleSDk6] figure_5.jpg -> classified as: Plots / Charts
[T2ToleSDk6] figure_6.jpg -> classified as: Plots / Charts
[T2ToleSDk6] figure_9.jpg -> classified as: Plots / Charts
[T2ToleSDk6] figure_2.jpg -> classified as: Qualitative Examples
[T2ToleSDk6] figure_7.jpg -> classified as: Plots / Charts
[T2ToleSDk6] figure_3.jpg -> classified as: Qualitative Examples
[T2ToleSDk6] figure_4.jpg -> classified as: Plots / Charts
[T2ToleSDk6] figure_1.jpg -> classified as: Plots / Charts
[T2ToleSDk6] figure_8.jpg -> classified as: Plots / Charts
[T5QLRRHyL1] figure_5.jpg -> classified as: Architecture Diagram
[T5QLRRHyL1] figure_6.jpg -> classified as: Architecture Diagram
[T5QLRRHyL1] figure_9.jpg -> classified as: Architecture Diagram
[T5QLRRHyL1] figure_13.jpg -> classified as: Qualitative Examples
[T5QLRRHyL1] figure_2.jpg -> classified as: Architecture Diagram
[T5QLRRHyL1] figure_11.jpg -> classified as: Qualitative Examples
[T5QLRRHyL1] figure_7.jpg -> classified as: Plots / Charts
[T5QLRRHyL1] figure_3.jpg -> classified as: Other
  -> Skipping second pass (Other)
[T5QLRRHyL1] figure_4.jpg -> classified as: Plots / Charts
[T5QLRRHyL1] figure_1.jpg -> classified as: Qualitative Examples
[T5QLRRHyL1] figure_8.jpg -> classified as: Architecture Diagram
[T5QLRRHyL1] figure_12.jpg -> classified as: Architecture Diagram
[T5QLRRHyL1] figure_14.jpg -> classified as: Qualitative Examples
[T5QLRRHyL1] figure_10.jpg -> classified as: Architecture Diagram
[T7YV5UZKBc] figure_(b)_The_dotted.jpg -> classified as: Architecture Diagram
[T7YV5UZKBc] figure_3.jpg -> classified as: Plots / Charts
[T7YV5UZKBc] figure_4.jpg -> classified as: Plots / Charts
[T7YV5UZKBc] figure_(b)_Top_3.jpg -> classified as: Plots / Charts
[TCpJXzMnnp] figure_5.jpg -> classified as: Plots / Charts
[TCpJXzMnnp] figure_6.jpg -> classified as: Plots / Charts
[TCpJXzMnnp] figure_2.jpg -> classified as: Plots / Charts
[TCpJXzMnnp] figure_7.jpg -> classified as: Plots / Charts
[TCpJXzMnnp] figure_3.jpg -> classified as: Plots / Charts
[TCpJXzMnnp] figure_4.jpg -> classified as: Plots / Charts
[TCpJXzMnnp] figure_1.jpg -> classified as: Architecture Diagram
[TFKIfhvdmZ] figure_5.jpg -> classified as: Plots / Charts
[TFKIfhvdmZ] figure_9.jpg -> classified as: Plots / Charts
[TFKIfhvdmZ] figure_2.jpg -> classified as: Architecture Diagram
[TFKIfhvdmZ] figure_11.jpg -> classified as: Plots / Charts
[TFKIfhvdmZ] figure_7.jpg -> classified as: Plots / Charts
[TFKIfhvdmZ] figure_4.jpg -> classified as: Plots / Charts
[TFKIfhvdmZ] figure_1.jpg -> classified as: Plots / Charts
[TFKIfhvdmZ] figure_8.jpg -> classified as: Plots / Charts
[TFKIfhvdmZ] figure_10.jpg -> classified as: Plots / Charts
[THOgGo8SX7] figure_2.jpg -> classified as: Plots / Charts
[THOgGo8SX7] figure_4.jpg -> classified as: Architecture Diagram
[THOgGo8SX7] figure_1.jpg -> classified as: Plots / Charts
[TKuYWeFE6S] figure_5.jpg -> classified as: Plots / Charts
[TKuYWeFE6S] figure_6.jpg -> classified as: Plots / Charts
[TKuYWeFE6S] figure_9.jpg -> classified as: Plots / Charts
[TKuYWeFE6S] figure_2.jpg -> classified as: Architecture Diagram
[TKuYWeFE6S] figure_11.jpg -> classified as: Plots / Charts
[TKuYWeFE6S] figure_7.jpg -> classified as: Plots / Charts
[TKuYWeFE6S] figure_3.jpg -> classified as: Plots / Charts
[TKuYWeFE6S] figure_4.jpg -> classified as: Plots / Charts
[TKuYWeFE6S] figure_1.jpg -> classified as: Architecture Diagram
[TKuYWeFE6S] figure_8.jpg -> classified as: Plots / Charts
[TKuYWeFE6S] figure_10.jpg -> classified as: Plots / Charts
[TOiageVNru] figure_5.jpg -> classified as: Qualitative Examples
[TOiageVNru] figure_6.jpg -> classified as: Qualitative Examples
[TOiageVNru] figure_7.jpg -> classified as: Qualitative Examples
[TOiageVNru] figure_3.jpg -> classified as: Qualitative Examples
[TOiageVNru] figure_4.jpg -> classified as: Qualitative Examples
[TOiageVNru] figure_1.jpg -> classified as: Architecture Diagram
[TOiageVNru] figure_8.jpg -> classified as: Qualitative Examples
[TWC4gLoAxY] figure_2.jpg -> classified as: Architecture Diagram
[TWC4gLoAxY] figure_3.jpg -> classified as: Architecture Diagram
[TWC4gLoAxY] figure_4.jpg -> classified as: Qualitative Examples
[TWC4gLoAxY] figure_1.jpg -> classified as: Architecture Diagram
[Tb8RiXOc3N] figure_5.jpg -> classified as: Plots / Charts
[Tb8RiXOc3N] figure_2.jpg -> classified as: Plots / Charts
[Tb8RiXOc3N] figure_3.jpg -> classified as: Plots / Charts
[Tb8RiXOc3N] figure_4.jpg -> classified as: Plots / Charts
[Tb8RiXOc3N] figure_1.jpg -> classified as: Plots / Charts
[TbRFc2HPoN] figure_1.jpg -> classified as: Plots / Charts
[TbTJJNjumY] figure_2.jpg -> classified as: Architecture Diagram
[TbTJJNjumY] figure_3.jpg -> classified as: Plots / Charts
[TbTJJNjumY] figure_1.jpg -> classified as: Architecture Diagram
[TdIx7u2ECv] figure_5.jpg -> classified as: Plots / Charts
[TdIx7u2ECv] figure_6.jpg -> classified as: Plots / Charts
[TdIx7u2ECv] figure_2.jpg -> classified as: Architecture Diagram
[TdIx7u2ECv] figure_7.jpg -> classified as: Plots / Charts
[TdIx7u2ECv] figure_3.jpg -> classified as: Qualitative Examples
[TdIx7u2ECv] figure_4.jpg -> classified as: Plots / Charts
[TdIx7u2ECv] figure_1.jpg -> classified as: Architecture Diagram
[TdIx7u2ECv] figure_8.jpg -> classified as: Qualitative Examples
[TeeyHEi25C] figure_5.jpg -> classified as: Plots / Charts
[TeeyHEi25C] figure_6.jpg -> classified as: Plots / Charts
[TeeyHEi25C] figure_2.jpg -> classified as: Plots / Charts
[TeeyHEi25C] figure_3.jpg -> classified as: Qualitative Examples
[TeeyHEi25C] figure_4.jpg -> classified as: Plots / Charts
[TeeyHEi25C] figure_1.jpg -> classified as: Architecture Diagram
[ThRMTCgpvo] figure_3_TESTING_PLANNING.jpg -> classified as: Plots / Charts
[ThRMTCgpvo] figure_5.jpg -> classified as: Plots / Charts
[ThRMTCgpvo] figure_6.jpg -> classified as: Plots / Charts
[ThRMTCgpvo] figure_9.jpg -> classified as: Architecture Diagram
[ThRMTCgpvo] figure_13.jpg -> classified as: Other
  -> Skipping second pass (Other)
[ThRMTCgpvo] figure_2.jpg -> classified as: Architecture Diagram
[ThRMTCgpvo] figure_11.jpg -> classified as: Architecture Diagram
[ThRMTCgpvo] figure_7.jpg -> classified as: Plots / Charts
[ThRMTCgpvo] figure_4.jpg -> classified as: Plots / Charts
[ThRMTCgpvo] figure_1.jpg -> classified as: Architecture Diagram
[ThRMTCgpvo] figure_8.jpg -> classified as: Plots / Charts
[ThRMTCgpvo] figure_12.jpg -> classified as: Other
  -> Skipping second pass (Other)
[ThRMTCgpvo] figure_10.jpg -> classified as: Architecture Diagram
[TjCDNssXKU] figure_19.jpg -> classified as: Plots / Charts
[TjCDNssXKU] figure_23.jpg -> classified as: Plots / Charts
[TjCDNssXKU] figure_24.jpg -> classified as: Plots / Charts
[TjCDNssXKU] figure_5.jpg -> classified as: Qualitative Examples
[TjCDNssXKU] figure_6.jpg -> classified as: Qualitative Examples
[TjCDNssXKU] figure_9.jpg -> classified as: Plots / Charts
[TjCDNssXKU] figure_22.jpg -> classified as: Plots / Charts
[TjCDNssXKU] figure_18.jpg -> classified as: Plots / Charts
[TjCDNssXKU] figure_13.jpg -> classified as: Qualitative Examples
[TjCDNssXKU] figure_15.jpg -> classified as: Plots / Charts
[TjCDNssXKU] figure_2.jpg -> classified as: Architecture Diagram
[TjCDNssXKU] figure_20.jpg -> classified as: Plots / Charts
[TjCDNssXKU] figure_11.jpg -> classified as: Qualitative Examples
[TjCDNssXKU] figure_7.jpg -> classified as: Plots / Charts
[TjCDNssXKU] figure_3.jpg -> classified as: Architecture Diagram
[TjCDNssXKU] figure_4.jpg -> classified as: Architecture Diagram
[TjCDNssXKU] figure_17.jpg -> classified as: Plots / Charts
[TjCDNssXKU] figure_1.jpg -> classified as: Architecture Diagram
[TjCDNssXKU] figure_27.jpg -> classified as: Plots / Charts
[TjCDNssXKU] figure_8.jpg -> classified as: Plots / Charts
[TjCDNssXKU] figure_12.jpg -> classified as: Qualitative Examples
[TjCDNssXKU] figure_25.jpg -> classified as: Plots / Charts
[TjCDNssXKU] figure_21.jpg -> classified as: Qualitative Examples
[TjCDNssXKU] figure_26.jpg -> classified as: Plots / Charts
[TjCDNssXKU] figure_14.jpg -> classified as: Qualitative Examples
[TjCDNssXKU] figure_16.jpg -> classified as: Plots / Charts
[TjCDNssXKU] figure_10.jpg -> classified as: Qualitative Examples
[TjP1d8PP8l] figure_5.jpg -> classified as: Plots / Charts
[TjP1d8PP8l] figure_6.jpg -> classified as: Architecture Diagram
[TjP1d8PP8l] figure_9.jpg -> classified as: Qualitative Examples
[TjP1d8PP8l] figure_13.jpg -> classified as: Qualitative Examples
[TjP1d8PP8l] figure_2.jpg -> classified as: Architecture Diagram
[TjP1d8PP8l] figure_11.jpg -> classified as: Architecture Diagram
[TjP1d8PP8l] figure_7.jpg -> classified as: Architecture Diagram
[TjP1d8PP8l] figure_3.jpg -> classified as: Architecture Diagram
[TjP1d8PP8l] figure_4.jpg -> classified as: Plots / Charts
[TjP1d8PP8l] figure_1.jpg -> classified as: Architecture Diagram
[TjP1d8PP8l] figure_8.jpg -> classified as: Other
  -> Skipping second pass (Other)
[TjP1d8PP8l] figure_12.jpg -> classified as: Plots / Charts
[Tk1VQDadfL] figure_2.jpg -> classified as: Plots / Charts
[Tk1VQDadfL] figure_3.jpg -> classified as: Plots / Charts
[Tk1VQDadfL] figure_1.jpg -> classified as: Plots / Charts
[TlyiaPXaVN] figure_2.jpg -> classified as: Plots / Charts
[TlyiaPXaVN] figure_3.jpg -> classified as: Plots / Charts
[TlyiaPXaVN] figure_4.jpg -> classified as: Plots / Charts
[TlyiaPXaVN] figure_1.jpg -> classified as: Architecture Diagram
[TopFr8GeZy] figure_5.jpg -> classified as: Qualitative Examples
[TopFr8GeZy] figure_6.jpg -> classified as: Plots / Charts
[TopFr8GeZy] figure_2.jpg -> classified as: Plots / Charts
[TopFr8GeZy] figure_7.jpg -> classified as: Plots / Charts
[TopFr8GeZy] figure_3.jpg -> classified as: Plots / Charts
[TopFr8GeZy] figure_4.jpg -> classified as: Architecture Diagram
[TopFr8GeZy] figure_1.jpg -> classified as: Architecture Diagram
[Ts95eXsPBc] figure_19.jpg -> classified as: Plots / Charts
[Ts95eXsPBc] figure_5.jpg -> classified as: Plots / Charts
[Ts95eXsPBc] figure_6.jpg -> classified as: Plots / Charts
[Ts95eXsPBc] figure_9.jpg -> classified as: Architecture Diagram
[Ts95eXsPBc] figure_22.jpg -> classified as: Plots / Charts
[Ts95eXsPBc] figure_18.jpg -> classified as: Qualitative Examples
[Ts95eXsPBc] figure_13.jpg -> classified as: Plots / Charts
[Ts95eXsPBc] figure_15.jpg -> classified as: Plots / Charts
[Ts95eXsPBc] figure_2.jpg -> classified as: Architecture Diagram
[Ts95eXsPBc] figure_20.jpg -> classified as: Plots / Charts
[Ts95eXsPBc] figure_11.jpg -> classified as: Qualitative Examples
[Ts95eXsPBc] figure_7.jpg -> classified as: Qualitative Examples
[Ts95eXsPBc] figure_3.jpg -> classified as: Qualitative Examples
[Ts95eXsPBc] figure_4.jpg -> classified as: Plots / Charts
[Ts95eXsPBc] figure_17.jpg -> classified as: Qualitative Examples
[Ts95eXsPBc] figure_1.jpg -> classified as: Qualitative Examples
[Ts95eXsPBc] figure_8.jpg -> classified as: Qualitative Examples
[Ts95eXsPBc] figure_21.jpg -> classified as: Plots / Charts
[Ts95eXsPBc] figure_14.jpg -> classified as: Plots / Charts
[Ts95eXsPBc] figure_16.jpg -> classified as: Plots / Charts
[Ts95eXsPBc] figure_10.jpg -> classified as: Architecture Diagram
[TyFrPOKYXw] figure_5.jpg -> classified as: Plots / Charts
[TyFrPOKYXw] figure_6.jpg -> classified as: Plots / Charts
[TyFrPOKYXw] figure_2.jpg -> classified as: Plots / Charts
[TyFrPOKYXw] figure_7.jpg -> classified as: Plots / Charts
[TyFrPOKYXw] figure_3.jpg -> classified as: Plots / Charts
[TyFrPOKYXw] figure_4.jpg -> classified as: Plots / Charts
[TyFrPOKYXw] figure_1.jpg -> classified as: Architecture Diagram
[TyFrPOKYXw] figure_(a)_Prompt_type.jpg -> classified as: Plots / Charts
[TyZhiK6fDf] figure_5.jpg -> classified as: Plots / Charts
[TyZhiK6fDf] figure_2.jpg -> classified as: Qualitative Examples
[TyZhiK6fDf] figure_3.jpg -> classified as: Plots / Charts
[TyZhiK6fDf] figure_4.jpg -> classified as: Plots / Charts
[TyZhiK6fDf] figure_1.jpg -> classified as: Architecture Diagram
[U6Qulbv2qT] figure_2.jpg -> classified as: Architecture Diagram
[U6Qulbv2qT] figure_1.jpg -> classified as: Architecture Diagram
[UBVNwD3hPN] figure_19.jpg -> classified as: Plots / Charts
[UBVNwD3hPN] figure_23.jpg -> classified as: Plots / Charts
[UBVNwD3hPN] figure_24.jpg -> classified as: Plots / Charts
[UBVNwD3hPN] figure_5.jpg -> classified as: Architecture Diagram
[UBVNwD3hPN] figure_6.jpg -> classified as: Plots / Charts
[UBVNwD3hPN] figure_9.jpg -> classified as: Plots / Charts
[UBVNwD3hPN] figure_22.jpg -> classified as: Plots / Charts
[UBVNwD3hPN] figure_18.jpg -> classified as: Plots / Charts
[UBVNwD3hPN] figure_13.jpg -> classified as: Plots / Charts
[UBVNwD3hPN] figure_15.jpg -> classified as: Plots / Charts
[UBVNwD3hPN] figure_2.jpg -> classified as: Architecture Diagram
[UBVNwD3hPN] figure_20.jpg -> classified as: Plots / Charts
[UBVNwD3hPN] figure_11.jpg -> classified as: Architecture Diagram
[UBVNwD3hPN] figure_7.jpg -> classified as: Plots / Charts
[UBVNwD3hPN] figure_3.jpg -> classified as: Qualitative Examples
[UBVNwD3hPN] figure_4.jpg -> classified as: Plots / Charts
[UBVNwD3hPN] figure_17.jpg -> classified as: Plots / Charts
[UBVNwD3hPN] figure_1.jpg -> classified as: Qualitative Examples
[UBVNwD3hPN] figure_8.jpg -> classified as: Qualitative Examples
[UBVNwD3hPN] figure_12.jpg -> classified as: Plots / Charts
[UBVNwD3hPN] figure_25.jpg -> classified as: Plots / Charts
[UBVNwD3hPN] figure_21.jpg -> classified as: Plots / Charts
[UBVNwD3hPN] figure_14.jpg -> classified as: Plots / Charts
[UBVNwD3hPN] figure_16.jpg -> classified as: Plots / Charts
[UBVNwD3hPN] figure_10.jpg -> classified as: Other
  -> Skipping second pass (Other)
[UC9pzq9NUU] figure_2.jpg -> classified as: Qualitative Examples
[UC9pzq9NUU] figure_3.jpg -> classified as: Qualitative Examples
[UC9pzq9NUU] figure_1.jpg -> classified as: Architecture Diagram
[UCfz492fM8] figure_5.jpg -> classified as: Architecture Diagram
[UCfz492fM8] figure_2.jpg -> classified as: Architecture Diagram
[UCfz492fM8] figure_3.jpg -> classified as: Architecture Diagram
[UCfz492fM8] figure_4.jpg -> classified as: Qualitative Examples
[UCfz492fM8] figure_1.jpg -> classified as: Qualitative Examples
[UENQuayzr1] figure_30.jpg -> classified as: Plots / Charts
[UENQuayzr1] figure_19.jpg -> classified as: Plots / Charts
[UENQuayzr1] figure_23.jpg -> classified as: Plots / Charts
[UENQuayzr1] figure_29.jpg -> classified as: Plots / Charts
[UENQuayzr1] figure_24.jpg -> classified as: Plots / Charts
[UENQuayzr1] figure_5.jpg -> classified as: Plots / Charts
[UENQuayzr1] figure_6.jpg -> classified as: Plots / Charts
[UENQuayzr1] figure_9.jpg -> classified as: Architecture Diagram
[UENQuayzr1] figure_39.jpg -> classified as: Plots / Charts
[UENQuayzr1] figure_22.jpg -> classified as: Plots / Charts
[UENQuayzr1] figure_28.jpg -> classified as: Plots / Charts
[UENQuayzr1] figure_18.jpg -> classified as: Plots / Charts
[UENQuayzr1] figure_13.jpg -> classified as: Plots / Charts
[UENQuayzr1] figure_15.jpg -> classified as: Plots / Charts
[UENQuayzr1] figure_2.jpg -> classified as: Architecture Diagram
[UENQuayzr1] figure_38.jpg -> classified as: Plots / Charts
[UENQuayzr1] figure_20.jpg -> classified as: Plots / Charts
[UENQuayzr1] figure_11.jpg -> classified as: Qualitative Examples
[UENQuayzr1] figure_35.jpg -> classified as: Plots / Charts
[UENQuayzr1] figure_7.jpg -> classified as: Plots / Charts
[UENQuayzr1] figure_34.jpg -> classified as: Plots / Charts
[UENQuayzr1] figure_3.jpg -> classified as: Plots / Charts
[UENQuayzr1] figure_33.jpg -> classified as: Plots / Charts
[UENQuayzr1] figure_4.jpg -> classified as: Plots / Charts
[UENQuayzr1] figure_36.jpg -> classified as: Plots / Charts
[UENQuayzr1] figure_31.jpg -> classified as: Plots / Charts
[UENQuayzr1] figure_17.jpg -> classified as: Plots / Charts
[UENQuayzr1] figure_1.jpg -> classified as: Qualitative Examples
[UENQuayzr1] figure_27.jpg -> classified as: Plots / Charts
[UENQuayzr1] figure_37.jpg -> classified as: Plots / Charts
[UENQuayzr1] figure_8.jpg -> classified as: Architecture Diagram
[UENQuayzr1] figure_12.jpg -> classified as: Plots / Charts
[UENQuayzr1] figure_25.jpg -> classified as: Plots / Charts
[UENQuayzr1] figure_21.jpg -> classified as: Plots / Charts
[UENQuayzr1] figure_26.jpg -> classified as: Plots / Charts
[UENQuayzr1] figure_14.jpg -> classified as: Plots / Charts
[UENQuayzr1] figure_32.jpg -> classified as: Plots / Charts
[UENQuayzr1] figure_16.jpg -> classified as: Plots / Charts
[UENQuayzr1] figure_10.jpg -> classified as: Qualitative Examples
[UJeqE3gmg2] figure_(f)_Experimental_environments.jpg -> classified as: Qualitative Examples
[UJeqE3gmg2] figure_5.jpg -> classified as: Plots / Charts
[UJeqE3gmg2] figure_2.jpg -> classified as: Plots / Charts
[UJeqE3gmg2] figure_3.jpg -> classified as: Plots / Charts
[UJeqE3gmg2] figure_4.jpg -> classified as: Plots / Charts
[UNHU7uO2qM] figure_5.jpg -> classified as: Plots / Charts
[UNHU7uO2qM] figure_6.jpg -> classified as: Plots / Charts
[UNHU7uO2qM] figure_2.jpg -> classified as: Architecture Diagram
[UNHU7uO2qM] figure_7.jpg -> classified as: Plots / Charts
[UNHU7uO2qM] figure_3.jpg -> classified as: Architecture Diagram
[UNHU7uO2qM] figure_4.jpg -> classified as: Plots / Charts
[UNHU7uO2qM] figure_1.jpg -> classified as: Architecture Diagram
[UTGv8CayNt] figure_5.jpg -> classified as: Architecture Diagram
[UTGv8CayNt] figure_6.jpg -> classified as: Plots / Charts
[UTGv8CayNt] figure_2.jpg -> classified as: Plots / Charts
[UTGv8CayNt] figure_7.jpg -> classified as: Qualitative Examples
[UTGv8CayNt] figure_3.jpg -> classified as: Qualitative Examples
[UTGv8CayNt] figure_4.jpg -> classified as: Qualitative Examples
[UTGv8CayNt] figure_1.jpg -> classified as: Architecture Diagram
[UTGv8CayNt] figure_8.jpg -> classified as: Architecture Diagram
[UYcUpiULmT] figure_5.jpg -> classified as: Plots / Charts
[UYcUpiULmT] figure_6.jpg -> classified as: Qualitative Examples
[UYcUpiULmT] figure_9.jpg -> classified as: Qualitative Examples
[UYcUpiULmT] figure_2.jpg -> classified as: Architecture Diagram
[UYcUpiULmT] figure_11.jpg -> classified as: Plots / Charts
[UYcUpiULmT] figure_7.jpg -> classified as: Plots / Charts
[UYcUpiULmT] figure_3.jpg -> classified as: Qualitative Examples
[UYcUpiULmT] figure_4.jpg -> classified as: Qualitative Examples
[UYcUpiULmT] figure_1.jpg -> classified as: Qualitative Examples
[UYcUpiULmT] figure_8.jpg -> classified as: Qualitative Examples
[UYcUpiULmT] figure_10.jpg -> classified as: Qualitative Examples
Shard 1 complete.
Task 1 finished
