Initializing Qwen Client with model: qwen3-vl-8b-instruct
Using Data Root: /ceph/hpc/home/euweihez/topcon/d2025d08-005-users/data_src/balanced/balanced_th/th/balanced_theory
--- SHARD INFO ---
Job ID: 2 / 4
Processing indices: 988 to 1482 (Total: 494 papers)
Outputting to: /ceph/hpc/home/euweihez/topcon/d2025d08-005-users/img_description/th/image_descriptions_2.json
------------------
[UmMZC62SzZ] figure_5.jpg -> classified as: Plots / Charts
[UmMZC62SzZ] figure_2.jpg -> classified as: Plots / Charts
[UmMZC62SzZ] figure_3.jpg -> classified as: Plots / Charts
[UmMZC62SzZ] figure_4.jpg -> classified as: Plots / Charts
[UmMZC62SzZ] figure_1.jpg -> classified as: Plots / Charts
[UnCKU8pZVe] figure_5.jpg -> classified as: Plots / Charts
[UnCKU8pZVe] figure_6.jpg -> classified as: Plots / Charts
[UnCKU8pZVe] figure_9.jpg -> classified as: Plots / Charts
[UnCKU8pZVe] figure_13.jpg -> classified as: Plots / Charts
[UnCKU8pZVe] figure_2.jpg -> classified as: Architecture Diagram
[UnCKU8pZVe] figure_11.jpg -> classified as: Plots / Charts
[UnCKU8pZVe] figure_7.jpg -> classified as: Plots / Charts
[UnCKU8pZVe] figure_3.jpg -> classified as: Plots / Charts
[UnCKU8pZVe] figure_1.jpg -> classified as: Plots / Charts
[UnCKU8pZVe] figure_8.jpg -> classified as: Plots / Charts
[UnCKU8pZVe] figure_12.jpg -> classified as: Plots / Charts
[UnCKU8pZVe] figure_10.jpg -> classified as: Plots / Charts
[UrKbn51HjA] figure_5.jpg -> classified as: Plots / Charts
[UrKbn51HjA] figure_6.jpg -> classified as: Plots / Charts
[UrKbn51HjA] figure_9.jpg -> classified as: Plots / Charts
[UrKbn51HjA] figure_2.jpg -> classified as: Plots / Charts
[UrKbn51HjA] figure_7.jpg -> classified as: Plots / Charts
[UrKbn51HjA] figure_3.jpg -> classified as: Plots / Charts
[UrKbn51HjA] figure_4.jpg -> classified as: Plots / Charts
[UrKbn51HjA] figure_1.jpg -> classified as: Plots / Charts
[UrKbn51HjA] figure_8.jpg -> classified as: Plots / Charts
[UrKbn51HjA] figure_10.jpg -> classified as: Plots / Charts
[Ut4XAYg0NF] figure_5.jpg -> classified as: Plots / Charts
[Ut4XAYg0NF] figure_2.jpg -> classified as: Plots / Charts
[Ut4XAYg0NF] figure_3.jpg -> classified as: Plots / Charts
[Ut4XAYg0NF] figure_4.jpg -> classified as: Plots / Charts
[Ut4XAYg0NF] figure_1.jpg -> classified as: Plots / Charts
[UvpuGrd6ey] figure_2.jpg -> classified as: Plots / Charts
[UvpuGrd6ey] figure_3.jpg -> classified as: Plots / Charts
[UvpuGrd6ey] figure_4.jpg -> classified as: Plots / Charts
[UvpuGrd6ey] figure_1.jpg -> classified as: Plots / Charts
[UyhRtB4hjN] figure_19.jpg -> classified as: Plots / Charts
[UyhRtB4hjN] figure_5.jpg -> classified as: Plots / Charts
[UyhRtB4hjN] figure_6.jpg -> classified as: Plots / Charts
[UyhRtB4hjN] figure_22.jpg -> classified as: Plots / Charts
[UyhRtB4hjN] figure_18.jpg -> classified as: Plots / Charts
[UyhRtB4hjN] figure_13.jpg -> classified as: Plots / Charts
[UyhRtB4hjN] figure_15.jpg -> classified as: Plots / Charts
[UyhRtB4hjN] figure_2.jpg -> classified as: Architecture Diagram
[UyhRtB4hjN] figure_20.jpg -> classified as: Plots / Charts
[UyhRtB4hjN] figure_11.jpg -> classified as: Plots / Charts
[UyhRtB4hjN] figure_7.jpg -> classified as: Plots / Charts
[UyhRtB4hjN] figure_3.jpg -> classified as: Plots / Charts
[UyhRtB4hjN] figure_4.jpg -> classified as: Plots / Charts
[UyhRtB4hjN] figure_17.jpg -> classified as: Plots / Charts
[UyhRtB4hjN] figure_1.jpg -> classified as: Architecture Diagram
[UyhRtB4hjN] figure_12.jpg -> classified as: Plots / Charts
[UyhRtB4hjN] figure_21.jpg -> classified as: Plots / Charts
[UyhRtB4hjN] figure_14.jpg -> classified as: Plots / Charts
[UyhRtB4hjN] figure_16.jpg -> classified as: Plots / Charts
[UyhRtB4hjN] figure_10.jpg -> classified as: Qualitative Examples
[V163iNHVi7] figure_2.jpg -> classified as: Plots / Charts
[V163iNHVi7] figure_3.jpg -> classified as: Plots / Charts
[V163iNHVi7] figure_4.jpg -> classified as: Plots / Charts
[V163iNHVi7] figure_1.jpg -> classified as: Plots / Charts
[V1GM9xDvIY] figure_1.jpg -> classified as: Plots / Charts
[V4Xs283LHH] figure_5.jpg -> classified as: Plots / Charts
[V4Xs283LHH] figure_3.jpg -> classified as: Plots / Charts
[V4Xs283LHH] figure_4.jpg -> classified as: Plots / Charts
[V4Xs283LHH] figure_1.jpg -> classified as: Architecture Diagram
[V5kCKFav9j] figure_5.jpg -> classified as: Plots / Charts
[V5kCKFav9j] figure_6.jpg -> classified as: Plots / Charts
[V5kCKFav9j] figure_9.jpg -> classified as: Plots / Charts
[V5kCKFav9j] figure_13.jpg -> classified as: Plots / Charts
[V5kCKFav9j] figure_2.jpg -> classified as: Plots / Charts
[V5kCKFav9j] figure_11.jpg -> classified as: Plots / Charts
[V5kCKFav9j] figure_7.jpg -> classified as: Plots / Charts
[V5kCKFav9j] figure_4.jpg -> classified as: Plots / Charts
[V5kCKFav9j] figure_1.jpg -> classified as: Qualitative Examples
[V5kCKFav9j] figure_10.jpg -> classified as: Plots / Charts
[V5ns6uvRZ9] figure_(a)_Normally_distributed_1.jpg -> classified as: Plots / Charts
[V5ns6uvRZ9] figure_(b)_A_comparison.jpg -> classified as: Plots / Charts
[V5ns6uvRZ9] figure_5.jpg -> classified as: Plots / Charts
[V5ns6uvRZ9] figure_3.jpg -> classified as: Plots / Charts
[V5ns6uvRZ9] figure_4.jpg -> classified as: Plots / Charts
[V5ns6uvRZ9] figure_(a)_Normally_distributed.jpg -> classified as: Plots / Charts
[V5ns6uvRZ9] figure_(b)_A_small.jpg -> classified as: Plots / Charts
[V6hhhXoTSq] figure_1.jpg -> classified as: Plots / Charts
[V7uPprVelO] figure_2.jpg -> classified as: Qualitative Examples
[V7uPprVelO] figure_3.jpg -> classified as: Qualitative Examples
[V7uPprVelO] figure_1.jpg -> classified as: Architecture Diagram
[V9C0cuEWbR] figure_5.jpg -> classified as: Qualitative Examples
[V9C0cuEWbR] figure_6.jpg -> classified as: Plots / Charts
[V9C0cuEWbR] figure_2.jpg -> classified as: Qualitative Examples
[V9C0cuEWbR] figure_7.jpg -> classified as: Plots / Charts
[V9C0cuEWbR] figure_3.jpg -> classified as: Plots / Charts
[V9C0cuEWbR] figure_4.jpg -> classified as: Architecture Diagram
[V9C0cuEWbR] figure_1.jpg -> classified as: Plots / Charts
[V9C0cuEWbR] figure_8.jpg -> classified as: Plots / Charts
[VAvZ4oinpa] figure_5.jpg -> classified as: Plots / Charts
[VAvZ4oinpa] figure_6.jpg -> classified as: Qualitative Examples
[VAvZ4oinpa] figure_2.jpg -> classified as: Architecture Diagram
[VAvZ4oinpa] figure_Figure_$4_;.jpg -> classified as: Plots / Charts
[VAvZ4oinpa] figure_7.jpg -> classified as: Plots / Charts
[VAvZ4oinpa] figure_3.jpg -> classified as: Plots / Charts
[VAvZ4oinpa] figure_1.jpg -> classified as: Architecture Diagram
[VAvZ4oinpa] figure_8.jpg -> classified as: Qualitative Examples
[VD4PFpecG2] figure_2.jpg -> classified as: Plots / Charts
[VD4PFpecG2] figure_3.jpg -> classified as: Plots / Charts
[VD4PFpecG2] figure_1.jpg -> classified as: Plots / Charts
[VEJzjAvaIy] figure_2.jpg -> classified as: Plots / Charts
[VEJzjAvaIy] figure_3.jpg -> classified as: Plots / Charts
[VEJzjAvaIy] figure_4.jpg -> classified as: Plots / Charts
[VEJzjAvaIy] figure_1.jpg -> classified as: Plots / Charts
[VELhv9BBfn] figure_5.jpg -> classified as: Plots / Charts
[VELhv9BBfn] figure_6.jpg -> classified as: Plots / Charts
[VELhv9BBfn] figure_9.jpg -> classified as: Plots / Charts
[VELhv9BBfn] figure_2.jpg -> classified as: Plots / Charts
[VELhv9BBfn] figure_7.jpg -> classified as: Plots / Charts
[VELhv9BBfn] figure_3.jpg -> classified as: Plots / Charts
[VELhv9BBfn] figure_4.jpg -> classified as: Plots / Charts
[VELhv9BBfn] figure_1.jpg -> classified as: Plots / Charts
[VELhv9BBfn] figure_8.jpg -> classified as: Plots / Charts
[VHguhvcoM5] figure_5.jpg -> classified as: Plots / Charts
[VHguhvcoM5] figure_6.jpg -> classified as: Plots / Charts
[VHguhvcoM5] figure_9.jpg -> classified as: Plots / Charts
[VHguhvcoM5] figure_2.jpg -> classified as: Architecture Diagram
[VHguhvcoM5] figure_7.jpg -> classified as: Plots / Charts
[VHguhvcoM5] figure_3.jpg -> classified as: Plots / Charts
[VHguhvcoM5] figure_4.jpg -> classified as: Plots / Charts
[VHguhvcoM5] figure_1.jpg -> classified as: Qualitative Examples
[VHguhvcoM5] figure_8.jpg -> classified as: Plots / Charts
[VJLD9MquPH] figure_5.jpg -> classified as: Plots / Charts
[VJLD9MquPH] figure_6.jpg -> classified as: Plots / Charts
[VJLD9MquPH] figure_2.jpg -> classified as: Plots / Charts
[VJLD9MquPH] figure_7.jpg -> classified as: Plots / Charts
[VJLD9MquPH] figure_3.jpg -> classified as: Plots / Charts
[VJLD9MquPH] figure_4.jpg -> classified as: Plots / Charts
[VJLD9MquPH] figure_1.jpg -> classified as: Plots / Charts
[VNyIVrKrqv] figure_5.jpg -> classified as: Architecture Diagram
[VNyIVrKrqv] figure_6.jpg -> classified as: Plots / Charts
[VNyIVrKrqv] figure_2.jpg -> classified as: Architecture Diagram
[VNyIVrKrqv] figure_3.jpg -> classified as: Plots / Charts
[VNyIVrKrqv] figure_4.jpg -> classified as: Plots / Charts
[VNyIVrKrqv] figure_1.jpg -> classified as: Architecture Diagram
[VOoJEQlLW5] figure_A.jpg -> classified as: Plots / Charts
[VOoJEQlLW5] figure_C_5.jpg -> classified as: Plots / Charts
[VOoJEQlLW5] figure_2.jpg -> classified as: Plots / Charts
[VOoJEQlLW5] figure_C_1.jpg -> classified as: Plots / Charts
[VOoJEQlLW5] figure_C_4.jpg -> classified as: Plots / Charts
[VOoJEQlLW5] figure_C_2.jpg -> classified as: Plots / Charts
[VOoJEQlLW5] figure_B.jpg -> classified as: Plots / Charts
[VOoJEQlLW5] figure_C_3.jpg -> classified as: Plots / Charts
[VOoJEQlLW5] figure_3.jpg -> classified as: Plots / Charts
[VOoJEQlLW5] figure_4.jpg -> classified as: Plots / Charts
[VOoJEQlLW5] figure_C_7.jpg -> classified as: Qualitative Examples
[VOoJEQlLW5] figure_C.jpg -> classified as: Plots / Charts
[VOoJEQlLW5] figure_1.jpg -> classified as: Plots / Charts
[VOoJEQlLW5] figure_C_6.jpg -> classified as: Plots / Charts
[VRCh74Liu9] figure_1.jpg -> classified as: Plots / Charts
[VRbypIkXrt] figure_5.jpg -> classified as: Plots / Charts
[VRbypIkXrt] figure_6.jpg -> classified as: Plots / Charts
[VRbypIkXrt] figure_2.jpg -> classified as: Plots / Charts
[VRbypIkXrt] figure_7.jpg -> classified as: Plots / Charts
[VRbypIkXrt] figure_3.jpg -> classified as: Plots / Charts
[VRbypIkXrt] figure_4.jpg -> classified as: Plots / Charts
[VRbypIkXrt] figure_1.jpg -> classified as: Plots / Charts
[VRbypIkXrt] figure_8.jpg -> classified as: Plots / Charts
[VSidzaTzpd] figure_5.jpg -> classified as: Plots / Charts
[VSidzaTzpd] figure_2.jpg -> classified as: Plots / Charts
[VSidzaTzpd] figure_3.jpg -> classified as: Plots / Charts
[VSidzaTzpd] figure_4.jpg -> classified as: Architecture Diagram
[VSidzaTzpd] figure_1.jpg -> classified as: Plots / Charts
[VWj9rTfZzQ] figure_30.jpg -> classified as: Plots / Charts
[VWj9rTfZzQ] figure_19.jpg -> classified as: Qualitative Examples
[VWj9rTfZzQ] figure_23.jpg -> classified as: Architecture Diagram
[VWj9rTfZzQ] figure_29.jpg -> classified as: Plots / Charts
[VWj9rTfZzQ] figure_24.jpg -> classified as: Plots / Charts
[VWj9rTfZzQ] figure_5.jpg -> classified as: Qualitative Examples
[VWj9rTfZzQ] figure_6.jpg -> classified as: Plots / Charts
[VWj9rTfZzQ] figure_9.jpg -> classified as: Plots / Charts
[VWj9rTfZzQ] figure_22.jpg -> classified as: Qualitative Examples
[VWj9rTfZzQ] figure_28.jpg -> classified as: Plots / Charts
[VWj9rTfZzQ] figure_18.jpg -> classified as: Qualitative Examples
[VWj9rTfZzQ] figure_13.jpg -> classified as: Architecture Diagram
[VWj9rTfZzQ] figure_15.jpg -> classified as: Other
  -> Skipping second pass (Other)
[VWj9rTfZzQ] figure_2.jpg -> classified as: Other
  -> Skipping second pass (Other)
[VWj9rTfZzQ] figure_20.jpg -> classified as: Qualitative Examples
[VWj9rTfZzQ] figure_11.jpg -> classified as: Plots / Charts
[VWj9rTfZzQ] figure_7.jpg -> classified as: Plots / Charts
[VWj9rTfZzQ] figure_3.jpg -> classified as: Plots / Charts
[VWj9rTfZzQ] figure_4.jpg -> classified as: Architecture Diagram
[VWj9rTfZzQ] figure_31.jpg -> classified as: Qualitative Examples
[VWj9rTfZzQ] figure_17.jpg -> classified as: Plots / Charts
[VWj9rTfZzQ] figure_1.jpg -> classified as: Other
  -> Skipping second pass (Other)
[VWj9rTfZzQ] figure_27.jpg -> classified as: Plots / Charts
[VWj9rTfZzQ] figure_8.jpg -> classified as: Architecture Diagram
[VWj9rTfZzQ] figure_12.jpg -> classified as: Qualitative Examples
[VWj9rTfZzQ] figure_25.jpg -> classified as: Plots / Charts
[VWj9rTfZzQ] figure_21.jpg -> classified as: Plots / Charts
[VWj9rTfZzQ] figure_26.jpg -> classified as: Plots / Charts
[VWj9rTfZzQ] figure_14.jpg -> classified as: Plots / Charts
[VWj9rTfZzQ] figure_32.jpg -> classified as: Plots / Charts
[VWj9rTfZzQ] figure_16.jpg -> classified as: Architecture Diagram
[VWj9rTfZzQ] figure_10.jpg -> classified as: Plots / Charts
[VXDPXuq4oG] figure_F_1.jpg -> classified as: Plots / Charts
[VXDPXuq4oG] figure_4.2.jpg -> classified as: Plots / Charts
[VXDPXuq4oG] figure_E_4.jpg -> classified as: Plots / Charts
[VXDPXuq4oG] figure_E_13.jpg -> classified as: Plots / Charts
[VXDPXuq4oG] figure_E_10.jpg -> classified as: Plots / Charts
[VXDPXuq4oG] figure_E_2.jpg -> classified as: Plots / Charts
[VXDPXuq4oG] figure_E_1.jpg -> classified as: Plots / Charts
[VXDPXuq4oG] figure_E_11.jpg -> classified as: Plots / Charts
[VXDPXuq4oG] figure_E_5.jpg -> classified as: Plots / Charts
[VXDPXuq4oG] figure_5.1.jpg -> classified as: Plots / Charts
[VXDPXuq4oG] figure_4.1.jpg -> classified as: Plots / Charts
[VXDPXuq4oG] figure_F.jpg -> classified as: Plots / Charts
[VXDPXuq4oG] figure_E_7.jpg -> classified as: Plots / Charts
[VXDPXuq4oG] figure_E.jpg -> classified as: Plots / Charts
[VXDPXuq4oG] figure_E_8.jpg -> classified as: Plots / Charts
[VXDPXuq4oG] figure_E_6.jpg -> classified as: Plots / Charts
[VXDPXuq4oG] figure_E_3.jpg -> classified as: Plots / Charts
[VXDPXuq4oG] figure_F_2.jpg -> classified as: Plots / Charts
[VXDPXuq4oG] figure_E_9.jpg -> classified as: Plots / Charts
[VXDPXuq4oG] figure_5.2.jpg -> classified as: Plots / Charts
[VXDPXuq4oG] figure_E_12.jpg -> classified as: Plots / Charts
[VY96NfQRIo] figure_5.jpg -> classified as: Plots / Charts
[VY96NfQRIo] figure_6.jpg -> classified as: Plots / Charts
[VY96NfQRIo] figure_2.jpg -> classified as: Plots / Charts
[VY96NfQRIo] figure_7.jpg -> classified as: Qualitative Examples
[VY96NfQRIo] figure_3.jpg -> classified as: Plots / Charts
[VY96NfQRIo] figure_4.jpg -> classified as: Plots / Charts
[VY96NfQRIo] figure_1.jpg -> classified as: Plots / Charts
[VY96NfQRIo] figure_8.jpg -> classified as: Qualitative Examples
[VZN0irKnl0] figure_30.jpg -> classified as: Plots / Charts
[VZN0irKnl0] figure_19.jpg -> classified as: Plots / Charts
[VZN0irKnl0] figure_23.jpg -> classified as: Plots / Charts
[VZN0irKnl0] figure_29.jpg -> classified as: Plots / Charts
[VZN0irKnl0] figure_24.jpg -> classified as: Plots / Charts
[VZN0irKnl0] figure_5.jpg -> classified as: Plots / Charts
[VZN0irKnl0] figure_6.jpg -> classified as: Plots / Charts
[VZN0irKnl0] figure_9.jpg -> classified as: Plots / Charts
[VZN0irKnl0] figure_22.jpg -> classified as: Plots / Charts
[VZN0irKnl0] figure_28.jpg -> classified as: Plots / Charts
[VZN0irKnl0] figure_18.jpg -> classified as: Plots / Charts
[VZN0irKnl0] figure_13.jpg -> classified as: Plots / Charts
[VZN0irKnl0] figure_15.jpg -> classified as: Plots / Charts
[VZN0irKnl0] figure_2.jpg -> classified as: Plots / Charts
[VZN0irKnl0] figure_20.jpg -> classified as: Plots / Charts
[VZN0irKnl0] figure_11.jpg -> classified as: Plots / Charts
[VZN0irKnl0] figure_7.jpg -> classified as: Plots / Charts
[VZN0irKnl0] figure_3.jpg -> classified as: Plots / Charts
[VZN0irKnl0] figure_4.jpg -> classified as: Plots / Charts
[VZN0irKnl0] figure_31.jpg -> classified as: Plots / Charts
[VZN0irKnl0] figure_17.jpg -> classified as: Plots / Charts
[VZN0irKnl0] figure_1.jpg -> classified as: Plots / Charts
[VZN0irKnl0] figure_27.jpg -> classified as: Plots / Charts
[VZN0irKnl0] figure_8.jpg -> classified as: Plots / Charts
[VZN0irKnl0] figure_12.jpg -> classified as: Plots / Charts
[VZN0irKnl0] figure_25.jpg -> classified as: Plots / Charts
[VZN0irKnl0] figure_21.jpg -> classified as: Plots / Charts
[VZN0irKnl0] figure_26.jpg -> classified as: Plots / Charts
[VZN0irKnl0] figure_14.jpg -> classified as: Plots / Charts
[VZN0irKnl0] figure_32.jpg -> classified as: Plots / Charts
[VZN0irKnl0] figure_16.jpg -> classified as: Plots / Charts
[VZN0irKnl0] figure_10.jpg -> classified as: Plots / Charts
[Va2IQ471GR] figure_2.jpg -> classified as: Plots / Charts
[Va2IQ471GR] figure_1.jpg -> classified as: Plots / Charts
[VdURgvImVn] figure_5.jpg -> classified as: Plots / Charts
[VdURgvImVn] figure_2.jpg -> classified as: Plots / Charts
[VdURgvImVn] figure_3.jpg -> classified as: Plots / Charts
[VdURgvImVn] figure_4.jpg -> classified as: Plots / Charts
[VdURgvImVn] figure_1.jpg -> classified as: Plots / Charts
[VdkGRV1vcf] figure_5.jpg -> classified as: Qualitative Examples
[VdkGRV1vcf] figure_6.jpg -> classified as: Plots / Charts
[VdkGRV1vcf] figure_9.jpg -> classified as: Qualitative Examples
[VdkGRV1vcf] figure_2.jpg -> classified as: Qualitative Examples
[VdkGRV1vcf] figure_7.jpg -> classified as: Qualitative Examples
[VdkGRV1vcf] figure_4.jpg -> classified as: Plots / Charts
[VdkGRV1vcf] figure_1.jpg -> classified as: Plots / Charts
[VdkGRV1vcf] figure_8.jpg -> classified as: Qualitative Examples
[VgtpRXhxli] figure_2.jpg -> classified as: Architecture Diagram
[VgtpRXhxli] figure_3.jpg -> classified as: Plots / Charts
[VgtpRXhxli] figure_4.jpg -> classified as: Plots / Charts
[VgtpRXhxli] figure_1.jpg -> classified as: Architecture Diagram
[VhFSqBOYLs] figure_5.jpg -> classified as: Qualitative Examples
[VhFSqBOYLs] figure_6.jpg -> classified as: Qualitative Examples
[VhFSqBOYLs] figure_9.jpg -> classified as: Qualitative Examples
[VhFSqBOYLs] figure_13.jpg -> classified as: Qualitative Examples
[VhFSqBOYLs] figure_2.jpg -> classified as: Plots / Charts
[VhFSqBOYLs] figure_11.jpg -> classified as: Qualitative Examples
[VhFSqBOYLs] figure_7.jpg -> classified as: Qualitative Examples
[VhFSqBOYLs] figure_3.jpg -> classified as: Qualitative Examples
[VhFSqBOYLs] figure_4.jpg -> classified as: Qualitative Examples
[VhFSqBOYLs] figure_1.jpg -> classified as: Qualitative Examples
[VhFSqBOYLs] figure_8.jpg -> classified as: Plots / Charts
[VhFSqBOYLs] figure_12.jpg -> classified as: Qualitative Examples
[VhFSqBOYLs] figure_14.jpg -> classified as: Qualitative Examples
[VhFSqBOYLs] figure_10.jpg -> classified as: Qualitative Examples
[Vlo3Gad3YP] figure_5.jpg -> classified as: Plots / Charts
[Vlo3Gad3YP] figure_2.jpg -> classified as: Architecture Diagram
[Vlo3Gad3YP] figure_3.jpg -> classified as: Plots / Charts
[Vlo3Gad3YP] figure_4.jpg -> classified as: Plots / Charts
[Vlo3Gad3YP] figure_1.jpg -> classified as: Architecture Diagram
[VnaJNW80pN] figure_2.jpg -> classified as: Plots / Charts
[VnaJNW80pN] figure_3.jpg -> classified as: Plots / Charts
[VnaJNW80pN] figure_1.jpg -> classified as: Architecture Diagram
[VoI4d6uhdr] figure_5.jpg -> classified as: Plots / Charts
[VoI4d6uhdr] figure_6.jpg -> classified as: Plots / Charts
[VoI4d6uhdr] figure_9.jpg -> classified as: Plots / Charts
[VoI4d6uhdr] figure_13.jpg -> classified as: Plots / Charts
[VoI4d6uhdr] figure_15.jpg -> classified as: Plots / Charts
[VoI4d6uhdr] figure_2.jpg -> classified as: Plots / Charts
[VoI4d6uhdr] figure_11.jpg -> classified as: Plots / Charts
[VoI4d6uhdr] figure_7.jpg -> classified as: Plots / Charts
[VoI4d6uhdr] figure_3.jpg -> classified as: Plots / Charts
[VoI4d6uhdr] figure_4.jpg -> classified as: Plots / Charts
[VoI4d6uhdr] figure_1.jpg -> classified as: Plots / Charts
[VoI4d6uhdr] figure_8.jpg -> classified as: Plots / Charts
[VoI4d6uhdr] figure_12.jpg -> classified as: Plots / Charts
[VoI4d6uhdr] figure_14.jpg -> classified as: Plots / Charts
[VoI4d6uhdr] figure_10.jpg -> classified as: Plots / Charts
[VpWki1v2P8] figure_2.jpg -> classified as: Plots / Charts
[VpWki1v2P8] figure_3.jpg -> classified as: Plots / Charts
[VpWki1v2P8] figure_4.jpg -> classified as: Plots / Charts
[VpWki1v2P8] figure_1.jpg -> classified as: Plots / Charts
[VxJjw52dZu] figure_5.jpg -> classified as: Plots / Charts
[VxJjw52dZu] figure_6.jpg -> classified as: Architecture Diagram
[VxJjw52dZu] figure_7.jpg -> classified as: Qualitative Examples
[VxJjw52dZu] figure_3.jpg -> classified as: Plots / Charts
[VxJjw52dZu] figure_4.jpg -> classified as: Plots / Charts
[VxJjw52dZu] figure_1.jpg -> classified as: Architecture Diagram
[VxJjw52dZu] figure_8.jpg -> classified as: Plots / Charts
[Vz5HgVwcdu] figure_3.jpg -> classified as: Architecture Diagram
[Vz5HgVwcdu] figure_(a)_For_the.jpg -> classified as: Architecture Diagram
[Vz5HgVwcdu] figure_1.jpg -> classified as: Plots / Charts
[W2HJKGnb5y] figure_2.jpg -> classified as: Plots / Charts
[W2HJKGnb5y] figure_1.jpg -> classified as: Plots / Charts
[W2dR6rypBQ] figure_2.jpg -> classified as: Architecture Diagram
[W2dR6rypBQ] figure_3.jpg -> classified as: Other
  -> Skipping second pass (Other)
[W2dR6rypBQ] figure_4.jpg -> classified as: Other
  -> Skipping second pass (Other)
[W2dR6rypBQ] figure_1.jpg -> classified as: Architecture Diagram
[W3T9rql5eo] figure_19.jpg -> classified as: Plots / Charts
[W3T9rql5eo] figure_5.jpg -> classified as: Plots / Charts
[W3T9rql5eo] figure_6.jpg -> classified as: Plots / Charts
[W3T9rql5eo] figure_9.jpg -> classified as: Plots / Charts
[W3T9rql5eo] figure_18.jpg -> classified as: Plots / Charts
[W3T9rql5eo] figure_13.jpg -> classified as: Plots / Charts
[W3T9rql5eo] figure_15.jpg -> classified as: Plots / Charts
[W3T9rql5eo] figure_2.jpg -> classified as: Plots / Charts
[W3T9rql5eo] figure_11.jpg -> classified as: Plots / Charts
[W3T9rql5eo] figure_7.jpg -> classified as: Plots / Charts
[W3T9rql5eo] figure_3.jpg -> classified as: Architecture Diagram
[W3T9rql5eo] figure_4.jpg -> classified as: Plots / Charts
[W3T9rql5eo] figure_17.jpg -> classified as: Plots / Charts
[W3T9rql5eo] figure_1.jpg -> classified as: Plots / Charts
[W3T9rql5eo] figure_8.jpg -> classified as: Plots / Charts
[W3T9rql5eo] figure_12.jpg -> classified as: Plots / Charts
[W3T9rql5eo] figure_14.jpg -> classified as: Plots / Charts
[W3T9rql5eo] figure_16.jpg -> classified as: Plots / Charts
[W3T9rql5eo] figure_10.jpg -> classified as: Plots / Charts
[W5yncAUfSG] figure_2.jpg -> classified as: Plots / Charts
[W5yncAUfSG] figure_3.jpg -> classified as: Plots / Charts
[W5yncAUfSG] figure_4.jpg -> classified as: Architecture Diagram
[W5yncAUfSG] figure_1.jpg -> classified as: Plots / Charts
[W6hzM9DMMU] figure_5.jpg -> classified as: Plots / Charts
[W6hzM9DMMU] figure_6.jpg -> classified as: Plots / Charts
[W6hzM9DMMU] figure_9.jpg -> classified as: Plots / Charts
[W6hzM9DMMU] figure_2.jpg -> classified as: Plots / Charts
[W6hzM9DMMU] figure_7.jpg -> classified as: Plots / Charts
[W6hzM9DMMU] figure_3.jpg -> classified as: Plots / Charts
[W6hzM9DMMU] figure_4.jpg -> classified as: Plots / Charts
[W6hzM9DMMU] figure_1.jpg -> classified as: Architecture Diagram
[W6hzM9DMMU] figure_8.jpg -> classified as: Plots / Charts
[W6xD7K1ajR] figure_2.jpg -> classified as: Plots / Charts
[W6xD7K1ajR] figure_3.jpg -> classified as: Plots / Charts
[W6xD7K1ajR] figure_4.jpg -> classified as: Plots / Charts
[W6xD7K1ajR] figure_1.jpg -> classified as: Plots / Charts
[W8xukd70cU] figure_5.jpg -> classified as: Plots / Charts
[W8xukd70cU] figure_6.jpg -> classified as: Plots / Charts
[W8xukd70cU] figure_9.jpg -> classified as: Qualitative Examples
[W8xukd70cU] figure_13.jpg -> classified as: Plots / Charts
[W8xukd70cU] figure_2.jpg -> classified as: Other
  -> Skipping second pass (Other)
[W8xukd70cU] figure_11.jpg -> classified as: Plots / Charts
[W8xukd70cU] figure_3.jpg -> classified as: Plots / Charts
[W8xukd70cU] figure_4.jpg -> classified as: Plots / Charts
[W8xukd70cU] figure_1.jpg -> classified as: Plots / Charts
[W8xukd70cU] figure_8.jpg -> classified as: Architecture Diagram
[W8xukd70cU] figure_12.jpg -> classified as: Plots / Charts
[W8xukd70cU] figure_14.jpg -> classified as: Plots / Charts
[W8xukd70cU] figure_10.jpg -> classified as: Qualitative Examples
[WA84oMWHaH] figure_2.jpg -> classified as: Plots / Charts
[WA84oMWHaH] figure_3.jpg -> classified as: Plots / Charts
[WA84oMWHaH] figure_4.jpg -> classified as: Plots / Charts
[WA84oMWHaH] figure_1.jpg -> classified as: Architecture Diagram
[WHhZv8X5zF] figure_2.jpg -> classified as: Plots / Charts
[WHhZv8X5zF] figure_1.jpg -> classified as: Plots / Charts
[WJaUkwci9o] figure_5.jpg -> classified as: Plots / Charts
[WJaUkwci9o] figure_6.jpg -> classified as: Plots / Charts
[WJaUkwci9o] figure_9.jpg -> classified as: Plots / Charts
[WJaUkwci9o] figure_2.jpg -> classified as: Plots / Charts
[WJaUkwci9o] figure_7.jpg -> classified as: Plots / Charts
[WJaUkwci9o] figure_3.jpg -> classified as: Plots / Charts
[WJaUkwci9o] figure_4.jpg -> classified as: Plots / Charts
[WJaUkwci9o] figure_1.jpg -> classified as: Plots / Charts
[WJaUkwci9o] figure_8.jpg -> classified as: Plots / Charts
[WKALcMvCdm] figure_5.jpg -> classified as: Plots / Charts
[WKALcMvCdm] figure_2.jpg -> classified as: Plots / Charts
[WKALcMvCdm] figure_3.jpg -> classified as: Plots / Charts
[WKALcMvCdm] figure_4.jpg -> classified as: Plots / Charts
[WKALcMvCdm] figure_1.jpg -> classified as: Architecture Diagram
[WPz5e5V85k] figure_2.jpg -> classified as: Plots / Charts
[WPz5e5V85k] figure_3.jpg -> classified as: Plots / Charts
[WPz5e5V85k] figure_1.jpg -> classified as: Plots / Charts
[WQy61tS53c] figure_19.jpg -> classified as: Plots / Charts
[WQy61tS53c] figure_5.jpg -> classified as: Plots / Charts
[WQy61tS53c] figure_6.jpg -> classified as: Plots / Charts
[WQy61tS53c] figure_9.jpg -> classified as: Plots / Charts
[WQy61tS53c] figure_22.jpg -> classified as: Plots / Charts
[WQy61tS53c] figure_18.jpg -> classified as: Plots / Charts
[WQy61tS53c] figure_13.jpg -> classified as: Qualitative Examples
[WQy61tS53c] figure_15.jpg -> classified as: Plots / Charts
[WQy61tS53c] figure_2.jpg -> classified as: Plots / Charts
[WQy61tS53c] figure_20.jpg -> classified as: Plots / Charts
[WQy61tS53c] figure_11.jpg -> classified as: Plots / Charts
[WQy61tS53c] figure_7.jpg -> classified as: Qualitative Examples
[WQy61tS53c] figure_3.jpg -> classified as: Plots / Charts
[WQy61tS53c] figure_4.jpg -> classified as: Plots / Charts
[WQy61tS53c] figure_17.jpg -> classified as: Plots / Charts
[WQy61tS53c] figure_1.jpg -> classified as: Architecture Diagram
[WQy61tS53c] figure_8.jpg -> classified as: Plots / Charts
[WQy61tS53c] figure_12.jpg -> classified as: Plots / Charts
[WQy61tS53c] figure_21.jpg -> classified as: Plots / Charts
[WQy61tS53c] figure_14.jpg -> classified as: Qualitative Examples
[WQy61tS53c] figure_16.jpg -> classified as: Plots / Charts
[WQy61tS53c] figure_10.jpg -> classified as: Plots / Charts
[WRxCuhTMB2] figure_5.jpg -> classified as: Plots / Charts
[WRxCuhTMB2] figure_6.jpg -> classified as: Plots / Charts
[WRxCuhTMB2] figure_2.jpg -> classified as: Plots / Charts
[WRxCuhTMB2] figure_3.jpg -> classified as: Architecture Diagram
[WRxCuhTMB2] figure_1.jpg -> classified as: Architecture Diagram
[WVmarX0RNd] figure_5.jpg -> classified as: Plots / Charts
[WVmarX0RNd] figure_6.jpg -> classified as: Plots / Charts
[WVmarX0RNd] figure_2.jpg -> classified as: Architecture Diagram
[WVmarX0RNd] figure_7.jpg -> classified as: Plots / Charts
[WVmarX0RNd] figure_3.jpg -> classified as: Plots / Charts
[WVmarX0RNd] figure_4.jpg -> classified as: Plots / Charts
[WVmarX0RNd] figure_1.jpg -> classified as: Plots / Charts
[WVmarX0RNd] figure_8.jpg -> classified as: Plots / Charts
[WVzYMa68Of] figure_5.jpg -> classified as: Qualitative Examples
[WVzYMa68Of] figure_2.jpg -> classified as: Architecture Diagram
[WVzYMa68Of] figure_3.jpg -> classified as: Qualitative Examples
[WVzYMa68Of] figure_4.jpg -> classified as: Qualitative Examples
[WVzYMa68Of] figure_1.jpg -> classified as: Architecture Diagram
[WZfatbNdLV] figure_5.jpg -> classified as: Plots / Charts
[WZfatbNdLV] figure_6.jpg -> classified as: Plots / Charts
[WZfatbNdLV] figure_2.jpg -> classified as: Plots / Charts
[WZfatbNdLV] figure_7.jpg -> classified as: Other
  -> Skipping second pass (Other)
[WZfatbNdLV] figure_3.jpg -> classified as: Plots / Charts
[WZfatbNdLV] figure_4.jpg -> classified as: Plots / Charts
[WZfatbNdLV] figure_1.jpg -> classified as: Architecture Diagram
[WZfatbNdLV] figure_8.jpg -> classified as: Plots / Charts
[WbqBj2aC5k] figure_)_Results_for.jpg -> classified as: Plots / Charts
[WbqBj2aC5k] figure_2.jpg -> classified as: Plots / Charts
[WbqBj2aC5k] figure_3.jpg -> classified as: Plots / Charts
[WbqBj2aC5k] figure_4.jpg -> classified as: Plots / Charts
[WbqBj2aC5k] figure_(b)_Averaged_test.jpg -> classified as: Plots / Charts
[WbqBj2aC5k] figure_1.jpg -> classified as: Architecture Diagram
[WbqBj2aC5k] figure_(a)_Task_1_.jpg -> classified as: Plots / Charts
[WdhtdjoaVw] figure_5.jpg -> classified as: Plots / Charts
[WdhtdjoaVw] figure_6.jpg -> classified as: Plots / Charts
[WdhtdjoaVw] figure_9.jpg -> classified as: Plots / Charts
[WdhtdjoaVw] figure_13.jpg -> classified as: Plots / Charts
[WdhtdjoaVw] figure_15.jpg -> classified as: Plots / Charts
[WdhtdjoaVw] figure_2.jpg -> classified as: Plots / Charts
[WdhtdjoaVw] figure_11.jpg -> classified as: Plots / Charts
[WdhtdjoaVw] figure_7.jpg -> classified as: Plots / Charts
[WdhtdjoaVw] figure_3.jpg -> classified as: Plots / Charts
[WdhtdjoaVw] figure_4.jpg -> classified as: Plots / Charts
[WdhtdjoaVw] figure_17.jpg -> classified as: Plots / Charts
[WdhtdjoaVw] figure_1.jpg -> classified as: Plots / Charts
[WdhtdjoaVw] figure_8.jpg -> classified as: Plots / Charts
[WdhtdjoaVw] figure_12.jpg -> classified as: Plots / Charts
[WdhtdjoaVw] figure_14.jpg -> classified as: Plots / Charts
[WdhtdjoaVw] figure_16.jpg -> classified as: Plots / Charts
[WdhtdjoaVw] figure_10.jpg -> classified as: Plots / Charts
[Wfw4ypsgRZ] figure_1.jpg -> classified as: Plots / Charts
[WjRPZsfeBO] figure_2.jpg -> classified as: Plots / Charts
[WjRPZsfeBO] figure_3.jpg -> classified as: Architecture Diagram
[WjRPZsfeBO] figure_1.jpg -> classified as: Plots / Charts
[WlhVRh2rQ0] figure_1.jpg -> classified as: Plots / Charts
[WmB803HJkD] figure_5.jpg -> classified as: Plots / Charts
[WmB803HJkD] figure_6.jpg -> classified as: Plots / Charts
[WmB803HJkD] figure_9.jpg -> classified as: Plots / Charts
[WmB803HJkD] figure_2.jpg -> classified as: Plots / Charts
[WmB803HJkD] figure_7.jpg -> classified as: Plots / Charts
[WmB803HJkD] figure_3.jpg -> classified as: Plots / Charts
[WmB803HJkD] figure_4.jpg -> classified as: Plots / Charts
[WmB803HJkD] figure_1.jpg -> classified as: Plots / Charts
[WmB803HJkD] figure_8.jpg -> classified as: Plots / Charts
[WmB803HJkD] figure_10.jpg -> classified as: Plots / Charts
[WpQbM1kBuy] figure_5.jpg -> classified as: Plots / Charts
[WpQbM1kBuy] figure_2.jpg -> classified as: Plots / Charts
[WpQbM1kBuy] figure_3.jpg -> classified as: Plots / Charts
[WpQbM1kBuy] figure_4.jpg -> classified as: Plots / Charts
[WpQbM1kBuy] figure_1.jpg -> classified as: Plots / Charts
[WqsYs05Ri7] figure_5.jpg -> classified as: Plots / Charts
[WqsYs05Ri7] figure_6.jpg -> classified as: Other
  -> Skipping second pass (Other)
[WqsYs05Ri7] figure_9.jpg -> classified as: Qualitative Examples
[WqsYs05Ri7] figure_2.jpg -> classified as: Qualitative Examples
[WqsYs05Ri7] figure_7.jpg -> classified as: Qualitative Examples
[WqsYs05Ri7] figure_3.jpg -> classified as: Plots / Charts
[WqsYs05Ri7] figure_4.jpg -> classified as: Plots / Charts
[WqsYs05Ri7] figure_1.jpg -> classified as: Architecture Diagram
[WqsYs05Ri7] figure_8.jpg -> classified as: Qualitative Examples
[WqsYs05Ri7] figure_10.jpg -> classified as: Qualitative Examples
[WrdLgVY5ZH] figure_5.jpg -> classified as: Architecture Diagram
[WrdLgVY5ZH] figure_6.jpg -> classified as: Plots / Charts
[WrdLgVY5ZH] figure_2.jpg -> classified as: Plots / Charts
[WrdLgVY5ZH] figure_7.jpg -> classified as: Plots / Charts
[WrdLgVY5ZH] figure_3.jpg -> classified as: Plots / Charts
[WrdLgVY5ZH] figure_4.jpg -> classified as: Qualitative Examples
[WrdLgVY5ZH] figure_1.jpg -> classified as: Architecture Diagram
[WszeEzjcq2] figure_2.jpg -> classified as: Plots / Charts
[WszeEzjcq2] figure_3.jpg -> classified as: Plots / Charts
[WszeEzjcq2] figure_4.jpg -> classified as: Plots / Charts
[WszeEzjcq2] figure_1.jpg -> classified as: Plots / Charts
[WtNgFrPn8y] figure_5.jpg -> classified as: Plots / Charts
[WtNgFrPn8y] figure_6.jpg -> classified as: Plots / Charts
[WtNgFrPn8y] figure_9.jpg -> classified as: Plots / Charts
[WtNgFrPn8y] figure_2.jpg -> classified as: Plots / Charts
[WtNgFrPn8y] figure_7.jpg -> classified as: Plots / Charts
[WtNgFrPn8y] figure_3.jpg -> classified as: Plots / Charts
[WtNgFrPn8y] figure_4.jpg -> classified as: Plots / Charts
[WtNgFrPn8y] figure_1.jpg -> classified as: Plots / Charts
[WtNgFrPn8y] figure_8.jpg -> classified as: Plots / Charts
[WtNgFrPn8y] figure_10.jpg -> classified as: Plots / Charts
[WuTczPV8WC] figure_1.jpg -> classified as: Architecture Diagram
[Ww9rWUAcdo] figure_A10.jpg -> classified as: Plots / Charts
[Ww9rWUAcdo] figure_A7.jpg -> classified as: Plots / Charts
[Ww9rWUAcdo] figure_A8.jpg -> classified as: Plots / Charts
[Ww9rWUAcdo] figure_A12.jpg -> classified as: Plots / Charts
[Ww9rWUAcdo] figure_2.jpg -> classified as: Plots / Charts
[Ww9rWUAcdo] figure_A11.jpg -> classified as: Plots / Charts
[Ww9rWUAcdo] figure_A16.jpg -> classified as: Qualitative Examples
[Ww9rWUAcdo] figure_A19.jpg -> classified as: Plots / Charts
[Ww9rWUAcdo] figure_A18.jpg -> classified as: Plots / Charts
[Ww9rWUAcdo] figure_A15.jpg -> classified as: Plots / Charts
[Ww9rWUAcdo] figure_A17.jpg -> classified as: Plots / Charts
[Ww9rWUAcdo] figure_A6.jpg -> classified as: Plots / Charts
[Ww9rWUAcdo] figure_A13.jpg -> classified as: Plots / Charts
[Ww9rWUAcdo] figure_1.jpg -> classified as: Plots / Charts
[Ww9rWUAcdo] figure_A14.jpg -> classified as: Plots / Charts
[Ww9rWUAcdo] figure_A4.jpg -> classified as: Plots / Charts
[Ww9rWUAcdo] figure_A5.jpg -> classified as: Plots / Charts
[Ww9rWUAcdo] figure_A9.jpg -> classified as: Plots / Charts
[Ww9rWUAcdo] figure_A3.jpg -> classified as: Qualitative Examples
[Wxyyc2vvGd] figure_5.jpg -> classified as: Plots / Charts
[Wxyyc2vvGd] figure_6.jpg -> classified as: Plots / Charts
[Wxyyc2vvGd] figure_2.jpg -> classified as: Architecture Diagram
[Wxyyc2vvGd] figure_3.jpg -> classified as: Architecture Diagram
[Wxyyc2vvGd] figure_4.jpg -> classified as: Plots / Charts
[Wxyyc2vvGd] figure_1.jpg -> classified as: Architecture Diagram
[WypSbOf9S9] figure_2.jpg -> classified as: Plots / Charts
[WypSbOf9S9] figure_3.jpg -> classified as: Plots / Charts
[WypSbOf9S9] figure_4.jpg -> classified as: Plots / Charts
[WypSbOf9S9] figure_1.jpg -> classified as: Architecture Diagram
[X0epAjg0hd] figure_5.jpg -> classified as: Plots / Charts
[X0epAjg0hd] figure_6.jpg -> classified as: Plots / Charts
[X0epAjg0hd] figure_9.jpg -> classified as: Plots / Charts
[X0epAjg0hd] figure_13.jpg -> classified as: Plots / Charts
[X0epAjg0hd] figure_2.jpg -> classified as: Plots / Charts
[X0epAjg0hd] figure_11.jpg -> classified as: Plots / Charts
[X0epAjg0hd] figure_7.jpg -> classified as: Plots / Charts
[X0epAjg0hd] figure_3.jpg -> classified as: Plots / Charts
[X0epAjg0hd] figure_4.jpg -> classified as: Plots / Charts
[X0epAjg0hd] figure_1.jpg -> classified as: Plots / Charts
[X0epAjg0hd] figure_8.jpg -> classified as: Plots / Charts
[X0epAjg0hd] figure_12.jpg -> classified as: Plots / Charts
[X0epAjg0hd] figure_14.jpg -> classified as: Plots / Charts
[X0epAjg0hd] figure_10.jpg -> classified as: Plots / Charts
[X5VElAKt2s] figure_5.jpg -> classified as: Plots / Charts
[X5VElAKt2s] figure_6.jpg -> classified as: Plots / Charts
[X5VElAKt2s] figure_2.jpg -> classified as: Plots / Charts
[X5VElAKt2s] figure_7.jpg -> classified as: Plots / Charts
[X5VElAKt2s] figure_3.jpg -> classified as: Plots / Charts
[X5VElAKt2s] figure_4.jpg -> classified as: Plots / Charts
[X5VElAKt2s] figure_1.jpg -> classified as: Plots / Charts
[X5VElAKt2s] figure_8.jpg -> classified as: Plots / Charts
[X7eAhXcps1] figure_5.jpg -> classified as: Plots / Charts
[X7eAhXcps1] figure_6.jpg -> classified as: Plots / Charts
[X7eAhXcps1] figure_2.jpg -> classified as: Plots / Charts
[X7eAhXcps1] figure_3.jpg -> classified as: Plots / Charts
[X7eAhXcps1] figure_4.jpg -> classified as: Plots / Charts
[X7eAhXcps1] figure_1.jpg -> classified as: Plots / Charts
[X7eAhXcps1] figure_(a)_IMQ_kernel.jpg -> classified as: Plots / Charts
[XBF63bHDZw] figure_5.jpg -> classified as: Plots / Charts
[XBF63bHDZw] figure_6.jpg -> classified as: Plots / Charts
[XBF63bHDZw] figure_9.jpg -> classified as: Qualitative Examples
[XBF63bHDZw] figure_13.jpg -> classified as: Plots / Charts
[XBF63bHDZw] figure_2.jpg -> classified as: Plots / Charts
[XBF63bHDZw] figure_11.jpg -> classified as: Plots / Charts
[XBF63bHDZw] figure_7.jpg -> classified as: Plots / Charts
[XBF63bHDZw] figure_3.jpg -> classified as: Plots / Charts
[XBF63bHDZw] figure_4.jpg -> classified as: Plots / Charts
[XBF63bHDZw] figure_1.jpg -> classified as: Architecture Diagram
[XBF63bHDZw] figure_8.jpg -> classified as: Plots / Charts
[XBF63bHDZw] figure_10.jpg -> classified as: Other
  -> Skipping second pass (Other)
[XCVuT5Stl5] figure_2.jpg -> classified as: Plots / Charts
[XCVuT5Stl5] figure_3.jpg -> classified as: Plots / Charts
[XCVuT5Stl5] figure_4.jpg -> classified as: Plots / Charts
[XCVuT5Stl5] figure_1.jpg -> classified as: Architecture Diagram
[XJ9vjEAqbx] figure_2.jpg -> classified as: Plots / Charts
[XJ9vjEAqbx] figure_3.jpg -> classified as: Plots / Charts
[XJ9vjEAqbx] figure_4.jpg -> classified as: Plots / Charts
[XJ9vjEAqbx] figure_1.jpg -> classified as: Plots / Charts
[XK5jYtLMXl] figure_2.jpg -> classified as: Plots / Charts
[XK5jYtLMXl] figure_1.jpg -> classified as: Plots / Charts
[XazJbPgLcV] figure_2.jpg -> classified as: Plots / Charts
[XazJbPgLcV] figure_1.jpg -> classified as: Plots / Charts
[XcAJ0qsMgh] figure_5.jpg -> classified as: Plots / Charts
[XcAJ0qsMgh] figure_6.jpg -> classified as: Plots / Charts
[XcAJ0qsMgh] figure_13.jpg -> classified as: Plots / Charts
[XcAJ0qsMgh] figure_2.jpg -> classified as: Plots / Charts
[XcAJ0qsMgh] figure_11.jpg -> classified as: Plots / Charts
[XcAJ0qsMgh] figure_7.jpg -> classified as: Plots / Charts
[XcAJ0qsMgh] figure_3.jpg -> classified as: Plots / Charts
[XcAJ0qsMgh] figure_4.jpg -> classified as: Plots / Charts
[XcAJ0qsMgh] figure_8.jpg -> classified as: Plots / Charts
[XcAJ0qsMgh] figure_12.jpg -> classified as: Plots / Charts
[XcAJ0qsMgh] figure_14.jpg -> classified as: Plots / Charts
[XheqLWvswO] figure_5.jpg -> classified as: Qualitative Examples
[XheqLWvswO] figure_2.jpg -> classified as: Plots / Charts
[XheqLWvswO] figure_4.jpg -> classified as: Plots / Charts
[XheqLWvswO] figure_1.jpg -> classified as: Plots / Charts
[Xj66fkrlTk] figure_5.jpg -> classified as: Plots / Charts
[Xj66fkrlTk] figure_6.jpg -> classified as: Plots / Charts
[Xj66fkrlTk] figure_2.jpg -> classified as: Plots / Charts
[Xj66fkrlTk] figure_3.jpg -> classified as: Plots / Charts
[Xj66fkrlTk] figure_4.jpg -> classified as: Plots / Charts
[Xj66fkrlTk] figure_1.jpg -> classified as: Plots / Charts
[XjSdhzBTMq] figure_2.jpg -> classified as: Plots / Charts
[XjSdhzBTMq] figure_1.jpg -> classified as: Plots / Charts
[XjlZJJFyla] figure_D2.jpg -> classified as: Qualitative Examples
[XjlZJJFyla] figure_5.jpg -> classified as: Plots / Charts
[XjlZJJFyla] figure_6.jpg -> classified as: Plots / Charts
[XjlZJJFyla] figure_D1.jpg -> classified as: Qualitative Examples
[XjlZJJFyla] figure_2.jpg -> classified as: Architecture Diagram
[XjlZJJFyla] figure_7.jpg -> classified as: Plots / Charts
[XjlZJJFyla] figure_3.jpg -> classified as: Plots / Charts
[XjlZJJFyla] figure_1.jpg -> classified as: Qualitative Examples
[XkLMGx60aZ] figure_5.jpg -> classified as: Plots / Charts
[XkLMGx60aZ] figure_9.jpg -> classified as: Plots / Charts
[XkLMGx60aZ] figure_2.jpg -> classified as: Architecture Diagram
[XkLMGx60aZ] figure_7.jpg -> classified as: Plots / Charts
[XkLMGx60aZ] figure_3.jpg -> classified as: Plots / Charts
[XkLMGx60aZ] figure_4.jpg -> classified as: Plots / Charts
[XkLMGx60aZ] figure_1.jpg -> classified as: Plots / Charts
[XkLMGx60aZ] figure_8.jpg -> classified as: Plots / Charts
[XkLMGx60aZ] figure_10.jpg -> classified as: Plots / Charts
[XlTDBZFXWp] figure_2.jpg -> classified as: Plots / Charts
[XlTDBZFXWp] figure_1.jpg -> classified as: Plots / Charts
[Xn4Je0CxC6] figure_5.jpg -> classified as: Plots / Charts
[Xn4Je0CxC6] figure_6.jpg -> classified as: Plots / Charts
[Xn4Je0CxC6] figure_2.jpg -> classified as: Plots / Charts
[Xn4Je0CxC6] figure_7.jpg -> classified as: Plots / Charts
[Xn4Je0CxC6] figure_3.jpg -> classified as: Plots / Charts
[Xn4Je0CxC6] figure_4.jpg -> classified as: Plots / Charts
[Xn4Je0CxC6] figure_1.jpg -> classified as: Plots / Charts
[XrtFVM1f6w] figure_2.jpg -> classified as: Architecture Diagram
[XrtFVM1f6w] figure_3.jpg -> classified as: Plots / Charts
[XrtFVM1f6w] figure_1.jpg -> classified as: Architecture Diagram
[XsHqr9dEGH] figure_2.jpg -> classified as: Plots / Charts
[XsHqr9dEGH] figure_3.jpg -> classified as: Plots / Charts
[XsHqr9dEGH] figure_4.jpg -> classified as: Plots / Charts
[XsHqr9dEGH] figure_1.jpg -> classified as: Plots / Charts
[Xsrsj3cne4] figure_5.jpg -> classified as: Plots / Charts
[Xsrsj3cne4] figure_6.jpg -> classified as: Plots / Charts
[Xsrsj3cne4] figure_2.jpg -> classified as: Plots / Charts
[Xsrsj3cne4] figure_7.jpg -> classified as: Plots / Charts
[Xsrsj3cne4] figure_3.jpg -> classified as: Plots / Charts
[Xsrsj3cne4] figure_4.jpg -> classified as: Plots / Charts
[Xsrsj3cne4] figure_2_1.jpg -> classified as: Plots / Charts
[Xsrsj3cne4] figure_1.jpg -> classified as: Plots / Charts
[Xsrsj3cne4] figure_1_1.jpg -> classified as: Plots / Charts
[XtY3xYQWcW] figure_2.jpg -> classified as: Architecture Diagram
[XtY3xYQWcW] figure_3.jpg -> classified as: Plots / Charts
[XtY3xYQWcW] figure_4.jpg -> classified as: Architecture Diagram
[XtY3xYQWcW] figure_1.jpg -> classified as: Architecture Diagram
[Xuyp1dGAbi] figure_2.jpg -> classified as: Plots / Charts
[Xuyp1dGAbi] figure_3.jpg -> classified as: Plots / Charts
[Xuyp1dGAbi] figure_4.jpg -> classified as: Plots / Charts
[Xuyp1dGAbi] figure_1.jpg -> classified as: Plots / Charts
[XwiA1nDahv] figure_2.jpg -> classified as: Plots / Charts
[XwiA1nDahv] figure_3.jpg -> classified as: Plots / Charts
[XwiA1nDahv] figure_1.jpg -> classified as: Plots / Charts
[Xxpt66OgHI] figure_5.jpg -> classified as: Plots / Charts
[Xxpt66OgHI] figure_6.jpg -> classified as: Plots / Charts
[Xxpt66OgHI] figure_2.jpg -> classified as: Architecture Diagram
[Xxpt66OgHI] figure_7.jpg -> classified as: Plots / Charts
[Xxpt66OgHI] figure_3.jpg -> classified as: Plots / Charts
[Xxpt66OgHI] figure_4.jpg -> classified as: Plots / Charts
[Xxpt66OgHI] figure_1.jpg -> classified as: Plots / Charts
[Xxpt66OgHI] figure_8.jpg -> classified as: Plots / Charts
[Xz13DtbOVW] figure_5.jpg -> classified as: Plots / Charts
[Xz13DtbOVW] figure_6.jpg -> classified as: Plots / Charts
[Xz13DtbOVW] figure_9.jpg -> classified as: Plots / Charts
[Xz13DtbOVW] figure_2.jpg -> classified as: Plots / Charts
[Xz13DtbOVW] figure_11.jpg -> classified as: Plots / Charts
[Xz13DtbOVW] figure_7.jpg -> classified as: Plots / Charts
[Xz13DtbOVW] figure_3.jpg -> classified as: Plots / Charts
[Xz13DtbOVW] figure_4.jpg -> classified as: Plots / Charts
[Xz13DtbOVW] figure_1.jpg -> classified as: Other
  -> Skipping second pass (Other)
[Xz13DtbOVW] figure_8.jpg -> classified as: Plots / Charts
[Xz13DtbOVW] figure_10.jpg -> classified as: Plots / Charts
[Y3BbxvAQS9] figure_5.jpg -> classified as: Architecture Diagram
[Y3BbxvAQS9] figure_6.jpg -> classified as: Architecture Diagram
[Y3BbxvAQS9] figure_9.jpg -> classified as: Plots / Charts
[Y3BbxvAQS9] figure_13.jpg -> classified as: Qualitative Examples
[Y3BbxvAQS9] figure_15.jpg -> classified as: Qualitative Examples
[Y3BbxvAQS9] figure_2.jpg -> classified as: Architecture Diagram
[Y3BbxvAQS9] figure_11.jpg -> classified as: Plots / Charts
[Y3BbxvAQS9] figure_7.jpg -> classified as: Architecture Diagram
[Y3BbxvAQS9] figure_3.jpg -> classified as: Qualitative Examples
[Y3BbxvAQS9] figure_4.jpg -> classified as: Qualitative Examples
[Y3BbxvAQS9] figure_1.jpg -> classified as: Plots / Charts
[Y3BbxvAQS9] figure_8.jpg -> classified as: Plots / Charts
[Y3BbxvAQS9] figure_12.jpg -> classified as: Plots / Charts
[Y3BbxvAQS9] figure_14.jpg -> classified as: Qualitative Examples
[Y3BbxvAQS9] figure_10.jpg -> classified as: Plots / Charts
[Y5LjYI4N6P] figure_5.jpg -> classified as: Plots / Charts
[Y5LjYI4N6P] figure_6.jpg -> classified as: Architecture Diagram
[Y5LjYI4N6P] figure_2.jpg -> classified as: Plots / Charts
[Y5LjYI4N6P] figure_7.jpg -> classified as: Plots / Charts
[Y5LjYI4N6P] figure_3.jpg -> classified as: Plots / Charts
[Y5LjYI4N6P] figure_4.jpg -> classified as: Plots / Charts
[Y5LjYI4N6P] figure_1.jpg -> classified as: Architecture Diagram
[Y5de4fkuHR] figure_2.jpg -> classified as: Plots / Charts
[Y5de4fkuHR] figure_3.jpg -> classified as: Other
  -> Skipping second pass (Other)
[Y5de4fkuHR] figure_4.jpg -> classified as: Plots / Charts
[Y5de4fkuHR] figure_1.jpg -> classified as: Architecture Diagram
[Y6NjyD6NSJ] figure_5.jpg -> classified as: Architecture Diagram
[Y6NjyD6NSJ] figure_6.jpg -> classified as: Architecture Diagram
[Y6NjyD6NSJ] figure_9.jpg -> classified as: Architecture Diagram
[Y6NjyD6NSJ] figure_7.jpg -> classified as: Qualitative Examples
[Y6NjyD6NSJ] figure_3.jpg -> classified as: Architecture Diagram
[Y6NjyD6NSJ] figure_4.jpg -> classified as: Architecture Diagram
[Y6NjyD6NSJ] figure_1.jpg -> classified as: Architecture Diagram
[Y6NjyD6NSJ] figure_8.jpg -> classified as: Qualitative Examples
[Y6NjyD6NSJ] figure_10.jpg -> classified as: Architecture Diagram
[Y7lc4aZ4iP] figure_1.jpg -> classified as: Architecture Diagram
[Y7slJZPGCy] figure_2.jpg -> classified as: Plots / Charts
[Y7slJZPGCy] figure_1.jpg -> classified as: Other
  -> Skipping second pass (Other)
[Y96R2BOsKm] figure_5.jpg -> classified as: Plots / Charts
[Y96R2BOsKm] figure_6.jpg -> classified as: Plots / Charts
[Y96R2BOsKm] figure_9.jpg -> classified as: Plots / Charts
[Y96R2BOsKm] figure_2.jpg -> classified as: Plots / Charts
[Y96R2BOsKm] figure_7.jpg -> classified as: Plots / Charts
[Y96R2BOsKm] figure_3.jpg -> classified as: Plots / Charts
[Y96R2BOsKm] figure_4.jpg -> classified as: Plots / Charts
[Y96R2BOsKm] figure_1.jpg -> classified as: Plots / Charts
[Y96R2BOsKm] figure_8.jpg -> classified as: Plots / Charts
[Y96R2BOsKm] figure_10.jpg -> classified as: Qualitative Examples
[Y98ehgkFgI] figure_5.jpg -> classified as: Plots / Charts
[Y98ehgkFgI] figure_6.jpg -> classified as: Architecture Diagram
[Y98ehgkFgI] figure_9.jpg -> classified as: Plots / Charts
[Y98ehgkFgI] figure_2.jpg -> classified as: Architecture Diagram
[Y98ehgkFgI] figure_11.jpg -> classified as: Plots / Charts
[Y98ehgkFgI] figure_7.jpg -> classified as: Qualitative Examples
[Y98ehgkFgI] figure_3.jpg -> classified as: Architecture Diagram
[Y98ehgkFgI] figure_4.jpg -> classified as: Architecture Diagram
[Y98ehgkFgI] figure_1.jpg -> classified as: Architecture Diagram
[Y98ehgkFgI] figure_8.jpg -> classified as: Plots / Charts
[Y98ehgkFgI] figure_10.jpg -> classified as: Plots / Charts
[YCPDFfmkFr] figure_(b)_40_steps_1.jpg -> classified as: Plots / Charts
[YCPDFfmkFr] figure_(b)_Test_and.jpg -> classified as: Plots / Charts
[YCPDFfmkFr] figure_5.jpg -> classified as: Plots / Charts
[YCPDFfmkFr] figure_2.jpg -> classified as: Architecture Diagram
[YCPDFfmkFr] figure_11.jpg -> classified as: Plots / Charts
[YCPDFfmkFr] figure_7.jpg -> classified as: Plots / Charts
[YCPDFfmkFr] figure_(b)_40_steps.jpg -> classified as: Plots / Charts
[YCPDFfmkFr] figure_3.jpg -> classified as: Architecture Diagram
[YCPDFfmkFr] figure_4.jpg -> classified as: Plots / Charts
[YCPDFfmkFr] figure_(a)_40_iterations.jpg -> classified as: Plots / Charts
[YCPDFfmkFr] figure_1.jpg -> classified as: Architecture Diagram
[YCPDFfmkFr] figure_(b)_40_iterations.jpg -> classified as: Plots / Charts
[YCPDFfmkFr] figure_12.jpg -> classified as: Architecture Diagram
[YCPDFfmkFr] figure_14.jpg -> classified as: Architecture Diagram
[YCPDFfmkFr] figure_10.jpg -> classified as: Plots / Charts
[YDuYWjbKDA] figure_5.jpg -> classified as: Plots / Charts
[YDuYWjbKDA] figure_6.jpg -> classified as: Plots / Charts
[YDuYWjbKDA] figure_2.jpg -> classified as: Plots / Charts
[YDuYWjbKDA] figure_7.jpg -> classified as: Plots / Charts
[YDuYWjbKDA] figure_3.jpg -> classified as: Plots / Charts
[YDuYWjbKDA] figure_4.jpg -> classified as: Plots / Charts
[YDuYWjbKDA] figure_1.jpg -> classified as: Plots / Charts
[YEPlTU5mZC] figure_S1.jpg -> classified as: Plots / Charts
[YEPlTU5mZC] figure_S2.jpg -> classified as: Qualitative Examples
[YEPlTU5mZC] figure_2.jpg -> classified as: Plots / Charts
[YEPlTU5mZC] figure_3.jpg -> classified as: Qualitative Examples
[YEPlTU5mZC] figure_1.jpg -> classified as: Architecture Diagram
[YEPlTU5mZC] figure_S3.jpg -> classified as: Plots / Charts
[YItWKZci78] figure_1.jpg -> classified as: Plots / Charts
[YKzGrt3m2g] figure_5.jpg -> classified as: Plots / Charts
[YKzGrt3m2g] figure_6.jpg -> classified as: Plots / Charts
[YKzGrt3m2g] figure_9.jpg -> classified as: Plots / Charts
[YKzGrt3m2g] figure_13.jpg -> classified as: Plots / Charts
[YKzGrt3m2g] figure_15.jpg -> classified as: Plots / Charts
[YKzGrt3m2g] figure_2.jpg -> classified as: Architecture Diagram
[YKzGrt3m2g] figure_11.jpg -> classified as: Plots / Charts
[YKzGrt3m2g] figure_7.jpg -> classified as: Plots / Charts
[YKzGrt3m2g] figure_3.jpg -> classified as: Plots / Charts
[YKzGrt3m2g] figure_4.jpg -> classified as: Plots / Charts
[YKzGrt3m2g] figure_1.jpg -> classified as: Plots / Charts
[YKzGrt3m2g] figure_8.jpg -> classified as: Plots / Charts
[YKzGrt3m2g] figure_12.jpg -> classified as: Plots / Charts
[YKzGrt3m2g] figure_14.jpg -> classified as: Plots / Charts
[YKzGrt3m2g] figure_16.jpg -> classified as: Plots / Charts
[YKzGrt3m2g] figure_10.jpg -> classified as: Plots / Charts
[YMCtQlm8Bc] figure_19.jpg -> classified as: Plots / Charts
[YMCtQlm8Bc] figure_23.jpg -> classified as: Plots / Charts
[YMCtQlm8Bc] figure_5.jpg -> classified as: Plots / Charts
[YMCtQlm8Bc] figure_6.jpg -> classified as: Plots / Charts
[YMCtQlm8Bc] figure_9.jpg -> classified as: Plots / Charts
[YMCtQlm8Bc] figure_22.jpg -> classified as: Plots / Charts
[YMCtQlm8Bc] figure_18.jpg -> classified as: Plots / Charts
[YMCtQlm8Bc] figure_13.jpg -> classified as: Plots / Charts
[YMCtQlm8Bc] figure_15.jpg -> classified as: Plots / Charts
[YMCtQlm8Bc] figure_2.jpg -> classified as: Plots / Charts
[YMCtQlm8Bc] figure_20.jpg -> classified as: Plots / Charts
[YMCtQlm8Bc] figure_11.jpg -> classified as: Plots / Charts
[YMCtQlm8Bc] figure_3.jpg -> classified as: Plots / Charts
[YMCtQlm8Bc] figure_4.jpg -> classified as: Plots / Charts
[YMCtQlm8Bc] figure_17.jpg -> classified as: Plots / Charts
[YMCtQlm8Bc] figure_1.jpg -> classified as: Plots / Charts
[YMCtQlm8Bc] figure_1_1.jpg -> classified as: Plots / Charts
[YMCtQlm8Bc] figure_8.jpg -> classified as: Plots / Charts
[YMCtQlm8Bc] figure_12.jpg -> classified as: Plots / Charts
[YMCtQlm8Bc] figure_21.jpg -> classified as: Plots / Charts
[YMCtQlm8Bc] figure_14.jpg -> classified as: Plots / Charts
[YMCtQlm8Bc] figure_16.jpg -> classified as: Plots / Charts
[YMCtQlm8Bc] figure_10.jpg -> classified as: Plots / Charts
[YR3ETaElNK] figure_A1.jpg -> classified as: Plots / Charts
[YR3ETaElNK] figure_A2.jpg -> classified as: Plots / Charts
[YR3ETaElNK] figure_2.jpg -> classified as: Plots / Charts
[YR3ETaElNK] figure_3.jpg -> classified as: Plots / Charts
[YR3ETaElNK] figure_4.jpg -> classified as: Plots / Charts
[YR3ETaElNK] figure_1.jpg -> classified as: Other
  -> Skipping second pass (Other)
[YR3ETaElNK] figure_A4.jpg -> classified as: Plots / Charts
[YR3ETaElNK] figure_A3.jpg -> classified as: Plots / Charts
[YTEwJaBdh0] figure_5.jpg -> classified as: Qualitative Examples
[YTEwJaBdh0] figure_6.jpg -> classified as: Qualitative Examples
[YTEwJaBdh0] figure_2.jpg -> classified as: Plots / Charts
[YTEwJaBdh0] figure_7.jpg -> classified as: Qualitative Examples
[YTEwJaBdh0] figure_3.jpg -> classified as: Qualitative Examples
[YTEwJaBdh0] figure_4.jpg -> classified as: Plots / Charts
[YTEwJaBdh0] figure_1.jpg -> classified as: Plots / Charts
[YTKShuSOhI] figure_5.jpg -> classified as: Plots / Charts
[YTKShuSOhI] figure_6.jpg -> classified as: Plots / Charts
[YTKShuSOhI] figure_9.jpg -> classified as: Plots / Charts
[YTKShuSOhI] figure_13.jpg -> classified as: Architecture Diagram
[YTKShuSOhI] figure_15.jpg -> classified as: Qualitative Examples
[YTKShuSOhI] figure_2.jpg -> classified as: Plots / Charts
[YTKShuSOhI] figure_7.jpg -> classified as: Qualitative Examples
[YTKShuSOhI] figure_3.jpg -> classified as: Plots / Charts
[YTKShuSOhI] figure_1.jpg -> classified as: Qualitative Examples
[YTKShuSOhI] figure_8.jpg -> classified as: Plots / Charts
[YTKShuSOhI] figure_12.jpg -> classified as: Qualitative Examples
[YTKShuSOhI] figure_14.jpg -> classified as: Plots / Charts
[YWtT5OGOAI] figure_5.jpg -> classified as: Plots / Charts
[YWtT5OGOAI] figure_6.jpg -> classified as: Plots / Charts
[YWtT5OGOAI] figure_9.jpg -> classified as: Qualitative Examples
[YWtT5OGOAI] figure_2.jpg -> classified as: Plots / Charts
[YWtT5OGOAI] figure_3.jpg -> classified as: Qualitative Examples
[YWtT5OGOAI] figure_4.jpg -> classified as: Qualitative Examples
[YWtT5OGOAI] figure_1.jpg -> classified as: Plots / Charts
[YWtT5OGOAI] figure_8.jpg -> classified as: Qualitative Examples
[YWtT5OGOAI] figure_10.jpg -> classified as: Qualitative Examples
[YXewbZ8FgU] figure_5.jpg -> classified as: Plots / Charts
[YXewbZ8FgU] figure_6.jpg -> classified as: Plots / Charts
[YXewbZ8FgU] figure_2.jpg -> classified as: Plots / Charts
[YXewbZ8FgU] figure_4.3_INTERPRETABILITY_ANALYSIS.jpg -> classified as: Plots / Charts
[YXewbZ8FgU] figure_7.jpg -> classified as: Plots / Charts
[YXewbZ8FgU] figure_3.jpg -> classified as: Plots / Charts
[YXewbZ8FgU] figure_1.jpg -> classified as: Architecture Diagram
[YaBiGjuDiC] figure_5.jpg -> classified as: Plots / Charts
[YaBiGjuDiC] figure_6.jpg -> classified as: Plots / Charts
[YaBiGjuDiC] figure_2.jpg -> classified as: Plots / Charts
[YaBiGjuDiC] figure_7.jpg -> classified as: Plots / Charts
[YaBiGjuDiC] figure_3.jpg -> classified as: Plots / Charts
[YaBiGjuDiC] figure_4.jpg -> classified as: Plots / Charts
[YaBiGjuDiC] figure_1.jpg -> classified as: Plots / Charts
[Yb5KvPkKQg] figure_2.jpg -> classified as: Architecture Diagram
[Yb5KvPkKQg] figure_3.jpg -> classified as: Qualitative Examples
[Yb5KvPkKQg] figure_1.jpg -> classified as: Qualitative Examples
[YcML3rJl0N] figure_1.jpg -> classified as: Plots / Charts
[YcW8i9VCf5] figure_5.jpg -> classified as: Architecture Diagram
[YcW8i9VCf5] figure_6.jpg -> classified as: Architecture Diagram
[YcW8i9VCf5] figure_9.jpg -> classified as: Plots / Charts
[YcW8i9VCf5] figure_2.jpg -> classified as: Plots / Charts
[YcW8i9VCf5] figure_7.jpg -> classified as: Plots / Charts
[YcW8i9VCf5] figure_3.jpg -> classified as: Plots / Charts
[YcW8i9VCf5] figure_4.jpg -> classified as: Architecture Diagram
[YcW8i9VCf5] figure_1.jpg -> classified as: Architecture Diagram
[YcW8i9VCf5] figure_8.jpg -> classified as: Other
  -> Skipping second pass (Other)
[YclZqtwf9e] figure_5.jpg -> classified as: Plots / Charts
[YclZqtwf9e] figure_6.jpg -> classified as: Plots / Charts
[YclZqtwf9e] figure_2.jpg -> classified as: Plots / Charts
[YclZqtwf9e] figure_3.jpg -> classified as: Plots / Charts
[YclZqtwf9e] figure_4.jpg -> classified as: Plots / Charts
[YclZqtwf9e] figure_1.jpg -> classified as: Plots / Charts
[YeErX16hMC] figure_5.jpg -> classified as: Plots / Charts
[YeErX16hMC] figure_6.jpg -> classified as: Plots / Charts
[YeErX16hMC] figure_2.jpg -> classified as: Plots / Charts
[YeErX16hMC] figure_7.jpg -> classified as: Plots / Charts
[YeErX16hMC] figure_3.jpg -> classified as: Plots / Charts
[YeErX16hMC] figure_4.jpg -> classified as: Plots / Charts
[YeErX16hMC] figure_1.jpg -> classified as: Plots / Charts
[YeOUqnPVwM] figure_5.jpg -> classified as: Plots / Charts
[YeOUqnPVwM] figure_6.jpg -> classified as: Plots / Charts
[YeOUqnPVwM] figure_2.jpg -> classified as: Architecture Diagram
[YeOUqnPVwM] figure_7.jpg -> classified as: Architecture Diagram
[YeOUqnPVwM] figure_3.jpg -> classified as: Plots / Charts
[YeOUqnPVwM] figure_4.jpg -> classified as: Plots / Charts
[YeOUqnPVwM] figure_1.jpg -> classified as: Architecture Diagram
[YeSxbRrDRl] figure_5.jpg -> classified as: Plots / Charts
[YeSxbRrDRl] figure_6.jpg -> classified as: Plots / Charts
[YeSxbRrDRl] figure_2.jpg -> classified as: Plots / Charts
[YeSxbRrDRl] figure_7.jpg -> classified as: Plots / Charts
[YeSxbRrDRl] figure_3.jpg -> classified as: Architecture Diagram
[YeSxbRrDRl] figure_4.jpg -> classified as: Plots / Charts
[YeSxbRrDRl] figure_1.jpg -> classified as: Plots / Charts
[YhfrKB3Ah7] figure_S1.jpg -> classified as: Qualitative Examples
[YhfrKB3Ah7] figure_S11.jpg -> classified as: Plots / Charts
[YhfrKB3Ah7] figure_5.jpg -> classified as: Plots / Charts
[YhfrKB3Ah7] figure_S2.jpg -> classified as: Plots / Charts
[YhfrKB3Ah7] figure_S6.jpg -> classified as: Plots / Charts
[YhfrKB3Ah7] figure_2.jpg -> classified as: Architecture Diagram
[YhfrKB3Ah7] figure_S8.jpg -> classified as: Plots / Charts
[YhfrKB3Ah7] figure_S5.jpg -> classified as: Plots / Charts
[YhfrKB3Ah7] figure_3.jpg -> classified as: Plots / Charts
[YhfrKB3Ah7] figure_S7.jpg -> classified as: Plots / Charts
[YhfrKB3Ah7] figure_S4.jpg -> classified as: Plots / Charts
[YhfrKB3Ah7] figure_4.jpg -> classified as: Plots / Charts
[YhfrKB3Ah7] figure_2_1.jpg -> classified as: Plots / Charts
[YhfrKB3Ah7] figure_1.jpg -> classified as: Other
  -> Skipping second pass (Other)
[YhfrKB3Ah7] figure_S12.jpg -> classified as: Plots / Charts
[YhfrKB3Ah7] figure_S3.jpg -> classified as: Plots / Charts
[YhfrKB3Ah7] figure_S10.jpg -> classified as: Plots / Charts
[YiyG1tHDxq] figure_5.jpg -> classified as: Plots / Charts
[YiyG1tHDxq] figure_6.jpg -> classified as: Plots / Charts
[YiyG1tHDxq] figure_2.jpg -> classified as: Plots / Charts
[YiyG1tHDxq] figure_Normalizing_Flows.jpg -> classified as: Plots / Charts
[YiyG1tHDxq] figure_Normalizing_Flows_1.jpg -> classified as: Plots / Charts
[YiyG1tHDxq] figure_Gaussian_Neural_Networks_2.jpg -> classified as: Plots / Charts
[YiyG1tHDxq] figure_3.jpg -> classified as: Plots / Charts
[YiyG1tHDxq] figure_Gaussian_Neural_Networks_1.jpg -> classified as: Plots / Charts
[YiyG1tHDxq] figure_4.jpg -> classified as: Plots / Charts
[YiyG1tHDxq] figure_SARCOS.jpg -> classified as: Plots / Charts
[YiyG1tHDxq] figure_Gaussian_Neural_Networks.jpg -> classified as: Plots / Charts
[YiyG1tHDxq] figure_1.jpg -> classified as: Architecture Diagram
[Ym2RNPX6la] figure_5.jpg -> classified as: Plots / Charts
[Ym2RNPX6la] figure_6.jpg -> classified as: Plots / Charts
[Ym2RNPX6la] figure_2.jpg -> classified as: Architecture Diagram
[Ym2RNPX6la] figure_3.jpg -> classified as: Plots / Charts
[Ym2RNPX6la] figure_4.jpg -> classified as: Architecture Diagram
[Ym2RNPX6la] figure_1.jpg -> classified as: Qualitative Examples
[YpWV7XRmFB] figure_5.jpg -> classified as: Plots / Charts
[YpWV7XRmFB] figure_2.jpg -> classified as: Plots / Charts
[YpWV7XRmFB] figure_4.jpg -> classified as: Qualitative Examples
[YpWV7XRmFB] figure_1.jpg -> classified as: Qualitative Examples
[Yqqa9aNwB0] figure_5.jpg -> classified as: Plots / Charts
[Yqqa9aNwB0] figure_6.jpg -> classified as: Plots / Charts
[Yqqa9aNwB0] figure_2.jpg -> classified as: Plots / Charts
[Yqqa9aNwB0] figure_7.jpg -> classified as: Plots / Charts
[Yqqa9aNwB0] figure_3.jpg -> classified as: Plots / Charts
[Yqqa9aNwB0] figure_4.jpg -> classified as: Plots / Charts
[Yqqa9aNwB0] figure_1.jpg -> classified as: Architecture Diagram
[YrXHEb2qMb] figure_5.jpg -> classified as: Qualitative Examples
[YrXHEb2qMb] figure_6.jpg -> classified as: Qualitative Examples
[YrXHEb2qMb] figure_9.jpg -> classified as: Qualitative Examples
[YrXHEb2qMb] figure_2.jpg -> classified as: Plots / Charts
[YrXHEb2qMb] figure_11.jpg -> classified as: Qualitative Examples
[YrXHEb2qMb] figure_7.jpg -> classified as: Qualitative Examples
[YrXHEb2qMb] figure_3.jpg -> classified as: Qualitative Examples
[YrXHEb2qMb] figure_4.jpg -> classified as: Qualitative Examples
[YrXHEb2qMb] figure_1.jpg -> classified as: Qualitative Examples
[YrXHEb2qMb] figure_8.jpg -> classified as: Qualitative Examples
[YrXHEb2qMb] figure_12.jpg -> classified as: Qualitative Examples
[YrXHEb2qMb] figure_10.jpg -> classified as: Qualitative Examples
[YwJkv2YqBq] figure_2.jpg -> classified as: Plots / Charts
[YwJkv2YqBq] figure_3.jpg -> classified as: Plots / Charts
[YwJkv2YqBq] figure_4.jpg -> classified as: Plots / Charts
[YwJkv2YqBq] figure_1.jpg -> classified as: Plots / Charts
[Z1MKx8mNu9] figure_5.jpg -> classified as: Plots / Charts
[Z1MKx8mNu9] figure_6.jpg -> classified as: Plots / Charts
[Z1MKx8mNu9] figure_9.jpg -> classified as: Plots / Charts
[Z1MKx8mNu9] figure_2.jpg -> classified as: Plots / Charts
[Z1MKx8mNu9] figure_7.jpg -> classified as: Plots / Charts
[Z1MKx8mNu9] figure_3.jpg -> classified as: Plots / Charts
[Z1MKx8mNu9] figure_4.jpg -> classified as: Plots / Charts
[Z1MKx8mNu9] figure_1.jpg -> classified as: Architecture Diagram
[Z1MKx8mNu9] figure_8.jpg -> classified as: Plots / Charts
[Z4s2oe3Oiq] figure_5.jpg -> classified as: Plots / Charts
[Z4s2oe3Oiq] figure_6.jpg -> classified as: Plots / Charts
[Z4s2oe3Oiq] figure_2.jpg -> classified as: Plots / Charts
[Z4s2oe3Oiq] figure_3.jpg -> classified as: Plots / Charts
[Z4s2oe3Oiq] figure_4.jpg -> classified as: Plots / Charts
[Z4s2oe3Oiq] figure_1.jpg -> classified as: Plots / Charts
[ZA9XUTseA9] figure_5.jpg -> classified as: Plots / Charts
[ZA9XUTseA9] figure_6.jpg -> classified as: Plots / Charts
[ZA9XUTseA9] figure_2.jpg -> classified as: Plots / Charts
[ZA9XUTseA9] figure_3.jpg -> classified as: Plots / Charts
[ZA9XUTseA9] figure_4.jpg -> classified as: Plots / Charts
[ZA9XUTseA9] figure_1.jpg -> classified as: Plots / Charts
[ZAgrdEhcr4] figure_5.jpg -> classified as: Plots / Charts
[ZAgrdEhcr4] figure_6.jpg -> classified as: Plots / Charts
[ZAgrdEhcr4] figure_2.jpg -> classified as: Architecture Diagram
[ZAgrdEhcr4] figure_7.jpg -> classified as: Plots / Charts
[ZAgrdEhcr4] figure_3.jpg -> classified as: Architecture Diagram
[ZAgrdEhcr4] figure_4.jpg -> classified as: Plots / Charts
[ZAgrdEhcr4] figure_1.jpg -> classified as: Architecture Diagram
[ZCOwwRAaEl] figure_5.jpg -> classified as: Plots / Charts
[ZCOwwRAaEl] figure_6.jpg -> classified as: Plots / Charts
[ZCOwwRAaEl] figure_9.jpg -> classified as: Plots / Charts
[ZCOwwRAaEl] figure_13.jpg -> classified as: Qualitative Examples
[ZCOwwRAaEl] figure_2.jpg -> classified as: Architecture Diagram
[ZCOwwRAaEl] figure_11.jpg -> classified as: Plots / Charts
[ZCOwwRAaEl] figure_7.jpg -> classified as: Plots / Charts
[ZCOwwRAaEl] figure_3.jpg -> classified as: Architecture Diagram
[ZCOwwRAaEl] figure_4.jpg -> classified as: Architecture Diagram
[ZCOwwRAaEl] figure_1.jpg -> classified as: Plots / Charts
[ZCOwwRAaEl] figure_8.jpg -> classified as: Plots / Charts
[ZCOwwRAaEl] figure_12.jpg -> classified as: Plots / Charts
[ZCOwwRAaEl] figure_14.jpg -> classified as: Plots / Charts
[ZCOwwRAaEl] figure_10.jpg -> classified as: Plots / Charts
[ZDoaLbOFaP] figure_5.jpg -> classified as: Plots / Charts
[ZDoaLbOFaP] figure_6.jpg -> classified as: Plots / Charts
[ZDoaLbOFaP] figure_2.jpg -> classified as: Plots / Charts
[ZDoaLbOFaP] figure_7.jpg -> classified as: Plots / Charts
[ZDoaLbOFaP] figure_3.jpg -> classified as: Plots / Charts
[ZDoaLbOFaP] figure_4.jpg -> classified as: Plots / Charts
[ZDoaLbOFaP] figure_1.jpg -> classified as: Plots / Charts
[ZEZ0CPmoSI] figure_1.jpg -> classified as: Plots / Charts
[ZGqlkqAt18] figure_5.jpg -> classified as: Plots / Charts
[ZGqlkqAt18] figure_6.jpg -> classified as: Qualitative Examples
[ZGqlkqAt18] figure_2.jpg -> classified as: Architecture Diagram
[ZGqlkqAt18] figure_3.jpg -> classified as: Plots / Charts
[ZGqlkqAt18] figure_4.jpg -> classified as: Plots / Charts
[ZGqlkqAt18] figure_1.jpg -> classified as: Architecture Diagram
[ZKEuFKfCKA] figure_D_9.jpg -> classified as: Plots / Charts
[ZKEuFKfCKA] figure_D_7.jpg -> classified as: Plots / Charts
[ZKEuFKfCKA] figure_D_6.jpg -> classified as: Plots / Charts
[ZKEuFKfCKA] figure_D_2.jpg -> classified as: Plots / Charts
[ZKEuFKfCKA] figure_D_5.jpg -> classified as: Plots / Charts
[ZKEuFKfCKA] figure_D_3.jpg -> classified as: Plots / Charts
[ZKEuFKfCKA] figure_C_1.jpg -> classified as: Plots / Charts
[ZKEuFKfCKA] figure_D.jpg -> classified as: Plots / Charts
[ZKEuFKfCKA] figure_D_1.jpg -> classified as: Plots / Charts
[ZKEuFKfCKA] figure_C.jpg -> classified as: Plots / Charts
[ZKEuFKfCKA] figure_1.jpg -> classified as: Plots / Charts
[ZKEuFKfCKA] figure_D_8.jpg -> classified as: Plots / Charts
[ZKEuFKfCKA] figure_D_4.jpg -> classified as: Plots / Charts
[ZNnmcddaB3] figure_5.jpg -> classified as: Plots / Charts
[ZNnmcddaB3] figure_6.jpg -> classified as: Plots / Charts
[ZNnmcddaB3] figure_9.jpg -> classified as: Plots / Charts
[ZNnmcddaB3] figure_2.jpg -> classified as: Plots / Charts
[ZNnmcddaB3] figure_11.jpg -> classified as: Plots / Charts
[ZNnmcddaB3] figure_7.jpg -> classified as: Plots / Charts
[ZNnmcddaB3] figure_3.jpg -> classified as: Plots / Charts
[ZNnmcddaB3] figure_4.jpg -> classified as: Plots / Charts
[ZNnmcddaB3] figure_1.jpg -> classified as: Plots / Charts
[ZNnmcddaB3] figure_8.jpg -> classified as: Plots / Charts
[ZNnmcddaB3] figure_12.jpg -> classified as: Plots / Charts
[ZNnmcddaB3] figure_10.jpg -> classified as: Plots / Charts
[ZO5cn4IfaN] figure_5.jpg -> classified as: Plots / Charts
[ZO5cn4IfaN] figure_6.jpg -> classified as: Plots / Charts
[ZO5cn4IfaN] figure_2.jpg -> classified as: Plots / Charts
[ZO5cn4IfaN] figure_7.jpg -> classified as: Plots / Charts
[ZO5cn4IfaN] figure_3.jpg -> classified as: Plots / Charts
[ZO5cn4IfaN] figure_4.jpg -> classified as: Plots / Charts
[ZO5cn4IfaN] figure_1.jpg -> classified as: Architecture Diagram
[ZP1HqLus4y] figure_5.jpg -> classified as: Plots / Charts
[ZP1HqLus4y] figure_2.jpg -> classified as: Plots / Charts
[ZP1HqLus4y] figure_3.jpg -> classified as: Plots / Charts
[ZP1HqLus4y] figure_4.jpg -> classified as: Plots / Charts
[ZP1HqLus4y] figure_1.jpg -> classified as: Plots / Charts
[ZQ9SF5eUHZ] figure_2.jpg -> classified as: Plots / Charts
[ZQ9SF5eUHZ] figure_1.jpg -> classified as: Plots / Charts
[ZS6lgCLr2B] figure_5.jpg -> classified as: Plots / Charts
[ZS6lgCLr2B] figure_6.jpg -> classified as: Plots / Charts
[ZS6lgCLr2B] figure_2.jpg -> classified as: Plots / Charts
[ZS6lgCLr2B] figure_3.jpg -> classified as: Plots / Charts
[ZS6lgCLr2B] figure_4.jpg -> classified as: Plots / Charts
[ZS6lgCLr2B] figure_1.jpg -> classified as: Plots / Charts
[ZSdubdbOoi] figure_5.jpg -> classified as: Plots / Charts
[ZSdubdbOoi] figure_2.jpg -> classified as: Plots / Charts
[ZSdubdbOoi] figure_3.jpg -> classified as: Plots / Charts
[ZSdubdbOoi] figure_4.jpg -> classified as: Plots / Charts
[ZSdubdbOoi] figure_1.jpg -> classified as: Plots / Charts
[ZSzmWtY31e] figure_2.jpg -> classified as: Architecture Diagram
[ZSzmWtY31e] figure_3.jpg -> classified as: Architecture Diagram
[ZSzmWtY31e] figure_4.jpg -> classified as: Plots / Charts
[ZSzmWtY31e] figure_1.jpg -> classified as: Plots / Charts
[ZTvUT49JjL] figure_S_15.jpg -> classified as: Plots / Charts
[ZTvUT49JjL] figure_S_20.jpg -> classified as: Plots / Charts
[ZTvUT49JjL] figure_S_11.jpg -> classified as: Plots / Charts
[ZTvUT49JjL] figure_2.jpg -> classified as: Architecture Diagram
[ZTvUT49JjL] figure_S_17.jpg -> classified as: Plots / Charts
[ZTvUT49JjL] figure_S_12.jpg -> classified as: Plots / Charts
[ZTvUT49JjL] figure_S_22.jpg -> classified as: Plots / Charts
[ZTvUT49JjL] figure_S_2.jpg -> classified as: Plots / Charts
[ZTvUT49JjL] figure_S_3.jpg -> classified as: Plots / Charts
[ZTvUT49JjL] figure_S_8.jpg -> classified as: Plots / Charts
[ZTvUT49JjL] figure_3.jpg -> classified as: Plots / Charts
[ZTvUT49JjL] figure_S_9.jpg -> classified as: Plots / Charts
[ZTvUT49JjL] figure_4.jpg -> classified as: Plots / Charts
[ZTvUT49JjL] figure_S_5.jpg -> classified as: Plots / Charts
[ZTvUT49JjL] figure_S_18.jpg -> classified as: Plots / Charts
[ZTvUT49JjL] figure_1.jpg -> classified as: Plots / Charts
[ZTvUT49JjL] figure_S_14.jpg -> classified as: Plots / Charts
[ZTvUT49JjL] figure_S_1.jpg -> classified as: Plots / Charts
[ZTvUT49JjL] figure_S_21.jpg -> classified as: Plots / Charts
[ZTvUT49JjL] figure_S.jpg -> classified as: Plots / Charts
[ZTvUT49JjL] figure_S_13.jpg -> classified as: Plots / Charts
[ZTvUT49JjL] figure_S_10.jpg -> classified as: Plots / Charts
[ZTvUT49JjL] figure_S_19.jpg -> classified as: Plots / Charts
[ZTvUT49JjL] figure_S_16.jpg -> classified as: Plots / Charts
[ZTvUT49JjL] figure_S_4.jpg -> classified as: Plots / Charts
[ZTvUT49JjL] figure_S_7.jpg -> classified as: Plots / Charts
[ZTvUT49JjL] figure_S_6.jpg -> classified as: Plots / Charts
[ZWyZeqE928] figure_2.jpg -> classified as: Plots / Charts
[ZWyZeqE928] figure_3.jpg -> classified as: Plots / Charts
[ZWyZeqE928] figure_1.jpg -> classified as: Plots / Charts
[ZXaocmXc6d] figure_5.jpg -> classified as: Plots / Charts
[ZXaocmXc6d] figure_6.jpg -> classified as: Plots / Charts
[ZXaocmXc6d] figure_9.jpg -> classified as: Plots / Charts
[ZXaocmXc6d] figure_13.jpg -> classified as: Other
  -> Skipping second pass (Other)
[ZXaocmXc6d] figure_2.jpg -> classified as: Plots / Charts
[ZXaocmXc6d] figure_11.jpg -> classified as: Plots / Charts
[ZXaocmXc6d] figure_7.jpg -> classified as: Plots / Charts
[ZXaocmXc6d] figure_3.jpg -> classified as: Plots / Charts
[ZXaocmXc6d] figure_4.jpg -> classified as: Plots / Charts
[ZXaocmXc6d] figure_1.jpg -> classified as: Plots / Charts
[ZXaocmXc6d] figure_8.jpg -> classified as: Plots / Charts
[ZXaocmXc6d] figure_12.jpg -> classified as: Plots / Charts
[ZXaocmXc6d] figure_14.jpg -> classified as: Plots / Charts
[ZXaocmXc6d] figure_10.jpg -> classified as: Plots / Charts
[Zap3nZhRIQ] figure_2.jpg -> classified as: Plots / Charts
[Zap3nZhRIQ] figure_3.jpg -> classified as: Plots / Charts
[Zap3nZhRIQ] figure_1.jpg -> classified as: Plots / Charts
[Zh2iqiOtMt] figure_2.jpg -> classified as: Plots / Charts
[Zh2iqiOtMt] figure_1.jpg -> classified as: Plots / Charts
[ZhY1XSYqO4] figure_19.jpg -> classified as: Plots / Charts
[ZhY1XSYqO4] figure_5.jpg -> classified as: Architecture Diagram
[ZhY1XSYqO4] figure_6.jpg -> classified as: Architecture Diagram
[ZhY1XSYqO4] figure_9.jpg -> classified as: Architecture Diagram
[ZhY1XSYqO4] figure_18.jpg -> classified as: Plots / Charts
[ZhY1XSYqO4] figure_13.jpg -> classified as: Architecture Diagram
[ZhY1XSYqO4] figure_15.jpg -> classified as: Plots / Charts
[ZhY1XSYqO4] figure_2.jpg -> classified as: Plots / Charts
[ZhY1XSYqO4] figure_20.jpg -> classified as: Plots / Charts
[ZhY1XSYqO4] figure_11.jpg -> classified as: Architecture Diagram
[ZhY1XSYqO4] figure_7.jpg -> classified as: Architecture Diagram
[ZhY1XSYqO4] figure_3.jpg -> classified as: Plots / Charts
[ZhY1XSYqO4] figure_4.jpg -> classified as: Plots / Charts
[ZhY1XSYqO4] figure_s.jpg -> classified as: Plots / Charts
[ZhY1XSYqO4] figure_17.jpg -> classified as: Plots / Charts
[ZhY1XSYqO4] figure_1.jpg -> classified as: Architecture Diagram
[ZhY1XSYqO4] figure_8.jpg -> classified as: Architecture Diagram
[ZhY1XSYqO4] figure_12.jpg -> classified as: Architecture Diagram
[ZhY1XSYqO4] figure_14.jpg -> classified as: Architecture Diagram
[ZhY1XSYqO4] figure_10.jpg -> classified as: Architecture Diagram
[ZjOXuAfS6l] figure_1.jpg -> classified as: Plots / Charts
[ZkBg5D2lgT] figure_19.jpg -> classified as: Plots / Charts
[ZkBg5D2lgT] figure_5.jpg -> classified as: Plots / Charts
[ZkBg5D2lgT] figure_6.jpg -> classified as: Architecture Diagram
[ZkBg5D2lgT] figure_9.jpg -> classified as: Qualitative Examples
[ZkBg5D2lgT] figure_18.jpg -> classified as: Plots / Charts
[ZkBg5D2lgT] figure_13.jpg -> classified as: Qualitative Examples
[ZkBg5D2lgT] figure_15.jpg -> classified as: Qualitative Examples
[ZkBg5D2lgT] figure_2.jpg -> classified as: Plots / Charts
[ZkBg5D2lgT] figure_11.jpg -> classified as: Qualitative Examples
[ZkBg5D2lgT] figure_7.jpg -> classified as: Qualitative Examples
[ZkBg5D2lgT] figure_3.jpg -> classified as: Plots / Charts
[ZkBg5D2lgT] figure_4.jpg -> classified as: Qualitative Examples
[ZkBg5D2lgT] figure_17.jpg -> classified as: Plots / Charts
[ZkBg5D2lgT] figure_1.jpg -> classified as: Other
  -> Skipping second pass (Other)
[ZkBg5D2lgT] figure_8.jpg -> classified as: Plots / Charts
[ZkBg5D2lgT] figure_12.jpg -> classified as: Qualitative Examples
[ZkBg5D2lgT] figure_14.jpg -> classified as: Qualitative Examples
[ZkBg5D2lgT] figure_16.jpg -> classified as: Plots / Charts
[ZkBg5D2lgT] figure_10.jpg -> classified as: Plots / Charts
[Zkp1GuHerF] figure_5.jpg -> classified as: Plots / Charts
[Zkp1GuHerF] figure_2.jpg -> classified as: Plots / Charts
[Zkp1GuHerF] figure_4.jpg -> classified as: Plots / Charts
[Zkp1GuHerF] figure_1.jpg -> classified as: Plots / Charts
[ZpQ2SqQNXf] figure_5.jpg -> classified as: Plots / Charts
[ZpQ2SqQNXf] figure_6.jpg -> classified as: Plots / Charts
[ZpQ2SqQNXf] figure_2.jpg -> classified as: Plots / Charts
[ZpQ2SqQNXf] figure_7.jpg -> classified as: Plots / Charts
[ZpQ2SqQNXf] figure_3.jpg -> classified as: Qualitative Examples
[ZpQ2SqQNXf] figure_4.jpg -> classified as: Plots / Charts
[ZpQ2SqQNXf] figure_1.jpg -> classified as: Plots / Charts
[ZpcQfTNtKv] figure_5.jpg -> classified as: Plots / Charts
[ZpcQfTNtKv] figure_6.jpg -> classified as: Plots / Charts
[ZpcQfTNtKv] figure_9.jpg -> classified as: Plots / Charts
[ZpcQfTNtKv] figure_13.jpg -> classified as: Plots / Charts
[ZpcQfTNtKv] figure_15.jpg -> classified as: Plots / Charts
[ZpcQfTNtKv] figure_2.jpg -> classified as: Plots / Charts
[ZpcQfTNtKv] figure_11.jpg -> classified as: Plots / Charts
[ZpcQfTNtKv] figure_7.jpg -> classified as: Plots / Charts
[ZpcQfTNtKv] figure_3.jpg -> classified as: Plots / Charts
[ZpcQfTNtKv] figure_4.jpg -> classified as: Plots / Charts
[ZpcQfTNtKv] figure_1.jpg -> classified as: Plots / Charts
[ZpcQfTNtKv] figure_8.jpg -> classified as: Plots / Charts
[ZpcQfTNtKv] figure_12.jpg -> classified as: Plots / Charts
[ZpcQfTNtKv] figure_14.jpg -> classified as: Plots / Charts
[ZpcQfTNtKv] figure_10.jpg -> classified as: Plots / Charts
[ZuazHmXTns] figure_5.jpg -> classified as: Plots / Charts
[ZuazHmXTns] figure_2.jpg -> classified as: Plots / Charts
[ZuazHmXTns] figure_3.jpg -> classified as: Plots / Charts
[ZuazHmXTns] figure_4.jpg -> classified as: Plots / Charts
[ZuazHmXTns] figure_1.jpg -> classified as: Plots / Charts
[ZwbUcpOaH7] figure_2.jpg -> classified as: Plots / Charts
[ZwbUcpOaH7] figure_3.jpg -> classified as: Architecture Diagram
[ZwbUcpOaH7] figure_1.jpg -> classified as: Other
  -> Skipping second pass (Other)
[ZyXWIJ99nh] figure_5.jpg -> classified as: Plots / Charts
[ZyXWIJ99nh] figure_6.jpg -> classified as: Plots / Charts
[ZyXWIJ99nh] figure_2.jpg -> classified as: Plots / Charts
[ZyXWIJ99nh] figure_7.jpg -> classified as: Plots / Charts
[ZyXWIJ99nh] figure_3.jpg -> classified as: Plots / Charts
[ZyXWIJ99nh] figure_4.jpg -> classified as: Plots / Charts
[ZyXWIJ99nh] figure_1.jpg -> classified as: Plots / Charts
[ZyXWIJ99nh] figure_8.jpg -> classified as: Plots / Charts
[a1AMdN8pSD] figure_(d)_IDF_(not.jpg -> classified as: Qualitative Examples
[a1AMdN8pSD] figure_5.jpg -> classified as: Qualitative Examples
[a1AMdN8pSD] figure_6.jpg -> classified as: Qualitative Examples
[a1AMdN8pSD] figure_9.jpg -> classified as: Qualitative Examples
[a1AMdN8pSD] figure_2.jpg -> classified as: Other
  -> Skipping second pass (Other)
[a1AMdN8pSD] figure_7.jpg -> classified as: Qualitative Examples
[a1AMdN8pSD] figure_3.jpg -> classified as: Qualitative Examples
[a1AMdN8pSD] figure_4.jpg -> classified as: Qualitative Examples
[a1AMdN8pSD] figure_1.jpg -> classified as: Qualitative Examples
[a1AMdN8pSD] figure_8.jpg -> classified as: Qualitative Examples
[a1AMdN8pSD] figure_10.jpg -> classified as: Qualitative Examples
[a3PmRgAB5T] figure_2.jpg -> classified as: Plots / Charts
[a3PmRgAB5T] figure_3.jpg -> classified as: Plots / Charts
[a3PmRgAB5T] figure_4.jpg -> classified as: Plots / Charts
[a3PmRgAB5T] figure_1.jpg -> classified as: Plots / Charts
[a6U41REOa5] figure_S1.jpg -> classified as: Plots / Charts
[a6U41REOa5] figure_S2.jpg -> classified as: Qualitative Examples
[a6U41REOa5] figure_2.jpg -> classified as: Architecture Diagram
[a6U41REOa5] figure_3.jpg -> classified as: Qualitative Examples
[a6U41REOa5] figure_4.jpg -> classified as: Plots / Charts
[a6U41REOa5] figure_1.jpg -> classified as: Architecture Diagram
[a79bwlyUNp] figure_2.jpg -> classified as: Plots / Charts
[a79bwlyUNp] figure_3.jpg -> classified as: Plots / Charts
[a79bwlyUNp] figure_4.jpg -> classified as: Plots / Charts
[a79bwlyUNp] figure_1.jpg -> classified as: Architecture Diagram
[aAEBTnTGo3] figure_5.jpg -> classified as: Plots / Charts
[aAEBTnTGo3] figure_6.jpg -> classified as: Plots / Charts
[aAEBTnTGo3] figure_9.jpg -> classified as: Plots / Charts
[aAEBTnTGo3] figure_2.jpg -> classified as: Qualitative Examples
[aAEBTnTGo3] figure_7.jpg -> classified as: Plots / Charts
[aAEBTnTGo3] figure_3.jpg -> classified as: Plots / Charts
[aAEBTnTGo3] figure_4.jpg -> classified as: Plots / Charts
[aAEBTnTGo3] figure_1.jpg -> classified as: Qualitative Examples
[aAEBTnTGo3] figure_8.jpg -> classified as: Plots / Charts
[aAEBTnTGo3] figure_10.jpg -> classified as: Plots / Charts
[aFMiKm9Qcx] figure_30.jpg -> classified as: Plots / Charts
[aFMiKm9Qcx] figure_19.jpg -> classified as: Architecture Diagram
[aFMiKm9Qcx] figure_23.jpg -> classified as: Plots / Charts
[aFMiKm9Qcx] figure_29.jpg -> classified as: Qualitative Examples
[aFMiKm9Qcx] figure_24.jpg -> classified as: Architecture Diagram
[aFMiKm9Qcx] figure_5.jpg -> classified as: Plots / Charts
[aFMiKm9Qcx] figure_6.jpg -> classified as: Architecture Diagram
[aFMiKm9Qcx] figure_15_1.jpg -> classified as: Plots / Charts
[aFMiKm9Qcx] figure_9.jpg -> classified as: Qualitative Examples
[aFMiKm9Qcx] figure_22.jpg -> classified as: Plots / Charts
[aFMiKm9Qcx] figure_28.jpg -> classified as: Plots / Charts
[aFMiKm9Qcx] figure_18.jpg -> classified as: Plots / Charts
[aFMiKm9Qcx] figure_13.jpg -> classified as: Qualitative Examples
[aFMiKm9Qcx] figure_15.jpg -> classified as: Plots / Charts
[aFMiKm9Qcx] figure_2.jpg -> classified as: Plots / Charts
[aFMiKm9Qcx] figure_20.jpg -> classified as: Architecture Diagram
[aFMiKm9Qcx] figure_11.jpg -> classified as: Qualitative Examples
[aFMiKm9Qcx] figure_7.jpg -> classified as: Plots / Charts
[aFMiKm9Qcx] figure_3.jpg -> classified as: Qualitative Examples
[aFMiKm9Qcx] figure_4.jpg -> classified as: Plots / Charts
[aFMiKm9Qcx] figure_17.jpg -> classified as: Qualitative Examples
[aFMiKm9Qcx] figure_1.jpg -> classified as: Plots / Charts
[aFMiKm9Qcx] figure_27.jpg -> classified as: Plots / Charts
[aFMiKm9Qcx] figure_8.jpg -> classified as: Plots / Charts
[aFMiKm9Qcx] figure_12.jpg -> classified as: Plots / Charts
[aFMiKm9Qcx] figure_25.jpg -> classified as: Plots / Charts
[aFMiKm9Qcx] figure_21.jpg -> classified as: Architecture Diagram
[aFMiKm9Qcx] figure_26.jpg -> classified as: Plots / Charts
[aFMiKm9Qcx] figure_14.jpg -> classified as: Plots / Charts
[aFMiKm9Qcx] figure_16.jpg -> classified as: Plots / Charts
[aFMiKm9Qcx] figure_10.jpg -> classified as: Qualitative Examples
[aJ3tiX1Tu4] figure_19.jpg -> classified as: Plots / Charts
[aJ3tiX1Tu4] figure_5.jpg -> classified as: Plots / Charts
[aJ3tiX1Tu4] figure_6.jpg -> classified as: Plots / Charts
[aJ3tiX1Tu4] figure_9.jpg -> classified as: Plots / Charts
[aJ3tiX1Tu4] figure_18.jpg -> classified as: Plots / Charts
[aJ3tiX1Tu4] figure_13.jpg -> classified as: Plots / Charts
[aJ3tiX1Tu4] figure_15.jpg -> classified as: Plots / Charts
[aJ3tiX1Tu4] figure_2.jpg -> classified as: Architecture Diagram
[aJ3tiX1Tu4] figure_20.jpg -> classified as: Plots / Charts
[aJ3tiX1Tu4] figure_11.jpg -> classified as: Plots / Charts
[aJ3tiX1Tu4] figure_7.jpg -> classified as: Plots / Charts
[aJ3tiX1Tu4] figure_3.jpg -> classified as: Plots / Charts
[aJ3tiX1Tu4] figure_4.jpg -> classified as: Plots / Charts
[aJ3tiX1Tu4] figure_17.jpg -> classified as: Plots / Charts
[aJ3tiX1Tu4] figure_1.jpg -> classified as: Plots / Charts
[aJ3tiX1Tu4] figure_8.jpg -> classified as: Plots / Charts
[aJ3tiX1Tu4] figure_12.jpg -> classified as: Plots / Charts
[aJ3tiX1Tu4] figure_14.jpg -> classified as: Plots / Charts
[aJ3tiX1Tu4] figure_16.jpg -> classified as: Plots / Charts
[aJ3tiX1Tu4] figure_10.jpg -> classified as: Plots / Charts
[aKkDY1Wca0] figure_1.jpg -> classified as: Plots / Charts
[aQSbfKYXvo] figure_5.jpg -> classified as: Plots / Charts
[aQSbfKYXvo] figure_6.jpg -> classified as: Plots / Charts
[aQSbfKYXvo] figure_2.jpg -> classified as: Plots / Charts
[aQSbfKYXvo] figure_3.jpg -> classified as: Plots / Charts
[aQSbfKYXvo] figure_4.jpg -> classified as: Plots / Charts
[aQSbfKYXvo] figure_1.jpg -> classified as: Plots / Charts
[aQij7UmwTF] figure_5.jpg -> classified as: Plots / Charts
[aQij7UmwTF] figure_6.jpg -> classified as: Plots / Charts
[aQij7UmwTF] figure_2.jpg -> classified as: Plots / Charts
[aQij7UmwTF] figure_3.jpg -> classified as: Plots / Charts
[aQij7UmwTF] figure_4.jpg -> classified as: Plots / Charts
[aQij7UmwTF] figure_1.jpg -> classified as: Plots / Charts
[aVfDrl7xDV] figure_5.jpg -> classified as: Plots / Charts
[aVfDrl7xDV] figure_6.jpg -> classified as: Plots / Charts
[aVfDrl7xDV] figure_9.jpg -> classified as: Plots / Charts
[aVfDrl7xDV] figure_13.jpg -> classified as: Plots / Charts
[aVfDrl7xDV] figure_2.jpg -> classified as: Plots / Charts
[aVfDrl7xDV] figure_11.jpg -> classified as: Plots / Charts
[aVfDrl7xDV] figure_7.jpg -> classified as: Plots / Charts
[aVfDrl7xDV] figure_3.jpg -> classified as: Plots / Charts
[aVfDrl7xDV] figure_4.jpg -> classified as: Plots / Charts
[aVfDrl7xDV] figure_1.jpg -> classified as: Architecture Diagram
[aVfDrl7xDV] figure_8.jpg -> classified as: Qualitative Examples
[aVfDrl7xDV] figure_12.jpg -> classified as: Plots / Charts
[aVfDrl7xDV] figure_10.jpg -> classified as: Plots / Charts
[aYYZBPoSHb] figure_2.jpg -> classified as: Plots / Charts
[aYYZBPoSHb] figure_3.jpg -> classified as: Plots / Charts
[aYYZBPoSHb] figure_1.jpg -> classified as: Qualitative Examples
[aaePIQsAdq] figure_5.jpg -> classified as: Plots / Charts
[aaePIQsAdq] figure_6.jpg -> classified as: Plots / Charts
[aaePIQsAdq] figure_9.jpg -> classified as: Plots / Charts
[aaePIQsAdq] figure_2.jpg -> classified as: Architecture Diagram
[aaePIQsAdq] figure_11.jpg -> classified as: Plots / Charts
[aaePIQsAdq] figure_7.jpg -> classified as: Plots / Charts
[aaePIQsAdq] figure_3.jpg -> classified as: Plots / Charts
[aaePIQsAdq] figure_4.jpg -> classified as: Plots / Charts
[aaePIQsAdq] figure_1.jpg -> classified as: Plots / Charts
[aaePIQsAdq] figure_8.jpg -> classified as: Plots / Charts
[aaePIQsAdq] figure_12.jpg -> classified as: Plots / Charts
[aaePIQsAdq] figure_10.jpg -> classified as: Plots / Charts
[aapUBU9U0D] figure_5.jpg -> classified as: Plots / Charts
[aapUBU9U0D] figure_6.jpg -> classified as: Other
  -> Skipping second pass (Other)
[aapUBU9U0D] figure_2.jpg -> classified as: Architecture Diagram
[aapUBU9U0D] figure_1.jpg -> classified as: Other
  -> Skipping second pass (Other)
[adSGeugiuj] figure_S1.jpg -> classified as: Plots / Charts
[adSGeugiuj] figure_5.jpg -> classified as: Qualitative Examples
[adSGeugiuj] figure_S2.jpg -> classified as: Qualitative Examples
[adSGeugiuj] figure_S6.jpg -> classified as: Qualitative Examples
[adSGeugiuj] figure_2.jpg -> classified as: Qualitative Examples
[adSGeugiuj] figure_S5.jpg -> classified as: Qualitative Examples
[adSGeugiuj] figure_3.jpg -> classified as: Plots / Charts
[adSGeugiuj] figure_S7.jpg -> classified as: Qualitative Examples
[adSGeugiuj] figure_S4.jpg -> classified as: Qualitative Examples
[adSGeugiuj] figure_4.jpg -> classified as: Qualitative Examples
[adSGeugiuj] figure_1.jpg -> classified as: Plots / Charts
[ajRRisV1n1] figure_2.jpg -> classified as: Plots / Charts
[ajRRisV1n1] figure_1.jpg -> classified as: Architecture Diagram
[ajSmXqgS24] figure_5.jpg -> classified as: Plots / Charts
[ajSmXqgS24] figure_6.jpg -> classified as: Architecture Diagram
[ajSmXqgS24] figure_9.jpg -> classified as: Qualitative Examples
[ajSmXqgS24] figure_13.jpg -> classified as: Qualitative Examples
[ajSmXqgS24] figure_15.jpg -> classified as: Qualitative Examples
[ajSmXqgS24] figure_2.jpg -> classified as: Architecture Diagram
[ajSmXqgS24] figure_11.jpg -> classified as: Qualitative Examples
[ajSmXqgS24] figure_7.jpg -> classified as: Qualitative Examples
[ajSmXqgS24] figure_3.jpg -> classified as: Qualitative Examples
[ajSmXqgS24] figure_4.jpg -> classified as: Qualitative Examples
[ajSmXqgS24] figure_1.jpg -> classified as: Other
  -> Skipping second pass (Other)
[ajSmXqgS24] figure_8.jpg -> classified as: Qualitative Examples
[ajSmXqgS24] figure_12.jpg -> classified as: Qualitative Examples
[ajSmXqgS24] figure_14.jpg -> classified as: Qualitative Examples
[ajSmXqgS24] figure_10.jpg -> classified as: Qualitative Examples
[alBn1uNTLi] figure_5.jpg -> classified as: Plots / Charts
[alBn1uNTLi] figure_6.jpg -> classified as: Plots / Charts
[alBn1uNTLi] figure_2.jpg -> classified as: Plots / Charts
[alBn1uNTLi] figure_3.jpg -> classified as: Plots / Charts
[alBn1uNTLi] figure_4.jpg -> classified as: Plots / Charts
[alBn1uNTLi] figure_1.jpg -> classified as: Plots / Charts
[apQukvJHFE] figure_5.jpg -> classified as: Plots / Charts
[apQukvJHFE] figure_6.jpg -> classified as: Plots / Charts
[apQukvJHFE] figure_9.jpg -> classified as: Plots / Charts
[apQukvJHFE] figure_2.jpg -> classified as: Architecture Diagram
[apQukvJHFE] figure_11.jpg -> classified as: Plots / Charts
[apQukvJHFE] figure_7.jpg -> classified as: Plots / Charts
[apQukvJHFE] figure_3.jpg -> classified as: Plots / Charts
[apQukvJHFE] figure_4.jpg -> classified as: Plots / Charts
[apQukvJHFE] figure_1.jpg -> classified as: Plots / Charts
[apQukvJHFE] figure_8.jpg -> classified as: Plots / Charts
[apQukvJHFE] figure_10.jpg -> classified as: Plots / Charts
[aqok1UX7Z1] figure_5.jpg -> classified as: Plots / Charts
[aqok1UX7Z1] figure_6.jpg -> classified as: Plots / Charts
[aqok1UX7Z1] figure_9.jpg -> classified as: Plots / Charts
[aqok1UX7Z1] figure_2.jpg -> classified as: Plots / Charts
[aqok1UX7Z1] figure_11.jpg -> classified as: Plots / Charts
[aqok1UX7Z1] figure_7.jpg -> classified as: Plots / Charts
[aqok1UX7Z1] figure_3.jpg -> classified as: Plots / Charts
[aqok1UX7Z1] figure_4.jpg -> classified as: Plots / Charts
[aqok1UX7Z1] figure_1.jpg -> classified as: Architecture Diagram
[aqok1UX7Z1] figure_8.jpg -> classified as: Plots / Charts
[aqok1UX7Z1] figure_10.jpg -> classified as: Plots / Charts
[auUngos7eR] figure_2.jpg -> classified as: Plots / Charts
[auUngos7eR] figure_1.jpg -> classified as: Plots / Charts
[awWiNvQwf3] figure_A7.jpg -> classified as: Qualitative Examples
[awWiNvQwf3] figure_A1.jpg -> classified as: Plots / Charts
[awWiNvQwf3] figure_A2.jpg -> classified as: Plots / Charts
[awWiNvQwf3] figure_2.jpg -> classified as: Plots / Charts
[awWiNvQwf3] figure_3.jpg -> classified as: Plots / Charts
[awWiNvQwf3] figure_A6.jpg -> classified as: Qualitative Examples
[awWiNvQwf3] figure_1.jpg -> classified as: Architecture Diagram
[awWiNvQwf3] figure_A4.jpg -> classified as: Plots / Charts
[awWiNvQwf3] figure_A5.jpg -> classified as: Qualitative Examples
[awWiNvQwf3] figure_A3.jpg -> classified as: Plots / Charts
[awz1JPyXNK] figure_2.jpg -> classified as: Plots / Charts
[awz1JPyXNK] figure_3.jpg -> classified as: Plots / Charts
[awz1JPyXNK] figure_1.jpg -> classified as: Plots / Charts
[b20VK2GnSs] figure_2.jpg -> classified as: Architecture Diagram
[b20VK2GnSs] figure_3.jpg -> classified as: Plots / Charts
[b20VK2GnSs] figure_4.jpg -> classified as: Qualitative Examples
[b20VK2GnSs] figure_(a)_Image-Text_Alignment.jpg -> classified as: Plots / Charts
[b20VK2GnSs] figure_1.jpg -> classified as: Plots / Charts
[b6juTJZ1I9] figure_5.jpg -> classified as: Plots / Charts
[b6juTJZ1I9] figure_6.jpg -> classified as: Plots / Charts
[b6juTJZ1I9] figure_2.jpg -> classified as: Plots / Charts
[b6juTJZ1I9] figure_3.jpg -> classified as: Plots / Charts
[b6juTJZ1I9] figure_4.jpg -> classified as: Plots / Charts
[b6juTJZ1I9] figure_1.jpg -> classified as: Plots / Charts
[b7DsNJYmeo] figure_2.jpg -> classified as: Plots / Charts
[b7DsNJYmeo] figure_3.jpg -> classified as: Plots / Charts
[b7DsNJYmeo] figure_1.jpg -> classified as: Architecture Diagram
[b7HOhqXiZs] figure_2.jpg -> classified as: Plots / Charts
[b7HOhqXiZs] figure_1.jpg -> classified as: Plots / Charts
[b9aCXHhdbv] figure_5.jpg -> classified as: Plots / Charts
[b9aCXHhdbv] figure_6.jpg -> classified as: Plots / Charts
[b9aCXHhdbv] figure_2.jpg -> classified as: Architecture Diagram
[b9aCXHhdbv] figure_3.jpg -> classified as: Architecture Diagram
[b9aCXHhdbv] figure_4.jpg -> classified as: Other
  -> Skipping second pass (Other)
[b9aCXHhdbv] figure_1.jpg -> classified as: Architecture Diagram
[b9w9b6naQG] figure_5.jpg -> classified as: Plots / Charts
[b9w9b6naQG] figure_6.jpg -> classified as: Plots / Charts
[b9w9b6naQG] figure_9.jpg -> classified as: Plots / Charts
[b9w9b6naQG] figure_2.jpg -> classified as: Plots / Charts
[b9w9b6naQG] figure_7.jpg -> classified as: Plots / Charts
[b9w9b6naQG] figure_3.jpg -> classified as: Plots / Charts
[b9w9b6naQG] figure_4.jpg -> classified as: Plots / Charts
[b9w9b6naQG] figure_1.jpg -> classified as: Architecture Diagram
[b9w9b6naQG] figure_8.jpg -> classified as: Plots / Charts
[bDWXhzZT40] figure_2.jpg -> classified as: Plots / Charts
[bDWXhzZT40] figure_3.jpg -> classified as: Plots / Charts
[bDWXhzZT40] figure_1.jpg -> classified as: Plots / Charts
[bI3fcTsKW4] figure_5.jpg -> classified as: Plots / Charts
[bI3fcTsKW4] figure_6.jpg -> classified as: Plots / Charts
[bI3fcTsKW4] figure_9.jpg -> classified as: Plots / Charts
[bI3fcTsKW4] figure_13.jpg -> classified as: Plots / Charts
[bI3fcTsKW4] figure_15.jpg -> classified as: Plots / Charts
[bI3fcTsKW4] figure_2.jpg -> classified as: Plots / Charts
[bI3fcTsKW4] figure_11.jpg -> classified as: Plots / Charts
[bI3fcTsKW4] figure_7.jpg -> classified as: Plots / Charts
[bI3fcTsKW4] figure_3.jpg -> classified as: Plots / Charts
[bI3fcTsKW4] figure_4.jpg -> classified as: Plots / Charts
[bI3fcTsKW4] figure_1.jpg -> classified as: Plots / Charts
[bI3fcTsKW4] figure_8.jpg -> classified as: Plots / Charts
[bI3fcTsKW4] figure_12.jpg -> classified as: Qualitative Examples
[bI3fcTsKW4] figure_14.jpg -> classified as: Plots / Charts
[bI3fcTsKW4] figure_10.jpg -> classified as: Plots / Charts
[bKzX0m6TEZ] figure_5.jpg -> classified as: Plots / Charts
[bKzX0m6TEZ] figure_6.jpg -> classified as: Plots / Charts
[bKzX0m6TEZ] figure_7.jpg -> classified as: Plots / Charts
[bKzX0m6TEZ] figure_3.jpg -> classified as: Plots / Charts
[bKzX0m6TEZ] figure_4.jpg -> classified as: Plots / Charts
[bKzX0m6TEZ] figure_1.jpg -> classified as: Plots / Charts
[bKzX0m6TEZ] figure_8.jpg -> classified as: Plots / Charts
[bNVbOS3lrl] figure_5.jpg -> classified as: Plots / Charts
[bNVbOS3lrl] figure_6.jpg -> classified as: Plots / Charts
[bNVbOS3lrl] figure_9.jpg -> classified as: Plots / Charts
[bNVbOS3lrl] figure_2.jpg -> classified as: Plots / Charts
[bNVbOS3lrl] figure_11.jpg -> classified as: Plots / Charts
[bNVbOS3lrl] figure_7.jpg -> classified as: Plots / Charts
[bNVbOS3lrl] figure_3.jpg -> classified as: Plots / Charts
[bNVbOS3lrl] figure_4.jpg -> classified as: Plots / Charts
[bNVbOS3lrl] figure_1.jpg -> classified as: Plots / Charts
[bNVbOS3lrl] figure_8.jpg -> classified as: Plots / Charts
[bNVbOS3lrl] figure_12.jpg -> classified as: Plots / Charts
[bNVbOS3lrl] figure_10.jpg -> classified as: Plots / Charts
[bQNiz6aid0] figure_Fig_1__The.jpg -> classified as: Architecture Diagram
[bQNiz6aid0] figure_Fig_4__Comparison.jpg -> classified as: Plots / Charts
[bQNiz6aid0] figure_v.jpg -> classified as: Plots / Charts
[bRfVj0Sh88] figure_5.jpg -> classified as: Plots / Charts
[bRfVj0Sh88] figure_2.jpg -> classified as: Architecture Diagram
[bRfVj0Sh88] figure_3.jpg -> classified as: Plots / Charts
[bRfVj0Sh88] figure_4.jpg -> classified as: Plots / Charts
[bRfVj0Sh88] figure_1.jpg -> classified as: Other
  -> Skipping second pass (Other)
[bcynT7s2du] figure_19.jpg -> classified as: Plots / Charts
[bcynT7s2du] figure_5.jpg -> classified as: Qualitative Examples
[bcynT7s2du] figure_9.jpg -> classified as: Plots / Charts
[bcynT7s2du] figure_18.jpg -> classified as: Plots / Charts
[bcynT7s2du] figure_13.jpg -> classified as: Plots / Charts
[bcynT7s2du] figure_15.jpg -> classified as: Plots / Charts
[bcynT7s2du] figure_2.jpg -> classified as: Plots / Charts
[bcynT7s2du] figure_20.jpg -> classified as: Plots / Charts
[bcynT7s2du] figure_(d)_linear_model,.jpg -> classified as: Plots / Charts
[bcynT7s2du] figure_11.jpg -> classified as: Plots / Charts
[bcynT7s2du] figure_7.jpg -> classified as: Plots / Charts
[bcynT7s2du] figure_3.jpg -> classified as: Plots / Charts
[bcynT7s2du] figure_4.jpg -> classified as: Plots / Charts
[bcynT7s2du] figure_17.jpg -> classified as: Plots / Charts
[bcynT7s2du] figure_1.jpg -> classified as: Qualitative Examples
[bcynT7s2du] figure_8.jpg -> classified as: Plots / Charts
[bcynT7s2du] figure_12.jpg -> classified as: Plots / Charts
[bcynT7s2du] figure_14.jpg -> classified as: Plots / Charts
[bcynT7s2du] figure_16.jpg -> classified as: Plots / Charts
[bcynT7s2du] figure_10.jpg -> classified as: Plots / Charts
[bePaRx0otZ] figure_5.jpg -> classified as: Plots / Charts
[bePaRx0otZ] figure_2.jpg -> classified as: Architecture Diagram
[bePaRx0otZ] figure_3.jpg -> classified as: Architecture Diagram
[bePaRx0otZ] figure_4.jpg -> classified as: Plots / Charts
[bePaRx0otZ] figure_1.jpg -> classified as: Architecture Diagram
[bgpNJBD6Va] figure_5.jpg -> classified as: Plots / Charts
[bgpNJBD6Va] figure_2.jpg -> classified as: Plots / Charts
[bgpNJBD6Va] figure_3.jpg -> classified as: Plots / Charts
[bgpNJBD6Va] figure_4.jpg -> classified as: Plots / Charts
[bgpNJBD6Va] figure_1.jpg -> classified as: Plots / Charts
[bm1JVsVZVu] figure_2.jpg -> classified as: Plots / Charts
[bm1JVsVZVu] figure_3.jpg -> classified as: Plots / Charts
[bm1JVsVZVu] figure_4.jpg -> classified as: Plots / Charts
[bm1JVsVZVu] figure_1.jpg -> classified as: Plots / Charts
[bnINPG5A32] figure_19.jpg -> classified as: Qualitative Examples
[bnINPG5A32] figure_23.jpg -> classified as: Qualitative Examples
[bnINPG5A32] figure_24.jpg -> classified as: Qualitative Examples
[bnINPG5A32] figure_5.jpg -> classified as: Architecture Diagram
[bnINPG5A32] figure_6.jpg -> classified as: Architecture Diagram
[bnINPG5A32] figure_9.jpg -> classified as: Qualitative Examples
[bnINPG5A32] figure_22.jpg -> classified as: Qualitative Examples
[bnINPG5A32] figure_18.jpg -> classified as: Qualitative Examples
[bnINPG5A32] figure_13.jpg -> classified as: Qualitative Examples
[bnINPG5A32] figure_2.jpg -> classified as: Qualitative Examples
[bnINPG5A32] figure_20.jpg -> classified as: Qualitative Examples
[bnINPG5A32] figure_11.jpg -> classified as: Qualitative Examples
[bnINPG5A32] figure_7.jpg -> classified as: Qualitative Examples
[bnINPG5A32] figure_3.jpg -> classified as: Qualitative Examples
[bnINPG5A32] figure_4.jpg -> classified as: Qualitative Examples
[bnINPG5A32] figure_17.jpg -> classified as: Qualitative Examples
[bnINPG5A32] figure_1.jpg -> classified as: Qualitative Examples
[bnINPG5A32] figure_8.jpg -> classified as: Qualitative Examples
[bnINPG5A32] figure_12.jpg -> classified as: Qualitative Examples
[bnINPG5A32] figure_21.jpg -> classified as: Qualitative Examples
[bnINPG5A32] figure_14.jpg -> classified as: Qualitative Examples
[bnINPG5A32] figure_16.jpg -> classified as: Qualitative Examples
[bnINPG5A32] figure_10.jpg -> classified as: Qualitative Examples
[bnpeTgh29E] figure_5.jpg -> classified as: Plots / Charts
[bnpeTgh29E] figure_6.jpg -> classified as: Plots / Charts
[bnpeTgh29E] figure_9.jpg -> classified as: Plots / Charts
[bnpeTgh29E] figure_13.jpg -> classified as: Plots / Charts
[bnpeTgh29E] figure_15.jpg -> classified as: Plots / Charts
[bnpeTgh29E] figure_2.jpg -> classified as: Plots / Charts
[bnpeTgh29E] figure_11.jpg -> classified as: Architecture Diagram
[bnpeTgh29E] figure_7.jpg -> classified as: Plots / Charts
[bnpeTgh29E] figure_3.jpg -> classified as: Plots / Charts
[bnpeTgh29E] figure_4.jpg -> classified as: Architecture Diagram
[bnpeTgh29E] figure_17.jpg -> classified as: Plots / Charts
[bnpeTgh29E] figure_1.jpg -> classified as: Architecture Diagram
[bnpeTgh29E] figure_8.jpg -> classified as: Qualitative Examples
[bnpeTgh29E] figure_12.jpg -> classified as: Plots / Charts
[bnpeTgh29E] figure_14.jpg -> classified as: Plots / Charts
[bnpeTgh29E] figure_16.jpg -> classified as: Plots / Charts
[bnpeTgh29E] figure_10.jpg -> classified as: Plots / Charts
[bozbTTWcaw] figure_5.jpg -> classified as: Plots / Charts
[bozbTTWcaw] figure_6.jpg -> classified as: Plots / Charts
[bozbTTWcaw] figure_9.jpg -> classified as: Plots / Charts
[bozbTTWcaw] figure_13.jpg -> classified as: Plots / Charts
[bozbTTWcaw] figure_15.jpg -> classified as: Plots / Charts
[bozbTTWcaw] figure_2.jpg -> classified as: Plots / Charts
[bozbTTWcaw] figure_11.jpg -> classified as: Plots / Charts
[bozbTTWcaw] figure_7.jpg -> classified as: Plots / Charts
[bozbTTWcaw] figure_3.jpg -> classified as: Plots / Charts
[bozbTTWcaw] figure_4.jpg -> classified as: Plots / Charts
[bozbTTWcaw] figure_17.jpg -> classified as: Plots / Charts
[bozbTTWcaw] figure_1.jpg -> classified as: Plots / Charts
[bozbTTWcaw] figure_8.jpg -> classified as: Plots / Charts
[bozbTTWcaw] figure_12.jpg -> classified as: Plots / Charts
[bozbTTWcaw] figure_14.jpg -> classified as: Plots / Charts
[bozbTTWcaw] figure_16.jpg -> classified as: Plots / Charts
[bozbTTWcaw] figure_10.jpg -> classified as: Plots / Charts
[bprVvbmL6T] figure_5.jpg -> classified as: Plots / Charts
[bprVvbmL6T] figure_2.jpg -> classified as: Architecture Diagram
[bprVvbmL6T] figure_3.jpg -> classified as: Architecture Diagram
[bprVvbmL6T] figure_4.jpg -> classified as: Qualitative Examples
[bprVvbmL6T] figure_1.jpg -> classified as: Architecture Diagram
[bqf0aCF3Dd] figure_2.jpg -> classified as: Plots / Charts
[bqf0aCF3Dd] figure_1.jpg -> classified as: Plots / Charts
[bsFWJ0Kget] figure_5.jpg -> classified as: Plots / Charts
[bsFWJ0Kget] figure_6.jpg -> classified as: Plots / Charts
[bsFWJ0Kget] figure_2.jpg -> classified as: Plots / Charts
[bsFWJ0Kget] figure_3.jpg -> classified as: Plots / Charts
[bsFWJ0Kget] figure_4.jpg -> classified as: Plots / Charts
[bsFWJ0Kget] figure_1.jpg -> classified as: Plots / Charts
[bsr78Cj2H7] figure_5.jpg -> classified as: Plots / Charts
[bsr78Cj2H7] figure_6.jpg -> classified as: Plots / Charts
[bsr78Cj2H7] figure_9.jpg -> classified as: Plots / Charts
[bsr78Cj2H7] figure_2.jpg -> classified as: Plots / Charts
[bsr78Cj2H7] figure_7.jpg -> classified as: Plots / Charts
[bsr78Cj2H7] figure_3.jpg -> classified as: Plots / Charts
[bsr78Cj2H7] figure_4.jpg -> classified as: Plots / Charts
[bsr78Cj2H7] figure_1.jpg -> classified as: Architecture Diagram
[bsr78Cj2H7] figure_8.jpg -> classified as: Plots / Charts
[bwJxUB0y46] figure_30.jpg -> classified as: Plots / Charts
[bwJxUB0y46] figure_19.jpg -> classified as: Qualitative Examples
[bwJxUB0y46] figure_23.jpg -> classified as: Qualitative Examples
[bwJxUB0y46] figure_29.jpg -> classified as: Qualitative Examples
[bwJxUB0y46] figure_24.jpg -> classified as: Qualitative Examples
[bwJxUB0y46] figure_5.jpg -> classified as: Qualitative Examples
[bwJxUB0y46] figure_6.jpg -> classified as: Qualitative Examples
[bwJxUB0y46] figure_9.jpg -> classified as: Qualitative Examples
[bwJxUB0y46] figure_22.jpg -> classified as: Qualitative Examples
[bwJxUB0y46] figure_28.jpg -> classified as: Qualitative Examples
[bwJxUB0y46] figure_18.jpg -> classified as: Qualitative Examples
[bwJxUB0y46] figure_15.jpg -> classified as: Qualitative Examples
[bwJxUB0y46] figure_2.jpg -> classified as: Qualitative Examples
[bwJxUB0y46] figure_20.jpg -> classified as: Qualitative Examples
[bwJxUB0y46] figure_11.jpg -> classified as: Qualitative Examples
[bwJxUB0y46] figure_7.jpg -> classified as: Qualitative Examples
[bwJxUB0y46] figure_34.jpg -> classified as: Qualitative Examples
[bwJxUB0y46] figure_3.jpg -> classified as: Qualitative Examples
[bwJxUB0y46] figure_33.jpg -> classified as: Qualitative Examples
[bwJxUB0y46] figure_4.jpg -> classified as: Qualitative Examples
[bwJxUB0y46] figure_31.jpg -> classified as: Plots / Charts
[bwJxUB0y46] figure_17.jpg -> classified as: Plots / Charts
[bwJxUB0y46] figure_1.jpg -> classified as: Architecture Diagram
[bwJxUB0y46] figure_27.jpg -> classified as: Qualitative Examples
[bwJxUB0y46] figure_37.jpg -> classified as: Qualitative Examples
[bwJxUB0y46] figure_8.jpg -> classified as: Qualitative Examples
[bwJxUB0y46] figure_12.jpg -> classified as: Qualitative Examples
[bwJxUB0y46] figure_21.jpg -> classified as: Qualitative Examples
[bwJxUB0y46] figure_14.jpg -> classified as: Qualitative Examples
[bwJxUB0y46] figure_32.jpg -> classified as: Qualitative Examples
[bwJxUB0y46] figure_16.jpg -> classified as: Plots / Charts
[bwJxUB0y46] figure_10.jpg -> classified as: Qualitative Examples
[c0lGp17AjO] figure_S1.jpg -> classified as: Plots / Charts
[c0lGp17AjO] figure_S2.jpg -> classified as: Plots / Charts
[c0lGp17AjO] figure_2.jpg -> classified as: Plots / Charts
[c0lGp17AjO] figure_S5.jpg -> classified as: Plots / Charts
[c0lGp17AjO] figure_3.jpg -> classified as: Plots / Charts
[c0lGp17AjO] figure_S4.jpg -> classified as: Plots / Charts
[c0lGp17AjO] figure_4.jpg -> classified as: Plots / Charts
[c0lGp17AjO] figure_1.jpg -> classified as: Plots / Charts
[c0lGp17AjO] figure_S3.jpg -> classified as: Plots / Charts
[c2NSfbKGOc] figure_5.jpg -> classified as: Architecture Diagram
[c2NSfbKGOc] figure_6.jpg -> classified as: Plots / Charts
[c2NSfbKGOc] figure_2.jpg -> classified as: Architecture Diagram
[c2NSfbKGOc] figure_7.jpg -> classified as: Plots / Charts
[c2NSfbKGOc] figure_3.jpg -> classified as: Architecture Diagram
[c2NSfbKGOc] figure_4.jpg -> classified as: Architecture Diagram
[c2NSfbKGOc] figure_1.jpg -> classified as: Plots / Charts
[c4wEKJOjY3] figure_A1.jpg -> classified as: Plots / Charts
[c4wEKJOjY3] figure_A2.jpg -> classified as: Plots / Charts
[c6zI3Cp8c6] figure_5.jpg -> classified as: Plots / Charts
[c6zI3Cp8c6] figure_2.jpg -> classified as: Plots / Charts
[c6zI3Cp8c6] figure_3.jpg -> classified as: Plots / Charts
[c6zI3Cp8c6] figure_4.jpg -> classified as: Plots / Charts
[c6zI3Cp8c6] figure_1.jpg -> classified as: Plots / Charts
[c9xsaASm9L] figure_19.jpg -> classified as: Plots / Charts
[c9xsaASm9L] figure_23.jpg -> classified as: Plots / Charts
[c9xsaASm9L] figure_5.jpg -> classified as: Plots / Charts
[c9xsaASm9L] figure_6.jpg -> classified as: Plots / Charts
[c9xsaASm9L] figure_9.jpg -> classified as: Plots / Charts
[c9xsaASm9L] figure_22.jpg -> classified as: Plots / Charts
[c9xsaASm9L] figure_18.jpg -> classified as: Plots / Charts
[c9xsaASm9L] figure_13.jpg -> classified as: Plots / Charts
[c9xsaASm9L] figure_15.jpg -> classified as: Plots / Charts
[c9xsaASm9L] figure_2.jpg -> classified as: Other
  -> Skipping second pass (Other)
[c9xsaASm9L] figure_20.jpg -> classified as: Plots / Charts
[c9xsaASm9L] figure_11.jpg -> classified as: Plots / Charts
[c9xsaASm9L] figure_7.jpg -> classified as: Plots / Charts
[c9xsaASm9L] figure_3.jpg -> classified as: Plots / Charts
[c9xsaASm9L] figure_4.jpg -> classified as: Plots / Charts
[c9xsaASm9L] figure_17.jpg -> classified as: Plots / Charts
[c9xsaASm9L] figure_1.jpg -> classified as: Plots / Charts
[c9xsaASm9L] figure_8.jpg -> classified as: Plots / Charts
[c9xsaASm9L] figure_12.jpg -> classified as: Plots / Charts
[c9xsaASm9L] figure_21.jpg -> classified as: Plots / Charts
[c9xsaASm9L] figure_14.jpg -> classified as: Plots / Charts
[c9xsaASm9L] figure_16.jpg -> classified as: Plots / Charts
[c9xsaASm9L] figure_10.jpg -> classified as: Other
  -> Skipping second pass (Other)
[cH4VTcCVYs] figure_5.jpg -> classified as: Plots / Charts
[cH4VTcCVYs] figure_6.jpg -> classified as: Plots / Charts
[cH4VTcCVYs] figure_9.jpg -> classified as: Plots / Charts
[cH4VTcCVYs] figure_2.jpg -> classified as: Other
  -> Skipping second pass (Other)
[cH4VTcCVYs] figure_7.jpg -> classified as: Plots / Charts
[cH4VTcCVYs] figure_3.jpg -> classified as: Plots / Charts
[cH4VTcCVYs] figure_4.jpg -> classified as: Plots / Charts
[cH4VTcCVYs] figure_1.jpg -> classified as: Architecture Diagram
[cH4VTcCVYs] figure_8.jpg -> classified as: Plots / Charts
[cIKQp84vqN] figure_2.jpg -> classified as: Plots / Charts
[cIKQp84vqN] figure_3.jpg -> classified as: Plots / Charts
[cIKQp84vqN] figure_4.jpg -> classified as: Qualitative Examples
[cIKQp84vqN] figure_1.jpg -> classified as: Plots / Charts
[cKIwtXHg4D] figure_5.jpg -> classified as: Plots / Charts
[cKIwtXHg4D] figure_6.jpg -> classified as: Plots / Charts
[cKIwtXHg4D] figure_7.jpg -> classified as: Plots / Charts
[cKIwtXHg4D] figure_3.jpg -> classified as: Plots / Charts
[cKIwtXHg4D] figure_4.jpg -> classified as: Plots / Charts
[cKIwtXHg4D] figure_1.jpg -> classified as: Plots / Charts
[cLj51OYBsh] figure_5.jpg -> classified as: Plots / Charts
[cLj51OYBsh] figure_2.jpg -> classified as: Plots / Charts
[cLj51OYBsh] figure_3.jpg -> classified as: Plots / Charts
[cLj51OYBsh] figure_4.jpg -> classified as: Plots / Charts
[cLj51OYBsh] figure_1.jpg -> classified as: Architecture Diagram
[cPmLjxedbD] figure_5.jpg -> classified as: Plots / Charts
[cPmLjxedbD] figure_2.jpg -> classified as: Qualitative Examples
[cPmLjxedbD] figure_3.jpg -> classified as: Plots / Charts
[cPmLjxedbD] figure_4.jpg -> classified as: Plots / Charts
[cPmLjxedbD] figure_1.jpg -> classified as: Qualitative Examples
[cSgEW7EZ9h] figure_5.jpg -> classified as: Plots / Charts
[cSgEW7EZ9h] figure_2.jpg -> classified as: Architecture Diagram
[cSgEW7EZ9h] figure_3.jpg -> classified as: Plots / Charts
[cSgEW7EZ9h] figure_4.jpg -> classified as: Plots / Charts
[cSgEW7EZ9h] figure_1.jpg -> classified as: Other
  -> Skipping second pass (Other)
[cUFIil6hEG] figure_5.jpg -> classified as: Plots / Charts
[cUFIil6hEG] figure_6.jpg -> classified as: Plots / Charts
[cUFIil6hEG] figure_9.jpg -> classified as: Plots / Charts
[cUFIil6hEG] figure_2.jpg -> classified as: Plots / Charts
[cUFIil6hEG] figure_11.jpg -> classified as: Plots / Charts
[cUFIil6hEG] figure_7.jpg -> classified as: Plots / Charts
[cUFIil6hEG] figure_3.jpg -> classified as: Plots / Charts
[cUFIil6hEG] figure_4.jpg -> classified as: Architecture Diagram
[cUFIil6hEG] figure_1.jpg -> classified as: Plots / Charts
[cUFIil6hEG] figure_8.jpg -> classified as: Plots / Charts
[cUFIil6hEG] figure_12.jpg -> classified as: Plots / Charts
[cUFIil6hEG] figure_10.jpg -> classified as: Plots / Charts
[cUN8lJB4rD] figure_2.jpg -> classified as: Plots / Charts
[cUN8lJB4rD] figure_1.jpg -> classified as: Plots / Charts
[cUnqwFu5OO] figure_2.jpg -> classified as: Plots / Charts
[cUnqwFu5OO] figure_3.jpg -> classified as: Plots / Charts
[cUnqwFu5OO] figure_1.jpg -> classified as: Architecture Diagram
[cVyELMpMRS] figure_2.jpg -> classified as: Plots / Charts
[cVyELMpMRS] figure_1.jpg -> classified as: Other
  -> Skipping second pass (Other)
[cWfpt2t37q] figure_5.jpg -> classified as: Plots / Charts
[cWfpt2t37q] figure_6.jpg -> classified as: Plots / Charts
[cWfpt2t37q] figure_A_pigeon,_has.jpg -> classified as: Qualitative Examples
[cWfpt2t37q] figure_3.jpg -> classified as: Plots / Charts
[cWfpt2t37q] figure_4.jpg -> classified as: Plots / Charts
[cWfpt2t37q] figure_A_cat,_has.jpg -> classified as: Other
  -> Skipping second pass (Other)
[cZWCjan02B] figure_5.jpg -> classified as: Plots / Charts
[cZWCjan02B] figure_2.jpg -> classified as: Plots / Charts
[cZWCjan02B] figure_3.jpg -> classified as: Plots / Charts
[cZWCjan02B] figure_4.jpg -> classified as: Plots / Charts
[cZWCjan02B] figure_1.jpg -> classified as: Plots / Charts
[cZttUMTiPL] figure_5.jpg -> classified as: Plots / Charts
[cZttUMTiPL] figure_6.jpg -> classified as: Plots / Charts
[cZttUMTiPL] figure_9.jpg -> classified as: Plots / Charts
[cZttUMTiPL] figure_2.jpg -> classified as: Plots / Charts
[cZttUMTiPL] figure_7.jpg -> classified as: Plots / Charts
[cZttUMTiPL] figure_3.jpg -> classified as: Plots / Charts
[cZttUMTiPL] figure_4.jpg -> classified as: Plots / Charts
[cZttUMTiPL] figure_1.jpg -> classified as: Qualitative Examples
[cZttUMTiPL] figure_8.jpg -> classified as: Plots / Charts
[cZttUMTiPL] figure_10.jpg -> classified as: Plots / Charts
[cbu1lIYQ19] figure_5.jpg -> classified as: Plots / Charts
[cbu1lIYQ19] figure_2.jpg -> classified as: Plots / Charts
[cbu1lIYQ19] figure_3.jpg -> classified as: Plots / Charts
[cbu1lIYQ19] figure_4.jpg -> classified as: Plots / Charts
[cbu1lIYQ19] figure_1.jpg -> classified as: Plots / Charts
[cc8h3I3V4E] figure_5.jpg -> classified as: Plots / Charts
[cc8h3I3V4E] figure_6.jpg -> classified as: Plots / Charts
[cc8h3I3V4E] figure_2.jpg -> classified as: Plots / Charts
[cc8h3I3V4E] figure_3.jpg -> classified as: Plots / Charts
[cc8h3I3V4E] figure_4.jpg -> classified as: Plots / Charts
[cc8h3I3V4E] figure_1.jpg -> classified as: Plots / Charts
[cho9iE9POr] figure_5.jpg -> classified as: Plots / Charts
[cho9iE9POr] figure_6.jpg -> classified as: Plots / Charts
[cho9iE9POr] figure_9.jpg -> classified as: Plots / Charts
[cho9iE9POr] figure_2.jpg -> classified as: Plots / Charts
[cho9iE9POr] figure_11.jpg -> classified as: Plots / Charts
[cho9iE9POr] figure_7.jpg -> classified as: Plots / Charts
[cho9iE9POr] figure_3.jpg -> classified as: Plots / Charts
[cho9iE9POr] figure_4.jpg -> classified as: Plots / Charts
[cho9iE9POr] figure_1.jpg -> classified as: Plots / Charts
[cho9iE9POr] figure_8.jpg -> classified as: Plots / Charts
[cho9iE9POr] figure_12.jpg -> classified as: Plots / Charts
[cho9iE9POr] figure_10.jpg -> classified as: Plots / Charts
[cmXWYolrlo] figure_5.jpg -> classified as: Plots / Charts
[cmXWYolrlo] figure_6.jpg -> classified as: Plots / Charts
[cmXWYolrlo] figure_9.jpg -> classified as: Plots / Charts
[cmXWYolrlo] figure_13.jpg -> classified as: Plots / Charts
[cmXWYolrlo] figure_15.jpg -> classified as: Plots / Charts
[cmXWYolrlo] figure_2.jpg -> classified as: Plots / Charts
[cmXWYolrlo] figure_11.jpg -> classified as: Plots / Charts
[cmXWYolrlo] figure_7.jpg -> classified as: Plots / Charts
[cmXWYolrlo] figure_3.jpg -> classified as: Plots / Charts
[cmXWYolrlo] figure_4.jpg -> classified as: Plots / Charts
[cmXWYolrlo] figure_1.jpg -> classified as: Plots / Charts
[cmXWYolrlo] figure_8.jpg -> classified as: Plots / Charts
[cmXWYolrlo] figure_12.jpg -> classified as: Plots / Charts
[cmXWYolrlo] figure_14.jpg -> classified as: Plots / Charts
[cmXWYolrlo] figure_10.jpg -> classified as: Plots / Charts
[cmYScmfu4Q] figure_2.jpg -> classified as: Plots / Charts
[cmYScmfu4Q] figure_1.jpg -> classified as: Architecture Diagram
[cp3aW7C5tD] figure_19.jpg -> classified as: Plots / Charts
[cp3aW7C5tD] figure_23.jpg -> classified as: Plots / Charts
[cp3aW7C5tD] figure_24.jpg -> classified as: Plots / Charts
[cp3aW7C5tD] figure_5.jpg -> classified as: Plots / Charts
[cp3aW7C5tD] figure_6.jpg -> classified as: Plots / Charts
[cp3aW7C5tD] figure_9.jpg -> classified as: Plots / Charts
[cp3aW7C5tD] figure_22.jpg -> classified as: Plots / Charts
[cp3aW7C5tD] figure_18.jpg -> classified as: Plots / Charts
[cp3aW7C5tD] figure_13.jpg -> classified as: Plots / Charts
[cp3aW7C5tD] figure_15.jpg -> classified as: Plots / Charts
[cp3aW7C5tD] figure_2.jpg -> classified as: Plots / Charts
[cp3aW7C5tD] figure_20.jpg -> classified as: Plots / Charts
[cp3aW7C5tD] figure_11.jpg -> classified as: Plots / Charts
[cp3aW7C5tD] figure_7.jpg -> classified as: Plots / Charts
[cp3aW7C5tD] figure_3.jpg -> classified as: Plots / Charts
[cp3aW7C5tD] figure_4.jpg -> classified as: Plots / Charts
[cp3aW7C5tD] figure_17.jpg -> classified as: Plots / Charts
[cp3aW7C5tD] figure_1.jpg -> classified as: Plots / Charts
[cp3aW7C5tD] figure_8.jpg -> classified as: Plots / Charts
[cp3aW7C5tD] figure_12.jpg -> classified as: Plots / Charts
[cp3aW7C5tD] figure_21.jpg -> classified as: Plots / Charts
[cp3aW7C5tD] figure_14.jpg -> classified as: Plots / Charts
[cp3aW7C5tD] figure_16.jpg -> classified as: Plots / Charts
[cp3aW7C5tD] figure_10.jpg -> classified as: Plots / Charts
[cu8qfq62Lv] figure_2.jpg -> classified as: Plots / Charts
[cu8qfq62Lv] figure_3.jpg -> classified as: Plots / Charts
[cu8qfq62Lv] figure_4.jpg -> classified as: Plots / Charts
[cu8qfq62Lv] figure_1.jpg -> classified as: Architecture Diagram
[cv2iMNWCsh] figure_5.jpg -> classified as: Plots / Charts
[cv2iMNWCsh] figure_6.jpg -> classified as: Plots / Charts
[cv2iMNWCsh] figure_9.jpg -> classified as: Plots / Charts
[cv2iMNWCsh] figure_13.jpg -> classified as: Plots / Charts
[cv2iMNWCsh] figure_15.jpg -> classified as: Plots / Charts
[cv2iMNWCsh] figure_2.jpg -> classified as: Plots / Charts
[cv2iMNWCsh] figure_11.jpg -> classified as: Plots / Charts
[cv2iMNWCsh] figure_7.jpg -> classified as: Plots / Charts
[cv2iMNWCsh] figure_3.jpg -> classified as: Plots / Charts
[cv2iMNWCsh] figure_4.jpg -> classified as: Plots / Charts
[cv2iMNWCsh] figure_17.jpg -> classified as: Plots / Charts
[cv2iMNWCsh] figure_1.jpg -> classified as: Architecture Diagram
[cv2iMNWCsh] figure_8.jpg -> classified as: Plots / Charts
[cv2iMNWCsh] figure_12.jpg -> classified as: Plots / Charts
[cv2iMNWCsh] figure_14.jpg -> classified as: Plots / Charts
[cv2iMNWCsh] figure_16.jpg -> classified as: Plots / Charts
[cv2iMNWCsh] figure_10.jpg -> classified as: Plots / Charts
[cyPMEXdqQ2] figure_5.jpg -> classified as: Plots / Charts
[cyPMEXdqQ2] figure_6.jpg -> classified as: Plots / Charts
[cyPMEXdqQ2] figure_2.jpg -> classified as: Plots / Charts
[cyPMEXdqQ2] figure_3.jpg -> classified as: Plots / Charts
[cyPMEXdqQ2] figure_4.jpg -> classified as: Plots / Charts
[cyPMEXdqQ2] figure_1.jpg -> classified as: Plots / Charts
[cya3eEczAx] figure_1.jpg -> classified as: Plots / Charts
[cznqgb4DNv] figure_5.jpg -> classified as: Plots / Charts
[cznqgb4DNv] figure_6.jpg -> classified as: Plots / Charts
[cznqgb4DNv] figure_9.jpg -> classified as: Plots / Charts
[cznqgb4DNv] figure_2.jpg -> classified as: Plots / Charts
[cznqgb4DNv] figure_11.jpg -> classified as: Plots / Charts
[cznqgb4DNv] figure_7.jpg -> classified as: Plots / Charts
[cznqgb4DNv] figure_3.jpg -> classified as: Plots / Charts
[cznqgb4DNv] figure_1.jpg -> classified as: Architecture Diagram
[cznqgb4DNv] figure_10.jpg -> classified as: Plots / Charts
[d2YjPbSpDZ] figure_2.jpg -> classified as: Plots / Charts
[d2YjPbSpDZ] figure_3.jpg -> classified as: Plots / Charts
[d2YjPbSpDZ] figure_4.jpg -> classified as: Other
  -> Skipping second pass (Other)
[d2YjPbSpDZ] figure_1.jpg -> classified as: Plots / Charts
[d8w0pmvXbZ] figure_G_10.jpg -> classified as: Plots / Charts
[d8w0pmvXbZ] figure_G_9.jpg -> classified as: Plots / Charts
[d8w0pmvXbZ] figure_G_12.jpg -> classified as: Plots / Charts
[d8w0pmvXbZ] figure_5.jpg -> classified as: Plots / Charts
[d8w0pmvXbZ] figure_6.jpg -> classified as: Plots / Charts
[d8w0pmvXbZ] figure_G_8.jpg -> classified as: Plots / Charts
[d8w0pmvXbZ] figure_G_15.jpg -> classified as: Plots / Charts
[d8w0pmvXbZ] figure_G_4.jpg -> classified as: Plots / Charts
[d8w0pmvXbZ] figure_2.jpg -> classified as: Plots / Charts
[d8w0pmvXbZ] figure_G_11.jpg -> classified as: Plots / Charts
[d8w0pmvXbZ] figure_C_1.jpg -> classified as: Plots / Charts
[d8w0pmvXbZ] figure_C_2.jpg -> classified as: Plots / Charts
[d8w0pmvXbZ] figure_G_16.jpg -> classified as: Plots / Charts
[d8w0pmvXbZ] figure_7.jpg -> classified as: Plots / Charts
[d8w0pmvXbZ] figure_E.jpg -> classified as: Plots / Charts
[d8w0pmvXbZ] figure_G.jpg -> classified as: Plots / Charts
[d8w0pmvXbZ] figure_3.jpg -> classified as: Plots / Charts
[d8w0pmvXbZ] figure_4.jpg -> classified as: Plots / Charts
[d8w0pmvXbZ] figure_G_2.jpg -> classified as: Plots / Charts
[d8w0pmvXbZ] figure_G_14.jpg -> classified as: Plots / Charts
[d8w0pmvXbZ] figure_7_1.jpg -> classified as: Plots / Charts
[d8w0pmvXbZ] figure_G_6.jpg -> classified as: Plots / Charts
[d8w0pmvXbZ] figure_C.jpg -> classified as: Plots / Charts
[d8w0pmvXbZ] figure_1.jpg -> classified as: Plots / Charts
[d8w0pmvXbZ] figure_G_3.jpg -> classified as: Plots / Charts
[d8w0pmvXbZ] figure_G_13.jpg -> classified as: Plots / Charts
[d8w0pmvXbZ] figure_G_5.jpg -> classified as: Plots / Charts
[d8w0pmvXbZ] figure_G_1.jpg -> classified as: Plots / Charts
[d8w0pmvXbZ] figure_G_7.jpg -> classified as: Plots / Charts
[dAIcU2ZwUN] figure_2.jpg -> classified as: Plots / Charts
[dAIcU2ZwUN] figure_3.jpg -> classified as: Plots / Charts
[dAIcU2ZwUN] figure_4.jpg -> classified as: Plots / Charts
[dAIcU2ZwUN] figure_1.jpg -> classified as: Plots / Charts
[dAavOuxZvo] figure_5.jpg -> classified as: Qualitative Examples
[dAavOuxZvo] figure_7.jpg -> classified as: Qualitative Examples
[dAavOuxZvo] figure_3.jpg -> classified as: Other
  -> Skipping second pass (Other)
[dAavOuxZvo] figure_4.jpg -> classified as: Plots / Charts
[dCHbFDsCZz] figure_5.jpg -> classified as: Plots / Charts
[dCHbFDsCZz] figure_6.jpg -> classified as: Plots / Charts
[dCHbFDsCZz] figure_2.jpg -> classified as: Plots / Charts
[dCHbFDsCZz] figure_3.jpg -> classified as: Other
  -> Skipping second pass (Other)
[dCHbFDsCZz] figure_4.jpg -> classified as: Plots / Charts
[dCHbFDsCZz] figure_1.jpg -> classified as: Plots / Charts
[dER6OpDTnq] figure_5.jpg -> classified as: Plots / Charts
[dER6OpDTnq] figure_6.jpg -> classified as: Plots / Charts
[dER6OpDTnq] figure_9.jpg -> classified as: Plots / Charts
[dER6OpDTnq] figure_2.jpg -> classified as: Plots / Charts
[dER6OpDTnq] figure_7.jpg -> classified as: Plots / Charts
[dER6OpDTnq] figure_4.jpg -> classified as: Plots / Charts
[dER6OpDTnq] figure_1.jpg -> classified as: Plots / Charts
[dER6OpDTnq] figure_8.jpg -> classified as: Plots / Charts
[dEypApI1MZ] figure_5.jpg -> classified as: Plots / Charts
[dEypApI1MZ] figure_6.jpg -> classified as: Plots / Charts
[dEypApI1MZ] figure_9.jpg -> classified as: Plots / Charts
[dEypApI1MZ] figure_13.jpg -> classified as: Plots / Charts
[dEypApI1MZ] figure_2.jpg -> classified as: Plots / Charts
[dEypApI1MZ] figure_11.jpg -> classified as: Plots / Charts
[dEypApI1MZ] figure_7.jpg -> classified as: Plots / Charts
[dEypApI1MZ] figure_3.jpg -> classified as: Plots / Charts
[dEypApI1MZ] figure_4.jpg -> classified as: Plots / Charts
[dEypApI1MZ] figure_1.jpg -> classified as: Plots / Charts
[dEypApI1MZ] figure_8.jpg -> classified as: Plots / Charts
[dEypApI1MZ] figure_12.jpg -> classified as: Plots / Charts
[dEypApI1MZ] figure_10.jpg -> classified as: Architecture Diagram
[dIkpHooa2D] figure_5.jpg -> classified as: Plots / Charts
[dIkpHooa2D] figure_6.jpg -> classified as: Plots / Charts
[dIkpHooa2D] figure_9.jpg -> classified as: Plots / Charts
[dIkpHooa2D] figure_2.jpg -> classified as: Architecture Diagram
[dIkpHooa2D] figure_11.jpg -> classified as: Plots / Charts
[dIkpHooa2D] figure_7.jpg -> classified as: Plots / Charts
[dIkpHooa2D] figure_3.jpg -> classified as: Plots / Charts
[dIkpHooa2D] figure_(b)_Comparing_group.jpg -> classified as: Plots / Charts
[dIkpHooa2D] figure_4.jpg -> classified as: Plots / Charts
[dIkpHooa2D] figure_1.jpg -> classified as: Qualitative Examples
[dIkpHooa2D] figure_8.jpg -> classified as: Plots / Charts
[dIkpHooa2D] figure_10.jpg -> classified as: Plots / Charts
[dImD2sgy86] figure_5.jpg -> classified as: Plots / Charts
[dImD2sgy86] figure_6.jpg -> classified as: Plots / Charts
[dImD2sgy86] figure_9.jpg -> classified as: Other
  -> Skipping second pass (Other)
[dImD2sgy86] figure_2.jpg -> classified as: Qualitative Examples
[dImD2sgy86] figure_11.jpg -> classified as: Plots / Charts
[dImD2sgy86] figure_7.jpg -> classified as: Plots / Charts
[dImD2sgy86] figure_3.jpg -> classified as: Plots / Charts
[dImD2sgy86] figure_4.jpg -> classified as: Plots / Charts
[dImD2sgy86] figure_1.jpg -> classified as: Plots / Charts
[dImD2sgy86] figure_8.jpg -> classified as: Plots / Charts
[dImD2sgy86] figure_10.jpg -> classified as: Plots / Charts
[dONpC9GL1o] figure_5.jpg -> classified as: Plots / Charts
[dONpC9GL1o] figure_6.jpg -> classified as: Plots / Charts
[dONpC9GL1o] figure_9.jpg -> classified as: Qualitative Examples
[dONpC9GL1o] figure_2.jpg -> classified as: Plots / Charts
[dONpC9GL1o] figure_7.jpg -> classified as: Plots / Charts
[dONpC9GL1o] figure_3.jpg -> classified as: Plots / Charts
[dONpC9GL1o] figure_4.jpg -> classified as: Plots / Charts
[dONpC9GL1o] figure_1.jpg -> classified as: Plots / Charts
[dONpC9GL1o] figure_8.jpg -> classified as: Plots / Charts
[dONpC9GL1o] figure_10.jpg -> classified as: Plots / Charts
[dSTSl6QK5m] figure_6.jpg -> classified as: Plots / Charts
[dSTSl6QK5m] figure_9.jpg -> classified as: Plots / Charts
[dSTSl6QK5m] figure_13.jpg -> classified as: Plots / Charts
[dSTSl6QK5m] figure_15.jpg -> classified as: Plots / Charts
[dSTSl6QK5m] figure_2.jpg -> classified as: Plots / Charts
[dSTSl6QK5m] figure_11.jpg -> classified as: Plots / Charts
[dSTSl6QK5m] figure_3.jpg -> classified as: Plots / Charts
[dSTSl6QK5m] figure_4.jpg -> classified as: Qualitative Examples
[dSTSl6QK5m] figure_1.jpg -> classified as: Plots / Charts
[dSTSl6QK5m] figure_8.jpg -> classified as: Plots / Charts
[dSTSl6QK5m] figure_12.jpg -> classified as: Plots / Charts
[dSTSl6QK5m] figure_14.jpg -> classified as: Plots / Charts
[dSTSl6QK5m] figure_10.jpg -> classified as: Plots / Charts
[dTPz4rEDok] figure_5.jpg -> classified as: Plots / Charts
[dTPz4rEDok] figure_6.jpg -> classified as: Qualitative Examples
[dTPz4rEDok] figure_9.jpg -> classified as: Plots / Charts
[dTPz4rEDok] figure_2.jpg -> classified as: Plots / Charts
[dTPz4rEDok] figure_7.jpg -> classified as: Plots / Charts
[dTPz4rEDok] figure_3.jpg -> classified as: Architecture Diagram
[dTPz4rEDok] figure_4.jpg -> classified as: Architecture Diagram
[dTPz4rEDok] figure_1.jpg -> classified as: Architecture Diagram
[dTPz4rEDok] figure_8.jpg -> classified as: Plots / Charts
[dWsdJAXjQD] figure_5.jpg -> classified as: Qualitative Examples
[dWsdJAXjQD] figure_13.jpg -> classified as: Qualitative Examples
[dWsdJAXjQD] figure_4.jpg -> classified as: Other
  -> Skipping second pass (Other)
[dWsdJAXjQD] figure_1.jpg -> classified as: Other
  -> Skipping second pass (Other)
[dWsdJAXjQD] figure_8.jpg -> classified as: Qualitative Examples
[dWsdJAXjQD] figure_16.jpg -> classified as: Qualitative Examples
[dXRWP4n15q] figure_2.jpg -> classified as: Plots / Charts
[dXRWP4n15q] figure_3.jpg -> classified as: Qualitative Examples
[dXRWP4n15q] figure_1.jpg -> classified as: Qualitative Examples
[dYjuJGTEbc] figure_5.jpg -> classified as: Plots / Charts
[dYjuJGTEbc] figure_6.jpg -> classified as: Plots / Charts
[dYjuJGTEbc] figure_9.jpg -> classified as: Plots / Charts
[dYjuJGTEbc] figure_13.jpg -> classified as: Plots / Charts
[dYjuJGTEbc] figure_2.jpg -> classified as: Plots / Charts
[dYjuJGTEbc] figure_11.jpg -> classified as: Plots / Charts
[dYjuJGTEbc] figure_7.jpg -> classified as: Plots / Charts
[dYjuJGTEbc] figure_3.jpg -> classified as: Plots / Charts
[dYjuJGTEbc] figure_4.jpg -> classified as: Plots / Charts
[dYjuJGTEbc] figure_1.jpg -> classified as: Plots / Charts
[dYjuJGTEbc] figure_8.jpg -> classified as: Plots / Charts
[dYjuJGTEbc] figure_12.jpg -> classified as: Plots / Charts
[dYjuJGTEbc] figure_10.jpg -> classified as: Plots / Charts
[dcjtMYkpXx] figure_19.jpg -> classified as: Plots / Charts
[dcjtMYkpXx] figure_(b)_BoN_results.jpg -> classified as: Plots / Charts
[dcjtMYkpXx] figure_(b)_With_$2.jpg -> classified as: Plots / Charts
[dcjtMYkpXx] figure_23.jpg -> classified as: Plots / Charts
[dcjtMYkpXx] figure_24.jpg -> classified as: Plots / Charts
[dcjtMYkpXx] figure_5.jpg -> classified as: Plots / Charts
[dcjtMYkpXx] figure_6.jpg -> classified as: Plots / Charts
[dcjtMYkpXx] figure_9.jpg -> classified as: Plots / Charts
[dcjtMYkpXx] figure_22.jpg -> classified as: Plots / Charts
[dcjtMYkpXx] figure_18.jpg -> classified as: Plots / Charts
[dcjtMYkpXx] figure_15.jpg -> classified as: Plots / Charts
[dcjtMYkpXx] figure_2.jpg -> classified as: Plots / Charts
[dcjtMYkpXx] figure_20.jpg -> classified as: Plots / Charts
[dcjtMYkpXx] figure_11.jpg -> classified as: Plots / Charts
[dcjtMYkpXx] figure_7.jpg -> classified as: Plots / Charts
[dcjtMYkpXx] figure_3.jpg -> classified as: Plots / Charts
[dcjtMYkpXx] figure_4.jpg -> classified as: Plots / Charts
[dcjtMYkpXx] figure_17.jpg -> classified as: Plots / Charts
[dcjtMYkpXx] figure_1.jpg -> classified as: Architecture Diagram
[dcjtMYkpXx] figure_27.jpg -> classified as: Plots / Charts
[dcjtMYkpXx] figure_8.jpg -> classified as: Plots / Charts
[dcjtMYkpXx] figure_12.jpg -> classified as: Plots / Charts
[dcjtMYkpXx] figure_25.jpg -> classified as: Plots / Charts
[dcjtMYkpXx] figure_21.jpg -> classified as: Plots / Charts
[dcjtMYkpXx] figure_26.jpg -> classified as: Plots / Charts
[dcjtMYkpXx] figure_14.jpg -> classified as: Plots / Charts
[dcjtMYkpXx] figure_16.jpg -> classified as: Plots / Charts
[dcjtMYkpXx] figure_10.jpg -> classified as: Plots / Charts
[de1218PoEl] figure_5.jpg -> classified as: Plots / Charts
[de1218PoEl] figure_6.jpg -> classified as: Plots / Charts
[de1218PoEl] figure_2.jpg -> classified as: Architecture Diagram
[de1218PoEl] figure_7.jpg -> classified as: Plots / Charts
[de1218PoEl] figure_3.jpg -> classified as: Architecture Diagram
[de1218PoEl] figure_4.jpg -> classified as: Plots / Charts
[de1218PoEl] figure_1.jpg -> classified as: Plots / Charts
[diKykN0Yaa] figure_5.jpg -> classified as: Plots / Charts
[diKykN0Yaa] figure_6.jpg -> classified as: Plots / Charts
[diKykN0Yaa] figure_9.jpg -> classified as: Plots / Charts
[diKykN0Yaa] figure_2.jpg -> classified as: Plots / Charts
[diKykN0Yaa] figure_7.jpg -> classified as: Plots / Charts
[diKykN0Yaa] figure_3.jpg -> classified as: Plots / Charts
[diKykN0Yaa] figure_4.jpg -> classified as: Plots / Charts
[diKykN0Yaa] figure_1.jpg -> classified as: Other
  -> Skipping second pass (Other)
[diKykN0Yaa] figure_8.jpg -> classified as: Plots / Charts
[diKykN0Yaa] figure_10.jpg -> classified as: Plots / Charts
[djnvlNHQR4] figure_2.jpg -> classified as: Plots / Charts
[djnvlNHQR4] figure_3.jpg -> classified as: Plots / Charts
[djnvlNHQR4] figure_4.jpg -> classified as: Plots / Charts
[djnvlNHQR4] figure_1.jpg -> classified as: Plots / Charts
[dliIIodM6b] figure_5.jpg -> classified as: Plots / Charts
[dliIIodM6b] figure_2.jpg -> classified as: Plots / Charts
[dliIIodM6b] figure_3.jpg -> classified as: Plots / Charts
[dliIIodM6b] figure_4.jpg -> classified as: Plots / Charts
[dliIIodM6b] figure_1.jpg -> classified as: Other
  -> Skipping second pass (Other)
[dm8e7gsH0d] figure_5.jpg -> classified as: Plots / Charts
[dm8e7gsH0d] figure_2.jpg -> classified as: Plots / Charts
[dm8e7gsH0d] figure_3.jpg -> classified as: Plots / Charts
[dm8e7gsH0d] figure_4.jpg -> classified as: Plots / Charts
[dm8e7gsH0d] figure_1.jpg -> classified as: Plots / Charts
[dpDw5U04SU] figure_2.jpg -> classified as: Architecture Diagram
[dpDw5U04SU] figure_3.jpg -> classified as: Plots / Charts
[dpDw5U04SU] figure_4.jpg -> classified as: Plots / Charts
[dpDw5U04SU] figure_1.jpg -> classified as: Plots / Charts
[dpnPOXoqVQ] figure_5.jpg -> classified as: Plots / Charts
[dpnPOXoqVQ] figure_6.jpg -> classified as: Plots / Charts
[dpnPOXoqVQ] figure_9.jpg -> classified as: Plots / Charts
[dpnPOXoqVQ] figure_2.jpg -> classified as: Architecture Diagram
[dpnPOXoqVQ] figure_11.jpg -> classified as: Architecture Diagram
[dpnPOXoqVQ] figure_7.jpg -> classified as: Plots / Charts
[dpnPOXoqVQ] figure_3.jpg -> classified as: Plots / Charts
[dpnPOXoqVQ] figure_4.jpg -> classified as: Plots / Charts
[dpnPOXoqVQ] figure_1.jpg -> classified as: Plots / Charts
[dpnPOXoqVQ] figure_8.jpg -> classified as: Plots / Charts
[dpnPOXoqVQ] figure_10.jpg -> classified as: Plots / Charts
[drPDukdY3t] figure_2.jpg -> classified as: Architecture Diagram
[drPDukdY3t] figure_3.jpg -> classified as: Plots / Charts
[drPDukdY3t] figure_4.jpg -> classified as: Plots / Charts
[drPDukdY3t] figure_1.jpg -> classified as: Plots / Charts
[dug02AimLZ] figure_5.jpg -> classified as: Plots / Charts
[dug02AimLZ] figure_2.jpg -> classified as: Plots / Charts
[dug02AimLZ] figure_3.jpg -> classified as: Plots / Charts
[dug02AimLZ] figure_4.jpg -> classified as: Plots / Charts
[dug02AimLZ] figure_1.jpg -> classified as: Plots / Charts
[dwzLn78jq7] figure_1.jpg -> classified as: Plots / Charts
[e0X9l4kecx] figure_2.jpg -> classified as: Plots / Charts
[e0X9l4kecx] figure_1.jpg -> classified as: Architecture Diagram
[e0bdvNsgcF] figure_2.jpg -> classified as: Plots / Charts
[e0bdvNsgcF] figure_1.jpg -> classified as: Architecture Diagram
[e0kaVlC5ue] figure_5.jpg -> classified as: Plots / Charts
[e0kaVlC5ue] figure_2.jpg -> classified as: Plots / Charts
[e0kaVlC5ue] figure_3.jpg -> classified as: Plots / Charts
[e0kaVlC5ue] figure_4.jpg -> classified as: Plots / Charts
[e0kaVlC5ue] figure_1.jpg -> classified as: Plots / Charts
[e1vqloonRy] figure_1.jpg -> classified as: Plots / Charts
[e3tveFVmoH] figure_5.jpg -> classified as: Plots / Charts
[e3tveFVmoH] figure_6.jpg -> classified as: Plots / Charts
[e3tveFVmoH] figure_9.jpg -> classified as: Plots / Charts
[e3tveFVmoH] figure_2.jpg -> classified as: Plots / Charts
[e3tveFVmoH] figure_11.jpg -> classified as: Plots / Charts
[e3tveFVmoH] figure_3.jpg -> classified as: Plots / Charts
[e3tveFVmoH] figure_1.jpg -> classified as: Plots / Charts
[e3tveFVmoH] figure_8.jpg -> classified as: Plots / Charts
[e3tveFVmoH] figure_10.jpg -> classified as: Plots / Charts
[e4xS9ZarDr] figure_5.jpg -> classified as: Plots / Charts
[e4xS9ZarDr] figure_6.jpg -> classified as: Plots / Charts
[e4xS9ZarDr] figure_2.jpg -> classified as: Plots / Charts
[e4xS9ZarDr] figure_7.jpg -> classified as: Plots / Charts
[e4xS9ZarDr] figure_3.jpg -> classified as: Plots / Charts
[e4xS9ZarDr] figure_4.jpg -> classified as: Plots / Charts
[e4xS9ZarDr] figure_1.jpg -> classified as: Plots / Charts
[e9yfCY7Q3U] figure_5.jpg -> classified as: Plots / Charts
[e9yfCY7Q3U] figure_6.jpg -> classified as: Qualitative Examples
[e9yfCY7Q3U] figure_9.jpg -> classified as: Qualitative Examples
[e9yfCY7Q3U] figure_2.jpg -> classified as: Architecture Diagram
[e9yfCY7Q3U] figure_11.jpg -> classified as: Plots / Charts
[e9yfCY7Q3U] figure_7.jpg -> classified as: Plots / Charts
[e9yfCY7Q3U] figure_3.jpg -> classified as: Plots / Charts
[e9yfCY7Q3U] figure_4.jpg -> classified as: Architecture Diagram
[e9yfCY7Q3U] figure_1.jpg -> classified as: Qualitative Examples
[e9yfCY7Q3U] figure_8.jpg -> classified as: Plots / Charts
[e9yfCY7Q3U] figure_10.jpg -> classified as: Plots / Charts
[eENHKMTOfW] figure_19.jpg -> classified as: Plots / Charts
[eENHKMTOfW] figure_5.jpg -> classified as: Plots / Charts
[eENHKMTOfW] figure_6.jpg -> classified as: Plots / Charts
[eENHKMTOfW] figure_9.jpg -> classified as: Plots / Charts
[eENHKMTOfW] figure_18.jpg -> classified as: Plots / Charts
[eENHKMTOfW] figure_13.jpg -> classified as: Plots / Charts
[eENHKMTOfW] figure_15.jpg -> classified as: Plots / Charts
[eENHKMTOfW] figure_2.jpg -> classified as: Plots / Charts
[eENHKMTOfW] figure_11.jpg -> classified as: Plots / Charts
[eENHKMTOfW] figure_7.jpg -> classified as: Plots / Charts
[eENHKMTOfW] figure_3.jpg -> classified as: Plots / Charts
[eENHKMTOfW] figure_4.jpg -> classified as: Plots / Charts
[eENHKMTOfW] figure_17.jpg -> classified as: Plots / Charts
[eENHKMTOfW] figure_1.jpg -> classified as: Plots / Charts
[eENHKMTOfW] figure_8.jpg -> classified as: Plots / Charts
[eENHKMTOfW] figure_12.jpg -> classified as: Plots / Charts
[eENHKMTOfW] figure_14.jpg -> classified as: Plots / Charts
[eENHKMTOfW] figure_16.jpg -> classified as: Plots / Charts
[eENHKMTOfW] figure_10.jpg -> classified as: Plots / Charts
[eHf4mj9m9o] figure_5.jpg -> classified as: Plots / Charts
[eHf4mj9m9o] figure_6.jpg -> classified as: Plots / Charts
[eHf4mj9m9o] figure_9.jpg -> classified as: Plots / Charts
[eHf4mj9m9o] figure_13.jpg -> classified as: Plots / Charts
[eHf4mj9m9o] figure_15.jpg -> classified as: Plots / Charts
[eHf4mj9m9o] figure_2.jpg -> classified as: Plots / Charts
[eHf4mj9m9o] figure_11.jpg -> classified as: Plots / Charts
[eHf4mj9m9o] figure_7.jpg -> classified as: Plots / Charts
[eHf4mj9m9o] figure_3.jpg -> classified as: Plots / Charts
[eHf4mj9m9o] figure_4.jpg -> classified as: Plots / Charts
[eHf4mj9m9o] figure_1.jpg -> classified as: Plots / Charts
[eHf4mj9m9o] figure_8.jpg -> classified as: Plots / Charts
[eHf4mj9m9o] figure_12.jpg -> classified as: Plots / Charts
[eHf4mj9m9o] figure_14.jpg -> classified as: Plots / Charts
[eHf4mj9m9o] figure_10.jpg -> classified as: Plots / Charts
[eHfq8Q3LeD] figure_5.jpg -> classified as: Plots / Charts
[eHfq8Q3LeD] figure_2.jpg -> classified as: Plots / Charts
[eHfq8Q3LeD] figure_3.jpg -> classified as: Plots / Charts
[eHfq8Q3LeD] figure_4.jpg -> classified as: Plots / Charts
[eHfq8Q3LeD] figure_1.jpg -> classified as: Plots / Charts
[eMHn77ZKOp] figure_2.jpg -> classified as: Plots / Charts
[eMHn77ZKOp] figure_1.jpg -> classified as: Plots / Charts
[eN0RyRVbSm] figure_Average_CIFAR_10_1.jpg -> classified as: Plots / Charts
[eN0RyRVbSm] figure_D_9.jpg -> classified as: Plots / Charts
[eN0RyRVbSm] figure_D_7.jpg -> classified as: Plots / Charts
[eN0RyRVbSm] figure_D_6.jpg -> classified as: Plots / Charts
[eN0RyRVbSm] figure_D_2.jpg -> classified as: Plots / Charts
[eN0RyRVbSm] figure_Average_inaturalist_AUROC_1.jpg -> classified as: Plots / Charts
[eN0RyRVbSm] figure_D_5.jpg -> classified as: Plots / Charts
[eN0RyRVbSm] figure_E_2.jpg -> classified as: Plots / Charts
[eN0RyRVbSm] figure_Average_ImageNet_O.jpg -> classified as: Plots / Charts
[eN0RyRVbSm] figure_D_11.jpg -> classified as: Plots / Charts
[eN0RyRVbSm] figure_E_1.jpg -> classified as: Plots / Charts
[eN0RyRVbSm] figure_D_3.jpg -> classified as: Plots / Charts
[eN0RyRVbSm] figure_Average_inaturalist_AUROC.jpg -> classified as: Plots / Charts
[eN0RyRVbSm] figure_D_10.jpg -> classified as: Plots / Charts
[eN0RyRVbSm] figure_D_12.jpg -> classified as: Plots / Charts
[eN0RyRVbSm] figure_Average_SUN_AUROC_1.jpg -> classified as: Plots / Charts
[eN0RyRVbSm] figure_Average_ImageNet_O_1.jpg -> classified as: Plots / Charts
[eN0RyRVbSm] figure_E.jpg -> classified as: Plots / Charts
[eN0RyRVbSm] figure_D.jpg -> classified as: Plots / Charts
[eN0RyRVbSm] figure_D_13.jpg -> classified as: Plots / Charts
[eN0RyRVbSm] figure_Average_Places365_AUROC_1.jpg -> classified as: Plots / Charts
[eN0RyRVbSm] figure_D_1.jpg -> classified as: Plots / Charts
[eN0RyRVbSm] figure_Average_Textures_AUROC.jpg -> classified as: Plots / Charts
[eN0RyRVbSm] figure_1.jpg -> classified as: Plots / Charts
[eN0RyRVbSm] figure_Average_ViT_AUROC.jpg -> classified as: Plots / Charts
[eN0RyRVbSm] figure_D_8.jpg -> classified as: Plots / Charts
[eN0RyRVbSm] figure_Average_CIFAR_10.jpg -> classified as: Plots / Charts
[eN0RyRVbSm] figure_D_4.jpg -> classified as: Plots / Charts
[eN0RyRVbSm] figure_D_14.jpg -> classified as: Plots / Charts
[eN0RyRVbSm] figure_Average_SUN_AUROC.jpg -> classified as: Plots / Charts
[eN0RyRVbSm] figure_Average_Places365_AUROC.jpg -> classified as: Plots / Charts
[eNQp79A5Oz] figure_5.jpg -> classified as: Plots / Charts
[eNQp79A5Oz] figure_6.jpg -> classified as: Plots / Charts
[eNQp79A5Oz] figure_9.jpg -> classified as: Plots / Charts
[eNQp79A5Oz] figure_2.jpg -> classified as: Architecture Diagram
[eNQp79A5Oz] figure_11.jpg -> classified as: Plots / Charts
[eNQp79A5Oz] figure_7.jpg -> classified as: Plots / Charts
[eNQp79A5Oz] figure_3.jpg -> classified as: Plots / Charts
[eNQp79A5Oz] figure_4.jpg -> classified as: Qualitative Examples
[eNQp79A5Oz] figure_1.jpg -> classified as: Plots / Charts
[eNQp79A5Oz] figure_10.jpg -> classified as: Plots / Charts
[eOE2g28eX9] figure_5.jpg -> classified as: Plots / Charts
[eOE2g28eX9] figure_6.jpg -> classified as: Plots / Charts
[eOE2g28eX9] figure_2.jpg -> classified as: Plots / Charts
[eOE2g28eX9] figure_3.jpg -> classified as: Plots / Charts
[eOE2g28eX9] figure_4.jpg -> classified as: Plots / Charts
[eOE2g28eX9] figure_1.jpg -> classified as: Plots / Charts
[ePGheWbLPY] figure_19.jpg -> classified as: Plots / Charts
[ePGheWbLPY] figure_6.jpg -> classified as: Architecture Diagram
[ePGheWbLPY] figure_9.jpg -> classified as: Architecture Diagram
[ePGheWbLPY] figure_22.jpg -> classified as: Plots / Charts
[ePGheWbLPY] figure_18.jpg -> classified as: Plots / Charts
[ePGheWbLPY] figure_13.jpg -> classified as: Plots / Charts
[ePGheWbLPY] figure_15.jpg -> classified as: Plots / Charts
[ePGheWbLPY] figure_2.jpg -> classified as: Architecture Diagram
[ePGheWbLPY] figure_20.jpg -> classified as: Plots / Charts
[ePGheWbLPY] figure_11.jpg -> classified as: Plots / Charts
[ePGheWbLPY] figure_7.jpg -> classified as: Architecture Diagram
[ePGheWbLPY] figure_3.jpg -> classified as: Plots / Charts
[ePGheWbLPY] figure_4.jpg -> classified as: Plots / Charts
[ePGheWbLPY] figure_17.jpg -> classified as: Plots / Charts
[ePGheWbLPY] figure_1.jpg -> classified as: Architecture Diagram
[ePGheWbLPY] figure_8.jpg -> classified as: Architecture Diagram
[ePGheWbLPY] figure_12.jpg -> classified as: Plots / Charts
[ePGheWbLPY] figure_21.jpg -> classified as: Qualitative Examples
[ePGheWbLPY] figure_14.jpg -> classified as: Qualitative Examples
[ePGheWbLPY] figure_16.jpg -> classified as: Plots / Charts
[ePGheWbLPY] figure_10.jpg -> classified as: Plots / Charts
[eQerjHehcM] figure_5.jpg -> classified as: Plots / Charts
[eQerjHehcM] figure_6.jpg -> classified as: Plots / Charts
[eQerjHehcM] figure_2.jpg -> classified as: Plots / Charts
[eQerjHehcM] figure_3.jpg -> classified as: Plots / Charts
[eQerjHehcM] figure_4.jpg -> classified as: Plots / Charts
[eQerjHehcM] figure_1.jpg -> classified as: Plots / Charts
[eRduvBHLQ1] figure_5.jpg -> classified as: Plots / Charts
[eRduvBHLQ1] figure_6.jpg -> classified as: Plots / Charts
[eRduvBHLQ1] figure_9.jpg -> classified as: Plots / Charts
[eRduvBHLQ1] figure_2.jpg -> classified as: Architecture Diagram
[eRduvBHLQ1] figure_11.jpg -> classified as: Plots / Charts
[eRduvBHLQ1] figure_7.jpg -> classified as: Plots / Charts
[eRduvBHLQ1] figure_3.jpg -> classified as: Plots / Charts
[eRduvBHLQ1] figure_4.jpg -> classified as: Plots / Charts
[eRduvBHLQ1] figure_1.jpg -> classified as: Architecture Diagram
[eRduvBHLQ1] figure_8.jpg -> classified as: Plots / Charts
[eRduvBHLQ1] figure_10.jpg -> classified as: Plots / Charts
[eeJz7eDWKO] figure_2.jpg -> classified as: Architecture Diagram
[eeJz7eDWKO] figure_1.jpg -> classified as: Architecture Diagram
[ef3tbYHIVn] figure_2.jpg -> classified as: Plots / Charts
[ef3tbYHIVn] figure_1.jpg -> classified as: Architecture Diagram
[ejvf3JrZuC] figure_2.jpg -> classified as: Plots / Charts
[ejvf3JrZuC] figure_3.jpg -> classified as: Plots / Charts
[ejvf3JrZuC] figure_4.jpg -> classified as: Plots / Charts
[ejvf3JrZuC] figure_1.jpg -> classified as: Architecture Diagram
[elTJBP7Fbv] figure_5.jpg -> classified as: Qualitative Examples
[elTJBP7Fbv] figure_6.jpg -> classified as: Qualitative Examples
[elTJBP7Fbv] figure_9.jpg -> classified as: Qualitative Examples
[elTJBP7Fbv] figure_13.jpg -> classified as: Plots / Charts
[elTJBP7Fbv] figure_2.jpg -> classified as: Plots / Charts
[elTJBP7Fbv] figure_11.jpg -> classified as: Plots / Charts
[elTJBP7Fbv] figure_7.jpg -> classified as: Qualitative Examples
[elTJBP7Fbv] figure_3.jpg -> classified as: Plots / Charts
[elTJBP7Fbv] figure_4.jpg -> classified as: Plots / Charts
[elTJBP7Fbv] figure_1.jpg -> classified as: Plots / Charts
[elTJBP7Fbv] figure_8.jpg -> classified as: Qualitative Examples
[elTJBP7Fbv] figure_12.jpg -> classified as: Plots / Charts
[elTJBP7Fbv] figure_14.jpg -> classified as: Plots / Charts
[elTJBP7Fbv] figure_10.jpg -> classified as: Plots / Charts
[eojWsJQ2fe] figure_5.jpg -> classified as: Qualitative Examples
[eojWsJQ2fe] figure_6.jpg -> classified as: Plots / Charts
[eojWsJQ2fe] figure_9.jpg -> classified as: Plots / Charts
[eojWsJQ2fe] figure_2.jpg -> classified as: Qualitative Examples
[eojWsJQ2fe] figure_11.jpg -> classified as: Plots / Charts
[eojWsJQ2fe] figure_7.jpg -> classified as: Plots / Charts
[eojWsJQ2fe] figure_3.jpg -> classified as: Plots / Charts
[eojWsJQ2fe] figure_4.jpg -> classified as: Plots / Charts
[eojWsJQ2fe] figure_1.jpg -> classified as: Plots / Charts
[eojWsJQ2fe] figure_8.jpg -> classified as: Plots / Charts
[eojWsJQ2fe] figure_10.jpg -> classified as: Plots / Charts
[ep9y5OrFmS] figure_5.jpg -> classified as: Plots / Charts
[ep9y5OrFmS] figure_6.jpg -> classified as: Plots / Charts
[ep9y5OrFmS] figure_9.jpg -> classified as: Plots / Charts
[ep9y5OrFmS] figure_2.jpg -> classified as: Plots / Charts
[ep9y5OrFmS] figure_7.jpg -> classified as: Plots / Charts
[ep9y5OrFmS] figure_3.jpg -> classified as: Plots / Charts
[ep9y5OrFmS] figure_4.jpg -> classified as: Plots / Charts
[ep9y5OrFmS] figure_1.jpg -> classified as: Plots / Charts
[ep9y5OrFmS] figure_8.jpg -> classified as: Plots / Charts
[ep9y5OrFmS] figure_10.jpg -> classified as: Plots / Charts
[et5l9qPUhm] figure_5.jpg -> classified as: Plots / Charts
[et5l9qPUhm] figure_6.jpg -> classified as: Plots / Charts
[et5l9qPUhm] figure_9.jpg -> classified as: Plots / Charts
[et5l9qPUhm] figure_2.jpg -> classified as: Plots / Charts
[et5l9qPUhm] figure_11.jpg -> classified as: Plots / Charts
[et5l9qPUhm] figure_7.jpg -> classified as: Plots / Charts
[et5l9qPUhm] figure_3.jpg -> classified as: Plots / Charts
[et5l9qPUhm] figure_4.jpg -> classified as: Plots / Charts
[et5l9qPUhm] figure_1.jpg -> classified as: Plots / Charts
[et5l9qPUhm] figure_8.jpg -> classified as: Plots / Charts
[et5l9qPUhm] figure_12.jpg -> classified as: Plots / Charts
[et5l9qPUhm] figure_10.jpg -> classified as: Plots / Charts
[euZD4YTXKu] figure_2.jpg -> classified as: Architecture Diagram
[euZD4YTXKu] figure_3.jpg -> classified as: Architecture Diagram
[euZD4YTXKu] figure_4.jpg -> classified as: Architecture Diagram
[euZD4YTXKu] figure_1.jpg -> classified as: Plots / Charts
[ewIfVxCzbo] figure_3.jpg -> classified as: Plots / Charts
[ewIfVxCzbo] figure_1.jpg -> classified as: Architecture Diagram
[exgLs4snap] figure_5.jpg -> classified as: Plots / Charts
[exgLs4snap] figure_6.jpg -> classified as: Plots / Charts
[exgLs4snap] figure_9.jpg -> classified as: Plots / Charts
[exgLs4snap] figure_2.jpg -> classified as: Plots / Charts
[exgLs4snap] figure_11.jpg -> classified as: Plots / Charts
[exgLs4snap] figure_7.jpg -> classified as: Plots / Charts
[exgLs4snap] figure_3.jpg -> classified as: Plots / Charts
[exgLs4snap] figure_4.jpg -> classified as: Plots / Charts
[exgLs4snap] figure_1.jpg -> classified as: Plots / Charts
[exgLs4snap] figure_8.jpg -> classified as: Plots / Charts
[exgLs4snap] figure_10.jpg -> classified as: Qualitative Examples
[f3jySJpEFT] figure_2.jpg -> classified as: Plots / Charts
[f3jySJpEFT] figure_3.jpg -> classified as: Architecture Diagram
[f3jySJpEFT] figure_4.jpg -> classified as: Plots / Charts
[f3jySJpEFT] figure_1.jpg -> classified as: Architecture Diagram
[f4gF6AIHRy] figure_5.jpg -> classified as: Plots / Charts
[f4gF6AIHRy] figure_6.jpg -> classified as: Plots / Charts
[f4gF6AIHRy] figure_2.jpg -> classified as: Plots / Charts
[f4gF6AIHRy] figure_7.jpg -> classified as: Plots / Charts
[f4gF6AIHRy] figure_3.jpg -> classified as: Plots / Charts
[f4gF6AIHRy] figure_4.jpg -> classified as: Plots / Charts
[f4gF6AIHRy] figure_1.jpg -> classified as: Plots / Charts
[f4gF6AIHRy] figure_8.jpg -> classified as: Plots / Charts
[f7KxfUrRSb] figure_5.jpg -> classified as: Plots / Charts
[f7KxfUrRSb] figure_6.jpg -> classified as: Plots / Charts
[f7KxfUrRSb] figure_2.jpg -> classified as: Plots / Charts
[f7KxfUrRSb] figure_7.jpg -> classified as: Plots / Charts
[f7KxfUrRSb] figure_3.jpg -> classified as: Plots / Charts
[f7KxfUrRSb] figure_4.jpg -> classified as: Plots / Charts
[f7KxfUrRSb] figure_1.jpg -> classified as: Architecture Diagram
[f7KxfUrRSb] figure_8.jpg -> classified as: Plots / Charts
[f7WBRSuf9l] figure_Rejected__A_man.jpg -> classified as: Other
  -> Skipping second pass (Other)
[f7WBRSuf9l] figure_9.jpg -> classified as: Qualitative Examples
[f7WBRSuf9l] figure_2.jpg -> classified as: Qualitative Examples
[f7WBRSuf9l] figure_11.jpg -> classified as: Qualitative Examples
[f7WBRSuf9l] figure_7.jpg -> classified as: Qualitative Examples
[f7WBRSuf9l] figure_3.jpg -> classified as: Architecture Diagram
[f7WBRSuf9l] figure_unnamed_figure.jpg -> classified as: Teaser Image
[f7WBRSuf9l] figure_4.jpg -> classified as: Plots / Charts
[f7WBRSuf9l] figure_1.jpg -> classified as: Other
  -> Skipping second pass (Other)
[f7WBRSuf9l] figure_8.jpg -> classified as: Qualitative Examples
[f7WBRSuf9l] figure_10.jpg -> classified as: Plots / Charts
[fAAaT826Vv] figure_2.jpg -> classified as: Qualitative Examples
[fAAaT826Vv] figure_3.jpg -> classified as: Other
  -> Skipping second pass (Other)
[fAAaT826Vv] figure_1.jpg -> classified as: Qualitative Examples
[fAGEAEQvRr] figure_1.jpg -> classified as: Plots / Charts
[fDaLmkdSKU] figure_2.jpg -> classified as: Plots / Charts
[fDaLmkdSKU] figure_1.jpg -> classified as: Plots / Charts
[fDcn3S8oAt] figure_5.jpg -> classified as: Plots / Charts
[fDcn3S8oAt] figure_6.jpg -> classified as: Plots / Charts
[fDcn3S8oAt] figure_9.jpg -> classified as: Plots / Charts
[fDcn3S8oAt] figure_2.jpg -> classified as: Plots / Charts
[fDcn3S8oAt] figure_7.jpg -> classified as: Plots / Charts
[fDcn3S8oAt] figure_3.jpg -> classified as: Plots / Charts
[fDcn3S8oAt] figure_4.jpg -> classified as: Plots / Charts
[fDcn3S8oAt] figure_1.jpg -> classified as: Architecture Diagram
[fDcn3S8oAt] figure_8.jpg -> classified as: Plots / Charts
[fGdF8Bq1FV] figure_2.jpg -> classified as: Plots / Charts
[fGdF8Bq1FV] figure_3.jpg -> classified as: Plots / Charts
[fGdF8Bq1FV] figure_4.jpg -> classified as: Plots / Charts
[fGdF8Bq1FV] figure_1.jpg -> classified as: Qualitative Examples
[fJNnerz6iH] figure_5.jpg -> classified as: Plots / Charts
[fJNnerz6iH] figure_6.jpg -> classified as: Plots / Charts
[fJNnerz6iH] figure_9.jpg -> classified as: Plots / Charts
[fJNnerz6iH] figure_2.jpg -> classified as: Architecture Diagram
[fJNnerz6iH] figure_7.jpg -> classified as: Plots / Charts
[fJNnerz6iH] figure_3.jpg -> classified as: Plots / Charts
[fJNnerz6iH] figure_4.jpg -> classified as: Plots / Charts
[fJNnerz6iH] figure_1.jpg -> classified as: Plots / Charts
[fJNnerz6iH] figure_8.jpg -> classified as: Plots / Charts
[fLWqIWPMDH] figure_5.jpg -> classified as: Plots / Charts
[fLWqIWPMDH] figure_6.jpg -> classified as: Plots / Charts
[fLWqIWPMDH] figure_2.jpg -> classified as: Qualitative Examples
[fLWqIWPMDH] figure_7.jpg -> classified as: Plots / Charts
[fLWqIWPMDH] figure_3.jpg -> classified as: Plots / Charts
[fLWqIWPMDH] figure_4.jpg -> classified as: Plots / Charts
[fLWqIWPMDH] figure_1.jpg -> classified as: Architecture Diagram
[fNMKqyvuZT] figure_5.jpg -> classified as: Plots / Charts
[fNMKqyvuZT] figure_6.jpg -> classified as: Plots / Charts
[fNMKqyvuZT] figure_9.jpg -> classified as: Plots / Charts
[fNMKqyvuZT] figure_18.jpg -> classified as: Plots / Charts
[fNMKqyvuZT] figure_13.jpg -> classified as: Plots / Charts
[fNMKqyvuZT] figure_15.jpg -> classified as: Plots / Charts
[fNMKqyvuZT] figure_2.jpg -> classified as: Architecture Diagram
[fNMKqyvuZT] figure_11.jpg -> classified as: Plots / Charts
[fNMKqyvuZT] figure_3.jpg -> classified as: Plots / Charts
[fNMKqyvuZT] figure_4.jpg -> classified as: Plots / Charts
[fNMKqyvuZT] figure_17.jpg -> classified as: Plots / Charts
[fNMKqyvuZT] figure_1.jpg -> classified as: Plots / Charts
[fNMKqyvuZT] figure_8.jpg -> classified as: Plots / Charts
[fNMKqyvuZT] figure_12.jpg -> classified as: Plots / Charts
[fNMKqyvuZT] figure_14.jpg -> classified as: Plots / Charts
[fNMKqyvuZT] figure_16.jpg -> classified as: Plots / Charts
[fNMKqyvuZT] figure_10.jpg -> classified as: Plots / Charts
[fUz6Qefe5z] figure_A1.jpg -> classified as: Plots / Charts
[fUz6Qefe5z] figure_A2.jpg -> classified as: Plots / Charts
[fUz6Qefe5z] figure_2.jpg -> classified as: Plots / Charts
[fUz6Qefe5z] figure_1.jpg -> classified as: Plots / Charts
[fV54cBCGEV] figure_5.jpg -> classified as: Plots / Charts
[fV54cBCGEV] figure_6.jpg -> classified as: Plots / Charts
[fV54cBCGEV] figure_2.jpg -> classified as: Plots / Charts
[fV54cBCGEV] figure_3.jpg -> classified as: Plots / Charts
[fV54cBCGEV] figure_4.jpg -> classified as: Plots / Charts
[fV54cBCGEV] figure_1.jpg -> classified as: Plots / Charts
[fVgUXaesSS] figure_5.jpg -> classified as: Plots / Charts
[fVgUXaesSS] figure_6.jpg -> classified as: Plots / Charts
[fVgUXaesSS] figure_2.jpg -> classified as: Plots / Charts
[fVgUXaesSS] figure_7.jpg -> classified as: Plots / Charts
[fVgUXaesSS] figure_3.jpg -> classified as: Plots / Charts
[fVgUXaesSS] figure_4.jpg -> classified as: Plots / Charts
[fVgUXaesSS] figure_1.jpg -> classified as: Plots / Charts
[fWNHKHh0Yn] figure_5.jpg -> classified as: Plots / Charts
[fWNHKHh0Yn] figure_6.jpg -> classified as: Plots / Charts
[fWNHKHh0Yn] figure_9.jpg -> classified as: Plots / Charts
[fWNHKHh0Yn] figure_13.jpg -> classified as: Plots / Charts
[fWNHKHh0Yn] figure_2.jpg -> classified as: Plots / Charts
[fWNHKHh0Yn] figure_11.jpg -> classified as: Plots / Charts
[fWNHKHh0Yn] figure_7.jpg -> classified as: Plots / Charts
[fWNHKHh0Yn] figure_3.jpg -> classified as: Plots / Charts
[fWNHKHh0Yn] figure_4.jpg -> classified as: Plots / Charts
[fWNHKHh0Yn] figure_1.jpg -> classified as: Plots / Charts
[fWNHKHh0Yn] figure_8.jpg -> classified as: Plots / Charts
[fWNHKHh0Yn] figure_12.jpg -> classified as: Plots / Charts
[fWNHKHh0Yn] figure_10.jpg -> classified as: Qualitative Examples
[fWRBheSJth] figure_5.jpg -> classified as: Plots / Charts
[fWRBheSJth] figure_6.jpg -> classified as: Plots / Charts
[fWRBheSJth] figure_2.jpg -> classified as: Plots / Charts
[fWRBheSJth] figure_7.jpg -> classified as: Plots / Charts
[fWRBheSJth] figure_3.jpg -> classified as: Plots / Charts
[fWRBheSJth] figure_4.jpg -> classified as: Plots / Charts
[fWRBheSJth] figure_1.jpg -> classified as: Architecture Diagram
[fWRBheSJth] figure_8.jpg -> classified as: Plots / Charts
[fWk5Qx0exc] figure_2.jpg -> classified as: Other
  -> Skipping second pass (Other)
[fWk5Qx0exc] figure_3.jpg -> classified as: Plots / Charts
[fWk5Qx0exc] figure_4.jpg -> classified as: Plots / Charts
[fWk5Qx0exc] figure_1.jpg -> classified as: Plots / Charts
[fXnE4gB64o] figure_5.jpg -> classified as: Qualitative Examples
[fXnE4gB64o] figure_6.jpg -> classified as: Qualitative Examples
[fXnE4gB64o] figure_9.jpg -> classified as: Qualitative Examples
[fXnE4gB64o] figure_2.jpg -> classified as: Plots / Charts
[fXnE4gB64o] figure_7.jpg -> classified as: Qualitative Examples
[fXnE4gB64o] figure_3.jpg -> classified as: Qualitative Examples
[fXnE4gB64o] figure_4.jpg -> classified as: Qualitative Examples
[fXnE4gB64o] figure_1.jpg -> classified as: Qualitative Examples
[fXnE4gB64o] figure_8.jpg -> classified as: Qualitative Examples
[faDMOmnsjx] figure_(b)_Over-specified_setting.jpg -> classified as: Plots / Charts
[faDMOmnsjx] figure_2.jpg -> classified as: Plots / Charts
[faDMOmnsjx] figure_(a)_Exact-specified_setting.jpg -> classified as: Plots / Charts
[fapHf9fmqp] figure_5.jpg -> classified as: Plots / Charts
[fapHf9fmqp] figure_(a)_Box_plot.jpg -> classified as: Plots / Charts
[fapHf9fmqp] figure_2.jpg -> classified as: Plots / Charts
[fapHf9fmqp] figure_3.jpg -> classified as: Plots / Charts
[fapHf9fmqp] figure_1.jpg -> classified as: Plots / Charts
[fcZ9VadFd5] figure_5.jpg -> classified as: Plots / Charts
[fcZ9VadFd5] figure_6.jpg -> classified as: Plots / Charts
[fcZ9VadFd5] figure_9.jpg -> classified as: Plots / Charts
[fcZ9VadFd5] figure_13.jpg -> classified as: Qualitative Examples
[fcZ9VadFd5] figure_2.jpg -> classified as: Plots / Charts
[fcZ9VadFd5] figure_11.jpg -> classified as: Plots / Charts
[fcZ9VadFd5] figure_7.jpg -> classified as: Plots / Charts
[fcZ9VadFd5] figure_3.jpg -> classified as: Plots / Charts
[fcZ9VadFd5] figure_4.jpg -> classified as: Plots / Charts
[fcZ9VadFd5] figure_1.jpg -> classified as: Plots / Charts
[fcZ9VadFd5] figure_8.jpg -> classified as: Plots / Charts
[fcZ9VadFd5] figure_12.jpg -> classified as: Plots / Charts
[fcZ9VadFd5] figure_10.jpg -> classified as: Plots / Charts
[feZcpZbbqL] figure_1.jpg -> classified as: Plots / Charts
[feykAFeSfq] figure_5.jpg -> classified as: Plots / Charts
[feykAFeSfq] figure_6.jpg -> classified as: Plots / Charts
[feykAFeSfq] figure_2.jpg -> classified as: Architecture Diagram
[feykAFeSfq] figure_3.jpg -> classified as: Qualitative Examples
[feykAFeSfq] figure_1.jpg -> classified as: Architecture Diagram
[fh7GYa7cjO] figure_5.jpg -> classified as: Plots / Charts
[fh7GYa7cjO] figure_2.jpg -> classified as: Plots / Charts
[fh7GYa7cjO] figure_3.jpg -> classified as: Plots / Charts
[fh7GYa7cjO] figure_4.jpg -> classified as: Plots / Charts
[fh7GYa7cjO] figure_1.jpg -> classified as: Architecture Diagram
[fifXzmzeGy] figure_5.jpg -> classified as: Plots / Charts
[fifXzmzeGy] figure_6.jpg -> classified as: Plots / Charts
[fifXzmzeGy] figure_9.jpg -> classified as: Plots / Charts
[fifXzmzeGy] figure_2.jpg -> classified as: Plots / Charts
[fifXzmzeGy] figure_11.jpg -> classified as: Plots / Charts
[fifXzmzeGy] figure_7.jpg -> classified as: Plots / Charts
[fifXzmzeGy] figure_3.jpg -> classified as: Other
  -> Skipping second pass (Other)
[fifXzmzeGy] figure_4.jpg -> classified as: Plots / Charts
[fifXzmzeGy] figure_1.jpg -> classified as: Plots / Charts
[fifXzmzeGy] figure_8.jpg -> classified as: Plots / Charts
[fifXzmzeGy] figure_12.jpg -> classified as: Plots / Charts
[fifXzmzeGy] figure_10.jpg -> classified as: Plots / Charts
[fj2E5OcLFn] figure_5.jpg -> classified as: Plots / Charts
[fj2E5OcLFn] figure_6.jpg -> classified as: Plots / Charts
[fj2E5OcLFn] figure_9.jpg -> classified as: Plots / Charts
[fj2E5OcLFn] figure_2.jpg -> classified as: Plots / Charts
[fj2E5OcLFn] figure_7.jpg -> classified as: Plots / Charts
[fj2E5OcLFn] figure_3.jpg -> classified as: Plots / Charts
[fj2E5OcLFn] figure_4.jpg -> classified as: Plots / Charts
[fj2E5OcLFn] figure_1.jpg -> classified as: Plots / Charts
[fj2E5OcLFn] figure_8.jpg -> classified as: Plots / Charts
[fjf3YenThE] figure_2.jpg -> classified as: Plots / Charts
[fjf3YenThE] figure_3.jpg -> classified as: Plots / Charts
[fjf3YenThE] figure_1.jpg -> classified as: Qualitative Examples
[fkKW1PK8Ga] figure_1.jpg -> classified as: Plots / Charts
[fmJUYgmMbL] figure_5.jpg -> classified as: Qualitative Examples
[fmJUYgmMbL] figure_9.jpg -> classified as: Plots / Charts
[fmJUYgmMbL] figure_13.jpg -> classified as: Plots / Charts
[fmJUYgmMbL] figure_15.jpg -> classified as: Qualitative Examples
[fmJUYgmMbL] figure_2.jpg -> classified as: Qualitative Examples
[fmJUYgmMbL] figure_11.jpg -> classified as: Plots / Charts
[fmJUYgmMbL] figure_7.jpg -> classified as: Plots / Charts
[fmJUYgmMbL] figure_3.jpg -> classified as: Qualitative Examples
[fmJUYgmMbL] figure_4.jpg -> classified as: Plots / Charts
[fmJUYgmMbL] figure_17.jpg -> classified as: Plots / Charts
[fmJUYgmMbL] figure_1.jpg -> classified as: Plots / Charts
[fmJUYgmMbL] figure_8.jpg -> classified as: Qualitative Examples
[fmJUYgmMbL] figure_12.jpg -> classified as: Plots / Charts
[fmJUYgmMbL] figure_14.jpg -> classified as: Plots / Charts
[fmJUYgmMbL] figure_16.jpg -> classified as: Qualitative Examples
[fmJUYgmMbL] figure_10.jpg -> classified as: Plots / Charts
[fq24pEb8SL] figure_5.jpg -> classified as: Plots / Charts
[fq24pEb8SL] figure_6.jpg -> classified as: Plots / Charts
[fq24pEb8SL] figure_2.jpg -> classified as: Architecture Diagram
[fq24pEb8SL] figure_3.jpg -> classified as: Plots / Charts
[fq24pEb8SL] figure_4.jpg -> classified as: Plots / Charts
[fq24pEb8SL] figure_1.jpg -> classified as: Plots / Charts
[frsg32u0rO] figure_5.jpg -> classified as: Plots / Charts
[frsg32u0rO] figure_2.jpg -> classified as: Other
  -> Skipping second pass (Other)
[frsg32u0rO] figure_3.jpg -> classified as: Plots / Charts
[frsg32u0rO] figure_1.jpg -> classified as: Architecture Diagram
[fsDZwS49uY] figure_5.jpg -> classified as: Plots / Charts
[fsDZwS49uY] figure_6.jpg -> classified as: Plots / Charts
[fsDZwS49uY] figure_2.jpg -> classified as: Other
  -> Skipping second pass (Other)
[fsDZwS49uY] figure_3.jpg -> classified as: Architecture Diagram
[fsDZwS49uY] figure_4.jpg -> classified as: Plots / Charts
[fsDZwS49uY] figure_1.jpg -> classified as: Other
  -> Skipping second pass (Other)
[fsDZwS49uY] figure_8.jpg -> classified as: Plots / Charts
[fszrlQ2DuP] figure_5.jpg -> classified as: Plots / Charts
[fszrlQ2DuP] figure_6.jpg -> classified as: Plots / Charts
[fszrlQ2DuP] figure_9.jpg -> classified as: Plots / Charts
[fszrlQ2DuP] figure_13.jpg -> classified as: Plots / Charts
[fszrlQ2DuP] figure_2.jpg -> classified as: Plots / Charts
[fszrlQ2DuP] figure_11.jpg -> classified as: Plots / Charts
[fszrlQ2DuP] figure_7.jpg -> classified as: Plots / Charts
[fszrlQ2DuP] figure_3.jpg -> classified as: Plots / Charts
[fszrlQ2DuP] figure_4.jpg -> classified as: Plots / Charts
[fszrlQ2DuP] figure_1.jpg -> classified as: Plots / Charts
[fszrlQ2DuP] figure_8.jpg -> classified as: Plots / Charts
[fszrlQ2DuP] figure_12.jpg -> classified as: Plots / Charts
[fszrlQ2DuP] figure_10.jpg -> classified as: Plots / Charts
[fuoM5YDBX4] figure_5.jpg -> classified as: Qualitative Examples
[fuoM5YDBX4] figure_6.jpg -> classified as: Plots / Charts
[fuoM5YDBX4] figure_2.jpg -> classified as: Plots / Charts
[fuoM5YDBX4] figure_3.jpg -> classified as: Plots / Charts
[fuoM5YDBX4] figure_4.jpg -> classified as: Plots / Charts
[fuoM5YDBX4] figure_1.jpg -> classified as: Plots / Charts
[fv8TTt9srF] figure_2.jpg -> classified as: Plots / Charts
[fv8TTt9srF] figure_3.jpg -> classified as: Architecture Diagram
[fv8TTt9srF] figure_1.jpg -> classified as: Plots / Charts
[fvse7bMkAs] figure_5.jpg -> classified as: Plots / Charts
[fvse7bMkAs] figure_6.jpg -> classified as: Plots / Charts
[fvse7bMkAs] figure_9.jpg -> classified as: Plots / Charts
[fvse7bMkAs] figure_2.jpg -> classified as: Plots / Charts
[fvse7bMkAs] figure_11.jpg -> classified as: Plots / Charts
[fvse7bMkAs] figure_7.jpg -> classified as: Plots / Charts
[fvse7bMkAs] figure_3.jpg -> classified as: Plots / Charts
[fvse7bMkAs] figure_4.jpg -> classified as: Plots / Charts
[fvse7bMkAs] figure_1.jpg -> classified as: Plots / Charts
[fvse7bMkAs] figure_8.jpg -> classified as: Plots / Charts
[fvse7bMkAs] figure_12.jpg -> classified as: Plots / Charts
[fvse7bMkAs] figure_10.jpg -> classified as: Plots / Charts
[fw1oizreEF] figure_5.jpg -> classified as: Plots / Charts
[fw1oizreEF] figure_6.jpg -> classified as: Plots / Charts
[fw1oizreEF] figure_2.jpg -> classified as: Plots / Charts
[fw1oizreEF] figure_7.jpg -> classified as: Plots / Charts
[fw1oizreEF] figure_3.jpg -> classified as: Plots / Charts
[fw1oizreEF] figure_4.jpg -> classified as: Plots / Charts
[fw1oizreEF] figure_1.jpg -> classified as: Architecture Diagram
[fyTPWfXtcc] figure_2.jpg -> classified as: Qualitative Examples
[fyTPWfXtcc] figure_3.jpg -> classified as: Qualitative Examples
[fyTPWfXtcc] figure_1.jpg -> classified as: Plots / Charts
[fzJtylzsKO] figure_2.jpg -> classified as: Plots / Charts
[fzJtylzsKO] figure_3.jpg -> classified as: Plots / Charts
[fzJtylzsKO] figure_4.jpg -> classified as: Plots / Charts
[fzJtylzsKO] figure_1.jpg -> classified as: Architecture Diagram
[g0mlwqs8pi] figure_5.jpg -> classified as: Plots / Charts
[g0mlwqs8pi] figure_6.jpg -> classified as: Plots / Charts
[g0mlwqs8pi] figure_2.jpg -> classified as: Plots / Charts
[g0mlwqs8pi] figure_7.jpg -> classified as: Plots / Charts
[g0mlwqs8pi] figure_3.jpg -> classified as: Plots / Charts
[g0mlwqs8pi] figure_4.jpg -> classified as: Plots / Charts
[g0mlwqs8pi] figure_1.jpg -> classified as: Plots / Charts
[g0mlwqs8pi] figure_8.jpg -> classified as: Plots / Charts
[g1fE8fSOm5] figure_5.jpg -> classified as: Plots / Charts
[g1fE8fSOm5] figure_6.jpg -> classified as: Architecture Diagram
[g1fE8fSOm5] figure_2.jpg -> classified as: Plots / Charts
[g1fE8fSOm5] figure_3.jpg -> classified as: Plots / Charts
[g1fE8fSOm5] figure_4.jpg -> classified as: Plots / Charts
[g1fE8fSOm5] figure_1.jpg -> classified as: Plots / Charts
[g6fYDGKeyB] figure_2.jpg -> classified as: Plots / Charts
[g6fYDGKeyB] figure_3.jpg -> classified as: Plots / Charts
[g6fYDGKeyB] figure_4.jpg -> classified as: Plots / Charts
[g6fYDGKeyB] figure_1.jpg -> classified as: Architecture Diagram
[g6syfIrVuS] figure_Figure_$_mathbf_{_2.jpg -> classified as: Plots / Charts
[g6syfIrVuS] figure_5.jpg -> classified as: Plots / Charts
[g6syfIrVuS] figure_6.jpg -> classified as: Plots / Charts
[g6syfIrVuS] figure_Figure_${__bf_1.jpg -> classified as: Plots / Charts
[g6syfIrVuS] figure_Figure_$_mathbf_{_1.jpg -> classified as: Plots / Charts
[g6syfIrVuS] figure_2.jpg -> classified as: Plots / Charts
[g6syfIrVuS] figure_S_2.jpg -> classified as: Plots / Charts
[g6syfIrVuS] figure_S_3.jpg -> classified as: Plots / Charts
[g6syfIrVuS] figure_S_8.jpg -> classified as: Plots / Charts
[g6syfIrVuS] figure_3.jpg -> classified as: Plots / Charts
[g6syfIrVuS] figure_S_9.jpg -> classified as: Plots / Charts
[g6syfIrVuS] figure_4.jpg -> classified as: Plots / Charts
[g6syfIrVuS] figure_S_5.jpg -> classified as: Plots / Charts
[g6syfIrVuS] figure_Figure_$_mathbf_{.jpg -> classified as: Plots / Charts
[g6syfIrVuS] figure_s.jpg -> classified as: Plots / Charts
[g6syfIrVuS] figure_Figure_${__bf.jpg -> classified as: Plots / Charts
[g6syfIrVuS] figure_1.jpg -> classified as: Plots / Charts
[g6syfIrVuS] figure_S_1.jpg -> classified as: Plots / Charts
[g6syfIrVuS] figure_S.jpg -> classified as: Plots / Charts
[g6syfIrVuS] figure_S_4.jpg -> classified as: Plots / Charts
[g6syfIrVuS] figure_S_7.jpg -> classified as: Plots / Charts
[g6syfIrVuS] figure_S_6.jpg -> classified as: Plots / Charts
[g8sGBSQjYk] figure_Figure_$_mathbf_{_2.jpg -> classified as: Plots / Charts
[g8sGBSQjYk] figure_6_1.jpg -> classified as: Plots / Charts
[g8sGBSQjYk] figure_5.jpg -> classified as: Plots / Charts
[g8sGBSQjYk] figure_6.jpg -> classified as: Plots / Charts
[g8sGBSQjYk] figure_Figure_$_mathbf_{_1.jpg -> classified as: Plots / Charts
[g8sGBSQjYk] figure_2.jpg -> classified as: Plots / Charts
[g8sGBSQjYk] figure_S_2.jpg -> classified as: Plots / Charts
[g8sGBSQjYk] figure_S_3.jpg -> classified as: Plots / Charts
[g8sGBSQjYk] figure_7.jpg -> classified as: Plots / Charts
[g8sGBSQjYk] figure_S_8.jpg -> classified as: Plots / Charts
[g8sGBSQjYk] figure_3.jpg -> classified as: Plots / Charts
[g8sGBSQjYk] figure_S_9.jpg -> classified as: Plots / Charts
[g8sGBSQjYk] figure_S_5.jpg -> classified as: Plots / Charts
[g8sGBSQjYk] figure_Figure_$_mathbf_{.jpg -> classified as: Plots / Charts
[g8sGBSQjYk] figure_1.jpg -> classified as: Plots / Charts
[g8sGBSQjYk] figure_S_1.jpg -> classified as: Plots / Charts
[g8sGBSQjYk] figure_S.jpg -> classified as: Plots / Charts
[g8sGBSQjYk] figure_1_1.jpg -> classified as: Plots / Charts
[g8sGBSQjYk] figure_S_10.jpg -> classified as: Plots / Charts
[g8sGBSQjYk] figure_S_4.jpg -> classified as: Plots / Charts
[g8sGBSQjYk] figure_S_7.jpg -> classified as: Plots / Charts
[g8sGBSQjYk] figure_S_6.jpg -> classified as: Plots / Charts
[gC0ikdZoz8] figure_5.jpg -> classified as: Plots / Charts
[gC0ikdZoz8] figure_6.jpg -> classified as: Plots / Charts
[gC0ikdZoz8] figure_9.jpg -> classified as: Plots / Charts
[gC0ikdZoz8] figure_13.jpg -> classified as: Plots / Charts
[gC0ikdZoz8] figure_15.jpg -> classified as: Plots / Charts
[gC0ikdZoz8] figure_2.jpg -> classified as: Plots / Charts
[gC0ikdZoz8] figure_11.jpg -> classified as: Plots / Charts
[gC0ikdZoz8] figure_7.jpg -> classified as: Plots / Charts
[gC0ikdZoz8] figure_3.jpg -> classified as: Plots / Charts
[gC0ikdZoz8] figure_4.jpg -> classified as: Plots / Charts
[gC0ikdZoz8] figure_1.jpg -> classified as: Plots / Charts
[gC0ikdZoz8] figure_8.jpg -> classified as: Plots / Charts
[gC0ikdZoz8] figure_12.jpg -> classified as: Plots / Charts
[gC0ikdZoz8] figure_14.jpg -> classified as: Plots / Charts
[gC0ikdZoz8] figure_16.jpg -> classified as: Plots / Charts
[gC0ikdZoz8] figure_10.jpg -> classified as: Architecture Diagram
[gEwKAZZmSw] figure_5.jpg -> classified as: Plots / Charts
[gEwKAZZmSw] figure_6.jpg -> classified as: Plots / Charts
[gEwKAZZmSw] figure_9.jpg -> classified as: Plots / Charts
[gEwKAZZmSw] figure_2.jpg -> classified as: Architecture Diagram
[gEwKAZZmSw] figure_11.jpg -> classified as: Plots / Charts
[gEwKAZZmSw] figure_7.jpg -> classified as: Plots / Charts
[gEwKAZZmSw] figure_3.jpg -> classified as: Plots / Charts
[gEwKAZZmSw] figure_4.jpg -> classified as: Plots / Charts
[gEwKAZZmSw] figure_1.jpg -> classified as: Plots / Charts
[gEwKAZZmSw] figure_8.jpg -> classified as: Plots / Charts
[gEwKAZZmSw] figure_10.jpg -> classified as: Plots / Charts
[gInIbukM0R] figure_5.jpg -> classified as: Plots / Charts
[gInIbukM0R] figure_6.jpg -> classified as: Plots / Charts
[gInIbukM0R] figure_9.jpg -> classified as: Plots / Charts
[gInIbukM0R] figure_13.jpg -> classified as: Plots / Charts
[gInIbukM0R] figure_15.jpg -> classified as: Architecture Diagram
[gInIbukM0R] figure_2.jpg -> classified as: Plots / Charts
[gInIbukM0R] figure_11.jpg -> classified as: Plots / Charts
[gInIbukM0R] figure_7.jpg -> classified as: Plots / Charts
[gInIbukM0R] figure_3.jpg -> classified as: Plots / Charts
[gInIbukM0R] figure_4.jpg -> classified as: Plots / Charts
[gInIbukM0R] figure_1.jpg -> classified as: Architecture Diagram
[gInIbukM0R] figure_8.jpg -> classified as: Plots / Charts
[gInIbukM0R] figure_12.jpg -> classified as: Plots / Charts
[gInIbukM0R] figure_14.jpg -> classified as: Plots / Charts
[gInIbukM0R] figure_10.jpg -> classified as: Plots / Charts
[gJRrG43BYC] figure_5.jpg -> classified as: Plots / Charts
[gJRrG43BYC] figure_2.jpg -> classified as: Plots / Charts
[gJRrG43BYC] figure_3.jpg -> classified as: Plots / Charts
[gJRrG43BYC] figure_4.jpg -> classified as: Plots / Charts
[gJRrG43BYC] figure_1.jpg -> classified as: Architecture Diagram
[gK1rl98VRp] figure_5.jpg -> classified as: Plots / Charts
[gK1rl98VRp] figure_6.jpg -> classified as: Plots / Charts
[gK1rl98VRp] figure_2.jpg -> classified as: Plots / Charts
[gK1rl98VRp] figure_7.jpg -> classified as: Plots / Charts
[gK1rl98VRp] figure_3.jpg -> classified as: Architecture Diagram
[gK1rl98VRp] figure_4.jpg -> classified as: Plots / Charts
[gK1rl98VRp] figure_1.jpg -> classified as: Architecture Diagram
[gQPwP1JFwC] figure_5.jpg -> classified as: Plots / Charts
[gQPwP1JFwC] figure_6.jpg -> classified as: Plots / Charts
[gQPwP1JFwC] figure_(b)_Example_2..jpg -> classified as: Plots / Charts
[gQPwP1JFwC] figure_(b)_Gradient-based_RMSProp_2.jpg -> classified as: Plots / Charts
[gQPwP1JFwC] figure_2.jpg -> classified as: Plots / Charts
[gQPwP1JFwC] figure_(b)_Gradient-based_RMSProp_1.jpg -> classified as: Plots / Charts
[gQPwP1JFwC] figure_7.jpg -> classified as: Plots / Charts
[gQPwP1JFwC] figure_3.jpg -> classified as: Plots / Charts
[gQPwP1JFwC] figure_4.jpg -> classified as: Plots / Charts
[gQPwP1JFwC] figure_8.jpg -> classified as: Plots / Charts
[gQPwP1JFwC] figure_(b)_Gradient-based_RMSProp.jpg -> classified as: Plots / Charts
[gS0XOu0JKs] figure_2.jpg -> classified as: Architecture Diagram
[gS0XOu0JKs] figure_3.jpg -> classified as: Plots / Charts
[gS0XOu0JKs] figure_(b)_Changes_in.jpg -> classified as: Plots / Charts
[gS0XOu0JKs] figure_1.jpg -> classified as: Qualitative Examples
[gSB6IfUEGz] figure_2.jpg -> classified as: Plots / Charts
[gSB6IfUEGz] figure_3.jpg -> classified as: Plots / Charts
[gSB6IfUEGz] figure_1.jpg -> classified as: Architecture Diagram
[gVVoZtiQlt] figure_2.jpg -> classified as: Plots / Charts
[gVVoZtiQlt] figure_1.jpg -> classified as: Architecture Diagram
[gVWEq7LITG] figure_5.jpg -> classified as: Qualitative Examples
[gVWEq7LITG] figure_2.jpg -> classified as: Qualitative Examples
[gVWEq7LITG] figure_7.jpg -> classified as: Plots / Charts
[gVWEq7LITG] figure_3.jpg -> classified as: Qualitative Examples
[gVWEq7LITG] figure_4.jpg -> classified as: Architecture Diagram
[gVWEq7LITG] figure_1.jpg -> classified as: Architecture Diagram
[gWrWUaCbMa] figure_5.jpg -> classified as: Plots / Charts
[gWrWUaCbMa] figure_6.jpg -> classified as: Plots / Charts
[gWrWUaCbMa] figure_9.jpg -> classified as: Plots / Charts
[gWrWUaCbMa] figure_13.jpg -> classified as: Plots / Charts
[gWrWUaCbMa] figure_15.jpg -> classified as: Other
  -> Skipping second pass (Other)
[gWrWUaCbMa] figure_2.jpg -> classified as: Plots / Charts
[gWrWUaCbMa] figure_11.jpg -> classified as: Plots / Charts
[gWrWUaCbMa] figure_7.jpg -> classified as: Plots / Charts
[gWrWUaCbMa] figure_3.jpg -> classified as: Qualitative Examples
[gWrWUaCbMa] figure_4.jpg -> classified as: Plots / Charts
[gWrWUaCbMa] figure_1.jpg -> classified as: Plots / Charts
[gWrWUaCbMa] figure_8.jpg -> classified as: Plots / Charts
[gWrWUaCbMa] figure_12.jpg -> classified as: Plots / Charts
[gWrWUaCbMa] figure_14.jpg -> classified as: Plots / Charts
[gWrWUaCbMa] figure_16.jpg -> classified as: Plots / Charts
[gWrWUaCbMa] figure_10.jpg -> classified as: Plots / Charts
[gZNB1H5IsQ] figure_5.jpg -> classified as: Plots / Charts
[gZNB1H5IsQ] figure_6.jpg -> classified as: Plots / Charts
[gZNB1H5IsQ] figure_2.jpg -> classified as: Plots / Charts
[gZNB1H5IsQ] figure_7.jpg -> classified as: Plots / Charts
[gZNB1H5IsQ] figure_3.jpg -> classified as: Plots / Charts
[gZNB1H5IsQ] figure_4.jpg -> classified as: Plots / Charts
[gZNB1H5IsQ] figure_1.jpg -> classified as: Plots / Charts
[gZNB1H5IsQ] figure_8.jpg -> classified as: Plots / Charts
[gZRfDWLlGY] figure_5.jpg -> classified as: Plots / Charts
[gZRfDWLlGY] figure_2.jpg -> classified as: Plots / Charts
[gZRfDWLlGY] figure_3.jpg -> classified as: Plots / Charts
[gZRfDWLlGY] figure_4.jpg -> classified as: Plots / Charts
[gZRfDWLlGY] figure_1.jpg -> classified as: Plots / Charts
[gaAvQ4ogUX] figure_2.jpg -> classified as: Qualitative Examples
[gaAvQ4ogUX] figure_1.jpg -> classified as: Architecture Diagram
[gctmyMiPHH] figure_5.jpg -> classified as: Plots / Charts
[gctmyMiPHH] figure_6.jpg -> classified as: Plots / Charts
[gctmyMiPHH] figure_9.jpg -> classified as: Architecture Diagram
[gctmyMiPHH] figure_2.jpg -> classified as: Architecture Diagram
[gctmyMiPHH] figure_11.jpg -> classified as: Plots / Charts
[gctmyMiPHH] figure_7.jpg -> classified as: Plots / Charts
[gctmyMiPHH] figure_4.jpg -> classified as: Plots / Charts
[gctmyMiPHH] figure_1.jpg -> classified as: Plots / Charts
[gctmyMiPHH] figure_Figure_$3__colon.jpg -> classified as: Plots / Charts
[gctmyMiPHH] figure_8.jpg -> classified as: Plots / Charts
[gctmyMiPHH] figure_10.jpg -> classified as: Architecture Diagram
[gfI9v7AbFg] figure_19.jpg -> classified as: Plots / Charts
[gfI9v7AbFg] figure_5.jpg -> classified as: Plots / Charts
[gfI9v7AbFg] figure_6.jpg -> classified as: Plots / Charts
[gfI9v7AbFg] figure_9.jpg -> classified as: Qualitative Examples
[gfI9v7AbFg] figure_18.jpg -> classified as: Plots / Charts
[gfI9v7AbFg] figure_13.jpg -> classified as: Architecture Diagram
[gfI9v7AbFg] figure_15.jpg -> classified as: Architecture Diagram
[gfI9v7AbFg] figure_2.jpg -> classified as: Architecture Diagram
[gfI9v7AbFg] figure_20.jpg -> classified as: Plots / Charts
[gfI9v7AbFg] figure_11.jpg -> classified as: Architecture Diagram
[gfI9v7AbFg] figure_7.jpg -> classified as: Plots / Charts
[gfI9v7AbFg] figure_3.jpg -> classified as: Plots / Charts
[gfI9v7AbFg] figure_unnamed_figure.jpg -> classified as: Other
  -> Skipping second pass (Other)
[gfI9v7AbFg] figure_4.jpg -> classified as: Plots / Charts
[gfI9v7AbFg] figure_17.jpg -> classified as: Plots / Charts
[gfI9v7AbFg] figure_1.jpg -> classified as: Architecture Diagram
[gfI9v7AbFg] figure_8.jpg -> classified as: Architecture Diagram
[gfI9v7AbFg] figure_12.jpg -> classified as: Plots / Charts
[gfI9v7AbFg] figure_14.jpg -> classified as: Architecture Diagram
[gfI9v7AbFg] figure_16.jpg -> classified as: Plots / Charts
[gfI9v7AbFg] figure_10.jpg -> classified as: Architecture Diagram
[ghk8lnOYRq] figure_2.jpg -> classified as: Plots / Charts
[ghk8lnOYRq] figure_3.jpg -> classified as: Plots / Charts
[ghk8lnOYRq] figure_1.jpg -> classified as: Plots / Charts
[gkfUvn0fLU] figure_D_7.jpg -> classified as: Plots / Charts
[gkfUvn0fLU] figure_D_6.jpg -> classified as: Plots / Charts
[gkfUvn0fLU] figure_D_2.jpg -> classified as: Plots / Charts
[gkfUvn0fLU] figure_D_5.jpg -> classified as: Plots / Charts
[gkfUvn0fLU] figure_3.2.jpg -> classified as: Plots / Charts
[gkfUvn0fLU] figure_D_3.jpg -> classified as: Plots / Charts
[gkfUvn0fLU] figure_5.1.jpg -> classified as: Plots / Charts
[gkfUvn0fLU] figure_3.1.jpg -> classified as: Plots / Charts
[gkfUvn0fLU] figure_5.3.jpg -> classified as: Plots / Charts
[gkfUvn0fLU] figure_D.jpg -> classified as: Plots / Charts
[gkfUvn0fLU] figure_D_1.jpg -> classified as: Plots / Charts
[gkfUvn0fLU] figure_D_8.jpg -> classified as: Plots / Charts
[gkfUvn0fLU] figure_D_4.jpg -> classified as: Plots / Charts
[gkfUvn0fLU] figure_5.2.jpg -> classified as: Plots / Charts
[gkfUvn0fLU] figure_5.4.jpg -> classified as: Plots / Charts
[gnasT4ZS8Y] figure_2.jpg -> classified as: Plots / Charts
[gnasT4ZS8Y] figure_1.jpg -> classified as: Plots / Charts
[gppLqZLQeY] figure_2.jpg -> classified as: Plots / Charts
[gppLqZLQeY] figure_3.jpg -> classified as: Architecture Diagram
[gppLqZLQeY] figure_1.jpg -> classified as: Plots / Charts
[grM2Yv49cI] figure_5.jpg -> classified as: Plots / Charts
[grM2Yv49cI] figure_6.jpg -> classified as: Plots / Charts
[grM2Yv49cI] figure_2.jpg -> classified as: Plots / Charts
[grM2Yv49cI] figure_7.jpg -> classified as: Plots / Charts
[grM2Yv49cI] figure_3.jpg -> classified as: Plots / Charts
[grM2Yv49cI] figure_4.jpg -> classified as: Plots / Charts
[grM2Yv49cI] figure_1.jpg -> classified as: Plots / Charts
[grM2Yv49cI] figure_8.jpg -> classified as: Plots / Charts
[grU1VKEOLi] figure_5.jpg -> classified as: Plots / Charts
[grU1VKEOLi] figure_6.jpg -> classified as: Plots / Charts
[grU1VKEOLi] figure_9.jpg -> classified as: Plots / Charts
[grU1VKEOLi] figure_2.jpg -> classified as: Plots / Charts
[grU1VKEOLi] figure_7.jpg -> classified as: Plots / Charts
[grU1VKEOLi] figure_3.jpg -> classified as: Plots / Charts
[grU1VKEOLi] figure_4.jpg -> classified as: Plots / Charts
[grU1VKEOLi] figure_1.jpg -> classified as: Architecture Diagram
[grU1VKEOLi] figure_8.jpg -> classified as: Plots / Charts
[grU1VKEOLi] figure_10.jpg -> classified as: Architecture Diagram
[gyvYKLEm8t] figure_2.jpg -> classified as: Architecture Diagram
[gyvYKLEm8t] figure_3.jpg -> classified as: Architecture Diagram
[gyvYKLEm8t] figure_4.jpg -> classified as: Plots / Charts
[gyvYKLEm8t] figure_1.jpg -> classified as: Plots / Charts
[h0pACOIFxC] figure_2.jpg -> classified as: Plots / Charts
[h0pACOIFxC] figure_1.jpg -> classified as: Plots / Charts
[h3wbI8Uk1Z] figure_5.jpg -> classified as: Plots / Charts
[h3wbI8Uk1Z] figure_6.jpg -> classified as: Qualitative Examples
[h3wbI8Uk1Z] figure_2.jpg -> classified as: Plots / Charts
[h3wbI8Uk1Z] figure_3.jpg -> classified as: Architecture Diagram
[h3wbI8Uk1Z] figure_4.jpg -> classified as: Plots / Charts
[h3wbI8Uk1Z] figure_1.jpg -> classified as: Architecture Diagram
[h4pNROsO06] figure_5.jpg -> classified as: Plots / Charts
[h4pNROsO06] figure_6.jpg -> classified as: Plots / Charts
[h4pNROsO06] figure_9.jpg -> classified as: Plots / Charts
[h4pNROsO06] figure_2.jpg -> classified as: Plots / Charts
[h4pNROsO06] figure_7.jpg -> classified as: Plots / Charts
[h4pNROsO06] figure_3.jpg -> classified as: Plots / Charts
[h4pNROsO06] figure_4.jpg -> classified as: Plots / Charts
[h4pNROsO06] figure_1.jpg -> classified as: Plots / Charts
[h7EwIfjxgn] figure_5.jpg -> classified as: Plots / Charts
[h7EwIfjxgn] figure_6.jpg -> classified as: Plots / Charts
[h7EwIfjxgn] figure_2.jpg -> classified as: Plots / Charts
[h7EwIfjxgn] figure_3.jpg -> classified as: Plots / Charts
[h7EwIfjxgn] figure_4.jpg -> classified as: Plots / Charts
[h7EwIfjxgn] figure_1.jpg -> classified as: Plots / Charts
[h7GAgbLSmC] figure_2.jpg -> classified as: Plots / Charts
[h7GAgbLSmC] figure_3.jpg -> classified as: Plots / Charts
[h7GAgbLSmC] figure_4.jpg -> classified as: Plots / Charts
[h7GAgbLSmC] figure_1.jpg -> classified as: Plots / Charts
[h7Qz1ulnvF] figure_5.jpg -> classified as: Qualitative Examples
[h7Qz1ulnvF] figure_6.jpg -> classified as: Plots / Charts
[h7Qz1ulnvF] figure_2.jpg -> classified as: Plots / Charts
[h7Qz1ulnvF] figure_7.jpg -> classified as: Plots / Charts
[h7Qz1ulnvF] figure_3.jpg -> classified as: Qualitative Examples
[h7Qz1ulnvF] figure_4.jpg -> classified as: Plots / Charts
[h7Qz1ulnvF] figure_1.jpg -> classified as: Qualitative Examples
[hFB7XGcBeB] figure_5.jpg -> classified as: Plots / Charts
[hFB7XGcBeB] figure_6.jpg -> classified as: Plots / Charts
[hFB7XGcBeB] figure_2.jpg -> classified as: Plots / Charts
[hFB7XGcBeB] figure_7.jpg -> classified as: Plots / Charts
[hFB7XGcBeB] figure_3.jpg -> classified as: Plots / Charts
[hFB7XGcBeB] figure_4.jpg -> classified as: Plots / Charts
[hFB7XGcBeB] figure_1.jpg -> classified as: Architecture Diagram
[hFB7XGcBeB] figure_8.jpg -> classified as: Plots / Charts
[hJ1BaJ5ELp] figure_5.jpg -> classified as: Plots / Charts
[hJ1BaJ5ELp] figure_2.jpg -> classified as: Plots / Charts
[hJ1BaJ5ELp] figure_3.jpg -> classified as: Plots / Charts
[hJ1BaJ5ELp] figure_4.jpg -> classified as: Plots / Charts
[hJ1BaJ5ELp] figure_1.jpg -> classified as: Architecture Diagram
[hLZQTFGToA] figure_2.jpg -> classified as: Plots / Charts
[hLZQTFGToA] figure_3.jpg -> classified as: Plots / Charts
[hLZQTFGToA] figure_1.jpg -> classified as: Architecture Diagram
[hORCalGn3Z] figure_5.jpg -> classified as: Plots / Charts
[hORCalGn3Z] figure_6.jpg -> classified as: Plots / Charts
[hORCalGn3Z] figure_7.jpg -> classified as: Plots / Charts
[hORCalGn3Z] figure_3.jpg -> classified as: Plots / Charts
[hORCalGn3Z] figure_4.jpg -> classified as: Plots / Charts
[hORCalGn3Z] figure_1.jpg -> classified as: Plots / Charts
[hORCalGn3Z] figure_8.jpg -> classified as: Plots / Charts
[hOxgrGM63n] figure_1.jpg -> classified as: Plots / Charts
[hPpyUv1XyQ] figure_2.jpg -> classified as: Plots / Charts
[hPpyUv1XyQ] figure_3.jpg -> classified as: Plots / Charts
[hPpyUv1XyQ] figure_1.jpg -> classified as: Plots / Charts
[hRwxZmcvW9] figure_5.jpg -> classified as: Plots / Charts
[hRwxZmcvW9] figure_6.jpg -> classified as: Qualitative Examples
[hRwxZmcvW9] figure_9.jpg -> classified as: Plots / Charts
[hRwxZmcvW9] figure_2.jpg -> classified as: Plots / Charts
[hRwxZmcvW9] figure_7.jpg -> classified as: Other
  -> Skipping second pass (Other)
[hRwxZmcvW9] figure_3.jpg -> classified as: Plots / Charts
[hRwxZmcvW9] figure_4.jpg -> classified as: Plots / Charts
[hRwxZmcvW9] figure_1.jpg -> classified as: Architecture Diagram
[hXm0Wu2U9K] figure_2.jpg -> classified as: Plots / Charts
[hXm0Wu2U9K] figure_3.jpg -> classified as: Plots / Charts
[hXm0Wu2U9K] figure_4.jpg -> classified as: Plots / Charts
[hXm0Wu2U9K] figure_1.jpg -> classified as: Plots / Charts
[hbHwZYqk9T] figure_5.jpg -> classified as: Plots / Charts
[hbHwZYqk9T] figure_6.jpg -> classified as: Plots / Charts
[hbHwZYqk9T] figure_2.jpg -> classified as: Plots / Charts
[hbHwZYqk9T] figure_3.jpg -> classified as: Architecture Diagram
[hbHwZYqk9T] figure_4.jpg -> classified as: Plots / Charts
[hbHwZYqk9T] figure_1.jpg -> classified as: Architecture Diagram
[hdCDVSPQ7v] figure_Validation_mAP_v_s.jpg -> classified as: Plots / Charts
[hdCDVSPQ7v] figure_Epoch_#.jpg -> classified as: Plots / Charts
[hdCDVSPQ7v] figure_2.jpg -> classified as: Plots / Charts
[hdCDVSPQ7v] figure_3.jpg -> classified as: Plots / Charts
[hdCDVSPQ7v] figure_4.jpg -> classified as: Plots / Charts
[hdCDVSPQ7v] figure_1.jpg -> classified as: Plots / Charts
[hdCDVSPQ7v] figure_Validation_Accuracy_v_s.jpg -> classified as: Plots / Charts
[hgjpO0H0id] figure_5.jpg -> classified as: Plots / Charts
[hgjpO0H0id] figure_6.jpg -> classified as: Plots / Charts
[hgjpO0H0id] figure_2.jpg -> classified as: Plots / Charts
[hgjpO0H0id] figure_7.jpg -> classified as: Plots / Charts
[hgjpO0H0id] figure_3.jpg -> classified as: Plots / Charts
[hgjpO0H0id] figure_4.jpg -> classified as: Plots / Charts
[hgjpO0H0id] figure_1.jpg -> classified as: Plots / Charts
[hgjpO0H0id] figure_3_1.jpg -> classified as: Plots / Charts
[hiHZVUIYik] figure_5.jpg -> classified as: Plots / Charts
[hiHZVUIYik] figure_2.jpg -> classified as: Architecture Diagram
[hiHZVUIYik] figure_3.jpg -> classified as: Plots / Charts
[hiHZVUIYik] figure_4.jpg -> classified as: Plots / Charts
[hiHZVUIYik] figure_1.jpg -> classified as: Architecture Diagram
[hj323oR3rw] figure_5.jpg -> classified as: Plots / Charts
[hj323oR3rw] figure_6.jpg -> classified as: Plots / Charts
[hj323oR3rw] figure_9.jpg -> classified as: Qualitative Examples
[hj323oR3rw] figure_13.jpg -> classified as: Plots / Charts
[hj323oR3rw] figure_15.jpg -> classified as: Plots / Charts
[hj323oR3rw] figure_2.jpg -> classified as: Plots / Charts
[hj323oR3rw] figure_11.jpg -> classified as: Plots / Charts
[hj323oR3rw] figure_7.jpg -> classified as: Plots / Charts
[hj323oR3rw] figure_3.jpg -> classified as: Plots / Charts
[hj323oR3rw] figure_4.jpg -> classified as: Plots / Charts
[hj323oR3rw] figure_1.jpg -> classified as: Plots / Charts
[hj323oR3rw] figure_8.jpg -> classified as: Qualitative Examples
[hj323oR3rw] figure_12.jpg -> classified as: Plots / Charts
[hj323oR3rw] figure_14.jpg -> classified as: Plots / Charts
[hj323oR3rw] figure_10.jpg -> classified as: Plots / Charts
[hkL8djXrMM] figure_2.jpg -> classified as: Plots / Charts
[hkL8djXrMM] figure_1.jpg -> classified as: Architecture Diagram
[hkdqxN3c7t] figure_19.jpg -> classified as: Plots / Charts
[hkdqxN3c7t] figure_23.jpg -> classified as: Plots / Charts
[hkdqxN3c7t] figure_(b)_Vary_real.jpg -> classified as: Plots / Charts
[hkdqxN3c7t] figure_24.jpg -> classified as: Plots / Charts
[hkdqxN3c7t] figure_5.jpg -> classified as: Plots / Charts
[hkdqxN3c7t] figure_6.jpg -> classified as: Plots / Charts
[hkdqxN3c7t] figure_(c)_Compare_results.jpg -> classified as: Plots / Charts
[hkdqxN3c7t] figure_9.jpg -> classified as: Plots / Charts
[hkdqxN3c7t] figure_22.jpg -> classified as: Plots / Charts
[hkdqxN3c7t] figure_18.jpg -> classified as: Plots / Charts
[hkdqxN3c7t] figure_2.jpg -> classified as: Plots / Charts
[hkdqxN3c7t] figure_20.jpg -> classified as: Plots / Charts
[hkdqxN3c7t] figure_(a)_Promote_The.jpg -> classified as: Plots / Charts
[hkdqxN3c7t] figure_11.jpg -> classified as: Plots / Charts
[hkdqxN3c7t] figure_7.jpg -> classified as: Plots / Charts
[hkdqxN3c7t] figure_4.jpg -> classified as: Plots / Charts
[hkdqxN3c7t] figure_17.jpg -> classified as: Plots / Charts
[hkdqxN3c7t] figure_1.jpg -> classified as: Architecture Diagram
[hkdqxN3c7t] figure_8.jpg -> classified as: Plots / Charts
[hkdqxN3c7t] figure_12.jpg -> classified as: Plots / Charts
[hkdqxN3c7t] figure_25.jpg -> classified as: Plots / Charts
[hkdqxN3c7t] figure_21.jpg -> classified as: Plots / Charts
[hkdqxN3c7t] figure_14.jpg -> classified as: Plots / Charts
[hkdqxN3c7t] figure_16.jpg -> classified as: Plots / Charts
[hkdqxN3c7t] figure_(e)_Censor_The.jpg -> classified as: Plots / Charts
[hkdqxN3c7t] figure_10.jpg -> classified as: Plots / Charts
[hkdqxN3c7t] figure_(b)_Promote_The.jpg -> classified as: Plots / Charts
[hmvCXDzPUR] figure_5.jpg -> classified as: Plots / Charts
[hmvCXDzPUR] figure_6.jpg -> classified as: Plots / Charts
[hmvCXDzPUR] figure_2.jpg -> classified as: Architecture Diagram
[hmvCXDzPUR] figure_7.jpg -> classified as: Plots / Charts
[hmvCXDzPUR] figure_3.jpg -> classified as: Plots / Charts
[hmvCXDzPUR] figure_4.jpg -> classified as: Architecture Diagram
[hmvCXDzPUR] figure_1.jpg -> classified as: Plots / Charts
[hrLKzCETcf] figure_1.jpg -> classified as: Plots / Charts
[htEL8LrrVe] figure_5.jpg -> classified as: Plots / Charts
[htEL8LrrVe] figure_6.jpg -> classified as: Plots / Charts
[htEL8LrrVe] figure_9.jpg -> classified as: Plots / Charts
[htEL8LrrVe] figure_11.jpg -> classified as: Plots / Charts
[htEL8LrrVe] figure_7.jpg -> classified as: Plots / Charts
[htEL8LrrVe] figure_3.jpg -> classified as: Plots / Charts
[htEL8LrrVe] figure_4.jpg -> classified as: Plots / Charts
[htEL8LrrVe] figure_1.jpg -> classified as: Plots / Charts
[htEL8LrrVe] figure_8.jpg -> classified as: Plots / Charts
[htEL8LrrVe] figure_12.jpg -> classified as: Plots / Charts
[htEL8LrrVe] figure_10.jpg -> classified as: Plots / Charts
[huGECz8dPp] figure_5.jpg -> classified as: Plots / Charts
[huGECz8dPp] figure_6.jpg -> classified as: Plots / Charts
[huGECz8dPp] figure_2.jpg -> classified as: Architecture Diagram
[huGECz8dPp] figure_3.jpg -> classified as: Plots / Charts
[huGECz8dPp] figure_4.jpg -> classified as: Plots / Charts
[hwSmPOAmhk] figure_5.jpg -> classified as: Plots / Charts
[hwSmPOAmhk] figure_6.jpg -> classified as: Plots / Charts
[hwSmPOAmhk] figure_9.jpg -> classified as: Plots / Charts
[hwSmPOAmhk] figure_2.jpg -> classified as: Plots / Charts
[hwSmPOAmhk] figure_7.jpg -> classified as: Plots / Charts
[hwSmPOAmhk] figure_3.jpg -> classified as: Architecture Diagram
[hwSmPOAmhk] figure_4.jpg -> classified as: Plots / Charts
[hwSmPOAmhk] figure_1.jpg -> classified as: Plots / Charts
[hwSmPOAmhk] figure_8.jpg -> classified as: Plots / Charts
[hy84B74XFt] figure_5.jpg -> classified as: Qualitative Examples
[hy84B74XFt] figure_6.jpg -> classified as: Plots / Charts
[hy84B74XFt] figure_2.jpg -> classified as: Architecture Diagram
[hy84B74XFt] figure_3.jpg -> classified as: Qualitative Examples
[hy84B74XFt] figure_4.jpg -> classified as: Qualitative Examples
[hy84B74XFt] figure_1.jpg -> classified as: Architecture Diagram
[hzuumhfYSO] figure_5.jpg -> classified as: Plots / Charts
[hzuumhfYSO] figure_6.jpg -> classified as: Plots / Charts
[hzuumhfYSO] figure_9.jpg -> classified as: Plots / Charts
[hzuumhfYSO] figure_2.jpg -> classified as: Architecture Diagram
[hzuumhfYSO] figure_11.jpg -> classified as: Plots / Charts
[hzuumhfYSO] figure_7.jpg -> classified as: Plots / Charts
[hzuumhfYSO] figure_3.jpg -> classified as: Architecture Diagram
[hzuumhfYSO] figure_4.jpg -> classified as: Architecture Diagram
[hzuumhfYSO] figure_1.jpg -> classified as: Plots / Charts
[hzuumhfYSO] figure_8.jpg -> classified as: Plots / Charts
[hzuumhfYSO] figure_10.jpg -> classified as: Plots / Charts
[i0qnHlgxFm] figure_5.jpg -> classified as: Plots / Charts
[i0qnHlgxFm] figure_9.jpg -> classified as: Plots / Charts
[i0qnHlgxFm] figure_13.jpg -> classified as: Plots / Charts
[i0qnHlgxFm] figure_2.jpg -> classified as: Plots / Charts
[i0qnHlgxFm] figure_11.jpg -> classified as: Plots / Charts
[i0qnHlgxFm] figure_7.jpg -> classified as: Plots / Charts
[i0qnHlgxFm] figure_3.jpg -> classified as: Plots / Charts
[i0qnHlgxFm] figure_4.jpg -> classified as: Plots / Charts
[i0qnHlgxFm] figure_1.jpg -> classified as: Plots / Charts
[i0qnHlgxFm] figure_12.jpg -> classified as: Plots / Charts
[i0qnHlgxFm] figure_14.jpg -> classified as: Plots / Charts
[i0qnHlgxFm] figure_16.jpg -> classified as: Plots / Charts
[i0qnHlgxFm] figure_10.jpg -> classified as: Plots / Charts
[i0zzO7Hslk] figure_5.jpg -> classified as: Plots / Charts
[i0zzO7Hslk] figure_6.jpg -> classified as: Plots / Charts
[i0zzO7Hslk] figure_Condition_Number_and.jpg -> classified as: Plots / Charts
[i0zzO7Hslk] figure_13.jpg -> classified as: Plots / Charts
[i0zzO7Hslk] figure_15.jpg -> classified as: Plots / Charts
[i0zzO7Hslk] figure_2.jpg -> classified as: Plots / Charts
[i0zzO7Hslk] figure_Condition_Number_and_1.jpg -> classified as: Plots / Charts
[i0zzO7Hslk] figure_11.jpg -> classified as: Plots / Charts
[i0zzO7Hslk] figure_7.jpg -> classified as: Plots / Charts
[i0zzO7Hslk] figure_3.jpg -> classified as: Plots / Charts
[i0zzO7Hslk] figure_4.jpg -> classified as: Plots / Charts
[i0zzO7Hslk] figure_1.jpg -> classified as: Plots / Charts
[i0zzO7Hslk] figure_8.jpg -> classified as: Plots / Charts
[i0zzO7Hslk] figure_12.jpg -> classified as: Plots / Charts
[i0zzO7Hslk] figure_14.jpg -> classified as: Plots / Charts
[i0zzO7Hslk] figure_10.jpg -> classified as: Plots / Charts
[i43XCU54Br] figure_5.jpg -> classified as: Architecture Diagram
[i43XCU54Br] figure_6.jpg -> classified as: Qualitative Examples
[i43XCU54Br] figure_2.jpg -> classified as: Plots / Charts
[i43XCU54Br] figure_3.jpg -> classified as: Plots / Charts
[i43XCU54Br] figure_4.jpg -> classified as: Plots / Charts
[i43XCU54Br] figure_1.jpg -> classified as: Architecture Diagram
[i6EtCiIK4a] figure_5.jpg -> classified as: Plots / Charts
[i6EtCiIK4a] figure_6.jpg -> classified as: Plots / Charts
[i6EtCiIK4a] figure_2.jpg -> classified as: Plots / Charts
[i6EtCiIK4a] figure_7.jpg -> classified as: Plots / Charts
[i6EtCiIK4a] figure_3.jpg -> classified as: Plots / Charts
[i6EtCiIK4a] figure_4.jpg -> classified as: Plots / Charts
[i6EtCiIK4a] figure_1.jpg -> classified as: Plots / Charts
[i6JcQpiFdR] figure_5.jpg -> classified as: Plots / Charts
[i6JcQpiFdR] figure_6.jpg -> classified as: Plots / Charts
[i6JcQpiFdR] figure_9.jpg -> classified as: Plots / Charts
[i6JcQpiFdR] figure_2.jpg -> classified as: Plots / Charts
[i6JcQpiFdR] figure_7.jpg -> classified as: Plots / Charts
[i6JcQpiFdR] figure_3.jpg -> classified as: Plots / Charts
[i6JcQpiFdR] figure_4.jpg -> classified as: Plots / Charts
[i6JcQpiFdR] figure_1.jpg -> classified as: Plots / Charts
[i6JcQpiFdR] figure_8.jpg -> classified as: Qualitative Examples
[i7k2sXSW1b] figure_2.jpg -> classified as: Plots / Charts
[i7k2sXSW1b] figure_3.jpg -> classified as: Plots / Charts
[i7k2sXSW1b] figure_4.jpg -> classified as: Plots / Charts
[i7k2sXSW1b] figure_1.jpg -> classified as: Qualitative Examples
[i8BaiywFYx] figure_1.jpg -> classified as: Plots / Charts
[i9Vs5NGDpk] figure_A.jpg -> classified as: Plots / Charts
[i9Vs5NGDpk] figure_2.jpg -> classified as: Plots / Charts
[i9Vs5NGDpk] figure_A_1.jpg -> classified as: Plots / Charts
[i9Vs5NGDpk] figure_G.jpg -> classified as: Plots / Charts
[i9Vs5NGDpk] figure_3.jpg -> classified as: Plots / Charts
[i9Vs5NGDpk] figure_4.jpg -> classified as: Plots / Charts
[i9Vs5NGDpk] figure_1.jpg -> classified as: Plots / Charts
[i9wDX850jR] figure_5.jpg -> classified as: Plots / Charts
[i9wDX850jR] figure_6.jpg -> classified as: Plots / Charts
[i9wDX850jR] figure_2.jpg -> classified as: Plots / Charts
[i9wDX850jR] figure_7.jpg -> classified as: Plots / Charts
[i9wDX850jR] figure_3.jpg -> classified as: Plots / Charts
[i9wDX850jR] figure_4.jpg -> classified as: Plots / Charts
[i9wDX850jR] figure_1.jpg -> classified as: Plots / Charts
[i9wDX850jR] figure_8.jpg -> classified as: Plots / Charts
[iBExhaU3Lc] figure_19.jpg -> classified as: Plots / Charts
[iBExhaU3Lc] figure_24.jpg -> classified as: Plots / Charts
[iBExhaU3Lc] figure_5.jpg -> classified as: Plots / Charts
[iBExhaU3Lc] figure_6.jpg -> classified as: Plots / Charts
[iBExhaU3Lc] figure_9.jpg -> classified as: Plots / Charts
[iBExhaU3Lc] figure_22.jpg -> classified as: Plots / Charts
[iBExhaU3Lc] figure_18.jpg -> classified as: Plots / Charts
[iBExhaU3Lc] figure_13.jpg -> classified as: Plots / Charts
[iBExhaU3Lc] figure_15.jpg -> classified as: Plots / Charts
[iBExhaU3Lc] figure_2.jpg -> classified as: Plots / Charts
[iBExhaU3Lc] figure_20.jpg -> classified as: Plots / Charts
[iBExhaU3Lc] figure_11.jpg -> classified as: Plots / Charts
[iBExhaU3Lc] figure_7.jpg -> classified as: Plots / Charts
[iBExhaU3Lc] figure_3.jpg -> classified as: Plots / Charts
[iBExhaU3Lc] figure_4.jpg -> classified as: Plots / Charts
[iBExhaU3Lc] figure_17.jpg -> classified as: Plots / Charts
[iBExhaU3Lc] figure_1.jpg -> classified as: Plots / Charts
[iBExhaU3Lc] figure_8.jpg -> classified as: Plots / Charts
[iBExhaU3Lc] figure_12.jpg -> classified as: Plots / Charts
[iBExhaU3Lc] figure_21.jpg -> classified as: Plots / Charts
[iBExhaU3Lc] figure_14.jpg -> classified as: Plots / Charts
[iBExhaU3Lc] figure_16.jpg -> classified as: Plots / Charts
[iBExhaU3Lc] figure_10.jpg -> classified as: Plots / Charts
[iEfdvDTcZg] figure_44.jpg -> classified as: Plots / Charts
[iEfdvDTcZg] figure_30.jpg -> classified as: Plots / Charts
[iEfdvDTcZg] figure_43.jpg -> classified as: Plots / Charts
[iEfdvDTcZg] figure_19.jpg -> classified as: Plots / Charts
[iEfdvDTcZg] figure_23.jpg -> classified as: Plots / Charts
[iEfdvDTcZg] figure_29.jpg -> classified as: Plots / Charts
[iEfdvDTcZg] figure_24.jpg -> classified as: Plots / Charts
[iEfdvDTcZg] figure_5.jpg -> classified as: Plots / Charts
[iEfdvDTcZg] figure_6.jpg -> classified as: Plots / Charts
[iEfdvDTcZg] figure_9.jpg -> classified as: Plots / Charts
[iEfdvDTcZg] figure_42.jpg -> classified as: Plots / Charts
[iEfdvDTcZg] figure_39.jpg -> classified as: Plots / Charts
[iEfdvDTcZg] figure_22.jpg -> classified as: Plots / Charts
[iEfdvDTcZg] figure_28.jpg -> classified as: Plots / Charts
[iEfdvDTcZg] figure_18.jpg -> classified as: Plots / Charts
[iEfdvDTcZg] figure_13.jpg -> classified as: Plots / Charts
[iEfdvDTcZg] figure_15.jpg -> classified as: Plots / Charts
[iEfdvDTcZg] figure_2.jpg -> classified as: Plots / Charts
[iEfdvDTcZg] figure_38.jpg -> classified as: Plots / Charts
[iEfdvDTcZg] figure_20.jpg -> classified as: Plots / Charts
[iEfdvDTcZg] figure_11.jpg -> classified as: Plots / Charts
[iEfdvDTcZg] figure_35.jpg -> classified as: Plots / Charts
[iEfdvDTcZg] figure_7.jpg -> classified as: Qualitative Examples
[iEfdvDTcZg] figure_34.jpg -> classified as: Plots / Charts
[iEfdvDTcZg] figure_3.jpg -> classified as: Plots / Charts
[iEfdvDTcZg] figure_33.jpg -> classified as: Plots / Charts
[iEfdvDTcZg] figure_4.jpg -> classified as: Plots / Charts
[iEfdvDTcZg] figure_36.jpg -> classified as: Plots / Charts
[iEfdvDTcZg] figure_40.jpg -> classified as: Plots / Charts
[iEfdvDTcZg] figure_31.jpg -> classified as: Plots / Charts
[iEfdvDTcZg] figure_17.jpg -> classified as: Plots / Charts
[iEfdvDTcZg] figure_45.jpg -> classified as: Plots / Charts
[iEfdvDTcZg] figure_41.jpg -> classified as: Plots / Charts
[iEfdvDTcZg] figure_1.jpg -> classified as: Plots / Charts
[iEfdvDTcZg] figure_27.jpg -> classified as: Plots / Charts
[iEfdvDTcZg] figure_37.jpg -> classified as: Plots / Charts
[iEfdvDTcZg] figure_8.jpg -> classified as: Plots / Charts
[iEfdvDTcZg] figure_12.jpg -> classified as: Plots / Charts
[iEfdvDTcZg] figure_25.jpg -> classified as: Plots / Charts
[iEfdvDTcZg] figure_21.jpg -> classified as: Plots / Charts
[iEfdvDTcZg] figure_26.jpg -> classified as: Plots / Charts
[iEfdvDTcZg] figure_14.jpg -> classified as: Plots / Charts
[iEfdvDTcZg] figure_32.jpg -> classified as: Plots / Charts
[iEfdvDTcZg] figure_16.jpg -> classified as: Plots / Charts
[iEfdvDTcZg] figure_10.jpg -> classified as: Plots / Charts
[iF06WjHnNj] figure_2.jpg -> classified as: Plots / Charts
[iF06WjHnNj] figure_1.jpg -> classified as: Qualitative Examples
[iJi7nz5Cxc] figure_5.jpg -> classified as: Plots / Charts
[iJi7nz5Cxc] figure_6.jpg -> classified as: Qualitative Examples
[iJi7nz5Cxc] figure_9.jpg -> classified as: Plots / Charts
[iJi7nz5Cxc] figure_15.jpg -> classified as: Qualitative Examples
[iJi7nz5Cxc] figure_2.jpg -> classified as: Architecture Diagram
[iJi7nz5Cxc] figure_11.jpg -> classified as: Qualitative Examples
[iJi7nz5Cxc] figure_7.jpg -> classified as: Plots / Charts
[iJi7nz5Cxc] figure_3.jpg -> classified as: Qualitative Examples
[iJi7nz5Cxc] figure_4.jpg -> classified as: Qualitative Examples
[iJi7nz5Cxc] figure_1.jpg -> classified as: Qualitative Examples
[iJi7nz5Cxc] figure_8.jpg -> classified as: Plots / Charts
[iJi7nz5Cxc] figure_12.jpg -> classified as: Qualitative Examples
[iJi7nz5Cxc] figure_14.jpg -> classified as: Qualitative Examples
[iJi7nz5Cxc] figure_10.jpg -> classified as: Plots / Charts
[iKLSISIPH7] figure_2.jpg -> classified as: Plots / Charts
[iKLSISIPH7] figure_3.jpg -> classified as: Plots / Charts
[iMJpmcYucq] figure_5.jpg -> classified as: Plots / Charts
[iMJpmcYucq] figure_6.jpg -> classified as: Plots / Charts
[iMJpmcYucq] figure_9.jpg -> classified as: Plots / Charts
[iMJpmcYucq] figure_2.jpg -> classified as: Plots / Charts
[iMJpmcYucq] figure_11.jpg -> classified as: Plots / Charts
[iMJpmcYucq] figure_7.jpg -> classified as: Plots / Charts
[iMJpmcYucq] figure_3.jpg -> classified as: Plots / Charts
[iMJpmcYucq] figure_4.jpg -> classified as: Plots / Charts
[iMJpmcYucq] figure_1.jpg -> classified as: Plots / Charts
[iMJpmcYucq] figure_8.jpg -> classified as: Plots / Charts
[iMJpmcYucq] figure_12.jpg -> classified as: Plots / Charts
[iMJpmcYucq] figure_10.jpg -> classified as: Plots / Charts
[iP31fDtrPR] figure_5.jpg -> classified as: Architecture Diagram
[iP31fDtrPR] figure_6.jpg -> classified as: Plots / Charts
[iP31fDtrPR] figure_9.jpg -> classified as: Qualitative Examples
[iP31fDtrPR] figure_2.jpg -> classified as: Architecture Diagram
[iP31fDtrPR] figure_7.jpg -> classified as: Qualitative Examples
[iP31fDtrPR] figure_3.jpg -> classified as: Architecture Diagram
[iP31fDtrPR] figure_4.jpg -> classified as: Other
  -> Skipping second pass (Other)
[iP31fDtrPR] figure_1.jpg -> classified as: Architecture Diagram
[iP31fDtrPR] figure_8.jpg -> classified as: Qualitative Examples
[iP31fDtrPR] figure_10.jpg -> classified as: Qualitative Examples
[iQtz3UJGRz] figure_5.jpg -> classified as: Plots / Charts
[iQtz3UJGRz] figure_6.jpg -> classified as: Plots / Charts
[iQtz3UJGRz] figure_9.jpg -> classified as: Plots / Charts
[iQtz3UJGRz] figure_2.jpg -> classified as: Plots / Charts
[iQtz3UJGRz] figure_11.jpg -> classified as: Plots / Charts
[iQtz3UJGRz] figure_7.jpg -> classified as: Plots / Charts
[iQtz3UJGRz] figure_4.jpg -> classified as: Plots / Charts
[iQtz3UJGRz] figure_1.jpg -> classified as: Plots / Charts
[iQtz3UJGRz] figure_8.jpg -> classified as: Plots / Charts
[iQtz3UJGRz] figure_10.jpg -> classified as: Plots / Charts
[iTFdNLHE7k] figure_5.jpg -> classified as: Qualitative Examples
[iTFdNLHE7k] figure_6.jpg -> classified as: Qualitative Examples
[iTFdNLHE7k] figure_2.jpg -> classified as: Qualitative Examples
[iTFdNLHE7k] figure_7.jpg -> classified as: Qualitative Examples
[iTFdNLHE7k] figure_3.jpg -> classified as: Plots / Charts
[iTFdNLHE7k] figure_4.jpg -> classified as: Qualitative Examples
[iTFdNLHE7k] figure_1.jpg -> classified as: Qualitative Examples
[iTrd5xyHLP] figure_2.jpg -> classified as: Plots / Charts
[iTrd5xyHLP] figure_3.jpg -> classified as: Plots / Charts
[iTrd5xyHLP] figure_4.jpg -> classified as: Plots / Charts
[iTrd5xyHLP] figure_1.jpg -> classified as: Plots / Charts
[iVaxLjVRQN] figure_2.jpg -> classified as: Plots / Charts
[iVaxLjVRQN] figure_3.jpg -> classified as: Plots / Charts
[iVaxLjVRQN] figure_4.jpg -> classified as: Plots / Charts
[iVaxLjVRQN] figure_1.jpg -> classified as: Plots / Charts
[iXbUquaWbl] figure_5.jpg -> classified as: Plots / Charts
[iXbUquaWbl] figure_6.jpg -> classified as: Plots / Charts
[iXbUquaWbl] figure_2.jpg -> classified as: Plots / Charts
[iXbUquaWbl] figure_11.jpg -> classified as: Plots / Charts
[iXbUquaWbl] figure_7.jpg -> classified as: Plots / Charts
[iXbUquaWbl] figure_4.jpg -> classified as: Qualitative Examples
[iXbUquaWbl] figure_1.jpg -> classified as: Qualitative Examples
[iXbUquaWbl] figure_K__Num._mixture.jpg -> classified as: Qualitative Examples
[iXbUquaWbl] figure_8.jpg -> classified as: Plots / Charts
[iXbUquaWbl] figure_12.jpg -> classified as: Plots / Charts
[iXbUquaWbl] figure_10.jpg -> classified as: Plots / Charts
[iZI1vCiTTA] figure_5.jpg -> classified as: Plots / Charts
[iZI1vCiTTA] figure_6.jpg -> classified as: Plots / Charts
[iZI1vCiTTA] figure_2.jpg -> classified as: Plots / Charts
[iZI1vCiTTA] figure_7.jpg -> classified as: Plots / Charts
[iZI1vCiTTA] figure_3.jpg -> classified as: Plots / Charts
[iZI1vCiTTA] figure_4.jpg -> classified as: Plots / Charts
[iZI1vCiTTA] figure_1.jpg -> classified as: Architecture Diagram
[if2vRbS8Ew] figure_5.jpg -> classified as: Plots / Charts
[if2vRbS8Ew] figure_6.jpg -> classified as: Plots / Charts
[if2vRbS8Ew] figure_9.jpg -> classified as: Plots / Charts
[if2vRbS8Ew] figure_13.jpg -> classified as: Plots / Charts
[if2vRbS8Ew] figure_15.jpg -> classified as: Plots / Charts
[if2vRbS8Ew] figure_2.jpg -> classified as: Plots / Charts
[if2vRbS8Ew] figure_11.jpg -> classified as: Plots / Charts
[if2vRbS8Ew] figure_7.jpg -> classified as: Plots / Charts
[if2vRbS8Ew] figure_3.jpg -> classified as: Plots / Charts
[if2vRbS8Ew] figure_4.jpg -> classified as: Plots / Charts
[if2vRbS8Ew] figure_17.jpg -> classified as: Plots / Charts
[if2vRbS8Ew] figure_1.jpg -> classified as: Architecture Diagram
[if2vRbS8Ew] figure_8.jpg -> classified as: Plots / Charts
[if2vRbS8Ew] figure_12.jpg -> classified as: Plots / Charts
[if2vRbS8Ew] figure_14.jpg -> classified as: Plots / Charts
[if2vRbS8Ew] figure_16.jpg -> classified as: Plots / Charts
[if2vRbS8Ew] figure_10.jpg -> classified as: Plots / Charts
[iiK1vNRo6I] figure_5.jpg -> classified as: Plots / Charts
[iiK1vNRo6I] figure_6.jpg -> classified as: Plots / Charts
[iiK1vNRo6I] figure_2.jpg -> classified as: Architecture Diagram
[iiK1vNRo6I] figure_3.jpg -> classified as: Architecture Diagram
[iiK1vNRo6I] figure_4.jpg -> classified as: Architecture Diagram
[iiK1vNRo6I] figure_1.jpg -> classified as: Plots / Charts
[ijbA5swmoK] figure_2.jpg -> classified as: Plots / Charts
[ijbA5swmoK] figure_1.jpg -> classified as: Plots / Charts
[ijwYWoChN9] figure_1.jpg -> classified as: Architecture Diagram
[ikRVG8awyS] figure_5.jpg -> classified as: Architecture Diagram
[ikRVG8awyS] figure_6.jpg -> classified as: Qualitative Examples
[ikRVG8awyS] figure_2.jpg -> classified as: Plots / Charts
[ikRVG8awyS] figure_7.jpg -> classified as: Qualitative Examples
[ikRVG8awyS] figure_3.jpg -> classified as: Qualitative Examples
[ikRVG8awyS] figure_4.jpg -> classified as: Plots / Charts
[ikRVG8awyS] figure_1.jpg -> classified as: Qualitative Examples
[ikRVG8awyS] figure_8.jpg -> classified as: Plots / Charts
[ikmuHqugN7] figure_5.jpg -> classified as: Plots / Charts
[ikmuHqugN7] figure_6.jpg -> classified as: Plots / Charts
[ikmuHqugN7] figure_2.jpg -> classified as: Plots / Charts
[ikmuHqugN7] figure_3.jpg -> classified as: Plots / Charts
[ikmuHqugN7] figure_4.jpg -> classified as: Plots / Charts
[ikmuHqugN7] figure_1.jpg -> classified as: Plots / Charts
[ikwEDva1JZ] figure_5.jpg -> classified as: Plots / Charts
[ikwEDva1JZ] figure_6.jpg -> classified as: Plots / Charts
[ikwEDva1JZ] figure_9.jpg -> classified as: Plots / Charts
[ikwEDva1JZ] figure_13.jpg -> classified as: Plots / Charts
[ikwEDva1JZ] figure_15.jpg -> classified as: Plots / Charts
[ikwEDva1JZ] figure_2.jpg -> classified as: Plots / Charts
[ikwEDva1JZ] figure_11.jpg -> classified as: Plots / Charts
[ikwEDva1JZ] figure_7.jpg -> classified as: Plots / Charts
[ikwEDva1JZ] figure_3.jpg -> classified as: Plots / Charts
[ikwEDva1JZ] figure_4.jpg -> classified as: Architecture Diagram
[ikwEDva1JZ] figure_1.jpg -> classified as: Plots / Charts
[ikwEDva1JZ] figure_8.jpg -> classified as: Plots / Charts
[ikwEDva1JZ] figure_12.jpg -> classified as: Plots / Charts
[ikwEDva1JZ] figure_14.jpg -> classified as: Plots / Charts
[ikwEDva1JZ] figure_16.jpg -> classified as: Plots / Charts
[ikwEDva1JZ] figure_10.jpg -> classified as: Plots / Charts
[ilcsm8B7Pe] figure_2.jpg -> classified as: Qualitative Examples
[ilcsm8B7Pe] figure_3.jpg -> classified as: Plots / Charts
[ilcsm8B7Pe] figure_1.jpg -> classified as: Architecture Diagram
[inLUnCpDIB] figure_5.jpg -> classified as: Plots / Charts
[inLUnCpDIB] figure_2.jpg -> classified as: Qualitative Examples
[inLUnCpDIB] figure_3.jpg -> classified as: Plots / Charts
[inLUnCpDIB] figure_4.jpg -> classified as: Plots / Charts
[inLUnCpDIB] figure_1.jpg -> classified as: Qualitative Examples
[ipQrjRsl11] figure_1.jpg -> classified as: Plots / Charts
[irrtPRFksw] figure_5.jpg -> classified as: Plots / Charts
[irrtPRFksw] figure_6.jpg -> classified as: Plots / Charts
[irrtPRFksw] figure_9.jpg -> classified as: Plots / Charts
[irrtPRFksw] figure_2.jpg -> classified as: Plots / Charts
[irrtPRFksw] figure_7.jpg -> classified as: Plots / Charts
[irrtPRFksw] figure_3.jpg -> classified as: Plots / Charts
[irrtPRFksw] figure_4.jpg -> classified as: Plots / Charts
[irrtPRFksw] figure_1.jpg -> classified as: Plots / Charts
[irrtPRFksw] figure_8.jpg -> classified as: Plots / Charts
[is4nCVkSFA] figure_2.jpg -> classified as: Plots / Charts
[is4nCVkSFA] figure_3.jpg -> classified as: Plots / Charts
[is4nCVkSFA] figure_4.jpg -> classified as: Plots / Charts
[is4nCVkSFA] figure_1.jpg -> classified as: Plots / Charts
[ispjankYab] figure_5.jpg -> classified as: Plots / Charts
[ispjankYab] figure_6.jpg -> classified as: Plots / Charts
[ispjankYab] figure_(c)_Spearman_correlation.jpg -> classified as: Plots / Charts
[ispjankYab] figure_9.jpg -> classified as: Plots / Charts
[ispjankYab] figure_13.jpg -> classified as: Qualitative Examples
[ispjankYab] figure_2.jpg -> classified as: Plots / Charts
[ispjankYab] figure_11.jpg -> classified as: Plots / Charts
[ispjankYab] figure_7.jpg -> classified as: Qualitative Examples
[ispjankYab] figure_4.jpg -> classified as: Plots / Charts
[ispjankYab] figure_1.jpg -> classified as: Architecture Diagram
[ispjankYab] figure_8.jpg -> classified as: Plots / Charts
[ispjankYab] figure_12.jpg -> classified as: Plots / Charts
[ispjankYab] figure_10.jpg -> classified as: Plots / Charts
[iuTyzHnvP4] figure_2.jpg -> classified as: Plots / Charts
[iuTyzHnvP4] figure_3.jpg -> classified as: Plots / Charts
[iuTyzHnvP4] figure_4.jpg -> classified as: Plots / Charts
[iuTyzHnvP4] figure_1.jpg -> classified as: Plots / Charts
[ivs0xU9Ebg] figure_2.jpg -> classified as: Plots / Charts
[ivs0xU9Ebg] figure_3.jpg -> classified as: Plots / Charts
[ivs0xU9Ebg] figure_1.jpg -> classified as: Architecture Diagram
[ix7rLVHXyY] figure_5.jpg -> classified as: Qualitative Examples
[ix7rLVHXyY] figure_6.jpg -> classified as: Other
  -> Skipping second pass (Other)
[ix7rLVHXyY] figure_9.jpg -> classified as: Plots / Charts
[ix7rLVHXyY] figure_13.jpg -> classified as: Other
  -> Skipping second pass (Other)
[ix7rLVHXyY] figure_15.jpg -> classified as: Architecture Diagram
[ix7rLVHXyY] figure_2.jpg -> classified as: Qualitative Examples
[ix7rLVHXyY] figure_11.jpg -> classified as: Other
  -> Skipping second pass (Other)
[ix7rLVHXyY] figure_7.jpg -> classified as: Qualitative Examples
[ix7rLVHXyY] figure_3.jpg -> classified as: Qualitative Examples
[ix7rLVHXyY] figure_4.jpg -> classified as: Qualitative Examples
[ix7rLVHXyY] figure_17.jpg -> classified as: Qualitative Examples
[ix7rLVHXyY] figure_1.jpg -> classified as: Qualitative Examples
[ix7rLVHXyY] figure_8.jpg -> classified as: Plots / Charts
[ix7rLVHXyY] figure_12.jpg -> classified as: Qualitative Examples
[ix7rLVHXyY] figure_14.jpg -> classified as: Qualitative Examples
[ix7rLVHXyY] figure_16.jpg -> classified as: Qualitative Examples
[ix7rLVHXyY] figure_(b)_Optimized_Code..jpg -> classified as: Qualitative Examples
[ix7rLVHXyY] figure_10.jpg -> classified as: Other
  -> Skipping second pass (Other)
[izETL3emSv] figure_5.jpg -> classified as: Plots / Charts
[izETL3emSv] figure_6.jpg -> classified as: Qualitative Examples
[izETL3emSv] figure_9.jpg -> classified as: Qualitative Examples
[izETL3emSv] figure_13.jpg -> classified as: Qualitative Examples
[izETL3emSv] figure_2.jpg -> classified as: Plots / Charts
[izETL3emSv] figure_11.jpg -> classified as: Qualitative Examples
[izETL3emSv] figure_7.jpg -> classified as: Qualitative Examples
[izETL3emSv] figure_3.jpg -> classified as: Plots / Charts
[izETL3emSv] figure_4.jpg -> classified as: Plots / Charts
[izETL3emSv] figure_1.jpg -> classified as: Architecture Diagram
[izETL3emSv] figure_8.jpg -> classified as: Qualitative Examples
[izETL3emSv] figure_12.jpg -> classified as: Qualitative Examples
[izETL3emSv] figure_10.jpg -> classified as: Qualitative Examples
[j3bKnEidtT] figure_5.jpg -> classified as: Plots / Charts
[j3bKnEidtT] figure_6.jpg -> classified as: Architecture Diagram
[j3bKnEidtT] figure_2.jpg -> classified as: Plots / Charts
[j3bKnEidtT] figure_7.jpg -> classified as: Other
  -> Skipping second pass (Other)
[j3bKnEidtT] figure_3.jpg -> classified as: Plots / Charts
[j3bKnEidtT] figure_4.jpg -> classified as: Plots / Charts
[j3bKnEidtT] figure_1.jpg -> classified as: Plots / Charts
[j3bKnEidtT] figure_8.jpg -> classified as: Plots / Charts
[j3cBYvwyQT] figure_2.jpg -> classified as: Plots / Charts
[j3cBYvwyQT] figure_1.jpg -> classified as: Architecture Diagram
[j4gzziSUr0] figure_5.jpg -> classified as: Plots / Charts
[j4gzziSUr0] figure_6.jpg -> classified as: Qualitative Examples
[j4gzziSUr0] figure_2.jpg -> classified as: Plots / Charts
[j4gzziSUr0] figure_7.jpg -> classified as: Qualitative Examples
