Initializing Qwen Client with model: qwen3-vl-8b-instruct
Using Data Root: /ceph/hpc/home/euweihez/topcon/d2025d08-005-users/data_src/balanced/balanced_cv/cv/balanced_cv
--- SHARD INFO ---
Job ID: 1 / 4
Processing indices: 810 to 1620 (Total: 810 papers)
Outputting to: /ceph/hpc/home/euweihez/topcon/d2025d08-005-users/img_description/cv/image_descriptions_1.json
------------------
[FXw0okNcOb] figure_5.jpg -> classified as: Plots / Charts
[FXw0okNcOb] figure_2.jpg -> classified as: Plots / Charts
[FXw0okNcOb] figure_7.jpg -> classified as: Plots / Charts
[FXw0okNcOb] figure_3.jpg -> classified as: Plots / Charts
[FXw0okNcOb] figure_4.jpg -> classified as: Other
  -> Skipping second pass (Other)
[FXw0okNcOb] figure_1.jpg -> classified as: Architecture Diagram
[FXw0okNcOb] figure_8.jpg -> classified as: Plots / Charts
[FZaw83yo76] figure_5.jpg -> classified as: Architecture Diagram
[FZaw83yo76] figure_6.jpg -> classified as: Qualitative Examples
[FZaw83yo76] figure_9.jpg -> classified as: Qualitative Examples
[FZaw83yo76] figure_2.jpg -> classified as: Qualitative Examples
[FZaw83yo76] figure_11.jpg -> classified as: Plots / Charts
[FZaw83yo76] figure_3.jpg -> classified as: Plots / Charts
[FZaw83yo76] figure_4.jpg -> classified as: Plots / Charts
[FZaw83yo76] figure_1.jpg -> classified as: Qualitative Examples
[FZaw83yo76] figure_(“_”_→.jpg -> classified as: Qualitative Examples
[FZaw83yo76] figure_8.jpg -> classified as: Plots / Charts
[FZaw83yo76] figure_12.jpg -> classified as: Plots / Charts
[FZaw83yo76] figure_10.jpg -> classified as: Plots / Charts
[FZv3kPHTtB] figure_(c)_Example_questions.jpg -> classified as: Qualitative Examples
[FZv3kPHTtB] figure_6.jpg -> classified as: Qualitative Examples
[FZv3kPHTtB] figure_2.jpg -> classified as: Plots / Charts
[FZv3kPHTtB] figure_3.jpg -> classified as: Plots / Charts
[FZv3kPHTtB] figure_4.jpg -> classified as: Architecture Diagram
[FZv3kPHTtB] figure_1.jpg -> classified as: Qualitative Examples
[FbN5rR2sEN] figure_5.jpg -> classified as: Qualitative Examples
[FbN5rR2sEN] figure_6.jpg -> classified as: Qualitative Examples
[FbN5rR2sEN] figure_2.jpg -> classified as: Architecture Diagram
[FbN5rR2sEN] figure_3.jpg -> classified as: Qualitative Examples
[FbN5rR2sEN] figure_4.jpg -> classified as: Qualitative Examples
[FbN5rR2sEN] figure_1.jpg -> classified as: Architecture Diagram
[Fd8MBEOirN] figure_2.jpg -> classified as: Plots / Charts
[Fd8MBEOirN] figure_3.jpg -> classified as: Plots / Charts
[Fd8MBEOirN] figure_4.jpg -> classified as: Plots / Charts
[Fd8MBEOirN] figure_1.jpg -> classified as: Architecture Diagram
[FdUloEgBSE] figure_2.jpg -> classified as: Architecture Diagram
[FdUloEgBSE] figure_3.jpg -> classified as: Qualitative Examples
[FdUloEgBSE] figure_1.jpg -> classified as: Qualitative Examples
[FdVXgSJhvz] figure_19.jpg -> classified as: Plots / Charts
[FdVXgSJhvz] figure_23.jpg -> classified as: Plots / Charts
[FdVXgSJhvz] figure_24.jpg -> classified as: Plots / Charts
[FdVXgSJhvz] figure_5.jpg -> classified as: Plots / Charts
[FdVXgSJhvz] figure_6.jpg -> classified as: Plots / Charts
[FdVXgSJhvz] figure_9.jpg -> classified as: Plots / Charts
[FdVXgSJhvz] figure_28.jpg -> classified as: Plots / Charts
[FdVXgSJhvz] figure_18.jpg -> classified as: Plots / Charts
[FdVXgSJhvz] figure_13.jpg -> classified as: Plots / Charts
[FdVXgSJhvz] figure_15.jpg -> classified as: Plots / Charts
[FdVXgSJhvz] figure_2.jpg -> classified as: Architecture Diagram
[FdVXgSJhvz] figure_20.jpg -> classified as: Plots / Charts
[FdVXgSJhvz] figure_11.jpg -> classified as: Qualitative Examples
[FdVXgSJhvz] figure_7.jpg -> classified as: Plots / Charts
[FdVXgSJhvz] figure_4.jpg -> classified as: Plots / Charts
[FdVXgSJhvz] figure_17.jpg -> classified as: Plots / Charts
[FdVXgSJhvz] figure_1.jpg -> classified as: Plots / Charts
[FdVXgSJhvz] figure_27.jpg -> classified as: Plots / Charts
[FdVXgSJhvz] figure_8.jpg -> classified as: Plots / Charts
[FdVXgSJhvz] figure_25.jpg -> classified as: Plots / Charts
[FdVXgSJhvz] figure_21.jpg -> classified as: Plots / Charts
[FdVXgSJhvz] figure_26.jpg -> classified as: Plots / Charts
[FdVXgSJhvz] figure_14.jpg -> classified as: Plots / Charts
[FdVXgSJhvz] figure_16.jpg -> classified as: Plots / Charts
[FdVXgSJhvz] figure_10.jpg -> classified as: Plots / Charts
[Ffuw2ryqpz] figure_5.jpg -> classified as: Plots / Charts
[Ffuw2ryqpz] figure_6.jpg -> classified as: Architecture Diagram
[Ffuw2ryqpz] figure_9.jpg -> classified as: Qualitative Examples
[Ffuw2ryqpz] figure_2.jpg -> classified as: Architecture Diagram
[Ffuw2ryqpz] figure_11.jpg -> classified as: Qualitative Examples
[Ffuw2ryqpz] figure_7.jpg -> classified as: Qualitative Examples
[Ffuw2ryqpz] figure_3.jpg -> classified as: Architecture Diagram
[Ffuw2ryqpz] figure_4.jpg -> classified as: Qualitative Examples
[Ffuw2ryqpz] figure_1.jpg -> classified as: Qualitative Examples
[Ffuw2ryqpz] figure_8.jpg -> classified as: Qualitative Examples
[Ffuw2ryqpz] figure_10.jpg -> classified as: Qualitative Examples
[Fg0eo2AkST] figure_5.jpg -> classified as: Architecture Diagram
[Fg0eo2AkST] figure_6.jpg -> classified as: Plots / Charts
[Fg0eo2AkST] figure_9.jpg -> classified as: Qualitative Examples
[Fg0eo2AkST] figure_2.jpg -> classified as: Architecture Diagram
[Fg0eo2AkST] figure_7.jpg -> classified as: Plots / Charts
[Fg0eo2AkST] figure_3.jpg -> classified as: Plots / Charts
[Fg0eo2AkST] figure_4.jpg -> classified as: Qualitative Examples
[Fg0eo2AkST] figure_1.jpg -> classified as: Qualitative Examples
[Fg0eo2AkST] figure_8.jpg -> classified as: Plots / Charts
[FiGDhrt1JL] figure_5.jpg -> classified as: Plots / Charts
[FiGDhrt1JL] figure_6.jpg -> classified as: Plots / Charts
[FiGDhrt1JL] figure_9.jpg -> classified as: Qualitative Examples
[FiGDhrt1JL] figure_2.jpg -> classified as: Architecture Diagram
[FiGDhrt1JL] figure_7.jpg -> classified as: Qualitative Examples
[FiGDhrt1JL] figure_3.jpg -> classified as: Architecture Diagram
[FiGDhrt1JL] figure_4.jpg -> classified as: Architecture Diagram
[FiGDhrt1JL] figure_1.jpg -> classified as: Qualitative Examples
[FiGDhrt1JL] figure_8.jpg -> classified as: Qualitative Examples
[FlhjUkC7vH] figure_19.jpg -> classified as: Qualitative Examples
[FlhjUkC7vH] figure_5.jpg -> classified as: Qualitative Examples
[FlhjUkC7vH] figure_6.jpg -> classified as: Plots / Charts
[FlhjUkC7vH] figure_9.jpg -> classified as: Qualitative Examples
[FlhjUkC7vH] figure_18.jpg -> classified as: Qualitative Examples
[FlhjUkC7vH] figure_13.jpg -> classified as: Qualitative Examples
[FlhjUkC7vH] figure_15.jpg -> classified as: Qualitative Examples
[FlhjUkC7vH] figure_2.jpg -> classified as: Architecture Diagram
[FlhjUkC7vH] figure_20.jpg -> classified as: Qualitative Examples
[FlhjUkC7vH] figure_11.jpg -> classified as: Qualitative Examples
[FlhjUkC7vH] figure_3.jpg -> classified as: Qualitative Examples
[FlhjUkC7vH] figure_4.jpg -> classified as: Qualitative Examples
[FlhjUkC7vH] figure_17.jpg -> classified as: Qualitative Examples
[FlhjUkC7vH] figure_1.jpg -> classified as: Qualitative Examples
[FlhjUkC7vH] figure_8.jpg -> classified as: Qualitative Examples
[FlhjUkC7vH] figure_14.jpg -> classified as: Qualitative Examples
[FlhjUkC7vH] figure_16.jpg -> classified as: Qualitative Examples
[FlhjUkC7vH] figure_10.jpg -> classified as: Qualitative Examples
[FlvtjAB0gl] figure_A_high_contrast_1.jpg -> classified as: Qualitative Examples
[FlvtjAB0gl] figure_A_high_contrast.jpg -> classified as: Qualitative Examples
[FlvtjAB0gl] figure_A_section_of.jpg -> classified as: Qualitative Examples
[FlvtjAB0gl] figure_A_transparent_sculpture.jpg -> classified as: Qualitative Examples
[FlvtjAB0gl] figure_Downtown_Shanghai_at.jpg -> classified as: Qualitative Examples
[FlvtjAB0gl] figure_5.jpg -> classified as: Qualitative Examples
[FlvtjAB0gl] figure_6.jpg -> classified as: Architecture Diagram
[FlvtjAB0gl] figure_A_richly_textured.jpg -> classified as: Qualitative Examples
[FlvtjAB0gl] figure_a_bird_wearing.jpg -> classified as: Qualitative Examples
[FlvtjAB0gl] figure_9.jpg -> classified as: Qualitative Examples
[FlvtjAB0gl] figure_13.jpg -> classified as: Qualitative Examples
[FlvtjAB0gl] figure_A_small_cactus.jpg -> classified as: Qualitative Examples
[FlvtjAB0gl] figure_2.jpg -> classified as: Architecture Diagram
[FlvtjAB0gl] figure_Taj_Mahal_with.jpg -> classified as: Qualitative Examples
[FlvtjAB0gl] figure_11.jpg -> classified as: Qualitative Examples
[FlvtjAB0gl] figure_A_lovely_dog.jpg -> classified as: Qualitative Examples
[FlvtjAB0gl] figure_7.jpg -> classified as: Qualitative Examples
[FlvtjAB0gl] figure_3.jpg -> classified as: Architecture Diagram
[FlvtjAB0gl] figure_4.jpg -> classified as: Qualitative Examples
[FlvtjAB0gl] figure_A_blue_jay.jpg -> classified as: Qualitative Examples
[FlvtjAB0gl] figure_1.jpg -> classified as: Architecture Diagram
[FlvtjAB0gl] figure_a_cat_drinking.jpg -> classified as: Qualitative Examples
[FlvtjAB0gl] figure_8.jpg -> classified as: Qualitative Examples
[FlvtjAB0gl] figure_12.jpg -> classified as: Qualitative Examples
[FlvtjAB0gl] figure_10.jpg -> classified as: Qualitative Examples
[FoMZ4ljhVw] figure_5.jpg -> classified as: Architecture Diagram
[FoMZ4ljhVw] figure_6.jpg -> classified as: Plots / Charts
[FoMZ4ljhVw] figure_9.jpg -> classified as: Qualitative Examples
[FoMZ4ljhVw] figure_13.jpg -> classified as: Qualitative Examples
[FoMZ4ljhVw] figure_11.jpg -> classified as: Qualitative Examples
[FoMZ4ljhVw] figure_7.jpg -> classified as: Qualitative Examples
[FoMZ4ljhVw] figure_3.jpg -> classified as: Qualitative Examples
[FoMZ4ljhVw] figure_4.jpg -> classified as: Qualitative Examples
[FoMZ4ljhVw] figure_1.jpg -> classified as: Qualitative Examples
[FoMZ4ljhVw] figure_8.jpg -> classified as: Qualitative Examples
[FoMZ4ljhVw] figure_12.jpg -> classified as: Qualitative Examples
[FoMZ4ljhVw] figure_10.jpg -> classified as: Qualitative Examples
[FtjLUHyZAO] figure_6.jpg -> classified as: Plots / Charts
[FtjLUHyZAO] figure_9.jpg -> classified as: Plots / Charts
[FtjLUHyZAO] figure_13.jpg -> classified as: Plots / Charts
[FtjLUHyZAO] figure_15.jpg -> classified as: Plots / Charts
[FtjLUHyZAO] figure_2.jpg -> classified as: Architecture Diagram
[FtjLUHyZAO] figure_11.jpg -> classified as: Qualitative Examples
[FtjLUHyZAO] figure_7.jpg -> classified as: Plots / Charts
[FtjLUHyZAO] figure_3.jpg -> classified as: Qualitative Examples
[FtjLUHyZAO] figure_4.jpg -> classified as: Plots / Charts
[FtjLUHyZAO] figure_1.jpg -> classified as: Architecture Diagram
[FtjLUHyZAO] figure_8.jpg -> classified as: Plots / Charts
[FtjLUHyZAO] figure_12.jpg -> classified as: Qualitative Examples
[FtjLUHyZAO] figure_14.jpg -> classified as: Qualitative Examples
[FtjLUHyZAO] figure_16.jpg -> classified as: Qualitative Examples
[FtjLUHyZAO] figure_10.jpg -> classified as: Plots / Charts
[FvBTy5Dz9C] figure_5.jpg -> classified as: Plots / Charts
[FvBTy5Dz9C] figure_6.jpg -> classified as: Plots / Charts
[FvBTy5Dz9C] figure_9.jpg -> classified as: Plots / Charts
[FvBTy5Dz9C] figure_2.jpg -> classified as: Plots / Charts
[FvBTy5Dz9C] figure_11.jpg -> classified as: Plots / Charts
[FvBTy5Dz9C] figure_7.jpg -> classified as: Plots / Charts
[FvBTy5Dz9C] figure_3.jpg -> classified as: Plots / Charts
[FvBTy5Dz9C] figure_4.jpg -> classified as: Plots / Charts
[FvBTy5Dz9C] figure_1.jpg -> classified as: Architecture Diagram
[FvBTy5Dz9C] figure_8.jpg -> classified as: Plots / Charts
[FvBTy5Dz9C] figure_10.jpg -> classified as: Plots / Charts
[FvIASa0tau] figure_19.jpg -> classified as: Qualitative Examples
[FvIASa0tau] figure_23.jpg -> classified as: Qualitative Examples
[FvIASa0tau] figure_24.jpg -> classified as: Qualitative Examples
[FvIASa0tau] figure_5.jpg -> classified as: Qualitative Examples
[FvIASa0tau] figure_6.jpg -> classified as: Qualitative Examples
[FvIASa0tau] figure_9.jpg -> classified as: Architecture Diagram
[FvIASa0tau] figure_22.jpg -> classified as: Qualitative Examples
[FvIASa0tau] figure_13.jpg -> classified as: Qualitative Examples
[FvIASa0tau] figure_2.jpg -> classified as: Architecture Diagram
[FvIASa0tau] figure_20.jpg -> classified as: Qualitative Examples
[FvIASa0tau] figure_11.jpg -> classified as: Qualitative Examples
[FvIASa0tau] figure_7.jpg -> classified as: Architecture Diagram
[FvIASa0tau] figure_3.jpg -> classified as: Architecture Diagram
[FvIASa0tau] figure_4.jpg -> classified as: Architecture Diagram
[FvIASa0tau] figure_17.jpg -> classified as: Qualitative Examples
[FvIASa0tau] figure_1.jpg -> classified as: Qualitative Examples
[FvIASa0tau] figure_8.jpg -> classified as: Qualitative Examples
[FvIASa0tau] figure_12.jpg -> classified as: Qualitative Examples
[FvIASa0tau] figure_25.jpg -> classified as: Qualitative Examples
[FvIASa0tau] figure_21.jpg -> classified as: Qualitative Examples
[FvIASa0tau] figure_26.jpg -> classified as: Qualitative Examples
[FvIASa0tau] figure_10.jpg -> classified as: Architecture Diagram
[FvK2noilxT] figure_6.jpg -> classified as: Qualitative Examples
[FvK2noilxT] figure_9.jpg -> classified as: Qualitative Examples
[FvK2noilxT] figure_18.jpg -> classified as: Qualitative Examples
[FvK2noilxT] figure_13.jpg -> classified as: Qualitative Examples
[FvK2noilxT] figure_15.jpg -> classified as: Qualitative Examples
[FvK2noilxT] figure_2.jpg -> classified as: Architecture Diagram
[FvK2noilxT] figure_20.jpg -> classified as: Qualitative Examples
[FvK2noilxT] figure_11.jpg -> classified as: Qualitative Examples
[FvK2noilxT] figure_7.jpg -> classified as: Qualitative Examples
[FvK2noilxT] figure_3.jpg -> classified as: Architecture Diagram
[FvK2noilxT] figure_4.jpg -> classified as: Qualitative Examples
[FvK2noilxT] figure_17.jpg -> classified as: Qualitative Examples
[FvK2noilxT] figure_1.jpg -> classified as: Qualitative Examples
[FvK2noilxT] figure_8.jpg -> classified as: Qualitative Examples
[FvK2noilxT] figure_12.jpg -> classified as: Qualitative Examples
[FvK2noilxT] figure_21.jpg -> classified as: Plots / Charts
[FvK2noilxT] figure_14.jpg -> classified as: Qualitative Examples
[FvK2noilxT] figure_16.jpg -> classified as: Qualitative Examples
[FvK2noilxT] figure_10.jpg -> classified as: Qualitative Examples
[FwkYeLovHk] figure_2.jpg -> classified as: Plots / Charts
[FwkYeLovHk] figure_1.jpg -> classified as: Architecture Diagram
[Fx2SbBgcte] figure_6.jpg -> classified as: Qualitative Examples
[Fx2SbBgcte] figure_2.jpg -> classified as: Architecture Diagram
[Fx2SbBgcte] figure_7.jpg -> classified as: Other
  -> Skipping second pass (Other)
[Fx2SbBgcte] figure_3.jpg -> classified as: Architecture Diagram
[G0EVNrBQh6] figure_5.jpg -> classified as: Plots / Charts
[G0EVNrBQh6] figure_6.jpg -> classified as: Qualitative Examples
[G0EVNrBQh6] figure_9.jpg -> classified as: Plots / Charts
[G0EVNrBQh6] figure_13.jpg -> classified as: Qualitative Examples
[G0EVNrBQh6] figure_15.jpg -> classified as: Qualitative Examples
[G0EVNrBQh6] figure_2.jpg -> classified as: Qualitative Examples
[G0EVNrBQh6] figure_11.jpg -> classified as: Qualitative Examples
[G0EVNrBQh6] figure_7.jpg -> classified as: Qualitative Examples
[G0EVNrBQh6] figure_3.jpg -> classified as: Plots / Charts
[G0EVNrBQh6] figure_4.jpg -> classified as: Qualitative Examples
[G0EVNrBQh6] figure_1.jpg -> classified as: Qualitative Examples
[G0EVNrBQh6] figure_8.jpg -> classified as: Plots / Charts
[G0EVNrBQh6] figure_12.jpg -> classified as: Qualitative Examples
[G0EVNrBQh6] figure_14.jpg -> classified as: Qualitative Examples
[G0EVNrBQh6] figure_16.jpg -> classified as: Plots / Charts
[G0EVNrBQh6] figure_10.jpg -> classified as: Qualitative Examples
[G1CN7R5qwE] figure_5.jpg -> classified as: Qualitative Examples
[G1CN7R5qwE] figure_6.jpg -> classified as: Qualitative Examples
[G1CN7R5qwE] figure_9.jpg -> classified as: Qualitative Examples
[G1CN7R5qwE] figure_18.jpg -> classified as: Qualitative Examples
[G1CN7R5qwE] figure_13.jpg -> classified as: Qualitative Examples
[G1CN7R5qwE] figure_15.jpg -> classified as: Qualitative Examples
[G1CN7R5qwE] figure_2.jpg -> classified as: Plots / Charts
[G1CN7R5qwE] figure_11.jpg -> classified as: Qualitative Examples
[G1CN7R5qwE] figure_7.jpg -> classified as: Plots / Charts
[G1CN7R5qwE] figure_3.jpg -> classified as: Architecture Diagram
[G1CN7R5qwE] figure_4.jpg -> classified as: Qualitative Examples
[G1CN7R5qwE] figure_17.jpg -> classified as: Qualitative Examples
[G1CN7R5qwE] figure_1.jpg -> classified as: Qualitative Examples
[G1CN7R5qwE] figure_8.jpg -> classified as: Qualitative Examples
[G1CN7R5qwE] figure_12.jpg -> classified as: Qualitative Examples
[G1CN7R5qwE] figure_14.jpg -> classified as: Qualitative Examples
[G1CN7R5qwE] figure_16.jpg -> classified as: Plots / Charts
[G1CN7R5qwE] figure_10.jpg -> classified as: Qualitative Examples
[G1n50BMqzm] figure_2.jpg -> classified as: Qualitative Examples
[G1n50BMqzm] figure_3.jpg -> classified as: Architecture Diagram
[G2cG3mQqop] figure_9.jpg -> classified as: Plots / Charts
[G2cG3mQqop] figure_18.jpg -> classified as: Plots / Charts
[G2cG3mQqop] figure_13.jpg -> classified as: Qualitative Examples
[G2cG3mQqop] figure_15.jpg -> classified as: Qualitative Examples
[G2cG3mQqop] figure_2.jpg -> classified as: Architecture Diagram
[G2cG3mQqop] figure_11.jpg -> classified as: Qualitative Examples
[G2cG3mQqop] figure_7.jpg -> classified as: Plots / Charts
[G2cG3mQqop] figure_3.jpg -> classified as: Plots / Charts
[G2cG3mQqop] figure_4.jpg -> classified as: Qualitative Examples
[G2cG3mQqop] figure_1.jpg -> classified as: Qualitative Examples
[G2cG3mQqop] figure_8.jpg -> classified as: Plots / Charts
[G2cG3mQqop] figure_12.jpg -> classified as: Qualitative Examples
[G2cG3mQqop] figure_14.jpg -> classified as: Qualitative Examples
[G2cG3mQqop] figure_(a)_Sample_images.jpg -> classified as: Qualitative Examples
[G2cG3mQqop] figure_16.jpg -> classified as: Qualitative Examples
[G2cG3mQqop] figure_10.jpg -> classified as: Qualitative Examples
[G328D1xt4W] figure_5.jpg -> classified as: Plots / Charts
[G328D1xt4W] figure_6.jpg -> classified as: Qualitative Examples
[G328D1xt4W] figure_2.jpg -> classified as: Plots / Charts
[G328D1xt4W] figure_3.jpg -> classified as: Plots / Charts
[G328D1xt4W] figure_4.jpg -> classified as: Plots / Charts
[G328D1xt4W] figure_1.jpg -> classified as: Architecture Diagram
[G3B5ReApDw] figure_5.jpg -> classified as: Plots / Charts
[G3B5ReApDw] figure_6.jpg -> classified as: Plots / Charts
[G3B5ReApDw] figure_09387161513211616187165_65432109876_11621.jpg -> classified as: Plots / Charts
[G3B5ReApDw] figure_13.jpg -> classified as: Plots / Charts
[G3B5ReApDw] figure_15.jpg -> classified as: Plots / Charts
[G3B5ReApDw] figure_2.jpg -> classified as: Plots / Charts
[G3B5ReApDw] figure_(b)_Diffusion_Maps,.jpg -> classified as: Plots / Charts
[G3B5ReApDw] figure_11.jpg -> classified as: Plots / Charts
[G3B5ReApDw] figure_7.jpg -> classified as: Plots / Charts
[G3B5ReApDw] figure_3.jpg -> classified as: Plots / Charts
[G3B5ReApDw] figure_4.jpg -> classified as: Plots / Charts
[G3B5ReApDw] figure_17.jpg -> classified as: Plots / Charts
[G3B5ReApDw] figure_1.jpg -> classified as: Qualitative Examples
[G3B5ReApDw] figure_8.jpg -> classified as: Plots / Charts
[G3B5ReApDw] figure_12.jpg -> classified as: Plots / Charts
[G3B5ReApDw] figure_14.jpg -> classified as: Plots / Charts
[G3B5ReApDw] figure_16.jpg -> classified as: Plots / Charts
[G3B5ReApDw] figure_10.jpg -> classified as: Plots / Charts
[G3aXjVAJjU] figure_2.jpg -> classified as: Qualitative Examples
[G3aXjVAJjU] figure_3.jpg -> classified as: Plots / Charts
[G3aXjVAJjU] figure_1.jpg -> classified as: Plots / Charts
[G3srXhs3Ki] figure_5.jpg -> classified as: Plots / Charts
[G3srXhs3Ki] figure_6.jpg -> classified as: Qualitative Examples
[G3srXhs3Ki] figure_2.jpg -> classified as: Plots / Charts
[G3srXhs3Ki] figure_7.jpg -> classified as: Qualitative Examples
[G3srXhs3Ki] figure_3.jpg -> classified as: Qualitative Examples
[G3srXhs3Ki] figure_4.jpg -> classified as: Qualitative Examples
[G3srXhs3Ki] figure_1.jpg -> classified as: Qualitative Examples
[G5DziesYxL] figure_5.jpg -> classified as: Plots / Charts
[G5DziesYxL] figure_6.jpg -> classified as: Plots / Charts
[G5DziesYxL] figure_2.jpg -> classified as: Plots / Charts
[G5DziesYxL] figure_7.jpg -> classified as: Plots / Charts
[G5DziesYxL] figure_4.jpg -> classified as: Plots / Charts
[G5DziesYxL] figure_1.jpg -> classified as: Plots / Charts
[G6aJyS0ZV0] figure_19.jpg -> classified as: Qualitative Examples
[G6aJyS0ZV0] figure_23.jpg -> classified as: Qualitative Examples
[G6aJyS0ZV0] figure_24.jpg -> classified as: Qualitative Examples
[G6aJyS0ZV0] figure_5.jpg -> classified as: Qualitative Examples
[G6aJyS0ZV0] figure_6.jpg -> classified as: Qualitative Examples
[G6aJyS0ZV0] figure_22.jpg -> classified as: Qualitative Examples
[G6aJyS0ZV0] figure_18.jpg -> classified as: Qualitative Examples
[G6aJyS0ZV0] figure_13.jpg -> classified as: Qualitative Examples
[G6aJyS0ZV0] figure_15.jpg -> classified as: Qualitative Examples
[G6aJyS0ZV0] figure_2.jpg -> classified as: Qualitative Examples
[G6aJyS0ZV0] figure_20.jpg -> classified as: Qualitative Examples
[G6aJyS0ZV0] figure_11.jpg -> classified as: Qualitative Examples
[G6aJyS0ZV0] figure_7.jpg -> classified as: Qualitative Examples
[G6aJyS0ZV0] figure_3.jpg -> classified as: Qualitative Examples
[G6aJyS0ZV0] figure_4.jpg -> classified as: Architecture Diagram
[G6aJyS0ZV0] figure_17.jpg -> classified as: Qualitative Examples
[G6aJyS0ZV0] figure_1.jpg -> classified as: Architecture Diagram
[G6aJyS0ZV0] figure_8.jpg -> classified as: Qualitative Examples
[G6aJyS0ZV0] figure_12.jpg -> classified as: Qualitative Examples
[G6aJyS0ZV0] figure_25.jpg -> classified as: Qualitative Examples
[G6aJyS0ZV0] figure_21.jpg -> classified as: Qualitative Examples
[G6aJyS0ZV0] figure_14.jpg -> classified as: Qualitative Examples
[G6aJyS0ZV0] figure_16.jpg -> classified as: Qualitative Examples
[G6aJyS0ZV0] figure_10.jpg -> classified as: Qualitative Examples
[G6dMvRuhFr] figure_19.jpg -> classified as: Plots / Charts
[G6dMvRuhFr] figure_5.jpg -> classified as: Qualitative Examples
[G6dMvRuhFr] figure_9.jpg -> classified as: Plots / Charts
[G6dMvRuhFr] figure_18.jpg -> classified as: Qualitative Examples
[G6dMvRuhFr] figure_13.jpg -> classified as: Qualitative Examples
[G6dMvRuhFr] figure_15.jpg -> classified as: Qualitative Examples
[G6dMvRuhFr] figure_2.jpg -> classified as: Qualitative Examples
[G6dMvRuhFr] figure_11.jpg -> classified as: Qualitative Examples
[G6dMvRuhFr] figure_7.jpg -> classified as: Qualitative Examples
[G6dMvRuhFr] figure_unnamed_figure.jpg -> classified as: Qualitative Examples
[G6dMvRuhFr] figure_17.jpg -> classified as: Qualitative Examples
[G6dMvRuhFr] figure_1.jpg -> classified as: Architecture Diagram
[G6dMvRuhFr] figure_8.jpg -> classified as: Plots / Charts
[G6dMvRuhFr] figure_12.jpg -> classified as: Qualitative Examples
[G6dMvRuhFr] figure_14.jpg -> classified as: Qualitative Examples
[G6dMvRuhFr] figure_16.jpg -> classified as: Qualitative Examples
[G6dMvRuhFr] figure_10.jpg -> classified as: Plots / Charts
[G8U2nGP3Vi] figure_5.jpg -> classified as: Plots / Charts
[G8U2nGP3Vi] figure_6.jpg -> classified as: Plots / Charts
[G8U2nGP3Vi] figure_2.jpg -> classified as: Plots / Charts
[G8U2nGP3Vi] figure_3.jpg -> classified as: Plots / Charts
[G8U2nGP3Vi] figure_4.jpg -> classified as: Plots / Charts
[G8U2nGP3Vi] figure_1.jpg -> classified as: Plots / Charts
[G9HV5upWhx] figure_5.jpg -> classified as: Qualitative Examples
[G9HV5upWhx] figure_6.jpg -> classified as: Plots / Charts
[G9HV5upWhx] figure_2.jpg -> classified as: Architecture Diagram
[G9HV5upWhx] figure_7.jpg -> classified as: Plots / Charts
[G9HV5upWhx] figure_3.jpg -> classified as: Plots / Charts
[G9HV5upWhx] figure_4.jpg -> classified as: Qualitative Examples
[G9HV5upWhx] figure_1.jpg -> classified as: Plots / Charts
[G9xhvGPtte] figure_5.jpg -> classified as: Plots / Charts
[G9xhvGPtte] figure_6.jpg -> classified as: Plots / Charts
[G9xhvGPtte] figure_2.jpg -> classified as: Architecture Diagram
[G9xhvGPtte] figure_7.jpg -> classified as: Plots / Charts
[G9xhvGPtte] figure_3.jpg -> classified as: Qualitative Examples
[G9xhvGPtte] figure_4.jpg -> classified as: Plots / Charts
[G9xhvGPtte] figure_1.jpg -> classified as: Plots / Charts
[GD4Tlqvwrq] figure_5.jpg -> classified as: Qualitative Examples
[GD4Tlqvwrq] figure_6.jpg -> classified as: Qualitative Examples
[GD4Tlqvwrq] figure_9.jpg -> classified as: Qualitative Examples
[GD4Tlqvwrq] figure_13.jpg -> classified as: Qualitative Examples
[GD4Tlqvwrq] figure_2.jpg -> classified as: Qualitative Examples
[GD4Tlqvwrq] figure_11.jpg -> classified as: Qualitative Examples
[GD4Tlqvwrq] figure_7.jpg -> classified as: Qualitative Examples
[GD4Tlqvwrq] figure_3.jpg -> classified as: Plots / Charts
[GD4Tlqvwrq] figure_4.jpg -> classified as: Architecture Diagram
[GD4Tlqvwrq] figure_1.jpg -> classified as: Qualitative Examples
[GD4Tlqvwrq] figure_8.jpg -> classified as: Qualitative Examples
[GD4Tlqvwrq] figure_12.jpg -> classified as: Qualitative Examples
[GD4Tlqvwrq] figure_10.jpg -> classified as: Qualitative Examples
[GE6iywJtsV] figure_S1.jpg -> classified as: Architecture Diagram
[GE6iywJtsV] figure_S2.jpg -> classified as: Architecture Diagram
[GE6iywJtsV] figure_2.jpg -> classified as: Architecture Diagram
[GE6iywJtsV] figure_3.jpg -> classified as: Plots / Charts
[GE6iywJtsV] figure_S4.jpg -> classified as: Plots / Charts
[GE6iywJtsV] figure_4.jpg -> classified as: Qualitative Examples
[GE6iywJtsV] figure_1.jpg -> classified as: Architecture Diagram
[GE6iywJtsV] figure_S3.jpg -> classified as: Qualitative Examples
[GGAG3wFEKv] figure_(c)_Regret_of.jpg -> classified as: Plots / Charts
[GGAG3wFEKv] figure_(c)_Diffusion_prior.jpg -> classified as: Plots / Charts
[GGAG3wFEKv] figure_5.jpg -> classified as: Plots / Charts
[GGAG3wFEKv] figure_6.jpg -> classified as: Plots / Charts
[GGAG3wFEKv] figure_2.jpg -> classified as: Plots / Charts
[GGAG3wFEKv] figure_(b)_Comparing_our.jpg -> classified as: Plots / Charts
[GGAG3wFEKv] figure_7.jpg -> classified as: Plots / Charts
[GGAG3wFEKv] figure_3.jpg -> classified as: Plots / Charts
[GGAG3wFEKv] figure_(b)_Regret_scaling.jpg -> classified as: Plots / Charts
[GJsuYHhAga] figure_30.jpg -> classified as: Other
  -> Skipping second pass (Other)
[GJsuYHhAga] figure_43.jpg -> classified as: Qualitative Examples
[GJsuYHhAga] figure_19.jpg -> classified as: Qualitative Examples
[GJsuYHhAga] figure_A_man_in_1.jpg -> classified as: Qualitative Examples
[GJsuYHhAga] figure_Anime_oil_painting.jpg -> classified as: Other
  -> Skipping second pass (Other)
[GJsuYHhAga] figure_Two_firefighters_standing.jpg -> classified as: Other
  -> Skipping second pass (Other)
[GJsuYHhAga] figure_$1_2_8.jpg -> classified as: Teaser Image
[GJsuYHhAga] figure_A_small_cute.jpg -> classified as: Other
  -> Skipping second pass (Other)
[GJsuYHhAga] figure_A_forest_with.jpg -> classified as: Other
  -> Skipping second pass (Other)
[GJsuYHhAga] figure_A_woman_drinking.jpg -> classified as: Other
  -> Skipping second pass (Other)
[GJsuYHhAga] figure_A_bronze_statue.jpg -> classified as: Other
  -> Skipping second pass (Other)
[GJsuYHhAga] figure_54.jpg -> classified as: Other
  -> Skipping second pass (Other)
[GJsuYHhAga] figure_Train_station..jpg -> classified as: Other
  -> Skipping second pass (Other)
[GJsuYHhAga] figure_A_man_with_1.jpg -> classified as: Qualitative Examples
[GJsuYHhAga] figure_Classical_romantic_painting.jpg -> classified as: Other
  -> Skipping second pass (Other)
[GJsuYHhAga] figure_23.jpg -> classified as: Qualitative Examples
[GJsuYHhAga] figure_A_gorilla_is.jpg -> classified as: Other
  -> Skipping second pass (Other)
[GJsuYHhAga] figure_47.jpg -> classified as: Other
  -> Skipping second pass (Other)
[GJsuYHhAga] figure_$1_2_8_1.jpg -> classified as: Other
  -> Skipping second pass (Other)
[GJsuYHhAga] figure_A_man_with_4.jpg -> classified as: Qualitative Examples
[GJsuYHhAga] figure_A_man_with.jpg -> classified as: Qualitative Examples
[GJsuYHhAga] figure_Blond-haired_girl_depicted.jpg -> classified as: Qualitative Examples
[GJsuYHhAga] figure_A_man_with_2.jpg -> classified as: Other
  -> Skipping second pass (Other)
[GJsuYHhAga] figure_A_digital_painting.jpg -> classified as: Qualitative Examples
[GJsuYHhAga] figure_The_wizard_chants.jpg -> classified as: Other
  -> Skipping second pass (Other)
[GJsuYHhAga] figure_29.jpg -> classified as: Other
  -> Skipping second pass (Other)
[GJsuYHhAga] figure_24.jpg -> classified as: Plots / Charts
[GJsuYHhAga] figure_A_woman_with_1.jpg -> classified as: Other
  -> Skipping second pass (Other)
[GJsuYHhAga] figure_A_bedroom_with.jpg -> classified as: Qualitative Examples
[GJsuYHhAga] figure_A_dog_is.jpg -> classified as: Other
  -> Skipping second pass (Other)
[GJsuYHhAga] figure_5.jpg -> classified as: Plots / Charts
[GJsuYHhAga] figure_Steve_Buscemi_portrays.jpg -> classified as: Other
  -> Skipping second pass (Other)
[GJsuYHhAga] figure_A_collection_of.jpg -> classified as: Qualitative Examples
[GJsuYHhAga] figure_A_busy_train.jpg -> classified as: Other
  -> Skipping second pass (Other)
[GJsuYHhAga] figure_6.jpg -> classified as: Qualitative Examples
[GJsuYHhAga] figure_Benjamin_Franklin_appears.jpg -> classified as: Other
  -> Skipping second pass (Other)
[GJsuYHhAga] figure_A_pair_of.jpg -> classified as: Qualitative Examples
[GJsuYHhAga] figure_A_woman_in.jpg -> classified as: Qualitative Examples
[GJsuYHhAga] figure_A_table_with.jpg -> classified as: Teaser Image
[GJsuYHhAga] figure_Snow_cabin..jpg -> classified as: Other
  -> Skipping second pass (Other)
[GJsuYHhAga] figure_A_seal_is.jpg -> classified as: Qualitative Examples
[GJsuYHhAga] figure_Two_gloden_statues.jpg -> classified as: Other
  -> Skipping second pass (Other)
[GJsuYHhAga] figure_Two_people_walking.jpg -> classified as: Other
  -> Skipping second pass (Other)
[GJsuYHhAga] figure_9.jpg -> classified as: Plots / Charts
[GJsuYHhAga] figure_42.jpg -> classified as: Other
  -> Skipping second pass (Other)
[GJsuYHhAga] figure_A_statue_of.jpg -> classified as: Other
  -> Skipping second pass (Other)
[GJsuYHhAga] figure_46.jpg -> classified as: Other
  -> Skipping second pass (Other)
[GJsuYHhAga] figure_960_x_1280,.jpg -> classified as: Other
  -> Skipping second pass (Other)
[GJsuYHhAga] figure_A_woman_stands.jpg -> classified as: Other
  -> Skipping second pass (Other)
[GJsuYHhAga] figure_A_white_and.jpg -> classified as: Qualitative Examples
[GJsuYHhAga] figure_39.jpg -> classified as: Other
  -> Skipping second pass (Other)
[GJsuYHhAga] figure_A_cinematic_fashion.jpg -> classified as: Qualitative Examples
[GJsuYHhAga] figure_22.jpg -> classified as: Qualitative Examples
[GJsuYHhAga] figure_A_map_of.jpg -> classified as: Teaser Image
[GJsuYHhAga] figure_18.jpg -> classified as: Qualitative Examples
[GJsuYHhAga] figure_A_squirrel_is.jpg -> classified as: Other
  -> Skipping second pass (Other)
[GJsuYHhAga] figure_A_woman_is_2.jpg -> classified as: Other
  -> Skipping second pass (Other)
[GJsuYHhAga] figure_13.jpg -> classified as: Other
  -> Skipping second pass (Other)
[GJsuYHhAga] figure_A_surreal_mental.jpg -> classified as: Other
  -> Skipping second pass (Other)
[GJsuYHhAga] figure_A_vibrant_city.jpg -> classified as: Teaser Image
[GJsuYHhAga] figure_A_man_in_2.jpg -> classified as: Other
  -> Skipping second pass (Other)
[GJsuYHhAga] figure_A_black_and.jpg -> classified as: Other
  -> Skipping second pass (Other)
[GJsuYHhAga] figure_A_cloudy_sky.jpg -> classified as: Teaser Image
[GJsuYHhAga] figure_A_cute_anthropomorphic.jpg -> classified as: Other
  -> Skipping second pass (Other)
[GJsuYHhAga] figure_15.jpg -> classified as: Plots / Charts
[GJsuYHhAga] figure_A_statue_of_3.jpg -> classified as: Other
  -> Skipping second pass (Other)
[GJsuYHhAga] figure_A_woman_with.jpg -> classified as: Qualitative Examples
[GJsuYHhAga] figure_A_sunset_over.jpg -> classified as: Qualitative Examples
[GJsuYHhAga] figure_55.jpg -> classified as: Other
  -> Skipping second pass (Other)
[GJsuYHhAga] figure_A_bed_with.jpg -> classified as: Other
  -> Skipping second pass (Other)
[GJsuYHhAga] figure_A_white_goat.jpg -> classified as: Other
  -> Skipping second pass (Other)
[GJsuYHhAga] figure_A_blue_and.jpg -> classified as: Other
  -> Skipping second pass (Other)
[GJsuYHhAga] figure_2.jpg -> classified as: Architecture Diagram
[GJsuYHhAga] figure_38.jpg -> classified as: Other
  -> Skipping second pass (Other)
[GJsuYHhAga] figure_A_statue_of_1.jpg -> classified as: Other
  -> Skipping second pass (Other)
[GJsuYHhAga] figure_20.jpg -> classified as: Qualitative Examples
[GJsuYHhAga] figure_A_cat_is.jpg -> classified as: Other
  -> Skipping second pass (Other)
[GJsuYHhAga] figure_A_dog_with.jpg -> classified as: Qualitative Examples
[GJsuYHhAga] figure_A_guitar_is.jpg -> classified as: Other
  -> Skipping second pass (Other)
[GJsuYHhAga] figure_A_body_of.jpg -> classified as: Other
  -> Skipping second pass (Other)
[GJsuYHhAga] figure_A_woman_in_3.jpg -> classified as: Other
  -> Skipping second pass (Other)
[GJsuYHhAga] figure_A_portrait_of.jpg -> classified as: Other
  -> Skipping second pass (Other)
[GJsuYHhAga] figure_A_dog_is_1.jpg -> classified as: Teaser Image
[GJsuYHhAga] figure_A_man_dressed.jpg -> classified as: Other
  -> Skipping second pass (Other)
[GJsuYHhAga] figure_A_raccoon_in.jpg -> classified as: Other
  -> Skipping second pass (Other)
[GJsuYHhAga] figure_53.jpg -> classified as: Other
  -> Skipping second pass (Other)
[GJsuYHhAga] figure_Image_depicting_a.jpg -> classified as: Other
  -> Skipping second pass (Other)
[GJsuYHhAga] figure_A_metal_sculpture.jpg -> classified as: Qualitative Examples
[GJsuYHhAga] figure_A_space_man.jpg -> classified as: Other
  -> Skipping second pass (Other)
[GJsuYHhAga] figure_11.jpg -> classified as: Qualitative Examples
[GJsuYHhAga] figure_A_Salem_black.jpg -> classified as: Other
  -> Skipping second pass (Other)
[GJsuYHhAga] figure_35.jpg -> classified as: Qualitative Examples
[GJsuYHhAga] figure_A_woman_is_1.jpg -> classified as: Qualitative Examples
[GJsuYHhAga] figure_A_young_girl.jpg -> classified as: Qualitative Examples
[GJsuYHhAga] figure_50.jpg -> classified as: Teaser Image
[GJsuYHhAga] figure_An_old_man.jpg -> classified as: Qualitative Examples
[GJsuYHhAga] figure_A_woman_in_2.jpg -> classified as: Qualitative Examples
[GJsuYHhAga] figure_52.jpg -> classified as: Other
  -> Skipping second pass (Other)
[GJsuYHhAga] figure_7.jpg -> classified as: Qualitative Examples
[GJsuYHhAga] figure_34.jpg -> classified as: Teaser Image
[GJsuYHhAga] figure_A_racoon_wearing.jpg -> classified as: Other
  -> Skipping second pass (Other)
[GJsuYHhAga] figure_A_seal_is_1.jpg -> classified as: Other
  -> Skipping second pass (Other)
[GJsuYHhAga] figure_A_woman_in_4.jpg -> classified as: Qualitative Examples
[GJsuYHhAga] figure_49.jpg -> classified as: Other
  -> Skipping second pass (Other)
[GJsuYHhAga] figure_Cherry_blossoms_bloom.jpg -> classified as: Other
  -> Skipping second pass (Other)
[GJsuYHhAga] figure_33.jpg -> classified as: Other
  -> Skipping second pass (Other)
[GJsuYHhAga] figure_A_woman_is.jpg -> classified as: Qualitative Examples
[GJsuYHhAga] figure_A_man_in.jpg -> classified as: Other
  -> Skipping second pass (Other)
[GJsuYHhAga] figure_A_doll_wearing.jpg -> classified as: Qualitative Examples
[GJsuYHhAga] figure_A_puffin_is.jpg -> classified as: Other
  -> Skipping second pass (Other)
[GJsuYHhAga] figure_An_Indian_woman.jpg -> classified as: Qualitative Examples
[GJsuYHhAga] figure_4.jpg -> classified as: Qualitative Examples
[GJsuYHhAga] figure_36.jpg -> classified as: Qualitative Examples
[GJsuYHhAga] figure_A_white_table_1.jpg -> classified as: Other
  -> Skipping second pass (Other)
[GJsuYHhAga] figure_Two_snowmen_are.jpg -> classified as: Other
  -> Skipping second pass (Other)
[GJsuYHhAga] figure_A_chess_board.jpg -> classified as: Teaser Image
[GJsuYHhAga] figure_A_woman_with_2.jpg -> classified as: Qualitative Examples
[GJsuYHhAga] figure_A_young_girl_1.jpg -> classified as: Qualitative Examples
[GJsuYHhAga] figure_40.jpg -> classified as: Other
  -> Skipping second pass (Other)
[GJsuYHhAga] figure_Two_women_in.jpg -> classified as: Qualitative Examples
[GJsuYHhAga] figure_s.jpg -> classified as: Qualitative Examples
[GJsuYHhAga] figure_A_ship_is.jpg -> classified as: Other
  -> Skipping second pass (Other)
[GJsuYHhAga] figure_A_woman_in_1.jpg -> classified as: Qualitative Examples
[GJsuYHhAga] figure_A_narrow_stone.jpg -> classified as: Teaser Image
[GJsuYHhAga] figure_31.jpg -> classified as: Other
  -> Skipping second pass (Other)
[GJsuYHhAga] figure_17.jpg -> classified as: Qualitative Examples
[GJsuYHhAga] figure_45.jpg -> classified as: Other
  -> Skipping second pass (Other)
[GJsuYHhAga] figure_A_frozen_river.jpg -> classified as: Other
  -> Skipping second pass (Other)
[GJsuYHhAga] figure_41.jpg -> classified as: Other
  -> Skipping second pass (Other)
[GJsuYHhAga] figure_The_Little_Prince.jpg -> classified as: Other
  -> Skipping second pass (Other)
[GJsuYHhAga] figure_Four_bottles_of.jpg -> classified as: Other
  -> Skipping second pass (Other)
[GJsuYHhAga] figure_48.jpg -> classified as: Qualitative Examples
[GJsuYHhAga] figure_A_bathroom_with.jpg -> classified as: Other
  -> Skipping second pass (Other)
[GJsuYHhAga] figure_A_full-body_shot.jpg -> classified as: Other
  -> Skipping second pass (Other)
[GJsuYHhAga] figure_A_girl_gazes.jpg -> classified as: Other
  -> Skipping second pass (Other)
[GJsuYHhAga] figure_A_gold_mask.jpg -> classified as: Other
  -> Skipping second pass (Other)
[GJsuYHhAga] figure_1.jpg -> classified as: Qualitative Examples
[GJsuYHhAga] figure_A_white_table.jpg -> classified as: Other
  -> Skipping second pass (Other)
[GJsuYHhAga] figure_The_image_depicts.jpg -> classified as: Other
  -> Skipping second pass (Other)
[GJsuYHhAga] figure_37.jpg -> classified as: Other
  -> Skipping second pass (Other)
[GJsuYHhAga] figure_A_large_body.jpg -> classified as: Qualitative Examples
[GJsuYHhAga] figure_A_statue_of_2.jpg -> classified as: Other
  -> Skipping second pass (Other)
[GJsuYHhAga] figure_A_tiger_is.jpg -> classified as: Other
  -> Skipping second pass (Other)
[GJsuYHhAga] figure_8.jpg -> classified as: Qualitative Examples
[GJsuYHhAga] figure_51.jpg -> classified as: Other
  -> Skipping second pass (Other)
[GJsuYHhAga] figure_A_man_with_3.jpg -> classified as: Qualitative Examples
[GJsuYHhAga] figure_A_black_boat.jpg -> classified as: Other
  -> Skipping second pass (Other)
[GJsuYHhAga] figure_12.jpg -> classified as: Qualitative Examples
[GJsuYHhAga] figure_Luke_Skywalker_with.jpg -> classified as: Qualitative Examples
[GJsuYHhAga] figure_25.jpg -> classified as: Architecture Diagram
[GJsuYHhAga] figure_21.jpg -> classified as: Qualitative Examples
[GJsuYHhAga] figure_A_man_wearing.jpg -> classified as: Qualitative Examples
[GJsuYHhAga] figure_A_plush_toy.jpg -> classified as: Qualitative Examples
[GJsuYHhAga] figure_A_woman_holding.jpg -> classified as: Qualitative Examples
[GJsuYHhAga] figure_26.jpg -> classified as: Plots / Charts
[GJsuYHhAga] figure_A_baby_is.jpg -> classified as: Qualitative Examples
[GJsuYHhAga] figure_A_cloudy_sky_1.jpg -> classified as: Other
  -> Skipping second pass (Other)
[GJsuYHhAga] figure_An_image_depicting.jpg -> classified as: Qualitative Examples
[GJsuYHhAga] figure_Pumpkin_head_wearing.jpg -> classified as: Other
  -> Skipping second pass (Other)
[GJsuYHhAga] figure_A_minimalist_tattoo.jpg -> classified as: Other
  -> Skipping second pass (Other)
[GJsuYHhAga] figure_14.jpg -> classified as: Qualitative Examples
[GJsuYHhAga] figure_32.jpg -> classified as: Other
  -> Skipping second pass (Other)
[GJsuYHhAga] figure_16.jpg -> classified as: Qualitative Examples
[GJsuYHhAga] figure_10.jpg -> classified as: Qualitative Examples
[GJsuYHhAga] figure_960_x_1280,_1.jpg -> classified as: Other
  -> Skipping second pass (Other)
[GKau1ekOtH] figure_5.jpg -> classified as: Qualitative Examples
[GKau1ekOtH] figure_2.jpg -> classified as: Architecture Diagram
[GKau1ekOtH] figure_7.jpg -> classified as: Plots / Charts
[GKau1ekOtH] figure_3.jpg -> classified as: Qualitative Examples
[GKau1ekOtH] figure_4.jpg -> classified as: Plots / Charts
[GKau1ekOtH] figure_1.jpg -> classified as: Plots / Charts
[GKge9khQSa] figure_5.jpg -> classified as: Plots / Charts
[GKge9khQSa] figure_6.jpg -> classified as: Plots / Charts
[GKge9khQSa] figure_9.jpg -> classified as: Plots / Charts
[GKge9khQSa] figure_13.jpg -> classified as: Plots / Charts
[GKge9khQSa] figure_2.jpg -> classified as: Architecture Diagram
[GKge9khQSa] figure_11.jpg -> classified as: Plots / Charts
[GKge9khQSa] figure_7.jpg -> classified as: Qualitative Examples
[GKge9khQSa] figure_3.jpg -> classified as: Plots / Charts
[GKge9khQSa] figure_4.jpg -> classified as: Plots / Charts
[GKge9khQSa] figure_1.jpg -> classified as: Qualitative Examples
[GKge9khQSa] figure_8.jpg -> classified as: Plots / Charts
[GKge9khQSa] figure_12.jpg -> classified as: Plots / Charts
[GKge9khQSa] figure_14.jpg -> classified as: Qualitative Examples
[GKge9khQSa] figure_10.jpg -> classified as: Plots / Charts
[GLKig15TWJ] figure_1.jpg -> classified as: Architecture Diagram
[GOgB6QoXwx] figure_5.jpg -> classified as: Plots / Charts
[GOgB6QoXwx] figure_6.jpg -> classified as: Architecture Diagram
[GOgB6QoXwx] figure_9.jpg -> classified as: Plots / Charts
[GOgB6QoXwx] figure_2.jpg -> classified as: Architecture Diagram
[GOgB6QoXwx] figure_11.jpg -> classified as: Qualitative Examples
[GOgB6QoXwx] figure_7.jpg -> classified as: Plots / Charts
[GOgB6QoXwx] figure_3.jpg -> classified as: Plots / Charts
[GOgB6QoXwx] figure_4.jpg -> classified as: Qualitative Examples
[GOgB6QoXwx] figure_1.jpg -> classified as: Architecture Diagram
[GOgB6QoXwx] figure_8.jpg -> classified as: Architecture Diagram
[GOgB6QoXwx] figure_10.jpg -> classified as: Qualitative Examples
[GPfEMmgspR] figure_5.jpg -> classified as: Plots / Charts
[GPfEMmgspR] figure_2.jpg -> classified as: Architecture Diagram
[GPfEMmgspR] figure_3.jpg -> classified as: Plots / Charts
[GPfEMmgspR] figure_4.jpg -> classified as: Plots / Charts
[GPfEMmgspR] figure_1.jpg -> classified as: Architecture Diagram
[GQgPj1H4pO] figure_5.jpg -> classified as: Qualitative Examples
[GQgPj1H4pO] figure_6.jpg -> classified as: Other
  -> Skipping second pass (Other)
[GQgPj1H4pO] figure_9.jpg -> classified as: Plots / Charts
[GQgPj1H4pO] figure_2.jpg -> classified as: Plots / Charts
[GQgPj1H4pO] figure_11.jpg -> classified as: Plots / Charts
[GQgPj1H4pO] figure_7.jpg -> classified as: Plots / Charts
[GQgPj1H4pO] figure_3.jpg -> classified as: Architecture Diagram
[GQgPj1H4pO] figure_4.jpg -> classified as: Qualitative Examples
[GQgPj1H4pO] figure_1.jpg -> classified as: Architecture Diagram
[GQgPj1H4pO] figure_8.jpg -> classified as: Plots / Charts
[GQgPj1H4pO] figure_12.jpg -> classified as: Plots / Charts
[GQgPj1H4pO] figure_10.jpg -> classified as: Qualitative Examples
[GSUNPIw7Ad] figure_5.jpg -> classified as: Qualitative Examples
[GSUNPIw7Ad] figure_6.jpg -> classified as: Plots / Charts
[GSUNPIw7Ad] figure_9.jpg -> classified as: Plots / Charts
[GSUNPIw7Ad] figure_13.jpg -> classified as: Qualitative Examples
[GSUNPIw7Ad] figure_15.jpg -> classified as: Qualitative Examples
[GSUNPIw7Ad] figure_2.jpg -> classified as: Architecture Diagram
[GSUNPIw7Ad] figure_11.jpg -> classified as: Architecture Diagram
[GSUNPIw7Ad] figure_7.jpg -> classified as: Qualitative Examples
[GSUNPIw7Ad] figure_3.jpg -> classified as: Plots / Charts
[GSUNPIw7Ad] figure_4.jpg -> classified as: Plots / Charts
[GSUNPIw7Ad] figure_1.jpg -> classified as: Architecture Diagram
[GSUNPIw7Ad] figure_8.jpg -> classified as: Plots / Charts
[GSUNPIw7Ad] figure_12.jpg -> classified as: Qualitative Examples
[GSUNPIw7Ad] figure_14.jpg -> classified as: Qualitative Examples
[GSUNPIw7Ad] figure_10.jpg -> classified as: Plots / Charts
[GSckuQMzBG] figure_5.jpg -> classified as: Plots / Charts
[GSckuQMzBG] figure_2.jpg -> classified as: Architecture Diagram
[GSckuQMzBG] figure_3.jpg -> classified as: Qualitative Examples
[GSckuQMzBG] figure_4.jpg -> classified as: Qualitative Examples
[GSckuQMzBG] figure_1.jpg -> classified as: Plots / Charts
[GTcEe5fayC] figure_2.jpg -> classified as: Architecture Diagram
[GTcEe5fayC] figure_3.jpg -> classified as: Plots / Charts
[GTcEe5fayC] figure_4.jpg -> classified as: Qualitative Examples
[GTcEe5fayC] figure_1.jpg -> classified as: Architecture Diagram
[GThTiuXgDC] figure_5.jpg -> classified as: Plots / Charts
[GThTiuXgDC] figure_6.jpg -> classified as: Plots / Charts
[GThTiuXgDC] figure_2.jpg -> classified as: Architecture Diagram
[GThTiuXgDC] figure_7.jpg -> classified as: Plots / Charts
[GThTiuXgDC] figure_3.jpg -> classified as: Architecture Diagram
[GThTiuXgDC] figure_4.jpg -> classified as: Qualitative Examples
[GThTiuXgDC] figure_1.jpg -> classified as: Architecture Diagram
[GTk0AdOYLq] figure_5.jpg -> classified as: Architecture Diagram
[GTk0AdOYLq] figure_6.jpg -> classified as: Plots / Charts
[GTk0AdOYLq] figure_9.jpg -> classified as: Architecture Diagram
[GTk0AdOYLq] figure_2.jpg -> classified as: Architecture Diagram
[GTk0AdOYLq] figure_7.jpg -> classified as: Plots / Charts
[GTk0AdOYLq] figure_3.jpg -> classified as: Plots / Charts
[GTk0AdOYLq] figure_4.jpg -> classified as: Plots / Charts
[GTk0AdOYLq] figure_1.jpg -> classified as: Plots / Charts
[GTk0AdOYLq] figure_8.jpg -> classified as: Plots / Charts
[GURqUuTebY] figure__the_Imperial_State.jpg -> classified as: Qualitative Examples
[GURqUuTebY] figure_5.jpg -> classified as: Qualitative Examples
[GURqUuTebY] figure_6.jpg -> classified as: Plots / Charts
[GURqUuTebY] figure_9.jpg -> classified as: Qualitative Examples
[GURqUuTebY] figure_13.jpg -> classified as: Qualitative Examples
[GURqUuTebY] figure_15.jpg -> classified as: Qualitative Examples
[GURqUuTebY] figure_2.jpg -> classified as: Architecture Diagram
[GURqUuTebY] figure_11.jpg -> classified as: Qualitative Examples
[GURqUuTebY] figure_7.jpg -> classified as: Qualitative Examples
[GURqUuTebY] figure_3.jpg -> classified as: Architecture Diagram
[GURqUuTebY] figure_4.jpg -> classified as: Qualitative Examples
[GURqUuTebY] figure_17.jpg -> classified as: Qualitative Examples
[GURqUuTebY] figure_1.jpg -> classified as: Qualitative Examples
[GURqUuTebY] figure_8.jpg -> classified as: Qualitative Examples
[GURqUuTebY] figure_12.jpg -> classified as: Qualitative Examples
[GURqUuTebY] figure_14.jpg -> classified as: Qualitative Examples
[GURqUuTebY] figure_16.jpg -> classified as: Qualitative Examples
[GUd6zTrTBb] figure_19.jpg -> classified as: Qualitative Examples
[GUd6zTrTBb] figure_5.jpg -> classified as: Architecture Diagram
[GUd6zTrTBb] figure_6.jpg -> classified as: Qualitative Examples
[GUd6zTrTBb] figure_9.jpg -> classified as: Qualitative Examples
[GUd6zTrTBb] figure_22.jpg -> classified as: Qualitative Examples
[GUd6zTrTBb] figure_18.jpg -> classified as: Qualitative Examples
[GUd6zTrTBb] figure_13.jpg -> classified as: Qualitative Examples
[GUd6zTrTBb] figure_15.jpg -> classified as: Qualitative Examples
[GUd6zTrTBb] figure_2.jpg -> classified as: Other
  -> Skipping second pass (Other)
[GUd6zTrTBb] figure_20.jpg -> classified as: Qualitative Examples
[GUd6zTrTBb] figure_11.jpg -> classified as: Qualitative Examples
[GUd6zTrTBb] figure_7.jpg -> classified as: Qualitative Examples
[GUd6zTrTBb] figure_3.jpg -> classified as: Qualitative Examples
[GUd6zTrTBb] figure_4.jpg -> classified as: Qualitative Examples
[GUd6zTrTBb] figure_17.jpg -> classified as: Qualitative Examples
[GUd6zTrTBb] figure_1.jpg -> classified as: Architecture Diagram
[GUd6zTrTBb] figure_8.jpg -> classified as: Qualitative Examples
[GUd6zTrTBb] figure_12.jpg -> classified as: Qualitative Examples
[GUd6zTrTBb] figure_21.jpg -> classified as: Qualitative Examples
[GUd6zTrTBb] figure_14.jpg -> classified as: Qualitative Examples
[GUd6zTrTBb] figure_16.jpg -> classified as: Qualitative Examples
[GUd6zTrTBb] figure_10.jpg -> classified as: Qualitative Examples
[GVABHyvrRU] figure_5.jpg -> classified as: Qualitative Examples
[GVABHyvrRU] figure_6.jpg -> classified as: Qualitative Examples
[GVABHyvrRU] figure_9.jpg -> classified as: Plots / Charts
[GVABHyvrRU] figure_13.jpg -> classified as: Qualitative Examples
[GVABHyvrRU] figure_15.jpg -> classified as: Qualitative Examples
[GVABHyvrRU] figure_2.jpg -> classified as: Architecture Diagram
[GVABHyvrRU] figure_11.jpg -> classified as: Plots / Charts
[GVABHyvrRU] figure_7.jpg -> classified as: Plots / Charts
[GVABHyvrRU] figure_3.jpg -> classified as: Qualitative Examples
[GVABHyvrRU] figure_4.jpg -> classified as: Architecture Diagram
[GVABHyvrRU] figure_1.jpg -> classified as: Qualitative Examples
[GVABHyvrRU] figure_8.jpg -> classified as: Plots / Charts
[GVABHyvrRU] figure_12.jpg -> classified as: Qualitative Examples
[GVABHyvrRU] figure_14.jpg -> classified as: Qualitative Examples
[GVABHyvrRU] figure_16.jpg -> classified as: Qualitative Examples
[GVABHyvrRU] figure_10.jpg -> classified as: Plots / Charts
[GXXQfSpJNI] figure_19.jpg -> classified as: Qualitative Examples
[GXXQfSpJNI] figure_5.jpg -> classified as: Qualitative Examples
[GXXQfSpJNI] figure_6.jpg -> classified as: Qualitative Examples
[GXXQfSpJNI] figure_9.jpg -> classified as: Qualitative Examples
[GXXQfSpJNI] figure_22.jpg -> classified as: Qualitative Examples
[GXXQfSpJNI] figure_18.jpg -> classified as: Qualitative Examples
[GXXQfSpJNI] figure_13.jpg -> classified as: Qualitative Examples
[GXXQfSpJNI] figure_15.jpg -> classified as: Qualitative Examples
[GXXQfSpJNI] figure_2.jpg -> classified as: Architecture Diagram
[GXXQfSpJNI] figure_20.jpg -> classified as: Qualitative Examples
[GXXQfSpJNI] figure_11.jpg -> classified as: Qualitative Examples
[GXXQfSpJNI] figure_7.jpg -> classified as: Qualitative Examples
[GXXQfSpJNI] figure_3.jpg -> classified as: Qualitative Examples
[GXXQfSpJNI] figure_4.jpg -> classified as: Qualitative Examples
[GXXQfSpJNI] figure_17.jpg -> classified as: Qualitative Examples
[GXXQfSpJNI] figure_1.jpg -> classified as: Architecture Diagram
[GXXQfSpJNI] figure_8.jpg -> classified as: Qualitative Examples
[GXXQfSpJNI] figure_12.jpg -> classified as: Qualitative Examples
[GXXQfSpJNI] figure_21.jpg -> classified as: Qualitative Examples
[GXXQfSpJNI] figure_14.jpg -> classified as: Qualitative Examples
[GXXQfSpJNI] figure_16.jpg -> classified as: Qualitative Examples
[GXXQfSpJNI] figure_10.jpg -> classified as: Qualitative Examples
[GY1fKFXG5i] figure_2.jpg -> classified as: Plots / Charts
[GY1fKFXG5i] figure_3.jpg -> classified as: Plots / Charts
[GY1fKFXG5i] figure_4.jpg -> classified as: Plots / Charts
[GY1fKFXG5i] figure_1.jpg -> classified as: Plots / Charts
[GYAvwLviup] figure_5.jpg -> classified as: Plots / Charts
[GYAvwLviup] figure_2.jpg -> classified as: Qualitative Examples
[GYAvwLviup] figure_3.jpg -> classified as: Plots / Charts
[GYAvwLviup] figure_4.jpg -> classified as: Plots / Charts
[GYAvwLviup] figure_1.jpg -> classified as: Architecture Diagram
[GaWYCQMAq1] figure_5.jpg -> classified as: Plots / Charts
[GaWYCQMAq1] figure_6.jpg -> classified as: Architecture Diagram
[GaWYCQMAq1] figure_2.jpg -> classified as: Architecture Diagram
[GaWYCQMAq1] figure_7.jpg -> classified as: Plots / Charts
[GaWYCQMAq1] figure_3.jpg -> classified as: Qualitative Examples
[GaWYCQMAq1] figure_4.jpg -> classified as: Plots / Charts
[GaWYCQMAq1] figure_1.jpg -> classified as: Qualitative Examples
[Gb4K2KCaPZ] figure_5.jpg -> classified as: Plots / Charts
[Gb4K2KCaPZ] figure_6.jpg -> classified as: Plots / Charts
[Gb4K2KCaPZ] figure_9.jpg -> classified as: Qualitative Examples
[Gb4K2KCaPZ] figure_2.jpg -> classified as: Architecture Diagram
[Gb4K2KCaPZ] figure_7.jpg -> classified as: Qualitative Examples
[Gb4K2KCaPZ] figure_3.jpg -> classified as: Qualitative Examples
[Gb4K2KCaPZ] figure_4.jpg -> classified as: Qualitative Examples
[Gb4K2KCaPZ] figure_1.jpg -> classified as: Architecture Diagram
[Gb4K2KCaPZ] figure_8.jpg -> classified as: Qualitative Examples
[Gb4K2KCaPZ] figure_10.jpg -> classified as: Qualitative Examples
[GcYcUE3GvY] figure_5.jpg -> classified as: Qualitative Examples
[GcYcUE3GvY] figure_2.jpg -> classified as: Qualitative Examples
[GcYcUE3GvY] figure_3.jpg -> classified as: Architecture Diagram
[GcYcUE3GvY] figure_4.jpg -> classified as: Qualitative Examples
[GcYcUE3GvY] figure_1.jpg -> classified as: Qualitative Examples
[GcvLoqOoXL] figure_5.jpg -> classified as: Plots / Charts
[GcvLoqOoXL] figure_6.jpg -> classified as: Qualitative Examples
[GcvLoqOoXL] figure_9.jpg -> classified as: Qualitative Examples
[GcvLoqOoXL] figure_2.jpg -> classified as: Qualitative Examples
[GcvLoqOoXL] figure_11.jpg -> classified as: Qualitative Examples
[GcvLoqOoXL] figure_7.jpg -> classified as: Qualitative Examples
[GcvLoqOoXL] figure_3.jpg -> classified as: Plots / Charts
[GcvLoqOoXL] figure_4.jpg -> classified as: Qualitative Examples
[GcvLoqOoXL] figure_1.jpg -> classified as: Plots / Charts
[GcvLoqOoXL] figure_8.jpg -> classified as: Plots / Charts
[GcvLoqOoXL] figure_12.jpg -> classified as: Qualitative Examples
[GcvLoqOoXL] figure_10.jpg -> classified as: Qualitative Examples
[Gd0fy9y8uM] figure_5.jpg -> classified as: Qualitative Examples
[Gd0fy9y8uM] figure_6.jpg -> classified as: Qualitative Examples
[Gd0fy9y8uM] figure_9.jpg -> classified as: Plots / Charts
[Gd0fy9y8uM] figure_13.jpg -> classified as: Qualitative Examples
[Gd0fy9y8uM] figure_2.jpg -> classified as: Architecture Diagram
[Gd0fy9y8uM] figure_11.jpg -> classified as: Qualitative Examples
[Gd0fy9y8uM] figure_7.jpg -> classified as: Plots / Charts
[Gd0fy9y8uM] figure_3.jpg -> classified as: Architecture Diagram
[Gd0fy9y8uM] figure_4.jpg -> classified as: Qualitative Examples
[Gd0fy9y8uM] figure_1.jpg -> classified as: Qualitative Examples
[Gd0fy9y8uM] figure_8.jpg -> classified as: Qualitative Examples
[Gd0fy9y8uM] figure_12.jpg -> classified as: Qualitative Examples
[Gd0fy9y8uM] figure_10.jpg -> classified as: Qualitative Examples
[Gf1uBeuUJW] figure_Question__Tell_me.jpg -> classified as: Plots / Charts
[Gf1uBeuUJW] figure_6.jpg -> classified as: Plots / Charts
[Gf1uBeuUJW] figure_9.jpg -> classified as: Qualitative Examples
[Gf1uBeuUJW] figure_2.jpg -> classified as: Plots / Charts
[Gf1uBeuUJW] figure_7.jpg -> classified as: Qualitative Examples
[Gf1uBeuUJW] figure_3.jpg -> classified as: Qualitative Examples
[Gf1uBeuUJW] figure_4.jpg -> classified as: Qualitative Examples
[Gf1uBeuUJW] figure_1.jpg -> classified as: Qualitative Examples
[Gf4KZIqLHD] figure_5.jpg -> classified as: Qualitative Examples
[Gf4KZIqLHD] figure_6.jpg -> classified as: Qualitative Examples
[Gf4KZIqLHD] figure_2.jpg -> classified as: Architecture Diagram
[Gf4KZIqLHD] figure_3.jpg -> classified as: Qualitative Examples
[Gf4KZIqLHD] figure_4.jpg -> classified as: Plots / Charts
[Gf4KZIqLHD] figure_1.jpg -> classified as: Architecture Diagram
[Gg7cXo3S8l] figure_5.jpg -> classified as: Qualitative Examples
[Gg7cXo3S8l] figure_6.jpg -> classified as: Plots / Charts
[Gg7cXo3S8l] figure_V_3.jpg -> classified as: Qualitative Examples
[Gg7cXo3S8l] figure_I_1.jpg -> classified as: Plots / Charts
[Gg7cXo3S8l] figure_I_2.jpg -> classified as: Plots / Charts
[Gg7cXo3S8l] figure_V.jpg -> classified as: Plots / Charts
[Gg7cXo3S8l] figure_I.jpg -> classified as: Plots / Charts
[Gg7cXo3S8l] figure_2.jpg -> classified as: Architecture Diagram
[Gg7cXo3S8l] figure_V_2.jpg -> classified as: Plots / Charts
[Gg7cXo3S8l] figure_I_4.jpg -> classified as: Qualitative Examples
[Gg7cXo3S8l] figure_7.jpg -> classified as: Plots / Charts
[Gg7cXo3S8l] figure_I_3.jpg -> classified as: Plots / Charts
[Gg7cXo3S8l] figure_3.jpg -> classified as: Plots / Charts
[Gg7cXo3S8l] figure_4.jpg -> classified as: Plots / Charts
[Gg7cXo3S8l] figure_V_1.jpg -> classified as: Plots / Charts
[Gg7cXo3S8l] figure_1.jpg -> classified as: Plots / Charts
[Gg7cXo3S8l] figure_X.jpg -> classified as: Qualitative Examples
[Gj5JTAwdoy] figure_5.jpg -> classified as: Plots / Charts
[Gj5JTAwdoy] figure_6.jpg -> classified as: Plots / Charts
[Gj5JTAwdoy] figure_9.jpg -> classified as: Architecture Diagram
[Gj5JTAwdoy] figure_13.jpg -> classified as: Plots / Charts
[Gj5JTAwdoy] figure_15.jpg -> classified as: Plots / Charts
[Gj5JTAwdoy] figure_2.jpg -> classified as: Plots / Charts
[Gj5JTAwdoy] figure_11.jpg -> classified as: Qualitative Examples
[Gj5JTAwdoy] figure_7.jpg -> classified as: Plots / Charts
[Gj5JTAwdoy] figure_3.jpg -> classified as: Architecture Diagram
[Gj5JTAwdoy] figure_4.jpg -> classified as: Plots / Charts
[Gj5JTAwdoy] figure_1.jpg -> classified as: Architecture Diagram
[Gj5JTAwdoy] figure_8.jpg -> classified as: Architecture Diagram
[Gj5JTAwdoy] figure_12.jpg -> classified as: Plots / Charts
[Gj5JTAwdoy] figure_14.jpg -> classified as: Plots / Charts
[Gj5JTAwdoy] figure_10.jpg -> classified as: Plots / Charts
[GjfIZan5jN] figure_5.jpg -> classified as: Plots / Charts
[GjfIZan5jN] figure_6.jpg -> classified as: Plots / Charts
[GjfIZan5jN] figure_9.jpg -> classified as: Qualitative Examples
[GjfIZan5jN] figure_A12.jpg -> classified as: Plots / Charts
[GjfIZan5jN] figure_2.jpg -> classified as: Architecture Diagram
[GjfIZan5jN] figure_A11.jpg -> classified as: Qualitative Examples
[GjfIZan5jN] figure_A16.jpg -> classified as: Plots / Charts
[GjfIZan5jN] figure_7.jpg -> classified as: Plots / Charts
[GjfIZan5jN] figure_3.jpg -> classified as: Plots / Charts
[GjfIZan5jN] figure_A15.jpg -> classified as: Qualitative Examples
[GjfIZan5jN] figure_4.jpg -> classified as: Plots / Charts
[GjfIZan5jN] figure_A13.jpg -> classified as: Plots / Charts
[GjfIZan5jN] figure_Top_10_Concepts.jpg -> classified as: Plots / Charts
[GjfIZan5jN] figure_1.jpg -> classified as: Plots / Charts
[GjfIZan5jN] figure_A14.jpg -> classified as: Qualitative Examples
[GjfIZan5jN] figure_8.jpg -> classified as: Plots / Charts
[GjfIZan5jN] figure_10.jpg -> classified as: Plots / Charts
[GkJiNn2QDF] figure_19.jpg -> classified as: Qualitative Examples
[GkJiNn2QDF] figure_5.jpg -> classified as: Qualitative Examples
[GkJiNn2QDF] figure_6.jpg -> classified as: Qualitative Examples
[GkJiNn2QDF] figure_9.jpg -> classified as: Qualitative Examples
[GkJiNn2QDF] figure_22.jpg -> classified as: Qualitative Examples
[GkJiNn2QDF] figure_18.jpg -> classified as: Qualitative Examples
[GkJiNn2QDF] figure_13.jpg -> classified as: Qualitative Examples
[GkJiNn2QDF] figure_15.jpg -> classified as: Qualitative Examples
[GkJiNn2QDF] figure_2.jpg -> classified as: Architecture Diagram
[GkJiNn2QDF] figure_20.jpg -> classified as: Qualitative Examples
[GkJiNn2QDF] figure_11.jpg -> classified as: Qualitative Examples
[GkJiNn2QDF] figure_7.jpg -> classified as: Qualitative Examples
[GkJiNn2QDF] figure_3.jpg -> classified as: Architecture Diagram
[GkJiNn2QDF] figure_4.jpg -> classified as: Architecture Diagram
[GkJiNn2QDF] figure_17.jpg -> classified as: Plots / Charts
[GkJiNn2QDF] figure_1.jpg -> classified as: Architecture Diagram
[GkJiNn2QDF] figure_8.jpg -> classified as: Qualitative Examples
[GkJiNn2QDF] figure_12.jpg -> classified as: Qualitative Examples
[GkJiNn2QDF] figure_21.jpg -> classified as: Qualitative Examples
[GkJiNn2QDF] figure_14.jpg -> classified as: Qualitative Examples
[GkJiNn2QDF] figure_16.jpg -> classified as: Plots / Charts
[GkJiNn2QDF] figure_10.jpg -> classified as: Qualitative Examples
[GkeTXeujW0] figure_5.jpg -> classified as: Architecture Diagram
[GkeTXeujW0] figure_6.jpg -> classified as: Plots / Charts
[GkeTXeujW0] figure_9.jpg -> classified as: Plots / Charts
[GkeTXeujW0] figure_2.jpg -> classified as: Plots / Charts
[GkeTXeujW0] figure_11.jpg -> classified as: Plots / Charts
[GkeTXeujW0] figure_7.jpg -> classified as: Plots / Charts
[GkeTXeujW0] figure_3.jpg -> classified as: Architecture Diagram
[GkeTXeujW0] figure_4.jpg -> classified as: Architecture Diagram
[GkeTXeujW0] figure_1.jpg -> classified as: Plots / Charts
[GkeTXeujW0] figure_8.jpg -> classified as: Plots / Charts
[GkeTXeujW0] figure_12.jpg -> classified as: Plots / Charts
[GkeTXeujW0] figure_10.jpg -> classified as: Plots / Charts
[GlAeL0I8LX] figure_19.jpg -> classified as: Qualitative Examples
[GlAeL0I8LX] figure_23.jpg -> classified as: Qualitative Examples
[GlAeL0I8LX] figure_5.jpg -> classified as: Plots / Charts
[GlAeL0I8LX] figure_6.jpg -> classified as: Plots / Charts
[GlAeL0I8LX] figure_9.jpg -> classified as: Plots / Charts
[GlAeL0I8LX] figure_22.jpg -> classified as: Qualitative Examples
[GlAeL0I8LX] figure_18.jpg -> classified as: Plots / Charts
[GlAeL0I8LX] figure_13.jpg -> classified as: Qualitative Examples
[GlAeL0I8LX] figure_15.jpg -> classified as: Plots / Charts
[GlAeL0I8LX] figure_2.jpg -> classified as: Architecture Diagram
[GlAeL0I8LX] figure_20.jpg -> classified as: Qualitative Examples
[GlAeL0I8LX] figure_11.jpg -> classified as: Qualitative Examples
[GlAeL0I8LX] figure_(a)_Baseline_Resnet50.jpg -> classified as: Plots / Charts
[GlAeL0I8LX] figure_7.jpg -> classified as: Other
  -> Skipping second pass (Other)
[GlAeL0I8LX] figure_3.jpg -> classified as: Architecture Diagram
[GlAeL0I8LX] figure_4.jpg -> classified as: Qualitative Examples
[GlAeL0I8LX] figure_17.jpg -> classified as: Plots / Charts
[GlAeL0I8LX] figure_1.jpg -> classified as: Qualitative Examples
[GlAeL0I8LX] figure_12.jpg -> classified as: Qualitative Examples
[GlAeL0I8LX] figure_21.jpg -> classified as: Qualitative Examples
[GlAeL0I8LX] figure_14.jpg -> classified as: Qualitative Examples
[GlAeL0I8LX] figure_16.jpg -> classified as: Plots / Charts
[GlAeL0I8LX] figure_10.jpg -> classified as: Qualitative Examples
[Glm7Kj47nN] figure_5.jpg -> classified as: Qualitative Examples
[Glm7Kj47nN] figure_6.jpg -> classified as: Qualitative Examples
[Glm7Kj47nN] figure_9.jpg -> classified as: Qualitative Examples
[Glm7Kj47nN] figure_13.jpg -> classified as: Qualitative Examples
[Glm7Kj47nN] figure_15.jpg -> classified as: Qualitative Examples
[Glm7Kj47nN] figure_2.jpg -> classified as: Architecture Diagram
[Glm7Kj47nN] figure_11.jpg -> classified as: Qualitative Examples
[Glm7Kj47nN] figure_7.jpg -> classified as: Qualitative Examples
[Glm7Kj47nN] figure_3.jpg -> classified as: Plots / Charts
[Glm7Kj47nN] figure_4.jpg -> classified as: Qualitative Examples
[Glm7Kj47nN] figure_1.jpg -> classified as: Qualitative Examples
[Glm7Kj47nN] figure_Prompt__A_fly.jpg -> classified as: Qualitative Examples
[Glm7Kj47nN] figure_12.jpg -> classified as: Other
  -> Skipping second pass (Other)
[Glm7Kj47nN] figure_14.jpg -> classified as: Qualitative Examples
[Glm7Kj47nN] figure_16.jpg -> classified as: Qualitative Examples
[Glm7Kj47nN] figure_10.jpg -> classified as: Qualitative Examples
[GmMp8S8M4V] figure_5.jpg -> classified as: Plots / Charts
[GmMp8S8M4V] figure_2.jpg -> classified as: Qualitative Examples
[GmMp8S8M4V] figure_3.jpg -> classified as: Plots / Charts
[GmMp8S8M4V] figure_4.jpg -> classified as: Plots / Charts
[GmMp8S8M4V] figure_1.jpg -> classified as: Architecture Diagram
[GoJ8jGmjyW] figure_Caption__Make_sure.jpg -> classified as: Other
  -> Skipping second pass (Other)
[GoJ8jGmjyW] figure_2.jpg -> classified as: Qualitative Examples
[GoJ8jGmjyW] figure_3.jpg -> classified as: Plots / Charts
[GoJ8jGmjyW] figure_Caption__Outdoor_Edge.jpg -> classified as: Qualitative Examples
[GoJ8jGmjyW] figure_Caption__Adds_two.jpg -> classified as: Other
  -> Skipping second pass (Other)
[GoJ8jGmjyW] figure_1.jpg -> classified as: Qualitative Examples
[GpdO9r73xT] figure_9.jpg -> classified as: Qualitative Examples
[GpdO9r73xT] figure_13.jpg -> classified as: Qualitative Examples
[GpdO9r73xT] figure_15.jpg -> classified as: Qualitative Examples
[GpdO9r73xT] figure_2.jpg -> classified as: Plots / Charts
[GpdO9r73xT] figure_11.jpg -> classified as: Qualitative Examples
[GpdO9r73xT] figure_7.jpg -> classified as: Plots / Charts
[GpdO9r73xT] figure_3.jpg -> classified as: Qualitative Examples
[GpdO9r73xT] figure_4.jpg -> classified as: Plots / Charts
[GpdO9r73xT] figure_1.jpg -> classified as: Qualitative Examples
[GpdO9r73xT] figure_8.jpg -> classified as: Qualitative Examples
[GpdO9r73xT] figure_12.jpg -> classified as: Qualitative Examples
[GpdO9r73xT] figure_14.jpg -> classified as: Qualitative Examples
[GpdO9r73xT] figure_16.jpg -> classified as: Qualitative Examples
[GpdO9r73xT] figure_10.jpg -> classified as: Plots / Charts
[GqBO71SPjL] figure_5.jpg -> classified as: Qualitative Examples
[GqBO71SPjL] figure_6.jpg -> classified as: Qualitative Examples
[GqBO71SPjL] figure_9.jpg -> classified as: Qualitative Examples
[GqBO71SPjL] figure_2.jpg -> classified as: Qualitative Examples
[GqBO71SPjL] figure_11.jpg -> classified as: Qualitative Examples
[GqBO71SPjL] figure_7.jpg -> classified as: Qualitative Examples
[GqBO71SPjL] figure_3.jpg -> classified as: Qualitative Examples
[GqBO71SPjL] figure_4.jpg -> classified as: Architecture Diagram
[GqBO71SPjL] figure_1.jpg -> classified as: Architecture Diagram
[GqBO71SPjL] figure_8.jpg -> classified as: Qualitative Examples
[GqBO71SPjL] figure_10.jpg -> classified as: Qualitative Examples
[GqhvJ1o8m5] figure_5.jpg -> classified as: Qualitative Examples
[GqhvJ1o8m5] figure_2.jpg -> classified as: Architecture Diagram
[GqhvJ1o8m5] figure_3.jpg -> classified as: Qualitative Examples
[GqhvJ1o8m5] figure_4.jpg -> classified as: Qualitative Examples
[GqhvJ1o8m5] figure_1.jpg -> classified as: Qualitative Examples
[GqsepTIXWy] figure_5.jpg -> classified as: Plots / Charts
[GqsepTIXWy] figure_6.jpg -> classified as: Qualitative Examples
[GqsepTIXWy] figure_2.jpg -> classified as: Qualitative Examples
[GqsepTIXWy] figure_7.jpg -> classified as: Plots / Charts
[GqsepTIXWy] figure_3.jpg -> classified as: Qualitative Examples
[GqsepTIXWy] figure_4.jpg -> classified as: Qualitative Examples
[GqsepTIXWy] figure_1.jpg -> classified as: Architecture Diagram
[GraOHDxFjl] figure_5.jpg -> classified as: Architecture Diagram
[GraOHDxFjl] figure_6.jpg -> classified as: Plots / Charts
[GraOHDxFjl] figure_9.jpg -> classified as: Architecture Diagram
[GraOHDxFjl] figure_2.jpg -> classified as: Plots / Charts
[GraOHDxFjl] figure_11.jpg -> classified as: Plots / Charts
[GraOHDxFjl] figure_7.jpg -> classified as: Plots / Charts
[GraOHDxFjl] figure_3.jpg -> classified as: Plots / Charts
[GraOHDxFjl] figure_4.jpg -> classified as: Plots / Charts
[GraOHDxFjl] figure_1.jpg -> classified as: Other
  -> Skipping second pass (Other)
[GraOHDxFjl] figure_8.jpg -> classified as: Plots / Charts
[GraOHDxFjl] figure_12.jpg -> classified as: Qualitative Examples
[GraOHDxFjl] figure_10.jpg -> classified as: Plots / Charts
[GstK7tITrE] figure_6.jpg -> classified as: Qualitative Examples
[GstK7tITrE] figure_9.jpg -> classified as: Qualitative Examples
[GstK7tITrE] figure_2.jpg -> classified as: Architecture Diagram
[GstK7tITrE] figure_11.jpg -> classified as: Qualitative Examples
[GstK7tITrE] figure_7.jpg -> classified as: Qualitative Examples
[GstK7tITrE] figure_3.jpg -> classified as: Qualitative Examples
[GstK7tITrE] figure_4.jpg -> classified as: Qualitative Examples
[GstK7tITrE] figure_1.jpg -> classified as: Qualitative Examples
[GstK7tITrE] figure_8.jpg -> classified as: Qualitative Examples
[GstK7tITrE] figure_10.jpg -> classified as: Qualitative Examples
[GuQeZWbaGr] figure_19.jpg -> classified as: Qualitative Examples
[GuQeZWbaGr] figure_5.jpg -> classified as: Qualitative Examples
[GuQeZWbaGr] figure_6.jpg -> classified as: Qualitative Examples
[GuQeZWbaGr] figure_9.jpg -> classified as: Qualitative Examples
[GuQeZWbaGr] figure_22.jpg -> classified as: Qualitative Examples
[GuQeZWbaGr] figure_18.jpg -> classified as: Qualitative Examples
[GuQeZWbaGr] figure_13.jpg -> classified as: Qualitative Examples
[GuQeZWbaGr] figure_15.jpg -> classified as: Qualitative Examples
[GuQeZWbaGr] figure_2.jpg -> classified as: Architecture Diagram
[GuQeZWbaGr] figure_20.jpg -> classified as: Qualitative Examples
[GuQeZWbaGr] figure_11.jpg -> classified as: Qualitative Examples
[GuQeZWbaGr] figure_7.jpg -> classified as: Qualitative Examples
[GuQeZWbaGr] figure_3.jpg -> classified as: Qualitative Examples
[GuQeZWbaGr] figure_4.jpg -> classified as: Qualitative Examples
[GuQeZWbaGr] figure_17.jpg -> classified as: Qualitative Examples
[GuQeZWbaGr] figure_1.jpg -> classified as: Qualitative Examples
[GuQeZWbaGr] figure_8.jpg -> classified as: Qualitative Examples
[GuQeZWbaGr] figure_12.jpg -> classified as: Qualitative Examples
[GuQeZWbaGr] figure_21.jpg -> classified as: Qualitative Examples
[GuQeZWbaGr] figure_14.jpg -> classified as: Qualitative Examples
[GuQeZWbaGr] figure_10.jpg -> classified as: Qualitative Examples
[Gvg3nXZvyg] figure_5.jpg -> classified as: Plots / Charts
[Gvg3nXZvyg] figure_6.jpg -> classified as: Plots / Charts
[Gvg3nXZvyg] figure_2.jpg -> classified as: Architecture Diagram
[Gvg3nXZvyg] figure_3.jpg -> classified as: Qualitative Examples
[Gvg3nXZvyg] figure_4.jpg -> classified as: Plots / Charts
[Gvg3nXZvyg] figure_1.jpg -> classified as: Other
  -> Skipping second pass (Other)
[GwSL33Qx42] figure_5.jpg -> classified as: Plots / Charts
[GwSL33Qx42] figure_6.jpg -> classified as: Qualitative Examples
[GwSL33Qx42] figure_9.jpg -> classified as: Qualitative Examples
[GwSL33Qx42] figure_2.jpg -> classified as: Qualitative Examples
[GwSL33Qx42] figure_11.jpg -> classified as: Qualitative Examples
[GwSL33Qx42] figure_7.jpg -> classified as: Qualitative Examples
[GwSL33Qx42] figure_3.jpg -> classified as: Architecture Diagram
[GwSL33Qx42] figure_4.jpg -> classified as: Qualitative Examples
[GwSL33Qx42] figure_1.jpg -> classified as: Qualitative Examples
[GwSL33Qx42] figure_8.jpg -> classified as: Qualitative Examples
[GwSL33Qx42] figure_12.jpg -> classified as: Qualitative Examples
[GwSL33Qx42] figure_10.jpg -> classified as: Qualitative Examples
[Gx04TnVjee] figure_5.jpg -> classified as: Qualitative Examples
[Gx04TnVjee] figure_6.jpg -> classified as: Qualitative Examples
[Gx04TnVjee] figure_2.jpg -> classified as: Architecture Diagram
[Gx04TnVjee] figure_7.jpg -> classified as: Plots / Charts
[Gx04TnVjee] figure_3.jpg -> classified as: Qualitative Examples
[Gx04TnVjee] figure_4.jpg -> classified as: Qualitative Examples
[Gx04TnVjee] figure_1.jpg -> classified as: Qualitative Examples
[Gyz9xEl8YQ] figure_5.jpg -> classified as: Qualitative Examples
[Gyz9xEl8YQ] figure_6.jpg -> classified as: Plots / Charts
[Gyz9xEl8YQ] figure_2.jpg -> classified as: Architecture Diagram
[Gyz9xEl8YQ] figure_3.jpg -> classified as: Architecture Diagram
[Gyz9xEl8YQ] figure_4.jpg -> classified as: Qualitative Examples
[Gyz9xEl8YQ] figure_1.jpg -> classified as: Architecture Diagram
[H2Gxil855b] figure_5.jpg -> classified as: Qualitative Examples
[H2Gxil855b] figure_6.jpg -> classified as: Qualitative Examples
[H2Gxil855b] figure_9.jpg -> classified as: Qualitative Examples
[H2Gxil855b] figure_2.jpg -> classified as: Architecture Diagram
[H2Gxil855b] figure_7.jpg -> classified as: Qualitative Examples
[H2Gxil855b] figure_3.jpg -> classified as: Architecture Diagram
[H2Gxil855b] figure_4.jpg -> classified as: Architecture Diagram
[H2Gxil855b] figure_1.jpg -> classified as: Qualitative Examples
[H2Gxil855b] figure_8.jpg -> classified as: Qualitative Examples
[H396R79GiQ] figure_5.jpg -> classified as: Plots / Charts
[H396R79GiQ] figure_6.jpg -> classified as: Plots / Charts
[H396R79GiQ] figure_9.jpg -> classified as: Plots / Charts
[H396R79GiQ] figure_2.jpg -> classified as: Qualitative Examples
[H396R79GiQ] figure_11.jpg -> classified as: Plots / Charts
[H396R79GiQ] figure_7.jpg -> classified as: Other
  -> Skipping second pass (Other)
[H396R79GiQ] figure_3.jpg -> classified as: Plots / Charts
[H396R79GiQ] figure_1.jpg -> classified as: Architecture Diagram
[H396R79GiQ] figure_8.jpg -> classified as: Plots / Charts
[H48OMCCiI7] figure_5.jpg -> classified as: Qualitative Examples
[H48OMCCiI7] figure_6.jpg -> classified as: Plots / Charts
[H48OMCCiI7] figure_9.jpg -> classified as: Qualitative Examples
[H48OMCCiI7] figure_2.jpg -> classified as: Architecture Diagram
[H48OMCCiI7] figure_7.jpg -> classified as: Qualitative Examples
[H48OMCCiI7] figure_3.jpg -> classified as: Architecture Diagram
[H48OMCCiI7] figure_4.jpg -> classified as: Qualitative Examples
[H48OMCCiI7] figure_1.jpg -> classified as: Architecture Diagram
[H48OMCCiI7] figure_8.jpg -> classified as: Qualitative Examples
[H48OMCCiI7] figure_10.jpg -> classified as: Qualitative Examples
[H4FSx06FCZ] figure_5.jpg -> classified as: Qualitative Examples
[H4FSx06FCZ] figure_6.jpg -> classified as: Qualitative Examples
[H4FSx06FCZ] figure_9.jpg -> classified as: Qualitative Examples
[H4FSx06FCZ] figure_13.jpg -> classified as: Qualitative Examples
[H4FSx06FCZ] figure_2.jpg -> classified as: Architecture Diagram
[H4FSx06FCZ] figure_11.jpg -> classified as: Qualitative Examples
[H4FSx06FCZ] figure_7.jpg -> classified as: Qualitative Examples
[H4FSx06FCZ] figure_3.jpg -> classified as: Architecture Diagram
[H4FSx06FCZ] figure_4.jpg -> classified as: Qualitative Examples
[H4FSx06FCZ] figure_1.jpg -> classified as: Architecture Diagram
[H4FSx06FCZ] figure_8.jpg -> classified as: Qualitative Examples
[H4FSx06FCZ] figure_12.jpg -> classified as: Qualitative Examples
[H4FSx06FCZ] figure_14.jpg -> classified as: Qualitative Examples
[H4FSx06FCZ] figure_10.jpg -> classified as: Qualitative Examples
[H4yQefeXhp] figure_5.jpg -> classified as: Qualitative Examples
[H4yQefeXhp] figure_6.jpg -> classified as: Qualitative Examples
[H4yQefeXhp] figure_9.jpg -> classified as: Qualitative Examples
[H4yQefeXhp] figure_2.jpg -> classified as: Qualitative Examples
[H4yQefeXhp] figure_7.jpg -> classified as: Qualitative Examples
[H4yQefeXhp] figure_3.jpg -> classified as: Architecture Diagram
[H4yQefeXhp] figure_4.jpg -> classified as: Qualitative Examples
[H4yQefeXhp] figure_1.jpg -> classified as: Qualitative Examples
[H4yQefeXhp] figure_8.jpg -> classified as: Qualitative Examples
[H4zAFFyoXK] figure_5.jpg -> classified as: Qualitative Examples
[H4zAFFyoXK] figure_6.jpg -> classified as: Qualitative Examples
[H4zAFFyoXK] figure_2.jpg -> classified as: Architecture Diagram
[H4zAFFyoXK] figure_7.jpg -> classified as: Qualitative Examples
[H4zAFFyoXK] figure_3.jpg -> classified as: Plots / Charts
[H4zAFFyoXK] figure_4.jpg -> classified as: Plots / Charts
[H4zAFFyoXK] figure_1.jpg -> classified as: Plots / Charts
[H56qXKaNpF] figure_5.jpg -> classified as: Plots / Charts
[H56qXKaNpF] figure_6.jpg -> classified as: Qualitative Examples
[H56qXKaNpF] figure_9.jpg -> classified as: Qualitative Examples
[H56qXKaNpF] figure_2.jpg -> classified as: Plots / Charts
[H56qXKaNpF] figure_7.jpg -> classified as: Qualitative Examples
[H56qXKaNpF] figure_3.jpg -> classified as: Qualitative Examples
[H56qXKaNpF] figure_1.jpg -> classified as: Architecture Diagram
[H56qXKaNpF] figure_8.jpg -> classified as: Qualitative Examples
[H56qXKaNpF] figure_10.jpg -> classified as: Qualitative Examples
[H9UnNgdq0g] figure_5.jpg -> classified as: Qualitative Examples
[H9UnNgdq0g] figure_6.jpg -> classified as: Plots / Charts
[H9UnNgdq0g] figure_9.jpg -> classified as: Qualitative Examples
[H9UnNgdq0g] figure_2.jpg -> classified as: Qualitative Examples
[H9UnNgdq0g] figure_7.jpg -> classified as: Qualitative Examples
[H9UnNgdq0g] figure_3.jpg -> classified as: Qualitative Examples
[H9UnNgdq0g] figure_4.jpg -> classified as: Plots / Charts
[H9UnNgdq0g] figure_1.jpg -> classified as: Qualitative Examples
[H9UnNgdq0g] figure_8.jpg -> classified as: Plots / Charts
[HA0oLUvuGI] figure_5.jpg -> classified as: Plots / Charts
[HA0oLUvuGI] figure_6.jpg -> classified as: Plots / Charts
[HA0oLUvuGI] figure_9.jpg -> classified as: Qualitative Examples
[HA0oLUvuGI] figure_2.jpg -> classified as: Plots / Charts
[HA0oLUvuGI] figure_11.jpg -> classified as: Plots / Charts
[HA0oLUvuGI] figure_7.jpg -> classified as: Plots / Charts
[HA0oLUvuGI] figure_3.jpg -> classified as: Plots / Charts
[HA0oLUvuGI] figure_4.jpg -> classified as: Plots / Charts
[HA0oLUvuGI] figure_1.jpg -> classified as: Plots / Charts
[HA0oLUvuGI] figure_8.jpg -> classified as: Plots / Charts
[HA0oLUvuGI] figure_10.jpg -> classified as: Plots / Charts
[HAD6iZxKuh] figure_5.jpg -> classified as: Plots / Charts
[HAD6iZxKuh] figure_6.jpg -> classified as: Qualitative Examples
[HAD6iZxKuh] figure_9.jpg -> classified as: Qualitative Examples
[HAD6iZxKuh] figure_13.jpg -> classified as: Qualitative Examples
[HAD6iZxKuh] figure_2.jpg -> classified as: Architecture Diagram
[HAD6iZxKuh] figure_11.jpg -> classified as: Qualitative Examples
[HAD6iZxKuh] figure_7.jpg -> classified as: Qualitative Examples
[HAD6iZxKuh] figure_3.jpg -> classified as: Architecture Diagram
[HAD6iZxKuh] figure_4.jpg -> classified as: Architecture Diagram
[HAD6iZxKuh] figure_1.jpg -> classified as: Plots / Charts
[HAD6iZxKuh] figure_8.jpg -> classified as: Plots / Charts
[HAD6iZxKuh] figure_12.jpg -> classified as: Qualitative Examples
[HAD6iZxKuh] figure_10.jpg -> classified as: Qualitative Examples
[HAJzPND6Xt] figure_5.jpg -> classified as: Qualitative Examples
[HAJzPND6Xt] figure_6.jpg -> classified as: Plots / Charts
[HAJzPND6Xt] figure_2.jpg -> classified as: Plots / Charts
[HAJzPND6Xt] figure_3.jpg -> classified as: Architecture Diagram
[HAJzPND6Xt] figure_4.jpg -> classified as: Qualitative Examples
[HAJzPND6Xt] figure_1.jpg -> classified as: Qualitative Examples
[HBEjrlu7Aa] figure_5.jpg -> classified as: Qualitative Examples
[HBEjrlu7Aa] figure_6.jpg -> classified as: Qualitative Examples
[HBEjrlu7Aa] figure_2.jpg -> classified as: Architecture Diagram
[HBEjrlu7Aa] figure_7.jpg -> classified as: Qualitative Examples
[HBEjrlu7Aa] figure_3.jpg -> classified as: Qualitative Examples
[HBEjrlu7Aa] figure_4.jpg -> classified as: Qualitative Examples
[HBEjrlu7Aa] figure_1.jpg -> classified as: Other
  -> Skipping second pass (Other)
[HBEjrlu7Aa] figure_8.jpg -> classified as: Qualitative Examples
[HBFzStNrS9] figure_2.jpg -> classified as: Plots / Charts
[HBFzStNrS9] figure_3.jpg -> classified as: Architecture Diagram
[HBFzStNrS9] figure_4.jpg -> classified as: Plots / Charts
[HBFzStNrS9] figure_1.jpg -> classified as: Architecture Diagram
[HBbbhAZuia] figure_5.jpg -> classified as: Plots / Charts
[HBbbhAZuia] figure_6.jpg -> classified as: Plots / Charts
[HBbbhAZuia] figure_9.jpg -> classified as: Qualitative Examples
[HBbbhAZuia] figure_13.jpg -> classified as: Plots / Charts
[HBbbhAZuia] figure_15.jpg -> classified as: Plots / Charts
[HBbbhAZuia] figure_2.jpg -> classified as: Architecture Diagram
[HBbbhAZuia] figure_11.jpg -> classified as: Plots / Charts
[HBbbhAZuia] figure_7.jpg -> classified as: Plots / Charts
[HBbbhAZuia] figure_3.jpg -> classified as: Architecture Diagram
[HBbbhAZuia] figure_4.jpg -> classified as: Plots / Charts
[HBbbhAZuia] figure_17.jpg -> classified as: Plots / Charts
[HBbbhAZuia] figure_1.jpg -> classified as: Qualitative Examples
[HBbbhAZuia] figure_8.jpg -> classified as: Architecture Diagram
[HBbbhAZuia] figure_12.jpg -> classified as: Plots / Charts
[HBbbhAZuia] figure_14.jpg -> classified as: Plots / Charts
[HBbbhAZuia] figure_16.jpg -> classified as: Plots / Charts
[HBbbhAZuia] figure_10.jpg -> classified as: Plots / Charts
[HCUksccuFx] figure_5.jpg -> classified as: Qualitative Examples
[HCUksccuFx] figure_2.jpg -> classified as: Architecture Diagram
[HCUksccuFx] figure_3.jpg -> classified as: Other
  -> Skipping second pass (Other)
[HCUksccuFx] figure_4.jpg -> classified as: Qualitative Examples
[HCUksccuFx] figure_1.jpg -> classified as: Qualitative Examples
[HEXtydywnE] figure_5.jpg -> classified as: Plots / Charts
[HEXtydywnE] figure_9.jpg -> classified as: Qualitative Examples
[HEXtydywnE] figure_13.jpg -> classified as: Qualitative Examples
[HEXtydywnE] figure_2.jpg -> classified as: Architecture Diagram
[HEXtydywnE] figure_11.jpg -> classified as: Qualitative Examples
[HEXtydywnE] figure_7.jpg -> classified as: Plots / Charts
[HEXtydywnE] figure_3.jpg -> classified as: Qualitative Examples
[HEXtydywnE] figure_(b)_MUGEN_model.jpg -> classified as: Architecture Diagram
[HEXtydywnE] figure_1.jpg -> classified as: Architecture Diagram
[HEXtydywnE] figure_8.jpg -> classified as: Plots / Charts
[HEXtydywnE] figure_12.jpg -> classified as: Plots / Charts
[HEi70bBquo] figure_30.jpg -> classified as: Plots / Charts
[HEi70bBquo] figure_19.jpg -> classified as: Qualitative Examples
[HEi70bBquo] figure_23.jpg -> classified as: Qualitative Examples
[HEi70bBquo] figure_29.jpg -> classified as: Plots / Charts
[HEi70bBquo] figure_24.jpg -> classified as: Qualitative Examples
[HEi70bBquo] figure_5.jpg -> classified as: Qualitative Examples
[HEi70bBquo] figure_9.jpg -> classified as: Plots / Charts
[HEi70bBquo] figure_22.jpg -> classified as: Qualitative Examples
[HEi70bBquo] figure_28.jpg -> classified as: Plots / Charts
[HEi70bBquo] figure_18.jpg -> classified as: Qualitative Examples
[HEi70bBquo] figure_13.jpg -> classified as: Qualitative Examples
[HEi70bBquo] figure_15.jpg -> classified as: Qualitative Examples
[HEi70bBquo] figure_2.jpg -> classified as: Plots / Charts
[HEi70bBquo] figure_20.jpg -> classified as: Qualitative Examples
[HEi70bBquo] figure_11.jpg -> classified as: Plots / Charts
[HEi70bBquo] figure_7.jpg -> classified as: Plots / Charts
[HEi70bBquo] figure_3.jpg -> classified as: Plots / Charts
[HEi70bBquo] figure_33.jpg -> classified as: Plots / Charts
[HEi70bBquo] figure_4.jpg -> classified as: Plots / Charts
[HEi70bBquo] figure_31.jpg -> classified as: Plots / Charts
[HEi70bBquo] figure_17.jpg -> classified as: Qualitative Examples
[HEi70bBquo] figure_1.jpg -> classified as: Qualitative Examples
[HEi70bBquo] figure_27.jpg -> classified as: Plots / Charts
[HEi70bBquo] figure_8.jpg -> classified as: Qualitative Examples
[HEi70bBquo] figure_12.jpg -> classified as: Qualitative Examples
[HEi70bBquo] figure_25.jpg -> classified as: Qualitative Examples
[HEi70bBquo] figure_21.jpg -> classified as: Qualitative Examples
[HEi70bBquo] figure_26.jpg -> classified as: Qualitative Examples
[HEi70bBquo] figure_14.jpg -> classified as: Qualitative Examples
[HEi70bBquo] figure_32.jpg -> classified as: Plots / Charts
[HEi70bBquo] figure_16.jpg -> classified as: Qualitative Examples
[HEi70bBquo] figure_10.jpg -> classified as: Qualitative Examples
[HJVe0NH4qq] figure_5.jpg -> classified as: Qualitative Examples
[HJVe0NH4qq] figure_6.jpg -> classified as: Qualitative Examples
[HJVe0NH4qq] figure_2.jpg -> classified as: Architecture Diagram
[HJVe0NH4qq] figure_3.jpg -> classified as: Qualitative Examples
[HJVe0NH4qq] figure_4.jpg -> classified as: Plots / Charts
[HJVe0NH4qq] figure_1.jpg -> classified as: Architecture Diagram
[HKGQDDTuvZ] figure_5.jpg -> classified as: Plots / Charts
[HKGQDDTuvZ] figure_6.jpg -> classified as: Plots / Charts
[HKGQDDTuvZ] figure_9.jpg -> classified as: Qualitative Examples
[HKGQDDTuvZ] figure_13.jpg -> classified as: Qualitative Examples
[HKGQDDTuvZ] figure_2.jpg -> classified as: Architecture Diagram
[HKGQDDTuvZ] figure_11.jpg -> classified as: Plots / Charts
[HKGQDDTuvZ] figure_7.jpg -> classified as: Architecture Diagram
[HKGQDDTuvZ] figure_3.jpg -> classified as: Architecture Diagram
[HKGQDDTuvZ] figure_4.jpg -> classified as: Plots / Charts
[HKGQDDTuvZ] figure_1.jpg -> classified as: Plots / Charts
[HKGQDDTuvZ] figure_8.jpg -> classified as: Architecture Diagram
[HKGQDDTuvZ] figure_12.jpg -> classified as: Qualitative Examples
[HKGQDDTuvZ] figure_10.jpg -> classified as: Plots / Charts
[HMVDiaWMwM] figure_6.jpg -> classified as: Qualitative Examples
[HMVDiaWMwM] figure_9.jpg -> classified as: Plots / Charts
[HMVDiaWMwM] figure_2.jpg -> classified as: Qualitative Examples
[HMVDiaWMwM] figure_11.jpg -> classified as: Plots / Charts
[HMVDiaWMwM] figure_7.jpg -> classified as: Qualitative Examples
[HMVDiaWMwM] figure_3.jpg -> classified as: Plots / Charts
[HMVDiaWMwM] figure_4.jpg -> classified as: Plots / Charts
[HMVDiaWMwM] figure_12.jpg -> classified as: Qualitative Examples
[HMVDiaWMwM] figure_steampunk_atmosphere,_a.jpg -> classified as: Qualitative Examples
[HMVDiaWMwM] figure_10.jpg -> classified as: Plots / Charts
[HMrcv7Q4Ub] figure_5.jpg -> classified as: Plots / Charts
[HMrcv7Q4Ub] figure_6.jpg -> classified as: Plots / Charts
[HMrcv7Q4Ub] figure_9.jpg -> classified as: Plots / Charts
[HMrcv7Q4Ub] figure_2.jpg -> classified as: Plots / Charts
[HMrcv7Q4Ub] figure_11.jpg -> classified as: Plots / Charts
[HMrcv7Q4Ub] figure_7.jpg -> classified as: Qualitative Examples
[HMrcv7Q4Ub] figure_3.jpg -> classified as: Plots / Charts
[HMrcv7Q4Ub] figure_4.jpg -> classified as: Architecture Diagram
[HMrcv7Q4Ub] figure_9_1.jpg -> classified as: Plots / Charts
[HMrcv7Q4Ub] figure_1.jpg -> classified as: Plots / Charts
[HMrcv7Q4Ub] figure_8.jpg -> classified as: Plots / Charts
[HMrcv7Q4Ub] figure_10.jpg -> classified as: Plots / Charts
[HN8V0flwJF] figure_19.jpg -> classified as: Qualitative Examples
[HN8V0flwJF] figure_6.jpg -> classified as: Qualitative Examples
[HN8V0flwJF] figure_User__Describe_how.jpg -> classified as: Qualitative Examples
[HN8V0flwJF] figure_18.jpg -> classified as: Qualitative Examples
[HN8V0flwJF] figure_13.jpg -> classified as: Plots / Charts
[HN8V0flwJF] figure_15.jpg -> classified as: Qualitative Examples
[HN8V0flwJF] figure_2.jpg -> classified as: Plots / Charts
[HN8V0flwJF] figure_20.jpg -> classified as: Qualitative Examples
[HN8V0flwJF] figure_11.jpg -> classified as: Plots / Charts
[HN8V0flwJF] figure_7.jpg -> classified as: Qualitative Examples
[HN8V0flwJF] figure_3.jpg -> classified as: Architecture Diagram
[HN8V0flwJF] figure_4.jpg -> classified as: Qualitative Examples
[HN8V0flwJF] figure_LWM-Text_Training_MFU.jpg -> classified as: Plots / Charts
[HN8V0flwJF] figure_17.jpg -> classified as: Qualitative Examples
[HN8V0flwJF] figure_1.jpg -> classified as: Plots / Charts
[HN8V0flwJF] figure_8.jpg -> classified as: Plots / Charts
[HN8V0flwJF] figure_12.jpg -> classified as: Plots / Charts
[HN8V0flwJF] figure_16.jpg -> classified as: Qualitative Examples
[HN8V0flwJF] figure_10.jpg -> classified as: Plots / Charts
[HN8V0flwJF] figure_User__If_you.jpg -> classified as: Other
  -> Skipping second pass (Other)
[HNOo4UNPBF] figure_5.jpg -> classified as: Plots / Charts
[HNOo4UNPBF] figure_6.jpg -> classified as: Plots / Charts
[HNOo4UNPBF] figure_7.jpg -> classified as: Plots / Charts
[HNOo4UNPBF] figure_3.jpg -> classified as: Plots / Charts
[HNOo4UNPBF] figure_4.jpg -> classified as: Plots / Charts
[HNOo4UNPBF] figure_1.jpg -> classified as: Architecture Diagram
[HTH3HnJeRC] figure_5.jpg -> classified as: Plots / Charts
[HTH3HnJeRC] figure_6.jpg -> classified as: Plots / Charts
[HTH3HnJeRC] figure_2.jpg -> classified as: Plots / Charts
[HTH3HnJeRC] figure_3.jpg -> classified as: Architecture Diagram
[HTH3HnJeRC] figure_4.jpg -> classified as: Plots / Charts
[HTH3HnJeRC] figure_1.jpg -> classified as: Architecture Diagram
[HTjJpwY5AU] figure_5.jpg -> classified as: Qualitative Examples
[HTjJpwY5AU] figure_6.jpg -> classified as: Qualitative Examples
[HTjJpwY5AU] figure_2.jpg -> classified as: Architecture Diagram
[HTjJpwY5AU] figure_3.jpg -> classified as: Plots / Charts
[HTjJpwY5AU] figure_4.jpg -> classified as: Plots / Charts
[HTjJpwY5AU] figure_1.jpg -> classified as: Architecture Diagram
[HTpyexVwlI] figure_5.jpg -> classified as: Plots / Charts
[HTpyexVwlI] figure_6.jpg -> classified as: Plots / Charts
[HTpyexVwlI] figure_2.jpg -> classified as: Qualitative Examples
[HTpyexVwlI] figure_3.jpg -> classified as: Qualitative Examples
[HTpyexVwlI] figure_4.jpg -> classified as: Plots / Charts
[HTpyexVwlI] figure_1.jpg -> classified as: Architecture Diagram
[HTpyexVwlI] figure_8.jpg -> classified as: Plots / Charts
[HUjFpOgVCK] figure_1.jpg -> classified as: Qualitative Examples
[HVJBFYJrN2] figure_5.jpg -> classified as: Architecture Diagram
[HVJBFYJrN2] figure_6.jpg -> classified as: Plots / Charts
[HVJBFYJrN2] figure_2.jpg -> classified as: Architecture Diagram
[HVJBFYJrN2] figure_7.jpg -> classified as: Plots / Charts
[HVJBFYJrN2] figure_3.jpg -> classified as: Plots / Charts
[HVJBFYJrN2] figure_4.jpg -> classified as: Plots / Charts
[HVJBFYJrN2] figure_1.jpg -> classified as: Plots / Charts
[HW2lIdrvPb] figure_5.jpg -> classified as: Plots / Charts
[HW2lIdrvPb] figure_6.jpg -> classified as: Plots / Charts
[HW2lIdrvPb] figure_2.jpg -> classified as: Qualitative Examples
[HW2lIdrvPb] figure_3.jpg -> classified as: Plots / Charts
[HW2lIdrvPb] figure_4.jpg -> classified as: Plots / Charts
[HW2lIdrvPb] figure_1.jpg -> classified as: Architecture Diagram
[HXWTXXtHNl] figure_19.jpg -> classified as: Qualitative Examples
[HXWTXXtHNl] figure_5.jpg -> classified as: Qualitative Examples
[HXWTXXtHNl] figure_6.jpg -> classified as: Plots / Charts
[HXWTXXtHNl] figure_9.jpg -> classified as: Plots / Charts
[HXWTXXtHNl] figure_22.jpg -> classified as: Qualitative Examples
[HXWTXXtHNl] figure_18.jpg -> classified as: Qualitative Examples
[HXWTXXtHNl] figure_13.jpg -> classified as: Plots / Charts
[HXWTXXtHNl] figure_15.jpg -> classified as: Plots / Charts
[HXWTXXtHNl] figure_2.jpg -> classified as: Plots / Charts
[HXWTXXtHNl] figure_20.jpg -> classified as: Qualitative Examples
[HXWTXXtHNl] figure_11.jpg -> classified as: Plots / Charts
[HXWTXXtHNl] figure_7.jpg -> classified as: Plots / Charts
[HXWTXXtHNl] figure_3.jpg -> classified as: Architecture Diagram
[HXWTXXtHNl] figure_4.jpg -> classified as: Qualitative Examples
[HXWTXXtHNl] figure_17.jpg -> classified as: Qualitative Examples
[HXWTXXtHNl] figure_1.jpg -> classified as: Qualitative Examples
[HXWTXXtHNl] figure_8.jpg -> classified as: Qualitative Examples
[HXWTXXtHNl] figure_12.jpg -> classified as: Plots / Charts
[HXWTXXtHNl] figure_21.jpg -> classified as: Qualitative Examples
[HXWTXXtHNl] figure_14.jpg -> classified as: Plots / Charts
[HXWTXXtHNl] figure_16.jpg -> classified as: Qualitative Examples
[HXWTXXtHNl] figure_10.jpg -> classified as: Plots / Charts
[HXZK1Z8tHa] figure_5.jpg -> classified as: Plots / Charts
[HXZK1Z8tHa] figure_6.jpg -> classified as: Plots / Charts
[HXZK1Z8tHa] figure_9.jpg -> classified as: Qualitative Examples
[HXZK1Z8tHa] figure_group_3,_layer.jpg -> classified as: Plots / Charts
[HXZK1Z8tHa] figure_2.jpg -> classified as: Architecture Diagram
[HXZK1Z8tHa] figure_11.jpg -> classified as: Qualitative Examples
[HXZK1Z8tHa] figure_7.jpg -> classified as: Qualitative Examples
[HXZK1Z8tHa] figure_3.jpg -> classified as: Architecture Diagram
[HXZK1Z8tHa] figure_4.jpg -> classified as: Plots / Charts
[HXZK1Z8tHa] figure_1.jpg -> classified as: Plots / Charts
[HXZK1Z8tHa] figure_8.jpg -> classified as: Qualitative Examples
[HXZK1Z8tHa] figure_12.jpg -> classified as: Qualitative Examples
[HXZK1Z8tHa] figure_10.jpg -> classified as: Qualitative Examples
[HXc5aXeoc8] figure_30.jpg -> classified as: Qualitative Examples
[HXc5aXeoc8] figure_19.jpg -> classified as: Plots / Charts
[HXc5aXeoc8] figure_23.jpg -> classified as: Qualitative Examples
[HXc5aXeoc8] figure_29.jpg -> classified as: Qualitative Examples
[HXc5aXeoc8] figure_24.jpg -> classified as: Qualitative Examples
[HXc5aXeoc8] figure_5.jpg -> classified as: Qualitative Examples
[HXc5aXeoc8] figure_6.jpg -> classified as: Plots / Charts
[HXc5aXeoc8] figure_39.jpg -> classified as: Plots / Charts
[HXc5aXeoc8] figure_22.jpg -> classified as: Plots / Charts
[HXc5aXeoc8] figure_28.jpg -> classified as: Plots / Charts
[HXc5aXeoc8] figure_18.jpg -> classified as: Qualitative Examples
[HXc5aXeoc8] figure_13.jpg -> classified as: Qualitative Examples
[HXc5aXeoc8] figure_15.jpg -> classified as: Plots / Charts
[HXc5aXeoc8] figure_2.jpg -> classified as: Plots / Charts
[HXc5aXeoc8] figure_38.jpg -> classified as: Plots / Charts
[HXc5aXeoc8] figure_20.jpg -> classified as: Plots / Charts
[HXc5aXeoc8] figure_35.jpg -> classified as: Plots / Charts
[HXc5aXeoc8] figure_7.jpg -> classified as: Plots / Charts
[HXc5aXeoc8] figure_34.jpg -> classified as: Plots / Charts
[HXc5aXeoc8] figure_3.jpg -> classified as: Qualitative Examples
[HXc5aXeoc8] figure_33.jpg -> classified as: Plots / Charts
[HXc5aXeoc8] figure_4.jpg -> classified as: Plots / Charts
[HXc5aXeoc8] figure_36.jpg -> classified as: Plots / Charts
[HXc5aXeoc8] figure_31.jpg -> classified as: Plots / Charts
[HXc5aXeoc8] figure_17.jpg -> classified as: Qualitative Examples
[HXc5aXeoc8] figure_1.jpg -> classified as: Qualitative Examples
[HXc5aXeoc8] figure_27.jpg -> classified as: Qualitative Examples
[HXc5aXeoc8] figure_37.jpg -> classified as: Plots / Charts
[HXc5aXeoc8] figure_8.jpg -> classified as: Plots / Charts
[HXc5aXeoc8] figure_12.jpg -> classified as: Plots / Charts
[HXc5aXeoc8] figure_25.jpg -> classified as: Qualitative Examples
[HXc5aXeoc8] figure_21.jpg -> classified as: Plots / Charts
[HXc5aXeoc8] figure_26.jpg -> classified as: Plots / Charts
[HXc5aXeoc8] figure_14.jpg -> classified as: Plots / Charts
[HXc5aXeoc8] figure_32.jpg -> classified as: Qualitative Examples
[HXc5aXeoc8] figure_16.jpg -> classified as: Qualitative Examples
[HXc5aXeoc8] figure_10.jpg -> classified as: Plots / Charts
[HXoq9EqR9e] figure_5.jpg -> classified as: Plots / Charts
[HXoq9EqR9e] figure_6.jpg -> classified as: Plots / Charts
[HXoq9EqR9e] figure_2.jpg -> classified as: Architecture Diagram
[HXoq9EqR9e] figure_7.jpg -> classified as: Plots / Charts
[HXoq9EqR9e] figure_3.jpg -> classified as: Architecture Diagram
[HXoq9EqR9e] figure_4.jpg -> classified as: Architecture Diagram
[HXoq9EqR9e] figure_1.jpg -> classified as: Architecture Diagram
[HZtBP6DZah] figure_5.jpg -> classified as: Qualitative Examples
[HZtBP6DZah] figure_2.jpg -> classified as: Architecture Diagram
[HZtBP6DZah] figure_3.jpg -> classified as: Qualitative Examples
[HZtBP6DZah] figure_4.jpg -> classified as: Plots / Charts
[HZtBP6DZah] figure_1.jpg -> classified as: Qualitative Examples
[HZxJfzs3w6] figure_10_2.jpg -> classified as: Plots / Charts
[HZxJfzs3w6] figure_5.jpg -> classified as: Plots / Charts
[HZxJfzs3w6] figure_6.jpg -> classified as: Qualitative Examples
[HZxJfzs3w6] figure_9.jpg -> classified as: Qualitative Examples
[HZxJfzs3w6] figure_10_1.jpg -> classified as: Qualitative Examples
[HZxJfzs3w6] figure_13.jpg -> classified as: Qualitative Examples
[HZxJfzs3w6] figure_2.jpg -> classified as: Qualitative Examples
[HZxJfzs3w6] figure_11.jpg -> classified as: Qualitative Examples
[HZxJfzs3w6] figure_7.jpg -> classified as: Plots / Charts
[HZxJfzs3w6] figure_3.jpg -> classified as: Plots / Charts
[HZxJfzs3w6] figure_9_1.jpg -> classified as: Qualitative Examples
[HZxJfzs3w6] figure_1.jpg -> classified as: Architecture Diagram
[HZxJfzs3w6] figure_9_2.jpg -> classified as: Qualitative Examples
[HZxJfzs3w6] figure_8.jpg -> classified as: Plots / Charts
[HZxJfzs3w6] figure_12.jpg -> classified as: Plots / Charts
[HZxJfzs3w6] figure_10.jpg -> classified as: Qualitative Examples
[Ha6RTeWMd0] figure_5.jpg -> classified as: Plots / Charts
[Ha6RTeWMd0] figure_6.jpg -> classified as: Plots / Charts
[Ha6RTeWMd0] figure_9.jpg -> classified as: Qualitative Examples
[Ha6RTeWMd0] figure_18.jpg -> classified as: Qualitative Examples
[Ha6RTeWMd0] figure_13.jpg -> classified as: Plots / Charts
[Ha6RTeWMd0] figure_15.jpg -> classified as: Plots / Charts
[Ha6RTeWMd0] figure_2.jpg -> classified as: Qualitative Examples
[Ha6RTeWMd0] figure_11.jpg -> classified as: Qualitative Examples
[Ha6RTeWMd0] figure_7.jpg -> classified as: Architecture Diagram
[Ha6RTeWMd0] figure_3.jpg -> classified as: Architecture Diagram
[Ha6RTeWMd0] figure_4.jpg -> classified as: Qualitative Examples
[Ha6RTeWMd0] figure_17.jpg -> classified as: Qualitative Examples
[Ha6RTeWMd0] figure_1.jpg -> classified as: Architecture Diagram
[Ha6RTeWMd0] figure_8.jpg -> classified as: Architecture Diagram
[Ha6RTeWMd0] figure_12.jpg -> classified as: Qualitative Examples
[Ha6RTeWMd0] figure_14.jpg -> classified as: Plots / Charts
[Ha6RTeWMd0] figure_16.jpg -> classified as: Plots / Charts
[Ha6RTeWMd0] figure_10.jpg -> classified as: Plots / Charts
[HadkNCPhfU] figure_5.jpg -> classified as: Plots / Charts
[HadkNCPhfU] figure_6.jpg -> classified as: Plots / Charts
[HadkNCPhfU] figure_9.jpg -> classified as: Plots / Charts
[HadkNCPhfU] figure_2.jpg -> classified as: Architecture Diagram
[HadkNCPhfU] figure_7.jpg -> classified as: Architecture Diagram
[HadkNCPhfU] figure_3.jpg -> classified as: Qualitative Examples
[HadkNCPhfU] figure_4.jpg -> classified as: Plots / Charts
[HadkNCPhfU] figure_(a)_t-SNE_visualization.jpg -> classified as: Plots / Charts
[HadkNCPhfU] figure_1.jpg -> classified as: Architecture Diagram
[HadkNCPhfU] figure_8.jpg -> classified as: Architecture Diagram
[HadkNCPhfU] figure_10.jpg -> classified as: Plots / Charts
[HbZrxBXzks] figure_5.jpg -> classified as: Qualitative Examples
[HbZrxBXzks] figure_6.jpg -> classified as: Plots / Charts
[HbZrxBXzks] figure_9.jpg -> classified as: Plots / Charts
[HbZrxBXzks] figure_2.jpg -> classified as: Plots / Charts
[HbZrxBXzks] figure_7.jpg -> classified as: Plots / Charts
[HbZrxBXzks] figure_3.jpg -> classified as: Plots / Charts
[HbZrxBXzks] figure_4.jpg -> classified as: Qualitative Examples
[HbZrxBXzks] figure_1.jpg -> classified as: Architecture Diagram
[HbZrxBXzks] figure_8.jpg -> classified as: Plots / Charts
[HbZrxBXzks] figure_10.jpg -> classified as: Plots / Charts
[HdAoLSBYXj] figure_2.jpg -> classified as: Plots / Charts
[HdAoLSBYXj] figure_3.jpg -> classified as: Plots / Charts
[HdAoLSBYXj] figure_4.jpg -> classified as: Plots / Charts
[HdUkF1Qk7g] figure_5.jpg -> classified as: Plots / Charts
[HdUkF1Qk7g] figure_6.jpg -> classified as: Plots / Charts
[HdUkF1Qk7g] figure_9.jpg -> classified as: Plots / Charts
[HdUkF1Qk7g] figure_13.jpg -> classified as: Plots / Charts
[HdUkF1Qk7g] figure_15.jpg -> classified as: Plots / Charts
[HdUkF1Qk7g] figure_2.jpg -> classified as: Architecture Diagram
[HdUkF1Qk7g] figure_11.jpg -> classified as: Plots / Charts
[HdUkF1Qk7g] figure_7.jpg -> classified as: Plots / Charts
[HdUkF1Qk7g] figure_3.jpg -> classified as: Plots / Charts
[HdUkF1Qk7g] figure_4.jpg -> classified as: Plots / Charts
[HdUkF1Qk7g] figure_1.jpg -> classified as: Plots / Charts
[HdUkF1Qk7g] figure_8.jpg -> classified as: Plots / Charts
[HdUkF1Qk7g] figure_12.jpg -> classified as: Plots / Charts
[HdUkF1Qk7g] figure_14.jpg -> classified as: Plots / Charts
[HdUkF1Qk7g] figure_10.jpg -> classified as: Plots / Charts
[He2FGdmsas] figure_6.jpg -> classified as: Plots / Charts
[He2FGdmsas] figure_9.jpg -> classified as: Qualitative Examples
[He2FGdmsas] figure_13.jpg -> classified as: Qualitative Examples
[He2FGdmsas] figure_15.jpg -> classified as: Plots / Charts
[He2FGdmsas] figure_2.jpg -> classified as: Architecture Diagram
[He2FGdmsas] figure_11.jpg -> classified as: Plots / Charts
[He2FGdmsas] figure_7.jpg -> classified as: Plots / Charts
[He2FGdmsas] figure_3.jpg -> classified as: Plots / Charts
[He2FGdmsas] figure_4.jpg -> classified as: Plots / Charts
[He2FGdmsas] figure_1.jpg -> classified as: Architecture Diagram
[He2FGdmsas] figure_8.jpg -> classified as: Plots / Charts
[He2FGdmsas] figure_12.jpg -> classified as: Qualitative Examples
[He2FGdmsas] figure_(a)_ES-Studio_Diverse..jpg -> classified as: Architecture Diagram
[He2FGdmsas] figure_14.jpg -> classified as: Architecture Diagram
[He2FGdmsas] figure_16.jpg -> classified as: Qualitative Examples
[He2FGdmsas] figure_10.jpg -> classified as: Qualitative Examples
[HfJxXbXlYJ] figure_2.jpg -> classified as: Qualitative Examples
[HfJxXbXlYJ] figure_1.jpg -> classified as: Other
  -> Skipping second pass (Other)
[HgZUcwFhjr] figure_5.jpg -> classified as: Plots / Charts
[HgZUcwFhjr] figure_6.jpg -> classified as: Plots / Charts
[HgZUcwFhjr] figure_2.jpg -> classified as: Qualitative Examples
[HgZUcwFhjr] figure_7.jpg -> classified as: Other
  -> Skipping second pass (Other)
[HgZUcwFhjr] figure_3.jpg -> classified as: Architecture Diagram
[HgZUcwFhjr] figure_4.jpg -> classified as: Qualitative Examples
[HgZUcwFhjr] figure_1.jpg -> classified as: Qualitative Examples
[HgZUcwFhjr] figure_8.jpg -> classified as: Qualitative Examples
[HhP9bgCugr] figure_5.jpg -> classified as: Plots / Charts
[HhP9bgCugr] figure_6.jpg -> classified as: Plots / Charts
[HhP9bgCugr] figure_2.jpg -> classified as: Plots / Charts
[HhP9bgCugr] figure_3.jpg -> classified as: Architecture Diagram
[HhP9bgCugr] figure_4.jpg -> classified as: Plots / Charts
[HhP9bgCugr] figure_1.jpg -> classified as: Plots / Charts
[HhfcNgQn6p] figure_5.jpg -> classified as: Plots / Charts
[HhfcNgQn6p] figure_6.jpg -> classified as: Plots / Charts
[HhfcNgQn6p] figure_9.jpg -> classified as: Plots / Charts
[HhfcNgQn6p] figure_2.jpg -> classified as: Plots / Charts
[HhfcNgQn6p] figure_7.jpg -> classified as: Plots / Charts
[HhfcNgQn6p] figure_3.jpg -> classified as: Qualitative Examples
[HhfcNgQn6p] figure_4.jpg -> classified as: Plots / Charts
[HhfcNgQn6p] figure_1.jpg -> classified as: Plots / Charts
[HhfcNgQn6p] figure_8.jpg -> classified as: Plots / Charts
[HiTg16qhxp] figure_5.jpg -> classified as: Plots / Charts
[HiTg16qhxp] figure_2.jpg -> classified as: Plots / Charts
[HiTg16qhxp] figure_3.jpg -> classified as: Plots / Charts
[HiTg16qhxp] figure_4.jpg -> classified as: Plots / Charts
[HiTg16qhxp] figure_1.jpg -> classified as: Plots / Charts
[HjoYVtSkT8] figure_5.jpg -> classified as: Qualitative Examples
[HjoYVtSkT8] figure_6.jpg -> classified as: Qualitative Examples
[HjoYVtSkT8] figure_9.jpg -> classified as: Qualitative Examples
[HjoYVtSkT8] figure_2.jpg -> classified as: Architecture Diagram
[HjoYVtSkT8] figure_7.jpg -> classified as: Other
  -> Skipping second pass (Other)
[HjoYVtSkT8] figure_3.jpg -> classified as: Qualitative Examples
[HjoYVtSkT8] figure_4.jpg -> classified as: Qualitative Examples
[HjoYVtSkT8] figure_1.jpg -> classified as: Plots / Charts
[HjoYVtSkT8] figure_8.jpg -> classified as: Qualitative Examples
[Hlm0cga0sv] figure_5.jpg -> classified as: Qualitative Examples
[Hlm0cga0sv] figure_2.jpg -> classified as: Architecture Diagram
[Hlm0cga0sv] figure_4.jpg -> classified as: Architecture Diagram
[Hlm0cga0sv] figure_1.jpg -> classified as: Qualitative Examples
[HlvruwLQth] figure_5.jpg -> classified as: Plots / Charts
[HlvruwLQth] figure_6.jpg -> classified as: Plots / Charts
[HlvruwLQth] figure_9.jpg -> classified as: Qualitative Examples
[HlvruwLQth] figure_2.jpg -> classified as: Architecture Diagram
[HlvruwLQth] figure_7.jpg -> classified as: Qualitative Examples
[HlvruwLQth] figure_3.jpg -> classified as: Qualitative Examples
[HlvruwLQth] figure_4.jpg -> classified as: Plots / Charts
[HlvruwLQth] figure_1.jpg -> classified as: Qualitative Examples
[HlvruwLQth] figure_8.jpg -> classified as: Qualitative Examples
[HlvruwLQth] figure_10.jpg -> classified as: Qualitative Examples
[Hn5eoTunHN] figure_2.jpg -> classified as: Plots / Charts
[Hn5eoTunHN] figure_3.jpg -> classified as: Plots / Charts
[Hn5eoTunHN] figure_4.jpg -> classified as: Plots / Charts
[Hn5eoTunHN] figure_1.jpg -> classified as: Plots / Charts
[HnVtsfyvap] figure_5.jpg -> classified as: Plots / Charts
[HnVtsfyvap] figure_6.jpg -> classified as: Plots / Charts
[HnVtsfyvap] figure_2.jpg -> classified as: Plots / Charts
[HnVtsfyvap] figure_7.jpg -> classified as: Qualitative Examples
[HnVtsfyvap] figure_3.jpg -> classified as: Plots / Charts
[HnVtsfyvap] figure_4.jpg -> classified as: Plots / Charts
[HnVtsfyvap] figure_1.jpg -> classified as: Architecture Diagram
[HnVtsfyvap] figure_8.jpg -> classified as: Plots / Charts
[HnhNRrLPwm] figure_5.jpg -> classified as: Qualitative Examples
[HnhNRrLPwm] figure_6.jpg -> classified as: Qualitative Examples
[HnhNRrLPwm] figure_9.jpg -> classified as: Other
  -> Skipping second pass (Other)
[HnhNRrLPwm] figure_2.jpg -> classified as: Plots / Charts
[HnhNRrLPwm] figure_11.jpg -> classified as: Plots / Charts
[HnhNRrLPwm] figure_7.jpg -> classified as: Architecture Diagram
[HnhNRrLPwm] figure_3.jpg -> classified as: Architecture Diagram
[HnhNRrLPwm] figure_4.jpg -> classified as: Plots / Charts
[HnhNRrLPwm] figure_1.jpg -> classified as: Other
  -> Skipping second pass (Other)
[HnhNRrLPwm] figure_12.jpg -> classified as: Plots / Charts
[HnhNRrLPwm] figure_14.jpg -> classified as: Qualitative Examples
[HnhNRrLPwm] figure_10.jpg -> classified as: Plots / Charts
[HnpDHiItd2] figure_(b)_Ablation_studies.jpg -> classified as: Plots / Charts
[HnpDHiItd2] figure_(a)_Ablation_studies.jpg -> classified as: Plots / Charts
[HnpDHiItd2] figure_(b)_Ablation_studies_1.jpg -> classified as: Plots / Charts
[HnpDHiItd2] figure_6.jpg -> classified as: Plots / Charts
[HnpDHiItd2] figure_2.jpg -> classified as: Architecture Diagram
[HnpDHiItd2] figure_7.jpg -> classified as: Qualitative Examples
[HnpDHiItd2] figure_3.jpg -> classified as: Architecture Diagram
[HnpDHiItd2] figure_(d)_Ablation_studies.jpg -> classified as: Plots / Charts
[HnpDHiItd2] figure_unnamed_figure.jpg -> classified as: Qualitative Examples
[HnpDHiItd2] figure_1.jpg -> classified as: Architecture Diagram
[HnpDHiItd2] figure_(b)_Accuracy_changes.jpg -> classified as: Plots / Charts
[Hp6f6VKAeP] figure_5.jpg -> classified as: Architecture Diagram
[Hp6f6VKAeP] figure_6.jpg -> classified as: Plots / Charts
[Hp6f6VKAeP] figure_9.jpg -> classified as: Plots / Charts
[Hp6f6VKAeP] figure_13.jpg -> classified as: Architecture Diagram
[Hp6f6VKAeP] figure_2.jpg -> classified as: Architecture Diagram
[Hp6f6VKAeP] figure_11.jpg -> classified as: Plots / Charts
[Hp6f6VKAeP] figure_7.jpg -> classified as: Qualitative Examples
[Hp6f6VKAeP] figure_3.jpg -> classified as: Plots / Charts
[Hp6f6VKAeP] figure_4.jpg -> classified as: Plots / Charts
[Hp6f6VKAeP] figure_1.jpg -> classified as: Architecture Diagram
[Hp6f6VKAeP] figure_8.jpg -> classified as: Plots / Charts
[Hp6f6VKAeP] figure_12.jpg -> classified as: Plots / Charts
[Hp6f6VKAeP] figure_14.jpg -> classified as: Qualitative Examples
[Hp6f6VKAeP] figure_10.jpg -> classified as: Plots / Charts
[Hpu3KIX8Am] figure_6.jpg -> classified as: Plots / Charts
[Hpu3KIX8Am] figure_igure_5__Qualitative.jpg -> classified as: Qualitative Examples
[Hpu3KIX8Am] figure_9.jpg -> classified as: Qualitative Examples
[Hpu3KIX8Am] figure_13.jpg -> classified as: Qualitative Examples
[Hpu3KIX8Am] figure_2.jpg -> classified as: Architecture Diagram
[Hpu3KIX8Am] figure_11.jpg -> classified as: Qualitative Examples
[Hpu3KIX8Am] figure_3.jpg -> classified as: Qualitative Examples
[Hpu3KIX8Am] figure_4.jpg -> classified as: Qualitative Examples
[Hpu3KIX8Am] figure_17.jpg -> classified as: Qualitative Examples
[Hpu3KIX8Am] figure_1.jpg -> classified as: Qualitative Examples
[Hpu3KIX8Am] figure_8.jpg -> classified as: Qualitative Examples
[Hpu3KIX8Am] figure_12.jpg -> classified as: Qualitative Examples
[Hpu3KIX8Am] figure_14.jpg -> classified as: Qualitative Examples
[Hpu3KIX8Am] figure_16.jpg -> classified as: Qualitative Examples
[Hpu3KIX8Am] figure_10.jpg -> classified as: Qualitative Examples
[HqQctXKI7W] figure_5.jpg -> classified as: Plots / Charts
[HqQctXKI7W] figure_6.jpg -> classified as: Qualitative Examples
[HqQctXKI7W] figure_9.jpg -> classified as: Plots / Charts
[HqQctXKI7W] figure_2.jpg -> classified as: Qualitative Examples
[HqQctXKI7W] figure_11.jpg -> classified as: Qualitative Examples
[HqQctXKI7W] figure_7.jpg -> classified as: Qualitative Examples
[HqQctXKI7W] figure_3.jpg -> classified as: Plots / Charts
[HqQctXKI7W] figure_4.jpg -> classified as: Qualitative Examples
[HqQctXKI7W] figure_1.jpg -> classified as: Architecture Diagram
[HqQctXKI7W] figure_8.jpg -> classified as: Plots / Charts
[HqQctXKI7W] figure_12.jpg -> classified as: Qualitative Examples
[HqQctXKI7W] figure_10.jpg -> classified as: Qualitative Examples
[Hu0FSOSEyS] figure_30.jpg -> classified as: Qualitative Examples
[Hu0FSOSEyS] figure_19.jpg -> classified as: Qualitative Examples
[Hu0FSOSEyS] figure_23.jpg -> classified as: Qualitative Examples
[Hu0FSOSEyS] figure_unnamed_figure_1.jpg -> classified as: Qualitative Examples
[Hu0FSOSEyS] figure_29.jpg -> classified as: Qualitative Examples
[Hu0FSOSEyS] figure_24.jpg -> classified as: Qualitative Examples
[Hu0FSOSEyS] figure_5.jpg -> classified as: Qualitative Examples
[Hu0FSOSEyS] figure_6.jpg -> classified as: Qualitative Examples
[Hu0FSOSEyS] figure_9.jpg -> classified as: Qualitative Examples
[Hu0FSOSEyS] figure_Prompt__“a_space.jpg -> classified as: Other
  -> Skipping second pass (Other)
[Hu0FSOSEyS] figure_22.jpg -> classified as: Plots / Charts
[Hu0FSOSEyS] figure_28.jpg -> classified as: Plots / Charts
[Hu0FSOSEyS] figure_18.jpg -> classified as: Qualitative Examples
[Hu0FSOSEyS] figure_13.jpg -> classified as: Plots / Charts
[Hu0FSOSEyS] figure_15.jpg -> classified as: Qualitative Examples
[Hu0FSOSEyS] figure_2.jpg -> classified as: Qualitative Examples
[Hu0FSOSEyS] figure_20.jpg -> classified as: Qualitative Examples
[Hu0FSOSEyS] figure_11.jpg -> classified as: Qualitative Examples
[Hu0FSOSEyS] figure_Prompt__“a_genius.jpg -> classified as: Qualitative Examples
[Hu0FSOSEyS] figure_7.jpg -> classified as: Qualitative Examples
[Hu0FSOSEyS] figure_3.jpg -> classified as: Qualitative Examples
[Hu0FSOSEyS] figure_unnamed_figure.jpg -> classified as: Qualitative Examples
[Hu0FSOSEyS] figure_4.jpg -> classified as: Qualitative Examples
[Hu0FSOSEyS] figure_17.jpg -> classified as: Qualitative Examples
[Hu0FSOSEyS] figure_1.jpg -> classified as: Qualitative Examples
[Hu0FSOSEyS] figure_27.jpg -> classified as: Qualitative Examples
[Hu0FSOSEyS] figure_8.jpg -> classified as: Qualitative Examples
[Hu0FSOSEyS] figure_12.jpg -> classified as: Plots / Charts
[Hu0FSOSEyS] figure_25.jpg -> classified as: Qualitative Examples
[Hu0FSOSEyS] figure_21.jpg -> classified as: Qualitative Examples
[Hu0FSOSEyS] figure_26.jpg -> classified as: Qualitative Examples
[Hu0FSOSEyS] figure_14.jpg -> classified as: Qualitative Examples
[Hu0FSOSEyS] figure_16.jpg -> classified as: Qualitative Examples
[Hu0FSOSEyS] figure_10.jpg -> classified as: Qualitative Examples
[HwwT4HuRSD] figure_2.jpg -> classified as: Architecture Diagram
[HwwT4HuRSD] figure_3.jpg -> classified as: Plots / Charts
[HwwT4HuRSD] figure_4.jpg -> classified as: Plots / Charts
[HwwT4HuRSD] figure_1.jpg -> classified as: Plots / Charts
[HxHrRUHMOD] figure_5.jpg -> classified as: Qualitative Examples
[HxHrRUHMOD] figure_6.jpg -> classified as: Qualitative Examples
[HxHrRUHMOD] figure_9.jpg -> classified as: Qualitative Examples
[HxHrRUHMOD] figure_13.jpg -> classified as: Qualitative Examples
[HxHrRUHMOD] figure_2.jpg -> classified as: Plots / Charts
[HxHrRUHMOD] figure_11.jpg -> classified as: Qualitative Examples
[HxHrRUHMOD] figure_7.jpg -> classified as: Plots / Charts
[HxHrRUHMOD] figure_3.jpg -> classified as: Architecture Diagram
[HxHrRUHMOD] figure_4.jpg -> classified as: Plots / Charts
[HxHrRUHMOD] figure_1.jpg -> classified as: Qualitative Examples
[HxHrRUHMOD] figure_8.jpg -> classified as: Qualitative Examples
[HxHrRUHMOD] figure_12.jpg -> classified as: Plots / Charts
[HxHrRUHMOD] figure_10.jpg -> classified as: Plots / Charts
[HyjIEf90Tn] figure_5.jpg -> classified as: Qualitative Examples
[HyjIEf90Tn] figure_6.jpg -> classified as: Qualitative Examples
[HyjIEf90Tn] figure_(b)_Examples_of.jpg -> classified as: Plots / Charts
[HyjIEf90Tn] figure_7.jpg -> classified as: Qualitative Examples
[HyjIEf90Tn] figure_(a)_Examples_of.jpg -> classified as: Qualitative Examples
[HyjIEf90Tn] figure_(b)_Comparison_of.jpg -> classified as: Qualitative Examples
[HyjIEf90Tn] figure_1.jpg -> classified as: Architecture Diagram
[HyjIEf90Tn] figure_8.jpg -> classified as: Qualitative Examples
[Hz4BYVY8YM] figure_5.jpg -> classified as: Plots / Charts
[Hz4BYVY8YM] figure_6.jpg -> classified as: Plots / Charts
[Hz4BYVY8YM] figure_9.jpg -> classified as: Plots / Charts
[Hz4BYVY8YM] figure_13.jpg -> classified as: Qualitative Examples
[Hz4BYVY8YM] figure_15.jpg -> classified as: Qualitative Examples
[Hz4BYVY8YM] figure_2.jpg -> classified as: Architecture Diagram
[Hz4BYVY8YM] figure_11.jpg -> classified as: Qualitative Examples
[Hz4BYVY8YM] figure_7.jpg -> classified as: Plots / Charts
[Hz4BYVY8YM] figure_3.jpg -> classified as: Plots / Charts
[Hz4BYVY8YM] figure_4.jpg -> classified as: Architecture Diagram
[Hz4BYVY8YM] figure_1.jpg -> classified as: Qualitative Examples
[Hz4BYVY8YM] figure_8.jpg -> classified as: Plots / Charts
[Hz4BYVY8YM] figure_12.jpg -> classified as: Qualitative Examples
[Hz4BYVY8YM] figure_14.jpg -> classified as: Qualitative Examples
[Hz4BYVY8YM] figure_10.jpg -> classified as: Plots / Charts
[I1Gd2d1WXY] figure_5.jpg -> classified as: Plots / Charts
[I1Gd2d1WXY] figure_6.jpg -> classified as: Plots / Charts
[I1Gd2d1WXY] figure_2.jpg -> classified as: Architecture Diagram
[I1Gd2d1WXY] figure_7.jpg -> classified as: Plots / Charts
[I1Gd2d1WXY] figure_3.jpg -> classified as: Architecture Diagram
[I1Gd2d1WXY] figure_4.jpg -> classified as: Architecture Diagram
[I1Gd2d1WXY] figure_1.jpg -> classified as: Architecture Diagram
[I4iZmsV4HM] figure_5.jpg -> classified as: Plots / Charts
[I4iZmsV4HM] figure_6.jpg -> classified as: Plots / Charts
[I4iZmsV4HM] figure_2.jpg -> classified as: Plots / Charts
[I4iZmsV4HM] figure_7.jpg -> classified as: Plots / Charts
[I4iZmsV4HM] figure_3.jpg -> classified as: Plots / Charts
[I4iZmsV4HM] figure_4.jpg -> classified as: Architecture Diagram
[I4iZmsV4HM] figure_1.jpg -> classified as: Qualitative Examples
[I4iZmsV4HM] figure_8.jpg -> classified as: Plots / Charts
[I5S1a1NKxo] figure_2.jpg -> classified as: Architecture Diagram
[I5S1a1NKxo] figure_3.jpg -> classified as: Plots / Charts
[I5S1a1NKxo] figure_4.jpg -> classified as: Qualitative Examples
[I5S1a1NKxo] figure_1.jpg -> classified as: Plots / Charts
[I5lcjmFmlc] figure_2.jpg -> classified as: Plots / Charts
[I5lcjmFmlc] figure_3.jpg -> classified as: Plots / Charts
[I5lcjmFmlc] figure_4.jpg -> classified as: Qualitative Examples
[I5lcjmFmlc] figure_1.jpg -> classified as: Architecture Diagram
[I5p1Gm8GFS] figure_2.jpg -> classified as: Plots / Charts
[I5p1Gm8GFS] figure_3.jpg -> classified as: Plots / Charts
[I5p1Gm8GFS] figure_4.jpg -> classified as: Plots / Charts
[I5p1Gm8GFS] figure_1.jpg -> classified as: Architecture Diagram
[I5webNFDgQ] figure_5.jpg -> classified as: Qualitative Examples
[I5webNFDgQ] figure_6.jpg -> classified as: Qualitative Examples
[I5webNFDgQ] figure_9.jpg -> classified as: Qualitative Examples
[I5webNFDgQ] figure_2.jpg -> classified as: Architecture Diagram
[I5webNFDgQ] figure_11.jpg -> classified as: Plots / Charts
[I5webNFDgQ] figure_3.jpg -> classified as: Qualitative Examples
[I5webNFDgQ] figure_4.jpg -> classified as: Qualitative Examples
[I5webNFDgQ] figure_1.jpg -> classified as: Architecture Diagram
[I5webNFDgQ] figure_10.jpg -> classified as: Plots / Charts
[I86z54CL2y] figure_5.jpg -> classified as: Qualitative Examples
[I86z54CL2y] figure_6.jpg -> classified as: Qualitative Examples
[I86z54CL2y] figure_2.jpg -> classified as: Architecture Diagram
[I86z54CL2y] figure_3.jpg -> classified as: Architecture Diagram
[I86z54CL2y] figure_4.jpg -> classified as: Qualitative Examples
[I86z54CL2y] figure_1.jpg -> classified as: Qualitative Examples
[IARgA4HqjJ] figure_5.jpg -> classified as: Qualitative Examples
[IARgA4HqjJ] figure_6.jpg -> classified as: Qualitative Examples
[IARgA4HqjJ] figure_9.jpg -> classified as: Architecture Diagram
[IARgA4HqjJ] figure_2.jpg -> classified as: Plots / Charts
[IARgA4HqjJ] figure_7.jpg -> classified as: Qualitative Examples
[IARgA4HqjJ] figure_3.jpg -> classified as: Other
  -> Skipping second pass (Other)
[IARgA4HqjJ] figure_4.jpg -> classified as: Qualitative Examples
[IARgA4HqjJ] figure_1.jpg -> classified as: Other
  -> Skipping second pass (Other)
[IARgA4HqjJ] figure_8.jpg -> classified as: Plots / Charts
[IARgA4HqjJ] figure_10.jpg -> classified as: Plots / Charts
[IAZVktzmG5] figure_5.jpg -> classified as: Plots / Charts
[IAZVktzmG5] figure_2.jpg -> classified as: Qualitative Examples
[IAZVktzmG5] figure_3.jpg -> classified as: Plots / Charts
[IAZVktzmG5] figure_4.jpg -> classified as: Qualitative Examples
[IAZVktzmG5] figure_1.jpg -> classified as: Architecture Diagram
[IAkflJmNrC] figure_5.jpg -> classified as: Plots / Charts
[IAkflJmNrC] figure_6.jpg -> classified as: Plots / Charts
[IAkflJmNrC] figure_9.jpg -> classified as: Plots / Charts
[IAkflJmNrC] figure_2.jpg -> classified as: Architecture Diagram
[IAkflJmNrC] figure_11.jpg -> classified as: Plots / Charts
[IAkflJmNrC] figure_7.jpg -> classified as: Plots / Charts
[IAkflJmNrC] figure_3.jpg -> classified as: Plots / Charts
[IAkflJmNrC] figure_4.jpg -> classified as: Plots / Charts
[IAkflJmNrC] figure_1.jpg -> classified as: Plots / Charts
[IAkflJmNrC] figure_8.jpg -> classified as: Plots / Charts
[IAkflJmNrC] figure_10.jpg -> classified as: Plots / Charts
[IB1HqbA2Pn] figure_5.jpg -> classified as: Teaser Image
[IB1HqbA2Pn] figure_9.jpg -> classified as: Qualitative Examples
[IB1HqbA2Pn] figure_13.jpg -> classified as: Qualitative Examples
[IB1HqbA2Pn] figure_15.jpg -> classified as: Qualitative Examples
[IB1HqbA2Pn] figure_2.jpg -> classified as: Architecture Diagram
[IB1HqbA2Pn] figure_11.jpg -> classified as: Qualitative Examples
[IB1HqbA2Pn] figure_7.jpg -> classified as: Qualitative Examples
[IB1HqbA2Pn] figure_3.jpg -> classified as: Qualitative Examples
[IB1HqbA2Pn] figure_4.jpg -> classified as: Qualitative Examples
[IB1HqbA2Pn] figure_17.jpg -> classified as: Qualitative Examples
[IB1HqbA2Pn] figure_1.jpg -> classified as: Qualitative Examples
[IB1HqbA2Pn] figure_8.jpg -> classified as: Qualitative Examples
[IB1HqbA2Pn] figure_12.jpg -> classified as: Other
  -> Skipping second pass (Other)
[IB1HqbA2Pn] figure_14.jpg -> classified as: Qualitative Examples
[IB1HqbA2Pn] figure_16.jpg -> classified as: Qualitative Examples
[ICR3swcnaa] figure_5.jpg -> classified as: Architecture Diagram
[ICR3swcnaa] figure_2.jpg -> classified as: Architecture Diagram
[ICR3swcnaa] figure_3.jpg -> classified as: Architecture Diagram
[ICR3swcnaa] figure_4.jpg -> classified as: Architecture Diagram
[ICR3swcnaa] figure_1.jpg -> classified as: Architecture Diagram
[IEMmEd5Jgm] figure_5.jpg -> classified as: Qualitative Examples
[IEMmEd5Jgm] figure_6.jpg -> classified as: Qualitative Examples
[IEMmEd5Jgm] figure_2.jpg -> classified as: Architecture Diagram
[IEMmEd5Jgm] figure_7.jpg -> classified as: Plots / Charts
[IEMmEd5Jgm] figure_3.jpg -> classified as: Architecture Diagram
[IEMmEd5Jgm] figure_4.jpg -> classified as: Qualitative Examples
[IEMmEd5Jgm] figure_1.jpg -> classified as: Plots / Charts
[IEMmEd5Jgm] figure_8.jpg -> classified as: Qualitative Examples
[IHedM0Zem9] figure_5.jpg -> classified as: Plots / Charts
[IHedM0Zem9] figure_6.jpg -> classified as: Plots / Charts
[IHedM0Zem9] figure_9.jpg -> classified as: Plots / Charts
[IHedM0Zem9] figure_2.jpg -> classified as: Plots / Charts
[IHedM0Zem9] figure_7.jpg -> classified as: Plots / Charts
[IHedM0Zem9] figure_3.jpg -> classified as: Plots / Charts
[IHedM0Zem9] figure_4.jpg -> classified as: Plots / Charts
[IHedM0Zem9] figure_1.jpg -> classified as: Architecture Diagram
[IHedM0Zem9] figure_8.jpg -> classified as: Plots / Charts
[IJBsKYXaH4] figure_5.jpg -> classified as: Qualitative Examples
[IJBsKYXaH4] figure_6.jpg -> classified as: Plots / Charts
[IJBsKYXaH4] figure_2.jpg -> classified as: Plots / Charts
[IJBsKYXaH4] figure_7.jpg -> classified as: Qualitative Examples
[IJBsKYXaH4] figure_3.jpg -> classified as: Plots / Charts
[IJBsKYXaH4] figure_4.jpg -> classified as: Plots / Charts
[IJBsKYXaH4] figure_1.jpg -> classified as: Qualitative Examples
[ILSZZNlbqw] figure_2.jpg -> classified as: Plots / Charts
[ILSZZNlbqw] figure_3.jpg -> classified as: Plots / Charts
[ILSZZNlbqw] figure_4.jpg -> classified as: Plots / Charts
[ILSZZNlbqw] figure_1.jpg -> classified as: Architecture Diagram
[INqLJwqUmc] figure_2.jpg -> classified as: Qualitative Examples
[INqLJwqUmc] figure_1.jpg -> classified as: Qualitative Examples
[IOrnCVIKIZ] figure_A_2.jpg -> classified as: Plots / Charts
[IOrnCVIKIZ] figure_A.jpg -> classified as: Plots / Charts
[IOrnCVIKIZ] figure_5.jpg -> classified as: Plots / Charts
[IOrnCVIKIZ] figure_A_3.jpg -> classified as: Plots / Charts
[IOrnCVIKIZ] figure_2.jpg -> classified as: Plots / Charts
[IOrnCVIKIZ] figure_A_1.jpg -> classified as: Plots / Charts
[IOrnCVIKIZ] figure_4.jpg -> classified as: Qualitative Examples
[IOrnCVIKIZ] figure_1.jpg -> classified as: Qualitative Examples
[IOrnCVIKIZ] figure_A_4.jpg -> classified as: Qualitative Examples
[IQ0BBfbYR2] figure_5.jpg -> classified as: Qualitative Examples
[IQ0BBfbYR2] figure_6.jpg -> classified as: Qualitative Examples
[IQ0BBfbYR2] figure_2.jpg -> classified as: Architecture Diagram
[IQ0BBfbYR2] figure_7.jpg -> classified as: Plots / Charts
[IQ0BBfbYR2] figure_3.jpg -> classified as: Plots / Charts
[IQ0BBfbYR2] figure_4.jpg -> classified as: Plots / Charts
[IQ0BBfbYR2] figure_1.jpg -> classified as: Qualitative Examples
[IRcv4yFX6z] figure_19.jpg -> classified as: Architecture Diagram
[IRcv4yFX6z] figure_23.jpg -> classified as: Qualitative Examples
[IRcv4yFX6z] figure_5.jpg -> classified as: Qualitative Examples
[IRcv4yFX6z] figure_6.jpg -> classified as: Qualitative Examples
[IRcv4yFX6z] figure_9.jpg -> classified as: Plots / Charts
[IRcv4yFX6z] figure_22.jpg -> classified as: Qualitative Examples
[IRcv4yFX6z] figure_18.jpg -> classified as: Architecture Diagram
[IRcv4yFX6z] figure_13.jpg -> classified as: Qualitative Examples
[IRcv4yFX6z] figure_15.jpg -> classified as: Qualitative Examples
[IRcv4yFX6z] figure_2.jpg -> classified as: Architecture Diagram
[IRcv4yFX6z] figure_20.jpg -> classified as: Qualitative Examples
[IRcv4yFX6z] figure_11.jpg -> classified as: Qualitative Examples
[IRcv4yFX6z] figure_7.jpg -> classified as: Qualitative Examples
[IRcv4yFX6z] figure_3.jpg -> classified as: Architecture Diagram
[IRcv4yFX6z] figure_4.jpg -> classified as: Architecture Diagram
[IRcv4yFX6z] figure_1.jpg -> classified as: Qualitative Examples
[IRcv4yFX6z] figure_8.jpg -> classified as: Qualitative Examples
[IRcv4yFX6z] figure_12.jpg -> classified as: Qualitative Examples
[IRcv4yFX6z] figure_21.jpg -> classified as: Qualitative Examples
[IRcv4yFX6z] figure_14.jpg -> classified as: Qualitative Examples
[IRcv4yFX6z] figure_16.jpg -> classified as: Architecture Diagram
[IRcv4yFX6z] figure_10.jpg -> classified as: Qualitative Examples
[ISq7Hnln0t] figure_2.jpg -> classified as: Qualitative Examples
[ISq7Hnln0t] figure_3.jpg -> classified as: Qualitative Examples
[ISq7Hnln0t] figure_4.jpg -> classified as: Plots / Charts
[ISq7Hnln0t] figure_1.jpg -> classified as: Architecture Diagram
[ISrxxvXJQO] figure_5.jpg -> classified as: Qualitative Examples
[ISrxxvXJQO] figure_6.jpg -> classified as: Plots / Charts
[ISrxxvXJQO] figure_2.jpg -> classified as: Architecture Diagram
[ISrxxvXJQO] figure_7.jpg -> classified as: Qualitative Examples
[ISrxxvXJQO] figure_3.jpg -> classified as: Plots / Charts
[ISrxxvXJQO] figure_4.jpg -> classified as: Plots / Charts
[ISrxxvXJQO] figure_1.jpg -> classified as: Architecture Diagram
[ITq4ZRUT4a] figure_5.jpg -> classified as: Qualitative Examples
[ITq4ZRUT4a] figure_6.jpg -> classified as: Qualitative Examples
[ITq4ZRUT4a] figure_9.jpg -> classified as: Qualitative Examples
[ITq4ZRUT4a] figure_2.jpg -> classified as: Qualitative Examples
[ITq4ZRUT4a] figure_11.jpg -> classified as: Qualitative Examples
[ITq4ZRUT4a] figure_3.jpg -> classified as: Plots / Charts
[ITq4ZRUT4a] figure_4.jpg -> classified as: Plots / Charts
[ITq4ZRUT4a] figure_1.jpg -> classified as: Qualitative Examples
[ITq4ZRUT4a] figure_12.jpg -> classified as: Qualitative Examples
[IWpLQfZ8Xg] figure_5.jpg -> classified as: Plots / Charts
[IWpLQfZ8Xg] figure_2.jpg -> classified as: Plots / Charts
[IWpLQfZ8Xg] figure_3.jpg -> classified as: Plots / Charts
[IWpLQfZ8Xg] figure_4.jpg -> classified as: Plots / Charts
[IWpLQfZ8Xg] figure_1.jpg -> classified as: Plots / Charts
[IZMPWmcS3H] figure_19.jpg -> classified as: Qualitative Examples
[IZMPWmcS3H] figure_Fantasia3D_1.jpg -> classified as: Other
  -> Skipping second pass (Other)
[IZMPWmcS3H] figure_5.jpg -> classified as: Qualitative Examples
[IZMPWmcS3H] figure_6.jpg -> classified as: Qualitative Examples
[IZMPWmcS3H] figure_9.jpg -> classified as: Qualitative Examples
[IZMPWmcS3H] figure_22.jpg -> classified as: Qualitative Examples
[IZMPWmcS3H] figure_18.jpg -> classified as: Qualitative Examples
[IZMPWmcS3H] figure_13.jpg -> classified as: Qualitative Examples
[IZMPWmcS3H] figure_15.jpg -> classified as: Other
  -> Skipping second pass (Other)
[IZMPWmcS3H] figure_2.jpg -> classified as: Architecture Diagram
[IZMPWmcS3H] figure_20.jpg -> classified as: Qualitative Examples
[IZMPWmcS3H] figure_11.jpg -> classified as: Qualitative Examples
[IZMPWmcS3H] figure_7.jpg -> classified as: Qualitative Examples
[IZMPWmcS3H] figure_3.jpg -> classified as: Plots / Charts
[IZMPWmcS3H] figure_4.jpg -> classified as: Qualitative Examples
[IZMPWmcS3H] figure_Fantasia3D.jpg -> classified as: Other
  -> Skipping second pass (Other)
[IZMPWmcS3H] figure_Fantasia3D_2.jpg -> classified as: Other
  -> Skipping second pass (Other)
[IZMPWmcS3H] figure_17.jpg -> classified as: Qualitative Examples
[IZMPWmcS3H] figure_1.jpg -> classified as: Qualitative Examples
[IZMPWmcS3H] figure_8.jpg -> classified as: Qualitative Examples
[IZMPWmcS3H] figure_12.jpg -> classified as: Qualitative Examples
[IZMPWmcS3H] figure_21.jpg -> classified as: Qualitative Examples
[IZMPWmcS3H] figure_14.jpg -> classified as: Qualitative Examples
[IZMPWmcS3H] figure_16.jpg -> classified as: Qualitative Examples
[IZMPWmcS3H] figure_10.jpg -> classified as: Qualitative Examples
[IZOeRDS6zU] figure_A_2.jpg -> classified as: Architecture Diagram
[IZOeRDS6zU] figure_A.jpg -> classified as: Qualitative Examples
[IZOeRDS6zU] figure_5.jpg -> classified as: Qualitative Examples
[IZOeRDS6zU] figure_6.jpg -> classified as: Qualitative Examples
[IZOeRDS6zU] figure_A_9.jpg -> classified as: Plots / Charts
[IZOeRDS6zU] figure_A_3.jpg -> classified as: Plots / Charts
[IZOeRDS6zU] figure_9.jpg -> classified as: Plots / Charts
[IZOeRDS6zU] figure_A_12.jpg -> classified as: Qualitative Examples
[IZOeRDS6zU] figure_A_10.jpg -> classified as: Qualitative Examples
[IZOeRDS6zU] figure_(a)_Performance_across.jpg -> classified as: Plots / Charts
[IZOeRDS6zU] figure_2.jpg -> classified as: Architecture Diagram
[IZOeRDS6zU] figure_A_6.jpg -> classified as: Qualitative Examples
[IZOeRDS6zU] figure_A_8.jpg -> classified as: Plots / Charts
[IZOeRDS6zU] figure_A_7.jpg -> classified as: Qualitative Examples
[IZOeRDS6zU] figure_A_1.jpg -> classified as: Qualitative Examples
[IZOeRDS6zU] figure_A_5.jpg -> classified as: Qualitative Examples
[IZOeRDS6zU] figure_7.jpg -> classified as: Qualitative Examples
[IZOeRDS6zU] figure_3.jpg -> classified as: Plots / Charts
[IZOeRDS6zU] figure_4.jpg -> classified as: Architecture Diagram
[IZOeRDS6zU] figure_1.jpg -> classified as: Qualitative Examples
[IZOeRDS6zU] figure_A_4.jpg -> classified as: Architecture Diagram
[IZOeRDS6zU] figure_(b)_Performance_across.jpg -> classified as: Plots / Charts
[IZOeRDS6zU] figure_8.jpg -> classified as: Qualitative Examples
[IZOeRDS6zU] figure_A_11.jpg -> classified as: Plots / Charts
[IZVCzCWwoY] figure_2.jpg -> classified as: Qualitative Examples
[IZVCzCWwoY] figure_3.jpg -> classified as: Qualitative Examples
[IZVCzCWwoY] figure_4.jpg -> classified as: Qualitative Examples
[IZVCzCWwoY] figure_1.jpg -> classified as: Architecture Diagram
[IZbLMHbOQg] figure_5.jpg -> classified as: Qualitative Examples
[IZbLMHbOQg] figure_6.jpg -> classified as: Qualitative Examples
[IZbLMHbOQg] figure_9.jpg -> classified as: Qualitative Examples
[IZbLMHbOQg] figure_2.jpg -> classified as: Architecture Diagram
[IZbLMHbOQg] figure_7.jpg -> classified as: Plots / Charts
[IZbLMHbOQg] figure_3.jpg -> classified as: Qualitative Examples
[IZbLMHbOQg] figure_4.jpg -> classified as: Qualitative Examples
[IZbLMHbOQg] figure_1.jpg -> classified as: Qualitative Examples
[IZbLMHbOQg] figure_8.jpg -> classified as: Qualitative Examples
[IcPkW3QNW2] figure_5.jpg -> classified as: Qualitative Examples
[IcPkW3QNW2] figure_6.jpg -> classified as: Qualitative Examples
[IcPkW3QNW2] figure_2.jpg -> classified as: Architecture Diagram
[IcPkW3QNW2] figure_7.jpg -> classified as: Qualitative Examples
[IcPkW3QNW2] figure_3.jpg -> classified as: Qualitative Examples
[IcPkW3QNW2] figure_4.jpg -> classified as: Qualitative Examples
[IcPkW3QNW2] figure_1.jpg -> classified as: Other
  -> Skipping second pass (Other)
[IcPkW3QNW2] figure_8.jpg -> classified as: Qualitative Examples
[IcYDRzcccP] figure_5.jpg -> classified as: Qualitative Examples
[IcYDRzcccP] figure_6.jpg -> classified as: Qualitative Examples
[IcYDRzcccP] figure_9.jpg -> classified as: Qualitative Examples
[IcYDRzcccP] figure_13.jpg -> classified as: Qualitative Examples
[IcYDRzcccP] figure_2.jpg -> classified as: Plots / Charts
[IcYDRzcccP] figure_11.jpg -> classified as: Qualitative Examples
[IcYDRzcccP] figure_7.jpg -> classified as: Qualitative Examples
[IcYDRzcccP] figure_3.jpg -> classified as: Qualitative Examples
[IcYDRzcccP] figure_4.jpg -> classified as: Plots / Charts
[IcYDRzcccP] figure_1.jpg -> classified as: Architecture Diagram
[IcYDRzcccP] figure_8.jpg -> classified as: Qualitative Examples
[IcYDRzcccP] figure_12.jpg -> classified as: Qualitative Examples
[IcYDRzcccP] figure_14.jpg -> classified as: Qualitative Examples
[IcYDRzcccP] figure_10.jpg -> classified as: Qualitative Examples
[IfPfUHRowT] figure_5.jpg -> classified as: Plots / Charts
[IfPfUHRowT] figure_6.jpg -> classified as: Plots / Charts
[IfPfUHRowT] figure_9.jpg -> classified as: Qualitative Examples
[IfPfUHRowT] figure_2.jpg -> classified as: Architecture Diagram
[IfPfUHRowT] figure_7.jpg -> classified as: Qualitative Examples
[IfPfUHRowT] figure_3.jpg -> classified as: Plots / Charts
[IfPfUHRowT] figure_4.jpg -> classified as: Qualitative Examples
[IfPfUHRowT] figure_1.jpg -> classified as: Architecture Diagram
[IfPfUHRowT] figure_8.jpg -> classified as: Plots / Charts
[IfPfUHRowT] figure_10.jpg -> classified as: Qualitative Examples
[Iip7rt9UL3] figure_5.jpg -> classified as: Plots / Charts
[Iip7rt9UL3] figure_6.jpg -> classified as: Architecture Diagram
[Iip7rt9UL3] figure_2.jpg -> classified as: Qualitative Examples
[Iip7rt9UL3] figure_7.jpg -> classified as: Plots / Charts
[Iip7rt9UL3] figure_3.jpg -> classified as: Plots / Charts
[Iip7rt9UL3] figure_4.jpg -> classified as: Plots / Charts
[Iip7rt9UL3] figure_1.jpg -> classified as: Architecture Diagram
[Iip7rt9UL3] figure_8.jpg -> classified as: Qualitative Examples
[IiwyThOFXL] figure_5.jpg -> classified as: Plots / Charts
[IiwyThOFXL] figure_6.jpg -> classified as: Plots / Charts
[IiwyThOFXL] figure_9.jpg -> classified as: Plots / Charts
[IiwyThOFXL] figure_15.jpg -> classified as: Qualitative Examples
[IiwyThOFXL] figure_2.jpg -> classified as: Architecture Diagram
[IiwyThOFXL] figure_11.jpg -> classified as: Plots / Charts
[IiwyThOFXL] figure_7.jpg -> classified as: Qualitative Examples
[IiwyThOFXL] figure_3.jpg -> classified as: Architecture Diagram
[IiwyThOFXL] figure_4.jpg -> classified as: Architecture Diagram
[IiwyThOFXL] figure_1.jpg -> classified as: Qualitative Examples
[IiwyThOFXL] figure_8.jpg -> classified as: Qualitative Examples
[IiwyThOFXL] figure_12.jpg -> classified as: Plots / Charts
[IiwyThOFXL] figure_14.jpg -> classified as: Qualitative Examples
[IiwyThOFXL] figure_16.jpg -> classified as: Qualitative Examples
[IiwyThOFXL] figure_10.jpg -> classified as: Plots / Charts
[IjLumaGZ4h] figure_5.jpg -> classified as: Qualitative Examples
[IjLumaGZ4h] figure_6.jpg -> classified as: Qualitative Examples
[IjLumaGZ4h] figure_2.jpg -> classified as: Architecture Diagram
[IjLumaGZ4h] figure_7.jpg -> classified as: Plots / Charts
[IjLumaGZ4h] figure_3.jpg -> classified as: Plots / Charts
[IjLumaGZ4h] figure_4.jpg -> classified as: Qualitative Examples
[IjLumaGZ4h] figure_1.jpg -> classified as: Plots / Charts
[IjLumaGZ4h] figure_8.jpg -> classified as: Qualitative Examples
[IkZVDzdC8M] figure_5.jpg -> classified as: Plots / Charts
[IkZVDzdC8M] figure_(c)_Failure__after.jpg -> classified as: Qualitative Examples
[IkZVDzdC8M] figure_6.jpg -> classified as: Qualitative Examples
[IkZVDzdC8M] figure_(b)_After_horizontal.jpg -> classified as: Plots / Charts
[IkZVDzdC8M] figure_2.jpg -> classified as: Architecture Diagram
[IkZVDzdC8M] figure_11.jpg -> classified as: Qualitative Examples
[IkZVDzdC8M] figure_7.jpg -> classified as: Qualitative Examples
[IkZVDzdC8M] figure_3.jpg -> classified as: Qualitative Examples
[IkZVDzdC8M] figure_5_1.jpg -> classified as: Plots / Charts
[IkZVDzdC8M] figure_1.jpg -> classified as: Plots / Charts
[IkZVDzdC8M] figure_12.jpg -> classified as: Qualitative Examples
[IkZVDzdC8M] figure_10.jpg -> classified as: Qualitative Examples
[Il5DjZmLzp] figure_5.jpg -> classified as: Plots / Charts
[Il5DjZmLzp] figure_6.jpg -> classified as: Plots / Charts
[Il5DjZmLzp] figure_9.jpg -> classified as: Plots / Charts
[Il5DjZmLzp] figure_2.jpg -> classified as: Architecture Diagram
[Il5DjZmLzp] figure_7.jpg -> classified as: Plots / Charts
[Il5DjZmLzp] figure_3.jpg -> classified as: Plots / Charts
[Il5DjZmLzp] figure_4.jpg -> classified as: Plots / Charts
[Il5DjZmLzp] figure_1.jpg -> classified as: Other
  -> Skipping second pass (Other)
[Il5DjZmLzp] figure_8.jpg -> classified as: Plots / Charts
[Im2neAMlre] figure_2.jpg -> classified as: Plots / Charts
[Im2neAMlre] figure_3.jpg -> classified as: Plots / Charts
[Im2neAMlre] figure_1.jpg -> classified as: Qualitative Examples
[ImpeMDJfVL] figure_19.jpg -> classified as: Qualitative Examples
[ImpeMDJfVL] figure_5.jpg -> classified as: Plots / Charts
[ImpeMDJfVL] figure_6.jpg -> classified as: Plots / Charts
[ImpeMDJfVL] figure_9.jpg -> classified as: Architecture Diagram
[ImpeMDJfVL] figure_18.jpg -> classified as: Qualitative Examples
[ImpeMDJfVL] figure_13.jpg -> classified as: Qualitative Examples
[ImpeMDJfVL] figure_15.jpg -> classified as: Qualitative Examples
[ImpeMDJfVL] figure_2.jpg -> classified as: Other
  -> Skipping second pass (Other)
[ImpeMDJfVL] figure_11.jpg -> classified as: Architecture Diagram
[ImpeMDJfVL] figure_7.jpg -> classified as: Plots / Charts
[ImpeMDJfVL] figure_3.jpg -> classified as: Plots / Charts
[ImpeMDJfVL] figure_17.jpg -> classified as: Qualitative Examples
[ImpeMDJfVL] figure_1.jpg -> classified as: Qualitative Examples
[ImpeMDJfVL] figure_8.jpg -> classified as: Plots / Charts
[ImpeMDJfVL] figure_12.jpg -> classified as: Qualitative Examples
[ImpeMDJfVL] figure_14.jpg -> classified as: Qualitative Examples
[ImpeMDJfVL] figure_16.jpg -> classified as: Qualitative Examples
[ImpeMDJfVL] figure_10.jpg -> classified as: Other
  -> Skipping second pass (Other)
[IoKRezZMxF] figure_2.jpg -> classified as: Architecture Diagram
[IoKRezZMxF] figure_3.jpg -> classified as: Architecture Diagram
[IoKRezZMxF] figure_4.jpg -> classified as: Plots / Charts
[IoKRezZMxF] figure_1.jpg -> classified as: Qualitative Examples
[IqGVIU4rvM] figure_5.jpg -> classified as: Qualitative Examples
[IqGVIU4rvM] figure_3.jpg -> classified as: Qualitative Examples
[IqGVIU4rvM] figure_4.jpg -> classified as: Qualitative Examples
[IqGVIU4rvM] figure_1.jpg -> classified as: Architecture Diagram
[IqHeDe2lbl] figure_5.jpg -> classified as: Plots / Charts
[IqHeDe2lbl] figure_6.jpg -> classified as: Plots / Charts
[IqHeDe2lbl] figure_9.jpg -> classified as: Qualitative Examples
[IqHeDe2lbl] figure_2.jpg -> classified as: Plots / Charts
[IqHeDe2lbl] figure_7.jpg -> classified as: Plots / Charts
[IqHeDe2lbl] figure_3.jpg -> classified as: Plots / Charts
[IqHeDe2lbl] figure_4.jpg -> classified as: Plots / Charts
[IqHeDe2lbl] figure_1.jpg -> classified as: Plots / Charts
[IqHeDe2lbl] figure_8.jpg -> classified as: Plots / Charts
[IqHeDe2lbl] figure_10.jpg -> classified as: Qualitative Examples
[IryGDUHxDE] figure_5.jpg -> classified as: Plots / Charts
[IryGDUHxDE] figure_6.jpg -> classified as: Plots / Charts
[IryGDUHxDE] figure_9.jpg -> classified as: Teaser Image
[IryGDUHxDE] figure_2.jpg -> classified as: Plots / Charts
[IryGDUHxDE] figure_7.jpg -> classified as: Architecture Diagram
[IryGDUHxDE] figure_3.jpg -> classified as: Plots / Charts
[IryGDUHxDE] figure_4.jpg -> classified as: Plots / Charts
[IryGDUHxDE] figure_1.jpg -> classified as: Architecture Diagram
[IwgmgidYPS] figure_5.jpg -> classified as: Qualitative Examples
[IwgmgidYPS] figure_6.jpg -> classified as: Qualitative Examples
[IwgmgidYPS] figure_9.jpg -> classified as: Qualitative Examples
[IwgmgidYPS] figure_13.jpg -> classified as: Other
  -> Skipping second pass (Other)
[IwgmgidYPS] figure_2.jpg -> classified as: Architecture Diagram
[IwgmgidYPS] figure_11.jpg -> classified as: Qualitative Examples
[IwgmgidYPS] figure_3.jpg -> classified as: Qualitative Examples
[IwgmgidYPS] figure_4.jpg -> classified as: Qualitative Examples
[IwgmgidYPS] figure_(b)_A_healthy.jpg -> classified as: Qualitative Examples
[IwgmgidYPS] figure_1.jpg -> classified as: Qualitative Examples
[IwgmgidYPS] figure_8.jpg -> classified as: Plots / Charts
[IwgmgidYPS] figure_12.jpg -> classified as: Other
  -> Skipping second pass (Other)
[IwgmgidYPS] figure_14.jpg -> classified as: Other
  -> Skipping second pass (Other)
[IwgmgidYPS] figure_10.jpg -> classified as: Qualitative Examples
[IxpTsFS7mh] figure_2.jpg -> classified as: Plots / Charts
[IxpTsFS7mh] figure_3.jpg -> classified as: Plots / Charts
[IxpTsFS7mh] figure_1.jpg -> classified as: Architecture Diagram
[IzQB2pIa3F] figure_“masterpiece,_intricate_detail,.jpg -> classified as: Qualitative Examples
[IzQB2pIa3F] figure_5.jpg -> classified as: Plots / Charts
[IzQB2pIa3F] figure_A_scientific_perspective.jpg -> classified as: Qualitative Examples
[IzQB2pIa3F] figure_2.jpg -> classified as: Plots / Charts
[IzQB2pIa3F] figure_7.jpg -> classified as: Plots / Charts
[IzQB2pIa3F] figure_3.jpg -> classified as: Qualitative Examples
[IzQB2pIa3F] figure_“A_photo_of.jpg -> classified as: Qualitative Examples
[IzQB2pIa3F] figure_“8k_digital_nature.jpg -> classified as: Qualitative Examples
[IzQB2pIa3F] figure_1.jpg -> classified as: Architecture Diagram
[IzrLkbq1dc] figure_5.jpg -> classified as: Plots / Charts
[IzrLkbq1dc] figure_6.jpg -> classified as: Plots / Charts
[IzrLkbq1dc] figure_2.jpg -> classified as: Plots / Charts
[IzrLkbq1dc] figure_7.jpg -> classified as: Plots / Charts
[IzrLkbq1dc] figure_3.jpg -> classified as: Plots / Charts
[IzrLkbq1dc] figure_4.jpg -> classified as: Plots / Charts
[IzrLkbq1dc] figure_1.jpg -> classified as: Plots / Charts
[J0qgRZQJYX] figure_5.jpg -> classified as: Plots / Charts
[J0qgRZQJYX] figure_2.jpg -> classified as: Plots / Charts
[J0qgRZQJYX] figure_3.jpg -> classified as: Plots / Charts
[J0qgRZQJYX] figure_4.jpg -> classified as: Plots / Charts
[J0qgRZQJYX] figure_1.jpg -> classified as: Plots / Charts
[J19jKa3wFj] figure_5.jpg -> classified as: Plots / Charts
[J19jKa3wFj] figure_6.jpg -> classified as: Plots / Charts
[J19jKa3wFj] figure_9.jpg -> classified as: Plots / Charts
[J19jKa3wFj] figure_2.jpg -> classified as: Plots / Charts
[J19jKa3wFj] figure_11.jpg -> classified as: Plots / Charts
[J19jKa3wFj] figure_7.jpg -> classified as: Plots / Charts
[J19jKa3wFj] figure_3.jpg -> classified as: Plots / Charts
[J19jKa3wFj] figure_4.jpg -> classified as: Plots / Charts
[J19jKa3wFj] figure_1.jpg -> classified as: Architecture Diagram
[J19jKa3wFj] figure_8.jpg -> classified as: Plots / Charts
[J19jKa3wFj] figure_10.jpg -> classified as: Plots / Charts
[J88EKENxyF] figure_5.jpg -> classified as: Qualitative Examples
[J88EKENxyF] figure_6.jpg -> classified as: Qualitative Examples
[J88EKENxyF] figure_9.jpg -> classified as: Qualitative Examples
[J88EKENxyF] figure_2.jpg -> classified as: Qualitative Examples
[J88EKENxyF] figure_7.jpg -> classified as: Qualitative Examples
[J88EKENxyF] figure_3.jpg -> classified as: Qualitative Examples
[J88EKENxyF] figure_4.jpg -> classified as: Qualitative Examples
[J88EKENxyF] figure_1.jpg -> classified as: Architecture Diagram
[J88EKENxyF] figure_8.jpg -> classified as: Qualitative Examples
[J88EKENxyF] figure_10.jpg -> classified as: Architecture Diagram
[J8YWCBPgx7] figure_19.jpg -> classified as: Qualitative Examples
[J8YWCBPgx7] figure_6.jpg -> classified as: Qualitative Examples
[J8YWCBPgx7] figure_18.jpg -> classified as: Other
  -> Skipping second pass (Other)
[J8YWCBPgx7] figure_13.jpg -> classified as: Qualitative Examples
[J8YWCBPgx7] figure_15.jpg -> classified as: Qualitative Examples
[J8YWCBPgx7] figure_2.jpg -> classified as: Plots / Charts
[J8YWCBPgx7] figure_7.jpg -> classified as: Qualitative Examples
[J8YWCBPgx7] figure_3.jpg -> classified as: Qualitative Examples
[J8YWCBPgx7] figure_4.jpg -> classified as: Qualitative Examples
[J8YWCBPgx7] figure_17.jpg -> classified as: Plots / Charts
[J8YWCBPgx7] figure_1.jpg -> classified as: Architecture Diagram
[J8YWCBPgx7] figure_8.jpg -> classified as: Qualitative Examples
[J8YWCBPgx7] figure_12.jpg -> classified as: Qualitative Examples
[J8YWCBPgx7] figure_14.jpg -> classified as: Qualitative Examples
[J8YWCBPgx7] figure_16.jpg -> classified as: Qualitative Examples
[J8yH8ontdq] figure_5.jpg -> classified as: Plots / Charts
[J8yH8ontdq] figure_6.jpg -> classified as: Qualitative Examples
[J8yH8ontdq] figure_2.jpg -> classified as: Qualitative Examples
[J8yH8ontdq] figure_3.jpg -> classified as: Architecture Diagram
[J8yH8ontdq] figure_4.jpg -> classified as: Qualitative Examples
[J8yH8ontdq] figure_1.jpg -> classified as: Qualitative Examples
[J9SsCtTLga] figure_(a)_The_closest.jpg -> classified as: Architecture Diagram
[J9SsCtTLga] figure_5.jpg -> classified as: Qualitative Examples
[J9SsCtTLga] figure_6.jpg -> classified as: Architecture Diagram
[J9SsCtTLga] figure_9.jpg -> classified as: Qualitative Examples
[J9SsCtTLga] figure_2.jpg -> classified as: Architecture Diagram
[J9SsCtTLga] figure_3.jpg -> classified as: Architecture Diagram
[J9SsCtTLga] figure_4.jpg -> classified as: Architecture Diagram
[J9SsCtTLga] figure_1.jpg -> classified as: Plots / Charts
[J9SsCtTLga] figure_8.jpg -> classified as: Qualitative Examples
[JAfGlmRBTU] figure_30.jpg -> classified as: Plots / Charts
[JAfGlmRBTU] figure_19.jpg -> classified as: Plots / Charts
[JAfGlmRBTU] figure_23.jpg -> classified as: Plots / Charts
[JAfGlmRBTU] figure_29.jpg -> classified as: Qualitative Examples
[JAfGlmRBTU] figure_24.jpg -> classified as: Plots / Charts
[JAfGlmRBTU] figure_5.jpg -> classified as: Plots / Charts
[JAfGlmRBTU] figure_6.jpg -> classified as: Plots / Charts
[JAfGlmRBTU] figure_9.jpg -> classified as: Plots / Charts
[JAfGlmRBTU] figure_22.jpg -> classified as: Plots / Charts
[JAfGlmRBTU] figure_28.jpg -> classified as: Plots / Charts
[JAfGlmRBTU] figure_18.jpg -> classified as: Qualitative Examples
[JAfGlmRBTU] figure_13.jpg -> classified as: Plots / Charts
[JAfGlmRBTU] figure_15.jpg -> classified as: Plots / Charts
[JAfGlmRBTU] figure_2.jpg -> classified as: Plots / Charts
[JAfGlmRBTU] figure_20.jpg -> classified as: Plots / Charts
[JAfGlmRBTU] figure_7.jpg -> classified as: Plots / Charts
[JAfGlmRBTU] figure_3.jpg -> classified as: Architecture Diagram
[JAfGlmRBTU] figure_4.jpg -> classified as: Qualitative Examples
[JAfGlmRBTU] figure_31.jpg -> classified as: Plots / Charts
[JAfGlmRBTU] figure_17.jpg -> classified as: Architecture Diagram
[JAfGlmRBTU] figure_1.jpg -> classified as: Qualitative Examples
[JAfGlmRBTU] figure_27.jpg -> classified as: Plots / Charts
[JAfGlmRBTU] figure_8.jpg -> classified as: Plots / Charts
[JAfGlmRBTU] figure_12.jpg -> classified as: Plots / Charts
[JAfGlmRBTU] figure_25.jpg -> classified as: Plots / Charts
[JAfGlmRBTU] figure_21.jpg -> classified as: Plots / Charts
[JAfGlmRBTU] figure_26.jpg -> classified as: Plots / Charts
[JAfGlmRBTU] figure_14.jpg -> classified as: Plots / Charts
[JAfGlmRBTU] figure_32.jpg -> classified as: Plots / Charts
[JAfGlmRBTU] figure_16.jpg -> classified as: Plots / Charts
[JAfGlmRBTU] figure_10.jpg -> classified as: Plots / Charts
[JBgBrnhLLL] figure_5.jpg -> classified as: Plots / Charts
[JBgBrnhLLL] figure_6.jpg -> classified as: Qualitative Examples
[JBgBrnhLLL] figure_9.jpg -> classified as: Qualitative Examples
[JBgBrnhLLL] figure_2.jpg -> classified as: Qualitative Examples
[JBgBrnhLLL] figure_7.jpg -> classified as: Qualitative Examples
[JBgBrnhLLL] figure_3.jpg -> classified as: Plots / Charts
[JBgBrnhLLL] figure_4.jpg -> classified as: Qualitative Examples
[JBgBrnhLLL] figure_1.jpg -> classified as: Qualitative Examples
[JBgBrnhLLL] figure_8.jpg -> classified as: Qualitative Examples
[JBgBrnhLLL] figure_10.jpg -> classified as: Qualitative Examples
[JDd46WodYf] figure_5.jpg -> classified as: Plots / Charts
[JDd46WodYf] figure_6.jpg -> classified as: Qualitative Examples
[JDd46WodYf] figure_9.jpg -> classified as: Plots / Charts
[JDd46WodYf] figure_13.jpg -> classified as: Qualitative Examples
[JDd46WodYf] figure_15.jpg -> classified as: Qualitative Examples
[JDd46WodYf] figure_2.jpg -> classified as: Architecture Diagram
[JDd46WodYf] figure_11.jpg -> classified as: Plots / Charts
[JDd46WodYf] figure_7.jpg -> classified as: Plots / Charts
[JDd46WodYf] figure_3.jpg -> classified as: Architecture Diagram
[JDd46WodYf] figure_4.jpg -> classified as: Plots / Charts
[JDd46WodYf] figure_1.jpg -> classified as: Other
  -> Skipping second pass (Other)
[JDd46WodYf] figure_8.jpg -> classified as: Plots / Charts
[JDd46WodYf] figure_12.jpg -> classified as: Qualitative Examples
[JDd46WodYf] figure_(a)_Histogram_of.jpg -> classified as: Plots / Charts
[JDd46WodYf] figure_14.jpg -> classified as: Qualitative Examples
[JDd46WodYf] figure_10.jpg -> classified as: Plots / Charts
[JE9tCwe3lp] figure_A_lighthouse_...jpg -> classified as: Qualitative Examples
[JE9tCwe3lp] figure_5.jpg -> classified as: Qualitative Examples
[JE9tCwe3lp] figure_9.jpg -> classified as: Qualitative Examples
[JE9tCwe3lp] figure_2.jpg -> classified as: Architecture Diagram
[JE9tCwe3lp] figure_7.jpg -> classified as: Qualitative Examples
[JE9tCwe3lp] figure_3.jpg -> classified as: Qualitative Examples
[JE9tCwe3lp] figure_unnamed_figure.jpg -> classified as: Plots / Charts
[JE9tCwe3lp] figure_4.jpg -> classified as: Qualitative Examples
[JE9tCwe3lp] figure_1.jpg -> classified as: Architecture Diagram
[JE9tCwe3lp] figure_8.jpg -> classified as: Qualitative Examples
[JEmNgjuQHU] figure_2.jpg -> classified as: Plots / Charts
[JEmNgjuQHU] figure_3.jpg -> classified as: Architecture Diagram
[JEmNgjuQHU] figure_4.jpg -> classified as: Plots / Charts
[JEmNgjuQHU] figure_1.jpg -> classified as: Plots / Charts
[JFEFORc7fP] figure_2.jpg -> classified as: Plots / Charts
[JFEFORc7fP] figure_3.jpg -> classified as: Plots / Charts
[JFEFORc7fP] figure_1.jpg -> classified as: Architecture Diagram
[JGP1GlTnLF] figure_5.jpg -> classified as: Plots / Charts
[JGP1GlTnLF] figure_6.jpg -> classified as: Plots / Charts
[JGP1GlTnLF] figure_2.jpg -> classified as: Plots / Charts
[JGP1GlTnLF] figure_3.jpg -> classified as: Architecture Diagram
[JGP1GlTnLF] figure_4.jpg -> classified as: Plots / Charts
[JGP1GlTnLF] figure_1.jpg -> classified as: Plots / Charts
[JGr4Qv9vbz] figure_5.jpg -> classified as: Qualitative Examples
[JGr4Qv9vbz] figure_6.jpg -> classified as: Qualitative Examples
[JGr4Qv9vbz] figure_9.jpg -> classified as: Qualitative Examples
[JGr4Qv9vbz] figure_2.jpg -> classified as: Architecture Diagram
[JGr4Qv9vbz] figure_7.jpg -> classified as: Architecture Diagram
[JGr4Qv9vbz] figure_3.jpg -> classified as: Plots / Charts
[JGr4Qv9vbz] figure_4.jpg -> classified as: Qualitative Examples
[JGr4Qv9vbz] figure_1.jpg -> classified as: Other
  -> Skipping second pass (Other)
[JGr4Qv9vbz] figure_8.jpg -> classified as: Qualitative Examples
[JGr4Qv9vbz] figure_10.jpg -> classified as: Qualitative Examples
[JIlIYIHMuv] figure_2.jpg -> classified as: Architecture Diagram
[JIlIYIHMuv] figure_3.jpg -> classified as: Plots / Charts
[JIlIYIHMuv] figure_1.jpg -> classified as: Qualitative Examples
[JNsac6zbg2] figure_5.jpg -> classified as: Plots / Charts
[JNsac6zbg2] figure_6.jpg -> classified as: Plots / Charts
[JNsac6zbg2] figure_2.jpg -> classified as: Plots / Charts
[JNsac6zbg2] figure_7.jpg -> classified as: Plots / Charts
[JNsac6zbg2] figure_3.jpg -> classified as: Plots / Charts
[JNsac6zbg2] figure_4.jpg -> classified as: Plots / Charts
[JNsac6zbg2] figure_1.jpg -> classified as: Qualitative Examples
[JORAfH2xFd] figure_5.jpg -> classified as: Plots / Charts
[JORAfH2xFd] figure_6.jpg -> classified as: Plots / Charts
[JORAfH2xFd] figure_9.jpg -> classified as: Plots / Charts
[JORAfH2xFd] figure_2.jpg -> classified as: Plots / Charts
[JORAfH2xFd] figure_7.jpg -> classified as: Qualitative Examples
[JORAfH2xFd] figure_3.jpg -> classified as: Qualitative Examples
[JORAfH2xFd] figure_4.jpg -> classified as: Qualitative Examples
[JORAfH2xFd] figure_1.jpg -> classified as: Qualitative Examples
[JORAfH2xFd] figure_8.jpg -> classified as: Plots / Charts
[JQV9gH55Az] figure_5.jpg -> classified as: Plots / Charts
[JQV9gH55Az] figure_6.jpg -> classified as: Plots / Charts
[JQV9gH55Az] figure_9.jpg -> classified as: Plots / Charts
[JQV9gH55Az] figure_2.jpg -> classified as: Architecture Diagram
[JQV9gH55Az] figure_11.jpg -> classified as: Qualitative Examples
[JQV9gH55Az] figure_7.jpg -> classified as: Qualitative Examples
[JQV9gH55Az] figure_3.jpg -> classified as: Plots / Charts
[JQV9gH55Az] figure_4.jpg -> classified as: Qualitative Examples
[JQV9gH55Az] figure_1.jpg -> classified as: Plots / Charts
[JQV9gH55Az] figure_8.jpg -> classified as: Qualitative Examples
[JQV9gH55Az] figure_12.jpg -> classified as: Plots / Charts
[JQV9gH55Az] figure_10.jpg -> classified as: Qualitative Examples
[JT53iXH7eO] figure_A10.jpg -> classified as: Qualitative Examples
[JT53iXH7eO] figure_A7.jpg -> classified as: Qualitative Examples
