Initializing Qwen Client with model: qwen3-vl-8b-instruct
Using Data Root: /ceph/hpc/home/euweihez/topcon/d2025d08-005-users/data_src/balanced/balanced_th/th/balanced_theory
--- SHARD INFO ---
Job ID: 3 / 4
Processing indices: 1482 to 1974 (Total: 492 papers)
Outputting to: /ceph/hpc/home/euweihez/topcon/d2025d08-005-users/img_description/th/image_descriptions_3.json
------------------
[kxebDHZ7b7] figure_1.jpg -> classified as: Plots / Charts
[l0ZzTvPfTw] figure_5.jpg -> classified as: Architecture Diagram
[l0ZzTvPfTw] figure_6.jpg -> classified as: Plots / Charts
[l0ZzTvPfTw] figure_9.jpg -> classified as: Plots / Charts
[l0ZzTvPfTw] figure_13.jpg -> classified as: Plots / Charts
[l0ZzTvPfTw] figure_15.jpg -> classified as: Plots / Charts
[l0ZzTvPfTw] figure_2.jpg -> classified as: Plots / Charts
[l0ZzTvPfTw] figure_11.jpg -> classified as: Plots / Charts
[l0ZzTvPfTw] figure_7.jpg -> classified as: Plots / Charts
[l0ZzTvPfTw] figure_3.jpg -> classified as: Plots / Charts
[l0ZzTvPfTw] figure_4.jpg -> classified as: Plots / Charts
[l0ZzTvPfTw] figure_1.jpg -> classified as: Architecture Diagram
[l0ZzTvPfTw] figure_8.jpg -> classified as: Plots / Charts
[l0ZzTvPfTw] figure_12.jpg -> classified as: Plots / Charts
[l0ZzTvPfTw] figure_14.jpg -> classified as: Plots / Charts
[l0ZzTvPfTw] figure_10.jpg -> classified as: Plots / Charts
[l2odw7OiNw] figure_5.jpg -> classified as: Plots / Charts
[l2odw7OiNw] figure_6.jpg -> classified as: Plots / Charts
[l2odw7OiNw] figure_9.jpg -> classified as: Plots / Charts
[l2odw7OiNw] figure_18.jpg -> classified as: Plots / Charts
[l2odw7OiNw] figure_13.jpg -> classified as: Plots / Charts
[l2odw7OiNw] figure_15.jpg -> classified as: Plots / Charts
[l2odw7OiNw] figure_2.jpg -> classified as: Plots / Charts
[l2odw7OiNw] figure_11.jpg -> classified as: Plots / Charts
[l2odw7OiNw] figure_7.jpg -> classified as: Plots / Charts
[l2odw7OiNw] figure_3.jpg -> classified as: Plots / Charts
[l2odw7OiNw] figure_4.jpg -> classified as: Plots / Charts
[l2odw7OiNw] figure_17.jpg -> classified as: Plots / Charts
[l2odw7OiNw] figure_1.jpg -> classified as: Plots / Charts
[l2odw7OiNw] figure_8.jpg -> classified as: Plots / Charts
[l2odw7OiNw] figure_12.jpg -> classified as: Plots / Charts
[l2odw7OiNw] figure_14.jpg -> classified as: Plots / Charts
[l2odw7OiNw] figure_16.jpg -> classified as: Plots / Charts
[l5ouuojPGe] figure_5.jpg -> classified as: Plots / Charts
[l5ouuojPGe] figure_2.jpg -> classified as: Plots / Charts
[l5ouuojPGe] figure_3.jpg -> classified as: Plots / Charts
[l5ouuojPGe] figure_4.jpg -> classified as: Plots / Charts
[l5ouuojPGe] figure_1.jpg -> classified as: Architecture Diagram
[l5rEkR8OgU] figure_2.jpg -> classified as: Plots / Charts
[l5rEkR8OgU] figure_3.jpg -> classified as: Plots / Charts
[l5rEkR8OgU] figure_1.jpg -> classified as: Plots / Charts
[l9GaXJnMJ8] figure_2.jpg -> classified as: Plots / Charts
[l9GaXJnMJ8] figure_3.jpg -> classified as: Plots / Charts
[l9GaXJnMJ8] figure_4.jpg -> classified as: Plots / Charts
[l9GaXJnMJ8] figure_1.jpg -> classified as: Plots / Charts
[l9Q9GtNwkT] figure_5.jpg -> classified as: Plots / Charts
[l9Q9GtNwkT] figure_6.jpg -> classified as: Plots / Charts
[l9Q9GtNwkT] figure_9.jpg -> classified as: Plots / Charts
[l9Q9GtNwkT] figure_2.jpg -> classified as: Plots / Charts
[l9Q9GtNwkT] figure_7.jpg -> classified as: Plots / Charts
[l9Q9GtNwkT] figure_3.jpg -> classified as: Plots / Charts
[l9Q9GtNwkT] figure_4.jpg -> classified as: Plots / Charts
[l9Q9GtNwkT] figure_1.jpg -> classified as: Plots / Charts
[l9Q9GtNwkT] figure_8.jpg -> classified as: Plots / Charts
[l9Q9GtNwkT] figure_10.jpg -> classified as: Plots / Charts
[lAXlDAdan5] figure_5.jpg -> classified as: Plots / Charts
[lAXlDAdan5] figure_6.jpg -> classified as: Plots / Charts
[lAXlDAdan5] figure_9.jpg -> classified as: Plots / Charts
[lAXlDAdan5] figure_13.jpg -> classified as: Plots / Charts
[lAXlDAdan5] figure_11.jpg -> classified as: Plots / Charts
[lAXlDAdan5] figure_7.jpg -> classified as: Plots / Charts
[lAXlDAdan5] figure_3.jpg -> classified as: Qualitative Examples
[lAXlDAdan5] figure_4.jpg -> classified as: Architecture Diagram
[lAXlDAdan5] figure_1.jpg -> classified as: Architecture Diagram
[lAXlDAdan5] figure_8.jpg -> classified as: Plots / Charts
[lAXlDAdan5] figure_12.jpg -> classified as: Plots / Charts
[lAXlDAdan5] figure_10.jpg -> classified as: Plots / Charts
[lD9Kc22Wls] figure_1.jpg -> classified as: Plots / Charts
[lDbjooxLkD] figure_5.jpg -> classified as: Plots / Charts
[lDbjooxLkD] figure_6.jpg -> classified as: Plots / Charts
[lDbjooxLkD] figure_9.jpg -> classified as: Plots / Charts
[lDbjooxLkD] figure_13.jpg -> classified as: Plots / Charts
[lDbjooxLkD] figure_2.jpg -> classified as: Plots / Charts
[lDbjooxLkD] figure_11.jpg -> classified as: Plots / Charts
[lDbjooxLkD] figure_7.jpg -> classified as: Plots / Charts
[lDbjooxLkD] figure_3.jpg -> classified as: Plots / Charts
[lDbjooxLkD] figure_4.jpg -> classified as: Plots / Charts
[lDbjooxLkD] figure_1.jpg -> classified as: Plots / Charts
[lDbjooxLkD] figure_12.jpg -> classified as: Plots / Charts
[lDbjooxLkD] figure_10.jpg -> classified as: Plots / Charts
[lEmm0hYA2u] figure_2.jpg -> classified as: Plots / Charts
[lEmm0hYA2u] figure_3.jpg -> classified as: Plots / Charts
[lEmm0hYA2u] figure_4.jpg -> classified as: Plots / Charts
[lEmm0hYA2u] figure_1.jpg -> classified as: Plots / Charts
[lIYxAcxY1B] figure_5.jpg -> classified as: Plots / Charts
[lIYxAcxY1B] figure_6.jpg -> classified as: Plots / Charts
[lIYxAcxY1B] figure_9.jpg -> classified as: Plots / Charts
[lIYxAcxY1B] figure_2.jpg -> classified as: Plots / Charts
[lIYxAcxY1B] figure_7.jpg -> classified as: Qualitative Examples
[lIYxAcxY1B] figure_3.jpg -> classified as: Plots / Charts
[lIYxAcxY1B] figure_4.jpg -> classified as: Plots / Charts
[lIYxAcxY1B] figure_1.jpg -> classified as: Plots / Charts
[lIYxAcxY1B] figure_8.jpg -> classified as: Plots / Charts
[lR3rk7ysXz] figure_5.jpg -> classified as: Plots / Charts
[lR3rk7ysXz] figure_6.jpg -> classified as: Plots / Charts
[lR3rk7ysXz] figure_9.jpg -> classified as: Plots / Charts
[lR3rk7ysXz] figure_13.jpg -> classified as: Plots / Charts
[lR3rk7ysXz] figure_2.jpg -> classified as: Qualitative Examples
[lR3rk7ysXz] figure_11.jpg -> classified as: Plots / Charts
[lR3rk7ysXz] figure_7.jpg -> classified as: Plots / Charts
[lR3rk7ysXz] figure_3.jpg -> classified as: Plots / Charts
[lR3rk7ysXz] figure_4.jpg -> classified as: Plots / Charts
[lR3rk7ysXz] figure_1.jpg -> classified as: Plots / Charts
[lR3rk7ysXz] figure_8.jpg -> classified as: Plots / Charts
[lR3rk7ysXz] figure_12.jpg -> classified as: Plots / Charts
[lR3rk7ysXz] figure_14.jpg -> classified as: Plots / Charts
[lR3rk7ysXz] figure_10.jpg -> classified as: Qualitative Examples
[lWN2aGg8qJ] figure_44.jpg -> classified as: Plots / Charts
[lWN2aGg8qJ] figure_30.jpg -> classified as: Plots / Charts
[lWN2aGg8qJ] figure_43.jpg -> classified as: Plots / Charts
[lWN2aGg8qJ] figure_19.jpg -> classified as: Other
  -> Skipping second pass (Other)
[lWN2aGg8qJ] figure_23.jpg -> classified as: Plots / Charts
[lWN2aGg8qJ] figure_29.jpg -> classified as: Plots / Charts
[lWN2aGg8qJ] figure_24.jpg -> classified as: Plots / Charts
[lWN2aGg8qJ] figure_5.jpg -> classified as: Plots / Charts
[lWN2aGg8qJ] figure_6.jpg -> classified as: Plots / Charts
[lWN2aGg8qJ] figure_9.jpg -> classified as: Plots / Charts
[lWN2aGg8qJ] figure_42.jpg -> classified as: Plots / Charts
[lWN2aGg8qJ] figure_46.jpg -> classified as: Plots / Charts
[lWN2aGg8qJ] figure_39.jpg -> classified as: Plots / Charts
[lWN2aGg8qJ] figure_22.jpg -> classified as: Qualitative Examples
[lWN2aGg8qJ] figure_28.jpg -> classified as: Other
  -> Skipping second pass (Other)
[lWN2aGg8qJ] figure_18.jpg -> classified as: Plots / Charts
[lWN2aGg8qJ] figure_13.jpg -> classified as: Qualitative Examples
[lWN2aGg8qJ] figure_15.jpg -> classified as: Plots / Charts
[lWN2aGg8qJ] figure_2.jpg -> classified as: Plots / Charts
[lWN2aGg8qJ] figure_38.jpg -> classified as: Plots / Charts
[lWN2aGg8qJ] figure_20.jpg -> classified as: Plots / Charts
[lWN2aGg8qJ] figure_11.jpg -> classified as: Plots / Charts
[lWN2aGg8qJ] figure_35.jpg -> classified as: Plots / Charts
[lWN2aGg8qJ] figure_7.jpg -> classified as: Qualitative Examples
[lWN2aGg8qJ] figure_34.jpg -> classified as: Plots / Charts
[lWN2aGg8qJ] figure_3.jpg -> classified as: Plots / Charts
[lWN2aGg8qJ] figure_33.jpg -> classified as: Plots / Charts
[lWN2aGg8qJ] figure_4.jpg -> classified as: Plots / Charts
[lWN2aGg8qJ] figure_36.jpg -> classified as: Plots / Charts
[lWN2aGg8qJ] figure_40.jpg -> classified as: Plots / Charts
[lWN2aGg8qJ] figure_31.jpg -> classified as: Plots / Charts
[lWN2aGg8qJ] figure_17.jpg -> classified as: Plots / Charts
[lWN2aGg8qJ] figure_45.jpg -> classified as: Plots / Charts
[lWN2aGg8qJ] figure_1.jpg -> classified as: Plots / Charts
[lWN2aGg8qJ] figure_27.jpg -> classified as: Plots / Charts
[lWN2aGg8qJ] figure_37.jpg -> classified as: Plots / Charts
[lWN2aGg8qJ] figure_8.jpg -> classified as: Plots / Charts
[lWN2aGg8qJ] figure_12.jpg -> classified as: Plots / Charts
[lWN2aGg8qJ] figure_25.jpg -> classified as: Other
  -> Skipping second pass (Other)
[lWN2aGg8qJ] figure_21.jpg -> classified as: Plots / Charts
[lWN2aGg8qJ] figure_26.jpg -> classified as: Plots / Charts
[lWN2aGg8qJ] figure_14.jpg -> classified as: Plots / Charts
[lWN2aGg8qJ] figure_32.jpg -> classified as: Plots / Charts
[lWN2aGg8qJ] figure_16.jpg -> classified as: Plots / Charts
[lWN2aGg8qJ] figure_10.jpg -> classified as: Qualitative Examples
[lZNb1CVm5O] figure_5.jpg -> classified as: Plots / Charts
[lZNb1CVm5O] figure_6.jpg -> classified as: Plots / Charts
[lZNb1CVm5O] figure_9.jpg -> classified as: Plots / Charts
[lZNb1CVm5O] figure_2.jpg -> classified as: Plots / Charts
[lZNb1CVm5O] figure_7.jpg -> classified as: Plots / Charts
[lZNb1CVm5O] figure_3.jpg -> classified as: Plots / Charts
[lZNb1CVm5O] figure_unnamed_figure.jpg -> classified as: Plots / Charts
[lZNb1CVm5O] figure_4.jpg -> classified as: Plots / Charts
[lZNb1CVm5O] figure_1.jpg -> classified as: Qualitative Examples
[lZNb1CVm5O] figure_8.jpg -> classified as: Plots / Charts
[laKmMbx6x4] figure_2.jpg -> classified as: Qualitative Examples
[laKmMbx6x4] figure_3.jpg -> classified as: Qualitative Examples
[laKmMbx6x4] figure_4.jpg -> classified as: Plots / Charts
[laKmMbx6x4] figure_1.jpg -> classified as: Qualitative Examples
[lcAmiLDEQ4] figure_5.jpg -> classified as: Plots / Charts
[lcAmiLDEQ4] figure_6.jpg -> classified as: Plots / Charts
[lcAmiLDEQ4] figure_2.jpg -> classified as: Plots / Charts
[lcAmiLDEQ4] figure_3.jpg -> classified as: Plots / Charts
[lcAmiLDEQ4] figure_4.jpg -> classified as: Plots / Charts
[lcAmiLDEQ4] figure_1.jpg -> classified as: Plots / Charts
[leWAmr2pzJ] figure_5.jpg -> classified as: Other
  -> Skipping second pass (Other)
[leWAmr2pzJ] figure_6.jpg -> classified as: Qualitative Examples
[leWAmr2pzJ] figure_9.jpg -> classified as: Plots / Charts
[leWAmr2pzJ] figure_(a)_The_output.jpg -> classified as: Plots / Charts
[leWAmr2pzJ] figure_7.jpg -> classified as: Plots / Charts
[leWAmr2pzJ] figure_3.jpg -> classified as: Plots / Charts
[leWAmr2pzJ] figure_4.jpg -> classified as: Architecture Diagram
[leWAmr2pzJ] figure_1.jpg -> classified as: Plots / Charts
[leWAmr2pzJ] figure_8.jpg -> classified as: Plots / Charts
[lhh5Q85KQJ] figure_5.jpg -> classified as: Plots / Charts
[lhh5Q85KQJ] figure_2.jpg -> classified as: Plots / Charts
[lhh5Q85KQJ] figure_3.jpg -> classified as: Plots / Charts
[lhh5Q85KQJ] figure_4.jpg -> classified as: Plots / Charts
[lhh5Q85KQJ] figure_1.jpg -> classified as: Architecture Diagram
[li1Z0OQfnA] figure_1.jpg -> classified as: Plots / Charts
[libLqoInAd] figure_5.jpg -> classified as: Plots / Charts
[libLqoInAd] figure_6.jpg -> classified as: Plots / Charts
[libLqoInAd] figure_9.jpg -> classified as: Plots / Charts
[libLqoInAd] figure_13.jpg -> classified as: Plots / Charts
[libLqoInAd] figure_2.jpg -> classified as: Architecture Diagram
[libLqoInAd] figure_11.jpg -> classified as: Plots / Charts
[libLqoInAd] figure_7.jpg -> classified as: Plots / Charts
[libLqoInAd] figure_3.jpg -> classified as: Plots / Charts
[libLqoInAd] figure_4.jpg -> classified as: Plots / Charts
[libLqoInAd] figure_1.jpg -> classified as: Plots / Charts
[libLqoInAd] figure_8.jpg -> classified as: Architecture Diagram
[libLqoInAd] figure_12.jpg -> classified as: Plots / Charts
[libLqoInAd] figure_10.jpg -> classified as: Plots / Charts
[likXVjmh3E] figure_5.jpg -> classified as: Plots / Charts
[likXVjmh3E] figure_6.jpg -> classified as: Plots / Charts
[likXVjmh3E] figure_9.jpg -> classified as: Plots / Charts
[likXVjmh3E] figure_2.jpg -> classified as: Plots / Charts
[likXVjmh3E] figure_7.jpg -> classified as: Plots / Charts
[likXVjmh3E] figure_3.jpg -> classified as: Plots / Charts
[likXVjmh3E] figure_4.jpg -> classified as: Plots / Charts
[likXVjmh3E] figure_1.jpg -> classified as: Plots / Charts
[likXVjmh3E] figure_(b)_Comparison_between.jpg -> classified as: Plots / Charts
[likXVjmh3E] figure_8.jpg -> classified as: Plots / Charts
[lo3nlFHOft] figure_5.jpg -> classified as: Plots / Charts
[lo3nlFHOft] figure_6.jpg -> classified as: Plots / Charts
[lo3nlFHOft] figure_9.jpg -> classified as: Architecture Diagram
[lo3nlFHOft] figure_13.jpg -> classified as: Architecture Diagram
[lo3nlFHOft] figure_15.jpg -> classified as: Plots / Charts
[lo3nlFHOft] figure_2.jpg -> classified as: Plots / Charts
[lo3nlFHOft] figure_11.jpg -> classified as: Plots / Charts
[lo3nlFHOft] figure_7.jpg -> classified as: Plots / Charts
[lo3nlFHOft] figure_3.jpg -> classified as: Plots / Charts
[lo3nlFHOft] figure_4.jpg -> classified as: Plots / Charts
[lo3nlFHOft] figure_17.jpg -> classified as: Plots / Charts
[lo3nlFHOft] figure_1.jpg -> classified as: Architecture Diagram
[lo3nlFHOft] figure_8.jpg -> classified as: Architecture Diagram
[lo3nlFHOft] figure_12.jpg -> classified as: Qualitative Examples
[lo3nlFHOft] figure_14.jpg -> classified as: Plots / Charts
[lo3nlFHOft] figure_16.jpg -> classified as: Plots / Charts
[lo3nlFHOft] figure_10.jpg -> classified as: Other
  -> Skipping second pass (Other)
[loDppyW7e2] figure_D_9.jpg -> classified as: Plots / Charts
[loDppyW7e2] figure_D_7.jpg -> classified as: Plots / Charts
[loDppyW7e2] figure_D_6.jpg -> classified as: Plots / Charts
[loDppyW7e2] figure_D_2.jpg -> classified as: Plots / Charts
[loDppyW7e2] figure_A.jpg -> classified as: Plots / Charts
[loDppyW7e2] figure_D_5.jpg -> classified as: Plots / Charts
[loDppyW7e2] figure_D_11.jpg -> classified as: Plots / Charts
[loDppyW7e2] figure_D_3.jpg -> classified as: Plots / Charts
[loDppyW7e2] figure_2.jpg -> classified as: Plots / Charts
[loDppyW7e2] figure_D_10.jpg -> classified as: Plots / Charts
[loDppyW7e2] figure_A_1.jpg -> classified as: Plots / Charts
[loDppyW7e2] figure_3.jpg -> classified as: Plots / Charts
[loDppyW7e2] figure_D.jpg -> classified as: Plots / Charts
[loDppyW7e2] figure_4.jpg -> classified as: Plots / Charts
[loDppyW7e2] figure_D_1.jpg -> classified as: Plots / Charts
[loDppyW7e2] figure_1.jpg -> classified as: Architecture Diagram
[loDppyW7e2] figure_D_8.jpg -> classified as: Plots / Charts
[loDppyW7e2] figure_D_4.jpg -> classified as: Plots / Charts
[loYSzjSaAK] figure_(a)_Informative_path.jpg -> classified as: Qualitative Examples
[loYSzjSaAK] figure_5.jpg -> classified as: Plots / Charts
[loYSzjSaAK] figure_6.jpg -> classified as: Architecture Diagram
[loYSzjSaAK] figure_2.jpg -> classified as: Architecture Diagram
[loYSzjSaAK] figure_7.jpg -> classified as: Architecture Diagram
[loYSzjSaAK] figure_3.jpg -> classified as: Plots / Charts
[loYSzjSaAK] figure_(b)_Item_collection.jpg -> classified as: Qualitative Examples
[loYSzjSaAK] figure_4.jpg -> classified as: Qualitative Examples
[loYSzjSaAK] figure_8.jpg -> classified as: Plots / Charts
[lqHv6dxBkj] figure_5.jpg -> classified as: Plots / Charts
[lqHv6dxBkj] figure_6.jpg -> classified as: Plots / Charts
[lqHv6dxBkj] figure_9.jpg -> classified as: Plots / Charts
[lqHv6dxBkj] figure_2.jpg -> classified as: Plots / Charts
[lqHv6dxBkj] figure_7.jpg -> classified as: Plots / Charts
[lqHv6dxBkj] figure_3.jpg -> classified as: Plots / Charts
[lqHv6dxBkj] figure_4.jpg -> classified as: Plots / Charts
[lqHv6dxBkj] figure_1.jpg -> classified as: Plots / Charts
[lqHv6dxBkj] figure_8.jpg -> classified as: Plots / Charts
[lqHv6dxBkj] figure_10.jpg -> classified as: Plots / Charts
[lqTILjL6lP] figure_5.jpg -> classified as: Plots / Charts
[lqTILjL6lP] figure_6.jpg -> classified as: Architecture Diagram
[lqTILjL6lP] figure_2.jpg -> classified as: Other
  -> Skipping second pass (Other)
[lqTILjL6lP] figure_7.jpg -> classified as: Plots / Charts
[lqTILjL6lP] figure_3.jpg -> classified as: Plots / Charts
[lqTILjL6lP] figure_4.jpg -> classified as: Plots / Charts
[lqTILjL6lP] figure_1.jpg -> classified as: Architecture Diagram
[lqTILjL6lP] figure_8.jpg -> classified as: Plots / Charts
[lsvlvWB9vz] figure_5.jpg -> classified as: Plots / Charts
[lsvlvWB9vz] figure_6.jpg -> classified as: Plots / Charts
[lsvlvWB9vz] figure_2.jpg -> classified as: Plots / Charts
[lsvlvWB9vz] figure_7.jpg -> classified as: Plots / Charts
[lsvlvWB9vz] figure_3.jpg -> classified as: Plots / Charts
[lsvlvWB9vz] figure_4.jpg -> classified as: Plots / Charts
[lsvlvWB9vz] figure_1.jpg -> classified as: Plots / Charts
[lsxeNvYqCj] figure_3.jpg -> classified as: Plots / Charts
[lsxeNvYqCj] figure_1.jpg -> classified as: Other
  -> Skipping second pass (Other)
[ltrxRX5t0H] figure_5.jpg -> classified as: Plots / Charts
[ltrxRX5t0H] figure_6.jpg -> classified as: Plots / Charts
[ltrxRX5t0H] figure_9.jpg -> classified as: Plots / Charts
[ltrxRX5t0H] figure_13.jpg -> classified as: Plots / Charts
[ltrxRX5t0H] figure_2.jpg -> classified as: Plots / Charts
[ltrxRX5t0H] figure_11.jpg -> classified as: Plots / Charts
[ltrxRX5t0H] figure_7.jpg -> classified as: Plots / Charts
[ltrxRX5t0H] figure_3.jpg -> classified as: Plots / Charts
[ltrxRX5t0H] figure_4.jpg -> classified as: Plots / Charts
[ltrxRX5t0H] figure_1.jpg -> classified as: Plots / Charts
[ltrxRX5t0H] figure_8.jpg -> classified as: Architecture Diagram
[ltrxRX5t0H] figure_12.jpg -> classified as: Plots / Charts
[ltrxRX5t0H] figure_14.jpg -> classified as: Plots / Charts
[ltrxRX5t0H] figure_10.jpg -> classified as: Plots / Charts
[lzt60v45V4] figure_5.jpg -> classified as: Plots / Charts
[lzt60v45V4] figure_6.jpg -> classified as: Architecture Diagram
[lzt60v45V4] figure_9.jpg -> classified as: Plots / Charts
[lzt60v45V4] figure_2.jpg -> classified as: Architecture Diagram
[lzt60v45V4] figure_11.jpg -> classified as: Plots / Charts
[lzt60v45V4] figure_7.jpg -> classified as: Architecture Diagram
[lzt60v45V4] figure_3.jpg -> classified as: Plots / Charts
[lzt60v45V4] figure_4.jpg -> classified as: Plots / Charts
[lzt60v45V4] figure_1.jpg -> classified as: Architecture Diagram
[lzt60v45V4] figure_8.jpg -> classified as: Plots / Charts
[lzt60v45V4] figure_12.jpg -> classified as: Plots / Charts
[lzt60v45V4] figure_10.jpg -> classified as: Plots / Charts
[m0ddLnNvXS] figure_2.jpg -> classified as: Other
  -> Skipping second pass (Other)
[m0ddLnNvXS] figure_3.jpg -> classified as: Plots / Charts
[m0ddLnNvXS] figure_4.jpg -> classified as: Other
  -> Skipping second pass (Other)
[m0ddLnNvXS] figure_1.jpg -> classified as: Architecture Diagram
[m3KuuE2ozw] figure_5.jpg -> classified as: Plots / Charts
[m3KuuE2ozw] figure_6.jpg -> classified as: Plots / Charts
[m3KuuE2ozw] figure_9.jpg -> classified as: Plots / Charts
[m3KuuE2ozw] figure_2.jpg -> classified as: Architecture Diagram
[m3KuuE2ozw] figure_11.jpg -> classified as: Plots / Charts
[m3KuuE2ozw] figure_7.jpg -> classified as: Plots / Charts
[m3KuuE2ozw] figure_3.jpg -> classified as: Architecture Diagram
[m3KuuE2ozw] figure_4.jpg -> classified as: Plots / Charts
[m3KuuE2ozw] figure_1.jpg -> classified as: Other
  -> Skipping second pass (Other)
[m3KuuE2ozw] figure_8.jpg -> classified as: Plots / Charts
[m3KuuE2ozw] figure_10.jpg -> classified as: Plots / Charts
[m3x4kDbYAK] figure_2.jpg -> classified as: Architecture Diagram
[m3x4kDbYAK] figure_3.jpg -> classified as: Plots / Charts
[m3x4kDbYAK] figure_4.jpg -> classified as: Plots / Charts
[m3x4kDbYAK] figure_1.jpg -> classified as: Architecture Diagram
[m4Ya9RkEEW] figure_2.jpg -> classified as: Plots / Charts
[m4Ya9RkEEW] figure_3.jpg -> classified as: Plots / Charts
[m4Ya9RkEEW] figure_4.jpg -> classified as: Plots / Charts
[m4Ya9RkEEW] figure_1.jpg -> classified as: Plots / Charts
[m51BgoqvbP] figure_5.jpg -> classified as: Plots / Charts
[m51BgoqvbP] figure_6.jpg -> classified as: Architecture Diagram
[m51BgoqvbP] figure_9.jpg -> classified as: Plots / Charts
[m51BgoqvbP] figure_15.jpg -> classified as: Plots / Charts
[m51BgoqvbP] figure_2.jpg -> classified as: Other
  -> Skipping second pass (Other)
[m51BgoqvbP] figure_11.jpg -> classified as: Plots / Charts
[m51BgoqvbP] figure_7.jpg -> classified as: Plots / Charts
[m51BgoqvbP] figure_3.jpg -> classified as: Plots / Charts
[m51BgoqvbP] figure_(a)_1.2B_Models.jpg -> classified as: Plots / Charts
[m51BgoqvbP] figure_4.jpg -> classified as: Plots / Charts
[m51BgoqvbP] figure_1.jpg -> classified as: Plots / Charts
[m51BgoqvbP] figure_8.jpg -> classified as: Plots / Charts
[m51BgoqvbP] figure_12.jpg -> classified as: Plots / Charts
[m51BgoqvbP] figure_14.jpg -> classified as: Plots / Charts
[m51BgoqvbP] figure_10.jpg -> classified as: Plots / Charts
[m5qpn0KTMZ] figure_2.jpg -> classified as: Qualitative Examples
[m5qpn0KTMZ] figure_3.jpg -> classified as: Plots / Charts
[m5qpn0KTMZ] figure_4.jpg -> classified as: Qualitative Examples
[m5qpn0KTMZ] figure_1.jpg -> classified as: Plots / Charts
[m9BiWVTJDx] figure_5.jpg -> classified as: Plots / Charts
[m9BiWVTJDx] figure_6.jpg -> classified as: Qualitative Examples
[m9BiWVTJDx] figure_2.jpg -> classified as: Architecture Diagram
[m9BiWVTJDx] figure_3.jpg -> classified as: Plots / Charts
[m9BiWVTJDx] figure_4.jpg -> classified as: Plots / Charts
[m9BiWVTJDx] figure_1.jpg -> classified as: Plots / Charts
[mE52zURNGc] figure_5.jpg -> classified as: Plots / Charts
[mE52zURNGc] figure_6.jpg -> classified as: Plots / Charts
[mE52zURNGc] figure_2.jpg -> classified as: Qualitative Examples
[mE52zURNGc] figure_7.jpg -> classified as: Plots / Charts
[mE52zURNGc] figure_3.jpg -> classified as: Architecture Diagram
[mE52zURNGc] figure_4.jpg -> classified as: Plots / Charts
[mE52zURNGc] figure_1.jpg -> classified as: Qualitative Examples
[mE52zURNGc] figure_8.jpg -> classified as: Qualitative Examples
[mEpqHvbD2h] figure_19.jpg -> classified as: Plots / Charts
[mEpqHvbD2h] figure_23.jpg -> classified as: Qualitative Examples
[mEpqHvbD2h] figure_24.jpg -> classified as: Qualitative Examples
[mEpqHvbD2h] figure_5.jpg -> classified as: Plots / Charts
[mEpqHvbD2h] figure_6.jpg -> classified as: Plots / Charts
[mEpqHvbD2h] figure_9.jpg -> classified as: Plots / Charts
[mEpqHvbD2h] figure_22.jpg -> classified as: Plots / Charts
[mEpqHvbD2h] figure_18.jpg -> classified as: Plots / Charts
[mEpqHvbD2h] figure_13.jpg -> classified as: Plots / Charts
[mEpqHvbD2h] figure_15.jpg -> classified as: Plots / Charts
[mEpqHvbD2h] figure_2.jpg -> classified as: Architecture Diagram
[mEpqHvbD2h] figure_20.jpg -> classified as: Plots / Charts
[mEpqHvbD2h] figure_11.jpg -> classified as: Plots / Charts
[mEpqHvbD2h] figure_7.jpg -> classified as: Plots / Charts
[mEpqHvbD2h] figure_3.jpg -> classified as: Qualitative Examples
[mEpqHvbD2h] figure_4.jpg -> classified as: Plots / Charts
[mEpqHvbD2h] figure_17.jpg -> classified as: Plots / Charts
[mEpqHvbD2h] figure_1.jpg -> classified as: Architecture Diagram
[mEpqHvbD2h] figure_8.jpg -> classified as: Plots / Charts
[mEpqHvbD2h] figure_12.jpg -> classified as: Plots / Charts
[mEpqHvbD2h] figure_21.jpg -> classified as: Plots / Charts
[mEpqHvbD2h] figure_14.jpg -> classified as: Plots / Charts
[mEpqHvbD2h] figure_16.jpg -> classified as: Plots / Charts
[mEpqHvbD2h] figure_10.jpg -> classified as: Qualitative Examples
[mGSQLuYxVF] figure_1.jpg -> classified as: Plots / Charts
[mHkbi3XM58] figure_5.jpg -> classified as: Qualitative Examples
[mHkbi3XM58] figure_6.jpg -> classified as: Plots / Charts
[mHkbi3XM58] figure_9.jpg -> classified as: Plots / Charts
[mHkbi3XM58] figure_2.jpg -> classified as: Qualitative Examples
[mHkbi3XM58] figure_11.jpg -> classified as: Qualitative Examples
[mHkbi3XM58] figure_7.jpg -> classified as: Qualitative Examples
[mHkbi3XM58] figure_3.jpg -> classified as: Qualitative Examples
[mHkbi3XM58] figure_4.jpg -> classified as: Plots / Charts
[mHkbi3XM58] figure_1.jpg -> classified as: Architecture Diagram
[mHkbi3XM58] figure_8.jpg -> classified as: Plots / Charts
[mHkbi3XM58] figure_12.jpg -> classified as: Qualitative Examples
[mHkbi3XM58] figure_10.jpg -> classified as: Plots / Charts
[mJwpHp8guj] figure_5.jpg -> classified as: Plots / Charts
[mJwpHp8guj] figure_6.jpg -> classified as: Architecture Diagram
[mJwpHp8guj] figure_2.jpg -> classified as: Architecture Diagram
[mJwpHp8guj] figure_7.jpg -> classified as: Plots / Charts
[mJwpHp8guj] figure_3.jpg -> classified as: Architecture Diagram
[mJwpHp8guj] figure_4.jpg -> classified as: Plots / Charts
[mJwpHp8guj] figure_1.jpg -> classified as: Architecture Diagram
[mLyyB4le5u] figure_5.jpg -> classified as: Plots / Charts
[mLyyB4le5u] figure_6.jpg -> classified as: Plots / Charts
[mLyyB4le5u] figure_9.jpg -> classified as: Plots / Charts
[mLyyB4le5u] figure_2.jpg -> classified as: Plots / Charts
[mLyyB4le5u] figure_11.jpg -> classified as: Plots / Charts
[mLyyB4le5u] figure_7.jpg -> classified as: Plots / Charts
[mLyyB4le5u] figure_3.jpg -> classified as: Plots / Charts
[mLyyB4le5u] figure_4.jpg -> classified as: Plots / Charts
[mLyyB4le5u] figure_1.jpg -> classified as: Plots / Charts
[mLyyB4le5u] figure_8.jpg -> classified as: Plots / Charts
[mLyyB4le5u] figure_12.jpg -> classified as: Plots / Charts
[mLyyB4le5u] figure_10.jpg -> classified as: Plots / Charts
[mMzp3ImIco] figure_5.jpg -> classified as: Plots / Charts
[mMzp3ImIco] figure_6.jpg -> classified as: Plots / Charts
[mMzp3ImIco] figure_9.jpg -> classified as: Plots / Charts
[mMzp3ImIco] figure_13.jpg -> classified as: Plots / Charts
[mMzp3ImIco] figure_2.jpg -> classified as: Plots / Charts
[mMzp3ImIco] figure_11.jpg -> classified as: Plots / Charts
[mMzp3ImIco] figure_7.jpg -> classified as: Plots / Charts
[mMzp3ImIco] figure_3.jpg -> classified as: Plots / Charts
[mMzp3ImIco] figure_4.jpg -> classified as: Plots / Charts
[mMzp3ImIco] figure_1.jpg -> classified as: Plots / Charts
[mMzp3ImIco] figure_8.jpg -> classified as: Plots / Charts
[mMzp3ImIco] figure_12.jpg -> classified as: Plots / Charts
[mMzp3ImIco] figure_10.jpg -> classified as: Plots / Charts
[mQ72XRfYRZ] figure_5.jpg -> classified as: Plots / Charts
[mQ72XRfYRZ] figure_6.jpg -> classified as: Plots / Charts
[mQ72XRfYRZ] figure_2.jpg -> classified as: Plots / Charts
[mQ72XRfYRZ] figure_3.jpg -> classified as: Architecture Diagram
[mQ72XRfYRZ] figure_4.jpg -> classified as: Plots / Charts
[mQ72XRfYRZ] figure_1.jpg -> classified as: Architecture Diagram
[mSGcDhQPwm] figure_2.jpg -> classified as: Plots / Charts
[mSGcDhQPwm] figure_1.jpg -> classified as: Architecture Diagram
[ma4SUzeCLR] figure_2.jpg -> classified as: Plots / Charts
[ma4SUzeCLR] figure_3.jpg -> classified as: Plots / Charts
[ma4SUzeCLR] figure_4.jpg -> classified as: Plots / Charts
[ma4SUzeCLR] figure_1.jpg -> classified as: Architecture Diagram
[mbo4YnWCHd] figure_5.jpg -> classified as: Plots / Charts
[mbo4YnWCHd] figure_6.jpg -> classified as: Architecture Diagram
[mbo4YnWCHd] figure_9.jpg -> classified as: Plots / Charts
[mbo4YnWCHd] figure_2.jpg -> classified as: Architecture Diagram
[mbo4YnWCHd] figure_7.jpg -> classified as: Plots / Charts
[mbo4YnWCHd] figure_3.jpg -> classified as: Architecture Diagram
[mbo4YnWCHd] figure_4.jpg -> classified as: Architecture Diagram
[mbo4YnWCHd] figure_1.jpg -> classified as: Plots / Charts
[mbo4YnWCHd] figure_8.jpg -> classified as: Plots / Charts
[mbo4YnWCHd] figure_10.jpg -> classified as: Plots / Charts
[mgHv1XXoGm] figure_(a)_visualization_of.jpg -> classified as: Plots / Charts
[mgHv1XXoGm] figure_5.jpg -> classified as: Plots / Charts
[mgHv1XXoGm] figure_6.jpg -> classified as: Plots / Charts
[mgHv1XXoGm] figure_2.jpg -> classified as: Plots / Charts
[mgHv1XXoGm] figure_3.jpg -> classified as: Plots / Charts
[mgHv1XXoGm] figure_4.jpg -> classified as: Plots / Charts
[mgHv1XXoGm] figure_1.jpg -> classified as: Plots / Charts
[mi9GJkZt8n] figure_1.jpg -> classified as: Architecture Diagram
[mkNVPGpEPm] figure_2.jpg -> classified as: Plots / Charts
[mkNVPGpEPm] figure_1.jpg -> classified as: Plots / Charts
[mmpVsDjVgn] figure_19.jpg -> classified as: Plots / Charts
[mmpVsDjVgn] figure_5.jpg -> classified as: Plots / Charts
[mmpVsDjVgn] figure_6.jpg -> classified as: Plots / Charts
[mmpVsDjVgn] figure_9.jpg -> classified as: Architecture Diagram
[mmpVsDjVgn] figure_18.jpg -> classified as: Plots / Charts
[mmpVsDjVgn] figure_13.jpg -> classified as: Plots / Charts
[mmpVsDjVgn] figure_15.jpg -> classified as: Plots / Charts
[mmpVsDjVgn] figure_2.jpg -> classified as: Qualitative Examples
[mmpVsDjVgn] figure_11.jpg -> classified as: Plots / Charts
[mmpVsDjVgn] figure_7.jpg -> classified as: Plots / Charts
[mmpVsDjVgn] figure_3.jpg -> classified as: Plots / Charts
[mmpVsDjVgn] figure_4.jpg -> classified as: Plots / Charts
[mmpVsDjVgn] figure_17.jpg -> classified as: Plots / Charts
[mmpVsDjVgn] figure_1.jpg -> classified as: Qualitative Examples
[mmpVsDjVgn] figure_8.jpg -> classified as: Qualitative Examples
[mmpVsDjVgn] figure_12.jpg -> classified as: Plots / Charts
[mmpVsDjVgn] figure_14.jpg -> classified as: Plots / Charts
[mmpVsDjVgn] figure_16.jpg -> classified as: Plots / Charts
[mmpVsDjVgn] figure_10.jpg -> classified as: Plots / Charts
[mqCt76eiNt] figure_S1.jpg -> classified as: Plots / Charts
[mqCt76eiNt] figure_5.jpg -> classified as: Plots / Charts
[mqCt76eiNt] figure_6.jpg -> classified as: Plots / Charts
[mqCt76eiNt] figure_S2.jpg -> classified as: Plots / Charts
[mqCt76eiNt] figure_2.jpg -> classified as: Architecture Diagram
[mqCt76eiNt] figure_3.jpg -> classified as: Plots / Charts
[mqCt76eiNt] figure_S4.jpg -> classified as: Plots / Charts
[mqCt76eiNt] figure_4.jpg -> classified as: Plots / Charts
[mqCt76eiNt] figure_1.jpg -> classified as: Plots / Charts
[mqCt76eiNt] figure_S3.jpg -> classified as: Plots / Charts
[mqVgBbNCm9] figure_30.jpg -> classified as: Plots / Charts
[mqVgBbNCm9] figure_19.jpg -> classified as: Plots / Charts
[mqVgBbNCm9] figure_23.jpg -> classified as: Plots / Charts
[mqVgBbNCm9] figure_(c)_The_maximum.jpg -> classified as: Plots / Charts
[mqVgBbNCm9] figure_29.jpg -> classified as: Plots / Charts
[mqVgBbNCm9] figure_24.jpg -> classified as: Plots / Charts
[mqVgBbNCm9] figure_5.jpg -> classified as: Plots / Charts
[mqVgBbNCm9] figure_6.jpg -> classified as: Plots / Charts
[mqVgBbNCm9] figure_9.jpg -> classified as: Architecture Diagram
[mqVgBbNCm9] figure_39.jpg -> classified as: Plots / Charts
[mqVgBbNCm9] figure_22.jpg -> classified as: Plots / Charts
[mqVgBbNCm9] figure_28.jpg -> classified as: Plots / Charts
[mqVgBbNCm9] figure_(b)_Peak_memory.jpg -> classified as: Plots / Charts
[mqVgBbNCm9] figure_18.jpg -> classified as: Plots / Charts
[mqVgBbNCm9] figure_13.jpg -> classified as: Plots / Charts
[mqVgBbNCm9] figure_15.jpg -> classified as: Plots / Charts
[mqVgBbNCm9] figure_2.jpg -> classified as: Plots / Charts
[mqVgBbNCm9] figure_38.jpg -> classified as: Plots / Charts
[mqVgBbNCm9] figure_20.jpg -> classified as: Plots / Charts
[mqVgBbNCm9] figure_11.jpg -> classified as: Plots / Charts
[mqVgBbNCm9] figure_35.jpg -> classified as: Plots / Charts
[mqVgBbNCm9] figure_7.jpg -> classified as: Plots / Charts
[mqVgBbNCm9] figure_34.jpg -> classified as: Plots / Charts
[mqVgBbNCm9] figure_G.1.1_DETAILED_STATISTICS.jpg -> classified as: Plots / Charts
[mqVgBbNCm9] figure_33.jpg -> classified as: Plots / Charts
[mqVgBbNCm9] figure_4.jpg -> classified as: Plots / Charts
[mqVgBbNCm9] figure_36.jpg -> classified as: Plots / Charts
[mqVgBbNCm9] figure_40.jpg -> classified as: Plots / Charts
[mqVgBbNCm9] figure_31.jpg -> classified as: Plots / Charts
[mqVgBbNCm9] figure_17.jpg -> classified as: Plots / Charts
[mqVgBbNCm9] figure_1.jpg -> classified as: Other
  -> Skipping second pass (Other)
[mqVgBbNCm9] figure_27.jpg -> classified as: Plots / Charts
[mqVgBbNCm9] figure_(b)_Speed-ups_of.jpg -> classified as: Plots / Charts
[mqVgBbNCm9] figure_37.jpg -> classified as: Plots / Charts
[mqVgBbNCm9] figure_Fig._15_shows.jpg -> classified as: Plots / Charts
[mqVgBbNCm9] figure_8.jpg -> classified as: Plots / Charts
[mqVgBbNCm9] figure_25.jpg -> classified as: Plots / Charts
[mqVgBbNCm9] figure_21.jpg -> classified as: Plots / Charts
[mqVgBbNCm9] figure_26.jpg -> classified as: Plots / Charts
[mqVgBbNCm9] figure_14.jpg -> classified as: Plots / Charts
[mqVgBbNCm9] figure_(a)_Average_latency.jpg -> classified as: Plots / Charts
[mqVgBbNCm9] figure_(a)_The_number.jpg -> classified as: Plots / Charts
[mqVgBbNCm9] figure_32.jpg -> classified as: Plots / Charts
[mqVgBbNCm9] figure_16.jpg -> classified as: Plots / Charts
[mqVgBbNCm9] figure_10.jpg -> classified as: Plots / Charts
[msEr27EejF] figure_5.jpg -> classified as: Plots / Charts
[msEr27EejF] figure_6.jpg -> classified as: Plots / Charts
[msEr27EejF] figure_2.jpg -> classified as: Plots / Charts
[msEr27EejF] figure_3.jpg -> classified as: Plots / Charts
[msEr27EejF] figure_4.jpg -> classified as: Plots / Charts
[msEr27EejF] figure_1.jpg -> classified as: Plots / Charts
[mscnV6JZkT] figure_2.jpg -> classified as: Plots / Charts
[mscnV6JZkT] figure_1.jpg -> classified as: Plots / Charts
[mtJSMcF3ek] figure_19.jpg -> classified as: Plots / Charts
[mtJSMcF3ek] figure_5.jpg -> classified as: Plots / Charts
[mtJSMcF3ek] figure_6.jpg -> classified as: Plots / Charts
[mtJSMcF3ek] figure_9.jpg -> classified as: Plots / Charts
[mtJSMcF3ek] figure_Yi-1.5_Tournament_(GSM-8K).jpg -> classified as: Plots / Charts
[mtJSMcF3ek] figure_18.jpg -> classified as: Plots / Charts
[mtJSMcF3ek] figure_13.jpg -> classified as: Plots / Charts
[mtJSMcF3ek] figure_15.jpg -> classified as: Plots / Charts
[mtJSMcF3ek] figure_2.jpg -> classified as: Plots / Charts
[mtJSMcF3ek] figure_Llama-3.1_Tournament_(GSM-8K).jpg -> classified as: Plots / Charts
[mtJSMcF3ek] figure_Qwen-1.5_Tournament_(GSM-8K).jpg -> classified as: Plots / Charts
[mtJSMcF3ek] figure_11.jpg -> classified as: Plots / Charts
[mtJSMcF3ek] figure_7.jpg -> classified as: Plots / Charts
[mtJSMcF3ek] figure_3.jpg -> classified as: Plots / Charts
[mtJSMcF3ek] figure_4.jpg -> classified as: Plots / Charts
[mtJSMcF3ek] figure_17.jpg -> classified as: Plots / Charts
[mtJSMcF3ek] figure_1.jpg -> classified as: Plots / Charts
[mtJSMcF3ek] figure_8.jpg -> classified as: Plots / Charts
[mtJSMcF3ek] figure_12.jpg -> classified as: Plots / Charts
[mtJSMcF3ek] figure_14.jpg -> classified as: Plots / Charts
[mtJSMcF3ek] figure_10.jpg -> classified as: Plots / Charts
[myYzr50xBh] figure_5.jpg -> classified as: Plots / Charts
[myYzr50xBh] figure_6.jpg -> classified as: Plots / Charts
[myYzr50xBh] figure_9.jpg -> classified as: Plots / Charts
[myYzr50xBh] figure_13.jpg -> classified as: Plots / Charts
[myYzr50xBh] figure_15.jpg -> classified as: Plots / Charts
[myYzr50xBh] figure_2.jpg -> classified as: Plots / Charts
[myYzr50xBh] figure_11.jpg -> classified as: Plots / Charts
[myYzr50xBh] figure_7.jpg -> classified as: Plots / Charts
[myYzr50xBh] figure_3.jpg -> classified as: Plots / Charts
[myYzr50xBh] figure_4.jpg -> classified as: Architecture Diagram
[myYzr50xBh] figure_1.jpg -> classified as: Plots / Charts
[myYzr50xBh] figure_8.jpg -> classified as: Plots / Charts
[myYzr50xBh] figure_12.jpg -> classified as: Plots / Charts
[myYzr50xBh] figure_14.jpg -> classified as: Plots / Charts
[myYzr50xBh] figure_10.jpg -> classified as: Plots / Charts
[n0YCAMVh8b] figure_5.jpg -> classified as: Plots / Charts
[n0YCAMVh8b] figure_6.jpg -> classified as: Qualitative Examples
[n0YCAMVh8b] figure_9.jpg -> classified as: Qualitative Examples
[n0YCAMVh8b] figure_13.jpg -> classified as: Qualitative Examples
[n0YCAMVh8b] figure_15.jpg -> classified as: Qualitative Examples
[n0YCAMVh8b] figure_2.jpg -> classified as: Architecture Diagram
[n0YCAMVh8b] figure_11.jpg -> classified as: Qualitative Examples
[n0YCAMVh8b] figure_7.jpg -> classified as: Plots / Charts
[n0YCAMVh8b] figure_4.jpg -> classified as: Plots / Charts
[n0YCAMVh8b] figure_1.jpg -> classified as: Plots / Charts
[n0YCAMVh8b] figure_8.jpg -> classified as: Qualitative Examples
[n0YCAMVh8b] figure_12.jpg -> classified as: Qualitative Examples
[n0YCAMVh8b] figure_14.jpg -> classified as: Qualitative Examples
[n0YCAMVh8b] figure_10.jpg -> classified as: Qualitative Examples
[n0lXaskyk5] figure_2.jpg -> classified as: Architecture Diagram
[n0lXaskyk5] figure_3.jpg -> classified as: Plots / Charts
[n0lXaskyk5] figure_1.jpg -> classified as: Plots / Charts
[n2Jyi6h7Pv] figure_61.jpg -> classified as: Plots / Charts
[n2Jyi6h7Pv] figure_44.jpg -> classified as: Plots / Charts
[n2Jyi6h7Pv] figure_30.jpg -> classified as: Plots / Charts
[n2Jyi6h7Pv] figure_43.jpg -> classified as: Plots / Charts
[n2Jyi6h7Pv] figure_19.jpg -> classified as: Plots / Charts
[n2Jyi6h7Pv] figure_54.jpg -> classified as: Plots / Charts
[n2Jyi6h7Pv] figure_23.jpg -> classified as: Plots / Charts
[n2Jyi6h7Pv] figure_47.jpg -> classified as: Plots / Charts
[n2Jyi6h7Pv] figure_29.jpg -> classified as: Plots / Charts
[n2Jyi6h7Pv] figure_24.jpg -> classified as: Plots / Charts
[n2Jyi6h7Pv] figure_5.jpg -> classified as: Plots / Charts
[n2Jyi6h7Pv] figure_6.jpg -> classified as: Plots / Charts
[n2Jyi6h7Pv] figure_57.jpg -> classified as: Plots / Charts
[n2Jyi6h7Pv] figure_9.jpg -> classified as: Plots / Charts
[n2Jyi6h7Pv] figure_42.jpg -> classified as: Plots / Charts
[n2Jyi6h7Pv] figure_46.jpg -> classified as: Plots / Charts
[n2Jyi6h7Pv] figure_39.jpg -> classified as: Plots / Charts
[n2Jyi6h7Pv] figure_22.jpg -> classified as: Plots / Charts
[n2Jyi6h7Pv] figure_28.jpg -> classified as: Plots / Charts
[n2Jyi6h7Pv] figure_18.jpg -> classified as: Plots / Charts
[n2Jyi6h7Pv] figure_13.jpg -> classified as: Plots / Charts
[n2Jyi6h7Pv] figure_15.jpg -> classified as: Plots / Charts
[n2Jyi6h7Pv] figure_55.jpg -> classified as: Plots / Charts
[n2Jyi6h7Pv] figure_2.jpg -> classified as: Plots / Charts
[n2Jyi6h7Pv] figure_38.jpg -> classified as: Plots / Charts
[n2Jyi6h7Pv] figure_20.jpg -> classified as: Plots / Charts
[n2Jyi6h7Pv] figure_53.jpg -> classified as: Plots / Charts
[n2Jyi6h7Pv] figure_11.jpg -> classified as: Plots / Charts
[n2Jyi6h7Pv] figure_60.jpg -> classified as: Plots / Charts
[n2Jyi6h7Pv] figure_35.jpg -> classified as: Plots / Charts
[n2Jyi6h7Pv] figure_58.jpg -> classified as: Plots / Charts
[n2Jyi6h7Pv] figure_50.jpg -> classified as: Plots / Charts
[n2Jyi6h7Pv] figure_52.jpg -> classified as: Plots / Charts
[n2Jyi6h7Pv] figure_7.jpg -> classified as: Plots / Charts
[n2Jyi6h7Pv] figure_34.jpg -> classified as: Plots / Charts
[n2Jyi6h7Pv] figure_49.jpg -> classified as: Plots / Charts
[n2Jyi6h7Pv] figure_3.jpg -> classified as: Plots / Charts
[n2Jyi6h7Pv] figure_33.jpg -> classified as: Plots / Charts
[n2Jyi6h7Pv] figure_4.jpg -> classified as: Plots / Charts
[n2Jyi6h7Pv] figure_36.jpg -> classified as: Plots / Charts
[n2Jyi6h7Pv] figure_40.jpg -> classified as: Plots / Charts
[n2Jyi6h7Pv] figure_31.jpg -> classified as: Plots / Charts
[n2Jyi6h7Pv] figure_17.jpg -> classified as: Plots / Charts
[n2Jyi6h7Pv] figure_41.jpg -> classified as: Plots / Charts
[n2Jyi6h7Pv] figure_48.jpg -> classified as: Plots / Charts
[n2Jyi6h7Pv] figure_1.jpg -> classified as: Plots / Charts
[n2Jyi6h7Pv] figure_59.jpg -> classified as: Plots / Charts
[n2Jyi6h7Pv] figure_27.jpg -> classified as: Plots / Charts
[n2Jyi6h7Pv] figure_37.jpg -> classified as: Plots / Charts
[n2Jyi6h7Pv] figure_8.jpg -> classified as: Plots / Charts
[n2Jyi6h7Pv] figure_51.jpg -> classified as: Plots / Charts
[n2Jyi6h7Pv] figure_12.jpg -> classified as: Plots / Charts
[n2Jyi6h7Pv] figure_25.jpg -> classified as: Plots / Charts
[n2Jyi6h7Pv] figure_56.jpg -> classified as: Plots / Charts
[n2Jyi6h7Pv] figure_21.jpg -> classified as: Plots / Charts
[n2Jyi6h7Pv] figure_26.jpg -> classified as: Plots / Charts
[n2Jyi6h7Pv] figure_14.jpg -> classified as: Plots / Charts
[n2Jyi6h7Pv] figure_32.jpg -> classified as: Plots / Charts
[n2Jyi6h7Pv] figure_10.jpg -> classified as: Plots / Charts
[n2NidsYDop] figure_5.jpg -> classified as: Plots / Charts
[n2NidsYDop] figure_2.jpg -> classified as: Architecture Diagram
[n2NidsYDop] figure_3.jpg -> classified as: Plots / Charts
[n2NidsYDop] figure_4.jpg -> classified as: Plots / Charts
[n2NidsYDop] figure_1.jpg -> classified as: Architecture Diagram
[n2RIkaf1S4] figure_2.jpg -> classified as: Plots / Charts
[n2RIkaf1S4] figure_1.jpg -> classified as: Plots / Charts
[n3TkrH7fEr] figure_2.jpg -> classified as: Plots / Charts
[n3TkrH7fEr] figure_3.jpg -> classified as: Plots / Charts
[n3TkrH7fEr] figure_1.jpg -> classified as: Plots / Charts
[n4wcdct43X] figure_2.jpg -> classified as: Plots / Charts
[n4wcdct43X] figure_3.jpg -> classified as: Plots / Charts
[n4wcdct43X] figure_4.jpg -> classified as: Plots / Charts
[n4wcdct43X] figure_1.jpg -> classified as: Plots / Charts
[n7n8McETXw] figure_2.jpg -> classified as: Qualitative Examples
[n7n8McETXw] figure_7.jpg -> classified as: Plots / Charts
[n7n8McETXw] figure_4.jpg -> classified as: Plots / Charts
[n7n8McETXw] figure_1.jpg -> classified as: Architecture Diagram
[n7n8McETXw] figure_8.jpg -> classified as: Plots / Charts
[n7qGCmluZr] figure_19.jpg -> classified as: Plots / Charts
[n7qGCmluZr] figure_23.jpg -> classified as: Plots / Charts
[n7qGCmluZr] figure_5.jpg -> classified as: Plots / Charts
[n7qGCmluZr] figure_6.jpg -> classified as: Plots / Charts
[n7qGCmluZr] figure_9.jpg -> classified as: Plots / Charts
[n7qGCmluZr] figure_22.jpg -> classified as: Plots / Charts
[n7qGCmluZr] figure_18.jpg -> classified as: Plots / Charts
[n7qGCmluZr] figure_13.jpg -> classified as: Plots / Charts
[n7qGCmluZr] figure_15.jpg -> classified as: Plots / Charts
[n7qGCmluZr] figure_20.jpg -> classified as: Plots / Charts
[n7qGCmluZr] figure_11.jpg -> classified as: Qualitative Examples
[n7qGCmluZr] figure_7.jpg -> classified as: Plots / Charts
[n7qGCmluZr] figure_3.jpg -> classified as: Plots / Charts
[n7qGCmluZr] figure_4.jpg -> classified as: Plots / Charts
[n7qGCmluZr] figure_17.jpg -> classified as: Plots / Charts
[n7qGCmluZr] figure_12.jpg -> classified as: Qualitative Examples
[n7qGCmluZr] figure_21.jpg -> classified as: Plots / Charts
[n7qGCmluZr] figure_16.jpg -> classified as: Plots / Charts
[n7qGCmluZr] figure_10.jpg -> classified as: Qualitative Examples
[nE1l0vpQDP] figure_1.jpg -> classified as: Plots / Charts
[nFI3wFM9yN] figure_2.jpg -> classified as: Plots / Charts
[nFI3wFM9yN] figure_3.jpg -> classified as: Plots / Charts
[nFI3wFM9yN] figure_1.jpg -> classified as: Architecture Diagram
[nHESwXvxWK] figure_5.jpg -> classified as: Plots / Charts
[nHESwXvxWK] figure_6.jpg -> classified as: Qualitative Examples
[nHESwXvxWK] figure_13.jpg -> classified as: Plots / Charts
[nHESwXvxWK] figure_15.jpg -> classified as: Qualitative Examples
[nHESwXvxWK] figure_2.jpg -> classified as: Plots / Charts
[nHESwXvxWK] figure_11.jpg -> classified as: Plots / Charts
[nHESwXvxWK] figure_7.jpg -> classified as: Qualitative Examples
[nHESwXvxWK] figure_3.jpg -> classified as: Qualitative Examples
[nHESwXvxWK] figure_4.jpg -> classified as: Plots / Charts
[nHESwXvxWK] figure_17.jpg -> classified as: Qualitative Examples
[nHESwXvxWK] figure_1.jpg -> classified as: Plots / Charts
[nHESwXvxWK] figure_8.jpg -> classified as: Plots / Charts
[nHESwXvxWK] figure_12.jpg -> classified as: Plots / Charts
[nHESwXvxWK] figure_14.jpg -> classified as: Qualitative Examples
[nHESwXvxWK] figure_16.jpg -> classified as: Qualitative Examples
[nHESwXvxWK] figure_10.jpg -> classified as: Plots / Charts
[nIBmwm7ixo] figure_2.jpg -> classified as: Plots / Charts
[nIBmwm7ixo] figure_3.jpg -> classified as: Architecture Diagram
[nIBmwm7ixo] figure_4.jpg -> classified as: Architecture Diagram
[nIBmwm7ixo] figure_1.jpg -> classified as: Architecture Diagram
[nIEjY4a2Lf] figure_2.jpg -> classified as: Architecture Diagram
[nIEjY4a2Lf] figure_1.jpg -> classified as: Architecture Diagram
[nKlcmBJpiH] figure_5.jpg -> classified as: Qualitative Examples
[nKlcmBJpiH] figure_6.jpg -> classified as: Qualitative Examples
[nKlcmBJpiH] figure_9.jpg -> classified as: Other
  -> Skipping second pass (Other)
[nKlcmBJpiH] figure_15.jpg -> classified as: Qualitative Examples
[nKlcmBJpiH] figure_2.jpg -> classified as: Plots / Charts
[nKlcmBJpiH] figure_7.jpg -> classified as: Plots / Charts
[nKlcmBJpiH] figure_3.jpg -> classified as: Plots / Charts
[nKlcmBJpiH] figure_(b)_The_average.jpg -> classified as: Plots / Charts
[nKlcmBJpiH] figure_4.jpg -> classified as: Plots / Charts
[nKlcmBJpiH] figure_1.jpg -> classified as: Plots / Charts
[nKlcmBJpiH] figure_8.jpg -> classified as: Other
  -> Skipping second pass (Other)
[nKlcmBJpiH] figure_12.jpg -> classified as: Other
  -> Skipping second pass (Other)
[nKlcmBJpiH] figure_14.jpg -> classified as: Plots / Charts
[nLWiR5P3wr] figure_5.jpg -> classified as: Plots / Charts
[nLWiR5P3wr] figure_6.jpg -> classified as: Plots / Charts
[nLWiR5P3wr] figure_9.jpg -> classified as: Plots / Charts
[nLWiR5P3wr] figure_2.jpg -> classified as: Plots / Charts
[nLWiR5P3wr] figure_11.jpg -> classified as: Plots / Charts
[nLWiR5P3wr] figure_7.jpg -> classified as: Plots / Charts
[nLWiR5P3wr] figure_3.jpg -> classified as: Plots / Charts
[nLWiR5P3wr] figure_4.jpg -> classified as: Plots / Charts
[nLWiR5P3wr] figure_1.jpg -> classified as: Plots / Charts
[nLWiR5P3wr] figure_8.jpg -> classified as: Plots / Charts
[nLWiR5P3wr] figure_12.jpg -> classified as: Plots / Charts
[nLWiR5P3wr] figure_10.jpg -> classified as: Plots / Charts
[nM2kuesKpC] figure_5.jpg -> classified as: Plots / Charts
[nM2kuesKpC] figure_2.jpg -> classified as: Plots / Charts
[nM2kuesKpC] figure_3.jpg -> classified as: Plots / Charts
[nM2kuesKpC] figure_4.jpg -> classified as: Plots / Charts
[nM2kuesKpC] figure_1.jpg -> classified as: Plots / Charts
[nNiWRRj6r9] figure_5.jpg -> classified as: Architecture Diagram
[nNiWRRj6r9] figure_2.jpg -> classified as: Qualitative Examples
[nNiWRRj6r9] figure_3.jpg -> classified as: Other
  -> Skipping second pass (Other)
[nNiWRRj6r9] figure_4.jpg -> classified as: Plots / Charts
[nNiWRRj6r9] figure_1.jpg -> classified as: Other
  -> Skipping second pass (Other)
[nSYycd5tEC] figure_2.jpg -> classified as: Plots / Charts
[nSYycd5tEC] figure_3.jpg -> classified as: Qualitative Examples
[nSYycd5tEC] figure_1.jpg -> classified as: Architecture Diagram
[nUBLhhVM1l] figure_2.jpg -> classified as: Plots / Charts
[nUBLhhVM1l] figure_3.jpg -> classified as: Plots / Charts
[nUBLhhVM1l] figure_1.jpg -> classified as: Plots / Charts
[nUOmJ4Qop5] figure_5.jpg -> classified as: Plots / Charts
[nUOmJ4Qop5] figure_6.jpg -> classified as: Architecture Diagram
[nUOmJ4Qop5] figure_(a)_By_reducing.jpg -> classified as: Plots / Charts
[nUOmJ4Qop5] figure_(a)_Toy_sketch.jpg -> classified as: Plots / Charts
[nUOmJ4Qop5] figure_2.jpg -> classified as: Other
  -> Skipping second pass (Other)
[nUOmJ4Qop5] figure_7.jpg -> classified as: Plots / Charts
[nUOmJ4Qop5] figure_3.jpg -> classified as: Architecture Diagram
[nUOmJ4Qop5] figure_4.jpg -> classified as: Plots / Charts
[nUOmJ4Qop5] figure_1.jpg -> classified as: Plots / Charts
[nUOmJ4Qop5] figure_8.jpg -> classified as: Architecture Diagram
[nWT6LxbuGi] figure_2.jpg -> classified as: Plots / Charts
[nWT6LxbuGi] figure_1.jpg -> classified as: Plots / Charts
[nXTpz8pTHK] figure_5.jpg -> classified as: Plots / Charts
[nXTpz8pTHK] figure_6.jpg -> classified as: Plots / Charts
[nXTpz8pTHK] figure_2.jpg -> classified as: Plots / Charts
[nXTpz8pTHK] figure_7.jpg -> classified as: Plots / Charts
[nXTpz8pTHK] figure_3.jpg -> classified as: Plots / Charts
[nXTpz8pTHK] figure_4.jpg -> classified as: Plots / Charts
[nXTpz8pTHK] figure_1.jpg -> classified as: Plots / Charts
[nXTpz8pTHK] figure_8.jpg -> classified as: Plots / Charts
[nYPuSzGE3X] figure_5.jpg -> classified as: Other
  -> Skipping second pass (Other)
[nYPuSzGE3X] figure_6.jpg -> classified as: Plots / Charts
[nYPuSzGE3X] figure_9.jpg -> classified as: Qualitative Examples
[nYPuSzGE3X] figure_2.jpg -> classified as: Plots / Charts
[nYPuSzGE3X] figure_7.jpg -> classified as: Plots / Charts
[nYPuSzGE3X] figure_3.jpg -> classified as: Plots / Charts
[nYPuSzGE3X] figure_4.jpg -> classified as: Plots / Charts
[nYPuSzGE3X] figure_1.jpg -> classified as: Architecture Diagram
[nYPuSzGE3X] figure_8.jpg -> classified as: Qualitative Examples
[nYPuSzGE3X] figure_10.jpg -> classified as: Qualitative Examples
[nbngu7H3ko] figure_2.jpg -> classified as: Architecture Diagram
[nbngu7H3ko] figure_3.jpg -> classified as: Qualitative Examples
[nbngu7H3ko] figure_1.jpg -> classified as: Qualitative Examples
[ndCJeysCPe] figure_5.jpg -> classified as: Plots / Charts
[ndCJeysCPe] figure_6.jpg -> classified as: Plots / Charts
[ndCJeysCPe] figure_2.jpg -> classified as: Plots / Charts
[ndCJeysCPe] figure_3.jpg -> classified as: Plots / Charts
[ndCJeysCPe] figure_4.jpg -> classified as: Plots / Charts
[ndCJeysCPe] figure_1.jpg -> classified as: Plots / Charts
[nfKfAzkiez] figure_5.jpg -> classified as: Architecture Diagram
[nfKfAzkiez] figure_6.jpg -> classified as: Plots / Charts
[nfKfAzkiez] figure_9.jpg -> classified as: Plots / Charts
[nfKfAzkiez] figure_2.jpg -> classified as: Plots / Charts
[nfKfAzkiez] figure_7.jpg -> classified as: Plots / Charts
[nfKfAzkiez] figure_3.jpg -> classified as: Plots / Charts
[nfKfAzkiez] figure_4.jpg -> classified as: Qualitative Examples
[nfKfAzkiez] figure_1.jpg -> classified as: Architecture Diagram
[nfKfAzkiez] figure_8.jpg -> classified as: Plots / Charts
[nfKfAzkiez] figure_10.jpg -> classified as: Plots / Charts
[nfMyERXNru] figure_5.jpg -> classified as: Qualitative Examples
[nfMyERXNru] figure_6.jpg -> classified as: Qualitative Examples
[nfMyERXNru] figure_9.jpg -> classified as: Qualitative Examples
[nfMyERXNru] figure_11.jpg -> classified as: Qualitative Examples
[nfMyERXNru] figure_7.jpg -> classified as: Qualitative Examples
[nfMyERXNru] figure_3.jpg -> classified as: Qualitative Examples
[nfMyERXNru] figure_1.jpg -> classified as: Architecture Diagram
[nfMyERXNru] figure_8.jpg -> classified as: Qualitative Examples
[nfMyERXNru] figure_10.jpg -> classified as: Qualitative Examples
[nkKWY5JjtZ] figure_2.jpg -> classified as: Plots / Charts
[nkKWY5JjtZ] figure_3.jpg -> classified as: Plots / Charts
[nkKWY5JjtZ] figure_1.jpg -> classified as: Plots / Charts
[nrDRBhNHiB] figure_5.jpg -> classified as: Plots / Charts
[nrDRBhNHiB] figure_2.jpg -> classified as: Plots / Charts
[nrDRBhNHiB] figure_3.jpg -> classified as: Plots / Charts
[nrDRBhNHiB] figure_4.jpg -> classified as: Plots / Charts
[nrDRBhNHiB] figure_1.jpg -> classified as: Plots / Charts
[nrctFaenIZ] figure_2.jpg -> classified as: Plots / Charts
[nrctFaenIZ] figure_1.jpg -> classified as: Plots / Charts
[nsNyDvNQTc] figure_5.jpg -> classified as: Plots / Charts
[nsNyDvNQTc] figure_6.jpg -> classified as: Plots / Charts
[nsNyDvNQTc] figure_9.jpg -> classified as: Plots / Charts
[nsNyDvNQTc] figure_2.jpg -> classified as: Architecture Diagram
[nsNyDvNQTc] figure_7.jpg -> classified as: Plots / Charts
[nsNyDvNQTc] figure_3.jpg -> classified as: Plots / Charts
[nsNyDvNQTc] figure_4.jpg -> classified as: Architecture Diagram
[nsNyDvNQTc] figure_1.jpg -> classified as: Plots / Charts
[nsNyDvNQTc] figure_8.jpg -> classified as: Plots / Charts
[ntxoThl1Zp] figure_2.jpg -> classified as: Plots / Charts
[ntxoThl1Zp] figure_3.jpg -> classified as: Plots / Charts
[ntxoThl1Zp] figure_1.jpg -> classified as: Plots / Charts
[nuX2yPejiL] figure_19.jpg -> classified as: Plots / Charts
[nuX2yPejiL] figure_5.jpg -> classified as: Plots / Charts
[nuX2yPejiL] figure_6.jpg -> classified as: Plots / Charts
[nuX2yPejiL] figure_9.jpg -> classified as: Plots / Charts
[nuX2yPejiL] figure_18.jpg -> classified as: Plots / Charts
[nuX2yPejiL] figure_13.jpg -> classified as: Plots / Charts
[nuX2yPejiL] figure_15.jpg -> classified as: Plots / Charts
[nuX2yPejiL] figure_2.jpg -> classified as: Plots / Charts
[nuX2yPejiL] figure_20.jpg -> classified as: Plots / Charts
[nuX2yPejiL] figure_11.jpg -> classified as: Plots / Charts
[nuX2yPejiL] figure_7.jpg -> classified as: Plots / Charts
[nuX2yPejiL] figure_3.jpg -> classified as: Plots / Charts
[nuX2yPejiL] figure_4.jpg -> classified as: Plots / Charts
[nuX2yPejiL] figure_17.jpg -> classified as: Plots / Charts
[nuX2yPejiL] figure_1.jpg -> classified as: Plots / Charts
[nuX2yPejiL] figure_8.jpg -> classified as: Plots / Charts
[nuX2yPejiL] figure_12.jpg -> classified as: Plots / Charts
[nuX2yPejiL] figure_14.jpg -> classified as: Plots / Charts
[nuX2yPejiL] figure_16.jpg -> classified as: Plots / Charts
[nuX2yPejiL] figure_10.jpg -> classified as: Plots / Charts
[nxnbPPVvOG] figure_6.jpg -> classified as: Plots / Charts
[nxnbPPVvOG] figure_2.jpg -> classified as: Plots / Charts
[nxnbPPVvOG] figure_1.jpg -> classified as: Plots / Charts
[nzjSvVZBIp] figure_5.jpg -> classified as: Plots / Charts
[nzjSvVZBIp] figure_6.jpg -> classified as: Plots / Charts
[nzjSvVZBIp] figure_9.jpg -> classified as: Architecture Diagram
[nzjSvVZBIp] figure_2.jpg -> classified as: Plots / Charts
[nzjSvVZBIp] figure_11.jpg -> classified as: Qualitative Examples
[nzjSvVZBIp] figure_7.jpg -> classified as: Plots / Charts
[nzjSvVZBIp] figure_3.jpg -> classified as: Plots / Charts
[nzjSvVZBIp] figure_4.jpg -> classified as: Plots / Charts
[nzjSvVZBIp] figure_1.jpg -> classified as: Qualitative Examples
[nzjSvVZBIp] figure_8.jpg -> classified as: Plots / Charts
[nzjSvVZBIp] figure_12.jpg -> classified as: Plots / Charts
[nzjSvVZBIp] figure_10.jpg -> classified as: Plots / Charts
[o10clUzFRH] figure_2.jpg -> classified as: Plots / Charts
[o10clUzFRH] figure_1.jpg -> classified as: Plots / Charts
[o4CLLlIaaH] figure_19.jpg -> classified as: Qualitative Examples
[o4CLLlIaaH] figure_5.jpg -> classified as: Qualitative Examples
[o4CLLlIaaH] figure_6.jpg -> classified as: Plots / Charts
[o4CLLlIaaH] figure_9.jpg -> classified as: Architecture Diagram
[o4CLLlIaaH] figure_18.jpg -> classified as: Qualitative Examples
[o4CLLlIaaH] figure_13.jpg -> classified as: Qualitative Examples
[o4CLLlIaaH] figure_15.jpg -> classified as: Qualitative Examples
[o4CLLlIaaH] figure_2.jpg -> classified as: Architecture Diagram
[o4CLLlIaaH] figure_20.jpg -> classified as: Qualitative Examples
[o4CLLlIaaH] figure_11.jpg -> classified as: Qualitative Examples
[o4CLLlIaaH] figure_7.jpg -> classified as: Qualitative Examples
[o4CLLlIaaH] figure_3.jpg -> classified as: Qualitative Examples
[o4CLLlIaaH] figure_4.jpg -> classified as: Qualitative Examples
[o4CLLlIaaH] figure_17.jpg -> classified as: Qualitative Examples
[o4CLLlIaaH] figure_1.jpg -> classified as: Qualitative Examples
[o4CLLlIaaH] figure_8.jpg -> classified as: Qualitative Examples
[o4CLLlIaaH] figure_12.jpg -> classified as: Qualitative Examples
[o4CLLlIaaH] figure_21.jpg -> classified as: Qualitative Examples
[o4CLLlIaaH] figure_14.jpg -> classified as: Plots / Charts
[o4CLLlIaaH] figure_16.jpg -> classified as: Qualitative Examples
[o4CLLlIaaH] figure_10.jpg -> classified as: Architecture Diagram
[o7alDZDJWB] figure_2.jpg -> classified as: Plots / Charts
[o7alDZDJWB] figure_3.jpg -> classified as: Plots / Charts
[o7alDZDJWB] figure_1.jpg -> classified as: Architecture Diagram
[oF6e2WwxX0] figure_2.jpg -> classified as: Architecture Diagram
[oF6e2WwxX0] figure_3.jpg -> classified as: Plots / Charts
[oF6e2WwxX0] figure_4.jpg -> classified as: Qualitative Examples
[oF6e2WwxX0] figure_1.jpg -> classified as: Architecture Diagram
[oF6e2WwxX0] figure_8.jpg -> classified as: Plots / Charts
[oGNdBvymod] figure_5.jpg -> classified as: Plots / Charts
[oGNdBvymod] figure_6.jpg -> classified as: Plots / Charts
[oGNdBvymod] figure_9.jpg -> classified as: Plots / Charts
[oGNdBvymod] figure_13.jpg -> classified as: Plots / Charts
[oGNdBvymod] figure_2.jpg -> classified as: Qualitative Examples
[oGNdBvymod] figure_11.jpg -> classified as: Plots / Charts
[oGNdBvymod] figure_7.jpg -> classified as: Plots / Charts
[oGNdBvymod] figure_3.jpg -> classified as: Plots / Charts
[oGNdBvymod] figure_4.jpg -> classified as: Plots / Charts
[oGNdBvymod] figure_1.jpg -> classified as: Plots / Charts
[oGNdBvymod] figure_8.jpg -> classified as: Plots / Charts
[oGNdBvymod] figure_12.jpg -> classified as: Plots / Charts
[oGNdBvymod] figure_10.jpg -> classified as: Plots / Charts
[oGsu3hksWT] figure_2.jpg -> classified as: Plots / Charts
[oGsu3hksWT] figure_B.jpg -> classified as: Plots / Charts
[oGsu3hksWT] figure_3.jpg -> classified as: Plots / Charts
[oGsu3hksWT] figure_4.jpg -> classified as: Plots / Charts
[oGsu3hksWT] figure_B_1.jpg -> classified as: Plots / Charts
[oGsu3hksWT] figure_B_2.jpg -> classified as: Plots / Charts
[oGsu3hksWT] figure_1.jpg -> classified as: Plots / Charts
[oHSXRy29tj] figure_5.jpg -> classified as: Qualitative Examples
[oHSXRy29tj] figure_6.jpg -> classified as: Other
  -> Skipping second pass (Other)
[oHSXRy29tj] figure_2.jpg -> classified as: Plots / Charts
[oHSXRy29tj] figure_7.jpg -> classified as: Qualitative Examples
[oHSXRy29tj] figure_3.jpg -> classified as: Qualitative Examples
[oHSXRy29tj] figure_4.jpg -> classified as: Qualitative Examples
[oHSXRy29tj] figure_1.jpg -> classified as: Qualitative Examples
[oHSXRy29tj] figure_8.jpg -> classified as: Qualitative Examples
[oHbmiaeyUL] figure_Figure_$_mathrm_{.jpg -> classified as: Plots / Charts
[oHbmiaeyUL] figure_5.jpg -> classified as: Qualitative Examples
[oHbmiaeyUL] figure_6.jpg -> classified as: Plots / Charts
[oHbmiaeyUL] figure_9.jpg -> classified as: Plots / Charts
[oHbmiaeyUL] figure_2.jpg -> classified as: Plots / Charts
[oHbmiaeyUL] figure_11.jpg -> classified as: Qualitative Examples
[oHbmiaeyUL] figure_3.jpg -> classified as: Plots / Charts
[oHbmiaeyUL] figure_4.jpg -> classified as: Other
  -> Skipping second pass (Other)
[oHbmiaeyUL] figure_1.jpg -> classified as: Plots / Charts
[oHbmiaeyUL] figure_8.jpg -> classified as: Plots / Charts
[oHbmiaeyUL] figure_10.jpg -> classified as: Plots / Charts
[oJLpXraSLb] figure_5.jpg -> classified as: Plots / Charts
[oJLpXraSLb] figure_6.jpg -> classified as: Plots / Charts
[oJLpXraSLb] figure_9.jpg -> classified as: Plots / Charts
[oJLpXraSLb] figure_2.jpg -> classified as: Other
  -> Skipping second pass (Other)
[oJLpXraSLb] figure_11.jpg -> classified as: Plots / Charts
[oJLpXraSLb] figure_7.jpg -> classified as: Plots / Charts
[oJLpXraSLb] figure_3.jpg -> classified as: Plots / Charts
[oJLpXraSLb] figure_4.jpg -> classified as: Plots / Charts
[oJLpXraSLb] figure_1.jpg -> classified as: Plots / Charts
[oJLpXraSLb] figure_8.jpg -> classified as: Plots / Charts
[oJLpXraSLb] figure_12.jpg -> classified as: Plots / Charts
[oJLpXraSLb] figure_10.jpg -> classified as: Plots / Charts
[oMNkj4ER7V] figure_2.jpg -> classified as: Plots / Charts
[oMNkj4ER7V] figure_3.jpg -> classified as: Plots / Charts
[oMNkj4ER7V] figure_1.jpg -> classified as: Plots / Charts
[oMfZUSbVwf] figure_5.jpg -> classified as: Plots / Charts
[oMfZUSbVwf] figure_6.jpg -> classified as: Plots / Charts
[oMfZUSbVwf] figure_2.jpg -> classified as: Plots / Charts
[oMfZUSbVwf] figure_3.jpg -> classified as: Plots / Charts
[oMfZUSbVwf] figure_4.jpg -> classified as: Plots / Charts
[oMfZUSbVwf] figure_1.jpg -> classified as: Architecture Diagram
[oOwDQl8haC] figure_2.jpg -> classified as: Plots / Charts
[oOwDQl8haC] figure_1.jpg -> classified as: Architecture Diagram
[oP7arLOWix] figure_A_2.jpg -> classified as: Plots / Charts
[oP7arLOWix] figure_A.jpg -> classified as: Plots / Charts
[oP7arLOWix] figure_A_3.jpg -> classified as: Plots / Charts
[oP7arLOWix] figure_2.jpg -> classified as: Plots / Charts
[oP7arLOWix] figure_A_1.jpg -> classified as: Plots / Charts
[oP7arLOWix] figure_1.jpg -> classified as: Plots / Charts
[oRNus243R6] figure_2.jpg -> classified as: Plots / Charts
[oRNus243R6] figure_3.jpg -> classified as: Plots / Charts
[oRNus243R6] figure_4.jpg -> classified as: Plots / Charts
[oRNus243R6] figure_1.jpg -> classified as: Plots / Charts
[oRPXPoTXYz] figure_5.jpg -> classified as: Plots / Charts
[oRPXPoTXYz] figure_2.jpg -> classified as: Plots / Charts
[oRPXPoTXYz] figure_3.jpg -> classified as: Plots / Charts
[oRPXPoTXYz] figure_4.jpg -> classified as: Plots / Charts
[oRPXPoTXYz] figure_1.jpg -> classified as: Architecture Diagram
[oRfHv642qD] figure_5.jpg -> classified as: Plots / Charts
[oRfHv642qD] figure_2.jpg -> classified as: Plots / Charts
[oRfHv642qD] figure_3.jpg -> classified as: Qualitative Examples
[oRfHv642qD] figure_4.jpg -> classified as: Qualitative Examples
[oRfHv642qD] figure_1.jpg -> classified as: Plots / Charts
[oVZ9XaOSFK] figure_5.jpg -> classified as: Qualitative Examples
[oVZ9XaOSFK] figure_6.jpg -> classified as: Plots / Charts
[oVZ9XaOSFK] figure_2.jpg -> classified as: Plots / Charts
[oVZ9XaOSFK] figure_3.jpg -> classified as: Plots / Charts
[oVZ9XaOSFK] figure_4.jpg -> classified as: Qualitative Examples
[oVZ9XaOSFK] figure_1.jpg -> classified as: Architecture Diagram
[oX4FcNA4UC] figure_5.jpg -> classified as: Plots / Charts
[oX4FcNA4UC] figure_2.jpg -> classified as: Plots / Charts
[oX4FcNA4UC] figure_3.jpg -> classified as: Plots / Charts
[oX4FcNA4UC] figure_4.jpg -> classified as: Plots / Charts
[oX4FcNA4UC] figure_1.jpg -> classified as: Plots / Charts
[oY2jw2NLiM] figure_5.jpg -> classified as: Plots / Charts
[oY2jw2NLiM] figure_6.jpg -> classified as: Qualitative Examples
[oY2jw2NLiM] figure_2.jpg -> classified as: Plots / Charts
[oY2jw2NLiM] figure_7.jpg -> classified as: Qualitative Examples
[oY2jw2NLiM] figure_3.jpg -> classified as: Plots / Charts
[oY2jw2NLiM] figure_4.jpg -> classified as: Plots / Charts
[oY2jw2NLiM] figure_1.jpg -> classified as: Plots / Charts
[oZdaEiDBpF] figure_5.jpg -> classified as: Plots / Charts
[oZdaEiDBpF] figure_6.jpg -> classified as: Plots / Charts
[oZdaEiDBpF] figure_2.jpg -> classified as: Plots / Charts
[oZdaEiDBpF] figure_7.jpg -> classified as: Plots / Charts
[oZdaEiDBpF] figure_3.jpg -> classified as: Plots / Charts
[oZdaEiDBpF] figure_4.jpg -> classified as: Plots / Charts
[oZdaEiDBpF] figure_1.jpg -> classified as: Plots / Charts
[oZdaEiDBpF] figure_8.jpg -> classified as: Plots / Charts
[oc4yw7zX9T] figure_5.jpg -> classified as: Plots / Charts
[oc4yw7zX9T] figure_2.jpg -> classified as: Plots / Charts
[oc4yw7zX9T] figure_3.jpg -> classified as: Plots / Charts
[oc4yw7zX9T] figure_4.jpg -> classified as: Plots / Charts
[oc4yw7zX9T] figure_1.jpg -> classified as: Plots / Charts
[ogIFNo2bQw] figure_5.jpg -> classified as: Plots / Charts
[ogIFNo2bQw] figure_6.jpg -> classified as: Plots / Charts
[ogIFNo2bQw] figure_9.jpg -> classified as: Plots / Charts
[ogIFNo2bQw] figure_2.jpg -> classified as: Plots / Charts
[ogIFNo2bQw] figure_11.jpg -> classified as: Plots / Charts
[ogIFNo2bQw] figure_7.jpg -> classified as: Plots / Charts
[ogIFNo2bQw] figure_3.jpg -> classified as: Plots / Charts
[ogIFNo2bQw] figure_4.jpg -> classified as: Plots / Charts
[ogIFNo2bQw] figure_1.jpg -> classified as: Plots / Charts
[ogIFNo2bQw] figure_8.jpg -> classified as: Plots / Charts
[ogIFNo2bQw] figure_10.jpg -> classified as: Plots / Charts
[ogKE7LcvW6] figure_19.jpg -> classified as: Architecture Diagram
[ogKE7LcvW6] figure_5.jpg -> classified as: Architecture Diagram
[ogKE7LcvW6] figure_6.jpg -> classified as: Plots / Charts
[ogKE7LcvW6] figure_9.jpg -> classified as: Plots / Charts
[ogKE7LcvW6] figure_18.jpg -> classified as: Architecture Diagram
[ogKE7LcvW6] figure_13.jpg -> classified as: Plots / Charts
[ogKE7LcvW6] figure_15.jpg -> classified as: Plots / Charts
[ogKE7LcvW6] figure_11.jpg -> classified as: Plots / Charts
[ogKE7LcvW6] figure_7.jpg -> classified as: Plots / Charts
[ogKE7LcvW6] figure_3.jpg -> classified as: Plots / Charts
[ogKE7LcvW6] figure_4.jpg -> classified as: Architecture Diagram
[ogKE7LcvW6] figure_17.jpg -> classified as: Plots / Charts
[ogKE7LcvW6] figure_1.jpg -> classified as: Architecture Diagram
[ogKE7LcvW6] figure_8.jpg -> classified as: Plots / Charts
[ogKE7LcvW6] figure_12.jpg -> classified as: Plots / Charts
[ogKE7LcvW6] figure_14.jpg -> classified as: Plots / Charts
[ogKE7LcvW6] figure_16.jpg -> classified as: Plots / Charts
[ogKE7LcvW6] figure_10.jpg -> classified as: Plots / Charts
[ogmzNfeRl7] figure_2.jpg -> classified as: Plots / Charts
[ogmzNfeRl7] figure_3.jpg -> classified as: Plots / Charts
[ogmzNfeRl7] figure_4.jpg -> classified as: Plots / Charts
[ogmzNfeRl7] figure_1.jpg -> classified as: Plots / Charts
[ohHtdp3jDi] figure_2.jpg -> classified as: Plots / Charts
[ohHtdp3jDi] figure_3.jpg -> classified as: Plots / Charts
[ohHtdp3jDi] figure_1.jpg -> classified as: Architecture Diagram
[ohdVLirfbz] figure_1.jpg -> classified as: Plots / Charts
[ojIJZDNIBj] figure_5.jpg -> classified as: Plots / Charts
[ojIJZDNIBj] figure_6.jpg -> classified as: Plots / Charts
[ojIJZDNIBj] figure_9.jpg -> classified as: Plots / Charts
[ojIJZDNIBj] figure_2.jpg -> classified as: Plots / Charts
[ojIJZDNIBj] figure_11.jpg -> classified as: Plots / Charts
[ojIJZDNIBj] figure_7.jpg -> classified as: Plots / Charts
[ojIJZDNIBj] figure_3.jpg -> classified as: Plots / Charts
[ojIJZDNIBj] figure_1.jpg -> classified as: Qualitative Examples
[ojIJZDNIBj] figure_8.jpg -> classified as: Plots / Charts
[ojIJZDNIBj] figure_12.jpg -> classified as: Plots / Charts
[ojIJZDNIBj] figure_10.jpg -> classified as: Qualitative Examples
[olOheQ0ZcK] figure_2.jpg -> classified as: Plots / Charts
[olOheQ0ZcK] figure_3.jpg -> classified as: Plots / Charts
[olOheQ0ZcK] figure_1.jpg -> classified as: Plots / Charts
[omrLHFzC37] figure_5.jpg -> classified as: Plots / Charts
[omrLHFzC37] figure_6.jpg -> classified as: Plots / Charts
[omrLHFzC37] figure_2.jpg -> classified as: Plots / Charts
[omrLHFzC37] figure_3.jpg -> classified as: Plots / Charts
[omrLHFzC37] figure_4.jpg -> classified as: Plots / Charts
[omrLHFzC37] figure_1.jpg -> classified as: Architecture Diagram
[otU31x3fus] figure_5.jpg -> classified as: Plots / Charts
[otU31x3fus] figure_6.jpg -> classified as: Plots / Charts
[otU31x3fus] figure_2.jpg -> classified as: Plots / Charts
[otU31x3fus] figure_7.jpg -> classified as: Plots / Charts
[otU31x3fus] figure_3.jpg -> classified as: Plots / Charts
[otU31x3fus] figure_4.jpg -> classified as: Plots / Charts
[otU31x3fus] figure_1.jpg -> classified as: Plots / Charts
[otU31x3fus] figure_8.jpg -> classified as: Plots / Charts
[otYAwaTDk1] figure_30.jpg -> classified as: Plots / Charts
[otYAwaTDk1] figure_19.jpg -> classified as: Plots / Charts
[otYAwaTDk1] figure_23.jpg -> classified as: Plots / Charts
[otYAwaTDk1] figure_29.jpg -> classified as: Plots / Charts
[otYAwaTDk1] figure_24.jpg -> classified as: Plots / Charts
[otYAwaTDk1] figure_5.jpg -> classified as: Plots / Charts
[otYAwaTDk1] figure_6.jpg -> classified as: Plots / Charts
[otYAwaTDk1] figure_9.jpg -> classified as: Plots / Charts
[otYAwaTDk1] figure_22.jpg -> classified as: Plots / Charts
[otYAwaTDk1] figure_28.jpg -> classified as: Plots / Charts
[otYAwaTDk1] figure_18.jpg -> classified as: Plots / Charts
[otYAwaTDk1] figure_13.jpg -> classified as: Plots / Charts
[otYAwaTDk1] figure_15.jpg -> classified as: Plots / Charts
[otYAwaTDk1] figure_2.jpg -> classified as: Plots / Charts
[otYAwaTDk1] figure_20.jpg -> classified as: Plots / Charts
[otYAwaTDk1] figure_11.jpg -> classified as: Plots / Charts
[otYAwaTDk1] figure_35.jpg -> classified as: Plots / Charts
[otYAwaTDk1] figure_7.jpg -> classified as: Qualitative Examples
[otYAwaTDk1] figure_34.jpg -> classified as: Plots / Charts
[otYAwaTDk1] figure_3.jpg -> classified as: Plots / Charts
[otYAwaTDk1] figure_33.jpg -> classified as: Plots / Charts
[otYAwaTDk1] figure_4.jpg -> classified as: Architecture Diagram
[otYAwaTDk1] figure_36.jpg -> classified as: Plots / Charts
[otYAwaTDk1] figure_31.jpg -> classified as: Plots / Charts
[otYAwaTDk1] figure_17.jpg -> classified as: Plots / Charts
[otYAwaTDk1] figure_1.jpg -> classified as: Qualitative Examples
[otYAwaTDk1] figure_27.jpg -> classified as: Plots / Charts
[otYAwaTDk1] figure_8.jpg -> classified as: Plots / Charts
[otYAwaTDk1] figure_12.jpg -> classified as: Plots / Charts
[otYAwaTDk1] figure_25.jpg -> classified as: Plots / Charts
[otYAwaTDk1] figure_21.jpg -> classified as: Plots / Charts
[otYAwaTDk1] figure_26.jpg -> classified as: Plots / Charts
[otYAwaTDk1] figure_14.jpg -> classified as: Plots / Charts
[otYAwaTDk1] figure_32.jpg -> classified as: Qualitative Examples
[otYAwaTDk1] figure_16.jpg -> classified as: Plots / Charts
[otYAwaTDk1] figure_10.jpg -> classified as: Plots / Charts
[owokKCrGYr] figure_30.jpg -> classified as: Other
  -> Skipping second pass (Other)
[owokKCrGYr] figure_19.jpg -> classified as: Plots / Charts
[owokKCrGYr] figure_23.jpg -> classified as: Qualitative Examples
[owokKCrGYr] figure_29.jpg -> classified as: Other
  -> Skipping second pass (Other)
[owokKCrGYr] figure_5.jpg -> classified as: Plots / Charts
[owokKCrGYr] figure_6.jpg -> classified as: Plots / Charts
[owokKCrGYr] figure_9.jpg -> classified as: Plots / Charts
[owokKCrGYr] figure_39.jpg -> classified as: Plots / Charts
[owokKCrGYr] figure_22.jpg -> classified as: Qualitative Examples
[owokKCrGYr] figure_28.jpg -> classified as: Other
  -> Skipping second pass (Other)
[owokKCrGYr] figure_18.jpg -> classified as: Plots / Charts
[owokKCrGYr] figure_13.jpg -> classified as: Plots / Charts
[owokKCrGYr] figure_15.jpg -> classified as: Plots / Charts
[owokKCrGYr] figure_2.jpg -> classified as: Architecture Diagram
[owokKCrGYr] figure_38.jpg -> classified as: Other
  -> Skipping second pass (Other)
[owokKCrGYr] figure_20.jpg -> classified as: Plots / Charts
[owokKCrGYr] figure_11.jpg -> classified as: Plots / Charts
[owokKCrGYr] figure_7.jpg -> classified as: Plots / Charts
[owokKCrGYr] figure_34.jpg -> classified as: Other
  -> Skipping second pass (Other)
[owokKCrGYr] figure_3.jpg -> classified as: Plots / Charts
[owokKCrGYr] figure_4.jpg -> classified as: Plots / Charts
[owokKCrGYr] figure_36.jpg -> classified as: Other
  -> Skipping second pass (Other)
[owokKCrGYr] figure_40.jpg -> classified as: Plots / Charts
[owokKCrGYr] figure_31.jpg -> classified as: Other
  -> Skipping second pass (Other)
[owokKCrGYr] figure_17.jpg -> classified as: Plots / Charts
[owokKCrGYr] figure_41.jpg -> classified as: Plots / Charts
[owokKCrGYr] figure_1.jpg -> classified as: Plots / Charts
[owokKCrGYr] figure_27.jpg -> classified as: Plots / Charts
[owokKCrGYr] figure_37.jpg -> classified as: Qualitative Examples
[owokKCrGYr] figure_8.jpg -> classified as: Plots / Charts
[owokKCrGYr] figure_12.jpg -> classified as: Plots / Charts
[owokKCrGYr] figure_25.jpg -> classified as: Qualitative Examples
[owokKCrGYr] figure_21.jpg -> classified as: Plots / Charts
[owokKCrGYr] figure_14.jpg -> classified as: Plots / Charts
[owokKCrGYr] figure_32.jpg -> classified as: Other
  -> Skipping second pass (Other)
[owokKCrGYr] figure_16.jpg -> classified as: Plots / Charts
[owokKCrGYr] figure_10.jpg -> classified as: Plots / Charts
[oxjeePpgSP] figure_5.jpg -> classified as: Qualitative Examples
[oxjeePpgSP] figure_6.jpg -> classified as: Plots / Charts
[oxjeePpgSP] figure_9.jpg -> classified as: Plots / Charts
[oxjeePpgSP] figure_2.jpg -> classified as: Architecture Diagram
[oxjeePpgSP] figure_7.jpg -> classified as: Architecture Diagram
[oxjeePpgSP] figure_3.jpg -> classified as: Plots / Charts
[oxjeePpgSP] figure_4.jpg -> classified as: Plots / Charts
[oxjeePpgSP] figure_1.jpg -> classified as: Plots / Charts
[oxjeePpgSP] figure_8.jpg -> classified as: Plots / Charts
[oyXoGJQlUf] figure_5.jpg -> classified as: Qualitative Examples
[oyXoGJQlUf] figure_6.jpg -> classified as: Other
  -> Skipping second pass (Other)
[oyXoGJQlUf] figure_2.jpg -> classified as: Architecture Diagram
[oyXoGJQlUf] figure_11.jpg -> classified as: Plots / Charts
[oyXoGJQlUf] figure_7.jpg -> classified as: Architecture Diagram
[oyXoGJQlUf] figure_3.jpg -> classified as: Plots / Charts
[oyXoGJQlUf] figure_4.jpg -> classified as: Other
  -> Skipping second pass (Other)
[oyXoGJQlUf] figure_1.jpg -> classified as: Architecture Diagram
[oyXoGJQlUf] figure_8.jpg -> classified as: Architecture Diagram
[p5VDaa8aIY] figure_5.jpg -> classified as: Plots / Charts
[p5VDaa8aIY] figure_6.jpg -> classified as: Plots / Charts
[p5VDaa8aIY] figure_9.jpg -> classified as: Plots / Charts
[p5VDaa8aIY] figure_2.jpg -> classified as: Plots / Charts
[p5VDaa8aIY] figure_11.jpg -> classified as: Plots / Charts
[p5VDaa8aIY] figure_7.jpg -> classified as: Plots / Charts
[p5VDaa8aIY] figure_3.jpg -> classified as: Plots / Charts
[p5VDaa8aIY] figure_4.jpg -> classified as: Plots / Charts
[p5VDaa8aIY] figure_1.jpg -> classified as: Qualitative Examples
[p5VDaa8aIY] figure_8.jpg -> classified as: Plots / Charts
[p5VDaa8aIY] figure_10.jpg -> classified as: Plots / Charts
[p79lnC36CO] figure_5.jpg -> classified as: Plots / Charts
[p79lnC36CO] figure_6.jpg -> classified as: Plots / Charts
[p79lnC36CO] figure_2.jpg -> classified as: Plots / Charts
[p79lnC36CO] figure_3.jpg -> classified as: Plots / Charts
[p79lnC36CO] figure_4.jpg -> classified as: Plots / Charts
[p79lnC36CO] figure_1.jpg -> classified as: Plots / Charts
[p8sr9kfUbQ] figure_5.jpg -> classified as: Plots / Charts
[p8sr9kfUbQ] figure_6.jpg -> classified as: Plots / Charts
[p8sr9kfUbQ] figure_Method_Widths_vs..jpg -> classified as: Plots / Charts
[p8sr9kfUbQ] figure_2.jpg -> classified as: Plots / Charts
[p8sr9kfUbQ] figure_7.jpg -> classified as: Plots / Charts
[p8sr9kfUbQ] figure_3.jpg -> classified as: Architecture Diagram
[p8sr9kfUbQ] figure_unnamed_figure.jpg -> classified as: Plots / Charts
[p8sr9kfUbQ] figure_4.jpg -> classified as: Plots / Charts
[p8sr9kfUbQ] figure_1.jpg -> classified as: Plots / Charts
[p8sr9kfUbQ] figure_8.jpg -> classified as: Plots / Charts
[p8ujRTjEf3] figure_2.jpg -> classified as: Plots / Charts
[p8ujRTjEf3] figure_1.jpg -> classified as: Plots / Charts
[pA4s793lcB] figure_1.jpg -> classified as: Plots / Charts
[pA8Q5WiEMg] figure_2.jpg -> classified as: Plots / Charts
[pA8Q5WiEMg] figure_1.jpg -> classified as: Plots / Charts
[pB1FeRSQxh] figure_1.jpg -> classified as: Architecture Diagram
[pB1XSj2y4X] figure_5.jpg -> classified as: Plots / Charts
[pB1XSj2y4X] figure_6.jpg -> classified as: Plots / Charts
[pB1XSj2y4X] figure_9.jpg -> classified as: Plots / Charts
[pB1XSj2y4X] figure_13.jpg -> classified as: Plots / Charts
[pB1XSj2y4X] figure_15.jpg -> classified as: Plots / Charts
[pB1XSj2y4X] figure_2.jpg -> classified as: Architecture Diagram
[pB1XSj2y4X] figure_11.jpg -> classified as: Plots / Charts
[pB1XSj2y4X] figure_7.jpg -> classified as: Plots / Charts
[pB1XSj2y4X] figure_3.jpg -> classified as: Qualitative Examples
[pB1XSj2y4X] figure_4.jpg -> classified as: Plots / Charts
[pB1XSj2y4X] figure_17.jpg -> classified as: Plots / Charts
[pB1XSj2y4X] figure_1.jpg -> classified as: Architecture Diagram
[pB1XSj2y4X] figure_8.jpg -> classified as: Qualitative Examples
[pB1XSj2y4X] figure_12.jpg -> classified as: Plots / Charts
[pB1XSj2y4X] figure_14.jpg -> classified as: Plots / Charts
[pB1XSj2y4X] figure_16.jpg -> classified as: Qualitative Examples
[pB1XSj2y4X] figure_10.jpg -> classified as: Plots / Charts
[pBQs8kQm63] figure_1.jpg -> classified as: Plots / Charts
[pDDODPtpx9] figure_5.jpg -> classified as: Plots / Charts
[pDDODPtpx9] figure_6.jpg -> classified as: Qualitative Examples
[pDDODPtpx9] figure_2.jpg -> classified as: Qualitative Examples
[pDDODPtpx9] figure_7.jpg -> classified as: Plots / Charts
[pDDODPtpx9] figure_3.jpg -> classified as: Plots / Charts
[pDDODPtpx9] figure_4.jpg -> classified as: Plots / Charts
[pDDODPtpx9] figure_1.jpg -> classified as: Architecture Diagram
[pDDODPtpx9] figure_8.jpg -> classified as: Plots / Charts
[pGMVuLvI5t] figure_2.jpg -> classified as: Plots / Charts
[pGMVuLvI5t] figure_3.jpg -> classified as: Plots / Charts
[pGMVuLvI5t] figure_4.jpg -> classified as: Plots / Charts
[pGMVuLvI5t] figure_1.jpg -> classified as: Plots / Charts
[pHe4P1IVnb] figure_(a)_Agreement_of.jpg -> classified as: Plots / Charts
[pHe4P1IVnb] figure_2.jpg -> classified as: Architecture Diagram
[pHe4P1IVnb] figure_3.jpg -> classified as: Plots / Charts
[pHe4P1IVnb] figure_1.jpg -> classified as: Qualitative Examples
[pNpz5fun44] figure_5.jpg -> classified as: Plots / Charts
[pNpz5fun44] figure_2.jpg -> classified as: Plots / Charts
[pNpz5fun44] figure_3.jpg -> classified as: Plots / Charts
[pNpz5fun44] figure_4.jpg -> classified as: Architecture Diagram
[pNpz5fun44] figure_1.jpg -> classified as: Other
  -> Skipping second pass (Other)
[pSdE7PIA64] figure_C_5.jpg -> classified as: Plots / Charts
[pSdE7PIA64] figure_2.jpg -> classified as: Plots / Charts
[pSdE7PIA64] figure_C_1.jpg -> classified as: Plots / Charts
[pSdE7PIA64] figure_C_4.jpg -> classified as: Plots / Charts
[pSdE7PIA64] figure_C_2.jpg -> classified as: Plots / Charts
[pSdE7PIA64] figure_C_3.jpg -> classified as: Plots / Charts
[pSdE7PIA64] figure_3.jpg -> classified as: Plots / Charts
[pSdE7PIA64] figure_4.jpg -> classified as: Plots / Charts
[pSdE7PIA64] figure_C_7.jpg -> classified as: Plots / Charts
[pSdE7PIA64] figure_C_8.jpg -> classified as: Plots / Charts
[pSdE7PIA64] figure_C.jpg -> classified as: Plots / Charts
[pSdE7PIA64] figure_1.jpg -> classified as: Plots / Charts
[pSdE7PIA64] figure_C_6.jpg -> classified as: Plots / Charts
[pUKps5dL4s] figure_5.jpg -> classified as: Plots / Charts
[pUKps5dL4s] figure_6.jpg -> classified as: Plots / Charts
[pUKps5dL4s] figure_2.jpg -> classified as: Qualitative Examples
[pUKps5dL4s] figure_7.jpg -> classified as: Plots / Charts
[pUKps5dL4s] figure_3.jpg -> classified as: Qualitative Examples
[pUKps5dL4s] figure_4.jpg -> classified as: Plots / Charts
[pUKps5dL4s] figure_1.jpg -> classified as: Plots / Charts
[pUKps5dL4s] figure_8.jpg -> classified as: Plots / Charts
[pVKEFtGkM6] figure_5.jpg -> classified as: Plots / Charts
[pVKEFtGkM6] figure_6.jpg -> classified as: Other
  -> Skipping second pass (Other)
[pVKEFtGkM6] figure_9.jpg -> classified as: Plots / Charts
[pVKEFtGkM6] figure_2.jpg -> classified as: Plots / Charts
[pVKEFtGkM6] figure_Task__LogiQA.jpg -> classified as: Plots / Charts
[pVKEFtGkM6] figure_7.jpg -> classified as: Plots / Charts
[pVKEFtGkM6] figure_3.jpg -> classified as: Plots / Charts
[pVKEFtGkM6] figure_4.jpg -> classified as: Plots / Charts
[pVKEFtGkM6] figure_Task__MMLU.jpg -> classified as: Plots / Charts
[pVKEFtGkM6] figure_1.jpg -> classified as: Plots / Charts
[pVKEFtGkM6] figure_8.jpg -> classified as: Plots / Charts
[pVKEFtGkM6] figure_10.jpg -> classified as: Plots / Charts
[pW387D5OUN] figure_5.jpg -> classified as: Qualitative Examples
[pW387D5OUN] figure_6.jpg -> classified as: Plots / Charts
[pW387D5OUN] figure_9.jpg -> classified as: Plots / Charts
[pW387D5OUN] figure_13.jpg -> classified as: Plots / Charts
[pW387D5OUN] figure_2.jpg -> classified as: Architecture Diagram
[pW387D5OUN] figure_11.jpg -> classified as: Plots / Charts
[pW387D5OUN] figure_4.jpg -> classified as: Plots / Charts
[pW387D5OUN] figure_1.jpg -> classified as: Other
  -> Skipping second pass (Other)
[pW387D5OUN] figure_8.jpg -> classified as: Plots / Charts
[pW387D5OUN] figure_12.jpg -> classified as: Plots / Charts
[pW387D5OUN] figure_14.jpg -> classified as: Plots / Charts
[pbDqZBn2X2] figure_5.jpg -> classified as: Plots / Charts
[pbDqZBn2X2] figure_2.jpg -> classified as: Architecture Diagram
[pbDqZBn2X2] figure_3.jpg -> classified as: Plots / Charts
[pbDqZBn2X2] figure_4.jpg -> classified as: Plots / Charts
[pbDqZBn2X2] figure_1.jpg -> classified as: Plots / Charts
[pdF86dyoS6] figure_5.jpg -> classified as: Plots / Charts
[pdF86dyoS6] figure_6.jpg -> classified as: Plots / Charts
[pdF86dyoS6] figure_2.jpg -> classified as: Plots / Charts
[pdF86dyoS6] figure_7.jpg -> classified as: Plots / Charts
[pdF86dyoS6] figure_3.jpg -> classified as: Plots / Charts
[pdF86dyoS6] figure_4.jpg -> classified as: Plots / Charts
[pdF86dyoS6] figure_1.jpg -> classified as: Qualitative Examples
[pdjkikvCch] figure_19.jpg -> classified as: Plots / Charts
[pdjkikvCch] figure_23.jpg -> classified as: Plots / Charts
[pdjkikvCch] figure_24.jpg -> classified as: Plots / Charts
[pdjkikvCch] figure_5.jpg -> classified as: Other
  -> Skipping second pass (Other)
[pdjkikvCch] figure_6.jpg -> classified as: Plots / Charts
[pdjkikvCch] figure_9.jpg -> classified as: Plots / Charts
[pdjkikvCch] figure_28.jpg -> classified as: Plots / Charts
[pdjkikvCch] figure_18.jpg -> classified as: Plots / Charts
[pdjkikvCch] figure_15.jpg -> classified as: Plots / Charts
[pdjkikvCch] figure_2.jpg -> classified as: Qualitative Examples
[pdjkikvCch] figure_20.jpg -> classified as: Plots / Charts
[pdjkikvCch] figure_11.jpg -> classified as: Plots / Charts
[pdjkikvCch] figure_7.jpg -> classified as: Plots / Charts
[pdjkikvCch] figure_3.jpg -> classified as: Other
  -> Skipping second pass (Other)
[pdjkikvCch] figure_4.jpg -> classified as: Plots / Charts
[pdjkikvCch] figure_17.jpg -> classified as: Qualitative Examples
[pdjkikvCch] figure_1.jpg -> classified as: Architecture Diagram
[pdjkikvCch] figure_27.jpg -> classified as: Plots / Charts
[pdjkikvCch] figure_8.jpg -> classified as: Plots / Charts
[pdjkikvCch] figure_12.jpg -> classified as: Plots / Charts
[pdjkikvCch] figure_21.jpg -> classified as: Plots / Charts
[pdjkikvCch] figure_26.jpg -> classified as: Plots / Charts
[pdjkikvCch] figure_14.jpg -> classified as: Plots / Charts
[pdjkikvCch] figure_16.jpg -> classified as: Plots / Charts
[pdjkikvCch] figure_10.jpg -> classified as: Plots / Charts
[peNgxpbdxB] figure_1.jpg -> classified as: Plots / Charts
[pjfrGVekwK] figure_5.jpg -> classified as: Qualitative Examples
[pjfrGVekwK] figure_6.jpg -> classified as: Plots / Charts
[pjfrGVekwK] figure_9.jpg -> classified as: Qualitative Examples
[pjfrGVekwK] figure_2.jpg -> classified as: Plots / Charts
[pjfrGVekwK] figure_7.jpg -> classified as: Plots / Charts
[pjfrGVekwK] figure_3.jpg -> classified as: Plots / Charts
[pjfrGVekwK] figure_4.jpg -> classified as: Plots / Charts
[pjfrGVekwK] figure_1.jpg -> classified as: Architecture Diagram
[pjfrGVekwK] figure_8.jpg -> classified as: Plots / Charts
[pjfrGVekwK] figure_10.jpg -> classified as: Plots / Charts
[pljYMCYDWJ] figure_5.jpg -> classified as: Plots / Charts
[pljYMCYDWJ] figure_7.jpg -> classified as: Plots / Charts
[pljYMCYDWJ] figure_3.jpg -> classified as: Plots / Charts
[pljYMCYDWJ] figure_4.jpg -> classified as: Qualitative Examples
[pljYMCYDWJ] figure_1.jpg -> classified as: Architecture Diagram
[pljYMCYDWJ] figure_8.jpg -> classified as: Plots / Charts
[pljYMCYDWJ] figure_12.jpg -> classified as: Plots / Charts
[pljYMCYDWJ] figure_10.jpg -> classified as: Plots / Charts
[pmYpa7GpFH] figure_1.jpg -> classified as: Plots / Charts
[pmweVpJ229] figure_2.jpg -> classified as: Plots / Charts
[pmweVpJ229] figure_3.jpg -> classified as: Plots / Charts
[pmweVpJ229] figure_1.jpg -> classified as: Plots / Charts
[prTI7MSt2X] figure_(c)_Plot_of.jpg -> classified as: Plots / Charts
[prTI7MSt2X] figure_5.jpg -> classified as: Plots / Charts
[prTI7MSt2X] figure_6.jpg -> classified as: Plots / Charts
[prTI7MSt2X] figure_9.jpg -> classified as: Qualitative Examples
[prTI7MSt2X] figure_2.jpg -> classified as: Plots / Charts
[prTI7MSt2X] figure_7.jpg -> classified as: Plots / Charts
[prTI7MSt2X] figure_4.jpg -> classified as: Plots / Charts
[prTI7MSt2X] figure_(b)_Ship_paths.jpg -> classified as: Plots / Charts
[prTI7MSt2X] figure_1.jpg -> classified as: Architecture Diagram
[prTI7MSt2X] figure_(b)_Left_chart.jpg -> classified as: Plots / Charts
[prTI7MSt2X] figure_8.jpg -> classified as: Plots / Charts
[psEswR8Jz4] figure_5.jpg -> classified as: Plots / Charts
[psEswR8Jz4] figure_6.jpg -> classified as: Plots / Charts
[psEswR8Jz4] figure_2.jpg -> classified as: Architecture Diagram
[psEswR8Jz4] figure_7.jpg -> classified as: Plots / Charts
[psEswR8Jz4] figure_3.jpg -> classified as: Plots / Charts
[psEswR8Jz4] figure_4.jpg -> classified as: Plots / Charts
[psEswR8Jz4] figure_1.jpg -> classified as: Architecture Diagram
[psEswR8Jz4] figure_8.jpg -> classified as: Plots / Charts
[pshLnZzIbW] figure_2.jpg -> classified as: Plots / Charts
[pshLnZzIbW] figure_3.jpg -> classified as: Plots / Charts
[pshLnZzIbW] figure_1.jpg -> classified as: Plots / Charts
[puTxuiK2qO] figure_19.jpg -> classified as: Plots / Charts
[puTxuiK2qO] figure_23.jpg -> classified as: Plots / Charts
[puTxuiK2qO] figure_24.jpg -> classified as: Plots / Charts
[puTxuiK2qO] figure_5.jpg -> classified as: Plots / Charts
[puTxuiK2qO] figure_6.jpg -> classified as: Plots / Charts
[puTxuiK2qO] figure_9.jpg -> classified as: Plots / Charts
[puTxuiK2qO] figure_22.jpg -> classified as: Plots / Charts
[puTxuiK2qO] figure_18.jpg -> classified as: Plots / Charts
[puTxuiK2qO] figure_13.jpg -> classified as: Other
  -> Skipping second pass (Other)
[puTxuiK2qO] figure_15.jpg -> classified as: Plots / Charts
[puTxuiK2qO] figure_2.jpg -> classified as: Architecture Diagram
[puTxuiK2qO] figure_20.jpg -> classified as: Plots / Charts
[puTxuiK2qO] figure_11.jpg -> classified as: Plots / Charts
[puTxuiK2qO] figure_7.jpg -> classified as: Plots / Charts
[puTxuiK2qO] figure_3.jpg -> classified as: Plots / Charts
[puTxuiK2qO] figure_4.jpg -> classified as: Plots / Charts
[puTxuiK2qO] figure_17.jpg -> classified as: Plots / Charts
[puTxuiK2qO] figure_1.jpg -> classified as: Plots / Charts
[puTxuiK2qO] figure_8.jpg -> classified as: Plots / Charts
[puTxuiK2qO] figure_12.jpg -> classified as: Plots / Charts
[puTxuiK2qO] figure_25.jpg -> classified as: Plots / Charts
[puTxuiK2qO] figure_21.jpg -> classified as: Plots / Charts
[puTxuiK2qO] figure_14.jpg -> classified as: Plots / Charts
[puTxuiK2qO] figure_16.jpg -> classified as: Plots / Charts
[puTxuiK2qO] figure_10.jpg -> classified as: Plots / Charts
[pvhyBB86Bt] figure_5.jpg -> classified as: Plots / Charts
[pvhyBB86Bt] figure_6.jpg -> classified as: Plots / Charts
[pvhyBB86Bt] figure_9.jpg -> classified as: Plots / Charts
[pvhyBB86Bt] figure_13.jpg -> classified as: Plots / Charts
[pvhyBB86Bt] figure_15.jpg -> classified as: Plots / Charts
[pvhyBB86Bt] figure_2.jpg -> classified as: Plots / Charts
[pvhyBB86Bt] figure_11.jpg -> classified as: Plots / Charts
[pvhyBB86Bt] figure_7.jpg -> classified as: Plots / Charts
[pvhyBB86Bt] figure_3.jpg -> classified as: Plots / Charts
[pvhyBB86Bt] figure_4.jpg -> classified as: Plots / Charts
[pvhyBB86Bt] figure_17.jpg -> classified as: Plots / Charts
[pvhyBB86Bt] figure_1.jpg -> classified as: Plots / Charts
[pvhyBB86Bt] figure_8.jpg -> classified as: Plots / Charts
[pvhyBB86Bt] figure_12.jpg -> classified as: Plots / Charts
[pvhyBB86Bt] figure_14.jpg -> classified as: Plots / Charts
[pvhyBB86Bt] figure_16.jpg -> classified as: Plots / Charts
[pvhyBB86Bt] figure_10.jpg -> classified as: Plots / Charts
[pxclAomHat] figure_2.jpg -> classified as: Plots / Charts
[pxclAomHat] figure_3.jpg -> classified as: Plots / Charts
[pxclAomHat] figure_4.jpg -> classified as: Plots / Charts
[pxclAomHat] figure_1.jpg -> classified as: Plots / Charts
[pzUhfQ74c5] figure_H.jpg -> classified as: Qualitative Examples
[pzUhfQ74c5] figure_2.jpg -> classified as: Plots / Charts
[pzUhfQ74c5] figure_G.jpg -> classified as: Plots / Charts
[pzUhfQ74c5] figure_1.jpg -> classified as: Qualitative Examples
[pzUhfQ74c5] figure_G_1.jpg -> classified as: Plots / Charts
[q0IZQMojwv] figure_5.jpg -> classified as: Other
  -> Skipping second pass (Other)
[q0IZQMojwv] figure_6.jpg -> classified as: Plots / Charts
[q0IZQMojwv] figure_9.jpg -> classified as: Plots / Charts
[q0IZQMojwv] figure_2.jpg -> classified as: Plots / Charts
[q0IZQMojwv] figure_11.jpg -> classified as: Plots / Charts
[q0IZQMojwv] figure_7.jpg -> classified as: Plots / Charts
[q0IZQMojwv] figure_3.jpg -> classified as: Plots / Charts
[q0IZQMojwv] figure_4.jpg -> classified as: Plots / Charts
[q0IZQMojwv] figure_1.jpg -> classified as: Plots / Charts
[q0IZQMojwv] figure_8.jpg -> classified as: Plots / Charts
[q0IZQMojwv] figure_12.jpg -> classified as: Plots / Charts
[q5EZ7gKcnW] figure_5.jpg -> classified as: Plots / Charts
[q5EZ7gKcnW] figure_6.jpg -> classified as: Plots / Charts
[q5EZ7gKcnW] figure_9.jpg -> classified as: Plots / Charts
[q5EZ7gKcnW] figure_2.jpg -> classified as: Plots / Charts
[q5EZ7gKcnW] figure_7.jpg -> classified as: Qualitative Examples
[q5EZ7gKcnW] figure_4.jpg -> classified as: Plots / Charts
[q5EZ7gKcnW] figure_1.jpg -> classified as: Plots / Charts
[q5EZ7gKcnW] figure_10.jpg -> classified as: Plots / Charts
[q5zMyAUhGx] figure_2.jpg -> classified as: Plots / Charts
[q5zMyAUhGx] figure_3.jpg -> classified as: Plots / Charts
[q5zMyAUhGx] figure_4.jpg -> classified as: Plots / Charts
[q5zMyAUhGx] figure_1.jpg -> classified as: Architecture Diagram
[q6zrZbth1F] figure_5.jpg -> classified as: Plots / Charts
[q6zrZbth1F] figure_2.jpg -> classified as: Plots / Charts
[q6zrZbth1F] figure_3.jpg -> classified as: Plots / Charts
[q6zrZbth1F] figure_4.jpg -> classified as: Plots / Charts
[q6zrZbth1F] figure_1.jpg -> classified as: Plots / Charts
[q8H9t10Vsy] figure_2.jpg -> classified as: Plots / Charts
[q8H9t10Vsy] figure_3.jpg -> classified as: Plots / Charts
[q8H9t10Vsy] figure_4.jpg -> classified as: Plots / Charts
[q8H9t10Vsy] figure_1.jpg -> classified as: Architecture Diagram
[qB0IV2DpeS] figure_1.jpg -> classified as: Plots / Charts
[qBKA2844I4] figure_5.jpg -> classified as: Plots / Charts
[qBKA2844I4] figure_6.jpg -> classified as: Plots / Charts
[qBKA2844I4] figure_9.jpg -> classified as: Plots / Charts
[qBKA2844I4] figure_13.jpg -> classified as: Plots / Charts
[qBKA2844I4] figure_2.jpg -> classified as: Plots / Charts
[qBKA2844I4] figure_11.jpg -> classified as: Plots / Charts
[qBKA2844I4] figure_7.jpg -> classified as: Plots / Charts
[qBKA2844I4] figure_3.jpg -> classified as: Architecture Diagram
[qBKA2844I4] figure_4.jpg -> classified as: Plots / Charts
[qBKA2844I4] figure_1.jpg -> classified as: Plots / Charts
[qBKA2844I4] figure_8.jpg -> classified as: Architecture Diagram
[qBKA2844I4] figure_12.jpg -> classified as: Plots / Charts
[qBKA2844I4] figure_14.jpg -> classified as: Plots / Charts
[qBKA2844I4] figure_10.jpg -> classified as: Plots / Charts
[qBWhjsNPEY] figure_A7.jpg -> classified as: Architecture Diagram
[qBWhjsNPEY] figure_5.jpg -> classified as: Plots / Charts
[qBWhjsNPEY] figure_A1.jpg -> classified as: Architecture Diagram
[qBWhjsNPEY] figure_6.jpg -> classified as: Plots / Charts
[qBWhjsNPEY] figure_A8.jpg -> classified as: Architecture Diagram
[qBWhjsNPEY] figure_A2.jpg -> classified as: Plots / Charts
[qBWhjsNPEY] figure_2.jpg -> classified as: Plots / Charts
[qBWhjsNPEY] figure_3.jpg -> classified as: Plots / Charts
[qBWhjsNPEY] figure_4.jpg -> classified as: Plots / Charts
[qBWhjsNPEY] figure_A6.jpg -> classified as: Plots / Charts
[qBWhjsNPEY] figure_1.jpg -> classified as: Other
  -> Skipping second pass (Other)
[qBWhjsNPEY] figure_A4.jpg -> classified as: Plots / Charts
[qBWhjsNPEY] figure_A5.jpg -> classified as: Plots / Charts
[qBWhjsNPEY] figure_A3.jpg -> classified as: Plots / Charts
[qIRkFyLZnR] figure_2.jpg -> classified as: Plots / Charts
[qIRkFyLZnR] figure_1.jpg -> classified as: Plots / Charts
[qKgd7RaAem] figure_5.jpg -> classified as: Plots / Charts
[qKgd7RaAem] figure_6.jpg -> classified as: Plots / Charts
[qKgd7RaAem] figure_9.jpg -> classified as: Plots / Charts
[qKgd7RaAem] figure_2.jpg -> classified as: Plots / Charts
[qKgd7RaAem] figure_11.jpg -> classified as: Plots / Charts
[qKgd7RaAem] figure_7.jpg -> classified as: Plots / Charts
[qKgd7RaAem] figure_3.jpg -> classified as: Plots / Charts
[qKgd7RaAem] figure_4.jpg -> classified as: Plots / Charts
[qKgd7RaAem] figure_1.jpg -> classified as: Architecture Diagram
[qKgd7RaAem] figure_8.jpg -> classified as: Plots / Charts
[qKgd7RaAem] figure_12.jpg -> classified as: Plots / Charts
[qKgd7RaAem] figure_10.jpg -> classified as: Plots / Charts
[qL6brrBDk2] figure_2.jpg -> classified as: Plots / Charts
[qL6brrBDk2] figure_1.jpg -> classified as: Architecture Diagram
[qO6dk9KfIp] figure_30.jpg -> classified as: Qualitative Examples
[qO6dk9KfIp] figure_19.jpg -> classified as: Plots / Charts
[qO6dk9KfIp] figure_23.jpg -> classified as: Plots / Charts
[qO6dk9KfIp] figure_29.jpg -> classified as: Qualitative Examples
[qO6dk9KfIp] figure_24.jpg -> classified as: Plots / Charts
[qO6dk9KfIp] figure_6.jpg -> classified as: Plots / Charts
[qO6dk9KfIp] figure_9.jpg -> classified as: Plots / Charts
[qO6dk9KfIp] figure_39.jpg -> classified as: Qualitative Examples
[qO6dk9KfIp] figure_22.jpg -> classified as: Plots / Charts
[qO6dk9KfIp] figure_28.jpg -> classified as: Qualitative Examples
[qO6dk9KfIp] figure_18.jpg -> classified as: Plots / Charts
[qO6dk9KfIp] figure_13.jpg -> classified as: Plots / Charts
[qO6dk9KfIp] figure_15.jpg -> classified as: Plots / Charts
[qO6dk9KfIp] figure_2.jpg -> classified as: Qualitative Examples
[qO6dk9KfIp] figure_38.jpg -> classified as: Qualitative Examples
[qO6dk9KfIp] figure_20.jpg -> classified as: Plots / Charts
[qO6dk9KfIp] figure_11.jpg -> classified as: Plots / Charts
[qO6dk9KfIp] figure_35.jpg -> classified as: Qualitative Examples
[qO6dk9KfIp] figure_7.jpg -> classified as: Plots / Charts
[qO6dk9KfIp] figure_34.jpg -> classified as: Qualitative Examples
[qO6dk9KfIp] figure_3.jpg -> classified as: Qualitative Examples
[qO6dk9KfIp] figure_33.jpg -> classified as: Qualitative Examples
[qO6dk9KfIp] figure_4.jpg -> classified as: Plots / Charts
[qO6dk9KfIp] figure_36.jpg -> classified as: Qualitative Examples
[qO6dk9KfIp] figure_40.jpg -> classified as: Qualitative Examples
[qO6dk9KfIp] figure_31.jpg -> classified as: Qualitative Examples
[qO6dk9KfIp] figure_17.jpg -> classified as: Plots / Charts
[qO6dk9KfIp] figure_41.jpg -> classified as: Qualitative Examples
[qO6dk9KfIp] figure_1.jpg -> classified as: Plots / Charts
[qO6dk9KfIp] figure_27.jpg -> classified as: Qualitative Examples
[qO6dk9KfIp] figure_37.jpg -> classified as: Qualitative Examples
[qO6dk9KfIp] figure_8.jpg -> classified as: Plots / Charts
[qO6dk9KfIp] figure_12.jpg -> classified as: Qualitative Examples
[qO6dk9KfIp] figure_25.jpg -> classified as: Qualitative Examples
[qO6dk9KfIp] figure_21.jpg -> classified as: Plots / Charts
[qO6dk9KfIp] figure_26.jpg -> classified as: Qualitative Examples
[qO6dk9KfIp] figure_14.jpg -> classified as: Plots / Charts
[qO6dk9KfIp] figure_32.jpg -> classified as: Qualitative Examples
[qO6dk9KfIp] figure_16.jpg -> classified as: Plots / Charts
[qO6dk9KfIp] figure_10.jpg -> classified as: Plots / Charts
[qPloNoDJZn] figure_5.jpg -> classified as: Plots / Charts
[qPloNoDJZn] figure_6.jpg -> classified as: Plots / Charts
[qPloNoDJZn] figure_9.jpg -> classified as: Plots / Charts
[qPloNoDJZn] figure_2.jpg -> classified as: Plots / Charts
[qPloNoDJZn] figure_7.jpg -> classified as: Plots / Charts
[qPloNoDJZn] figure_3.jpg -> classified as: Plots / Charts
[qPloNoDJZn] figure_4.jpg -> classified as: Plots / Charts
[qPloNoDJZn] figure_1.jpg -> classified as: Plots / Charts
[qPloNoDJZn] figure_8.jpg -> classified as: Plots / Charts
[qPloNoDJZn] figure_10.jpg -> classified as: Plots / Charts
[qTrEq31Shm] figure_5.jpg -> classified as: Other
  -> Skipping second pass (Other)
[qTrEq31Shm] figure_6.jpg -> classified as: Plots / Charts
[qTrEq31Shm] figure_2.jpg -> classified as: Qualitative Examples
[qTrEq31Shm] figure_3.jpg -> classified as: Plots / Charts
[qTrEq31Shm] figure_4.jpg -> classified as: Plots / Charts
[qTrEq31Shm] figure_1.jpg -> classified as: Plots / Charts
[qYb0CANLGC] figure_2.jpg -> classified as: Qualitative Examples
[qYb0CANLGC] figure_3.jpg -> classified as: Qualitative Examples
[qYb0CANLGC] figure_1.jpg -> classified as: Architecture Diagram
[qZEdmyqCHF] figure_5.jpg -> classified as: Qualitative Examples
[qZEdmyqCHF] figure_6.jpg -> classified as: Qualitative Examples
[qZEdmyqCHF] figure_2.jpg -> classified as: Architecture Diagram
[qZEdmyqCHF] figure_7.jpg -> classified as: Qualitative Examples
[qZEdmyqCHF] figure_3.jpg -> classified as: Plots / Charts
[qZEdmyqCHF] figure_4.jpg -> classified as: Qualitative Examples
[qZEdmyqCHF] figure_1.jpg -> classified as: Plots / Charts
[qaKRfobbTg] figure_2.jpg -> classified as: Plots / Charts
[qaKRfobbTg] figure_3.jpg -> classified as: Plots / Charts
[qaKRfobbTg] figure_1.jpg -> classified as: Plots / Charts
[qbw861vueP] figure_5.jpg -> classified as: Plots / Charts
[qbw861vueP] figure_2.jpg -> classified as: Architecture Diagram
[qbw861vueP] figure_3.jpg -> classified as: Plots / Charts
[qbw861vueP] figure_4.jpg -> classified as: Plots / Charts
[qbw861vueP] figure_C.jpg -> classified as: Plots / Charts
[qbw861vueP] figure_1.jpg -> classified as: Architecture Diagram
[qcigbR1UYA] figure_5.jpg -> classified as: Architecture Diagram
[qcigbR1UYA] figure_6.jpg -> classified as: Plots / Charts
[qcigbR1UYA] figure_2.jpg -> classified as: Plots / Charts
[qcigbR1UYA] figure_3.jpg -> classified as: Plots / Charts
[qcigbR1UYA] figure_4.jpg -> classified as: Plots / Charts
[qcigbR1UYA] figure_1.jpg -> classified as: Plots / Charts
[qgWJkDiI5p] figure_2.jpg -> classified as: Plots / Charts
[qgWJkDiI5p] figure_3.jpg -> classified as: Plots / Charts
[qgWJkDiI5p] figure_4.jpg -> classified as: Plots / Charts
[qgWJkDiI5p] figure_1.jpg -> classified as: Plots / Charts
[qpXctF2aLZ] figure_19.jpg -> classified as: Qualitative Examples
[qpXctF2aLZ] figure_5.jpg -> classified as: Plots / Charts
[qpXctF2aLZ] figure_6.jpg -> classified as: Other
  -> Skipping second pass (Other)
[qpXctF2aLZ] figure_9.jpg -> classified as: Architecture Diagram
[qpXctF2aLZ] figure_18.jpg -> classified as: Qualitative Examples
[qpXctF2aLZ] figure_13.jpg -> classified as: Plots / Charts
[qpXctF2aLZ] figure_15.jpg -> classified as: Qualitative Examples
[qpXctF2aLZ] figure_2.jpg -> classified as: Architecture Diagram
[qpXctF2aLZ] figure_11.jpg -> classified as: Architecture Diagram
[qpXctF2aLZ] figure_7.jpg -> classified as: Architecture Diagram
[qpXctF2aLZ] figure_3.jpg -> classified as: Plots / Charts
[qpXctF2aLZ] figure_4.jpg -> classified as: Architecture Diagram
[qpXctF2aLZ] figure_17.jpg -> classified as: Qualitative Examples
[qpXctF2aLZ] figure_1.jpg -> classified as: Plots / Charts
[qpXctF2aLZ] figure_8.jpg -> classified as: Qualitative Examples
[qpXctF2aLZ] figure_12.jpg -> classified as: Architecture Diagram
[qpXctF2aLZ] figure_14.jpg -> classified as: Plots / Charts
[qpXctF2aLZ] figure_16.jpg -> classified as: Qualitative Examples
[qpXctF2aLZ] figure_10.jpg -> classified as: Architecture Diagram
[qucdAPZfar] figure_5.jpg -> classified as: Plots / Charts
[qucdAPZfar] figure_6.jpg -> classified as: Architecture Diagram
[qucdAPZfar] figure_9.jpg -> classified as: Plots / Charts
[qucdAPZfar] figure_2.jpg -> classified as: Architecture Diagram
[qucdAPZfar] figure_11.jpg -> classified as: Plots / Charts
[qucdAPZfar] figure_7.jpg -> classified as: Plots / Charts
[qucdAPZfar] figure_3.jpg -> classified as: Plots / Charts
[qucdAPZfar] figure_4.jpg -> classified as: Plots / Charts
[qucdAPZfar] figure_1.jpg -> classified as: Plots / Charts
[qucdAPZfar] figure_8.jpg -> classified as: Plots / Charts
[qucdAPZfar] figure_10.jpg -> classified as: Plots / Charts
[qx02elXpf9] figure_2.jpg -> classified as: Plots / Charts
[qx02elXpf9] figure_3.jpg -> classified as: Plots / Charts
[qx02elXpf9] figure_1.jpg -> classified as: Plots / Charts
[r0opxuq8T8] figure_5.jpg -> classified as: Plots / Charts
[r0opxuq8T8] figure_6.jpg -> classified as: Plots / Charts
[r0opxuq8T8] figure_9.jpg -> classified as: Plots / Charts
[r0opxuq8T8] figure_13.jpg -> classified as: Plots / Charts
[r0opxuq8T8] figure_2.jpg -> classified as: Plots / Charts
[r0opxuq8T8] figure_11.jpg -> classified as: Plots / Charts
[r0opxuq8T8] figure_7.jpg -> classified as: Plots / Charts
[r0opxuq8T8] figure_3.jpg -> classified as: Plots / Charts
[r0opxuq8T8] figure_4.jpg -> classified as: Plots / Charts
[r0opxuq8T8] figure_8.jpg -> classified as: Plots / Charts
[r0opxuq8T8] figure_12.jpg -> classified as: Plots / Charts
[r0opxuq8T8] figure_14.jpg -> classified as: Plots / Charts
[r0opxuq8T8] figure_10.jpg -> classified as: Plots / Charts
[r3DF5sOo5B] figure_2.jpg -> classified as: Plots / Charts
[r3DF5sOo5B] figure_3.jpg -> classified as: Plots / Charts
[r3DF5sOo5B] figure_1.jpg -> classified as: Plots / Charts
[r5d8zkYizS] figure_5.jpg -> classified as: Plots / Charts
[r5d8zkYizS] figure_6.jpg -> classified as: Plots / Charts
[r5d8zkYizS] figure_9.jpg -> classified as: Plots / Charts
[r5d8zkYizS] figure_2.jpg -> classified as: Plots / Charts
[r5d8zkYizS] figure_7.jpg -> classified as: Plots / Charts
[r5d8zkYizS] figure_3.jpg -> classified as: Plots / Charts
[r5d8zkYizS] figure_4.jpg -> classified as: Plots / Charts
[r5d8zkYizS] figure_1.jpg -> classified as: Plots / Charts
[r5d8zkYizS] figure_8.jpg -> classified as: Plots / Charts
[r5njV3BsuD] figure_1.jpg -> classified as: Plots / Charts
[r6NMqADLGQ] figure_2.jpg -> classified as: Other
  -> Skipping second pass (Other)
[r6NMqADLGQ] figure_3.jpg -> classified as: Plots / Charts
[r6NMqADLGQ] figure_4.jpg -> classified as: Plots / Charts
[r6NMqADLGQ] figure_1.jpg -> classified as: Plots / Charts
[r7cYRi7NxT] figure_5.jpg -> classified as: Architecture Diagram
[r7cYRi7NxT] figure_6.jpg -> classified as: Architecture Diagram
[r7cYRi7NxT] figure_9.jpg -> classified as: Qualitative Examples
[r7cYRi7NxT] figure_2.jpg -> classified as: Architecture Diagram
[r7cYRi7NxT] figure_11.jpg -> classified as: Qualitative Examples
[r7cYRi7NxT] figure_7.jpg -> classified as: Plots / Charts
[r7cYRi7NxT] figure_3.jpg -> classified as: Architecture Diagram
[r7cYRi7NxT] figure_4.jpg -> classified as: Plots / Charts
[r7cYRi7NxT] figure_1.jpg -> classified as: Architecture Diagram
[r7cYRi7NxT] figure_8.jpg -> classified as: Plots / Charts
[r7cYRi7NxT] figure_10.jpg -> classified as: Plots / Charts
[rEEjYlzXUD] figure_5.jpg -> classified as: Plots / Charts
[rEEjYlzXUD] figure_9.jpg -> classified as: Plots / Charts
[rEEjYlzXUD] figure_2.jpg -> classified as: Plots / Charts
[rEEjYlzXUD] figure_7.jpg -> classified as: Qualitative Examples
[rEEjYlzXUD] figure_3.jpg -> classified as: Plots / Charts
[rEEjYlzXUD] figure_4.jpg -> classified as: Plots / Charts
[rEEjYlzXUD] figure_1.jpg -> classified as: Architecture Diagram
[rEEjYlzXUD] figure_8.jpg -> classified as: Plots / Charts
[rEEjYlzXUD] figure_10.jpg -> classified as: Plots / Charts
[rGyi8NNqB0] figure_2.jpg -> classified as: Plots / Charts
[rGyi8NNqB0] figure_3.jpg -> classified as: Plots / Charts
[rGyi8NNqB0] figure_4.jpg -> classified as: Plots / Charts
[rGyi8NNqB0] figure_1.jpg -> classified as: Plots / Charts
[rHbxQebhDd] figure_5.jpg -> classified as: Plots / Charts
[rHbxQebhDd] figure_6.jpg -> classified as: Architecture Diagram
[rHbxQebhDd] figure_2.jpg -> classified as: Plots / Charts
[rHbxQebhDd] figure_7.jpg -> classified as: Plots / Charts
[rHbxQebhDd] figure_3.jpg -> classified as: Qualitative Examples
[rHbxQebhDd] figure_4.jpg -> classified as: Plots / Charts
[rHbxQebhDd] figure_1.jpg -> classified as: Architecture Diagram
[rIJbFQ1zII] figure_5.jpg -> classified as: Plots / Charts
[rIJbFQ1zII] figure_2.jpg -> classified as: Plots / Charts
[rIJbFQ1zII] figure_3.jpg -> classified as: Plots / Charts
[rIJbFQ1zII] figure_4.jpg -> classified as: Plots / Charts
[rINBD8jPoP] figure_5.jpg -> classified as: Architecture Diagram
[rINBD8jPoP] figure_6.jpg -> classified as: Plots / Charts
[rINBD8jPoP] figure_9.jpg -> classified as: Plots / Charts
[rINBD8jPoP] figure_2.jpg -> classified as: Plots / Charts
[rINBD8jPoP] figure_11.jpg -> classified as: Plots / Charts
[rINBD8jPoP] figure_7.jpg -> classified as: Plots / Charts
[rINBD8jPoP] figure_3.jpg -> classified as: Plots / Charts
[rINBD8jPoP] figure_4.jpg -> classified as: Plots / Charts
[rINBD8jPoP] figure_1.jpg -> classified as: Architecture Diagram
[rINBD8jPoP] figure_8.jpg -> classified as: Plots / Charts
[rINBD8jPoP] figure_10.jpg -> classified as: Architecture Diagram
[rb93dP976j] figure_5.jpg -> classified as: Plots / Charts
[rb93dP976j] figure_6.jpg -> classified as: Plots / Charts
[rb93dP976j] figure_2.jpg -> classified as: Plots / Charts
[rb93dP976j] figure_3.jpg -> classified as: Plots / Charts
[rb93dP976j] figure_4.jpg -> classified as: Plots / Charts
[rb93dP976j] figure_1.jpg -> classified as: Architecture Diagram
[rdAbEn5DZt] figure_2.jpg -> classified as: Plots / Charts
[rdAbEn5DZt] figure_3.jpg -> classified as: Plots / Charts
[rdAbEn5DZt] figure_4.jpg -> classified as: Plots / Charts
[rdAbEn5DZt] figure_1.jpg -> classified as: Architecture Diagram
[reZKq6hjOZ] figure_1.jpg -> classified as: Plots / Charts
[rh54qNvxKO] figure_2.jpg -> classified as: Other
  -> Skipping second pass (Other)
[rh54qNvxKO] figure_3.jpg -> classified as: Other
  -> Skipping second pass (Other)
[rh54qNvxKO] figure_4.jpg -> classified as: Plots / Charts
[rh54qNvxKO] figure_1.jpg -> classified as: Architecture Diagram
[rhhQjGj09A] figure_5.jpg -> classified as: Plots / Charts
[rhhQjGj09A] figure_6.jpg -> classified as: Plots / Charts
[rhhQjGj09A] figure_9.jpg -> classified as: Plots / Charts
[rhhQjGj09A] figure_2.jpg -> classified as: Plots / Charts
[rhhQjGj09A] figure_11.jpg -> classified as: Plots / Charts
[rhhQjGj09A] figure_7.jpg -> classified as: Plots / Charts
[rhhQjGj09A] figure_3.jpg -> classified as: Plots / Charts
[rhhQjGj09A] figure_4.jpg -> classified as: Plots / Charts
[rhhQjGj09A] figure_1.jpg -> classified as: Plots / Charts
[rhhQjGj09A] figure_8.jpg -> classified as: Plots / Charts
[rhhQjGj09A] figure_12.jpg -> classified as: Plots / Charts
[rhhQjGj09A] figure_10.jpg -> classified as: Plots / Charts
[rjLgCkJH79] figure_2.jpg -> classified as: Architecture Diagram
[rjLgCkJH79] figure_3.jpg -> classified as: Plots / Charts
[rjLgCkJH79] figure_1.jpg -> classified as: Qualitative Examples
[rmFtICfcd8] figure_5.jpg -> classified as: Plots / Charts
[rmFtICfcd8] figure_6.jpg -> classified as: Plots / Charts
[rmFtICfcd8] figure_9.jpg -> classified as: Plots / Charts
[rmFtICfcd8] figure_2.jpg -> classified as: Plots / Charts
[rmFtICfcd8] figure_11.jpg -> classified as: Plots / Charts
[rmFtICfcd8] figure_7.jpg -> classified as: Plots / Charts
[rmFtICfcd8] figure_3.jpg -> classified as: Plots / Charts
[rmFtICfcd8] figure_4.jpg -> classified as: Plots / Charts
[rmFtICfcd8] figure_1.jpg -> classified as: Plots / Charts
[rmFtICfcd8] figure_8.jpg -> classified as: Plots / Charts
[rmFtICfcd8] figure_10.jpg -> classified as: Plots / Charts
[rnL3OafDdw] figure_(a)_SonI__values.jpg -> classified as: Plots / Charts
[rnL3OafDdw] figure_A1.jpg -> classified as: Plots / Charts
[rnL3OafDdw] figure_A2.jpg -> classified as: Qualitative Examples
[rnL3OafDdw] figure_(b)_IonS-MUA__point.jpg -> classified as: Plots / Charts
[rnL3OafDdw] figure_2.jpg -> classified as: Plots / Charts
[rnL3OafDdw] figure_3.jpg -> classified as: Plots / Charts
[rnL3OafDdw] figure_1.jpg -> classified as: Architecture Diagram
[rnL3OafDdw] figure_A4.jpg -> classified as: Plots / Charts
[rpwGUtTeA5] figure_5.jpg -> classified as: Plots / Charts
[rpwGUtTeA5] figure_6.jpg -> classified as: Plots / Charts
[rpwGUtTeA5] figure_9.jpg -> classified as: Plots / Charts
[rpwGUtTeA5] figure_13.jpg -> classified as: Plots / Charts
[rpwGUtTeA5] figure_2.jpg -> classified as: Plots / Charts
[rpwGUtTeA5] figure_11.jpg -> classified as: Plots / Charts
[rpwGUtTeA5] figure_7.jpg -> classified as: Plots / Charts
[rpwGUtTeA5] figure_3.jpg -> classified as: Plots / Charts
[rpwGUtTeA5] figure_4.jpg -> classified as: Plots / Charts
[rpwGUtTeA5] figure_1.jpg -> classified as: Architecture Diagram
[rpwGUtTeA5] figure_8.jpg -> classified as: Plots / Charts
[rpwGUtTeA5] figure_12.jpg -> classified as: Plots / Charts
[rpwGUtTeA5] figure_14.jpg -> classified as: Plots / Charts
[rpwGUtTeA5] figure_10.jpg -> classified as: Plots / Charts
[rtl4XnJYBh] figure_5.jpg -> classified as: Plots / Charts
[rtl4XnJYBh] figure_6.jpg -> classified as: Plots / Charts
[rtl4XnJYBh] figure_2.jpg -> classified as: Plots / Charts
[rtl4XnJYBh] figure_7.jpg -> classified as: Plots / Charts
[rtl4XnJYBh] figure_3.jpg -> classified as: Plots / Charts
[rtl4XnJYBh] figure_4.jpg -> classified as: Plots / Charts
[rtl4XnJYBh] figure_1.jpg -> classified as: Plots / Charts
[rtx8B94JMS] figure_Figs._18_and.jpg -> classified as: Qualitative Examples
[rtx8B94JMS] figure_5.jpg -> classified as: Qualitative Examples
[rtx8B94JMS] figure_6.jpg -> classified as: Plots / Charts
[rtx8B94JMS] figure_9.jpg -> classified as: Plots / Charts
[rtx8B94JMS] figure_18.jpg -> classified as: Qualitative Examples
[rtx8B94JMS] figure_13.jpg -> classified as: Plots / Charts
[rtx8B94JMS] figure_15.jpg -> classified as: Plots / Charts
[rtx8B94JMS] figure_2.jpg -> classified as: Plots / Charts
[rtx8B94JMS] figure_11.jpg -> classified as: Plots / Charts
[rtx8B94JMS] figure_7.jpg -> classified as: Plots / Charts
[rtx8B94JMS] figure_3.jpg -> classified as: Plots / Charts
[rtx8B94JMS] figure_4.jpg -> classified as: Architecture Diagram
[rtx8B94JMS] figure_17.jpg -> classified as: Plots / Charts
[rtx8B94JMS] figure_1.jpg -> classified as: Plots / Charts
[rtx8B94JMS] figure_8.jpg -> classified as: Plots / Charts
[rtx8B94JMS] figure_12.jpg -> classified as: Plots / Charts
[rtx8B94JMS] figure_14.jpg -> classified as: Plots / Charts
[rtx8B94JMS] figure_16.jpg -> classified as: Plots / Charts
[rtx8B94JMS] figure_10.jpg -> classified as: Plots / Charts
[rulxyXjf46] figure_5.jpg -> classified as: Plots / Charts
[rulxyXjf46] figure_6.jpg -> classified as: Plots / Charts
[rulxyXjf46] figure_(a)_Concrete_Length.jpg -> classified as: Plots / Charts
[rulxyXjf46] figure_(b)_Community_Length.jpg -> classified as: Plots / Charts
[rulxyXjf46] figure_9.jpg -> classified as: Plots / Charts
[rulxyXjf46] figure_13.jpg -> classified as: Plots / Charts
[rulxyXjf46] figure_(a)_MEPS_20.jpg -> classified as: Plots / Charts
[rulxyXjf46] figure_(b)_Bio_Length.jpg -> classified as: Plots / Charts
[rulxyXjf46] figure_(b)_Diabetes_Length.jpg -> classified as: Plots / Charts
[rulxyXjf46] figure_(b)_MEPS_21.jpg -> classified as: Plots / Charts
[rulxyXjf46] figure_2.jpg -> classified as: Plots / Charts
[rulxyXjf46] figure_11.jpg -> classified as: Plots / Charts
[rulxyXjf46] figure_(a)_Breast_Cancer.jpg -> classified as: Plots / Charts
[rulxyXjf46] figure_7.jpg -> classified as: Plots / Charts
[rulxyXjf46] figure_(b)_Forest_Length.jpg -> classified as: Plots / Charts
[rulxyXjf46] figure_3.jpg -> classified as: Plots / Charts
[rulxyXjf46] figure_4.jpg -> classified as: Plots / Charts
[rulxyXjf46] figure_(a)_Bimodal_Length.jpg -> classified as: Plots / Charts
[rulxyXjf46] figure_1.jpg -> classified as: Plots / Charts
[rulxyXjf46] figure_(b)_MEPS_19.jpg -> classified as: Plots / Charts
[rulxyXjf46] figure_8.jpg -> classified as: Plots / Charts
[rulxyXjf46] figure_12.jpg -> classified as: Plots / Charts
[rulxyXjf46] figure_10.jpg -> classified as: Plots / Charts
[rxlF2Zv8x0] figure_5.jpg -> classified as: Architecture Diagram
[rxlF2Zv8x0] figure_2.jpg -> classified as: Plots / Charts
[rxlF2Zv8x0] figure_3.jpg -> classified as: Plots / Charts
[rxlF2Zv8x0] figure_4.jpg -> classified as: Plots / Charts
[rxlF2Zv8x0] figure_1.jpg -> classified as: Other
  -> Skipping second pass (Other)
[s2SLzC0IPZ] figure_2.jpg -> classified as: Plots / Charts
[s2SLzC0IPZ] figure_1.jpg -> classified as: Plots / Charts
[s324bLSKui] figure_1.jpg -> classified as: Architecture Diagram
[s4It8EZf77] figure_5.jpg -> classified as: Architecture Diagram
[s4It8EZf77] figure_6.jpg -> classified as: Architecture Diagram
[s4It8EZf77] figure_9.jpg -> classified as: Plots / Charts
[s4It8EZf77] figure_(b)_Peak_memory.jpg -> classified as: Plots / Charts
[s4It8EZf77] figure_2.jpg -> classified as: Architecture Diagram
[s4It8EZf77] figure_7.jpg -> classified as: Architecture Diagram
[s4It8EZf77] figure_3.jpg -> classified as: Architecture Diagram
[s4It8EZf77] figure_4.jpg -> classified as: Architecture Diagram
[s4It8EZf77] figure_1.jpg -> classified as: Plots / Charts
[s4It8EZf77] figure_8.jpg -> classified as: Plots / Charts
[s4It8EZf77] figure_(b)_Peak_memory_1.jpg -> classified as: Plots / Charts
[s4It8EZf77] figure_10.jpg -> classified as: Plots / Charts
[s5N7p5UjgR] figure_5.jpg -> classified as: Plots / Charts
[s5N7p5UjgR] figure_6.jpg -> classified as: Plots / Charts
[s5N7p5UjgR] figure_2.jpg -> classified as: Plots / Charts
[s5N7p5UjgR] figure_7.jpg -> classified as: Plots / Charts
[s5N7p5UjgR] figure_3.jpg -> classified as: Plots / Charts
[s5N7p5UjgR] figure_4.jpg -> classified as: Plots / Charts
[s5N7p5UjgR] figure_1.jpg -> classified as: Architecture Diagram
[s5N7p5UjgR] figure_8.jpg -> classified as: Plots / Charts
[s5T9A9tXTX] figure_44.jpg -> classified as: Qualitative Examples
[s5T9A9tXTX] figure_30.jpg -> classified as: Qualitative Examples
[s5T9A9tXTX] figure_43.jpg -> classified as: Qualitative Examples
[s5T9A9tXTX] figure_19.jpg -> classified as: Plots / Charts
[s5T9A9tXTX] figure_23.jpg -> classified as: Plots / Charts
[s5T9A9tXTX] figure_29.jpg -> classified as: Qualitative Examples
[s5T9A9tXTX] figure_24.jpg -> classified as: Qualitative Examples
[s5T9A9tXTX] figure_5.jpg -> classified as: Qualitative Examples
[s5T9A9tXTX] figure_9.jpg -> classified as: Plots / Charts
[s5T9A9tXTX] figure_10_1.jpg -> classified as: Plots / Charts
[s5T9A9tXTX] figure_42.jpg -> classified as: Qualitative Examples
[s5T9A9tXTX] figure_39.jpg -> classified as: Qualitative Examples
[s5T9A9tXTX] figure_22.jpg -> classified as: Qualitative Examples
[s5T9A9tXTX] figure_28.jpg -> classified as: Qualitative Examples
[s5T9A9tXTX] figure_18.jpg -> classified as: Plots / Charts
[s5T9A9tXTX] figure_13.jpg -> classified as: Architecture Diagram
[s5T9A9tXTX] figure_15.jpg -> classified as: Plots / Charts
[s5T9A9tXTX] figure_2.jpg -> classified as: Qualitative Examples
[s5T9A9tXTX] figure_38.jpg -> classified as: Qualitative Examples
[s5T9A9tXTX] figure_20.jpg -> classified as: Plots / Charts
[s5T9A9tXTX] figure_35.jpg -> classified as: Qualitative Examples
[s5T9A9tXTX] figure_7.jpg -> classified as: Plots / Charts
[s5T9A9tXTX] figure_34.jpg -> classified as: Qualitative Examples
[s5T9A9tXTX] figure_3.jpg -> classified as: Plots / Charts
[s5T9A9tXTX] figure_33.jpg -> classified as: Qualitative Examples
[s5T9A9tXTX] figure_4.jpg -> classified as: Plots / Charts
[s5T9A9tXTX] figure_36.jpg -> classified as: Qualitative Examples
[s5T9A9tXTX] figure_40.jpg -> classified as: Qualitative Examples
[s5T9A9tXTX] figure_5_1.jpg -> classified as: Plots / Charts
[s5T9A9tXTX] figure_31.jpg -> classified as: Qualitative Examples
[s5T9A9tXTX] figure_17.jpg -> classified as: Plots / Charts
[s5T9A9tXTX] figure_45.jpg -> classified as: Qualitative Examples
[s5T9A9tXTX] figure_41.jpg -> classified as: Qualitative Examples
[s5T9A9tXTX] figure_1.jpg -> classified as: Other
  -> Skipping second pass (Other)
[s5T9A9tXTX] figure_27.jpg -> classified as: Qualitative Examples
[s5T9A9tXTX] figure_37.jpg -> classified as: Qualitative Examples
[s5T9A9tXTX] figure_8.jpg -> classified as: Qualitative Examples
[s5T9A9tXTX] figure_12.jpg -> classified as: Qualitative Examples
[s5T9A9tXTX] figure_25.jpg -> classified as: Qualitative Examples
[s5T9A9tXTX] figure_21.jpg -> classified as: Plots / Charts
[s5T9A9tXTX] figure_26.jpg -> classified as: Qualitative Examples
[s5T9A9tXTX] figure_14.jpg -> classified as: Qualitative Examples
[s5T9A9tXTX] figure_32.jpg -> classified as: Qualitative Examples
[s5T9A9tXTX] figure_16.jpg -> classified as: Plots / Charts
[s5T9A9tXTX] figure_10.jpg -> classified as: Plots / Charts
[s5hSp7EdL3] figure_2.jpg -> classified as: Plots / Charts
[s5hSp7EdL3] figure_3.jpg -> classified as: Plots / Charts
[s5hSp7EdL3] figure_4.jpg -> classified as: Plots / Charts
[s90VIdza2K] figure_2.jpg -> classified as: Plots / Charts
[s90VIdza2K] figure_3.jpg -> classified as: Plots / Charts
[s90VIdza2K] figure_4.jpg -> classified as: Plots / Charts
[s90VIdza2K] figure_1.jpg -> classified as: Plots / Charts
[s9zoyICZ4k] figure_5.jpg -> classified as: Plots / Charts
[s9zoyICZ4k] figure_6.jpg -> classified as: Other
  -> Skipping second pass (Other)
[s9zoyICZ4k] figure_9.jpg -> classified as: Qualitative Examples
[s9zoyICZ4k] figure_2.jpg -> classified as: Architecture Diagram
[s9zoyICZ4k] figure_11.jpg -> classified as: Plots / Charts
[s9zoyICZ4k] figure_7.jpg -> classified as: Other
  -> Skipping second pass (Other)
[s9zoyICZ4k] figure_3.jpg -> classified as: Plots / Charts
[s9zoyICZ4k] figure_4.jpg -> classified as: Plots / Charts
[s9zoyICZ4k] figure_1.jpg -> classified as: Plots / Charts
[s9zoyICZ4k] figure_8.jpg -> classified as: Plots / Charts
[sCew1tR6No] figure_5.jpg -> classified as: Plots / Charts
[sCew1tR6No] figure_6.jpg -> classified as: Qualitative Examples
[sCew1tR6No] figure_9.jpg -> classified as: Qualitative Examples
[sCew1tR6No] figure_13.jpg -> classified as: Plots / Charts
[sCew1tR6No] figure_2.jpg -> classified as: Plots / Charts
[sCew1tR6No] figure_11.jpg -> classified as: Plots / Charts
[sCew1tR6No] figure_7.jpg -> classified as: Qualitative Examples
[sCew1tR6No] figure_3.jpg -> classified as: Qualitative Examples
[sCew1tR6No] figure_4.jpg -> classified as: Qualitative Examples
[sCew1tR6No] figure_1.jpg -> classified as: Qualitative Examples
[sCew1tR6No] figure_8.jpg -> classified as: Plots / Charts
[sCew1tR6No] figure_12.jpg -> classified as: Plots / Charts
[sCew1tR6No] figure_10.jpg -> classified as: Plots / Charts
[sDmjlpphdB] figure_5.jpg -> classified as: Plots / Charts
[sDmjlpphdB] figure_6.jpg -> classified as: Qualitative Examples
[sDmjlpphdB] figure_2.jpg -> classified as: Plots / Charts
[sDmjlpphdB] figure_3.jpg -> classified as: Plots / Charts
[sDmjlpphdB] figure_4.jpg -> classified as: Plots / Charts
[sDmjlpphdB] figure_1.jpg -> classified as: Plots / Charts
[sHlZP3hP8E] figure_1.jpg -> classified as: Plots / Charts
[sIE2rI3ZPs] figure_31.20.jpg -> classified as: Plots / Charts
[sIE2rI3ZPs] figure_30.2.jpg -> classified as: Plots / Charts
[sIE2rI3ZPs] figure_19.jpg -> classified as: Plots / Charts
[sIE2rI3ZPs] figure_31.8.jpg -> classified as: Plots / Charts
[sIE2rI3ZPs] figure_32.13.jpg -> classified as: Plots / Charts
[sIE2rI3ZPs] figure_32.1.jpg -> classified as: Plots / Charts
[sIE2rI3ZPs] figure_32.16.jpg -> classified as: Plots / Charts
[sIE2rI3ZPs] figure_35.5.jpg -> classified as: Plots / Charts
[sIE2rI3ZPs] figure_32.18.jpg -> classified as: Plots / Charts
[sIE2rI3ZPs] figure_31.4.jpg -> classified as: Plots / Charts
[sIE2rI3ZPs] figure_32.17.jpg -> classified as: Plots / Charts
[sIE2rI3ZPs] figure_33.6.jpg -> classified as: Plots / Charts
[sIE2rI3ZPs] figure_30.5.jpg -> classified as: Plots / Charts
[sIE2rI3ZPs] figure_31.2.jpg -> classified as: Plots / Charts
[sIE2rI3ZPs] figure_31.14.jpg -> classified as: Plots / Charts
[sIE2rI3ZPs] figure_34.15.jpg -> classified as: Plots / Charts
[sIE2rI3ZPs] figure_23.jpg -> classified as: Plots / Charts
[sIE2rI3ZPs] figure_30.14.jpg -> classified as: Plots / Charts
[sIE2rI3ZPs] figure_29.jpg -> classified as: Plots / Charts
[sIE2rI3ZPs] figure_24.jpg -> classified as: Plots / Charts
[sIE2rI3ZPs] figure_31.7.jpg -> classified as: Plots / Charts
[sIE2rI3ZPs] figure_31.17.jpg -> classified as: Plots / Charts
[sIE2rI3ZPs] figure_30.4.jpg -> classified as: Plots / Charts
[sIE2rI3ZPs] figure_33.15.jpg -> classified as: Plots / Charts
[sIE2rI3ZPs] figure_34.3.jpg -> classified as: Plots / Charts
[sIE2rI3ZPs] figure_30.3.jpg -> classified as: Plots / Charts
[sIE2rI3ZPs] figure_5.jpg -> classified as: Plots / Charts
[sIE2rI3ZPs] figure_31.21.jpg -> classified as: Plots / Charts
[sIE2rI3ZPs] figure_32.14.jpg -> classified as: Plots / Charts
[sIE2rI3ZPs] figure_6.jpg -> classified as: Plots / Charts
[sIE2rI3ZPs] figure_34.1.jpg -> classified as: Plots / Charts
[sIE2rI3ZPs] figure_35.3.jpg -> classified as: Plots / Charts
[sIE2rI3ZPs] figure_34.4.jpg -> classified as: Plots / Charts
[sIE2rI3ZPs] figure_31.13.jpg -> classified as: Plots / Charts
[sIE2rI3ZPs] figure_34.13.jpg -> classified as: Plots / Charts
[sIE2rI3ZPs] figure_35.17.jpg -> classified as: Plots / Charts
[sIE2rI3ZPs] figure_30.15.jpg -> classified as: Plots / Charts
[sIE2rI3ZPs] figure_30.17.jpg -> classified as: Plots / Charts
[sIE2rI3ZPs] figure_33.5.jpg -> classified as: Plots / Charts
[sIE2rI3ZPs] figure_35.6.jpg -> classified as: Plots / Charts
[sIE2rI3ZPs] figure_35.18.jpg -> classified as: Plots / Charts
[sIE2rI3ZPs] figure_9.jpg -> classified as: Plots / Charts
[sIE2rI3ZPs] figure_31.1.jpg -> classified as: Plots / Charts
[sIE2rI3ZPs] figure_22.jpg -> classified as: Plots / Charts
[sIE2rI3ZPs] figure_28.jpg -> classified as: Plots / Charts
[sIE2rI3ZPs] figure_31.19.jpg -> classified as: Plots / Charts
[sIE2rI3ZPs] figure_18.jpg -> classified as: Plots / Charts
[sIE2rI3ZPs] figure_33.4.jpg -> classified as: Plots / Charts
[sIE2rI3ZPs] figure_13.jpg -> classified as: Plots / Charts
[sIE2rI3ZPs] figure_31.10.jpg -> classified as: Plots / Charts
[sIE2rI3ZPs] figure_33.1.jpg -> classified as: Plots / Charts
[sIE2rI3ZPs] figure_34.17.jpg -> classified as: Plots / Charts
[sIE2rI3ZPs] figure_31.15.jpg -> classified as: Plots / Charts
[sIE2rI3ZPs] figure_30.1.jpg -> classified as: Plots / Charts
[sIE2rI3ZPs] figure_35.12.jpg -> classified as: Plots / Charts
[sIE2rI3ZPs] figure_32.12.jpg -> classified as: Plots / Charts
[sIE2rI3ZPs] figure_35.7.jpg -> classified as: Plots / Charts
[sIE2rI3ZPs] figure_15.jpg -> classified as: Plots / Charts
[sIE2rI3ZPs] figure_32.2.jpg -> classified as: Plots / Charts
[sIE2rI3ZPs] figure_35.8.jpg -> classified as: Plots / Charts
[sIE2rI3ZPs] figure_2.jpg -> classified as: Plots / Charts
[sIE2rI3ZPs] figure_20.jpg -> classified as: Plots / Charts
[sIE2rI3ZPs] figure_34.9.jpg -> classified as: Plots / Charts
[sIE2rI3ZPs] figure_31.18.jpg -> classified as: Plots / Charts
[sIE2rI3ZPs] figure_11.jpg -> classified as: Plots / Charts
[sIE2rI3ZPs] figure_30.18.jpg -> classified as: Plots / Charts
[sIE2rI3ZPs] figure_35.2.jpg -> classified as: Plots / Charts
[sIE2rI3ZPs] figure_34.18.jpg -> classified as: Plots / Charts
[sIE2rI3ZPs] figure_35.16.jpg -> classified as: Plots / Charts
[sIE2rI3ZPs] figure_33.11.jpg -> classified as: Plots / Charts
[sIE2rI3ZPs] figure_35.13.jpg -> classified as: Plots / Charts
[sIE2rI3ZPs] figure_30.9.jpg -> classified as: Plots / Charts
[sIE2rI3ZPs] figure_34.5.jpg -> classified as: Plots / Charts
[sIE2rI3ZPs] figure_7.jpg -> classified as: Plots / Charts
[sIE2rI3ZPs] figure_33.8.jpg -> classified as: Plots / Charts
[sIE2rI3ZPs] figure_33.3.jpg -> classified as: Plots / Charts
[sIE2rI3ZPs] figure_30.7.jpg -> classified as: Plots / Charts
[sIE2rI3ZPs] figure_33.7.jpg -> classified as: Plots / Charts
[sIE2rI3ZPs] figure_31.16.jpg -> classified as: Plots / Charts
[sIE2rI3ZPs] figure_30.11.jpg -> classified as: Plots / Charts
[sIE2rI3ZPs] figure_30.12.jpg -> classified as: Plots / Charts
[sIE2rI3ZPs] figure_33.9.jpg -> classified as: Plots / Charts
[sIE2rI3ZPs] figure_3.jpg -> classified as: Plots / Charts
[sIE2rI3ZPs] figure_34.14.jpg -> classified as: Plots / Charts
[sIE2rI3ZPs] figure_32.10.jpg -> classified as: Plots / Charts
[sIE2rI3ZPs] figure_33.2.jpg -> classified as: Plots / Charts
[sIE2rI3ZPs] figure_34.7.jpg -> classified as: Plots / Charts
[sIE2rI3ZPs] figure_4.jpg -> classified as: Plots / Charts
[sIE2rI3ZPs] figure_31.11.jpg -> classified as: Plots / Charts
[sIE2rI3ZPs] figure_31.6.jpg -> classified as: Plots / Charts
[sIE2rI3ZPs] figure_35.9.jpg -> classified as: Plots / Charts
[sIE2rI3ZPs] figure_33.14.jpg -> classified as: Plots / Charts
[sIE2rI3ZPs] figure_34.12.jpg -> classified as: Plots / Charts
[sIE2rI3ZPs] figure_31.3.jpg -> classified as: Plots / Charts
[sIE2rI3ZPs] figure_32.11.jpg -> classified as: Plots / Charts
[sIE2rI3ZPs] figure_35.15.jpg -> classified as: Plots / Charts
[sIE2rI3ZPs] figure_30.6.jpg -> classified as: Plots / Charts
[sIE2rI3ZPs] figure_32.15.jpg -> classified as: Plots / Charts
[sIE2rI3ZPs] figure_30.16.jpg -> classified as: Plots / Charts
[sIE2rI3ZPs] figure_17.jpg -> classified as: Plots / Charts
[sIE2rI3ZPs] figure_34.2.jpg -> classified as: Plots / Charts
[sIE2rI3ZPs] figure_31.12.jpg -> classified as: Plots / Charts
[sIE2rI3ZPs] figure_34.8.jpg -> classified as: Plots / Charts
[sIE2rI3ZPs] figure_1.jpg -> classified as: Plots / Charts
[sIE2rI3ZPs] figure_32.5.jpg -> classified as: Plots / Charts
[sIE2rI3ZPs] figure_27.jpg -> classified as: Plots / Charts
[sIE2rI3ZPs] figure_35.11.jpg -> classified as: Plots / Charts
[sIE2rI3ZPs] figure_32.4.jpg -> classified as: Plots / Charts
[sIE2rI3ZPs] figure_33.12.jpg -> classified as: Plots / Charts
[sIE2rI3ZPs] figure_33.17.jpg -> classified as: Plots / Charts
[sIE2rI3ZPs] figure_33.13.jpg -> classified as: Plots / Charts
[sIE2rI3ZPs] figure_35.14.jpg -> classified as: Plots / Charts
[sIE2rI3ZPs] figure_34.10.jpg -> classified as: Plots / Charts
[sIE2rI3ZPs] figure_32.3.jpg -> classified as: Plots / Charts
[sIE2rI3ZPs] figure_30.13.jpg -> classified as: Plots / Charts
[sIE2rI3ZPs] figure_31.5.jpg -> classified as: Plots / Charts
[sIE2rI3ZPs] figure_32.8.jpg -> classified as: Plots / Charts
[sIE2rI3ZPs] figure_30.8.jpg -> classified as: Plots / Charts
[sIE2rI3ZPs] figure_32.6.jpg -> classified as: Plots / Charts
[sIE2rI3ZPs] figure_8.jpg -> classified as: Plots / Charts
[sIE2rI3ZPs] figure_34.6.jpg -> classified as: Plots / Charts
[sIE2rI3ZPs] figure_30.10.jpg -> classified as: Plots / Charts
[sIE2rI3ZPs] figure_31.9.jpg -> classified as: Plots / Charts
[sIE2rI3ZPs] figure_12.jpg -> classified as: Plots / Charts
[sIE2rI3ZPs] figure_25.jpg -> classified as: Plots / Charts
[sIE2rI3ZPs] figure_21.jpg -> classified as: Plots / Charts
[sIE2rI3ZPs] figure_26.jpg -> classified as: Plots / Charts
[sIE2rI3ZPs] figure_32.7.jpg -> classified as: Plots / Charts
[sIE2rI3ZPs] figure_35.4.jpg -> classified as: Plots / Charts
[sIE2rI3ZPs] figure_33.10.jpg -> classified as: Plots / Charts
[sIE2rI3ZPs] figure_14.jpg -> classified as: Plots / Charts
[sIE2rI3ZPs] figure_33.16.jpg -> classified as: Plots / Charts
[sIE2rI3ZPs] figure_33.18.jpg -> classified as: Plots / Charts
[sIE2rI3ZPs] figure_35.1.jpg -> classified as: Plots / Charts
[sIE2rI3ZPs] figure_16.jpg -> classified as: Plots / Charts
[sIE2rI3ZPs] figure_34.16.jpg -> classified as: Plots / Charts
[sIE2rI3ZPs] figure_10.jpg -> classified as: Plots / Charts
[sIE2rI3ZPs] figure_32.9.jpg -> classified as: Plots / Charts
[sIE2rI3ZPs] figure_34.11.jpg -> classified as: Plots / Charts
[sIcPMMhl9W] figure_2.jpg -> classified as: Plots / Charts
[sIcPMMhl9W] figure_3.jpg -> classified as: Plots / Charts
[sIcPMMhl9W] figure_4.jpg -> classified as: Plots / Charts
[sIcPMMhl9W] figure_1.jpg -> classified as: Architecture Diagram
[sJCIv4aUQu] figure_2.jpg -> classified as: Plots / Charts
[sJCIv4aUQu] figure_3.jpg -> classified as: Plots / Charts
[sJCIv4aUQu] figure_4.jpg -> classified as: Plots / Charts
[sJCIv4aUQu] figure_1.jpg -> classified as: Plots / Charts
[sK2A7Ve2co] figure_5.jpg -> classified as: Plots / Charts
[sK2A7Ve2co] figure_6.jpg -> classified as: Plots / Charts
[sK2A7Ve2co] figure_2.jpg -> classified as: Plots / Charts
[sK2A7Ve2co] figure_7.jpg -> classified as: Plots / Charts
[sK2A7Ve2co] figure_3.jpg -> classified as: Plots / Charts
[sK2A7Ve2co] figure_4.jpg -> classified as: Plots / Charts
[sK2A7Ve2co] figure_1.jpg -> classified as: Plots / Charts
[sK2A7Ve2co] figure_8.jpg -> classified as: Plots / Charts
[sLGliHckR8] figure_5.jpg -> classified as: Qualitative Examples
[sLGliHckR8] figure_6.jpg -> classified as: Qualitative Examples
[sLGliHckR8] figure_2.jpg -> classified as: Architecture Diagram
[sLGliHckR8] figure_3.jpg -> classified as: Plots / Charts
[sLGliHckR8] figure_4.jpg -> classified as: Plots / Charts
[sLGliHckR8] figure_1.jpg -> classified as: Other
  -> Skipping second pass (Other)
[sLregLuXpn] figure_19.jpg -> classified as: Qualitative Examples
[sLregLuXpn] figure_23.jpg -> classified as: Qualitative Examples
[sLregLuXpn] figure_24.jpg -> classified as: Qualitative Examples
[sLregLuXpn] figure_5.jpg -> classified as: Plots / Charts
[sLregLuXpn] figure_6.jpg -> classified as: Plots / Charts
[sLregLuXpn] figure_9.jpg -> classified as: Qualitative Examples
[sLregLuXpn] figure_22.jpg -> classified as: Qualitative Examples
[sLregLuXpn] figure_18.jpg -> classified as: Qualitative Examples
[sLregLuXpn] figure_13.jpg -> classified as: Qualitative Examples
[sLregLuXpn] figure_15.jpg -> classified as: Plots / Charts
[sLregLuXpn] figure_2.jpg -> classified as: Architecture Diagram
[sLregLuXpn] figure_20.jpg -> classified as: Qualitative Examples
[sLregLuXpn] figure_11.jpg -> classified as: Qualitative Examples
[sLregLuXpn] figure_7.jpg -> classified as: Plots / Charts
[sLregLuXpn] figure_3.jpg -> classified as: Qualitative Examples
[sLregLuXpn] figure_4.jpg -> classified as: Qualitative Examples
[sLregLuXpn] figure_17.jpg -> classified as: Qualitative Examples
[sLregLuXpn] figure_1.jpg -> classified as: Qualitative Examples
[sLregLuXpn] figure_27.jpg -> classified as: Qualitative Examples
[sLregLuXpn] figure_8.jpg -> classified as: Plots / Charts
[sLregLuXpn] figure_12.jpg -> classified as: Qualitative Examples
[sLregLuXpn] figure_25.jpg -> classified as: Plots / Charts
[sLregLuXpn] figure_21.jpg -> classified as: Qualitative Examples
[sLregLuXpn] figure_26.jpg -> classified as: Qualitative Examples
[sLregLuXpn] figure_14.jpg -> classified as: Qualitative Examples
[sLregLuXpn] figure_16.jpg -> classified as: Qualitative Examples
[sLregLuXpn] figure_10.jpg -> classified as: Plots / Charts
[sP1tCl2QBk] figure_2.jpg -> classified as: Qualitative Examples
[sP1tCl2QBk] figure_3.jpg -> classified as: Qualitative Examples
[sP1tCl2QBk] figure_4.jpg -> classified as: Qualitative Examples
[sP1tCl2QBk] figure_1.jpg -> classified as: Plots / Charts
[sPuLtU32av] figure_5.jpg -> classified as: Plots / Charts
[sPuLtU32av] figure_6.jpg -> classified as: Plots / Charts
[sPuLtU32av] figure_2.jpg -> classified as: Plots / Charts
[sPuLtU32av] figure_7.jpg -> classified as: Plots / Charts
[sPuLtU32av] figure_3.jpg -> classified as: Plots / Charts
[sPuLtU32av] figure_4.jpg -> classified as: Plots / Charts
[sPuLtU32av] figure_1.jpg -> classified as: Plots / Charts
[sPuLtU32av] figure_8.jpg -> classified as: Plots / Charts
[sSWGqY2qNJ] figure_5.jpg -> classified as: Plots / Charts
[sSWGqY2qNJ] figure_6.jpg -> classified as: Plots / Charts
[sSWGqY2qNJ] figure_2.jpg -> classified as: Architecture Diagram
[sSWGqY2qNJ] figure_7.jpg -> classified as: Plots / Charts
[sSWGqY2qNJ] figure_3.jpg -> classified as: Architecture Diagram
[sSWGqY2qNJ] figure_4.jpg -> classified as: Plots / Charts
[sSWGqY2qNJ] figure_1.jpg -> classified as: Qualitative Examples
[sTYuRVrdK3] figure_5.jpg -> classified as: Plots / Charts
[sTYuRVrdK3] figure_6.jpg -> classified as: Plots / Charts
[sTYuRVrdK3] figure_9.jpg -> classified as: Plots / Charts
[sTYuRVrdK3] figure_2.jpg -> classified as: Plots / Charts
[sTYuRVrdK3] figure_7.jpg -> classified as: Plots / Charts
[sTYuRVrdK3] figure_3.jpg -> classified as: Plots / Charts
[sTYuRVrdK3] figure_4.jpg -> classified as: Plots / Charts
[sTYuRVrdK3] figure_1.jpg -> classified as: Architecture Diagram
[sTYuRVrdK3] figure_8.jpg -> classified as: Plots / Charts
[sTYuRVrdK3] figure_10.jpg -> classified as: Plots / Charts
[sVl1KO5K76] figure_A_2.jpg -> classified as: Plots / Charts
[sVl1KO5K76] figure_A.jpg -> classified as: Plots / Charts
[sVl1KO5K76] figure_5.jpg -> classified as: Plots / Charts
[sVl1KO5K76] figure_A_3.jpg -> classified as: Plots / Charts
[sVl1KO5K76] figure_2.jpg -> classified as: Plots / Charts
[sVl1KO5K76] figure_A_6.jpg -> classified as: Plots / Charts
[sVl1KO5K76] figure_A_7.jpg -> classified as: Plots / Charts
[sVl1KO5K76] figure_A_1.jpg -> classified as: Plots / Charts
[sVl1KO5K76] figure_A_5.jpg -> classified as: Plots / Charts
[sVl1KO5K76] figure_3.jpg -> classified as: Plots / Charts
[sVl1KO5K76] figure_4.jpg -> classified as: Plots / Charts
[sVl1KO5K76] figure_1.jpg -> classified as: Plots / Charts
[sVl1KO5K76] figure_A_4.jpg -> classified as: Plots / Charts
[sZGZJhaNSe] figure_5.jpg -> classified as: Plots / Charts
[sZGZJhaNSe] figure_6.jpg -> classified as: Plots / Charts
[sZGZJhaNSe] figure_9.jpg -> classified as: Plots / Charts
[sZGZJhaNSe] figure_2.jpg -> classified as: Plots / Charts
[sZGZJhaNSe] figure_11.jpg -> classified as: Plots / Charts
[sZGZJhaNSe] figure_7.jpg -> classified as: Plots / Charts
[sZGZJhaNSe] figure_3.jpg -> classified as: Plots / Charts
[sZGZJhaNSe] figure_4.jpg -> classified as: Plots / Charts
[sZGZJhaNSe] figure_1.jpg -> classified as: Plots / Charts
[sZGZJhaNSe] figure_8.jpg -> classified as: Plots / Charts
[sZGZJhaNSe] figure_Log-linear_static_mixing.jpg -> classified as: Plots / Charts
[sZGZJhaNSe] figure_10.jpg -> classified as: Plots / Charts
[sZJNkorXMk] figure_5.jpg -> classified as: Plots / Charts
[sZJNkorXMk] figure_6.jpg -> classified as: Plots / Charts
[sZJNkorXMk] figure_9.jpg -> classified as: Plots / Charts
[sZJNkorXMk] figure_11.jpg -> classified as: Plots / Charts
[sZJNkorXMk] figure_7.jpg -> classified as: Plots / Charts
[sZJNkorXMk] figure_3.jpg -> classified as: Plots / Charts
[sZJNkorXMk] figure_4.jpg -> classified as: Plots / Charts
[sZJNkorXMk] figure_1.jpg -> classified as: Plots / Charts
[sZJNkorXMk] figure_8.jpg -> classified as: Plots / Charts
[sZJNkorXMk] figure_12.jpg -> classified as: Plots / Charts
[sZJNkorXMk] figure_10.jpg -> classified as: Plots / Charts
[saFH7zTtQs] figure_1.jpg -> classified as: Plots / Charts
[saj54kqrBj] figure_5.jpg -> classified as: Qualitative Examples
[saj54kqrBj] figure_6.jpg -> classified as: Qualitative Examples
[saj54kqrBj] figure_2.jpg -> classified as: Other
  -> Skipping second pass (Other)
[saj54kqrBj] figure_7.jpg -> classified as: Qualitative Examples
[saj54kqrBj] figure_3.jpg -> classified as: Plots / Charts
[saj54kqrBj] figure_4.jpg -> classified as: Plots / Charts
[saj54kqrBj] figure_1.jpg -> classified as: Architecture Diagram
[saj54kqrBj] figure_8.jpg -> classified as: Plots / Charts
[sb1HgVDLjN] figure_2.jpg -> classified as: Plots / Charts
[sb1HgVDLjN] figure_3.jpg -> classified as: Plots / Charts
[sb1HgVDLjN] figure_1.jpg -> classified as: Plots / Charts
[scdGzuwC9u] figure_3.jpg -> classified as: Plots / Charts
[scdGzuwC9u] figure_4.jpg -> classified as: Plots / Charts
[scdGzuwC9u] figure_1.jpg -> classified as: Architecture Diagram
[sdLGY9Dj5r] figure_2.jpg -> classified as: Plots / Charts
[sdLGY9Dj5r] figure_3.jpg -> classified as: Plots / Charts
[sdLGY9Dj5r] figure_1.jpg -> classified as: Architecture Diagram
[sfQ6XpApfS] figure_5.jpg -> classified as: Plots / Charts
[sfQ6XpApfS] figure_6.jpg -> classified as: Plots / Charts
[sfQ6XpApfS] figure_9.jpg -> classified as: Plots / Charts
[sfQ6XpApfS] figure_2.jpg -> classified as: Architecture Diagram
[sfQ6XpApfS] figure_11.jpg -> classified as: Plots / Charts
[sfQ6XpApfS] figure_7.jpg -> classified as: Architecture Diagram
[sfQ6XpApfS] figure_3.jpg -> classified as: Plots / Charts
[sfQ6XpApfS] figure_4.jpg -> classified as: Plots / Charts
[sfQ6XpApfS] figure_1.jpg -> classified as: Qualitative Examples
[sfQ6XpApfS] figure_8.jpg -> classified as: Plots / Charts
[sfQ6XpApfS] figure_12.jpg -> classified as: Plots / Charts
[sfQ6XpApfS] figure_10.jpg -> classified as: Plots / Charts
[sgbI8Pxwie] figure_2.jpg -> classified as: Plots / Charts
[sgbI8Pxwie] figure_3.jpg -> classified as: Plots / Charts
[sgbI8Pxwie] figure_1.jpg -> classified as: Architecture Diagram
[siHHqDDzvS] figure_5.jpg -> classified as: Plots / Charts
[siHHqDDzvS] figure_6.jpg -> classified as: Plots / Charts
[siHHqDDzvS] figure_9.jpg -> classified as: Plots / Charts
[siHHqDDzvS] figure_2.jpg -> classified as: Architecture Diagram
[siHHqDDzvS] figure_7.jpg -> classified as: Plots / Charts
[siHHqDDzvS] figure_3.jpg -> classified as: Plots / Charts
[siHHqDDzvS] figure_4.jpg -> classified as: Plots / Charts
[siHHqDDzvS] figure_1.jpg -> classified as: Architecture Diagram
[siHHqDDzvS] figure_8.jpg -> classified as: Plots / Charts
[sjGmiI49sd] figure_2.jpg -> classified as: Architecture Diagram
[sjGmiI49sd] figure_3.jpg -> classified as: Qualitative Examples
[sjGmiI49sd] figure_1.jpg -> classified as: Qualitative Examples
[slSmYGc8ee] figure_2.jpg -> classified as: Plots / Charts
[slSmYGc8ee] figure_3.jpg -> classified as: Plots / Charts
[slSmYGc8ee] figure_1.jpg -> classified as: Plots / Charts
[spDUv05cEq] figure_5.jpg -> classified as: Plots / Charts
[spDUv05cEq] figure_2.jpg -> classified as: Plots / Charts
[spDUv05cEq] figure_3.jpg -> classified as: Plots / Charts
[spDUv05cEq] figure_4.jpg -> classified as: Plots / Charts
[spDUv05cEq] figure_1.jpg -> classified as: Plots / Charts
[sprjE7BTZR] figure_5.jpg -> classified as: Plots / Charts
[sprjE7BTZR] figure_6.jpg -> classified as: Plots / Charts
[sprjE7BTZR] figure_2.jpg -> classified as: Plots / Charts
[sprjE7BTZR] figure_7.jpg -> classified as: Plots / Charts
[sprjE7BTZR] figure_3.jpg -> classified as: Architecture Diagram
[sprjE7BTZR] figure_4.jpg -> classified as: Plots / Charts
[sprjE7BTZR] figure_1.jpg -> classified as: Architecture Diagram
[spwklWgmWJ] figure_5.jpg -> classified as: Plots / Charts
[spwklWgmWJ] figure_2.jpg -> classified as: Plots / Charts
[spwklWgmWJ] figure_3.jpg -> classified as: Architecture Diagram
[spwklWgmWJ] figure_4.jpg -> classified as: Plots / Charts
[spwklWgmWJ] figure_1.jpg -> classified as: Plots / Charts
[sq5LLWk5SN] figure_2.jpg -> classified as: Plots / Charts
[sq5LLWk5SN] figure_3.jpg -> classified as: Plots / Charts
[sq5LLWk5SN] figure_1.jpg -> classified as: Architecture Diagram
[stUKwWBuBm] figure_2.jpg -> classified as: Qualitative Examples
[stUKwWBuBm] figure_1.jpg -> classified as: Plots / Charts
[swqZKDoMJA] figure_5.jpg -> classified as: Plots / Charts
[swqZKDoMJA] figure_6.jpg -> classified as: Architecture Diagram
[swqZKDoMJA] figure_9.jpg -> classified as: Plots / Charts
[swqZKDoMJA] figure_2.jpg -> classified as: Plots / Charts
[swqZKDoMJA] figure_7.jpg -> classified as: Architecture Diagram
[swqZKDoMJA] figure_3.jpg -> classified as: Plots / Charts
[swqZKDoMJA] figure_4.jpg -> classified as: Plots / Charts
[swqZKDoMJA] figure_1.jpg -> classified as: Plots / Charts
[swqZKDoMJA] figure_8.jpg -> classified as: Plots / Charts
[swqZKDoMJA] figure_10.jpg -> classified as: Plots / Charts
[sy1lbQxj9J] figure_2.jpg -> classified as: Architecture Diagram
[sy1lbQxj9J] figure_1.jpg -> classified as: Architecture Diagram
[t8FG4cJuL3] figure_2.jpg -> classified as: Plots / Charts
[t8FG4cJuL3] figure_3.jpg -> classified as: Plots / Charts
[t8FG4cJuL3] figure_1.jpg -> classified as: Architecture Diagram
[tBom4xOW1H] figure_2.jpg -> classified as: Plots / Charts
[tBom4xOW1H] figure_3.jpg -> classified as: Plots / Charts
[tBom4xOW1H] figure_1.jpg -> classified as: Architecture Diagram
[tDIL7UXmSS] figure_5.jpg -> classified as: Plots / Charts
[tDIL7UXmSS] figure_2.jpg -> classified as: Plots / Charts
[tDIL7UXmSS] figure_3.jpg -> classified as: Plots / Charts
[tDIL7UXmSS] figure_4.jpg -> classified as: Plots / Charts
[tDIL7UXmSS] figure_1.jpg -> classified as: Architecture Diagram
[tKif2rXQ6V] figure_2.jpg -> classified as: Plots / Charts
[tKif2rXQ6V] figure_3.jpg -> classified as: Plots / Charts
[tKif2rXQ6V] figure_1.jpg -> classified as: Qualitative Examples
[tMzPZTvz2H] figure_1.jpg -> classified as: Plots / Charts
[tNn6Hskmti] figure_5.jpg -> classified as: Plots / Charts
[tNn6Hskmti] figure_6.jpg -> classified as: Plots / Charts
[tNn6Hskmti] figure_9.jpg -> classified as: Plots / Charts
[tNn6Hskmti] figure_2.jpg -> classified as: Plots / Charts
[tNn6Hskmti] figure_7.jpg -> classified as: Plots / Charts
[tNn6Hskmti] figure_3.jpg -> classified as: Plots / Charts
[tNn6Hskmti] figure_1.jpg -> classified as: Plots / Charts
[tNn6Hskmti] figure_(b)_Percentage_difference.jpg -> classified as: Plots / Charts
[tNn6Hskmti] figure_8.jpg -> classified as: Qualitative Examples
[tQoGDHn2XO] figure_5.jpg -> classified as: Plots / Charts
[tQoGDHn2XO] figure_6.jpg -> classified as: Plots / Charts
[tQoGDHn2XO] figure_9.jpg -> classified as: Plots / Charts
[tQoGDHn2XO] figure_2.jpg -> classified as: Plots / Charts
[tQoGDHn2XO] figure_11.jpg -> classified as: Plots / Charts
[tQoGDHn2XO] figure_7.jpg -> classified as: Plots / Charts
[tQoGDHn2XO] figure_3.jpg -> classified as: Plots / Charts
[tQoGDHn2XO] figure_4.jpg -> classified as: Plots / Charts
[tQoGDHn2XO] figure_1.jpg -> classified as: Plots / Charts
[tQoGDHn2XO] figure_8.jpg -> classified as: Plots / Charts
[tQoGDHn2XO] figure_10.jpg -> classified as: Plots / Charts
[tQyh0gnfqW] figure_19.jpg -> classified as: Plots / Charts
[tQyh0gnfqW] figure_A.1_THE_LAZY.jpg -> classified as: Qualitative Examples
[tQyh0gnfqW] figure_5.jpg -> classified as: Plots / Charts
[tQyh0gnfqW] figure_6.jpg -> classified as: Plots / Charts
[tQyh0gnfqW] figure_9.jpg -> classified as: Plots / Charts
[tQyh0gnfqW] figure_22.jpg -> classified as: Plots / Charts
[tQyh0gnfqW] figure_18.jpg -> classified as: Plots / Charts
[tQyh0gnfqW] figure_13.jpg -> classified as: Plots / Charts
[tQyh0gnfqW] figure_15.jpg -> classified as: Qualitative Examples
[tQyh0gnfqW] figure_2.jpg -> classified as: Qualitative Examples
[tQyh0gnfqW] figure_20.jpg -> classified as: Qualitative Examples
[tQyh0gnfqW] figure_11.jpg -> classified as: Plots / Charts
[tQyh0gnfqW] figure_7.jpg -> classified as: Qualitative Examples
[tQyh0gnfqW] figure_4.jpg -> classified as: Plots / Charts
[tQyh0gnfqW] figure_17.jpg -> classified as: Qualitative Examples
[tQyh0gnfqW] figure_1.jpg -> classified as: Plots / Charts
[tQyh0gnfqW] figure_8.jpg -> classified as: Plots / Charts
[tQyh0gnfqW] figure_12.jpg -> classified as: Plots / Charts
[tQyh0gnfqW] figure_21.jpg -> classified as: Qualitative Examples
[tQyh0gnfqW] figure_14.jpg -> classified as: Qualitative Examples
[tQyh0gnfqW] figure_16.jpg -> classified as: Qualitative Examples
[tQyh0gnfqW] figure_10.jpg -> classified as: Plots / Charts
[tUVG9nGzgE] figure_2.jpg -> classified as: Architecture Diagram
[tUVG9nGzgE] figure_3.jpg -> classified as: Plots / Charts
[tUVG9nGzgE] figure_1.jpg -> classified as: Qualitative Examples
[ta26LtNq2r] figure_5.jpg -> classified as: Plots / Charts
[ta26LtNq2r] figure_6.jpg -> classified as: Plots / Charts
[ta26LtNq2r] figure_7.jpg -> classified as: Plots / Charts
[ta26LtNq2r] figure_3.jpg -> classified as: Plots / Charts
[ta26LtNq2r] figure_4.jpg -> classified as: Plots / Charts
[ta26LtNq2r] figure_1.jpg -> classified as: Plots / Charts
[tbFBh3LMKi] figure_19.jpg -> classified as: Plots / Charts
[tbFBh3LMKi] figure_23.jpg -> classified as: Plots / Charts
[tbFBh3LMKi] figure_29.jpg -> classified as: Plots / Charts
[tbFBh3LMKi] figure_24.jpg -> classified as: Plots / Charts
[tbFBh3LMKi] figure_5.jpg -> classified as: Plots / Charts
[tbFBh3LMKi] figure_6.jpg -> classified as: Plots / Charts
[tbFBh3LMKi] figure_9.jpg -> classified as: Qualitative Examples
[tbFBh3LMKi] figure_22.jpg -> classified as: Plots / Charts
[tbFBh3LMKi] figure_28.jpg -> classified as: Plots / Charts
[tbFBh3LMKi] figure_18.jpg -> classified as: Plots / Charts
[tbFBh3LMKi] figure_13.jpg -> classified as: Plots / Charts
[tbFBh3LMKi] figure_15.jpg -> classified as: Plots / Charts
[tbFBh3LMKi] figure_2.jpg -> classified as: Architecture Diagram
[tbFBh3LMKi] figure_20.jpg -> classified as: Plots / Charts
[tbFBh3LMKi] figure_11.jpg -> classified as: Plots / Charts
[tbFBh3LMKi] figure_7.jpg -> classified as: Architecture Diagram
[tbFBh3LMKi] figure_3.jpg -> classified as: Plots / Charts
[tbFBh3LMKi] figure_4.jpg -> classified as: Plots / Charts
[tbFBh3LMKi] figure_17.jpg -> classified as: Plots / Charts
[tbFBh3LMKi] figure_1.jpg -> classified as: Plots / Charts
[tbFBh3LMKi] figure_27.jpg -> classified as: Plots / Charts
[tbFBh3LMKi] figure_8.jpg -> classified as: Qualitative Examples
[tbFBh3LMKi] figure_12.jpg -> classified as: Plots / Charts
[tbFBh3LMKi] figure_25.jpg -> classified as: Plots / Charts
[tbFBh3LMKi] figure_21.jpg -> classified as: Plots / Charts
[tbFBh3LMKi] figure_26.jpg -> classified as: Plots / Charts
[tbFBh3LMKi] figure_14.jpg -> classified as: Plots / Charts
[tbFBh3LMKi] figure_16.jpg -> classified as: Plots / Charts
[tbFBh3LMKi] figure_10.jpg -> classified as: Qualitative Examples
[tcx84iyqaC] figure_5.jpg -> classified as: Plots / Charts
[tcx84iyqaC] figure_2.jpg -> classified as: Plots / Charts
[tcx84iyqaC] figure_3.jpg -> classified as: Plots / Charts
[tcx84iyqaC] figure_4.jpg -> classified as: Plots / Charts
[tcx84iyqaC] figure_1.jpg -> classified as: Plots / Charts
[tf6nR1B8Nt] figure_5.jpg -> classified as: Plots / Charts
[tf6nR1B8Nt] figure_6.jpg -> classified as: Plots / Charts
[tf6nR1B8Nt] figure_9.jpg -> classified as: Plots / Charts
[tf6nR1B8Nt] figure_13.jpg -> classified as: Plots / Charts
[tf6nR1B8Nt] figure_2.jpg -> classified as: Plots / Charts
[tf6nR1B8Nt] figure_11.jpg -> classified as: Plots / Charts
[tf6nR1B8Nt] figure_7.jpg -> classified as: Plots / Charts
[tf6nR1B8Nt] figure_3.jpg -> classified as: Plots / Charts
[tf6nR1B8Nt] figure_4.jpg -> classified as: Plots / Charts
[tf6nR1B8Nt] figure_1.jpg -> classified as: Plots / Charts
[tf6nR1B8Nt] figure_8.jpg -> classified as: Plots / Charts
[tf6nR1B8Nt] figure_12.jpg -> classified as: Plots / Charts
[tf6nR1B8Nt] figure_14.jpg -> classified as: Plots / Charts
[tf6nR1B8Nt] figure_10.jpg -> classified as: Plots / Charts
[tfYPgTXjzH] figure_5.jpg -> classified as: Plots / Charts
[tfYPgTXjzH] figure_6.jpg -> classified as: Plots / Charts
[tfYPgTXjzH] figure_2.jpg -> classified as: Plots / Charts
[tfYPgTXjzH] figure_7.jpg -> classified as: Plots / Charts
[tfYPgTXjzH] figure_3.jpg -> classified as: Plots / Charts
[tfYPgTXjzH] figure_4.jpg -> classified as: Plots / Charts
[tfYPgTXjzH] figure_1.jpg -> classified as: Plots / Charts
[tiiAzqi6Ol] figure_6.jpg -> classified as: Plots / Charts
[tiiAzqi6Ol] figure_9.jpg -> classified as: Plots / Charts
[tiiAzqi6Ol] figure_2.jpg -> classified as: Plots / Charts
[tiiAzqi6Ol] figure_3.jpg -> classified as: Plots / Charts
[tiiAzqi6Ol] figure_4.jpg -> classified as: Plots / Charts
[tiiAzqi6Ol] figure_1.jpg -> classified as: Architecture Diagram
[tiiAzqi6Ol] figure_8.jpg -> classified as: Plots / Charts
[tiiAzqi6Ol] figure_10.jpg -> classified as: Plots / Charts
[tijmpS9Vy2] figure_5.jpg -> classified as: Plots / Charts
[tijmpS9Vy2] figure_6.jpg -> classified as: Architecture Diagram
[tijmpS9Vy2] figure_9.jpg -> classified as: Plots / Charts
[tijmpS9Vy2] figure_(b)_Average_number.jpg -> classified as: Plots / Charts
[tijmpS9Vy2] figure_2.jpg -> classified as: Qualitative Examples
[tijmpS9Vy2] figure_7.jpg -> classified as: Architecture Diagram
[tijmpS9Vy2] figure_4.jpg -> classified as: Plots / Charts
[tijmpS9Vy2] figure_1.jpg -> classified as: Plots / Charts
[tijmpS9Vy2] figure_8.jpg -> classified as: Plots / Charts
[tjlTczcnPz] figure_5.jpg -> classified as: Plots / Charts
[tjlTczcnPz] figure_6.jpg -> classified as: Architecture Diagram
[tjlTczcnPz] figure_9.jpg -> classified as: Plots / Charts
[tjlTczcnPz] figure_2.jpg -> classified as: Architecture Diagram
[tjlTczcnPz] figure_7.jpg -> classified as: Plots / Charts
[tjlTczcnPz] figure_3.jpg -> classified as: Plots / Charts
[tjlTczcnPz] figure_4.jpg -> classified as: Plots / Charts
[tjlTczcnPz] figure_1.jpg -> classified as: Plots / Charts
[tjlTczcnPz] figure_8.jpg -> classified as: Plots / Charts
[tjlTczcnPz] figure_10.jpg -> classified as: Plots / Charts
[tm8s3696Ox] figure_5.jpg -> classified as: Qualitative Examples
[tm8s3696Ox] figure_2.jpg -> classified as: Plots / Charts
[tm8s3696Ox] figure_3.jpg -> classified as: Plots / Charts
[tm8s3696Ox] figure_4.jpg -> classified as: Qualitative Examples
[tm8s3696Ox] figure_1.jpg -> classified as: Other
  -> Skipping second pass (Other)
[tqh1zdXIra] figure_5.jpg -> classified as: Plots / Charts
[tqh1zdXIra] figure_6.jpg -> classified as: Plots / Charts
[tqh1zdXIra] figure_2.jpg -> classified as: Plots / Charts
[tqh1zdXIra] figure_7.jpg -> classified as: Plots / Charts
[tqh1zdXIra] figure_3.jpg -> classified as: Plots / Charts
[tqh1zdXIra] figure_4.jpg -> classified as: Plots / Charts
[tqh1zdXIra] figure_1.jpg -> classified as: Plots / Charts
[tqh1zdXIra] figure_8.jpg -> classified as: Plots / Charts
[trKee5pIFv] figure_2.jpg -> classified as: Plots / Charts
[trKee5pIFv] figure_1.jpg -> classified as: Plots / Charts
[ttq44QjKda] figure_5.jpg -> classified as: Plots / Charts
[ttq44QjKda] figure_2.jpg -> classified as: Plots / Charts
[ttq44QjKda] figure_3.jpg -> classified as: Plots / Charts
[ttq44QjKda] figure_4.jpg -> classified as: Plots / Charts
[ttq44QjKda] figure_1.jpg -> classified as: Plots / Charts
[tuu4de7HL1] figure_5.jpg -> classified as: Plots / Charts
[tuu4de7HL1] figure_6.jpg -> classified as: Plots / Charts
[tuu4de7HL1] figure_2.jpg -> classified as: Plots / Charts
[tuu4de7HL1] figure_3.jpg -> classified as: Plots / Charts
[tuu4de7HL1] figure_4.jpg -> classified as: Plots / Charts
[tuu4de7HL1] figure_1.jpg -> classified as: Plots / Charts
[twtTLZnG0B] figure_19.jpg -> classified as: Plots / Charts
[twtTLZnG0B] figure_5.jpg -> classified as: Plots / Charts
[twtTLZnG0B] figure_6.jpg -> classified as: Plots / Charts
[twtTLZnG0B] figure_9.jpg -> classified as: Plots / Charts
[twtTLZnG0B] figure_18.jpg -> classified as: Plots / Charts
[twtTLZnG0B] figure_13.jpg -> classified as: Plots / Charts
[twtTLZnG0B] figure_15.jpg -> classified as: Plots / Charts
[twtTLZnG0B] figure_2.jpg -> classified as: Plots / Charts
[twtTLZnG0B] figure_20.jpg -> classified as: Plots / Charts
[twtTLZnG0B] figure_11.jpg -> classified as: Plots / Charts
[twtTLZnG0B] figure_7.jpg -> classified as: Plots / Charts
[twtTLZnG0B] figure_3.jpg -> classified as: Plots / Charts
[twtTLZnG0B] figure_4.jpg -> classified as: Plots / Charts
[twtTLZnG0B] figure_17.jpg -> classified as: Plots / Charts
[twtTLZnG0B] figure_1.jpg -> classified as: Plots / Charts
[twtTLZnG0B] figure_8.jpg -> classified as: Plots / Charts
[twtTLZnG0B] figure_12.jpg -> classified as: Plots / Charts
[twtTLZnG0B] figure_14.jpg -> classified as: Plots / Charts
[twtTLZnG0B] figure_16.jpg -> classified as: Plots / Charts
[twtTLZnG0B] figure_10.jpg -> classified as: Plots / Charts
[txoJvjfI9w] figure_5.jpg -> classified as: Plots / Charts
[txoJvjfI9w] figure_2.jpg -> classified as: Plots / Charts
[txoJvjfI9w] figure_7.jpg -> classified as: Plots / Charts
[txoJvjfI9w] figure_3.jpg -> classified as: Architecture Diagram
[txoJvjfI9w] figure_4.jpg -> classified as: Plots / Charts
[txoJvjfI9w] figure_1.jpg -> classified as: Plots / Charts
[tznvtmSEiN] figure_5.jpg -> classified as: Plots / Charts
[tznvtmSEiN] figure_6.jpg -> classified as: Plots / Charts
[tznvtmSEiN] figure_9.jpg -> classified as: Plots / Charts
[tznvtmSEiN] figure_13.jpg -> classified as: Plots / Charts
[tznvtmSEiN] figure_2.jpg -> classified as: Plots / Charts
[tznvtmSEiN] figure_11.jpg -> classified as: Plots / Charts
[tznvtmSEiN] figure_7.jpg -> classified as: Plots / Charts
[tznvtmSEiN] figure_3.jpg -> classified as: Plots / Charts
[tznvtmSEiN] figure_4.jpg -> classified as: Plots / Charts
[tznvtmSEiN] figure_1.jpg -> classified as: Plots / Charts
[tznvtmSEiN] figure_8.jpg -> classified as: Plots / Charts
[tznvtmSEiN] figure_12.jpg -> classified as: Plots / Charts
[tznvtmSEiN] figure_14.jpg -> classified as: Plots / Charts
[tznvtmSEiN] figure_10.jpg -> classified as: Plots / Charts
[u3dHl287oB] figure_5.jpg -> classified as: Qualitative Examples
[u3dHl287oB] figure_6.jpg -> classified as: Plots / Charts
[u3dHl287oB] figure_9.jpg -> classified as: Plots / Charts
[u3dHl287oB] figure_2.jpg -> classified as: Plots / Charts
[u3dHl287oB] figure_7.jpg -> classified as: Plots / Charts
[u3dHl287oB] figure_3.jpg -> classified as: Plots / Charts
[u3dHl287oB] figure_4.jpg -> classified as: Plots / Charts
[u3dHl287oB] figure_1.jpg -> classified as: Plots / Charts
[u3dHl287oB] figure_8.jpg -> classified as: Plots / Charts
[u3dX2CEIZb] figure_5.jpg -> classified as: Plots / Charts
[u3dX2CEIZb] figure_6.jpg -> classified as: Plots / Charts
[u3dX2CEIZb] figure_9.jpg -> classified as: Plots / Charts
[u3dX2CEIZb] figure_2.jpg -> classified as: Plots / Charts
[u3dX2CEIZb] figure_7.jpg -> classified as: Plots / Charts
[u3dX2CEIZb] figure_3.jpg -> classified as: Plots / Charts
[u3dX2CEIZb] figure_4.jpg -> classified as: Plots / Charts
[u3dX2CEIZb] figure_1.jpg -> classified as: Architecture Diagram
[u3dX2CEIZb] figure_8.jpg -> classified as: Plots / Charts
[u3dX2CEIZb] figure_10.jpg -> classified as: Plots / Charts
[u6Ux5OCGmW] figure_2.jpg -> classified as: Architecture Diagram
[u6Ux5OCGmW] figure_3.jpg -> classified as: Plots / Charts
[u6Ux5OCGmW] figure_4.jpg -> classified as: Plots / Charts
[u6Ux5OCGmW] figure_1.jpg -> classified as: Architecture Diagram
[u6Y0GdTEYp] figure_1.jpg -> classified as: Plots / Charts
[u8fg8acFsT] figure_5.jpg -> classified as: Qualitative Examples
[u8fg8acFsT] figure_6.jpg -> classified as: Plots / Charts
[u8fg8acFsT] figure_2.jpg -> classified as: Qualitative Examples
[u8fg8acFsT] figure_7.jpg -> classified as: Plots / Charts
[u8fg8acFsT] figure_3.jpg -> classified as: Plots / Charts
[u8fg8acFsT] figure_4.jpg -> classified as: Qualitative Examples
[u8fg8acFsT] figure_1.jpg -> classified as: Architecture Diagram
[u8fg8acFsT] figure_8.jpg -> classified as: Qualitative Examples
[uApm5otXfH] figure_5.jpg -> classified as: Architecture Diagram
[uApm5otXfH] figure_6.jpg -> classified as: Plots / Charts
[uApm5otXfH] figure_9.jpg -> classified as: Plots / Charts
[uApm5otXfH] figure_2.jpg -> classified as: Plots / Charts
[uApm5otXfH] figure_11.jpg -> classified as: Plots / Charts
[uApm5otXfH] figure_7.jpg -> classified as: Plots / Charts
[uApm5otXfH] figure_3.jpg -> classified as: Architecture Diagram
[uApm5otXfH] figure_4.jpg -> classified as: Plots / Charts
[uApm5otXfH] figure_1.jpg -> classified as: Plots / Charts
[uApm5otXfH] figure_8.jpg -> classified as: Plots / Charts
[uApm5otXfH] figure_10.jpg -> classified as: Plots / Charts
[uC003NHlEi] figure_5.jpg -> classified as: Plots / Charts
[uC003NHlEi] figure_6.jpg -> classified as: Plots / Charts
[uC003NHlEi] figure_9.jpg -> classified as: Plots / Charts
[uC003NHlEi] figure_13.jpg -> classified as: Plots / Charts
[uC003NHlEi] figure_15.jpg -> classified as: Plots / Charts
[uC003NHlEi] figure_2.jpg -> classified as: Plots / Charts
[uC003NHlEi] figure_11.jpg -> classified as: Plots / Charts
[uC003NHlEi] figure_7.jpg -> classified as: Plots / Charts
[uC003NHlEi] figure_3.jpg -> classified as: Plots / Charts
[uC003NHlEi] figure_4.jpg -> classified as: Plots / Charts
[uC003NHlEi] figure_1.jpg -> classified as: Other
  -> Skipping second pass (Other)
[uC003NHlEi] figure_8.jpg -> classified as: Plots / Charts
[uC003NHlEi] figure_12.jpg -> classified as: Plots / Charts
[uC003NHlEi] figure_14.jpg -> classified as: Plots / Charts
[uC003NHlEi] figure_16.jpg -> classified as: Architecture Diagram
[uC003NHlEi] figure_10.jpg -> classified as: Plots / Charts
[uClUUJk05H] figure_Fig_2__Benchmarks_.jpg -> classified as: Plots / Charts
[uClUUJk05H] figure_Fig_11__Benchmark.jpg -> classified as: Plots / Charts
[uClUUJk05H] figure_Fig_7__We.jpg -> classified as: Plots / Charts
[uClUUJk05H] figure_Fig_13__Time.jpg -> classified as: Plots / Charts
[uClUUJk05H] figure_Fig_10__Benchmark.jpg -> classified as: Plots / Charts
[uClUUJk05H] figure_Fig_3__Lotka.jpg -> classified as: Plots / Charts
[uClUUJk05H] figure_Fig_9__Benchmark.jpg -> classified as: Plots / Charts
[uClUUJk05H] figure_Fig_8__Benchmark.jpg -> classified as: Plots / Charts
[uClUUJk05H] figure_Fig_1__Illustration.jpg -> classified as: Plots / Charts
[uClUUJk05H] figure_Fig_4__Kolmogorov.jpg -> classified as: Plots / Charts
[uClUUJk05H] figure_Fig_12__Simulation-based.jpg -> classified as: Plots / Charts
[uClUUJk05H] figure_Fig_5__Proposal_.jpg -> classified as: Plots / Charts
[uFHDOSfuGS] figure_2.jpg -> classified as: Plots / Charts
[uFHDOSfuGS] figure_1.jpg -> classified as: Plots / Charts
[uGJxl2odR0] figure_5.jpg -> classified as: Plots / Charts
[uGJxl2odR0] figure_6.jpg -> classified as: Plots / Charts
[uGJxl2odR0] figure_9.jpg -> classified as: Qualitative Examples
[uGJxl2odR0] figure_2.jpg -> classified as: Architecture Diagram
[uGJxl2odR0] figure_11.jpg -> classified as: Qualitative Examples
[uGJxl2odR0] figure_7.jpg -> classified as: Plots / Charts
[uGJxl2odR0] figure_3.jpg -> classified as: Plots / Charts
[uGJxl2odR0] figure_4.jpg -> classified as: Plots / Charts
[uGJxl2odR0] figure_1.jpg -> classified as: Architecture Diagram
[uGJxl2odR0] figure_8.jpg -> classified as: Qualitative Examples
[uGJxl2odR0] figure_10.jpg -> classified as: Qualitative Examples
[uH0FGECSEI] figure_5.jpg -> classified as: Plots / Charts
[uH0FGECSEI] figure_6.jpg -> classified as: Plots / Charts
[uH0FGECSEI] figure_2.jpg -> classified as: Plots / Charts
[uH0FGECSEI] figure_7.jpg -> classified as: Plots / Charts
[uH0FGECSEI] figure_3.jpg -> classified as: Plots / Charts
[uH0FGECSEI] figure_4.jpg -> classified as: Plots / Charts
[uHVIxJGwr4] figure_2.jpg -> classified as: Plots / Charts
[uHVIxJGwr4] figure_3.jpg -> classified as: Plots / Charts
[uHVIxJGwr4] figure_4.jpg -> classified as: Plots / Charts
[uHVIxJGwr4] figure_1.jpg -> classified as: Plots / Charts
[uIv5SaxXLv] figure_5.jpg -> classified as: Architecture Diagram
[uIv5SaxXLv] figure_6.jpg -> classified as: Plots / Charts
[uIv5SaxXLv] figure_9.jpg -> classified as: Plots / Charts
[uIv5SaxXLv] figure_13.jpg -> classified as: Plots / Charts
[uIv5SaxXLv] figure_11.jpg -> classified as: Plots / Charts
[uIv5SaxXLv] figure_3.jpg -> classified as: Architecture Diagram
[uIv5SaxXLv] figure_4.jpg -> classified as: Architecture Diagram
[uIv5SaxXLv] figure_E.2_NEIGHBORHOOD_OPTIMIZATION.jpg -> classified as: Plots / Charts
[uIv5SaxXLv] figure_1.jpg -> classified as: Other
  -> Skipping second pass (Other)
[uIv5SaxXLv] figure_8.jpg -> classified as: Plots / Charts
[uIv5SaxXLv] figure_12.jpg -> classified as: Plots / Charts
[uREg3OHjLL] figure_1.jpg -> classified as: Plots / Charts
[uSg854MOWu] figure_2.jpg -> classified as: Plots / Charts
[uSg854MOWu] figure_3.jpg -> classified as: Plots / Charts
[uSg854MOWu] figure_4.jpg -> classified as: Plots / Charts
[uSg854MOWu] figure_1.jpg -> classified as: Plots / Charts
[uVDwunWsLz] figure_5.jpg -> classified as: Plots / Charts
[uVDwunWsLz] figure_9.jpg -> classified as: Plots / Charts
[uVDwunWsLz] figure_2.jpg -> classified as: Plots / Charts
[uVDwunWsLz] figure_7.jpg -> classified as: Plots / Charts
[uVDwunWsLz] figure_4.jpg -> classified as: Plots / Charts
[uVDwunWsLz] figure_1.jpg -> classified as: Plots / Charts
[uVDwunWsLz] figure_(a)_train_and.jpg -> classified as: Plots / Charts
[uVDwunWsLz] figure_8.jpg -> classified as: Plots / Charts
[uVDwunWsLz] figure_10.jpg -> classified as: Plots / Charts
[uVm0zSNKkP] figure_2.jpg -> classified as: Plots / Charts
[uVm0zSNKkP] figure_3.jpg -> classified as: Qualitative Examples
[uVm0zSNKkP] figure_4.jpg -> classified as: Plots / Charts
[uVm0zSNKkP] figure_1.jpg -> classified as: Qualitative Examples
[uXmRmaF5g0] figure_5.jpg -> classified as: Plots / Charts
[uXmRmaF5g0] figure_6.jpg -> classified as: Architecture Diagram
[uXmRmaF5g0] figure_9.jpg -> classified as: Plots / Charts
[uXmRmaF5g0] figure_2.jpg -> classified as: Plots / Charts
[uXmRmaF5g0] figure_11.jpg -> classified as: Plots / Charts
[uXmRmaF5g0] figure_7.jpg -> classified as: Plots / Charts
[uXmRmaF5g0] figure_3.jpg -> classified as: Plots / Charts
[uXmRmaF5g0] figure_4.jpg -> classified as: Plots / Charts
[uXmRmaF5g0] figure_1.jpg -> classified as: Plots / Charts
[uXmRmaF5g0] figure_8.jpg -> classified as: Plots / Charts
[uXmRmaF5g0] figure_12.jpg -> classified as: Plots / Charts
[uXmRmaF5g0] figure_10.jpg -> classified as: Plots / Charts
[uYTaVRkKvz] figure_2.jpg -> classified as: Plots / Charts
[uYTaVRkKvz] figure_1.jpg -> classified as: Plots / Charts
[uZVDJfV2Ex] figure_1.jpg -> classified as: Plots / Charts
[ua5MHdsbck] figure_19.jpg -> classified as: Plots / Charts
[ua5MHdsbck] figure_23.jpg -> classified as: Plots / Charts
[ua5MHdsbck] figure_24.jpg -> classified as: Plots / Charts
[ua5MHdsbck] figure_6.jpg -> classified as: Plots / Charts
[ua5MHdsbck] figure_9.jpg -> classified as: Plots / Charts
[ua5MHdsbck] figure_22.jpg -> classified as: Plots / Charts
[ua5MHdsbck] figure_18.jpg -> classified as: Plots / Charts
[ua5MHdsbck] figure_13.jpg -> classified as: Plots / Charts
[ua5MHdsbck] figure_15.jpg -> classified as: Plots / Charts
[ua5MHdsbck] figure_2.jpg -> classified as: Plots / Charts
[ua5MHdsbck] figure_20.jpg -> classified as: Plots / Charts
[ua5MHdsbck] figure_11.jpg -> classified as: Plots / Charts
[ua5MHdsbck] figure_7.jpg -> classified as: Plots / Charts
[ua5MHdsbck] figure_3.jpg -> classified as: Plots / Charts
[ua5MHdsbck] figure_4.jpg -> classified as: Plots / Charts
[ua5MHdsbck] figure_17.jpg -> classified as: Plots / Charts
[ua5MHdsbck] figure_1.jpg -> classified as: Architecture Diagram
[ua5MHdsbck] figure_8.jpg -> classified as: Plots / Charts
[ua5MHdsbck] figure_12.jpg -> classified as: Plots / Charts
[ua5MHdsbck] figure_21.jpg -> classified as: Plots / Charts
[ua5MHdsbck] figure_14.jpg -> classified as: Plots / Charts
[ua5MHdsbck] figure_16.jpg -> classified as: Plots / Charts
[ua5MHdsbck] figure_10.jpg -> classified as: Plots / Charts
[uaGNerHa1J] figure_1.jpg -> classified as: Architecture Diagram
[uaMSBJDnRv] figure_5.jpg -> classified as: Plots / Charts
[uaMSBJDnRv] figure_6.jpg -> classified as: Plots / Charts
[uaMSBJDnRv] figure_2.jpg -> classified as: Plots / Charts
[uaMSBJDnRv] figure_7.jpg -> classified as: Plots / Charts
[uaMSBJDnRv] figure_3.jpg -> classified as: Plots / Charts
[uaMSBJDnRv] figure_4.jpg -> classified as: Plots / Charts
[uaMSBJDnRv] figure_1.jpg -> classified as: Other
  -> Skipping second pass (Other)
[uaMSBJDnRv] figure_8.jpg -> classified as: Plots / Charts
[ueTdErd5Ib] figure_5.jpg -> classified as: Plots / Charts
[ueTdErd5Ib] figure_6.jpg -> classified as: Plots / Charts
[ueTdErd5Ib] figure_2.jpg -> classified as: Plots / Charts
[ueTdErd5Ib] figure_3.jpg -> classified as: Plots / Charts
[ueTdErd5Ib] figure_4.jpg -> classified as: Plots / Charts
[ueTdErd5Ib] figure_1.jpg -> classified as: Plots / Charts
[uf5EAGmkrN] figure_A_2.jpg -> classified as: Plots / Charts
[uf5EAGmkrN] figure_F_1.jpg -> classified as: Plots / Charts
[uf5EAGmkrN] figure_F_4.jpg -> classified as: Plots / Charts
[uf5EAGmkrN] figure_D_2.jpg -> classified as: Plots / Charts
[uf5EAGmkrN] figure_A.jpg -> classified as: Plots / Charts
[uf5EAGmkrN] figure_B_3.jpg -> classified as: Plots / Charts
[uf5EAGmkrN] figure_B_6.jpg -> classified as: Plots / Charts
[uf5EAGmkrN] figure_D_3.jpg -> classified as: Plots / Charts
[uf5EAGmkrN] figure_2.jpg -> classified as: Plots / Charts
[uf5EAGmkrN] figure_F_3.jpg -> classified as: Plots / Charts
[uf5EAGmkrN] figure_B_5.jpg -> classified as: Plots / Charts
[uf5EAGmkrN] figure_F.jpg -> classified as: Plots / Charts
[uf5EAGmkrN] figure_K.jpg -> classified as: Plots / Charts
[uf5EAGmkrN] figure_A_1.jpg -> classified as: Plots / Charts
[uf5EAGmkrN] figure_B.jpg -> classified as: Plots / Charts
[uf5EAGmkrN] figure_3.jpg -> classified as: Plots / Charts
[uf5EAGmkrN] figure_D.jpg -> classified as: Plots / Charts
[uf5EAGmkrN] figure_B_4.jpg -> classified as: Plots / Charts
[uf5EAGmkrN] figure_2_1.jpg -> classified as: Plots / Charts
[uf5EAGmkrN] figure_B_1.jpg -> classified as: Plots / Charts
[uf5EAGmkrN] figure_B_2.jpg -> classified as: Plots / Charts
[uf5EAGmkrN] figure_D_1.jpg -> classified as: Plots / Charts
[uf5EAGmkrN] figure_1.jpg -> classified as: Plots / Charts
[uf5EAGmkrN] figure_F_2.jpg -> classified as: Plots / Charts
[uf5EAGmkrN] figure_D_4.jpg -> classified as: Plots / Charts
[ufi0WPTgWp] figure_5.jpg -> classified as: Plots / Charts
[ufi0WPTgWp] figure_6.jpg -> classified as: Plots / Charts
[ufi0WPTgWp] figure_2.jpg -> classified as: Architecture Diagram
[ufi0WPTgWp] figure_7.jpg -> classified as: Teaser Image
[ufi0WPTgWp] figure_3.jpg -> classified as: Plots / Charts
[ufi0WPTgWp] figure_4.jpg -> classified as: Architecture Diagram
[ufi0WPTgWp] figure_1.jpg -> classified as: Architecture Diagram
[uhaLuZcCjH] figure_(a)_Iteration_distribution.jpg -> classified as: Plots / Charts
[uhaLuZcCjH] figure_5.jpg -> classified as: Plots / Charts
[uhaLuZcCjH] figure_6.jpg -> classified as: Qualitative Examples
[uhaLuZcCjH] figure_2.jpg -> classified as: Plots / Charts
[uhaLuZcCjH] figure_7.jpg -> classified as: Plots / Charts
[uhaLuZcCjH] figure_3.jpg -> classified as: Plots / Charts
[uhaLuZcCjH] figure_1.jpg -> classified as: Plots / Charts
[uhaLuZcCjH] figure_(a)_Successes_when.jpg -> classified as: Plots / Charts
[uhaLuZcCjH] figure_(a)_FH-GR_loss.jpg -> classified as: Plots / Charts
[uhaLuZcCjH] figure_8.jpg -> classified as: Plots / Charts
[uqWM9hBDAE] figure_2.jpg -> classified as: Plots / Charts
[uqWM9hBDAE] figure_3.jpg -> classified as: Plots / Charts
[uqWM9hBDAE] figure_4.jpg -> classified as: Plots / Charts
[uqWM9hBDAE] figure_1.jpg -> classified as: Plots / Charts
[usFdPd4Ghs] figure_5.jpg -> classified as: Plots / Charts
[usFdPd4Ghs] figure_6.jpg -> classified as: Plots / Charts
[usFdPd4Ghs] figure_9.jpg -> classified as: Plots / Charts
[usFdPd4Ghs] figure_2.jpg -> classified as: Plots / Charts
[usFdPd4Ghs] figure_11.jpg -> classified as: Plots / Charts
[usFdPd4Ghs] figure_7.jpg -> classified as: Plots / Charts
[usFdPd4Ghs] figure_4.jpg -> classified as: Plots / Charts
[usFdPd4Ghs] figure_1.jpg -> classified as: Plots / Charts
[usFdPd4Ghs] figure_8.jpg -> classified as: Plots / Charts
[usFdPd4Ghs] figure_12.jpg -> classified as: Plots / Charts
[usFdPd4Ghs] figure_10.jpg -> classified as: Plots / Charts
[uvZDQvjULn] figure_6.jpg -> classified as: Plots / Charts
[uvZDQvjULn] figure_9.jpg -> classified as: Other
  -> Skipping second pass (Other)
[uvZDQvjULn] figure_13.jpg -> classified as: Plots / Charts
[uvZDQvjULn] figure_2.jpg -> classified as: Plots / Charts
[uvZDQvjULn] figure_11.jpg -> classified as: Plots / Charts
[uvZDQvjULn] figure_7.jpg -> classified as: Plots / Charts
[uvZDQvjULn] figure_3.jpg -> classified as: Plots / Charts
[uvZDQvjULn] figure_4.jpg -> classified as: Plots / Charts
[uvZDQvjULn] figure_1.jpg -> classified as: Plots / Charts
[uvZDQvjULn] figure_E_VISUALIZATION_OF.jpg -> classified as: Plots / Charts
[uvZDQvjULn] figure_8.jpg -> classified as: Plots / Charts
[uvZDQvjULn] figure_(a)_Concept_Illustration_.jpg -> classified as: Plots / Charts
[uvZDQvjULn] figure_10.jpg -> classified as: Plots / Charts
[uxYye6i2Xi] figure_5.jpg -> classified as: Architecture Diagram
[uxYye6i2Xi] figure_6.jpg -> classified as: Qualitative Examples
[uxYye6i2Xi] figure_9.jpg -> classified as: Plots / Charts
[uxYye6i2Xi] figure_2.jpg -> classified as: Architecture Diagram
[uxYye6i2Xi] figure_7.jpg -> classified as: Plots / Charts
[uxYye6i2Xi] figure_3.jpg -> classified as: Qualitative Examples
[uxYye6i2Xi] figure_4.jpg -> classified as: Architecture Diagram
[uxYye6i2Xi] figure_1.jpg -> classified as: Architecture Diagram
[uxYye6i2Xi] figure_8.jpg -> classified as: Plots / Charts
[uz7d2N2zul] figure_KL_Divergence_Convergence.jpg -> classified as: Plots / Charts
[uz7d2N2zul] figure_5.jpg -> classified as: Plots / Charts
[uz7d2N2zul] figure_6.jpg -> classified as: Plots / Charts
[uz7d2N2zul] figure_2.jpg -> classified as: Qualitative Examples
[uz7d2N2zul] figure_KL_Divergence_between.jpg -> classified as: Plots / Charts
[uz7d2N2zul] figure_4.jpg -> classified as: Plots / Charts
[uz7d2N2zul] figure_1.jpg -> classified as: Architecture Diagram
[v6a1pXXADC] figure_5.jpg -> classified as: Qualitative Examples
[v6a1pXXADC] figure_6.jpg -> classified as: Plots / Charts
[v6a1pXXADC] figure_9.jpg -> classified as: Plots / Charts
[v6a1pXXADC] figure_2.jpg -> classified as: Qualitative Examples
[v6a1pXXADC] figure_3.jpg -> classified as: Plots / Charts
[v6a1pXXADC] figure_4.jpg -> classified as: Plots / Charts
[v6a1pXXADC] figure_1.jpg -> classified as: Architecture Diagram
[v6a1pXXADC] figure_8.jpg -> classified as: Qualitative Examples
[v6a1pXXADC] figure_10.jpg -> classified as: Plots / Charts
[v6iLQBoIJw] figure_44.jpg -> classified as: Plots / Charts
[v6iLQBoIJw] figure_30.jpg -> classified as: Plots / Charts
[v6iLQBoIJw] figure_43.jpg -> classified as: Plots / Charts
[v6iLQBoIJw] figure_19.jpg -> classified as: Plots / Charts
[v6iLQBoIJw] figure_23.jpg -> classified as: Plots / Charts
[v6iLQBoIJw] figure_29.jpg -> classified as: Plots / Charts
[v6iLQBoIJw] figure_24.jpg -> classified as: Plots / Charts
[v6iLQBoIJw] figure_5.jpg -> classified as: Plots / Charts
[v6iLQBoIJw] figure_6.jpg -> classified as: Plots / Charts
[v6iLQBoIJw] figure_9.jpg -> classified as: Plots / Charts
[v6iLQBoIJw] figure_42.jpg -> classified as: Plots / Charts
[v6iLQBoIJw] figure_39.jpg -> classified as: Plots / Charts
[v6iLQBoIJw] figure_22.jpg -> classified as: Plots / Charts
[v6iLQBoIJw] figure_28.jpg -> classified as: Plots / Charts
[v6iLQBoIJw] figure_18.jpg -> classified as: Plots / Charts
[v6iLQBoIJw] figure_13.jpg -> classified as: Plots / Charts
[v6iLQBoIJw] figure_15.jpg -> classified as: Plots / Charts
[v6iLQBoIJw] figure_2.jpg -> classified as: Plots / Charts
[v6iLQBoIJw] figure_38.jpg -> classified as: Plots / Charts
[v6iLQBoIJw] figure_20.jpg -> classified as: Plots / Charts
[v6iLQBoIJw] figure_11.jpg -> classified as: Plots / Charts
[v6iLQBoIJw] figure_35.jpg -> classified as: Plots / Charts
[v6iLQBoIJw] figure_7.jpg -> classified as: Plots / Charts
[v6iLQBoIJw] figure_34.jpg -> classified as: Plots / Charts
[v6iLQBoIJw] figure_3.jpg -> classified as: Plots / Charts
[v6iLQBoIJw] figure_33.jpg -> classified as: Plots / Charts
[v6iLQBoIJw] figure_4.jpg -> classified as: Plots / Charts
[v6iLQBoIJw] figure_36.jpg -> classified as: Plots / Charts
[v6iLQBoIJw] figure_40.jpg -> classified as: Plots / Charts
[v6iLQBoIJw] figure_31.jpg -> classified as: Plots / Charts
[v6iLQBoIJw] figure_17.jpg -> classified as: Plots / Charts
[v6iLQBoIJw] figure_45.jpg -> classified as: Plots / Charts
[v6iLQBoIJw] figure_41.jpg -> classified as: Plots / Charts
[v6iLQBoIJw] figure_1.jpg -> classified as: Plots / Charts
[v6iLQBoIJw] figure_27.jpg -> classified as: Plots / Charts
[v6iLQBoIJw] figure_37.jpg -> classified as: Plots / Charts
[v6iLQBoIJw] figure_8.jpg -> classified as: Plots / Charts
[v6iLQBoIJw] figure_12.jpg -> classified as: Plots / Charts
[v6iLQBoIJw] figure_25.jpg -> classified as: Plots / Charts
[v6iLQBoIJw] figure_21.jpg -> classified as: Plots / Charts
[v6iLQBoIJw] figure_26.jpg -> classified as: Plots / Charts
[v6iLQBoIJw] figure_14.jpg -> classified as: Plots / Charts
[v6iLQBoIJw] figure_32.jpg -> classified as: Plots / Charts
[v6iLQBoIJw] figure_16.jpg -> classified as: Plots / Charts
[v6iLQBoIJw] figure_10.jpg -> classified as: Plots / Charts
[v7ZPwoHU1j] figure_5.jpg -> classified as: Plots / Charts
[v7ZPwoHU1j] figure_6.jpg -> classified as: Plots / Charts
[v7ZPwoHU1j] figure_2.jpg -> classified as: Plots / Charts
[v7ZPwoHU1j] figure_3.jpg -> classified as: Plots / Charts
[v7ZPwoHU1j] figure_4.jpg -> classified as: Plots / Charts
[v7ZPwoHU1j] figure_1.jpg -> classified as: Plots / Charts
[v8RDgaEtE2] figure_5.jpg -> classified as: Plots / Charts
[v8RDgaEtE2] figure_6.jpg -> classified as: Plots / Charts
[v8RDgaEtE2] figure_2.jpg -> classified as: Plots / Charts
[v8RDgaEtE2] figure_3.jpg -> classified as: Qualitative Examples
[v8RDgaEtE2] figure_4.jpg -> classified as: Plots / Charts
[v8RDgaEtE2] figure_1.jpg -> classified as: Plots / Charts
[vAoyZWyDEc] figure_3.jpg -> classified as: Plots / Charts
[vAoyZWyDEc] figure_1.jpg -> classified as: Plots / Charts
[vBo7544jZx] figure_5.jpg -> classified as: Plots / Charts
[vBo7544jZx] figure_6.jpg -> classified as: Plots / Charts
[vBo7544jZx] figure_9.jpg -> classified as: Qualitative Examples
[vBo7544jZx] figure_2.jpg -> classified as: Plots / Charts
[vBo7544jZx] figure_7.jpg -> classified as: Plots / Charts
[vBo7544jZx] figure_3.jpg -> classified as: Plots / Charts
[vBo7544jZx] figure_4.jpg -> classified as: Plots / Charts
[vBo7544jZx] figure_4_1.jpg -> classified as: Other
  -> Skipping second pass (Other)
[vBo7544jZx] figure_1.jpg -> classified as: Architecture Diagram
[vBo7544jZx] figure_8.jpg -> classified as: Plots / Charts
[vBo7544jZx] figure_10.jpg -> classified as: Plots / Charts
[vHO9mU87dc] figure_5.jpg -> classified as: Architecture Diagram
[vHO9mU87dc] figure_6.jpg -> classified as: Plots / Charts
[vHO9mU87dc] figure_9.jpg -> classified as: Plots / Charts
[vHO9mU87dc] figure_2.jpg -> classified as: Other
  -> Skipping second pass (Other)
[vHO9mU87dc] figure_11.jpg -> classified as: Plots / Charts
[vHO9mU87dc] figure_7.jpg -> classified as: Plots / Charts
[vHO9mU87dc] figure_3.jpg -> classified as: Plots / Charts
[vHO9mU87dc] figure_4.jpg -> classified as: Architecture Diagram
[vHO9mU87dc] figure_1.jpg -> classified as: Plots / Charts
[vHO9mU87dc] figure_8.jpg -> classified as: Plots / Charts
[vHO9mU87dc] figure_10.jpg -> classified as: Plots / Charts
[vIHmkF5rnC] figure_2.jpg -> classified as: Plots / Charts
[vIHmkF5rnC] figure_1.jpg -> classified as: Plots / Charts
[vLJcd43U7a] figure_5.jpg -> classified as: Plots / Charts
[vLJcd43U7a] figure_6.jpg -> classified as: Plots / Charts
[vLJcd43U7a] figure_9.jpg -> classified as: Plots / Charts
[vLJcd43U7a] figure_2.jpg -> classified as: Architecture Diagram
[vLJcd43U7a] figure_7.jpg -> classified as: Architecture Diagram
[vLJcd43U7a] figure_3.jpg -> classified as: Plots / Charts
[vLJcd43U7a] figure_4.jpg -> classified as: Plots / Charts
[vLJcd43U7a] figure_1.jpg -> classified as: Architecture Diagram
[vLJcd43U7a] figure_8.jpg -> classified as: Plots / Charts
[vLJcd43U7a] figure_10.jpg -> classified as: Plots / Charts
[vNQLKY7nFM] figure_2.jpg -> classified as: Plots / Charts
[vNQLKY7nFM] figure_3.jpg -> classified as: Plots / Charts
[vNQLKY7nFM] figure_1.jpg -> classified as: Plots / Charts
[vOFx8HDcvF] figure_5.jpg -> classified as: Plots / Charts
[vOFx8HDcvF] figure_6.jpg -> classified as: Plots / Charts
[vOFx8HDcvF] figure_2.jpg -> classified as: Plots / Charts
[vOFx8HDcvF] figure_3.jpg -> classified as: Plots / Charts
[vOFx8HDcvF] figure_1.jpg -> classified as: Architecture Diagram
[vQIVbfTMzf] figure_5.jpg -> classified as: Plots / Charts
[vQIVbfTMzf] figure_2.jpg -> classified as: Plots / Charts
[vQIVbfTMzf] figure_3.jpg -> classified as: Plots / Charts
[vQIVbfTMzf] figure_4.jpg -> classified as: Plots / Charts
[vQIVbfTMzf] figure_1.jpg -> classified as: Plots / Charts
[vRvVVb0NAz] figure_2.jpg -> classified as: Plots / Charts
[vRvVVb0NAz] figure_1.jpg -> classified as: Plots / Charts
[vSOTacnSNf] figure_5.jpg -> classified as: Plots / Charts
[vSOTacnSNf] figure_6.jpg -> classified as: Plots / Charts
[vSOTacnSNf] figure_9.jpg -> classified as: Qualitative Examples
[vSOTacnSNf] figure_13.jpg -> classified as: Plots / Charts
[vSOTacnSNf] figure_2.jpg -> classified as: Architecture Diagram
[vSOTacnSNf] figure_7.jpg -> classified as: Qualitative Examples
[vSOTacnSNf] figure_4.jpg -> classified as: Plots / Charts
[vSOTacnSNf] figure_1.jpg -> classified as: Qualitative Examples
[vSOTacnSNf] figure_8.jpg -> classified as: Qualitative Examples
[vSOTacnSNf] figure_12.jpg -> classified as: Plots / Charts
[vSOTacnSNf] figure_10.jpg -> classified as: Qualitative Examples
[vSh5ePa0ph] figure_5.jpg -> classified as: Plots / Charts
[vSh5ePa0ph] figure_2.jpg -> classified as: Plots / Charts
[vSh5ePa0ph] figure_3.jpg -> classified as: Plots / Charts
[vSh5ePa0ph] figure_4.jpg -> classified as: Plots / Charts
[vSh5ePa0ph] figure_1.jpg -> classified as: Plots / Charts
[vSwu81S33z] figure_2.jpg -> classified as: Plots / Charts
[vSwu81S33z] figure_1.jpg -> classified as: Plots / Charts
[vTRWu9zaWo] figure_5.jpg -> classified as: Plots / Charts
[vTRWu9zaWo] figure_6.jpg -> classified as: Plots / Charts
[vTRWu9zaWo] figure_9.jpg -> classified as: Plots / Charts
[vTRWu9zaWo] figure_13.jpg -> classified as: Plots / Charts
[vTRWu9zaWo] figure_15.jpg -> classified as: Plots / Charts
[vTRWu9zaWo] figure_2.jpg -> classified as: Plots / Charts
[vTRWu9zaWo] figure_11.jpg -> classified as: Plots / Charts
[vTRWu9zaWo] figure_7.jpg -> classified as: Plots / Charts
[vTRWu9zaWo] figure_3.jpg -> classified as: Plots / Charts
[vTRWu9zaWo] figure_4.jpg -> classified as: Plots / Charts
[vTRWu9zaWo] figure_1.jpg -> classified as: Plots / Charts
[vTRWu9zaWo] figure_8.jpg -> classified as: Plots / Charts
[vTRWu9zaWo] figure_12.jpg -> classified as: Plots / Charts
[vTRWu9zaWo] figure_14.jpg -> classified as: Plots / Charts
[vTRWu9zaWo] figure_10.jpg -> classified as: Plots / Charts
[vTsaPLtZTn] figure_5.jpg -> classified as: Plots / Charts
[vTsaPLtZTn] figure_2.jpg -> classified as: Architecture Diagram
[vTsaPLtZTn] figure_3.jpg -> classified as: Plots / Charts
[vTsaPLtZTn] figure_4.jpg -> classified as: Plots / Charts
[vTsaPLtZTn] figure_1.jpg -> classified as: Qualitative Examples
[vVCHWVBsLH] figure_5.jpg -> classified as: Architecture Diagram
[vVCHWVBsLH] figure_2.jpg -> classified as: Plots / Charts
[vVCHWVBsLH] figure_3.jpg -> classified as: Plots / Charts
[vVCHWVBsLH] figure_4.jpg -> classified as: Qualitative Examples
[vVCHWVBsLH] figure_(b)_Parameterization_of.jpg -> classified as: Plots / Charts
[vVoWRFV5Y4] figure_2.jpg -> classified as: Plots / Charts
[vVoWRFV5Y4] figure_1.jpg -> classified as: Architecture Diagram
[vW1SkPl4kp] figure_2.jpg -> classified as: Plots / Charts
[vW1SkPl4kp] figure_3.jpg -> classified as: Plots / Charts
[vW1SkPl4kp] figure_4.jpg -> classified as: Qualitative Examples
[vW1SkPl4kp] figure_1.jpg -> classified as: Plots / Charts
[vWRwdmA3wU] figure_S1.jpg -> classified as: Plots / Charts
[vWRwdmA3wU] figure_5.jpg -> classified as: Plots / Charts
[vWRwdmA3wU] figure_6.jpg -> classified as: Plots / Charts
[vWRwdmA3wU] figure_S2.jpg -> classified as: Plots / Charts
[vWRwdmA3wU] figure_2.jpg -> classified as: Plots / Charts
[vWRwdmA3wU] figure_S5.jpg -> classified as: Plots / Charts
[vWRwdmA3wU] figure_7.jpg -> classified as: Plots / Charts
[vWRwdmA3wU] figure_3.jpg -> classified as: Plots / Charts
[vWRwdmA3wU] figure_S4.jpg -> classified as: Plots / Charts
[vWRwdmA3wU] figure_4.jpg -> classified as: Plots / Charts
[vWRwdmA3wU] figure_1.jpg -> classified as: Plots / Charts
[vWRwdmA3wU] figure_3_1.jpg -> classified as: Plots / Charts
[vaJ4FObpXN] figure_2.jpg -> classified as: Plots / Charts
[vaJ4FObpXN] figure_3.jpg -> classified as: Plots / Charts
[vaJ4FObpXN] figure_1.jpg -> classified as: Architecture Diagram
[vcX0k4rGTt] figure_2.jpg -> classified as: Other
  -> Skipping second pass (Other)
[vcX0k4rGTt] figure_3.jpg -> classified as: Plots / Charts
[vcX0k4rGTt] figure_1.jpg -> classified as: Plots / Charts
[vfHnWtN9cH] figure_2.jpg -> classified as: Plots / Charts
[vfHnWtN9cH] figure_3.jpg -> classified as: Plots / Charts
[vfHnWtN9cH] figure_4.jpg -> classified as: Plots / Charts
[vfHnWtN9cH] figure_1.jpg -> classified as: Qualitative Examples
[vi3DjUhFVm] figure_5.jpg -> classified as: Plots / Charts
[vi3DjUhFVm] figure_6.jpg -> classified as: Plots / Charts
[vi3DjUhFVm] figure_9.jpg -> classified as: Plots / Charts
[vi3DjUhFVm] figure_13.jpg -> classified as: Qualitative Examples
[vi3DjUhFVm] figure_15.jpg -> classified as: Qualitative Examples
[vi3DjUhFVm] figure_2.jpg -> classified as: Plots / Charts
[vi3DjUhFVm] figure_11.jpg -> classified as: Qualitative Examples
[vi3DjUhFVm] figure_7.jpg -> classified as: Qualitative Examples
[vi3DjUhFVm] figure_3.jpg -> classified as: Qualitative Examples
[vi3DjUhFVm] figure_4.jpg -> classified as: Qualitative Examples
[vi3DjUhFVm] figure_1.jpg -> classified as: Qualitative Examples
[vi3DjUhFVm] figure_8.jpg -> classified as: Plots / Charts
[vi3DjUhFVm] figure_16.jpg -> classified as: Qualitative Examples
[vi3DjUhFVm] figure_10.jpg -> classified as: Qualitative Examples
[viC3cpWFTN] figure_2.jpg -> classified as: Plots / Charts
[viC3cpWFTN] figure_3.jpg -> classified as: Plots / Charts
[viC3cpWFTN] figure_1.jpg -> classified as: Plots / Charts
[vmiV4Z99lK] figure_1.jpg -> classified as: Plots / Charts
[vo9t20wsmd] figure_5.jpg -> classified as: Plots / Charts
[vo9t20wsmd] figure_6.jpg -> classified as: Plots / Charts
[vo9t20wsmd] figure_9.jpg -> classified as: Plots / Charts
[vo9t20wsmd] figure_2.jpg -> classified as: Plots / Charts
[vo9t20wsmd] figure_11.jpg -> classified as: Plots / Charts
[vo9t20wsmd] figure_7.jpg -> classified as: Plots / Charts
[vo9t20wsmd] figure_3.jpg -> classified as: Plots / Charts
[vo9t20wsmd] figure_4.jpg -> classified as: Plots / Charts
[vo9t20wsmd] figure_1.jpg -> classified as: Architecture Diagram
[vo9t20wsmd] figure_8.jpg -> classified as: Plots / Charts
[vo9t20wsmd] figure_12.jpg -> classified as: Plots / Charts
[vo9t20wsmd] figure_10.jpg -> classified as: Plots / Charts
[voLFfrWzFI] figure_2.jpg -> classified as: Architecture Diagram
[voLFfrWzFI] figure_1.jpg -> classified as: Plots / Charts
[vogtAV1GGL] figure_2.jpg -> classified as: Architecture Diagram
[vogtAV1GGL] figure_3.jpg -> classified as: Architecture Diagram
[vogtAV1GGL] figure_4.jpg -> classified as: Plots / Charts
[vogtAV1GGL] figure_1.jpg -> classified as: Other
  -> Skipping second pass (Other)
[vpo2K9Xivv] figure_5.jpg -> classified as: Plots / Charts
[vpo2K9Xivv] figure_6.jpg -> classified as: Plots / Charts
[vpo2K9Xivv] figure_9.jpg -> classified as: Plots / Charts
[vpo2K9Xivv] figure_2.jpg -> classified as: Qualitative Examples
[vpo2K9Xivv] figure_11.jpg -> classified as: Plots / Charts
[vpo2K9Xivv] figure_7.jpg -> classified as: Plots / Charts
[vpo2K9Xivv] figure_3.jpg -> classified as: Plots / Charts
[vpo2K9Xivv] figure_4.jpg -> classified as: Architecture Diagram
[vpo2K9Xivv] figure_1.jpg -> classified as: Architecture Diagram
[vpo2K9Xivv] figure_8.jpg -> classified as: Plots / Charts
[vpo2K9Xivv] figure_12.jpg -> classified as: Plots / Charts
[vpo2K9Xivv] figure_10.jpg -> classified as: Plots / Charts
[vqJZb9SX1T] figure_5.jpg -> classified as: Plots / Charts
[vqJZb9SX1T] figure_6.jpg -> classified as: Plots / Charts
[vqJZb9SX1T] figure_2.jpg -> classified as: Plots / Charts
[vqJZb9SX1T] figure_3.jpg -> classified as: Plots / Charts
[vqJZb9SX1T] figure_4.jpg -> classified as: Plots / Charts
[vqJZb9SX1T] figure_1.jpg -> classified as: Plots / Charts
[vt5mnLVIVo] figure_19.jpg -> classified as: Plots / Charts
[vt5mnLVIVo] figure_5.jpg -> classified as: Plots / Charts
[vt5mnLVIVo] figure_6.jpg -> classified as: Plots / Charts
[vt5mnLVIVo] figure_9.jpg -> classified as: Plots / Charts
[vt5mnLVIVo] figure_18.jpg -> classified as: Plots / Charts
[vt5mnLVIVo] figure_13.jpg -> classified as: Plots / Charts
[vt5mnLVIVo] figure_15.jpg -> classified as: Plots / Charts
[vt5mnLVIVo] figure_2.jpg -> classified as: Plots / Charts
[vt5mnLVIVo] figure_11.jpg -> classified as: Plots / Charts
[vt5mnLVIVo] figure_7.jpg -> classified as: Plots / Charts
[vt5mnLVIVo] figure_3.jpg -> classified as: Plots / Charts
[vt5mnLVIVo] figure_4.jpg -> classified as: Plots / Charts
[vt5mnLVIVo] figure_17.jpg -> classified as: Plots / Charts
[vt5mnLVIVo] figure_1.jpg -> classified as: Plots / Charts
[vt5mnLVIVo] figure_8.jpg -> classified as: Plots / Charts
[vt5mnLVIVo] figure_12.jpg -> classified as: Plots / Charts
[vt5mnLVIVo] figure_14.jpg -> classified as: Plots / Charts
[vt5mnLVIVo] figure_16.jpg -> classified as: Plots / Charts
[vt5mnLVIVo] figure_10.jpg -> classified as: Plots / Charts
[vtCkb4KJxr] figure_5.jpg -> classified as: Plots / Charts
[vtCkb4KJxr] figure_2.jpg -> classified as: Plots / Charts
[vtCkb4KJxr] figure_3.jpg -> classified as: Plots / Charts
[vtCkb4KJxr] figure_4.jpg -> classified as: Plots / Charts
[vtCkb4KJxr] figure_1.jpg -> classified as: Plots / Charts
[vtMrbs8Zwd] figure_5.jpg -> classified as: Plots / Charts
[vtMrbs8Zwd] figure_6.jpg -> classified as: Plots / Charts
[vtMrbs8Zwd] figure_9.jpg -> classified as: Plots / Charts
[vtMrbs8Zwd] figure_13.jpg -> classified as: Plots / Charts
[vtMrbs8Zwd] figure_15.jpg -> classified as: Plots / Charts
[vtMrbs8Zwd] figure_2.jpg -> classified as: Plots / Charts
[vtMrbs8Zwd] figure_11.jpg -> classified as: Plots / Charts
[vtMrbs8Zwd] figure_7.jpg -> classified as: Plots / Charts
[vtMrbs8Zwd] figure_3.jpg -> classified as: Plots / Charts
[vtMrbs8Zwd] figure_4.jpg -> classified as: Plots / Charts
[vtMrbs8Zwd] figure_17.jpg -> classified as: Plots / Charts
[vtMrbs8Zwd] figure_1.jpg -> classified as: Plots / Charts
[vtMrbs8Zwd] figure_8.jpg -> classified as: Plots / Charts
[vtMrbs8Zwd] figure_12.jpg -> classified as: Plots / Charts
[vtMrbs8Zwd] figure_16.jpg -> classified as: Plots / Charts
[vtMrbs8Zwd] figure_10.jpg -> classified as: Plots / Charts
[vtyasLn4RM] figure_5.jpg -> classified as: Plots / Charts
[vtyasLn4RM] figure_6.jpg -> classified as: Qualitative Examples
[vtyasLn4RM] figure_9.jpg -> classified as: Plots / Charts
[vtyasLn4RM] figure_2.jpg -> classified as: Architecture Diagram
[vtyasLn4RM] figure_7.jpg -> classified as: Qualitative Examples
[vtyasLn4RM] figure_3.jpg -> classified as: Plots / Charts
[vtyasLn4RM] figure_4.jpg -> classified as: Plots / Charts
[vtyasLn4RM] figure_1.jpg -> classified as: Qualitative Examples
[vtyasLn4RM] figure_8.jpg -> classified as: Plots / Charts
[vtyasLn4RM] figure_10.jpg -> classified as: Qualitative Examples
[vxBvr5ZpIu] figure_5.jpg -> classified as: Plots / Charts
[vxBvr5ZpIu] figure_6.jpg -> classified as: Qualitative Examples
[vxBvr5ZpIu] figure_2.jpg -> classified as: Plots / Charts
[vxBvr5ZpIu] figure_7.jpg -> classified as: Plots / Charts
[vxBvr5ZpIu] figure_3.jpg -> classified as: Qualitative Examples
[vxBvr5ZpIu] figure_4.jpg -> classified as: Plots / Charts
[vxBvr5ZpIu] figure_1.jpg -> classified as: Plots / Charts
[vxBvr5ZpIu] figure_8.jpg -> classified as: Plots / Charts
[w2GFB6FLAs] figure_2.jpg -> classified as: Plots / Charts
[w2GFB6FLAs] figure_1.jpg -> classified as: Plots / Charts
[w7BGq6ozOL] figure_2.jpg -> classified as: Architecture Diagram
[w7BGq6ozOL] figure_1.jpg -> classified as: Architecture Diagram
[w8LMtFY97b] figure_5.jpg -> classified as: Qualitative Examples
[w8LMtFY97b] figure_6.jpg -> classified as: Qualitative Examples
[w8LMtFY97b] figure_2.jpg -> classified as: Plots / Charts
[w8LMtFY97b] figure_3.jpg -> classified as: Qualitative Examples
[w8LMtFY97b] figure_(f)_Variance_(g).jpg -> classified as: Qualitative Examples
[w8LMtFY97b] figure_1.jpg -> classified as: Architecture Diagram
[wDE3clrYWR] figure_A_2.jpg -> classified as: Other
  -> Skipping second pass (Other)
[wDE3clrYWR] figure_A.jpg -> classified as: Plots / Charts
[wDE3clrYWR] figure_5.jpg -> classified as: Plots / Charts
[wDE3clrYWR] figure_A_9.jpg -> classified as: Plots / Charts
[wDE3clrYWR] figure_A_3.jpg -> classified as: Plots / Charts
[wDE3clrYWR] figure_A_10.jpg -> classified as: Plots / Charts
[wDE3clrYWR] figure_2.jpg -> classified as: Architecture Diagram
[wDE3clrYWR] figure_A_6.jpg -> classified as: Plots / Charts
[wDE3clrYWR] figure_A_8.jpg -> classified as: Qualitative Examples
[wDE3clrYWR] figure_A_7.jpg -> classified as: Qualitative Examples
[wDE3clrYWR] figure_A_1.jpg -> classified as: Qualitative Examples
[wDE3clrYWR] figure_A_5.jpg -> classified as: Plots / Charts
[wDE3clrYWR] figure_3.jpg -> classified as: Plots / Charts
[wDE3clrYWR] figure_4.jpg -> classified as: Plots / Charts
[wDE3clrYWR] figure_4_1.jpg -> classified as: Plots / Charts
[wDE3clrYWR] figure_1.jpg -> classified as: Architecture Diagram
[wDE3clrYWR] figure_A_4.jpg -> classified as: Qualitative Examples
[wDE3clrYWR] figure_A_11.jpg -> classified as: Plots / Charts
[wDd4Zcnc08] figure_5.jpg -> classified as: Plots / Charts
[wDd4Zcnc08] figure_6.jpg -> classified as: Plots / Charts
[wDd4Zcnc08] figure_2.jpg -> classified as: Architecture Diagram
[wDd4Zcnc08] figure_7.jpg -> classified as: Plots / Charts
[wDd4Zcnc08] figure_3.jpg -> classified as: Plots / Charts
[wDd4Zcnc08] figure_4.jpg -> classified as: Plots / Charts
[wDd4Zcnc08] figure_1.jpg -> classified as: Architecture Diagram
[wE5xp3zBaQ] figure_5.jpg -> classified as: Other
  -> Skipping second pass (Other)
[wE5xp3zBaQ] figure_6.jpg -> classified as: Plots / Charts
[wE5xp3zBaQ] figure_2.jpg -> classified as: Architecture Diagram
[wE5xp3zBaQ] figure_3.jpg -> classified as: Architecture Diagram
[wE5xp3zBaQ] figure_4.jpg -> classified as: Architecture Diagram
[wE5xp3zBaQ] figure_1.jpg -> classified as: Qualitative Examples
[wFD16gwpze] figure_19.jpg -> classified as: Plots / Charts
[wFD16gwpze] figure_23.jpg -> classified as: Plots / Charts
[wFD16gwpze] figure_24.jpg -> classified as: Plots / Charts
[wFD16gwpze] figure_5.jpg -> classified as: Plots / Charts
[wFD16gwpze] figure_6.jpg -> classified as: Plots / Charts
[wFD16gwpze] figure_9.jpg -> classified as: Plots / Charts
[wFD16gwpze] figure_22.jpg -> classified as: Plots / Charts
[wFD16gwpze] figure_18.jpg -> classified as: Plots / Charts
[wFD16gwpze] figure_13.jpg -> classified as: Plots / Charts
[wFD16gwpze] figure_15.jpg -> classified as: Plots / Charts
[wFD16gwpze] figure_2.jpg -> classified as: Plots / Charts
[wFD16gwpze] figure_20.jpg -> classified as: Plots / Charts
[wFD16gwpze] figure_11.jpg -> classified as: Plots / Charts
[wFD16gwpze] figure_7.jpg -> classified as: Plots / Charts
[wFD16gwpze] figure_3.jpg -> classified as: Plots / Charts
[wFD16gwpze] figure_4.jpg -> classified as: Plots / Charts
[wFD16gwpze] figure_17.jpg -> classified as: Plots / Charts
[wFD16gwpze] figure_1.jpg -> classified as: Plots / Charts
[wFD16gwpze] figure_27.jpg -> classified as: Plots / Charts
[wFD16gwpze] figure_8.jpg -> classified as: Plots / Charts
[wFD16gwpze] figure_12.jpg -> classified as: Plots / Charts
[wFD16gwpze] figure_25.jpg -> classified as: Plots / Charts
[wFD16gwpze] figure_21.jpg -> classified as: Plots / Charts
[wFD16gwpze] figure_26.jpg -> classified as: Plots / Charts
[wFD16gwpze] figure_14.jpg -> classified as: Plots / Charts
[wFD16gwpze] figure_16.jpg -> classified as: Plots / Charts
[wFD16gwpze] figure_10.jpg -> classified as: Plots / Charts
[wFIf8zpzTI] figure_30.jpg -> classified as: Plots / Charts
[wFIf8zpzTI] figure_19.jpg -> classified as: Plots / Charts
[wFIf8zpzTI] figure_23.jpg -> classified as: Plots / Charts
[wFIf8zpzTI] figure_29.jpg -> classified as: Plots / Charts
[wFIf8zpzTI] figure_24.jpg -> classified as: Plots / Charts
[wFIf8zpzTI] figure_6.jpg -> classified as: Plots / Charts
[wFIf8zpzTI] figure_9.jpg -> classified as: Plots / Charts
[wFIf8zpzTI] figure_22.jpg -> classified as: Plots / Charts
[wFIf8zpzTI] figure_28.jpg -> classified as: Plots / Charts
[wFIf8zpzTI] figure_18.jpg -> classified as: Plots / Charts
[wFIf8zpzTI] figure_13.jpg -> classified as: Plots / Charts
[wFIf8zpzTI] figure_15.jpg -> classified as: Plots / Charts
[wFIf8zpzTI] figure_2.jpg -> classified as: Plots / Charts
[wFIf8zpzTI] figure_20.jpg -> classified as: Plots / Charts
[wFIf8zpzTI] figure_11.jpg -> classified as: Plots / Charts
[wFIf8zpzTI] figure_7.jpg -> classified as: Plots / Charts
[wFIf8zpzTI] figure_17.jpg -> classified as: Plots / Charts
[wFIf8zpzTI] figure_1.jpg -> classified as: Architecture Diagram
[wFIf8zpzTI] figure_27.jpg -> classified as: Plots / Charts
[wFIf8zpzTI] figure_8.jpg -> classified as: Plots / Charts
[wFIf8zpzTI] figure_12.jpg -> classified as: Plots / Charts
[wFIf8zpzTI] figure_25.jpg -> classified as: Plots / Charts
[wFIf8zpzTI] figure_21.jpg -> classified as: Plots / Charts
[wFIf8zpzTI] figure_26.jpg -> classified as: Plots / Charts
[wFIf8zpzTI] figure_14.jpg -> classified as: Plots / Charts
[wFIf8zpzTI] figure_16.jpg -> classified as: Plots / Charts
[wFIf8zpzTI] figure_10.jpg -> classified as: Plots / Charts
[wJ3GeGLFmc] figure_5.jpg -> classified as: Architecture Diagram
[wJ3GeGLFmc] figure_6.jpg -> classified as: Plots / Charts
[wJ3GeGLFmc] figure_9.jpg -> classified as: Plots / Charts
[wJ3GeGLFmc] figure_13.jpg -> classified as: Qualitative Examples
[wJ3GeGLFmc] figure_15.jpg -> classified as: Qualitative Examples
[wJ3GeGLFmc] figure_2.jpg -> classified as: Plots / Charts
[wJ3GeGLFmc] figure_11.jpg -> classified as: Plots / Charts
[wJ3GeGLFmc] figure_7.jpg -> classified as: Plots / Charts
[wJ3GeGLFmc] figure_3.jpg -> classified as: Plots / Charts
[wJ3GeGLFmc] figure_4.jpg -> classified as: Plots / Charts
[wJ3GeGLFmc] figure_1.jpg -> classified as: Architecture Diagram
[wJ3GeGLFmc] figure_8.jpg -> classified as: Plots / Charts
[wJ3GeGLFmc] figure_12.jpg -> classified as: Plots / Charts
[wJ3GeGLFmc] figure_14.jpg -> classified as: Qualitative Examples
[wJ3GeGLFmc] figure_16.jpg -> classified as: Qualitative Examples
[wJ3GeGLFmc] figure_10.jpg -> classified as: Plots / Charts
[wLmJIs1uqG] figure_5.jpg -> classified as: Plots / Charts
[wLmJIs1uqG] figure_6.jpg -> classified as: Plots / Charts
[wLmJIs1uqG] figure_9.jpg -> classified as: Plots / Charts
[wLmJIs1uqG] figure_13.jpg -> classified as: Plots / Charts
[wLmJIs1uqG] figure_2.jpg -> classified as: Plots / Charts
[wLmJIs1uqG] figure_11.jpg -> classified as: Plots / Charts
[wLmJIs1uqG] figure_7.jpg -> classified as: Other
  -> Skipping second pass (Other)
[wLmJIs1uqG] figure_3.jpg -> classified as: Architecture Diagram
[wLmJIs1uqG] figure_4.jpg -> classified as: Plots / Charts
[wLmJIs1uqG] figure_1.jpg -> classified as: Plots / Charts
[wLmJIs1uqG] figure_8.jpg -> classified as: Plots / Charts
[wLmJIs1uqG] figure_12.jpg -> classified as: Plots / Charts
[wLmJIs1uqG] figure_10.jpg -> classified as: Plots / Charts
[wLnls9LS3x] figure_5.jpg -> classified as: Plots / Charts
[wLnls9LS3x] figure_2.jpg -> classified as: Plots / Charts
[wLnls9LS3x] figure_3.jpg -> classified as: Plots / Charts
[wLnls9LS3x] figure_4.jpg -> classified as: Plots / Charts
[wLnls9LS3x] figure_1.jpg -> classified as: Plots / Charts
[wMSZEP7BDh] figure_2.jpg -> classified as: Plots / Charts
[wMSZEP7BDh] figure_3.jpg -> classified as: Plots / Charts
[wMSZEP7BDh] figure_4.jpg -> classified as: Plots / Charts
[wMSZEP7BDh] figure_1.jpg -> classified as: Architecture Diagram
[wMSZEP7BDh] figure_(b)_Effect_of.jpg -> classified as: Plots / Charts
[wO8WbhsjNG] figure_5.jpg -> classified as: Plots / Charts
[wO8WbhsjNG] figure_2.jpg -> classified as: Plots / Charts
[wO8WbhsjNG] figure_3.jpg -> classified as: Architecture Diagram
[wO8WbhsjNG] figure_4.jpg -> classified as: Plots / Charts
[wO8WbhsjNG] figure_1.jpg -> classified as: Plots / Charts
[wPMRwmytZe] figure_30.jpg -> classified as: Plots / Charts
[wPMRwmytZe] figure_19.jpg -> classified as: Plots / Charts
[wPMRwmytZe] figure_23.jpg -> classified as: Plots / Charts
[wPMRwmytZe] figure_29.jpg -> classified as: Plots / Charts
[wPMRwmytZe] figure_24.jpg -> classified as: Plots / Charts
[wPMRwmytZe] figure_5.jpg -> classified as: Plots / Charts
[wPMRwmytZe] figure_6.jpg -> classified as: Plots / Charts
[wPMRwmytZe] figure_9.jpg -> classified as: Plots / Charts
[wPMRwmytZe] figure_22.jpg -> classified as: Plots / Charts
[wPMRwmytZe] figure_28.jpg -> classified as: Plots / Charts
[wPMRwmytZe] figure_18.jpg -> classified as: Plots / Charts
[wPMRwmytZe] figure_13.jpg -> classified as: Plots / Charts
[wPMRwmytZe] figure_15.jpg -> classified as: Plots / Charts
[wPMRwmytZe] figure_2.jpg -> classified as: Plots / Charts
[wPMRwmytZe] figure_7.jpg -> classified as: Plots / Charts
[wPMRwmytZe] figure_3.jpg -> classified as: Architecture Diagram
[wPMRwmytZe] figure_4.jpg -> classified as: Plots / Charts
[wPMRwmytZe] figure_31.jpg -> classified as: Plots / Charts
[wPMRwmytZe] figure_17.jpg -> classified as: Plots / Charts
[wPMRwmytZe] figure_(b)_Number_of.jpg -> classified as: Plots / Charts
[wPMRwmytZe] figure_1.jpg -> classified as: Plots / Charts
[wPMRwmytZe] figure_27.jpg -> classified as: Plots / Charts
[wPMRwmytZe] figure_8.jpg -> classified as: Plots / Charts
[wPMRwmytZe] figure_12.jpg -> classified as: Plots / Charts
[wPMRwmytZe] figure_25.jpg -> classified as: Plots / Charts
[wPMRwmytZe] figure_21.jpg -> classified as: Qualitative Examples
[wPMRwmytZe] figure_26.jpg -> classified as: Plots / Charts
[wPMRwmytZe] figure_14.jpg -> classified as: Plots / Charts
[wPMRwmytZe] figure_16.jpg -> classified as: Architecture Diagram
[wPMRwmytZe] figure_10.jpg -> classified as: Plots / Charts
[wPStvOAtjR] figure_30.jpg -> classified as: Plots / Charts
[wPStvOAtjR] figure_19.jpg -> classified as: Plots / Charts
[wPStvOAtjR] figure_23.jpg -> classified as: Plots / Charts
[wPStvOAtjR] figure_29.jpg -> classified as: Plots / Charts
[wPStvOAtjR] figure_24.jpg -> classified as: Plots / Charts
[wPStvOAtjR] figure_5.jpg -> classified as: Plots / Charts
[wPStvOAtjR] figure_6.jpg -> classified as: Plots / Charts
[wPStvOAtjR] figure_9.jpg -> classified as: Plots / Charts
[wPStvOAtjR] figure_39.jpg -> classified as: Plots / Charts
[wPStvOAtjR] figure_22.jpg -> classified as: Plots / Charts
[wPStvOAtjR] figure_28.jpg -> classified as: Plots / Charts
[wPStvOAtjR] figure_18.jpg -> classified as: Plots / Charts
[wPStvOAtjR] figure_15.jpg -> classified as: Plots / Charts
[wPStvOAtjR] figure_2.jpg -> classified as: Plots / Charts
[wPStvOAtjR] figure_38.jpg -> classified as: Plots / Charts
[wPStvOAtjR] figure_20.jpg -> classified as: Plots / Charts
[wPStvOAtjR] figure_11.jpg -> classified as: Plots / Charts
[wPStvOAtjR] figure_35.jpg -> classified as: Plots / Charts
[wPStvOAtjR] figure_7.jpg -> classified as: Plots / Charts
[wPStvOAtjR] figure_34.jpg -> classified as: Plots / Charts
[wPStvOAtjR] figure_3.jpg -> classified as: Plots / Charts
[wPStvOAtjR] figure_33.jpg -> classified as: Plots / Charts
[wPStvOAtjR] figure_4.jpg -> classified as: Plots / Charts
[wPStvOAtjR] figure_36.jpg -> classified as: Plots / Charts
[wPStvOAtjR] figure_31.jpg -> classified as: Plots / Charts
[wPStvOAtjR] figure_17.jpg -> classified as: Plots / Charts
[wPStvOAtjR] figure_1.jpg -> classified as: Plots / Charts
[wPStvOAtjR] figure_27.jpg -> classified as: Plots / Charts
[wPStvOAtjR] figure_37.jpg -> classified as: Plots / Charts
[wPStvOAtjR] figure_8.jpg -> classified as: Plots / Charts
[wPStvOAtjR] figure_12.jpg -> classified as: Plots / Charts
[wPStvOAtjR] figure_25.jpg -> classified as: Plots / Charts
[wPStvOAtjR] figure_21.jpg -> classified as: Plots / Charts
[wPStvOAtjR] figure_26.jpg -> classified as: Plots / Charts
[wPStvOAtjR] figure_14.jpg -> classified as: Plots / Charts
[wPStvOAtjR] figure_32.jpg -> classified as: Plots / Charts
[wPStvOAtjR] figure_16.jpg -> classified as: Plots / Charts
[wPStvOAtjR] figure_10.jpg -> classified as: Plots / Charts
[wRaIBmp5yI] figure_Query__Couple_giving.jpg -> classified as: Plots / Charts
[wRaIBmp5yI] figure_5.jpg -> classified as: Plots / Charts
[wRaIBmp5yI] figure_Query__Person_tried.jpg -> classified as: Plots / Charts
[wRaIBmp5yI] figure_2.jpg -> classified as: Architecture Diagram
[wRaIBmp5yI] figure_3.jpg -> classified as: Qualitative Examples
[wRaIBmp5yI] figure_4.jpg -> classified as: Architecture Diagram
[wRaIBmp5yI] figure_1.jpg -> classified as: Qualitative Examples
[wSozvhEYq7] figure_A1.jpg -> classified as: Architecture Diagram
[wSozvhEYq7] figure_A2.jpg -> classified as: Architecture Diagram
[wSozvhEYq7] figure_2.jpg -> classified as: Plots / Charts
[wSozvhEYq7] figure_3.jpg -> classified as: Plots / Charts
[wSozvhEYq7] figure_4.jpg -> classified as: Plots / Charts
[wSozvhEYq7] figure_1.jpg -> classified as: Plots / Charts
[wSozvhEYq7] figure_A4.jpg -> classified as: Plots / Charts
[wSozvhEYq7] figure_A3.jpg -> classified as: Plots / Charts
[wTtDgucL7h] figure_5.jpg -> classified as: Plots / Charts
[wTtDgucL7h] figure_6.jpg -> classified as: Plots / Charts
[wTtDgucL7h] figure_2.jpg -> classified as: Plots / Charts
[wTtDgucL7h] figure_7.jpg -> classified as: Plots / Charts
[wTtDgucL7h] figure_3.jpg -> classified as: Plots / Charts
[wTtDgucL7h] figure_4.jpg -> classified as: Plots / Charts
[wTtDgucL7h] figure_1.jpg -> classified as: Plots / Charts
[wTtDgucL7h] figure_8.jpg -> classified as: Plots / Charts
[wVMzK2Feuu] figure_5.jpg -> classified as: Plots / Charts
[wVMzK2Feuu] figure_6.jpg -> classified as: Plots / Charts
[wVMzK2Feuu] figure_2.jpg -> classified as: Plots / Charts
[wVMzK2Feuu] figure_3.jpg -> classified as: Plots / Charts
[wVMzK2Feuu] figure_4.jpg -> classified as: Plots / Charts
[wVMzK2Feuu] figure_1.jpg -> classified as: Architecture Diagram
[wVTJRnZ11Z] figure_2.jpg -> classified as: Plots / Charts
[wVTJRnZ11Z] figure_1.jpg -> classified as: Plots / Charts
[wWpChcKLwB] figure_19.jpg -> classified as: Plots / Charts
[wWpChcKLwB] figure_23.jpg -> classified as: Plots / Charts
[wWpChcKLwB] figure_24.jpg -> classified as: Plots / Charts
[wWpChcKLwB] figure_6.jpg -> classified as: Plots / Charts
[wWpChcKLwB] figure_22.jpg -> classified as: Plots / Charts
[wWpChcKLwB] figure_18.jpg -> classified as: Plots / Charts
[wWpChcKLwB] figure_13.jpg -> classified as: Plots / Charts
[wWpChcKLwB] figure_15.jpg -> classified as: Other
  -> Skipping second pass (Other)
[wWpChcKLwB] figure_2.jpg -> classified as: Plots / Charts
[wWpChcKLwB] figure_20.jpg -> classified as: Plots / Charts
[wWpChcKLwB] figure_11.jpg -> classified as: Plots / Charts
[wWpChcKLwB] figure_7.jpg -> classified as: Other
  -> Skipping second pass (Other)
[wWpChcKLwB] figure_3.jpg -> classified as: Plots / Charts
[wWpChcKLwB] figure_4.jpg -> classified as: Qualitative Examples
[wWpChcKLwB] figure_17.jpg -> classified as: Other
  -> Skipping second pass (Other)
[wWpChcKLwB] figure_1.jpg -> classified as: Architecture Diagram
[wWpChcKLwB] figure_27.jpg -> classified as: Plots / Charts
[wWpChcKLwB] figure_8.jpg -> classified as: Plots / Charts
[wWpChcKLwB] figure_12.jpg -> classified as: Plots / Charts
[wWpChcKLwB] figure_25.jpg -> classified as: Plots / Charts
[wWpChcKLwB] figure_21.jpg -> classified as: Plots / Charts
[wWpChcKLwB] figure_26.jpg -> classified as: Plots / Charts
[wWpChcKLwB] figure_14.jpg -> classified as: Plots / Charts
[wWpChcKLwB] figure_16.jpg -> classified as: Other
  -> Skipping second pass (Other)
[wWpChcKLwB] figure_10.jpg -> classified as: Plots / Charts
[wYmvN3sQpG] figure_2.jpg -> classified as: Plots / Charts
[wYmvN3sQpG] figure_3.jpg -> classified as: Plots / Charts
[wYmvN3sQpG] figure_1.jpg -> classified as: Plots / Charts
[wYxOMEzpkl] figure_5.jpg -> classified as: Plots / Charts
[wYxOMEzpkl] figure_6.jpg -> classified as: Plots / Charts
[wYxOMEzpkl] figure_9.jpg -> classified as: Plots / Charts
[wYxOMEzpkl] figure_2.jpg -> classified as: Plots / Charts
[wYxOMEzpkl] figure_7.jpg -> classified as: Plots / Charts
[wYxOMEzpkl] figure_3.jpg -> classified as: Plots / Charts
[wYxOMEzpkl] figure_4.jpg -> classified as: Plots / Charts
[wYxOMEzpkl] figure_1.jpg -> classified as: Architecture Diagram
[wYxOMEzpkl] figure_8.jpg -> classified as: Plots / Charts
[wdzCyr1stL] figure_5.jpg -> classified as: Plots / Charts
[wdzCyr1stL] figure_6.jpg -> classified as: Plots / Charts
[wdzCyr1stL] figure_9.jpg -> classified as: Plots / Charts
[wdzCyr1stL] figure_2.jpg -> classified as: Plots / Charts
[wdzCyr1stL] figure_7.jpg -> classified as: Plots / Charts
[wdzCyr1stL] figure_3.jpg -> classified as: Plots / Charts
[wdzCyr1stL] figure_4.jpg -> classified as: Plots / Charts
[wdzCyr1stL] figure_1.jpg -> classified as: Plots / Charts
[wdzCyr1stL] figure_8.jpg -> classified as: Plots / Charts
[wgDB1QuxIA] figure_2.jpg -> classified as: Plots / Charts
[wgDB1QuxIA] figure_1.jpg -> classified as: Plots / Charts
[wgRQ2WAORJ] figure_5.jpg -> classified as: Plots / Charts
[wgRQ2WAORJ] figure_6.jpg -> classified as: Qualitative Examples
[wgRQ2WAORJ] figure_9.jpg -> classified as: Plots / Charts
[wgRQ2WAORJ] figure_13.jpg -> classified as: Plots / Charts
[wgRQ2WAORJ] figure_(c)_As_$t$.jpg -> classified as: Plots / Charts
[wgRQ2WAORJ] figure_15.jpg -> classified as: Plots / Charts
[wgRQ2WAORJ] figure_11.jpg -> classified as: Plots / Charts
[wgRQ2WAORJ] figure_7.jpg -> classified as: Qualitative Examples
[wgRQ2WAORJ] figure_3.jpg -> classified as: Other
  -> Skipping second pass (Other)
[wgRQ2WAORJ] figure_4.jpg -> classified as: Qualitative Examples
[wgRQ2WAORJ] figure_17.jpg -> classified as: Plots / Charts
[wgRQ2WAORJ] figure_1.jpg -> classified as: Architecture Diagram
[wgRQ2WAORJ] figure_8.jpg -> classified as: Qualitative Examples
[wgRQ2WAORJ] figure_12.jpg -> classified as: Plots / Charts
[wgRQ2WAORJ] figure_14.jpg -> classified as: Plots / Charts
[wgRQ2WAORJ] figure_16.jpg -> classified as: Plots / Charts
[wgRQ2WAORJ] figure_10.jpg -> classified as: Qualitative Examples
[wriKDQqiOQ] figure_5.jpg -> classified as: Plots / Charts
[wriKDQqiOQ] figure_6.jpg -> classified as: Plots / Charts
[wriKDQqiOQ] figure_9.jpg -> classified as: Plots / Charts
[wriKDQqiOQ] figure_2.jpg -> classified as: Plots / Charts
[wriKDQqiOQ] figure_7.jpg -> classified as: Plots / Charts
[wriKDQqiOQ] figure_3.jpg -> classified as: Plots / Charts
[wriKDQqiOQ] figure_4.jpg -> classified as: Plots / Charts
[wriKDQqiOQ] figure_1.jpg -> classified as: Plots / Charts
[wriKDQqiOQ] figure_8.jpg -> classified as: Plots / Charts
[wriKDQqiOQ] figure_10.jpg -> classified as: Plots / Charts
[wsWGcw6qKD] figure_2.jpg -> classified as: Plots / Charts
[wsWGcw6qKD] figure_(b)_Student_performance.jpg -> classified as: Plots / Charts
[wsWGcw6qKD] figure_1.jpg -> classified as: Plots / Charts
[ww3CLRhF1v] figure_5.jpg -> classified as: Plots / Charts
[ww3CLRhF1v] figure_6.jpg -> classified as: Plots / Charts
[ww3CLRhF1v] figure_9.jpg -> classified as: Plots / Charts
[ww3CLRhF1v] figure_13.jpg -> classified as: Plots / Charts
[ww3CLRhF1v] figure_15.jpg -> classified as: Plots / Charts
[ww3CLRhF1v] figure_2.jpg -> classified as: Plots / Charts
[ww3CLRhF1v] figure_11.jpg -> classified as: Plots / Charts
[ww3CLRhF1v] figure_7.jpg -> classified as: Plots / Charts
[ww3CLRhF1v] figure_3.jpg -> classified as: Plots / Charts
[ww3CLRhF1v] figure_4.jpg -> classified as: Plots / Charts
[ww3CLRhF1v] figure_1.jpg -> classified as: Plots / Charts
[ww3CLRhF1v] figure_8.jpg -> classified as: Plots / Charts
[ww3CLRhF1v] figure_12.jpg -> classified as: Plots / Charts
[ww3CLRhF1v] figure_14.jpg -> classified as: Plots / Charts
[ww3CLRhF1v] figure_10.jpg -> classified as: Plots / Charts
[x1Okv4kbVR] figure_6.jpg -> classified as: Other
  -> Skipping second pass (Other)
[x1Okv4kbVR] figure_7.jpg -> classified as: Qualitative Examples
[x1Okv4kbVR] figure_3.jpg -> classified as: Plots / Charts
[x1Okv4kbVR] figure_4.jpg -> classified as: Plots / Charts
[x1Okv4kbVR] figure_1.jpg -> classified as: Architecture Diagram
[x1Okv4kbVR] figure_8.jpg -> classified as: Other
  -> Skipping second pass (Other)
[x1uv2gdjKV] figure_5.jpg -> classified as: Plots / Charts
[x1uv2gdjKV] figure_6.jpg -> classified as: Plots / Charts
[x1uv2gdjKV] figure_9.jpg -> classified as: Qualitative Examples
[x1uv2gdjKV] figure_13.jpg -> classified as: Qualitative Examples
[x1uv2gdjKV] figure_15.jpg -> classified as: Plots / Charts
[x1uv2gdjKV] figure_2.jpg -> classified as: Plots / Charts
[x1uv2gdjKV] figure_11.jpg -> classified as: Architecture Diagram
[x1uv2gdjKV] figure_7.jpg -> classified as: Qualitative Examples
[x1uv2gdjKV] figure_3.jpg -> classified as: Plots / Charts
[x1uv2gdjKV] figure_4.jpg -> classified as: Plots / Charts
[x1uv2gdjKV] figure_1.jpg -> classified as: Plots / Charts
[x1uv2gdjKV] figure_8.jpg -> classified as: Qualitative Examples
[x1uv2gdjKV] figure_12.jpg -> classified as: Plots / Charts
[x1uv2gdjKV] figure_14.jpg -> classified as: Plots / Charts
[x1uv2gdjKV] figure_16.jpg -> classified as: Plots / Charts
[x1uv2gdjKV] figure_10.jpg -> classified as: Plots / Charts
[x3l0fQubOn] figure_5.jpg -> classified as: Plots / Charts
[x3l0fQubOn] figure_6.jpg -> classified as: Plots / Charts
[x3l0fQubOn] figure_9.jpg -> classified as: Plots / Charts
[x3l0fQubOn] figure_2.jpg -> classified as: Plots / Charts
[x3l0fQubOn] figure_7.jpg -> classified as: Plots / Charts
[x3l0fQubOn] figure_3.jpg -> classified as: Plots / Charts
[x3l0fQubOn] figure_4.jpg -> classified as: Plots / Charts
[x3l0fQubOn] figure_1.jpg -> classified as: Plots / Charts
[x3l0fQubOn] figure_8.jpg -> classified as: Plots / Charts
[x3lE88YkUl] figure_5.jpg -> classified as: Plots / Charts
[x3lE88YkUl] figure_6.jpg -> classified as: Plots / Charts
[x3lE88YkUl] figure_9.jpg -> classified as: Plots / Charts
[x3lE88YkUl] figure_13.jpg -> classified as: Plots / Charts
[x3lE88YkUl] figure_15.jpg -> classified as: Plots / Charts
[x3lE88YkUl] figure_2.jpg -> classified as: Plots / Charts
[x3lE88YkUl] figure_11.jpg -> classified as: Plots / Charts
[x3lE88YkUl] figure_7.jpg -> classified as: Plots / Charts
[x3lE88YkUl] figure_3.jpg -> classified as: Plots / Charts
[x3lE88YkUl] figure_4.jpg -> classified as: Plots / Charts
[x3lE88YkUl] figure_17.jpg -> classified as: Plots / Charts
[x3lE88YkUl] figure_1.jpg -> classified as: Plots / Charts
[x3lE88YkUl] figure_8.jpg -> classified as: Plots / Charts
[x3lE88YkUl] figure_12.jpg -> classified as: Plots / Charts
[x3lE88YkUl] figure_14.jpg -> classified as: Plots / Charts
[x3lE88YkUl] figure_16.jpg -> classified as: Plots / Charts
[x3lE88YkUl] figure_10.jpg -> classified as: Plots / Charts
[x5YEibapUM] figure_2.jpg -> classified as: Plots / Charts
[x5YEibapUM] figure_3.jpg -> classified as: Plots / Charts
[x5YEibapUM] figure_1.jpg -> classified as: Plots / Charts
[x7kyIVdtSz] figure_5.jpg -> classified as: Plots / Charts
[x7kyIVdtSz] figure_2.jpg -> classified as: Architecture Diagram
[x7kyIVdtSz] figure_3.jpg -> classified as: Architecture Diagram
[x7kyIVdtSz] figure_4.jpg -> classified as: Architecture Diagram
[x7kyIVdtSz] figure_1.jpg -> classified as: Architecture Diagram
[xCRr9DrolJ] figure_5.jpg -> classified as: Plots / Charts
[xCRr9DrolJ] figure_6.jpg -> classified as: Plots / Charts
[xCRr9DrolJ] figure_9.jpg -> classified as: Qualitative Examples
[xCRr9DrolJ] figure_13.jpg -> classified as: Plots / Charts
[xCRr9DrolJ] figure_15.jpg -> classified as: Plots / Charts
[xCRr9DrolJ] figure_2.jpg -> classified as: Plots / Charts
[xCRr9DrolJ] figure_11.jpg -> classified as: Plots / Charts
[xCRr9DrolJ] figure_7.jpg -> classified as: Plots / Charts
[xCRr9DrolJ] figure_3.jpg -> classified as: Plots / Charts
[xCRr9DrolJ] figure_4.jpg -> classified as: Plots / Charts
[xCRr9DrolJ] figure_1.jpg -> classified as: Plots / Charts
[xCRr9DrolJ] figure_8.jpg -> classified as: Plots / Charts
[xCRr9DrolJ] figure_12.jpg -> classified as: Qualitative Examples
[xCRr9DrolJ] figure_14.jpg -> classified as: Plots / Charts
[xCRr9DrolJ] figure_16.jpg -> classified as: Plots / Charts
[xCRr9DrolJ] figure_10.jpg -> classified as: Plots / Charts
[xEZiEhjTeq] figure_(b)_Induction_circuit.jpg -> classified as: Plots / Charts
[xEZiEhjTeq] figure_D_6.jpg -> classified as: Plots / Charts
[xEZiEhjTeq] figure_D_2.jpg -> classified as: Plots / Charts
[xEZiEhjTeq] figure_A.jpg -> classified as: Plots / Charts
[xEZiEhjTeq] figure_C_5.jpg -> classified as: Plots / Charts
[xEZiEhjTeq] figure_5.jpg -> classified as: Qualitative Examples
[xEZiEhjTeq] figure_1_2.jpg -> classified as: Plots / Charts
[xEZiEhjTeq] figure_6.jpg -> classified as: Plots / Charts
[xEZiEhjTeq] figure_D_5.jpg -> classified as: Plots / Charts
[xEZiEhjTeq] figure_B_3.jpg -> classified as: Plots / Charts
[xEZiEhjTeq] figure_D_3.jpg -> classified as: Plots / Charts
[xEZiEhjTeq] figure_1_3.jpg -> classified as: Plots / Charts
[xEZiEhjTeq] figure_2.jpg -> classified as: Qualitative Examples
[xEZiEhjTeq] figure_C_1.jpg -> classified as: Plots / Charts
[xEZiEhjTeq] figure_C_4.jpg -> classified as: Plots / Charts
[xEZiEhjTeq] figure_C_2.jpg -> classified as: Plots / Charts
[xEZiEhjTeq] figure_B.jpg -> classified as: Plots / Charts
[xEZiEhjTeq] figure_C_3.jpg -> classified as: Plots / Charts
[xEZiEhjTeq] figure_3.jpg -> classified as: Plots / Charts
[xEZiEhjTeq] figure_D.jpg -> classified as: Architecture Diagram
[xEZiEhjTeq] figure_C_7.jpg -> classified as: Plots / Charts
[xEZiEhjTeq] figure_C_8.jpg -> classified as: Plots / Charts
[xEZiEhjTeq] figure_B_1.jpg -> classified as: Plots / Charts
[xEZiEhjTeq] figure_B_2.jpg -> classified as: Plots / Charts
[xEZiEhjTeq] figure_D_1.jpg -> classified as: Architecture Diagram
[xEZiEhjTeq] figure_C.jpg -> classified as: Plots / Charts
[xEZiEhjTeq] figure_1.jpg -> classified as: Plots / Charts
[xEZiEhjTeq] figure_1_1.jpg -> classified as: Plots / Charts
[xEZiEhjTeq] figure_D_4.jpg -> classified as: Plots / Charts
[xEZiEhjTeq] figure_C_6.jpg -> classified as: Plots / Charts
[xGvPKAiOhq] figure_I_1.jpg -> classified as: Plots / Charts
[xGvPKAiOhq] figure_I_2.jpg -> classified as: Plots / Charts
[xGvPKAiOhq] figure_I.jpg -> classified as: Plots / Charts
[xGvPKAiOhq] figure_2.jpg -> classified as: Plots / Charts
[xGvPKAiOhq] figure_1.1.jpg -> classified as: Plots / Charts
[xGvPKAiOhq] figure_I_3.jpg -> classified as: Plots / Charts
[xGvPKAiOhq] figure_1.2.jpg -> classified as: Plots / Charts
[xHPVGmLXjd] figure_5.jpg -> classified as: Plots / Charts
[xHPVGmLXjd] figure_2.jpg -> classified as: Plots / Charts
[xHPVGmLXjd] figure_3.jpg -> classified as: Plots / Charts
[xHPVGmLXjd] figure_4.jpg -> classified as: Plots / Charts
[xHPVGmLXjd] figure_1.jpg -> classified as: Architecture Diagram
[xHmCdSArUC] figure_2.jpg -> classified as: Plots / Charts
[xHmCdSArUC] figure_3.jpg -> classified as: Plots / Charts
[xHmCdSArUC] figure_4.jpg -> classified as: Plots / Charts
[xHmCdSArUC] figure_1.jpg -> classified as: Plots / Charts
[xIHi5nxu9P] figure_A.jpg -> classified as: Architecture Diagram
[xIHi5nxu9P] figure_H_2.jpg -> classified as: Plots / Charts
[xIHi5nxu9P] figure_5.jpg -> classified as: Plots / Charts
[xIHi5nxu9P] figure_H_1.jpg -> classified as: Plots / Charts
[xIHi5nxu9P] figure_H.jpg -> classified as: Plots / Charts
[xIHi5nxu9P] figure_2.jpg -> classified as: Architecture Diagram
[xIHi5nxu9P] figure_C_1.jpg -> classified as: Plots / Charts
[xIHi5nxu9P] figure_C_2.jpg -> classified as: Plots / Charts
[xIHi5nxu9P] figure_F.jpg -> classified as: Architecture Diagram
[xIHi5nxu9P] figure_B.jpg -> classified as: Architecture Diagram
[xIHi5nxu9P] figure_E.jpg -> classified as: Plots / Charts
[xIHi5nxu9P] figure_3.jpg -> classified as: Qualitative Examples
[xIHi5nxu9P] figure_D.jpg -> classified as: Plots / Charts
[xIHi5nxu9P] figure_H_3.jpg -> classified as: Plots / Charts
[xIHi5nxu9P] figure_4.jpg -> classified as: Plots / Charts
[xIHi5nxu9P] figure_B_1.jpg -> classified as: Architecture Diagram
[xIHi5nxu9P] figure_C.jpg -> classified as: Plots / Charts
[xIHi5nxu9P] figure_1.jpg -> classified as: Architecture Diagram
[xImTb8mNOr] figure_19.jpg -> classified as: Plots / Charts
[xImTb8mNOr] figure_23.jpg -> classified as: Plots / Charts
[xImTb8mNOr] figure_5.jpg -> classified as: Plots / Charts
[xImTb8mNOr] figure_6.jpg -> classified as: Plots / Charts
[xImTb8mNOr] figure_9.jpg -> classified as: Plots / Charts
[xImTb8mNOr] figure_22.jpg -> classified as: Plots / Charts
[xImTb8mNOr] figure_18.jpg -> classified as: Plots / Charts
[xImTb8mNOr] figure_13.jpg -> classified as: Plots / Charts
[xImTb8mNOr] figure_(b)_SGD_and.jpg -> classified as: Plots / Charts
[xImTb8mNOr] figure_15.jpg -> classified as: Plots / Charts
[xImTb8mNOr] figure_2.jpg -> classified as: Plots / Charts
[xImTb8mNOr] figure_20.jpg -> classified as: Plots / Charts
[xImTb8mNOr] figure_11.jpg -> classified as: Plots / Charts
[xImTb8mNOr] figure_7.jpg -> classified as: Plots / Charts
[xImTb8mNOr] figure_4.jpg -> classified as: Plots / Charts
[xImTb8mNOr] figure_17.jpg -> classified as: Plots / Charts
[xImTb8mNOr] figure_1.jpg -> classified as: Plots / Charts
[xImTb8mNOr] figure_8.jpg -> classified as: Plots / Charts
[xImTb8mNOr] figure_12.jpg -> classified as: Plots / Charts
[xImTb8mNOr] figure_21.jpg -> classified as: Plots / Charts
[xImTb8mNOr] figure_14.jpg -> classified as: Plots / Charts
[xImTb8mNOr] figure_16.jpg -> classified as: Plots / Charts
[xImTb8mNOr] figure_10.jpg -> classified as: Plots / Charts
[xJ5N8qrEPl] figure_2.jpg -> classified as: Plots / Charts
[xJ5N8qrEPl] figure_3.jpg -> classified as: Plots / Charts
[xJ5N8qrEPl] figure_4.jpg -> classified as: Plots / Charts
[xJ5N8qrEPl] figure_1.jpg -> classified as: Plots / Charts
[xOtOfdbBqK] figure_5.jpg -> classified as: Plots / Charts
[xOtOfdbBqK] figure_6.jpg -> classified as: Plots / Charts
[xOtOfdbBqK] figure_2.jpg -> classified as: Plots / Charts
[xOtOfdbBqK] figure_7.jpg -> classified as: Plots / Charts
[xOtOfdbBqK] figure_3.jpg -> classified as: Plots / Charts
[xOtOfdbBqK] figure_4.jpg -> classified as: Plots / Charts
[xOtOfdbBqK] figure_1.jpg -> classified as: Qualitative Examples
[xQCXInDq0m] figure_5.jpg -> classified as: Plots / Charts
[xQCXInDq0m] figure_6.jpg -> classified as: Qualitative Examples
[xQCXInDq0m] figure_9.jpg -> classified as: Plots / Charts
[xQCXInDq0m] figure_13.jpg -> classified as: Plots / Charts
[xQCXInDq0m] figure_15.jpg -> classified as: Plots / Charts
[xQCXInDq0m] figure_2.jpg -> classified as: Plots / Charts
[xQCXInDq0m] figure_11.jpg -> classified as: Plots / Charts
[xQCXInDq0m] figure_7.jpg -> classified as: Qualitative Examples
[xQCXInDq0m] figure_3.jpg -> classified as: Plots / Charts
[xQCXInDq0m] figure_4.jpg -> classified as: Plots / Charts
[xQCXInDq0m] figure_1.jpg -> classified as: Architecture Diagram
[xQCXInDq0m] figure_8.jpg -> classified as: Plots / Charts
[xQCXInDq0m] figure_12.jpg -> classified as: Plots / Charts
[xQCXInDq0m] figure_14.jpg -> classified as: Plots / Charts
[xQCXInDq0m] figure_16.jpg -> classified as: Plots / Charts
[xQCXInDq0m] figure_10.jpg -> classified as: Plots / Charts
[xS4XOS4NQ5] figure_2.jpg -> classified as: Architecture Diagram
[xS4XOS4NQ5] figure_3.jpg -> classified as: Plots / Charts
[xS4XOS4NQ5] figure_1.jpg -> classified as: Qualitative Examples
[xU0XRbn3b5] figure_5.jpg -> classified as: Plots / Charts
[xU0XRbn3b5] figure_6.jpg -> classified as: Plots / Charts
[xU0XRbn3b5] figure_2.jpg -> classified as: Qualitative Examples
[xU0XRbn3b5] figure_3.jpg -> classified as: Plots / Charts
[xU0XRbn3b5] figure_4.jpg -> classified as: Plots / Charts
[xU0XRbn3b5] figure_1.jpg -> classified as: Plots / Charts
[xUHL8mtSUL] figure_2.jpg -> classified as: Plots / Charts
[xUHL8mtSUL] figure_1.jpg -> classified as: Plots / Charts
[xVefsBbG2O] figure_5.jpg -> classified as: Plots / Charts
[xVefsBbG2O] figure_6.jpg -> classified as: Plots / Charts
[xVefsBbG2O] figure_2.jpg -> classified as: Plots / Charts
[xVefsBbG2O] figure_3.jpg -> classified as: Qualitative Examples
[xVefsBbG2O] figure_4.jpg -> classified as: Plots / Charts
[xVefsBbG2O] figure_1.jpg -> classified as: Plots / Charts
[xVw8YNEtH3] figure_2.jpg -> classified as: Plots / Charts
[xVw8YNEtH3] figure_1.jpg -> classified as: Architecture Diagram
[xaXvHdH9Y4] figure_5.jpg -> classified as: Architecture Diagram
[xaXvHdH9Y4] figure_6.jpg -> classified as: Plots / Charts
[xaXvHdH9Y4] figure_2.jpg -> classified as: Plots / Charts
[xaXvHdH9Y4] figure_7.jpg -> classified as: Plots / Charts
[xaXvHdH9Y4] figure_3.jpg -> classified as: Plots / Charts
[xaXvHdH9Y4] figure_1.jpg -> classified as: Architecture Diagram
[xaXvHdH9Y4] figure_8.jpg -> classified as: Plots / Charts
[xbjSwwrQOe] figure_6.jpg -> classified as: Qualitative Examples
[xbjSwwrQOe] figure_2.jpg -> classified as: Plots / Charts
[xbjSwwrQOe] figure_7.jpg -> classified as: Plots / Charts
[xbjSwwrQOe] figure_(b)_Proxy_reward.jpg -> classified as: Plots / Charts
[xbjSwwrQOe] figure_1.jpg -> classified as: Architecture Diagram
[xeP03R58RH] figure_2.jpg -> classified as: Plots / Charts
[xeP03R58RH] figure_3.jpg -> classified as: Plots / Charts
[xeP03R58RH] figure_1.jpg -> classified as: Plots / Charts
[xhCZD9hiiA] figure_H3.jpg -> classified as: Plots / Charts
[xhCZD9hiiA] figure_G2.jpg -> classified as: Plots / Charts
[xhCZD9hiiA] figure_5.jpg -> classified as: Plots / Charts
[xhCZD9hiiA] figure_6.jpg -> classified as: Plots / Charts
[xhCZD9hiiA] figure_H6.jpg -> classified as: Plots / Charts
[xhCZD9hiiA] figure_F1.jpg -> classified as: Plots / Charts
[xhCZD9hiiA] figure_H4.jpg -> classified as: Plots / Charts
[xhCZD9hiiA] figure_2.jpg -> classified as: Plots / Charts
[xhCZD9hiiA] figure_H5.jpg -> classified as: Plots / Charts
[xhCZD9hiiA] figure_H1.jpg -> classified as: Plots / Charts
[xhCZD9hiiA] figure_G1.jpg -> classified as: Plots / Charts
[xhCZD9hiiA] figure_3.jpg -> classified as: Plots / Charts
[xhCZD9hiiA] figure_4.jpg -> classified as: Plots / Charts
[xhCZD9hiiA] figure_1.jpg -> classified as: Plots / Charts
[xhCZD9hiiA] figure_F2.jpg -> classified as: Plots / Charts
[xhCZD9hiiA] figure_J1.jpg -> classified as: Plots / Charts
[xhCZD9hiiA] figure_H2.jpg -> classified as: Plots / Charts
[xhEN0kJh4q] figure_A10.jpg -> classified as: Plots / Charts
[xhEN0kJh4q] figure_A7.jpg -> classified as: Plots / Charts
[xhEN0kJh4q] figure_5.jpg -> classified as: Plots / Charts
[xhEN0kJh4q] figure_A1.jpg -> classified as: Plots / Charts
[xhEN0kJh4q] figure_6.jpg -> classified as: Plots / Charts
[xhEN0kJh4q] figure_A8.jpg -> classified as: Plots / Charts
[xhEN0kJh4q] figure_A2.jpg -> classified as: Qualitative Examples
[xhEN0kJh4q] figure_A12.jpg -> classified as: Plots / Charts
[xhEN0kJh4q] figure_2.jpg -> classified as: Plots / Charts
[xhEN0kJh4q] figure_A11.jpg -> classified as: Plots / Charts
[xhEN0kJh4q] figure_7.jpg -> classified as: Plots / Charts
[xhEN0kJh4q] figure_3.jpg -> classified as: Plots / Charts
[xhEN0kJh4q] figure_4.jpg -> classified as: Plots / Charts
[xhEN0kJh4q] figure_A6.jpg -> classified as: Plots / Charts
[xhEN0kJh4q] figure_A13.jpg -> classified as: Plots / Charts
[xhEN0kJh4q] figure_1.jpg -> classified as: Plots / Charts
[xhEN0kJh4q] figure_A4.jpg -> classified as: Plots / Charts
[xhEN0kJh4q] figure_A5.jpg -> classified as: Plots / Charts
[xhEN0kJh4q] figure_A9.jpg -> classified as: Plots / Charts
[xhEN0kJh4q] figure_A3.jpg -> classified as: Plots / Charts
[xiyzCfXTS6] figure_5.jpg -> classified as: Plots / Charts
[xiyzCfXTS6] figure_6.jpg -> classified as: Plots / Charts
[xiyzCfXTS6] figure_9.jpg -> classified as: Plots / Charts
[xiyzCfXTS6] figure_13.jpg -> classified as: Plots / Charts
[xiyzCfXTS6] figure_15.jpg -> classified as: Plots / Charts
[xiyzCfXTS6] figure_2.jpg -> classified as: Plots / Charts
[xiyzCfXTS6] figure_11.jpg -> classified as: Plots / Charts
[xiyzCfXTS6] figure_7.jpg -> classified as: Plots / Charts
[xiyzCfXTS6] figure_3.jpg -> classified as: Plots / Charts
[xiyzCfXTS6] figure_4.jpg -> classified as: Plots / Charts
[xiyzCfXTS6] figure_17.jpg -> classified as: Plots / Charts
[xiyzCfXTS6] figure_1.jpg -> classified as: Qualitative Examples
[xiyzCfXTS6] figure_8.jpg -> classified as: Plots / Charts
[xiyzCfXTS6] figure_12.jpg -> classified as: Plots / Charts
[xiyzCfXTS6] figure_14.jpg -> classified as: Plots / Charts
[xiyzCfXTS6] figure_16.jpg -> classified as: Plots / Charts
[xiyzCfXTS6] figure_10.jpg -> classified as: Plots / Charts
[xnhvVtZtLD] figure_5.jpg -> classified as: Plots / Charts
[xnhvVtZtLD] figure_6.jpg -> classified as: Plots / Charts
[xnhvVtZtLD] figure_9.jpg -> classified as: Plots / Charts
[xnhvVtZtLD] figure_13.jpg -> classified as: Plots / Charts
[xnhvVtZtLD] figure_2.jpg -> classified as: Plots / Charts
[xnhvVtZtLD] figure_11.jpg -> classified as: Plots / Charts
[xnhvVtZtLD] figure_7.jpg -> classified as: Plots / Charts
[xnhvVtZtLD] figure_3.jpg -> classified as: Plots / Charts
[xnhvVtZtLD] figure_4.jpg -> classified as: Plots / Charts
[xnhvVtZtLD] figure_1.jpg -> classified as: Plots / Charts
[xnhvVtZtLD] figure_8.jpg -> classified as: Plots / Charts
[xnhvVtZtLD] figure_12.jpg -> classified as: Plots / Charts
[xnhvVtZtLD] figure_10.jpg -> classified as: Plots / Charts
[xoXn62FzD0] figure_as_a_representative.jpg -> classified as: Plots / Charts
[xoXn62FzD0] figure_2.jpg -> classified as: Plots / Charts
[xoXn62FzD0] figure_1.jpg -> classified as: Plots / Charts
[xt3mCoDks7] figure_5.jpg -> classified as: Plots / Charts
[xt3mCoDks7] figure_6.jpg -> classified as: Plots / Charts
[xt3mCoDks7] figure_9.jpg -> classified as: Plots / Charts
[xt3mCoDks7] figure_13.jpg -> classified as: Plots / Charts
[xt3mCoDks7] figure_15.jpg -> classified as: Plots / Charts
[xt3mCoDks7] figure_2.jpg -> classified as: Plots / Charts
[xt3mCoDks7] figure_11.jpg -> classified as: Plots / Charts
[xt3mCoDks7] figure_7.jpg -> classified as: Plots / Charts
[xt3mCoDks7] figure_3.jpg -> classified as: Plots / Charts
[xt3mCoDks7] figure_4.jpg -> classified as: Qualitative Examples
[xt3mCoDks7] figure_17.jpg -> classified as: Plots / Charts
[xt3mCoDks7] figure_1.jpg -> classified as: Plots / Charts
[xt3mCoDks7] figure_8.jpg -> classified as: Plots / Charts
[xt3mCoDks7] figure_12.jpg -> classified as: Plots / Charts
[xt3mCoDks7] figure_14.jpg -> classified as: Plots / Charts
[xt3mCoDks7] figure_16.jpg -> classified as: Plots / Charts
[xt3mCoDks7] figure_10.jpg -> classified as: Plots / Charts
[xtOydkE1Ku] figure_5.jpg -> classified as: Qualitative Examples
API Error (Attempt 1/6): Error code: 500 - {'error': {'message': 'Too many requests. Your requests are being throttled due to system capacity limits. Please try again later. For details, see: https://www.alibabacloud.com/help/en/model-studio/error-code#system-limit', 'type': 'ServiceUnavailable', 'param': None, 'code': 'ServiceUnavailable'}, 'id': 'chatcmpl-833fbeac-0a00-99c4-9d51-985cecb7a51d', 'request_id': '833fbeac-0a00-99c4-9d51-985cecb7a51d'}
Waiting 11.45s before retry...
[xtOydkE1Ku] figure_6.jpg -> classified as: Plots / Charts
[xtOydkE1Ku] figure_9.jpg -> classified as: Plots / Charts
[xtOydkE1Ku] figure_13.jpg -> classified as: Plots / Charts
[xtOydkE1Ku] figure_15.jpg -> classified as: Plots / Charts
[xtOydkE1Ku] figure_2.jpg -> classified as: Architecture Diagram
[xtOydkE1Ku] figure_11.jpg -> classified as: Plots / Charts
[xtOydkE1Ku] figure_7.jpg -> classified as: Plots / Charts
[xtOydkE1Ku] figure_3.jpg -> classified as: Other
  -> Skipping second pass (Other)
[xtOydkE1Ku] figure_4.jpg -> classified as: Plots / Charts
[xtOydkE1Ku] figure_1.jpg -> classified as: Plots / Charts
[xtOydkE1Ku] figure_8.jpg -> classified as: Plots / Charts
[xtOydkE1Ku] figure_12.jpg -> classified as: Plots / Charts
[xtOydkE1Ku] figure_14.jpg -> classified as: Plots / Charts
[xtOydkE1Ku] figure_10.jpg -> classified as: Plots / Charts
[xuKVVYxU5D] figure_5.jpg -> classified as: Plots / Charts
[xuKVVYxU5D] figure_2.jpg -> classified as: Plots / Charts
[xuKVVYxU5D] figure_3.jpg -> classified as: Plots / Charts
[xuKVVYxU5D] figure_4.jpg -> classified as: Plots / Charts
[xuKVVYxU5D] figure_1.jpg -> classified as: Qualitative Examples
[xxYRKXlviA] figure_5.jpg -> classified as: Qualitative Examples
[xxYRKXlviA] figure_6.jpg -> classified as: Qualitative Examples
[xxYRKXlviA] figure_2.jpg -> classified as: Plots / Charts
[xxYRKXlviA] figure_3.jpg -> classified as: Plots / Charts
[xxYRKXlviA] figure_1.jpg -> classified as: Architecture Diagram
[xyfb9HHvMe] figure_5.jpg -> classified as: Qualitative Examples
[xyfb9HHvMe] figure_6.jpg -> classified as: Qualitative Examples
[xyfb9HHvMe] figure_9.jpg -> classified as: Qualitative Examples
[xyfb9HHvMe] figure_2.jpg -> classified as: Plots / Charts
[xyfb9HHvMe] figure_7.jpg -> classified as: Plots / Charts
[xyfb9HHvMe] figure_3.jpg -> classified as: Architecture Diagram
[xyfb9HHvMe] figure_4.jpg -> classified as: Plots / Charts
[xyfb9HHvMe] figure_1.jpg -> classified as: Qualitative Examples
[xyfb9HHvMe] figure_8.jpg -> classified as: Qualitative Examples
[xzRnzHUVE9] figure_5.jpg -> classified as: Plots / Charts
[xzRnzHUVE9] figure_6.jpg -> classified as: Plots / Charts
[xzRnzHUVE9] figure_9.jpg -> classified as: Plots / Charts
[xzRnzHUVE9] figure_2.jpg -> classified as: Architecture Diagram
[xzRnzHUVE9] figure_11.jpg -> classified as: Plots / Charts
[xzRnzHUVE9] figure_7.jpg -> classified as: Plots / Charts
[xzRnzHUVE9] figure_3.jpg -> classified as: Plots / Charts
[xzRnzHUVE9] figure_4.jpg -> classified as: Plots / Charts
[xzRnzHUVE9] figure_1.jpg -> classified as: Plots / Charts
[xzRnzHUVE9] figure_8.jpg -> classified as: Plots / Charts
[y2ch7iQSJu] figure_2.jpg -> classified as: Plots / Charts
[y2ch7iQSJu] figure_3.jpg -> classified as: Plots / Charts
[y2ch7iQSJu] figure_1.jpg -> classified as: Plots / Charts
[y9Xp9NozPR] figure_5.jpg -> classified as: Plots / Charts
[y9Xp9NozPR] figure_6.jpg -> classified as: Plots / Charts
[y9Xp9NozPR] figure_2.jpg -> classified as: Plots / Charts
[y9Xp9NozPR] figure_7.jpg -> classified as: Plots / Charts
[y9Xp9NozPR] figure_3.jpg -> classified as: Plots / Charts
[y9Xp9NozPR] figure_4.jpg -> classified as: Plots / Charts
[y9Xp9NozPR] figure_1.jpg -> classified as: Plots / Charts
[y9Xp9NozPR] figure_8.jpg -> classified as: Plots / Charts
[y9e1tcWlme] figure_A10.jpg -> classified as: Plots / Charts
[y9e1tcWlme] figure_A7.jpg -> classified as: Plots / Charts
[y9e1tcWlme] figure_5.jpg -> classified as: Plots / Charts
[y9e1tcWlme] figure_6.jpg -> classified as: Plots / Charts
[y9e1tcWlme] figure_A8.jpg -> classified as: Plots / Charts
[y9e1tcWlme] figure_A2.jpg -> classified as: Plots / Charts
[y9e1tcWlme] figure_2.jpg -> classified as: Plots / Charts
[y9e1tcWlme] figure_4.jpg -> classified as: Plots / Charts
[y9e1tcWlme] figure_2_1.jpg -> classified as: Architecture Diagram
[y9e1tcWlme] figure_A6.jpg -> classified as: Plots / Charts
[y9e1tcWlme] figure_1.jpg -> classified as: Architecture Diagram
[y9e1tcWlme] figure_A4.jpg -> classified as: Plots / Charts
[y9e1tcWlme] figure_A5.jpg -> classified as: Plots / Charts
[y9e1tcWlme] figure_A9.jpg -> classified as: Plots / Charts
[y9e1tcWlme] figure_A3.jpg -> classified as: Plots / Charts
[yBLBls6ryd] figure_2.jpg -> classified as: Plots / Charts
[yBLBls6ryd] figure_3.jpg -> classified as: Plots / Charts
[yBLBls6ryd] figure_4.jpg -> classified as: Plots / Charts
[yC2waD70Vj] figure_5.jpg -> classified as: Plots / Charts
[yC2waD70Vj] figure_6.jpg -> classified as: Plots / Charts
[yC2waD70Vj] figure_9.jpg -> classified as: Plots / Charts
[yC2waD70Vj] figure_(a)_Softplus_reparameterization.jpg -> classified as: Plots / Charts
[yC2waD70Vj] figure_2.jpg -> classified as: Plots / Charts
[yC2waD70Vj] figure_11.jpg -> classified as: Plots / Charts
[yC2waD70Vj] figure_7.jpg -> classified as: Plots / Charts
[yC2waD70Vj] figure_3.jpg -> classified as: Plots / Charts
[yC2waD70Vj] figure_(a)_Without_reparameterization.jpg -> classified as: Plots / Charts
[yC2waD70Vj] figure_4.jpg -> classified as: Plots / Charts
[yC2waD70Vj] figure_1.jpg -> classified as: Plots / Charts
[yC2waD70Vj] figure_8.jpg -> classified as: Plots / Charts
[yC2waD70Vj] figure_12.jpg -> classified as: Plots / Charts
[yC2waD70Vj] figure_(a)_Memory_function.jpg -> classified as: Plots / Charts
[yC2waD70Vj] figure_10.jpg -> classified as: Plots / Charts
[yEnJvc7ogD] figure_6.jpg -> classified as: Plots / Charts
[yEnJvc7ogD] figure_9.jpg -> classified as: Plots / Charts
[yEnJvc7ogD] figure_13.jpg -> classified as: Plots / Charts
[yEnJvc7ogD] figure_2.jpg -> classified as: Plots / Charts
[yEnJvc7ogD] figure_11.jpg -> classified as: Plots / Charts
[yEnJvc7ogD] figure_7.jpg -> classified as: Plots / Charts
[yEnJvc7ogD] figure_3.jpg -> classified as: Plots / Charts
[yEnJvc7ogD] figure_4.jpg -> classified as: Plots / Charts
[yEnJvc7ogD] figure_1.jpg -> classified as: Plots / Charts
[yEnJvc7ogD] figure_8.jpg -> classified as: Plots / Charts
[yEnJvc7ogD] figure_12.jpg -> classified as: Plots / Charts
[yEnJvc7ogD] figure_10.jpg -> classified as: Plots / Charts
[yEwakMNIex] figure_5.jpg -> classified as: Architecture Diagram
[yEwakMNIex] figure_6.jpg -> classified as: Plots / Charts
[yEwakMNIex] figure_2.jpg -> classified as: Architecture Diagram
[yEwakMNIex] figure_7.jpg -> classified as: Plots / Charts
[yEwakMNIex] figure_3.jpg -> classified as: Plots / Charts
[yEwakMNIex] figure_4.jpg -> classified as: Architecture Diagram
[yEwakMNIex] figure_1.jpg -> classified as: Architecture Diagram
[yEwakMNIex] figure_8.jpg -> classified as: Plots / Charts
[yINucFNbcZ] figure_5.jpg -> classified as: Plots / Charts
[yINucFNbcZ] figure_6.jpg -> classified as: Plots / Charts
[yINucFNbcZ] figure_9.jpg -> classified as: Plots / Charts
[yINucFNbcZ] figure_2.jpg -> classified as: Plots / Charts
[yINucFNbcZ] figure_11.jpg -> classified as: Plots / Charts
[yINucFNbcZ] figure_7.jpg -> classified as: Plots / Charts
[yINucFNbcZ] figure_3.jpg -> classified as: Plots / Charts
[yINucFNbcZ] figure_4.jpg -> classified as: Plots / Charts
[yINucFNbcZ] figure_1.jpg -> classified as: Other
  -> Skipping second pass (Other)
[yINucFNbcZ] figure_8.jpg -> classified as: Plots / Charts
[yINucFNbcZ] figure_10.jpg -> classified as: Plots / Charts
[yIbSXuLoO1] figure_1.jpg -> classified as: Plots / Charts
[yLYMFRZkdU] figure_5.jpg -> classified as: Plots / Charts
[yLYMFRZkdU] figure_6.jpg -> classified as: Plots / Charts
[yLYMFRZkdU] figure_9.jpg -> classified as: Plots / Charts
[yLYMFRZkdU] figure_2.jpg -> classified as: Architecture Diagram
[yLYMFRZkdU] figure_7.jpg -> classified as: Plots / Charts
[yLYMFRZkdU] figure_3.jpg -> classified as: Plots / Charts
[yLYMFRZkdU] figure_4.jpg -> classified as: Plots / Charts
[yLYMFRZkdU] figure_1.jpg -> classified as: Qualitative Examples
[yLYMFRZkdU] figure_8.jpg -> classified as: Plots / Charts
[yN4Wv17ss3] figure_2.jpg -> classified as: Plots / Charts
[yN4Wv17ss3] figure_3.jpg -> classified as: Plots / Charts
[yN4Wv17ss3] figure_4.jpg -> classified as: Plots / Charts
[yN4Wv17ss3] figure_1.jpg -> classified as: Plots / Charts
[yOrtDi6IXs] figure_5.jpg -> classified as: Plots / Charts
[yOrtDi6IXs] figure_6.jpg -> classified as: Plots / Charts
[yOrtDi6IXs] figure_2.jpg -> classified as: Plots / Charts
[yOrtDi6IXs] figure_7.jpg -> classified as: Plots / Charts
[yOrtDi6IXs] figure_(a)_Action_selection.jpg -> classified as: Plots / Charts
[yOrtDi6IXs] figure_3.jpg -> classified as: Plots / Charts
[yOrtDi6IXs] figure_Average_Action_Selection.jpg -> classified as: Plots / Charts
[yOrtDi6IXs] figure_1.jpg -> classified as: Plots / Charts
[yOrtDi6IXs] figure_8.jpg -> classified as: Plots / Charts
[yRrPfKyJQ2] figure_19.jpg -> classified as: Plots / Charts
[yRrPfKyJQ2] figure_23.jpg -> classified as: Qualitative Examples
[yRrPfKyJQ2] figure_5.jpg -> classified as: Plots / Charts
[yRrPfKyJQ2] figure_6.jpg -> classified as: Qualitative Examples
[yRrPfKyJQ2] figure_9.jpg -> classified as: Plots / Charts
[yRrPfKyJQ2] figure_22.jpg -> classified as: Qualitative Examples
[yRrPfKyJQ2] figure_18.jpg -> classified as: Plots / Charts
[yRrPfKyJQ2] figure_13.jpg -> classified as: Plots / Charts
[yRrPfKyJQ2] figure_15.jpg -> classified as: Plots / Charts
[yRrPfKyJQ2] figure_2.jpg -> classified as: Plots / Charts
[yRrPfKyJQ2] figure_20.jpg -> classified as: Qualitative Examples
[yRrPfKyJQ2] figure_11.jpg -> classified as: Plots / Charts
[yRrPfKyJQ2] figure_7.jpg -> classified as: Qualitative Examples
[yRrPfKyJQ2] figure_(d)_Motifs_of.jpg -> classified as: Plots / Charts
[yRrPfKyJQ2] figure_3.jpg -> classified as: Qualitative Examples
[yRrPfKyJQ2] figure_4.jpg -> classified as: Qualitative Examples
[yRrPfKyJQ2] figure_17.jpg -> classified as: Plots / Charts
[yRrPfKyJQ2] figure_1.jpg -> classified as: Architecture Diagram
[yRrPfKyJQ2] figure_8.jpg -> classified as: Qualitative Examples
[yRrPfKyJQ2] figure_12.jpg -> classified as: Plots / Charts
[yRrPfKyJQ2] figure_21.jpg -> classified as: Qualitative Examples
[yRrPfKyJQ2] figure_14.jpg -> classified as: Plots / Charts
[yRrPfKyJQ2] figure_16.jpg -> classified as: Plots / Charts
[yRrPfKyJQ2] figure_10.jpg -> classified as: Plots / Charts
[ySJSGZxN7M] figure_5.jpg -> classified as: Plots / Charts
[ySJSGZxN7M] figure_6.jpg -> classified as: Plots / Charts
[ySJSGZxN7M] figure_9.jpg -> classified as: Plots / Charts
[ySJSGZxN7M] figure_18.jpg -> classified as: Architecture Diagram
[ySJSGZxN7M] figure_13.jpg -> classified as: Plots / Charts
[ySJSGZxN7M] figure_15.jpg -> classified as: Plots / Charts
[ySJSGZxN7M] figure_2.jpg -> classified as: Qualitative Examples
[ySJSGZxN7M] figure_11.jpg -> classified as: Plots / Charts
[ySJSGZxN7M] figure_7.jpg -> classified as: Plots / Charts
[ySJSGZxN7M] figure_3.jpg -> classified as: Qualitative Examples
[ySJSGZxN7M] figure_4.jpg -> classified as: Plots / Charts
[ySJSGZxN7M] figure_17.jpg -> classified as: Plots / Charts
[ySJSGZxN7M] figure_1.jpg -> classified as: Qualitative Examples
[ySJSGZxN7M] figure_8.jpg -> classified as: Plots / Charts
[ySJSGZxN7M] figure_12.jpg -> classified as: Plots / Charts
[ySJSGZxN7M] figure_14.jpg -> classified as: Plots / Charts
[ySJSGZxN7M] figure_16.jpg -> classified as: Plots / Charts
[ySJSGZxN7M] figure_10.jpg -> classified as: Plots / Charts
[yWoV4Ca6ji] figure_2.jpg -> classified as: Plots / Charts
[yWoV4Ca6ji] figure_3.jpg -> classified as: Plots / Charts
[yWoV4Ca6ji] figure_4.jpg -> classified as: Plots / Charts
[yWoV4Ca6ji] figure_1.jpg -> classified as: Architecture Diagram
[ydlDRUuGm9] figure_5.jpg -> classified as: Plots / Charts
[ydlDRUuGm9] figure_6.jpg -> classified as: Plots / Charts
[ydlDRUuGm9] figure_2.jpg -> classified as: Plots / Charts
[ydlDRUuGm9] figure_7.jpg -> classified as: Plots / Charts
[ydlDRUuGm9] figure_3.jpg -> classified as: Plots / Charts
[ydlDRUuGm9] figure_4.jpg -> classified as: Plots / Charts
[ydlDRUuGm9] figure_1.jpg -> classified as: Plots / Charts
[yfZJdCijo6] figure_2.jpg -> classified as: Plots / Charts
[yfZJdCijo6] figure_1.jpg -> classified as: Plots / Charts
[yfdtkYQesu] figure_1.jpg -> classified as: Plots / Charts
[yiMB2DOjsR] figure_5.jpg -> classified as: Plots / Charts
[yiMB2DOjsR] figure_6.jpg -> classified as: Plots / Charts
[yiMB2DOjsR] figure_2.jpg -> classified as: Plots / Charts
[yiMB2DOjsR] figure_7.jpg -> classified as: Plots / Charts
[yiMB2DOjsR] figure_3.jpg -> classified as: Plots / Charts
[yiMB2DOjsR] figure_4.jpg -> classified as: Plots / Charts
[yiMB2DOjsR] figure_1.jpg -> classified as: Plots / Charts
[yiMB2DOjsR] figure_8.jpg -> classified as: Plots / Charts
[ykEixGIJYb] figure_2.jpg -> classified as: Plots / Charts
[ykEixGIJYb] figure_1.jpg -> classified as: Plots / Charts
[ykW3hvy6DL] figure_2.jpg -> classified as: Plots / Charts
[ykW3hvy6DL] figure_3.jpg -> classified as: Plots / Charts
[ykW3hvy6DL] figure_4.jpg -> classified as: Plots / Charts
[ykW3hvy6DL] figure_1.jpg -> classified as: Plots / Charts
[ylhiMfpqkm] figure_19.jpg -> classified as: Plots / Charts
[ylhiMfpqkm] figure_5.jpg -> classified as: Other
  -> Skipping second pass (Other)
[ylhiMfpqkm] figure_6.jpg -> classified as: Plots / Charts
[ylhiMfpqkm] figure_9.jpg -> classified as: Plots / Charts
[ylhiMfpqkm] figure_18.jpg -> classified as: Plots / Charts
[ylhiMfpqkm] figure_13.jpg -> classified as: Plots / Charts
[ylhiMfpqkm] figure_15.jpg -> classified as: Qualitative Examples
[ylhiMfpqkm] figure_2.jpg -> classified as: Architecture Diagram
[ylhiMfpqkm] figure_20.jpg -> classified as: Plots / Charts
[ylhiMfpqkm] figure_11.jpg -> classified as: Plots / Charts
[ylhiMfpqkm] figure_7.jpg -> classified as: Plots / Charts
[ylhiMfpqkm] figure_3.jpg -> classified as: Plots / Charts
[ylhiMfpqkm] figure_4.jpg -> classified as: Plots / Charts
[ylhiMfpqkm] figure_17.jpg -> classified as: Plots / Charts
[ylhiMfpqkm] figure_1.jpg -> classified as: Architecture Diagram
[ylhiMfpqkm] figure_8.jpg -> classified as: Plots / Charts
[ylhiMfpqkm] figure_21.jpg -> classified as: Plots / Charts
[ylhiMfpqkm] figure_14.jpg -> classified as: Plots / Charts
[ylhiMfpqkm] figure_16.jpg -> classified as: Plots / Charts
[ylhiMfpqkm] figure_10.jpg -> classified as: Plots / Charts
[yoVq2BGQdP] figure_5.jpg -> classified as: Plots / Charts
[yoVq2BGQdP] figure_6.jpg -> classified as: Plots / Charts
[yoVq2BGQdP] figure_2.jpg -> classified as: Plots / Charts
[yoVq2BGQdP] figure_3.jpg -> classified as: Plots / Charts
[yoVq2BGQdP] figure_4.jpg -> classified as: Plots / Charts
[yoVq2BGQdP] figure_1.jpg -> classified as: Plots / Charts
[yroyhkhWS6] figure_5.jpg -> classified as: Plots / Charts
[yroyhkhWS6] figure_6.jpg -> classified as: Plots / Charts
[yroyhkhWS6] figure_9.jpg -> classified as: Plots / Charts
[yroyhkhWS6] figure_2.jpg -> classified as: Plots / Charts
[yroyhkhWS6] figure_7.jpg -> classified as: Plots / Charts
[yroyhkhWS6] figure_3.jpg -> classified as: Plots / Charts
[yroyhkhWS6] figure_4.jpg -> classified as: Plots / Charts
[yroyhkhWS6] figure_1.jpg -> classified as: Plots / Charts
[yroyhkhWS6] figure_8.jpg -> classified as: Plots / Charts
[ywFOSIT9ik] figure_5.jpg -> classified as: Plots / Charts
[ywFOSIT9ik] figure_6.jpg -> classified as: Plots / Charts
[ywFOSIT9ik] figure_2.jpg -> classified as: Plots / Charts
[ywFOSIT9ik] figure_7.jpg -> classified as: Plots / Charts
[ywFOSIT9ik] figure_3.jpg -> classified as: Plots / Charts
[ywFOSIT9ik] figure_4.jpg -> classified as: Plots / Charts
[ywFOSIT9ik] figure_1.jpg -> classified as: Plots / Charts
[ywFOSIT9ik] figure_8.jpg -> classified as: Plots / Charts
[z1nSpA2dAW] figure_5.jpg -> classified as: Plots / Charts
[z1nSpA2dAW] figure_6.jpg -> classified as: Plots / Charts
[z1nSpA2dAW] figure_2.jpg -> classified as: Architecture Diagram
[z1nSpA2dAW] figure_3.jpg -> classified as: Architecture Diagram
[z1nSpA2dAW] figure_4.jpg -> classified as: Plots / Charts
[z1nSpA2dAW] figure_1.jpg -> classified as: Architecture Diagram
[z1ohBxWeL2] figure_A.jpg -> classified as: Plots / Charts
[z1ohBxWeL2] figure_2.jpg -> classified as: Plots / Charts
[z1ohBxWeL2] figure_B.jpg -> classified as: Plots / Charts
[z1ohBxWeL2] figure_3.jpg -> classified as: Plots / Charts
[z1ohBxWeL2] figure_D.jpg -> classified as: Plots / Charts
[z1ohBxWeL2] figure_4.jpg -> classified as: Plots / Charts
[z1ohBxWeL2] figure_1.jpg -> classified as: Architecture Diagram
[z2z9suDRjw] figure_5.jpg -> classified as: Plots / Charts
[z2z9suDRjw] figure_6.jpg -> classified as: Plots / Charts
[z2z9suDRjw] figure_2.jpg -> classified as: Plots / Charts
[z2z9suDRjw] figure_7.jpg -> classified as: Architecture Diagram
[z2z9suDRjw] figure_3.jpg -> classified as: Plots / Charts
[z2z9suDRjw] figure_4.jpg -> classified as: Plots / Charts
[z2z9suDRjw] figure_1.jpg -> classified as: Architecture Diagram
[z3L59iGALM] figure_5.jpg -> classified as: Plots / Charts
[z3L59iGALM] figure_6.jpg -> classified as: Plots / Charts
[z3L59iGALM] figure_9.jpg -> classified as: Plots / Charts
[z3L59iGALM] figure_2.jpg -> classified as: Architecture Diagram
[z3L59iGALM] figure_11.jpg -> classified as: Plots / Charts
[z3L59iGALM] figure_7.jpg -> classified as: Plots / Charts
[z3L59iGALM] figure_3.jpg -> classified as: Plots / Charts
[z3L59iGALM] figure_4.jpg -> classified as: Qualitative Examples
[z3L59iGALM] figure_4_1.jpg -> classified as: Qualitative Examples
[z3L59iGALM] figure_1.jpg -> classified as: Plots / Charts
[z3L59iGALM] figure_8.jpg -> classified as: Plots / Charts
[z3L59iGALM] figure_(a)_Spokane_A.jpg -> classified as: Qualitative Examples
[z3L59iGALM] figure_10.jpg -> classified as: Plots / Charts
[z5UZZjXFc9] figure_2.jpg -> classified as: Plots / Charts
[z5UZZjXFc9] figure_3.jpg -> classified as: Plots / Charts
[z5UZZjXFc9] figure_1.jpg -> classified as: Plots / Charts
[z5uVAKwmjf] figure_5.jpg -> classified as: Plots / Charts
[z5uVAKwmjf] figure_6.jpg -> classified as: Qualitative Examples
[z5uVAKwmjf] figure_2.jpg -> classified as: Architecture Diagram
[z5uVAKwmjf] figure_3.jpg -> classified as: Architecture Diagram
[z5uVAKwmjf] figure_The_optimal_workflow.jpg -> classified as: Other
  -> Skipping second pass (Other)
[z5uVAKwmjf] figure_4.jpg -> classified as: Plots / Charts
[z5uVAKwmjf] figure_1.jpg -> classified as: Plots / Charts
[z6n1fKMMC1] figure_2.jpg -> classified as: Plots / Charts
[z6n1fKMMC1] figure_3.jpg -> classified as: Architecture Diagram
[z6n1fKMMC1] figure_4.jpg -> classified as: Plots / Charts
[z6n1fKMMC1] figure_1.jpg -> classified as: Architecture Diagram
[z7JBs8UOLI] figure_1.jpg -> classified as: Plots / Charts
